timestamp,jepa_score
2026-08-19 04:00:00,0.0
2026-08-19 04:01:00,0.0
2026-08-19 04:02:00,0.0
2026-08-19 04:03:00,0.0
2026-08-19 04:04:00,0.0
2026-08-19 04:05:00,0.0
2026-08-19 04:06:00,0.0
2026-08-19 04:07:00,0.0
2026-08-19 04:08:00,0.0
2026-08-19 04:09:00,0.0
2026-08-19 04:10:00,0.0
2026-08-19 04:11:00,0.0
2026-08-19 04:12:00,0.0
2026-08-19 04:13:00,0.0
2026-08-19 04:14:00,0.0
2026-08-19 04:15:00,0.0
2026-08-19 04:16:00,0.0
2026-08-19 04:17:00,0.0
2026-08-19 04:18:00,0.0
2026-08-19 04:19:00,0.0
2026-08-19 04:20:00,0.0
2026-08-19 04:21:00,0.0
2026-08-19 04:22:00,0.0
2026-08-19 04:23:00,0.0
2026-08-19 04:24:00,0.0
2026-08-19 04:25:00,0.0
2026-08-19 04:26:00,0.0
2026-08-19 04:27:00,0.0
2026-08-19 04:28:00,0.0
2026-08-19 04:29:00,0.0
2026-08-19 04:30:00,0.0
2026-08-19 04:31:00,0.0
2026-08-19 04:32:00,0.0
2026-08-19 04:33:00,0.0
2026-08-19 04:34:00,0.0
2026-08-19 04:35:00,0.0
2026-08-19 04:36:00,0.0
2026-08-19 04:37:00,0.0
2026-08-19 04:38:00,0.0
2026-08-19 04:39:00,0.0
2026-08-19 04:40:00,0.0
2026-08-19 04:41:00,0.0
2026-08-19 04:42:00,0.0
2026-08-19 04:43:00,0.0
2026-08-19 04:44:00,0.0
2026-08-19 04:45:00,0.0
2026-08-19 04:46:00,0.0
2026-08-19 04:47:00,0.0
2026-08-19 04:48:00,0.0
2026-08-19 04:49:00,0.0
2026-08-19 04:50:00,0.0
2026-08-19 04:51:00,0.0
2026-08-19 04:52:00,0.0
2026-08-19 04:53:00,0.0
2026-08-19 04:54:00,0.0
2026-08-19 04:55:00,0.0
2026-08-19 04:56:00,0.0
2026-08-19 04:57:00,0.0
2026-08-19 04:58:00,0.0
2026-08-19 04:59:00,0.0
2026-08-19 05:00:00,0.055987484753131866
2026-08-19 05:01:00,0.055987484753131866
2026-08-19 05:02:00,0.055987484753131866
2026-08-19 05:03:00,0.055987484753131866
2026-08-19 05:04:00,0.055987484753131866
2026-08-19 05:05:00,0.05612943880259991
2026-08-19 05:06:00,0.05612943880259991
2026-08-19 05:07:00,0.05612943880259991
2026-08-19 05:08:00,0.05612943880259991
2026-08-19 05:09:00,0.05612943880259991
2026-08-19 05:10:00,0.05563327297568321
2026-08-19 05:11:00,0.05563327297568321
2026-08-19 05:12:00,0.05563327297568321
2026-08-19 05:13:00,0.05563327297568321
2026-08-19 05:14:00,0.05563327297568321
2026-08-19 05:15:00,0.05486989486962557
2026-08-19 05:16:00,0.05486989486962557
2026-08-19 05:17:00,0.05486989486962557
2026-08-19 05:18:00,0.05486989486962557
2026-08-19 05:19:00,0.05486989486962557
2026-08-19 05:20:00,0.05666519422084093
2026-08-19 05:21:00,0.05666519422084093
2026-08-19 05:22:00,0.05666519422084093
2026-08-19 05:23:00,0.05666519422084093
2026-08-19 05:24:00,0.05666519422084093
2026-08-19 05:25:00,0.0579547006636858
2026-08-19 05:26:00,0.0579547006636858
2026-08-19 05:27:00,0.0579547006636858
2026-08-19 05:28:00,0.0579547006636858
2026-08-19 05:29:00,0.0579547006636858
2026-08-19 05:30:00,0.059205107390880585
2026-08-19 05:31:00,0.059205107390880585
2026-08-19 05:32:00,0.059205107390880585
2026-08-19 05:33:00,0.059205107390880585
2026-08-19 05:34:00,0.059205107390880585
2026-08-19 05:35:00,0.05925847962498665
2026-08-19 05:36:00,0.05925847962498665
2026-08-19 05:37:00,0.05925847962498665
2026-08-19 05:38:00,0.05925847962498665
2026-08-19 05:39:00,0.05925847962498665
2026-08-19 05:40:00,0.05668388959020376
2026-08-19 05:41:00,0.05668388959020376
2026-08-19 05:42:00,0.05668388959020376
2026-08-19 05:43:00,0.05668388959020376
2026-08-19 05:44:00,0.05668388959020376
2026-08-19 05:45:00,0.05350629799067974
2026-08-19 05:46:00,0.05350629799067974
2026-08-19 05:47:00,0.05350629799067974
2026-08-19 05:48:00,0.05350629799067974
2026-08-19 05:49:00,0.05350629799067974
2026-08-19 05:50:00,0.050844982266426086
2026-08-19 05:51:00,0.050844982266426086
2026-08-19 05:52:00,0.050844982266426086
2026-08-19 05:53:00,0.050844982266426086
2026-08-19 05:54:00,0.050844982266426086
2026-08-19 05:55:00,0.050508695654571056
2026-08-19 05:56:00,0.050508695654571056
2026-08-19 05:57:00,0.050508695654571056
2026-08-19 05:58:00,0.050508695654571056
2026-08-19 05:59:00,0.050508695654571056
2026-08-19 06:00:00,0.04934128373861313
2026-08-19 06:01:00,0.04934128373861313
2026-08-19 06:02:00,0.04934128373861313
2026-08-19 06:03:00,0.04934128373861313
2026-08-19 06:04:00,0.04934128373861313
2026-08-19 06:05:00,0.050071985460817814
2026-08-19 06:06:00,0.050071985460817814
2026-08-19 06:07:00,0.050071985460817814
2026-08-19 06:08:00,0.050071985460817814
2026-08-19 06:09:00,0.050071985460817814
2026-08-19 06:10:00,0.05231381207704544
2026-08-19 06:11:00,0.05231381207704544
2026-08-19 06:12:00,0.05231381207704544
2026-08-19 06:13:00,0.05231381207704544
2026-08-19 06:14:00,0.05231381207704544
2026-08-19 06:15:00,0.05448071751743555
2026-08-19 06:16:00,0.05448071751743555
2026-08-19 06:17:00,0.05448071751743555
2026-08-19 06:18:00,0.05448071751743555
2026-08-19 06:19:00,0.05448071751743555
2026-08-19 06:20:00,0.3678671708330512
2026-08-19 06:21:00,0.3678671708330512
2026-08-19 06:22:00,0.3678671708330512
2026-08-19 06:23:00,0.3678671708330512
2026-08-19 06:24:00,0.3678671708330512
2026-08-19 06:25:00,0.6723292367532849
2026-08-19 06:26:00,0.6723292367532849
2026-08-19 06:27:00,0.6723292367532849
2026-08-19 06:28:00,0.6723292367532849
2026-08-19 06:29:00,0.6723292367532849
2026-08-19 06:30:00,0.9756383374333382
2026-08-19 06:31:00,0.9756383374333382
2026-08-19 06:32:00,0.9756383374333382
2026-08-19 06:33:00,0.9756383374333382
2026-08-19 06:34:00,0.9756383374333382
2026-08-19 06:35:00,1.2784500420093536
2026-08-19 06:36:00,1.2784500420093536
2026-08-19 06:37:00,1.2784500420093536
2026-08-19 06:38:00,1.2784500420093536
2026-08-19 06:39:00,1.2784500420093536
2026-08-19 06:40:00,1.1534784138202667
2026-08-19 06:41:00,1.1534784138202667
2026-08-19 06:42:00,1.1534784138202667
2026-08-19 06:43:00,1.1534784138202667
2026-08-19 06:44:00,1.1534784138202667
2026-08-19 06:45:00,1.0115952491760254
2026-08-19 06:46:00,1.0115952491760254
2026-08-19 06:47:00,1.0115952491760254
2026-08-19 06:48:00,1.0115952491760254
2026-08-19 06:49:00,1.0115952491760254
2026-08-19 06:50:00,0.8662571758031845
2026-08-19 06:51:00,0.8662571758031845
2026-08-19 06:52:00,0.8662571758031845
2026-08-19 06:53:00,0.8662571758031845
2026-08-19 06:54:00,0.8662571758031845
2026-08-19 06:55:00,0.7204156965017319
2026-08-19 06:56:00,0.7204156965017319
2026-08-19 06:57:00,0.7204156965017319
2026-08-19 06:58:00,0.7204156965017319
2026-08-19 06:59:00,0.7204156965017319
2026-08-19 07:00:00,0.6014844477176666
2026-08-19 07:01:00,0.6014844477176666
2026-08-19 07:02:00,0.6014844477176666
2026-08-19 07:03:00,0.6014844477176666
2026-08-19 07:04:00,0.6014844477176666
2026-08-19 07:05:00,0.5076016485691071
2026-08-19 07:06:00,0.5076016485691071
2026-08-19 07:07:00,0.5076016485691071
2026-08-19 07:08:00,0.5076016485691071
2026-08-19 07:09:00,0.5076016485691071
2026-08-19 07:10:00,0.41586436331272125
2026-08-19 07:11:00,0.41586436331272125
2026-08-19 07:12:00,0.41586436331272125
2026-08-19 07:13:00,0.41586436331272125
2026-08-19 07:14:00,0.41586436331272125
2026-08-19 07:15:00,0.32368848472833633
2026-08-19 07:16:00,0.32368848472833633
2026-08-19 07:17:00,0.32368848472833633
2026-08-19 07:18:00,0.32368848472833633
2026-08-19 07:19:00,0.32368848472833633
2026-08-19 07:20:00,0.3222002685070038
2026-08-19 07:21:00,0.3222002685070038
2026-08-19 07:22:00,0.3222002685070038
2026-08-19 07:23:00,0.3222002685070038
2026-08-19 07:24:00,0.3222002685070038
2026-08-19 07:25:00,0.32039909809827805
2026-08-19 07:26:00,0.32039909809827805
2026-08-19 07:27:00,0.32039909809827805
2026-08-19 07:28:00,0.32039909809827805
2026-08-19 07:29:00,0.32039909809827805
2026-08-19 07:30:00,0.3203258141875267
2026-08-19 07:31:00,0.3203258141875267
2026-08-19 07:32:00,0.3203258141875267
2026-08-19 07:33:00,0.3203258141875267
2026-08-19 07:34:00,0.3203258141875267
2026-08-19 07:35:00,0.32143595069646835
2026-08-19 07:36:00,0.32143595069646835
2026-08-19 07:37:00,0.32143595069646835
2026-08-19 07:38:00,0.32143595069646835
2026-08-19 07:39:00,0.32143595069646835
2026-08-19 07:40:00,0.27185070514678955
2026-08-19 07:41:00,0.27185070514678955
2026-08-19 07:42:00,0.27185070514678955
2026-08-19 07:43:00,0.27185070514678955
2026-08-19 07:44:00,0.27185070514678955
2026-08-19 07:45:00,0.21433379128575325
2026-08-19 07:46:00,0.21433379128575325
2026-08-19 07:47:00,0.21433379128575325
2026-08-19 07:48:00,0.21433379128575325
2026-08-19 07:49:00,0.21433379128575325
2026-08-19 07:50:00,0.1573220156133175
2026-08-19 07:51:00,0.1573220156133175
2026-08-19 07:52:00,0.1573220156133175
2026-08-19 07:53:00,0.1573220156133175
2026-08-19 07:54:00,0.1573220156133175
2026-08-19 07:55:00,0.10042102634906769
2026-08-19 07:56:00,0.10042102634906769
2026-08-19 07:57:00,0.10042102634906769
2026-08-19 07:58:00,0.10042102634906769
2026-08-19 07:59:00,0.10042102634906769
2026-08-19 08:00:00,0.08500679396092892
2026-08-19 08:01:00,0.08500679396092892
2026-08-19 08:02:00,0.08500679396092892
2026-08-19 08:03:00,0.08500679396092892
2026-08-19 08:04:00,0.08500679396092892
2026-08-19 08:05:00,0.07998167909681797
2026-08-19 08:06:00,0.07998167909681797
2026-08-19 08:07:00,0.07998167909681797
2026-08-19 08:08:00,0.07998167909681797
2026-08-19 08:09:00,0.07998167909681797
2026-08-19 08:10:00,0.07175647560507059
2026-08-19 08:11:00,0.07175647560507059
2026-08-19 08:12:00,0.07175647560507059
2026-08-19 08:13:00,0.07175647560507059
2026-08-19 08:14:00,0.07175647560507059
2026-08-19 08:15:00,0.06316616758704185
2026-08-19 08:16:00,0.06316616758704185
2026-08-19 08:17:00,0.06316616758704185
2026-08-19 08:18:00,0.06316616758704185
2026-08-19 08:19:00,0.06316616758704185
2026-08-19 08:20:00,0.06350439973175526
2026-08-19 08:21:00,0.06350439973175526
2026-08-19 08:22:00,0.06350439973175526
2026-08-19 08:23:00,0.06350439973175526
2026-08-19 08:24:00,0.06350439973175526
2026-08-19 08:25:00,0.061384329572319984
2026-08-19 08:26:00,0.061384329572319984
2026-08-19 08:27:00,0.061384329572319984
2026-08-19 08:28:00,0.061384329572319984
2026-08-19 08:29:00,0.061384329572319984
2026-08-19 08:30:00,0.05863954499363899
2026-08-19 08:31:00,0.05863954499363899
2026-08-19 08:32:00,0.05863954499363899
2026-08-19 08:33:00,0.05863954499363899
2026-08-19 08:34:00,0.05863954499363899
2026-08-19 08:35:00,0.05586232338100672
2026-08-19 08:36:00,0.05586232338100672
2026-08-19 08:37:00,0.05586232338100672
2026-08-19 08:38:00,0.05586232338100672
2026-08-19 08:39:00,0.05586232338100672
2026-08-19 08:40:00,0.050853244960308075
2026-08-19 08:41:00,0.050853244960308075
2026-08-19 08:42:00,0.050853244960308075
2026-08-19 08:43:00,0.050853244960308075
2026-08-19 08:44:00,0.050853244960308075
2026-08-19 08:45:00,0.04831717908382416
2026-08-19 08:46:00,0.04831717908382416
2026-08-19 08:47:00,0.04831717908382416
2026-08-19 08:48:00,0.04831717908382416
2026-08-19 08:49:00,0.04831717908382416
2026-08-19 08:50:00,0.05320631247013807
2026-08-19 08:51:00,0.05320631247013807
2026-08-19 08:52:00,0.05320631247013807
2026-08-19 08:53:00,0.05320631247013807
2026-08-19 08:54:00,0.05320631247013807
2026-08-19 08:55:00,0.05755750183016062
2026-08-19 08:56:00,0.05755750183016062
2026-08-19 08:57:00,0.05755750183016062
2026-08-19 08:58:00,0.05755750183016062
2026-08-19 08:59:00,0.05755750183016062
2026-08-19 09:00:00,0.0643472969532013
2026-08-19 09:01:00,0.0643472969532013
2026-08-19 09:02:00,0.0643472969532013
2026-08-19 09:03:00,0.0643472969532013
2026-08-19 09:04:00,0.0643472969532013
2026-08-19 09:05:00,0.06864973530173302
2026-08-19 09:06:00,0.06864973530173302
2026-08-19 09:07:00,0.06864973530173302
2026-08-19 09:08:00,0.06864973530173302
2026-08-19 09:09:00,0.06864973530173302
2026-08-19 09:10:00,0.0658730985596776
2026-08-19 09:11:00,0.0658730985596776
2026-08-19 09:12:00,0.0658730985596776
2026-08-19 09:13:00,0.0658730985596776
2026-08-19 09:14:00,0.0658730985596776
2026-08-19 09:15:00,0.0662534898146987
2026-08-19 09:16:00,0.0662534898146987
2026-08-19 09:17:00,0.0662534898146987
2026-08-19 09:18:00,0.0662534898146987
2026-08-19 09:19:00,0.0662534898146987
2026-08-19 09:20:00,0.06664105784147978
2026-08-19 09:21:00,0.06664105784147978
2026-08-19 09:22:00,0.06664105784147978
2026-08-19 09:23:00,0.06664105784147978
2026-08-19 09:24:00,0.06664105784147978
2026-08-19 09:25:00,0.06521284393966198
2026-08-19 09:26:00,0.06521284393966198
2026-08-19 09:27:00,0.06521284393966198
2026-08-19 09:28:00,0.06521284393966198
2026-08-19 09:29:00,0.06521284393966198
2026-08-19 09:30:00,0.06540750525891781
2026-08-19 09:31:00,0.06540750525891781
2026-08-19 09:32:00,0.06540750525891781
2026-08-19 09:33:00,0.06540750525891781
2026-08-19 09:34:00,0.06540750525891781
2026-08-19 09:35:00,0.06458187475800514
2026-08-19 09:36:00,0.06458187475800514
2026-08-19 09:37:00,0.06458187475800514
2026-08-19 09:38:00,0.06458187475800514
2026-08-19 09:39:00,0.06458187475800514
2026-08-19 09:40:00,0.06798410974442959
2026-08-19 09:41:00,0.06798410974442959
2026-08-19 09:42:00,0.06798410974442959
2026-08-19 09:43:00,0.06798410974442959
2026-08-19 09:44:00,0.06798410974442959
2026-08-19 09:45:00,0.07310017663985491
2026-08-19 09:46:00,0.07310017663985491
2026-08-19 09:47:00,0.07310017663985491
2026-08-19 09:48:00,0.07310017663985491
2026-08-19 09:49:00,0.07310017663985491
2026-08-19 09:50:00,0.07822877168655396
2026-08-19 09:51:00,0.07822877168655396
2026-08-19 09:52:00,0.07822877168655396
2026-08-19 09:53:00,0.07822877168655396
2026-08-19 09:54:00,0.07822877168655396
2026-08-19 09:55:00,0.08242247439920902
2026-08-19 09:56:00,0.08242247439920902
2026-08-19 09:57:00,0.08242247439920902
2026-08-19 09:58:00,0.08242247439920902
2026-08-19 09:59:00,0.08242247439920902
2026-08-19 10:00:00,0.07944128103554249
2026-08-19 10:01:00,0.07944128103554249
2026-08-19 10:02:00,0.07944128103554249
2026-08-19 10:03:00,0.07944128103554249
2026-08-19 10:04:00,0.07944128103554249
2026-08-19 10:05:00,0.0752002652734518
2026-08-19 10:06:00,0.0752002652734518
2026-08-19 10:07:00,0.0752002652734518
2026-08-19 10:08:00,0.0752002652734518
2026-08-19 10:09:00,0.0752002652734518
2026-08-19 10:10:00,0.06983839999884367
2026-08-19 10:11:00,0.06983839999884367
2026-08-19 10:12:00,0.06983839999884367
2026-08-19 10:13:00,0.06983839999884367
2026-08-19 10:14:00,0.06983839999884367
2026-08-19 10:15:00,0.06102890707552433
2026-08-19 10:16:00,0.06102890707552433
2026-08-19 10:17:00,0.06102890707552433
2026-08-19 10:18:00,0.06102890707552433
2026-08-19 10:19:00,0.06102890707552433
2026-08-19 10:20:00,0.05505469162017107
2026-08-19 10:21:00,0.05505469162017107
2026-08-19 10:22:00,0.05505469162017107
2026-08-19 10:23:00,0.05505469162017107
2026-08-19 10:24:00,0.05505469162017107
2026-08-19 10:25:00,0.049807680770754814
2026-08-19 10:26:00,0.049807680770754814
2026-08-19 10:27:00,0.049807680770754814
2026-08-19 10:28:00,0.049807680770754814
2026-08-19 10:29:00,0.049807680770754814
2026-08-19 10:30:00,0.04968674760311842
2026-08-19 10:31:00,0.04968674760311842
2026-08-19 10:32:00,0.04968674760311842
2026-08-19 10:33:00,0.04968674760311842
2026-08-19 10:34:00,0.04968674760311842
2026-08-19 10:35:00,0.052830955013632774
2026-08-19 10:36:00,0.052830955013632774
2026-08-19 10:37:00,0.052830955013632774
2026-08-19 10:38:00,0.052830955013632774
2026-08-19 10:39:00,0.052830955013632774
2026-08-19 10:40:00,0.055471109226346016
2026-08-19 10:41:00,0.055471109226346016
2026-08-19 10:42:00,0.055471109226346016
2026-08-19 10:43:00,0.055471109226346016
2026-08-19 10:44:00,0.055471109226346016
2026-08-19 10:45:00,0.059189542196691036
2026-08-19 10:46:00,0.059189542196691036
2026-08-19 10:47:00,0.059189542196691036
2026-08-19 10:48:00,0.059189542196691036
2026-08-19 10:49:00,0.059189542196691036
2026-08-19 10:50:00,0.05727637466043234
2026-08-19 10:51:00,0.05727637466043234
2026-08-19 10:52:00,0.05727637466043234
2026-08-19 10:53:00,0.05727637466043234
2026-08-19 10:54:00,0.05727637466043234
2026-08-19 10:55:00,0.05347307026386261
2026-08-19 10:56:00,0.05347307026386261
2026-08-19 10:57:00,0.05347307026386261
2026-08-19 10:58:00,0.05347307026386261
2026-08-19 10:59:00,0.05347307026386261
2026-08-19 11:00:00,0.050486231222748756
2026-08-19 11:01:00,0.050486231222748756
2026-08-19 11:02:00,0.050486231222748756
2026-08-19 11:03:00,0.050486231222748756
2026-08-19 11:04:00,0.050486231222748756
2026-08-19 11:05:00,0.047996941953897476
2026-08-19 11:06:00,0.047996941953897476
2026-08-19 11:07:00,0.047996941953897476
2026-08-19 11:08:00,0.047996941953897476
2026-08-19 11:09:00,0.047996941953897476
2026-08-19 11:10:00,0.047070035710930824
2026-08-19 11:11:00,0.047070035710930824
2026-08-19 11:12:00,0.047070035710930824
2026-08-19 11:13:00,0.047070035710930824
2026-08-19 11:14:00,0.047070035710930824
2026-08-19 11:15:00,0.048904129303991795
2026-08-19 11:16:00,0.048904129303991795
2026-08-19 11:17:00,0.048904129303991795
2026-08-19 11:18:00,0.048904129303991795
2026-08-19 11:19:00,0.048904129303991795
2026-08-19 11:20:00,0.051697004586458206
2026-08-19 11:21:00,0.051697004586458206
2026-08-19 11:22:00,0.051697004586458206
2026-08-19 11:23:00,0.051697004586458206
2026-08-19 11:24:00,0.051697004586458206
2026-08-19 11:25:00,0.054608809761703014
2026-08-19 11:26:00,0.054608809761703014
2026-08-19 11:27:00,0.054608809761703014
2026-08-19 11:28:00,0.054608809761703014
2026-08-19 11:29:00,0.054608809761703014
2026-08-19 11:30:00,0.059326001442968845
2026-08-19 11:31:00,0.059326001442968845
2026-08-19 11:32:00,0.059326001442968845
2026-08-19 11:33:00,0.059326001442968845
2026-08-19 11:34:00,0.059326001442968845
2026-08-19 11:35:00,0.06245668884366751
2026-08-19 11:36:00,0.06245668884366751
2026-08-19 11:37:00,0.06245668884366751
2026-08-19 11:38:00,0.06245668884366751
2026-08-19 11:39:00,0.06245668884366751
2026-08-19 11:40:00,0.06135556846857071
2026-08-19 11:41:00,0.06135556846857071
2026-08-19 11:42:00,0.06135556846857071
2026-08-19 11:43:00,0.06135556846857071
2026-08-19 11:44:00,0.06135556846857071
2026-08-19 11:45:00,0.05889306217432022
2026-08-19 11:46:00,0.05889306217432022
2026-08-19 11:47:00,0.05889306217432022
2026-08-19 11:48:00,0.05889306217432022
2026-08-19 11:49:00,0.05889306217432022
2026-08-19 11:50:00,0.05485887639224529
2026-08-19 11:51:00,0.05485887639224529
2026-08-19 11:52:00,0.05485887639224529
2026-08-19 11:53:00,0.05485887639224529
2026-08-19 11:54:00,0.05485887639224529
2026-08-19 11:55:00,0.05083777941763401
2026-08-19 11:56:00,0.05083777941763401
2026-08-19 11:57:00,0.05083777941763401
2026-08-19 11:58:00,0.05083777941763401
2026-08-19 11:59:00,0.05083777941763401
2026-08-19 12:00:00,0.04921839013695717
2026-08-19 12:01:00,0.04921839013695717
2026-08-19 12:02:00,0.04921839013695717
2026-08-19 12:03:00,0.04921839013695717
2026-08-19 12:04:00,0.04921839013695717
2026-08-19 12:05:00,0.04821005091071129
2026-08-19 12:06:00,0.04821005091071129
2026-08-19 12:07:00,0.04821005091071129
2026-08-19 12:08:00,0.04821005091071129
2026-08-19 12:09:00,0.04821005091071129
2026-08-19 12:10:00,0.04769277572631836
2026-08-19 12:11:00,0.04769277572631836
2026-08-19 12:12:00,0.04769277572631836
2026-08-19 12:13:00,0.04769277572631836
2026-08-19 12:14:00,0.04769277572631836
2026-08-19 12:15:00,0.047854142263531685
2026-08-19 12:16:00,0.047854142263531685
2026-08-19 12:17:00,0.047854142263531685
2026-08-19 12:18:00,0.047854142263531685
2026-08-19 12:19:00,0.047854142263531685
2026-08-19 12:20:00,0.048385025933384895
2026-08-19 12:21:00,0.048385025933384895
2026-08-19 12:22:00,0.048385025933384895
2026-08-19 12:23:00,0.048385025933384895
2026-08-19 12:24:00,0.048385025933384895
2026-08-19 12:25:00,0.050054388120770454
2026-08-19 12:26:00,0.050054388120770454
2026-08-19 12:27:00,0.050054388120770454
2026-08-19 12:28:00,0.050054388120770454
2026-08-19 12:29:00,0.050054388120770454
2026-08-19 12:30:00,0.05107386130839586
2026-08-19 12:31:00,0.05107386130839586
2026-08-19 12:32:00,0.05107386130839586
2026-08-19 12:33:00,0.05107386130839586
2026-08-19 12:34:00,0.05107386130839586
2026-08-19 12:35:00,0.051814282312989235
2026-08-19 12:36:00,0.051814282312989235
2026-08-19 12:37:00,0.051814282312989235
2026-08-19 12:38:00,0.051814282312989235
2026-08-19 12:39:00,0.051814282312989235
2026-08-19 12:40:00,0.05246900115162134
2026-08-19 12:41:00,0.05246900115162134
2026-08-19 12:42:00,0.05246900115162134
2026-08-19 12:43:00,0.05246900115162134
2026-08-19 12:44:00,0.05246900115162134
2026-08-19 12:45:00,0.0516440449282527
2026-08-19 12:46:00,0.0516440449282527
2026-08-19 12:47:00,0.0516440449282527
2026-08-19 12:48:00,0.0516440449282527
2026-08-19 12:49:00,0.0516440449282527
2026-08-19 12:50:00,0.05038698948919773
2026-08-19 12:51:00,0.05038698948919773
2026-08-19 12:52:00,0.05038698948919773
2026-08-19 12:53:00,0.05038698948919773
2026-08-19 12:54:00,0.05038698948919773
2026-08-19 12:55:00,0.048145576380193233
2026-08-19 12:56:00,0.048145576380193233
2026-08-19 12:57:00,0.048145576380193233
2026-08-19 12:58:00,0.048145576380193233
2026-08-19 12:59:00,0.048145576380193233
2026-08-19 13:00:00,0.04626468662172556
2026-08-19 13:01:00,0.04626468662172556
2026-08-19 13:02:00,0.04626468662172556
2026-08-19 13:03:00,0.04626468662172556
2026-08-19 13:04:00,0.04626468662172556
2026-08-19 13:05:00,0.044775303453207016
2026-08-19 13:06:00,0.044775303453207016
2026-08-19 13:07:00,0.044775303453207016
2026-08-19 13:08:00,0.044775303453207016
2026-08-19 13:09:00,0.044775303453207016
2026-08-19 13:10:00,0.04538062494248152
2026-08-19 13:11:00,0.04538062494248152
2026-08-19 13:12:00,0.04538062494248152
2026-08-19 13:13:00,0.04538062494248152
2026-08-19 13:14:00,0.04538062494248152
2026-08-19 13:15:00,0.04804103169590235
2026-08-19 13:16:00,0.04804103169590235
2026-08-19 13:17:00,0.04804103169590235
2026-08-19 13:18:00,0.04804103169590235
2026-08-19 13:19:00,0.04804103169590235
2026-08-19 13:20:00,0.05179818905889988
2026-08-19 13:21:00,0.05179818905889988
2026-08-19 13:22:00,0.05179818905889988
2026-08-19 13:23:00,0.05179818905889988
2026-08-19 13:24:00,0.05179818905889988
2026-08-19 13:25:00,0.05594979878515005
2026-08-19 13:26:00,0.05594979878515005
2026-08-19 13:27:00,0.05594979878515005
2026-08-19 13:28:00,0.05594979878515005
2026-08-19 13:29:00,0.05594979878515005
2026-08-19 13:30:00,0.07270134054124355
2026-08-19 13:31:00,0.07270134054124355
2026-08-19 13:32:00,0.07270134054124355
2026-08-19 13:33:00,0.07270134054124355
2026-08-19 13:34:00,0.07270134054124355
2026-08-19 13:35:00,0.08753167279064655
2026-08-19 13:36:00,0.08753167279064655
2026-08-19 13:37:00,0.08753167279064655
2026-08-19 13:38:00,0.08753167279064655
2026-08-19 13:39:00,0.08753167279064655
2026-08-19 13:40:00,0.10095252748578787
2026-08-19 13:41:00,0.10095252748578787
2026-08-19 13:42:00,0.10095252748578787
2026-08-19 13:43:00,0.10095252748578787
2026-08-19 13:44:00,0.10095252748578787
2026-08-19 13:45:00,0.11420670710504055
2026-08-19 13:46:00,0.11420670710504055
2026-08-19 13:47:00,0.11420670710504055
2026-08-19 13:48:00,0.11420670710504055
2026-08-19 13:49:00,0.11420670710504055
2026-08-19 13:50:00,0.1001686230301857
2026-08-19 13:51:00,0.1001686230301857
2026-08-19 13:52:00,0.1001686230301857
2026-08-19 13:53:00,0.1001686230301857
2026-08-19 13:54:00,0.1001686230301857
2026-08-19 13:55:00,0.08502073865383863
2026-08-19 13:56:00,0.08502073865383863
2026-08-19 13:57:00,0.08502073865383863
2026-08-19 13:58:00,0.08502073865383863
2026-08-19 13:59:00,0.08502073865383863
2026-08-19 14:00:00,0.07007305510342121
2026-08-19 14:01:00,0.07007305510342121
2026-08-19 14:02:00,0.07007305510342121
2026-08-19 14:03:00,0.07007305510342121
2026-08-19 14:04:00,0.07007305510342121
2026-08-19 14:05:00,0.055234842002391815
2026-08-19 14:06:00,0.055234842002391815
2026-08-19 14:07:00,0.055234842002391815
2026-08-19 14:08:00,0.055234842002391815
2026-08-19 14:09:00,0.055234842002391815
2026-08-19 14:10:00,0.051959630101919174
2026-08-19 14:11:00,0.051959630101919174
2026-08-19 14:12:00,0.051959630101919174
2026-08-19 14:13:00,0.051959630101919174
2026-08-19 14:14:00,0.051959630101919174
2026-08-19 14:15:00,0.05078190378844738
2026-08-19 14:16:00,0.05078190378844738
2026-08-19 14:17:00,0.05078190378844738
2026-08-19 14:18:00,0.05078190378844738
2026-08-19 14:19:00,0.05078190378844738
2026-08-19 14:20:00,0.05090428050607443
2026-08-19 14:21:00,0.05090428050607443
2026-08-19 14:22:00,0.05090428050607443
2026-08-19 14:23:00,0.05090428050607443
2026-08-19 14:24:00,0.05090428050607443
2026-08-19 14:25:00,0.04836763255298138
2026-08-19 14:26:00,0.04836763255298138
2026-08-19 14:27:00,0.04836763255298138
2026-08-19 14:28:00,0.04836763255298138
2026-08-19 14:29:00,0.04836763255298138
2026-08-19 14:30:00,0.04823250137269497
2026-08-19 14:31:00,0.04823250137269497
2026-08-19 14:32:00,0.04823250137269497
2026-08-19 14:33:00,0.04823250137269497
2026-08-19 14:34:00,0.04823250137269497
2026-08-19 14:35:00,0.04927342664450407
2026-08-19 14:36:00,0.04927342664450407
2026-08-19 14:37:00,0.04927342664450407
2026-08-19 14:38:00,0.04927342664450407
2026-08-19 14:39:00,0.04927342664450407
2026-08-19 14:40:00,0.05002100858837366
2026-08-19 14:41:00,0.05002100858837366
2026-08-19 14:42:00,0.05002100858837366
2026-08-19 14:43:00,0.05002100858837366
2026-08-19 14:44:00,0.05002100858837366
2026-08-19 14:45:00,0.05318371765315533
2026-08-19 14:46:00,0.05318371765315533
2026-08-19 14:47:00,0.05318371765315533
2026-08-19 14:48:00,0.05318371765315533
2026-08-19 14:49:00,0.05318371765315533
2026-08-19 14:50:00,0.05449771601706743
2026-08-19 14:51:00,0.05449771601706743
2026-08-19 14:52:00,0.05449771601706743
2026-08-19 14:53:00,0.05449771601706743
2026-08-19 14:54:00,0.05449771601706743
2026-08-19 14:55:00,0.2285196827724576
2026-08-19 14:56:00,0.2285196827724576
2026-08-19 14:57:00,0.2285196827724576
2026-08-19 14:58:00,0.2285196827724576
2026-08-19 14:59:00,0.2285196827724576
2026-08-19 15:00:00,0.48670916352421045
2026-08-19 15:01:00,0.48670916352421045
2026-08-19 15:02:00,0.48670916352421045
2026-08-19 15:03:00,0.48670916352421045
2026-08-19 15:04:00,0.48670916352421045
2026-08-19 15:05:00,0.7714990945532918
2026-08-19 15:06:00,0.7714990945532918
2026-08-19 15:07:00,0.7714990945532918
2026-08-19 15:08:00,0.7714990945532918
2026-08-19 15:09:00,0.7714990945532918
2026-08-19 15:10:00,1.0708146393299103
2026-08-19 15:11:00,1.0708146393299103
2026-08-19 15:12:00,1.0708146393299103
2026-08-19 15:13:00,1.0708146393299103
2026-08-19 15:14:00,1.0708146393299103
2026-08-19 15:15:00,1.1845673620700836
2026-08-19 15:16:00,1.1845673620700836
2026-08-19 15:17:00,1.1845673620700836
2026-08-19 15:18:00,1.1845673620700836
2026-08-19 15:19:00,1.1845673620700836
2026-08-19 15:20:00,1.1957728862762451
2026-08-19 15:21:00,1.1957728862762451
2026-08-19 15:22:00,1.1957728862762451
2026-08-19 15:23:00,1.1957728862762451
2026-08-19 15:24:00,1.1957728862762451
2026-08-19 15:25:00,1.1664093136787415
2026-08-19 15:26:00,1.1664093136787415
2026-08-19 15:27:00,1.1664093136787415
2026-08-19 15:28:00,1.1664093136787415
2026-08-19 15:29:00,1.1664093136787415
2026-08-19 15:30:00,1.111657053232193
2026-08-19 15:31:00,1.111657053232193
2026-08-19 15:32:00,1.111657053232193
2026-08-19 15:33:00,1.111657053232193
2026-08-19 15:34:00,1.111657053232193
2026-08-19 15:35:00,1.0481617450714111
2026-08-19 15:36:00,1.0481617450714111
2026-08-19 15:37:00,1.0481617450714111
2026-08-19 15:38:00,1.0481617450714111
2026-08-19 15:39:00,1.0481617450714111
2026-08-19 15:40:00,0.9435224235057831
2026-08-19 15:41:00,0.9435224235057831
2026-08-19 15:42:00,0.9435224235057831
2026-08-19 15:43:00,0.9435224235057831
2026-08-19 15:44:00,0.9435224235057831
2026-08-19 15:45:00,0.7432044148445129
2026-08-19 15:46:00,0.7432044148445129
2026-08-19 15:47:00,0.7432044148445129
2026-08-19 15:48:00,0.7432044148445129
2026-08-19 15:49:00,0.7432044148445129
2026-08-19 15:50:00,0.53955939412117
2026-08-19 15:51:00,0.53955939412117
2026-08-19 15:52:00,0.53955939412117
2026-08-19 15:53:00,0.53955939412117
2026-08-19 15:54:00,0.53955939412117
2026-08-19 15:55:00,0.3792083412408829
2026-08-19 15:56:00,0.3792083412408829
2026-08-19 15:57:00,0.3792083412408829
2026-08-19 15:58:00,0.3792083412408829
2026-08-19 15:59:00,0.3792083412408829
2026-08-19 16:00:00,0.28787022083997726
2026-08-19 16:01:00,0.28787022083997726
2026-08-19 16:02:00,0.28787022083997726
2026-08-19 16:03:00,0.28787022083997726
2026-08-19 16:04:00,0.28787022083997726
2026-08-19 16:05:00,0.3111415430903435
2026-08-19 16:06:00,0.3111415430903435
2026-08-19 16:07:00,0.3111415430903435
2026-08-19 16:08:00,0.3111415430903435
2026-08-19 16:09:00,0.3111415430903435
2026-08-19 16:10:00,0.3460870608687401
2026-08-19 16:11:00,0.3460870608687401
2026-08-19 16:12:00,0.3460870608687401
2026-08-19 16:13:00,0.3460870608687401
2026-08-19 16:14:00,0.3460870608687401
2026-08-19 16:15:00,0.348418228328228
2026-08-19 16:16:00,0.348418228328228
2026-08-19 16:17:00,0.348418228328228
2026-08-19 16:18:00,0.348418228328228
2026-08-19 16:19:00,0.348418228328228
2026-08-19 16:20:00,0.3411558195948601
2026-08-19 16:21:00,0.3411558195948601
2026-08-19 16:22:00,0.3411558195948601
2026-08-19 16:23:00,0.3411558195948601
2026-08-19 16:24:00,0.3411558195948601
2026-08-19 16:25:00,0.3435930833220482
2026-08-19 16:26:00,0.3435930833220482
2026-08-19 16:27:00,0.3435930833220482
2026-08-19 16:28:00,0.3435930833220482
2026-08-19 16:29:00,0.3435930833220482
2026-08-19 16:30:00,0.34438779205083847
2026-08-19 16:31:00,0.34438779205083847
2026-08-19 16:32:00,0.34438779205083847
2026-08-19 16:33:00,0.34438779205083847
2026-08-19 16:34:00,0.34438779205083847
2026-08-19 16:35:00,0.3495505675673485
2026-08-19 16:36:00,0.3495505675673485
2026-08-19 16:37:00,0.3495505675673485
2026-08-19 16:38:00,0.3495505675673485
2026-08-19 16:39:00,0.3495505675673485
2026-08-19 16:40:00,0.31780917569994926
2026-08-19 16:41:00,0.31780917569994926
2026-08-19 16:42:00,0.31780917569994926
2026-08-19 16:43:00,0.31780917569994926
2026-08-19 16:44:00,0.31780917569994926
2026-08-19 16:45:00,0.24353507719933987
2026-08-19 16:46:00,0.24353507719933987
2026-08-19 16:47:00,0.24353507719933987
2026-08-19 16:48:00,0.24353507719933987
2026-08-19 16:49:00,0.24353507719933987
2026-08-19 16:50:00,0.1718771979212761
2026-08-19 16:51:00,0.1718771979212761
2026-08-19 16:52:00,0.1718771979212761
2026-08-19 16:53:00,0.1718771979212761
2026-08-19 16:54:00,0.1718771979212761
2026-08-19 16:55:00,0.10664119757711887
2026-08-19 16:56:00,0.10664119757711887
2026-08-19 16:57:00,0.10664119757711887
2026-08-19 16:58:00,0.10664119757711887
2026-08-19 16:59:00,0.10664119757711887
2026-08-19 17:00:00,0.0772106871008873
2026-08-19 17:01:00,0.0772106871008873
2026-08-19 17:02:00,0.0772106871008873
2026-08-19 17:03:00,0.0772106871008873
2026-08-19 17:04:00,0.0772106871008873
2026-08-19 17:05:00,0.07325050979852676
2026-08-19 17:06:00,0.07325050979852676
2026-08-19 17:07:00,0.07325050979852676
2026-08-19 17:08:00,0.07325050979852676
2026-08-19 17:09:00,0.07325050979852676
2026-08-19 17:10:00,0.0726974681019783
2026-08-19 17:11:00,0.0726974681019783
2026-08-19 17:12:00,0.0726974681019783
2026-08-19 17:13:00,0.0726974681019783
2026-08-19 17:14:00,0.0726974681019783
2026-08-19 17:15:00,0.07081728242337704
2026-08-19 17:16:00,0.07081728242337704
2026-08-19 17:17:00,0.07081728242337704
2026-08-19 17:18:00,0.07081728242337704
2026-08-19 17:19:00,0.07081728242337704
2026-08-19 17:20:00,0.06828557141125202
2026-08-19 17:21:00,0.06828557141125202
2026-08-19 17:22:00,0.06828557141125202
2026-08-19 17:23:00,0.06828557141125202
2026-08-19 17:24:00,0.06828557141125202
2026-08-19 17:25:00,0.06633835192769766
2026-08-19 17:26:00,0.06633835192769766
2026-08-19 17:27:00,0.06633835192769766
2026-08-19 17:28:00,0.06633835192769766
2026-08-19 17:29:00,0.06633835192769766
2026-08-19 17:30:00,0.06305760145187378
2026-08-19 17:31:00,0.06305760145187378
2026-08-19 17:32:00,0.06305760145187378
2026-08-19 17:33:00,0.06305760145187378
2026-08-19 17:34:00,0.06305760145187378
2026-08-19 17:35:00,0.06074983719736338
2026-08-19 17:36:00,0.06074983719736338
2026-08-19 17:37:00,0.06074983719736338
2026-08-19 17:38:00,0.06074983719736338
2026-08-19 17:39:00,0.06074983719736338
2026-08-19 17:40:00,0.05826340429484844
2026-08-19 17:41:00,0.05826340429484844
2026-08-19 17:42:00,0.05826340429484844
2026-08-19 17:43:00,0.05826340429484844
2026-08-19 17:44:00,0.05826340429484844
2026-08-19 17:45:00,0.05595480650663376
2026-08-19 17:46:00,0.05595480650663376
2026-08-19 17:47:00,0.05595480650663376
2026-08-19 17:48:00,0.05595480650663376
2026-08-19 17:49:00,0.05595480650663376
2026-08-19 17:50:00,0.05421476997435093
2026-08-19 17:51:00,0.05421476997435093
2026-08-19 17:52:00,0.05421476997435093
2026-08-19 17:53:00,0.05421476997435093
2026-08-19 17:54:00,0.05421476997435093
2026-08-19 17:55:00,0.052792688831686974
2026-08-19 17:56:00,0.052792688831686974
2026-08-19 17:57:00,0.052792688831686974
2026-08-19 17:58:00,0.052792688831686974
2026-08-19 17:59:00,0.052792688831686974
2026-08-19 18:00:00,0.05691399332135916
2026-08-19 18:01:00,0.05691399332135916
2026-08-19 18:02:00,0.05691399332135916
2026-08-19 18:03:00,0.05691399332135916
2026-08-19 18:04:00,0.05691399332135916
2026-08-19 18:05:00,0.062284376472234726
2026-08-19 18:06:00,0.062284376472234726
2026-08-19 18:07:00,0.062284376472234726
2026-08-19 18:08:00,0.062284376472234726
2026-08-19 18:09:00,0.062284376472234726
2026-08-19 18:10:00,0.06673563923686743
2026-08-19 18:11:00,0.06673563923686743
2026-08-19 18:12:00,0.06673563923686743
2026-08-19 18:13:00,0.06673563923686743
2026-08-19 18:14:00,0.06673563923686743
2026-08-19 18:15:00,0.06793465185910463
2026-08-19 18:16:00,0.06793465185910463
2026-08-19 18:17:00,0.06793465185910463
2026-08-19 18:18:00,0.06793465185910463
2026-08-19 18:19:00,0.06793465185910463
2026-08-19 18:20:00,0.06308974325656891
2026-08-19 18:21:00,0.06308974325656891
2026-08-19 18:22:00,0.06308974325656891
2026-08-19 18:23:00,0.06308974325656891
2026-08-19 18:24:00,0.06308974325656891
2026-08-19 18:25:00,0.05952045973390341
2026-08-19 18:26:00,0.05952045973390341
2026-08-19 18:27:00,0.05952045973390341
2026-08-19 18:28:00,0.05952045973390341
2026-08-19 18:29:00,0.05952045973390341
2026-08-19 18:30:00,0.05915255006402731
2026-08-19 18:31:00,0.05915255006402731
2026-08-19 18:32:00,0.05915255006402731
2026-08-19 18:33:00,0.05915255006402731
2026-08-19 18:34:00,0.05915255006402731
2026-08-19 18:35:00,0.061889514327049255
2026-08-19 18:36:00,0.061889514327049255
2026-08-19 18:37:00,0.061889514327049255
2026-08-19 18:38:00,0.061889514327049255
2026-08-19 18:39:00,0.061889514327049255
2026-08-19 18:40:00,0.06765013094991446
2026-08-19 18:41:00,0.06765013094991446
2026-08-19 18:42:00,0.06765013094991446
2026-08-19 18:43:00,0.06765013094991446
2026-08-19 18:44:00,0.06765013094991446
2026-08-19 18:45:00,0.06985401175916195
2026-08-19 18:46:00,0.06985401175916195
2026-08-19 18:47:00,0.06985401175916195
2026-08-19 18:48:00,0.06985401175916195
2026-08-19 18:49:00,0.06985401175916195
2026-08-19 18:50:00,0.06743442267179489
2026-08-19 18:51:00,0.06743442267179489
2026-08-19 18:52:00,0.06743442267179489
2026-08-19 18:53:00,0.06743442267179489
2026-08-19 18:54:00,0.06743442267179489
2026-08-19 18:55:00,0.062130022794008255
2026-08-19 18:56:00,0.062130022794008255
2026-08-19 18:57:00,0.062130022794008255
2026-08-19 18:58:00,0.062130022794008255
2026-08-19 18:59:00,0.062130022794008255
2026-08-19 19:00:00,0.056131149642169476
2026-08-19 19:01:00,0.056131149642169476
2026-08-19 19:02:00,0.056131149642169476
2026-08-19 19:03:00,0.056131149642169476
2026-08-19 19:04:00,0.056131149642169476
2026-08-19 19:05:00,0.05309684947133064
2026-08-19 19:06:00,0.05309684947133064
2026-08-19 19:07:00,0.05309684947133064
2026-08-19 19:08:00,0.05309684947133064
2026-08-19 19:09:00,0.05309684947133064
2026-08-19 19:10:00,0.051903811283409595
2026-08-19 19:11:00,0.051903811283409595
2026-08-19 19:12:00,0.051903811283409595
2026-08-19 19:13:00,0.051903811283409595
2026-08-19 19:14:00,0.051903811283409595
2026-08-19 19:15:00,0.051218622364103794
2026-08-19 19:16:00,0.051218622364103794
2026-08-19 19:17:00,0.051218622364103794
2026-08-19 19:18:00,0.051218622364103794
2026-08-19 19:19:00,0.051218622364103794
2026-08-19 19:20:00,0.050226714462041855
2026-08-19 19:21:00,0.050226714462041855
2026-08-19 19:22:00,0.050226714462041855
2026-08-19 19:23:00,0.050226714462041855
2026-08-19 19:24:00,0.050226714462041855
2026-08-19 19:25:00,0.04792189411818981
2026-08-19 19:26:00,0.04792189411818981
2026-08-19 19:27:00,0.04792189411818981
2026-08-19 19:28:00,0.04792189411818981
2026-08-19 19:29:00,0.04792189411818981
2026-08-19 19:30:00,0.045601931400597095
2026-08-19 19:31:00,0.045601931400597095
2026-08-19 19:32:00,0.045601931400597095
2026-08-19 19:33:00,0.045601931400597095
2026-08-19 19:34:00,0.045601931400597095
2026-08-19 19:35:00,0.04509843606501818
2026-08-19 19:36:00,0.04509843606501818
2026-08-19 19:37:00,0.04509843606501818
2026-08-19 19:38:00,0.04509843606501818
2026-08-19 19:39:00,0.04509843606501818
2026-08-19 19:40:00,0.043992468155920506
2026-08-19 19:41:00,0.043992468155920506
2026-08-19 19:42:00,0.043992468155920506
2026-08-19 19:43:00,0.043992468155920506
2026-08-19 19:44:00,0.043992468155920506
2026-08-19 19:45:00,0.04390755482017994
2026-08-19 19:46:00,0.04390755482017994
2026-08-19 19:47:00,0.04390755482017994
2026-08-19 19:48:00,0.04390755482017994
2026-08-19 19:49:00,0.04390755482017994
2026-08-19 19:50:00,0.04504391737282276
2026-08-19 19:51:00,0.04504391737282276
2026-08-19 19:52:00,0.04504391737282276
2026-08-19 19:53:00,0.04504391737282276
2026-08-19 19:54:00,0.04504391737282276
2026-08-19 19:55:00,0.047344304621219635
2026-08-19 19:56:00,0.047344304621219635
2026-08-19 19:57:00,0.047344304621219635
2026-08-19 19:58:00,0.047344304621219635
2026-08-19 19:59:00,0.047344304621219635
2026-08-19 20:00:00,0.051111009903252125
2026-08-19 20:01:00,0.051111009903252125
2026-08-19 20:02:00,0.051111009903252125
2026-08-19 20:03:00,0.051111009903252125
2026-08-19 20:04:00,0.051111009903252125
2026-08-19 20:05:00,0.05675670597702265
2026-08-19 20:06:00,0.05675670597702265
2026-08-19 20:07:00,0.05675670597702265
2026-08-19 20:08:00,0.05675670597702265
2026-08-19 20:09:00,0.05675670597702265
2026-08-19 20:10:00,0.06265244353562593
2026-08-19 20:11:00,0.06265244353562593
2026-08-19 20:12:00,0.06265244353562593
2026-08-19 20:13:00,0.06265244353562593
2026-08-19 20:14:00,0.06265244353562593
2026-08-19 20:15:00,0.06622245069593191
2026-08-19 20:16:00,0.06622245069593191
2026-08-19 20:17:00,0.06622245069593191
2026-08-19 20:18:00,0.06622245069593191
2026-08-19 20:19:00,0.06622245069593191
2026-08-19 20:20:00,0.06780794635415077
2026-08-19 20:21:00,0.06780794635415077
2026-08-19 20:22:00,0.06780794635415077
2026-08-19 20:23:00,0.06780794635415077
2026-08-19 20:24:00,0.06780794635415077
2026-08-19 20:25:00,0.06536597944796085
2026-08-19 20:26:00,0.06536597944796085
2026-08-19 20:27:00,0.06536597944796085
2026-08-19 20:28:00,0.06536597944796085
2026-08-19 20:29:00,0.06536597944796085
2026-08-19 20:30:00,0.061327071860432625
2026-08-19 20:31:00,0.061327071860432625
2026-08-19 20:32:00,0.061327071860432625
2026-08-19 20:33:00,0.061327071860432625
2026-08-19 20:34:00,0.061327071860432625
2026-08-19 20:35:00,0.057756826281547546
2026-08-19 20:36:00,0.057756826281547546
2026-08-19 20:37:00,0.057756826281547546
2026-08-19 20:38:00,0.057756826281547546
2026-08-19 20:39:00,0.057756826281547546
2026-08-19 20:40:00,0.054911425337195396
2026-08-19 20:41:00,0.054911425337195396
2026-08-19 20:42:00,0.054911425337195396
2026-08-19 20:43:00,0.054911425337195396
2026-08-19 20:44:00,0.054911425337195396
2026-08-19 20:45:00,0.05427470803260803
2026-08-19 20:46:00,0.05427470803260803
2026-08-19 20:47:00,0.05427470803260803
2026-08-19 20:48:00,0.05427470803260803
2026-08-19 20:49:00,0.05427470803260803
2026-08-19 20:50:00,0.05615765042603016
2026-08-19 20:51:00,0.05615765042603016
2026-08-19 20:52:00,0.05615765042603016
2026-08-19 20:53:00,0.05615765042603016
2026-08-19 20:54:00,0.05615765042603016
2026-08-19 20:55:00,0.057046400383114815
2026-08-19 20:56:00,0.057046400383114815
2026-08-19 20:57:00,0.057046400383114815
2026-08-19 20:58:00,0.057046400383114815
2026-08-19 20:59:00,0.057046400383114815
2026-08-19 21:00:00,0.056595684960484505
2026-08-19 21:01:00,0.056595684960484505
2026-08-19 21:02:00,0.056595684960484505
2026-08-19 21:03:00,0.056595684960484505
2026-08-19 21:04:00,0.056595684960484505
2026-08-19 21:05:00,0.05596105847507715
2026-08-19 21:06:00,0.05596105847507715
2026-08-19 21:07:00,0.05596105847507715
2026-08-19 21:08:00,0.05596105847507715
2026-08-19 21:09:00,0.05596105847507715
2026-08-19 21:10:00,0.053847938776016235
2026-08-19 21:11:00,0.053847938776016235
2026-08-19 21:12:00,0.053847938776016235
2026-08-19 21:13:00,0.053847938776016235
2026-08-19 21:14:00,0.053847938776016235
2026-08-19 21:15:00,0.05420038942247629
2026-08-19 21:16:00,0.05420038942247629
2026-08-19 21:17:00,0.05420038942247629
2026-08-19 21:18:00,0.05420038942247629
2026-08-19 21:19:00,0.05420038942247629
2026-08-19 21:20:00,0.05663853045552969
2026-08-19 21:21:00,0.05663853045552969
2026-08-19 21:22:00,0.05663853045552969
2026-08-19 21:23:00,0.05663853045552969
2026-08-19 21:24:00,0.05663853045552969
2026-08-19 21:25:00,0.05712521821260452
2026-08-19 21:26:00,0.05712521821260452
2026-08-19 21:27:00,0.05712521821260452
2026-08-19 21:28:00,0.05712521821260452
2026-08-19 21:29:00,0.05712521821260452
2026-08-19 21:30:00,0.05648045055568218
2026-08-19 21:31:00,0.05648045055568218
2026-08-19 21:32:00,0.05648045055568218
2026-08-19 21:33:00,0.05648045055568218
2026-08-19 21:34:00,0.05648045055568218
2026-08-19 21:35:00,0.05516461096704006
2026-08-19 21:36:00,0.05516461096704006
2026-08-19 21:37:00,0.05516461096704006
2026-08-19 21:38:00,0.05516461096704006
2026-08-19 21:39:00,0.05516461096704006
2026-08-19 21:40:00,0.0529450885951519
2026-08-19 21:41:00,0.0529450885951519
2026-08-19 21:42:00,0.0529450885951519
2026-08-19 21:43:00,0.0529450885951519
2026-08-19 21:44:00,0.0529450885951519
2026-08-19 21:45:00,0.05383271165192127
2026-08-19 21:46:00,0.05383271165192127
2026-08-19 21:47:00,0.05383271165192127
2026-08-19 21:48:00,0.05383271165192127
2026-08-19 21:49:00,0.05383271165192127
2026-08-19 21:50:00,0.05706280004233122
2026-08-19 21:51:00,0.05706280004233122
2026-08-19 21:52:00,0.05706280004233122
2026-08-19 21:53:00,0.05706280004233122
2026-08-19 21:54:00,0.05706280004233122
2026-08-19 21:55:00,0.05846225097775459
2026-08-19 21:56:00,0.05846225097775459
2026-08-19 21:57:00,0.05846225097775459
2026-08-19 21:58:00,0.05846225097775459
2026-08-19 21:59:00,0.05846225097775459
2026-08-19 22:00:00,0.05934943351894617
2026-08-19 22:01:00,0.05934943351894617
2026-08-19 22:02:00,0.05934943351894617
2026-08-19 22:03:00,0.05934943351894617
2026-08-19 22:04:00,0.05934943351894617
2026-08-19 22:05:00,0.059948788955807686
2026-08-19 22:06:00,0.059948788955807686
2026-08-19 22:07:00,0.059948788955807686
2026-08-19 22:08:00,0.059948788955807686
2026-08-19 22:09:00,0.059948788955807686
2026-08-19 22:10:00,0.058563459664583206
2026-08-19 22:11:00,0.058563459664583206
2026-08-19 22:12:00,0.058563459664583206
2026-08-19 22:13:00,0.058563459664583206
2026-08-19 22:14:00,0.058563459664583206
2026-08-19 22:15:00,0.05714852176606655
2026-08-19 22:16:00,0.05714852176606655
2026-08-19 22:17:00,0.05714852176606655
2026-08-19 22:18:00,0.05714852176606655
2026-08-19 22:19:00,0.05714852176606655
2026-08-19 22:20:00,0.056949944235384464
2026-08-19 22:21:00,0.056949944235384464
2026-08-19 22:22:00,0.056949944235384464
2026-08-19 22:23:00,0.056949944235384464
2026-08-19 22:24:00,0.056949944235384464
2026-08-19 22:25:00,0.05675211176276207
2026-08-19 22:26:00,0.05675211176276207
2026-08-19 22:27:00,0.05675211176276207
2026-08-19 22:28:00,0.05675211176276207
2026-08-19 22:29:00,0.05675211176276207
2026-08-19 22:30:00,0.05785065423697233
2026-08-19 22:31:00,0.05785065423697233
2026-08-19 22:32:00,0.05785065423697233
2026-08-19 22:33:00,0.05785065423697233
2026-08-19 22:34:00,0.05785065423697233
2026-08-19 22:35:00,0.061329049058258533
2026-08-19 22:36:00,0.061329049058258533
2026-08-19 22:37:00,0.061329049058258533
2026-08-19 22:38:00,0.061329049058258533
2026-08-19 22:39:00,0.061329049058258533
2026-08-19 22:40:00,0.06338136736303568
2026-08-19 22:41:00,0.06338136736303568
2026-08-19 22:42:00,0.06338136736303568
2026-08-19 22:43:00,0.06338136736303568
2026-08-19 22:44:00,0.06338136736303568
2026-08-19 22:45:00,0.06356022972613573
2026-08-19 22:46:00,0.06356022972613573
2026-08-19 22:47:00,0.06356022972613573
2026-08-19 22:48:00,0.06356022972613573
2026-08-19 22:49:00,0.06356022972613573
2026-08-19 22:50:00,0.06169572938233614
2026-08-19 22:51:00,0.06169572938233614
2026-08-19 22:52:00,0.06169572938233614
2026-08-19 22:53:00,0.06169572938233614
2026-08-19 22:54:00,0.06169572938233614
2026-08-19 22:55:00,0.0599454864859581
2026-08-19 22:56:00,0.0599454864859581
2026-08-19 22:57:00,0.0599454864859581
2026-08-19 22:58:00,0.0599454864859581
2026-08-19 22:59:00,0.0599454864859581
2026-08-19 23:00:00,0.059564461931586266
2026-08-19 23:01:00,0.059564461931586266
2026-08-19 23:02:00,0.059564461931586266
2026-08-19 23:03:00,0.059564461931586266
2026-08-19 23:04:00,0.059564461931586266
2026-08-19 23:05:00,0.06210237182676792
2026-08-19 23:06:00,0.06210237182676792
2026-08-19 23:07:00,0.06210237182676792
2026-08-19 23:08:00,0.06210237182676792
2026-08-19 23:09:00,0.06210237182676792
2026-08-19 23:10:00,0.06692334543913603
2026-08-19 23:11:00,0.06692334543913603
2026-08-19 23:12:00,0.06692334543913603
2026-08-19 23:13:00,0.06692334543913603
2026-08-19 23:14:00,0.06692334543913603
2026-08-19 23:15:00,0.10201061517000198
2026-08-19 23:16:00,0.10201061517000198
2026-08-19 23:17:00,0.10201061517000198
2026-08-19 23:18:00,0.10201061517000198
2026-08-19 23:19:00,0.10201061517000198
2026-08-19 23:20:00,0.19171922467648983
2026-08-19 23:21:00,0.19171922467648983
2026-08-19 23:22:00,0.19171922467648983
2026-08-19 23:23:00,0.19171922467648983
2026-08-19 23:24:00,0.19171922467648983
2026-08-19 23:25:00,0.31737707555294037
2026-08-19 23:26:00,0.31737707555294037
2026-08-19 23:27:00,0.31737707555294037
2026-08-19 23:28:00,0.31737707555294037
2026-08-19 23:29:00,0.31737707555294037
2026-08-19 23:30:00,0.4468933492898941
2026-08-19 23:31:00,0.4468933492898941
2026-08-19 23:32:00,0.4468933492898941
2026-08-19 23:33:00,0.4468933492898941
2026-08-19 23:34:00,0.4468933492898941
2026-08-19 23:35:00,0.5003745183348656
2026-08-19 23:36:00,0.5003745183348656
2026-08-19 23:37:00,0.5003745183348656
2026-08-19 23:38:00,0.5003745183348656
2026-08-19 23:39:00,0.5003745183348656
2026-08-19 23:40:00,0.4419134445488453
2026-08-19 23:41:00,0.4419134445488453
2026-08-19 23:42:00,0.4419134445488453
2026-08-19 23:43:00,0.4419134445488453
2026-08-19 23:44:00,0.4419134445488453
2026-08-19 23:45:00,0.3179275318980217
2026-08-19 23:46:00,0.3179275318980217
2026-08-19 23:47:00,0.3179275318980217
2026-08-19 23:48:00,0.3179275318980217
2026-08-19 23:49:00,0.3179275318980217
2026-08-19 23:50:00,0.19114893302321434
2026-08-19 23:51:00,0.19114893302321434
2026-08-19 23:52:00,0.19114893302321434
2026-08-19 23:53:00,0.19114893302321434
2026-08-19 23:54:00,0.19114893302321434
2026-08-19 23:55:00,0.10923623852431774
2026-08-19 23:56:00,0.10923623852431774
2026-08-19 23:57:00,0.10923623852431774
2026-08-19 23:58:00,0.10923623852431774
2026-08-19 23:59:00,0.10923623852431774
2026-08-20 00:00:00,0.08244662173092365
2026-08-20 00:01:00,0.08244662173092365
2026-08-20 00:02:00,0.08244662173092365
2026-08-20 00:03:00,0.08244662173092365
2026-08-20 00:04:00,0.08244662173092365
2026-08-20 00:05:00,0.07979964464902878
2026-08-20 00:06:00,0.07979964464902878
2026-08-20 00:07:00,0.07979964464902878
2026-08-20 00:08:00,0.07979964464902878
2026-08-20 00:09:00,0.07979964464902878
2026-08-20 00:10:00,0.07437947392463684
2026-08-20 00:11:00,0.07437947392463684
2026-08-20 00:12:00,0.07437947392463684
2026-08-20 00:13:00,0.07437947392463684
2026-08-20 00:14:00,0.07437947392463684
2026-08-20 00:15:00,0.06818870455026627
2026-08-20 00:16:00,0.06818870455026627
2026-08-20 00:17:00,0.06818870455026627
2026-08-20 00:18:00,0.06818870455026627
2026-08-20 00:19:00,0.06818870455026627
2026-08-20 00:20:00,0.06398431211709976
2026-08-20 00:21:00,0.06398431211709976
2026-08-20 00:22:00,0.06398431211709976
2026-08-20 00:23:00,0.06398431211709976
2026-08-20 00:24:00,0.06398431211709976
2026-08-20 00:25:00,0.06338479556143284
2026-08-20 00:26:00,0.06338479556143284
2026-08-20 00:27:00,0.06338479556143284
2026-08-20 00:28:00,0.06338479556143284
2026-08-20 00:29:00,0.06338479556143284
2026-08-20 00:30:00,0.06384101137518883
2026-08-20 00:31:00,0.06384101137518883
2026-08-20 00:32:00,0.06384101137518883
2026-08-20 00:33:00,0.06384101137518883
2026-08-20 00:34:00,0.06384101137518883
2026-08-20 00:35:00,0.06279992312192917
2026-08-20 00:36:00,0.06279992312192917
2026-08-20 00:37:00,0.06279992312192917
2026-08-20 00:38:00,0.06279992312192917
2026-08-20 00:39:00,0.06279992312192917
2026-08-20 00:40:00,0.060062349773943424
2026-08-20 00:41:00,0.060062349773943424
2026-08-20 00:42:00,0.060062349773943424
2026-08-20 00:43:00,0.060062349773943424
2026-08-20 00:44:00,0.060062349773943424
2026-08-20 00:45:00,0.05557484831660986
2026-08-20 00:46:00,0.05557484831660986
2026-08-20 00:47:00,0.05557484831660986
2026-08-20 00:48:00,0.05557484831660986
2026-08-20 00:49:00,0.05557484831660986
2026-08-20 00:50:00,0.05102405231446028
2026-08-20 00:51:00,0.05102405231446028
2026-08-20 00:52:00,0.05102405231446028
2026-08-20 00:53:00,0.05102405231446028
2026-08-20 00:54:00,0.05102405231446028
2026-08-20 00:55:00,0.04788116458803415
2026-08-20 00:56:00,0.04788116458803415
2026-08-20 00:57:00,0.04788116458803415
2026-08-20 00:58:00,0.04788116458803415
2026-08-20 00:59:00,0.04788116458803415
2026-08-20 01:00:00,0.048322178423404694
2026-08-20 01:01:00,0.048322178423404694
2026-08-20 01:02:00,0.048322178423404694
2026-08-20 01:03:00,0.048322178423404694
2026-08-20 01:04:00,0.048322178423404694
2026-08-20 01:05:00,0.05292719975113869
2026-08-20 01:06:00,0.05292719975113869
2026-08-20 01:07:00,0.05292719975113869
2026-08-20 01:08:00,0.05292719975113869
2026-08-20 01:09:00,0.05292719975113869
2026-08-20 01:10:00,0.06131160072982311
2026-08-20 01:11:00,0.06131160072982311
2026-08-20 01:12:00,0.06131160072982311
2026-08-20 01:13:00,0.06131160072982311
2026-08-20 01:14:00,0.06131160072982311
2026-08-20 01:15:00,0.06855155527591705
2026-08-20 01:16:00,0.06855155527591705
2026-08-20 01:17:00,0.06855155527591705
2026-08-20 01:18:00,0.06855155527591705
2026-08-20 01:19:00,0.06855155527591705
2026-08-20 01:20:00,0.09926624596118927
2026-08-20 01:21:00,0.09926624596118927
2026-08-20 01:22:00,0.09926624596118927
2026-08-20 01:23:00,0.09926624596118927
2026-08-20 01:24:00,0.09926624596118927
2026-08-20 01:25:00,0.1278462577611208
2026-08-20 01:26:00,0.1278462577611208
2026-08-20 01:27:00,0.1278462577611208
2026-08-20 01:28:00,0.1278462577611208
2026-08-20 01:29:00,0.1278462577611208
2026-08-20 01:30:00,0.1523092333227396
2026-08-20 01:31:00,0.1523092333227396
2026-08-20 01:32:00,0.1523092333227396
2026-08-20 01:33:00,0.1523092333227396
2026-08-20 01:34:00,0.1523092333227396
2026-08-20 01:35:00,0.17730604484677315
2026-08-20 01:36:00,0.17730604484677315
2026-08-20 01:37:00,0.17730604484677315
2026-08-20 01:38:00,0.17730604484677315
2026-08-20 01:39:00,0.17730604484677315
2026-08-20 01:40:00,0.1488063931465149
2026-08-20 01:41:00,0.1488063931465149
2026-08-20 01:42:00,0.1488063931465149
2026-08-20 01:43:00,0.1488063931465149
2026-08-20 01:44:00,0.1488063931465149
2026-08-20 01:45:00,0.1201880294829607
2026-08-20 01:46:00,0.1201880294829607
2026-08-20 01:47:00,0.1201880294829607
2026-08-20 01:48:00,0.1201880294829607
2026-08-20 01:49:00,0.1201880294829607
2026-08-20 01:50:00,0.09002297651022673
2026-08-20 01:51:00,0.09002297651022673
2026-08-20 01:52:00,0.09002297651022673
2026-08-20 01:53:00,0.09002297651022673
2026-08-20 01:54:00,0.09002297651022673
2026-08-20 01:55:00,0.05853895004838705
2026-08-20 01:56:00,0.05853895004838705
2026-08-20 01:57:00,0.05853895004838705
2026-08-20 01:58:00,0.05853895004838705
2026-08-20 01:59:00,0.05853895004838705
2026-08-20 02:00:00,0.05462486110627651
2026-08-20 02:01:00,0.05462486110627651
2026-08-20 02:02:00,0.05462486110627651
2026-08-20 02:03:00,0.05462486110627651
2026-08-20 02:04:00,0.05462486110627651
2026-08-20 02:05:00,0.051092199981212616
2026-08-20 02:06:00,0.051092199981212616
2026-08-20 02:07:00,0.051092199981212616
2026-08-20 02:08:00,0.051092199981212616
2026-08-20 02:09:00,0.051092199981212616
2026-08-20 02:10:00,0.0957772983238101
2026-08-20 02:11:00,0.0957772983238101
2026-08-20 02:12:00,0.0957772983238101
2026-08-20 02:13:00,0.0957772983238101
2026-08-20 02:14:00,0.0957772983238101
2026-08-20 02:15:00,0.1425541779026389
2026-08-20 02:16:00,0.1425541779026389
2026-08-20 02:17:00,0.1425541779026389
2026-08-20 02:18:00,0.1425541779026389
2026-08-20 02:19:00,0.1425541779026389
2026-08-20 02:20:00,0.19121915102005005
2026-08-20 02:21:00,0.19121915102005005
2026-08-20 02:22:00,0.19121915102005005
2026-08-20 02:23:00,0.19121915102005005
2026-08-20 02:24:00,0.19121915102005005
2026-08-20 02:25:00,0.2403370440006256
2026-08-20 02:26:00,0.2403370440006256
2026-08-20 02:27:00,0.2403370440006256
2026-08-20 02:28:00,0.2403370440006256
2026-08-20 02:29:00,0.2403370440006256
2026-08-20 02:30:00,0.19529423862695694
2026-08-20 02:31:00,0.19529423862695694
2026-08-20 02:32:00,0.19529423862695694
2026-08-20 02:33:00,0.19529423862695694
2026-08-20 02:34:00,0.19529423862695694
2026-08-20 02:35:00,0.15123545844107866
2026-08-20 02:36:00,0.15123545844107866
2026-08-20 02:37:00,0.15123545844107866
2026-08-20 02:38:00,0.15123545844107866
2026-08-20 02:39:00,0.15123545844107866
2026-08-20 02:40:00,0.10449327249079943
2026-08-20 02:41:00,0.10449327249079943
2026-08-20 02:42:00,0.10449327249079943
2026-08-20 02:43:00,0.10449327249079943
2026-08-20 02:44:00,0.10449327249079943
2026-08-20 02:45:00,0.05422388855367899
2026-08-20 02:46:00,0.05422388855367899
2026-08-20 02:47:00,0.05422388855367899
2026-08-20 02:48:00,0.05422388855367899
2026-08-20 02:49:00,0.05422388855367899
2026-08-20 02:50:00,0.05562114994972944
2026-08-20 02:51:00,0.05562114994972944
2026-08-20 02:52:00,0.05562114994972944
2026-08-20 02:53:00,0.05562114994972944
2026-08-20 02:54:00,0.05562114994972944
2026-08-20 02:55:00,0.0576239675283432
2026-08-20 02:56:00,0.0576239675283432
2026-08-20 02:57:00,0.0576239675283432
2026-08-20 02:58:00,0.0576239675283432
2026-08-20 02:59:00,0.0576239675283432
2026-08-20 03:00:00,0.06167691387236118
2026-08-20 03:01:00,0.06167691387236118
2026-08-20 03:02:00,0.06167691387236118
2026-08-20 03:03:00,0.06167691387236118
2026-08-20 03:04:00,0.06167691387236118
2026-08-20 03:05:00,0.06730958074331284
2026-08-20 03:06:00,0.06730958074331284
2026-08-20 03:07:00,0.06730958074331284
2026-08-20 03:08:00,0.06730958074331284
2026-08-20 03:09:00,0.06730958074331284
2026-08-20 03:10:00,0.06738842371851206
2026-08-20 03:11:00,0.06738842371851206
2026-08-20 03:12:00,0.06738842371851206
2026-08-20 03:13:00,0.06738842371851206
2026-08-20 03:14:00,0.06738842371851206
2026-08-20 03:15:00,0.06805639993399382
2026-08-20 03:16:00,0.06805639993399382
2026-08-20 03:17:00,0.06805639993399382
2026-08-20 03:18:00,0.06805639993399382
2026-08-20 03:19:00,0.06805639993399382
2026-08-20 03:20:00,0.06667531188577414
2026-08-20 03:21:00,0.06667531188577414
2026-08-20 03:22:00,0.06667531188577414
2026-08-20 03:23:00,0.06667531188577414
2026-08-20 03:24:00,0.06667531188577414
2026-08-20 03:25:00,0.06657046731561422
2026-08-20 03:26:00,0.06657046731561422
2026-08-20 03:27:00,0.06657046731561422
2026-08-20 03:28:00,0.06657046731561422
2026-08-20 03:29:00,0.06657046731561422
2026-08-20 03:30:00,0.06671557202935219
2026-08-20 03:31:00,0.06671557202935219
2026-08-20 03:32:00,0.06671557202935219
2026-08-20 03:33:00,0.06671557202935219
2026-08-20 03:34:00,0.06671557202935219
2026-08-20 03:35:00,0.06167868245393038
2026-08-20 03:36:00,0.06167868245393038
2026-08-20 03:37:00,0.06167868245393038
2026-08-20 03:38:00,0.06167868245393038
2026-08-20 03:39:00,0.06167868245393038
2026-08-20 03:40:00,0.05803244933485985
2026-08-20 03:41:00,0.05803244933485985
2026-08-20 03:42:00,0.05803244933485985
2026-08-20 03:43:00,0.05803244933485985
2026-08-20 03:44:00,0.05803244933485985
2026-08-20 03:45:00,0.054328822530806065
2026-08-20 03:46:00,0.054328822530806065
2026-08-20 03:47:00,0.054328822530806065
2026-08-20 03:48:00,0.054328822530806065
2026-08-20 03:49:00,0.054328822530806065
2026-08-20 03:50:00,0.05316402669996023
2026-08-20 03:51:00,0.05316402669996023
2026-08-20 03:52:00,0.05316402669996023
2026-08-20 03:53:00,0.05316402669996023
2026-08-20 03:54:00,0.05316402669996023
2026-08-20 03:55:00,0.05494560580700636
2026-08-20 03:56:00,0.05494560580700636
2026-08-20 03:57:00,0.05494560580700636
2026-08-20 03:58:00,0.05494560580700636
2026-08-20 03:59:00,0.05494560580700636
2026-08-20 04:00:00,0.056505678221583366
2026-08-20 04:01:00,0.056505678221583366
2026-08-20 04:02:00,0.056505678221583366
2026-08-20 04:03:00,0.056505678221583366
2026-08-20 04:04:00,0.056505678221583366
2026-08-20 04:05:00,0.05755093041807413
2026-08-20 04:06:00,0.05755093041807413
2026-08-20 04:07:00,0.05755093041807413
2026-08-20 04:08:00,0.05755093041807413
2026-08-20 04:09:00,0.05755093041807413
2026-08-20 04:10:00,0.05751039460301399
2026-08-20 04:11:00,0.05751039460301399
2026-08-20 04:12:00,0.05751039460301399
2026-08-20 04:13:00,0.05751039460301399
2026-08-20 04:14:00,0.05751039460301399
2026-08-20 04:15:00,0.05783371161669493
2026-08-20 04:16:00,0.05783371161669493
2026-08-20 04:17:00,0.05783371161669493
2026-08-20 04:18:00,0.05783371161669493
2026-08-20 04:19:00,0.05783371161669493
2026-08-20 04:20:00,0.0703721335157752
2026-08-20 04:21:00,0.0703721335157752
2026-08-20 04:22:00,0.0703721335157752
2026-08-20 04:23:00,0.0703721335157752
2026-08-20 04:24:00,0.0703721335157752
2026-08-20 04:25:00,0.08538675215095282
2026-08-20 04:26:00,0.08538675215095282
2026-08-20 04:27:00,0.08538675215095282
2026-08-20 04:28:00,0.08538675215095282
2026-08-20 04:29:00,0.08538675215095282
2026-08-20 04:30:00,0.09955427423119545
2026-08-20 04:31:00,0.09955427423119545
2026-08-20 04:32:00,0.09955427423119545
2026-08-20 04:33:00,0.09955427423119545
2026-08-20 04:34:00,0.09955427423119545
2026-08-20 04:35:00,0.11263038963079453
2026-08-20 04:36:00,0.11263038963079453
2026-08-20 04:37:00,0.11263038963079453
2026-08-20 04:38:00,0.11263038963079453
2026-08-20 04:39:00,0.11263038963079453
2026-08-20 04:40:00,0.1009428109973669
2026-08-20 04:41:00,0.1009428109973669
2026-08-20 04:42:00,0.1009428109973669
2026-08-20 04:43:00,0.1009428109973669
2026-08-20 04:44:00,0.1009428109973669
2026-08-20 04:45:00,0.08856305107474327
2026-08-20 04:46:00,0.08856305107474327
2026-08-20 04:47:00,0.08856305107474327
2026-08-20 04:48:00,0.08856305107474327
2026-08-20 04:49:00,0.08856305107474327
2026-08-20 04:50:00,0.07794839143753052
2026-08-20 04:51:00,0.07794839143753052
2026-08-20 04:52:00,0.07794839143753052
2026-08-20 04:53:00,0.07794839143753052
2026-08-20 04:54:00,0.07794839143753052
2026-08-20 04:55:00,0.0682110134512186
2026-08-20 04:56:00,0.0682110134512186
2026-08-20 04:57:00,0.0682110134512186
2026-08-20 04:58:00,0.0682110134512186
2026-08-20 04:59:00,0.0682110134512186
2026-08-20 05:00:00,0.07117358222603798
2026-08-20 05:01:00,0.07117358222603798
2026-08-20 05:02:00,0.07117358222603798
2026-08-20 05:03:00,0.07117358222603798
2026-08-20 05:04:00,0.07117358222603798
2026-08-20 05:05:00,0.07123066857457161
2026-08-20 05:06:00,0.07123066857457161
2026-08-20 05:07:00,0.07123066857457161
2026-08-20 05:08:00,0.07123066857457161
2026-08-20 05:09:00,0.07123066857457161
2026-08-20 05:10:00,0.07141813635826111
2026-08-20 05:11:00,0.07141813635826111
2026-08-20 05:12:00,0.07141813635826111
2026-08-20 05:13:00,0.07141813635826111
2026-08-20 05:14:00,0.07141813635826111
2026-08-20 05:15:00,0.10864538513123989
2026-08-20 05:16:00,0.10864538513123989
2026-08-20 05:17:00,0.10864538513123989
2026-08-20 05:18:00,0.10864538513123989
2026-08-20 05:19:00,0.10864538513123989
2026-08-20 05:20:00,0.14543086476624012
2026-08-20 05:21:00,0.14543086476624012
2026-08-20 05:22:00,0.14543086476624012
2026-08-20 05:23:00,0.14543086476624012
2026-08-20 05:24:00,0.14543086476624012
2026-08-20 05:25:00,0.18490842171013355
2026-08-20 05:26:00,0.18490842171013355
2026-08-20 05:27:00,0.18490842171013355
2026-08-20 05:28:00,0.18490842171013355
2026-08-20 05:29:00,0.18490842171013355
2026-08-20 05:30:00,0.22151358053088188
2026-08-20 05:31:00,0.22151358053088188
2026-08-20 05:32:00,0.22151358053088188
2026-08-20 05:33:00,0.22151358053088188
2026-08-20 05:34:00,0.22151358053088188
2026-08-20 05:35:00,0.18210030160844326
2026-08-20 05:36:00,0.18210030160844326
2026-08-20 05:37:00,0.18210030160844326
2026-08-20 05:38:00,0.18210030160844326
2026-08-20 05:39:00,0.18210030160844326
2026-08-20 05:40:00,0.14202837366610765
2026-08-20 05:41:00,0.14202837366610765
2026-08-20 05:42:00,0.14202837366610765
2026-08-20 05:43:00,0.14202837366610765
2026-08-20 05:44:00,0.14202837366610765
2026-08-20 05:45:00,0.09961216803640127
2026-08-20 05:46:00,0.09961216803640127
2026-08-20 05:47:00,0.09961216803640127
2026-08-20 05:48:00,0.09961216803640127
2026-08-20 05:49:00,0.09961216803640127
2026-08-20 05:50:00,0.05774412676692009
2026-08-20 05:51:00,0.05774412676692009
2026-08-20 05:52:00,0.05774412676692009
2026-08-20 05:53:00,0.05774412676692009
2026-08-20 05:54:00,0.05774412676692009
2026-08-20 05:55:00,0.05441422946751118
2026-08-20 05:56:00,0.05441422946751118
2026-08-20 05:57:00,0.05441422946751118
2026-08-20 05:58:00,0.05441422946751118
2026-08-20 05:59:00,0.05441422946751118
2026-08-20 06:00:00,0.053474062122404575
2026-08-20 06:01:00,0.053474062122404575
2026-08-20 06:02:00,0.053474062122404575
2026-08-20 06:03:00,0.053474062122404575
2026-08-20 06:04:00,0.053474062122404575
2026-08-20 06:05:00,0.33139973413199186
2026-08-20 06:06:00,0.33139973413199186
2026-08-20 06:07:00,0.33139973413199186
2026-08-20 06:08:00,0.33139973413199186
2026-08-20 06:09:00,0.33139973413199186
2026-08-20 06:10:00,0.6106418501585722
2026-08-20 06:11:00,0.6106418501585722
2026-08-20 06:12:00,0.6106418501585722
2026-08-20 06:13:00,0.6106418501585722
2026-08-20 06:14:00,0.6106418501585722
2026-08-20 06:15:00,0.8906062860041857
2026-08-20 06:16:00,0.8906062860041857
2026-08-20 06:17:00,0.8906062860041857
2026-08-20 06:18:00,0.8906062860041857
2026-08-20 06:19:00,0.8906062860041857
2026-08-20 06:20:00,1.1688772439956665
2026-08-20 06:21:00,1.1688772439956665
2026-08-20 06:22:00,1.1688772439956665
2026-08-20 06:23:00,1.1688772439956665
2026-08-20 06:24:00,1.1688772439956665
2026-08-20 06:25:00,0.9382960237562656
2026-08-20 06:26:00,0.9382960237562656
2026-08-20 06:27:00,0.9382960237562656
2026-08-20 06:28:00,0.9382960237562656
2026-08-20 06:29:00,0.9382960237562656
2026-08-20 06:30:00,0.7073096446692944
2026-08-20 06:31:00,0.7073096446692944
2026-08-20 06:32:00,0.7073096446692944
2026-08-20 06:33:00,0.7073096446692944
2026-08-20 06:34:00,0.7073096446692944
2026-08-20 06:35:00,0.47626497596502304
2026-08-20 06:36:00,0.47626497596502304
2026-08-20 06:37:00,0.47626497596502304
2026-08-20 06:38:00,0.47626497596502304
2026-08-20 06:39:00,0.47626497596502304
2026-08-20 06:40:00,0.24583350867033005
2026-08-20 06:41:00,0.24583350867033005
2026-08-20 06:42:00,0.24583350867033005
2026-08-20 06:43:00,0.24583350867033005
2026-08-20 06:44:00,0.24583350867033005
2026-08-20 06:45:00,0.24600283801555634
2026-08-20 06:46:00,0.24600283801555634
2026-08-20 06:47:00,0.24600283801555634
2026-08-20 06:48:00,0.24600283801555634
2026-08-20 06:49:00,0.24600283801555634
2026-08-20 06:50:00,0.24496225640177727
2026-08-20 06:51:00,0.24496225640177727
2026-08-20 06:52:00,0.24496225640177727
2026-08-20 06:53:00,0.24496225640177727
2026-08-20 06:54:00,0.24496225640177727
2026-08-20 06:55:00,0.24408768862485886
2026-08-20 06:56:00,0.24408768862485886
2026-08-20 06:57:00,0.24408768862485886
2026-08-20 06:58:00,0.24408768862485886
2026-08-20 06:59:00,0.24408768862485886
2026-08-20 07:00:00,0.24209601432085037
2026-08-20 07:01:00,0.24209601432085037
2026-08-20 07:02:00,0.24209601432085037
2026-08-20 07:03:00,0.24209601432085037
2026-08-20 07:04:00,0.24209601432085037
2026-08-20 07:05:00,0.23891055956482887
2026-08-20 07:06:00,0.23891055956482887
2026-08-20 07:07:00,0.23891055956482887
2026-08-20 07:08:00,0.23891055956482887
2026-08-20 07:09:00,0.23891055956482887
2026-08-20 07:10:00,0.23795874416828156
2026-08-20 07:11:00,0.23795874416828156
2026-08-20 07:12:00,0.23795874416828156
2026-08-20 07:13:00,0.23795874416828156
2026-08-20 07:14:00,0.23795874416828156
2026-08-20 07:15:00,0.23607713356614113
2026-08-20 07:16:00,0.23607713356614113
2026-08-20 07:17:00,0.23607713356614113
2026-08-20 07:18:00,0.23607713356614113
2026-08-20 07:19:00,0.23607713356614113
2026-08-20 07:20:00,0.23489463701844215
2026-08-20 07:21:00,0.23489463701844215
2026-08-20 07:22:00,0.23489463701844215
2026-08-20 07:23:00,0.23489463701844215
2026-08-20 07:24:00,0.23489463701844215
2026-08-20 07:25:00,0.18922127597033978
2026-08-20 07:26:00,0.18922127597033978
2026-08-20 07:27:00,0.18922127597033978
2026-08-20 07:28:00,0.18922127597033978
2026-08-20 07:29:00,0.18922127597033978
2026-08-20 07:30:00,0.1449807621538639
2026-08-20 07:31:00,0.1449807621538639
2026-08-20 07:32:00,0.1449807621538639
2026-08-20 07:33:00,0.1449807621538639
2026-08-20 07:34:00,0.1449807621538639
2026-08-20 07:35:00,0.1022031158208847
2026-08-20 07:36:00,0.1022031158208847
2026-08-20 07:37:00,0.1022031158208847
2026-08-20 07:38:00,0.1022031158208847
2026-08-20 07:39:00,0.1022031158208847
2026-08-20 07:40:00,0.06035306677222252
2026-08-20 07:41:00,0.06035306677222252
2026-08-20 07:42:00,0.06035306677222252
2026-08-20 07:43:00,0.06035306677222252
2026-08-20 07:44:00,0.06035306677222252
2026-08-20 07:45:00,0.09470107220113277
2026-08-20 07:46:00,0.09470107220113277
2026-08-20 07:47:00,0.09470107220113277
2026-08-20 07:48:00,0.09470107220113277
2026-08-20 07:49:00,0.09470107220113277
2026-08-20 07:50:00,0.18344726413488388
2026-08-20 07:51:00,0.18344726413488388
2026-08-20 07:52:00,0.18344726413488388
2026-08-20 07:53:00,0.18344726413488388
2026-08-20 07:54:00,0.18344726413488388
2026-08-20 07:55:00,0.32142527401447296
2026-08-20 07:56:00,0.32142527401447296
2026-08-20 07:57:00,0.32142527401447296
2026-08-20 07:58:00,0.32142527401447296
2026-08-20 07:59:00,0.32142527401447296
2026-08-20 08:00:00,0.5096472539007664
2026-08-20 08:01:00,0.5096472539007664
2026-08-20 08:02:00,0.5096472539007664
2026-08-20 08:03:00,0.5096472539007664
2026-08-20 08:04:00,0.5096472539007664
2026-08-20 08:05:00,0.6338057294487953
2026-08-20 08:06:00,0.6338057294487953
2026-08-20 08:07:00,0.6338057294487953
2026-08-20 08:08:00,0.6338057294487953
2026-08-20 08:09:00,0.6338057294487953
2026-08-20 08:10:00,0.6500093787908554
2026-08-20 08:11:00,0.6500093787908554
2026-08-20 08:12:00,0.6500093787908554
2026-08-20 08:13:00,0.6500093787908554
2026-08-20 08:14:00,0.6500093787908554
2026-08-20 08:15:00,0.5616009011864662
2026-08-20 08:16:00,0.5616009011864662
2026-08-20 08:17:00,0.5616009011864662
2026-08-20 08:18:00,0.5616009011864662
2026-08-20 08:19:00,0.5616009011864662
2026-08-20 08:20:00,0.37516646087169647
2026-08-20 08:21:00,0.37516646087169647
2026-08-20 08:22:00,0.37516646087169647
2026-08-20 08:23:00,0.37516646087169647
2026-08-20 08:24:00,0.37516646087169647
2026-08-20 08:25:00,0.2217143140733242
2026-08-20 08:26:00,0.2217143140733242
2026-08-20 08:27:00,0.2217143140733242
2026-08-20 08:28:00,0.2217143140733242
2026-08-20 08:29:00,0.2217143140733242
2026-08-20 08:30:00,0.1198496576398611
2026-08-20 08:31:00,0.1198496576398611
2026-08-20 08:32:00,0.1198496576398611
2026-08-20 08:33:00,0.1198496576398611
2026-08-20 08:34:00,0.1198496576398611
2026-08-20 08:35:00,0.07257802784442902
2026-08-20 08:36:00,0.07257802784442902
2026-08-20 08:37:00,0.07257802784442902
2026-08-20 08:38:00,0.07257802784442902
2026-08-20 08:39:00,0.07257802784442902
2026-08-20 08:40:00,0.07396588660776615
2026-08-20 08:41:00,0.07396588660776615
2026-08-20 08:42:00,0.07396588660776615
2026-08-20 08:43:00,0.07396588660776615
2026-08-20 08:44:00,0.07396588660776615
2026-08-20 08:45:00,0.07560299523174763
2026-08-20 08:46:00,0.07560299523174763
2026-08-20 08:47:00,0.07560299523174763
2026-08-20 08:48:00,0.07560299523174763
2026-08-20 08:49:00,0.07560299523174763
2026-08-20 08:50:00,0.07824418321251869
2026-08-20 08:51:00,0.07824418321251869
2026-08-20 08:52:00,0.07824418321251869
2026-08-20 08:53:00,0.07824418321251869
2026-08-20 08:54:00,0.07824418321251869
2026-08-20 08:55:00,0.08390147797763348
2026-08-20 08:56:00,0.08390147797763348
2026-08-20 08:57:00,0.08390147797763348
2026-08-20 08:58:00,0.08390147797763348
2026-08-20 08:59:00,0.08390147797763348
2026-08-20 09:00:00,0.0891924798488617
2026-08-20 09:01:00,0.0891924798488617
2026-08-20 09:02:00,0.0891924798488617
2026-08-20 09:03:00,0.0891924798488617
2026-08-20 09:04:00,0.0891924798488617
2026-08-20 09:05:00,0.0897185392677784
2026-08-20 09:06:00,0.0897185392677784
2026-08-20 09:07:00,0.0897185392677784
2026-08-20 09:08:00,0.0897185392677784
2026-08-20 09:09:00,0.0897185392677784
2026-08-20 09:10:00,0.08484219573438168
2026-08-20 09:11:00,0.08484219573438168
2026-08-20 09:12:00,0.08484219573438168
2026-08-20 09:13:00,0.08484219573438168
2026-08-20 09:14:00,0.08484219573438168
2026-08-20 09:15:00,0.07720772735774517
2026-08-20 09:16:00,0.07720772735774517
2026-08-20 09:17:00,0.07720772735774517
2026-08-20 09:18:00,0.07720772735774517
2026-08-20 09:19:00,0.07720772735774517
2026-08-20 09:20:00,0.06910478509962559
2026-08-20 09:21:00,0.06910478509962559
2026-08-20 09:22:00,0.06910478509962559
2026-08-20 09:23:00,0.06910478509962559
2026-08-20 09:24:00,0.06910478509962559
2026-08-20 09:25:00,0.06614412367343903
2026-08-20 09:26:00,0.06614412367343903
2026-08-20 09:27:00,0.06614412367343903
2026-08-20 09:28:00,0.06614412367343903
2026-08-20 09:29:00,0.06614412367343903
2026-08-20 09:30:00,0.33170932717621326
2026-08-20 09:31:00,0.33170932717621326
2026-08-20 09:32:00,0.33170932717621326
2026-08-20 09:33:00,0.33170932717621326
2026-08-20 09:34:00,0.33170932717621326
2026-08-20 09:35:00,0.5970588158816099
2026-08-20 09:36:00,0.5970588158816099
2026-08-20 09:37:00,0.5970588158816099
2026-08-20 09:38:00,0.5970588158816099
2026-08-20 09:39:00,0.5970588158816099
2026-08-20 09:40:00,0.8612686675041914
2026-08-20 09:41:00,0.8612686675041914
2026-08-20 09:42:00,0.8612686675041914
2026-08-20 09:43:00,0.8612686675041914
2026-08-20 09:44:00,0.8612686675041914
2026-08-20 09:45:00,1.125844419002533
2026-08-20 09:46:00,1.125844419002533
2026-08-20 09:47:00,1.125844419002533
2026-08-20 09:48:00,1.125844419002533
2026-08-20 09:49:00,1.125844419002533
2026-08-20 09:50:00,0.897697176784277
2026-08-20 09:51:00,0.897697176784277
2026-08-20 09:52:00,0.897697176784277
2026-08-20 09:53:00,0.897697176784277
2026-08-20 09:54:00,0.897697176784277
2026-08-20 09:55:00,0.67079221829772
2026-08-20 09:56:00,0.67079221829772
2026-08-20 09:57:00,0.67079221829772
2026-08-20 09:58:00,0.67079221829772
2026-08-20 09:59:00,0.67079221829772
2026-08-20 10:00:00,0.4435441270470619
2026-08-20 10:01:00,0.4435441270470619
2026-08-20 10:02:00,0.4435441270470619
2026-08-20 10:03:00,0.4435441270470619
2026-08-20 10:04:00,0.4435441270470619
2026-08-20 10:05:00,0.21553492546081543
2026-08-20 10:06:00,0.21553492546081543
2026-08-20 10:07:00,0.21553492546081543
2026-08-20 10:08:00,0.21553492546081543
2026-08-20 10:09:00,0.21553492546081543
2026-08-20 10:10:00,0.21646253019571304
2026-08-20 10:11:00,0.21646253019571304
2026-08-20 10:12:00,0.21646253019571304
2026-08-20 10:13:00,0.21646253019571304
2026-08-20 10:14:00,0.21646253019571304
2026-08-20 10:15:00,0.21530242264270782
2026-08-20 10:16:00,0.21530242264270782
2026-08-20 10:17:00,0.21530242264270782
2026-08-20 10:18:00,0.21530242264270782
2026-08-20 10:19:00,0.21530242264270782
2026-08-20 10:20:00,0.21476788446307182
2026-08-20 10:21:00,0.21476788446307182
2026-08-20 10:22:00,0.21476788446307182
2026-08-20 10:23:00,0.21476788446307182
2026-08-20 10:24:00,0.21476788446307182
2026-08-20 10:25:00,0.2157454565167427
2026-08-20 10:26:00,0.2157454565167427
2026-08-20 10:27:00,0.2157454565167427
2026-08-20 10:28:00,0.2157454565167427
2026-08-20 10:29:00,0.2157454565167427
2026-08-20 10:30:00,0.21547379717230797
2026-08-20 10:31:00,0.21547379717230797
2026-08-20 10:32:00,0.21547379717230797
2026-08-20 10:33:00,0.21547379717230797
2026-08-20 10:34:00,0.21547379717230797
2026-08-20 10:35:00,0.21600746363401413
2026-08-20 10:36:00,0.21600746363401413
2026-08-20 10:37:00,0.21600746363401413
2026-08-20 10:38:00,0.21600746363401413
2026-08-20 10:39:00,0.21600746363401413
2026-08-20 10:40:00,0.21749776229262352
2026-08-20 10:41:00,0.21749776229262352
2026-08-20 10:42:00,0.21749776229262352
2026-08-20 10:43:00,0.21749776229262352
2026-08-20 10:44:00,0.21749776229262352
2026-08-20 10:45:00,0.21716350317001343
2026-08-20 10:46:00,0.21716350317001343
2026-08-20 10:47:00,0.21716350317001343
2026-08-20 10:48:00,0.21716350317001343
2026-08-20 10:49:00,0.21716350317001343
2026-08-20 10:50:00,0.17836311645805836
2026-08-20 10:51:00,0.17836311645805836
2026-08-20 10:52:00,0.17836311645805836
2026-08-20 10:53:00,0.17836311645805836
2026-08-20 10:54:00,0.17836311645805836
2026-08-20 10:55:00,0.13856351282447577
2026-08-20 10:56:00,0.13856351282447577
2026-08-20 10:57:00,0.13856351282447577
2026-08-20 10:58:00,0.13856351282447577
2026-08-20 10:59:00,0.13856351282447577
2026-08-20 11:00:00,0.09734998736530542
2026-08-20 11:01:00,0.09734998736530542
2026-08-20 11:02:00,0.09734998736530542
2026-08-20 11:03:00,0.09734998736530542
2026-08-20 11:04:00,0.09734998736530542
2026-08-20 11:05:00,0.05680826399475336
2026-08-20 11:06:00,0.05680826399475336
2026-08-20 11:07:00,0.05680826399475336
2026-08-20 11:08:00,0.05680826399475336
2026-08-20 11:09:00,0.05680826399475336
2026-08-20 11:10:00,0.056140546686947346
2026-08-20 11:11:00,0.056140546686947346
2026-08-20 11:12:00,0.056140546686947346
2026-08-20 11:13:00,0.056140546686947346
2026-08-20 11:14:00,0.056140546686947346
2026-08-20 11:15:00,0.1052926816046238
2026-08-20 11:16:00,0.1052926816046238
2026-08-20 11:17:00,0.1052926816046238
2026-08-20 11:18:00,0.1052926816046238
2026-08-20 11:19:00,0.1052926816046238
2026-08-20 11:20:00,0.1534187998622656
2026-08-20 11:21:00,0.1534187998622656
2026-08-20 11:22:00,0.1534187998622656
2026-08-20 11:23:00,0.1534187998622656
2026-08-20 11:24:00,0.1534187998622656
2026-08-20 11:25:00,0.20282634161412716
2026-08-20 11:26:00,0.20282634161412716
2026-08-20 11:27:00,0.20282634161412716
2026-08-20 11:28:00,0.20282634161412716
2026-08-20 11:29:00,0.20282634161412716
2026-08-20 11:30:00,0.2504681199789047
2026-08-20 11:31:00,0.2504681199789047
2026-08-20 11:32:00,0.2504681199789047
2026-08-20 11:33:00,0.2504681199789047
2026-08-20 11:34:00,0.2504681199789047
2026-08-20 11:35:00,0.23365630581974983
2026-08-20 11:36:00,0.23365630581974983
2026-08-20 11:37:00,0.23365630581974983
2026-08-20 11:38:00,0.23365630581974983
2026-08-20 11:39:00,0.23365630581974983
2026-08-20 11:40:00,0.21815326809883118
2026-08-20 11:41:00,0.21815326809883118
2026-08-20 11:42:00,0.21815326809883118
2026-08-20 11:43:00,0.21815326809883118
2026-08-20 11:44:00,0.21815326809883118
2026-08-20 11:45:00,0.20182589441537857
2026-08-20 11:46:00,0.20182589441537857
2026-08-20 11:47:00,0.20182589441537857
2026-08-20 11:48:00,0.20182589441537857
2026-08-20 11:49:00,0.20182589441537857
2026-08-20 11:50:00,0.18593741953372955
2026-08-20 11:51:00,0.18593741953372955
2026-08-20 11:52:00,0.18593741953372955
2026-08-20 11:53:00,0.18593741953372955
2026-08-20 11:54:00,0.18593741953372955
2026-08-20 11:55:00,0.15303851291537285
2026-08-20 11:56:00,0.15303851291537285
2026-08-20 11:57:00,0.15303851291537285
2026-08-20 11:58:00,0.15303851291537285
2026-08-20 11:59:00,0.15303851291537285
2026-08-20 12:00:00,0.12129979114979506
2026-08-20 12:01:00,0.12129979114979506
2026-08-20 12:02:00,0.12129979114979506
2026-08-20 12:03:00,0.12129979114979506
2026-08-20 12:04:00,0.12129979114979506
2026-08-20 12:05:00,0.09035153407603502
2026-08-20 12:06:00,0.09035153407603502
2026-08-20 12:07:00,0.09035153407603502
2026-08-20 12:08:00,0.09035153407603502
2026-08-20 12:09:00,0.09035153407603502
2026-08-20 12:10:00,0.06133362930268049
2026-08-20 12:11:00,0.06133362930268049
2026-08-20 12:12:00,0.06133362930268049
2026-08-20 12:13:00,0.06133362930268049
2026-08-20 12:14:00,0.06133362930268049
2026-08-20 12:15:00,0.06307672057300806
2026-08-20 12:16:00,0.06307672057300806
2026-08-20 12:17:00,0.06307672057300806
2026-08-20 12:18:00,0.06307672057300806
2026-08-20 12:19:00,0.06307672057300806
2026-08-20 12:20:00,0.06266891118139029
2026-08-20 12:21:00,0.06266891118139029
2026-08-20 12:22:00,0.06266891118139029
2026-08-20 12:23:00,0.06266891118139029
2026-08-20 12:24:00,0.06266891118139029
2026-08-20 12:25:00,0.061986771412193775
2026-08-20 12:26:00,0.061986771412193775
2026-08-20 12:27:00,0.061986771412193775
2026-08-20 12:28:00,0.061986771412193775
2026-08-20 12:29:00,0.061986771412193775
2026-08-20 12:30:00,0.058603364042937756
2026-08-20 12:31:00,0.058603364042937756
2026-08-20 12:32:00,0.058603364042937756
2026-08-20 12:33:00,0.058603364042937756
2026-08-20 12:34:00,0.058603364042937756
2026-08-20 12:35:00,0.055648005567491055
2026-08-20 12:36:00,0.055648005567491055
2026-08-20 12:37:00,0.055648005567491055
2026-08-20 12:38:00,0.055648005567491055
2026-08-20 12:39:00,0.055648005567491055
2026-08-20 12:40:00,0.05298333056271076
2026-08-20 12:41:00,0.05298333056271076
2026-08-20 12:42:00,0.05298333056271076
2026-08-20 12:43:00,0.05298333056271076
2026-08-20 12:44:00,0.05298333056271076
2026-08-20 12:45:00,0.05003824643790722
2026-08-20 12:46:00,0.05003824643790722
2026-08-20 12:47:00,0.05003824643790722
2026-08-20 12:48:00,0.05003824643790722
2026-08-20 12:49:00,0.05003824643790722
2026-08-20 12:50:00,0.04901859350502491
2026-08-20 12:51:00,0.04901859350502491
2026-08-20 12:52:00,0.04901859350502491
2026-08-20 12:53:00,0.04901859350502491
2026-08-20 12:54:00,0.04901859350502491
2026-08-20 12:55:00,0.04953322745859623
2026-08-20 12:56:00,0.04953322745859623
2026-08-20 12:57:00,0.04953322745859623
2026-08-20 12:58:00,0.04953322745859623
2026-08-20 12:59:00,0.04953322745859623
2026-08-20 13:00:00,0.050889285281300545
2026-08-20 13:01:00,0.050889285281300545
2026-08-20 13:02:00,0.050889285281300545
2026-08-20 13:03:00,0.050889285281300545
2026-08-20 13:04:00,0.050889285281300545
2026-08-20 13:05:00,0.05156129039824009
2026-08-20 13:06:00,0.05156129039824009
2026-08-20 13:07:00,0.05156129039824009
2026-08-20 13:08:00,0.05156129039824009
2026-08-20 13:09:00,0.05156129039824009
2026-08-20 13:10:00,0.051721371710300446
2026-08-20 13:11:00,0.051721371710300446
2026-08-20 13:12:00,0.051721371710300446
2026-08-20 13:13:00,0.051721371710300446
2026-08-20 13:14:00,0.051721371710300446
2026-08-20 13:15:00,0.05358999874442816
2026-08-20 13:16:00,0.05358999874442816
2026-08-20 13:17:00,0.05358999874442816
2026-08-20 13:18:00,0.05358999874442816
2026-08-20 13:19:00,0.05358999874442816
2026-08-20 13:20:00,0.05660426151007414
2026-08-20 13:21:00,0.05660426151007414
2026-08-20 13:22:00,0.05660426151007414
2026-08-20 13:23:00,0.05660426151007414
2026-08-20 13:24:00,0.05660426151007414
2026-08-20 13:25:00,0.06298133078962564
2026-08-20 13:26:00,0.06298133078962564
2026-08-20 13:27:00,0.06298133078962564
2026-08-20 13:28:00,0.06298133078962564
2026-08-20 13:29:00,0.06298133078962564
2026-08-20 13:30:00,0.07158225495368242
2026-08-20 13:31:00,0.07158225495368242
2026-08-20 13:32:00,0.07158225495368242
2026-08-20 13:33:00,0.07158225495368242
2026-08-20 13:34:00,0.07158225495368242
2026-08-20 13:35:00,0.07485317997634411
2026-08-20 13:36:00,0.07485317997634411
2026-08-20 13:37:00,0.07485317997634411
2026-08-20 13:38:00,0.07485317997634411
2026-08-20 13:39:00,0.07485317997634411
2026-08-20 13:40:00,0.07762844860553741
2026-08-20 13:41:00,0.07762844860553741
2026-08-20 13:42:00,0.07762844860553741
2026-08-20 13:43:00,0.07762844860553741
2026-08-20 13:44:00,0.07762844860553741
2026-08-20 13:45:00,0.3058546017855406
2026-08-20 13:46:00,0.3058546017855406
2026-08-20 13:47:00,0.3058546017855406
2026-08-20 13:48:00,0.3058546017855406
2026-08-20 13:49:00,0.3058546017855406
2026-08-20 13:50:00,0.5319452993571758
2026-08-20 13:51:00,0.5319452993571758
2026-08-20 13:52:00,0.5319452993571758
2026-08-20 13:53:00,0.5319452993571758
2026-08-20 13:54:00,0.5319452993571758
2026-08-20 13:55:00,0.7623527739197016
2026-08-20 13:56:00,0.7623527739197016
2026-08-20 13:57:00,0.7623527739197016
2026-08-20 13:58:00,0.7623527739197016
2026-08-20 13:59:00,0.7623527739197016
2026-08-20 14:00:00,0.9920182675123215
2026-08-20 14:01:00,0.9920182675123215
2026-08-20 14:02:00,0.9920182675123215
2026-08-20 14:03:00,0.9920182675123215
2026-08-20 14:04:00,0.9920182675123215
2026-08-20 14:05:00,0.7871749512851238
2026-08-20 14:06:00,0.7871749512851238
2026-08-20 14:07:00,0.7871749512851238
2026-08-20 14:08:00,0.7871749512851238
2026-08-20 14:09:00,0.7871749512851238
2026-08-20 14:10:00,0.581651221960783
2026-08-20 14:11:00,0.581651221960783
2026-08-20 14:12:00,0.581651221960783
2026-08-20 14:13:00,0.581651221960783
2026-08-20 14:14:00,0.581651221960783
2026-08-20 14:15:00,0.3747997507452965
2026-08-20 14:16:00,0.3747997507452965
2026-08-20 14:17:00,0.3747997507452965
2026-08-20 14:18:00,0.3747997507452965
2026-08-20 14:19:00,0.3747997507452965
2026-08-20 14:20:00,0.16713538765907288
2026-08-20 14:21:00,0.16713538765907288
2026-08-20 14:22:00,0.16713538765907288
2026-08-20 14:23:00,0.16713538765907288
2026-08-20 14:24:00,0.16713538765907288
2026-08-20 14:25:00,0.16594930738210678
2026-08-20 14:26:00,0.16594930738210678
2026-08-20 14:27:00,0.16594930738210678
2026-08-20 14:28:00,0.16594930738210678
2026-08-20 14:29:00,0.16594930738210678
2026-08-20 14:30:00,0.16551608219742775
2026-08-20 14:31:00,0.16551608219742775
2026-08-20 14:32:00,0.16551608219742775
2026-08-20 14:33:00,0.16551608219742775
2026-08-20 14:34:00,0.16551608219742775
2026-08-20 14:35:00,0.1667550690472126
2026-08-20 14:36:00,0.1667550690472126
2026-08-20 14:37:00,0.1667550690472126
2026-08-20 14:38:00,0.1667550690472126
2026-08-20 14:39:00,0.1667550690472126
2026-08-20 14:40:00,0.1696021482348442
2026-08-20 14:41:00,0.1696021482348442
2026-08-20 14:42:00,0.1696021482348442
2026-08-20 14:43:00,0.1696021482348442
2026-08-20 14:44:00,0.1696021482348442
2026-08-20 14:45:00,0.17051804438233376
2026-08-20 14:46:00,0.17051804438233376
2026-08-20 14:47:00,0.17051804438233376
2026-08-20 14:48:00,0.17051804438233376
2026-08-20 14:49:00,0.17051804438233376
2026-08-20 14:50:00,0.17102914676070213
2026-08-20 14:51:00,0.17102914676070213
2026-08-20 14:52:00,0.17102914676070213
2026-08-20 14:53:00,0.17102914676070213
2026-08-20 14:54:00,0.17102914676070213
2026-08-20 14:55:00,0.17003637924790382
2026-08-20 14:56:00,0.17003637924790382
2026-08-20 14:57:00,0.17003637924790382
2026-08-20 14:58:00,0.17003637924790382
2026-08-20 14:59:00,0.17003637924790382
2026-08-20 15:00:00,0.16808337345719337
2026-08-20 15:01:00,0.16808337345719337
2026-08-20 15:02:00,0.16808337345719337
2026-08-20 15:03:00,0.16808337345719337
2026-08-20 15:04:00,0.16808337345719337
2026-08-20 15:05:00,0.14027796126902103
2026-08-20 15:06:00,0.14027796126902103
2026-08-20 15:07:00,0.14027796126902103
2026-08-20 15:08:00,0.14027796126902103
2026-08-20 15:09:00,0.14027796126902103
2026-08-20 15:10:00,0.11338452808558941
2026-08-20 15:11:00,0.11338452808558941
2026-08-20 15:12:00,0.11338452808558941
2026-08-20 15:13:00,0.11338452808558941
2026-08-20 15:14:00,0.11338452808558941
2026-08-20 15:15:00,0.08407497685402632
2026-08-20 15:16:00,0.08407497685402632
2026-08-20 15:17:00,0.08407497685402632
2026-08-20 15:18:00,0.08407497685402632
2026-08-20 15:19:00,0.08407497685402632
2026-08-20 15:20:00,0.055379669182002544
2026-08-20 15:21:00,0.055379669182002544
2026-08-20 15:22:00,0.055379669182002544
2026-08-20 15:23:00,0.055379669182002544
2026-08-20 15:24:00,0.055379669182002544
2026-08-20 15:25:00,0.052738272584974766
2026-08-20 15:26:00,0.052738272584974766
2026-08-20 15:27:00,0.052738272584974766
2026-08-20 15:28:00,0.052738272584974766
2026-08-20 15:29:00,0.052738272584974766
2026-08-20 15:30:00,0.05177833139896393
2026-08-20 15:31:00,0.05177833139896393
2026-08-20 15:32:00,0.05177833139896393
2026-08-20 15:33:00,0.05177833139896393
2026-08-20 15:34:00,0.05177833139896393
2026-08-20 15:35:00,0.055298478342592716
2026-08-20 15:36:00,0.055298478342592716
2026-08-20 15:37:00,0.055298478342592716
2026-08-20 15:38:00,0.055298478342592716
2026-08-20 15:39:00,0.055298478342592716
2026-08-20 15:40:00,0.06850398983806372
2026-08-20 15:41:00,0.06850398983806372
2026-08-20 15:42:00,0.06850398983806372
2026-08-20 15:43:00,0.06850398983806372
2026-08-20 15:44:00,0.06850398983806372
2026-08-20 15:45:00,0.08235977683216333
2026-08-20 15:46:00,0.08235977683216333
2026-08-20 15:47:00,0.08235977683216333
2026-08-20 15:48:00,0.08235977683216333
2026-08-20 15:49:00,0.08235977683216333
2026-08-20 15:50:00,0.09338491223752499
2026-08-20 15:51:00,0.09338491223752499
2026-08-20 15:52:00,0.09338491223752499
2026-08-20 15:53:00,0.09338491223752499
2026-08-20 15:54:00,0.09338491223752499
2026-08-20 15:55:00,0.10494903661310673
2026-08-20 15:56:00,0.10494903661310673
2026-08-20 15:57:00,0.10494903661310673
2026-08-20 15:58:00,0.10494903661310673
2026-08-20 15:59:00,0.10494903661310673
2026-08-20 16:00:00,0.09322397597134113
2026-08-20 16:01:00,0.09322397597134113
2026-08-20 16:02:00,0.09322397597134113
2026-08-20 16:03:00,0.09322397597134113
2026-08-20 16:04:00,0.09322397597134113
2026-08-20 16:05:00,0.08122607320547104
2026-08-20 16:06:00,0.08122607320547104
2026-08-20 16:07:00,0.08122607320547104
2026-08-20 16:08:00,0.08122607320547104
2026-08-20 16:09:00,0.08122607320547104
2026-08-20 16:10:00,0.06959984730929136
2026-08-20 16:11:00,0.06959984730929136
2026-08-20 16:12:00,0.06959984730929136
2026-08-20 16:13:00,0.06959984730929136
2026-08-20 16:14:00,0.06959984730929136
2026-08-20 16:15:00,0.05555070377886295
2026-08-20 16:16:00,0.05555070377886295
2026-08-20 16:17:00,0.05555070377886295
2026-08-20 16:18:00,0.05555070377886295
2026-08-20 16:19:00,0.05555070377886295
2026-08-20 16:20:00,0.054942783899605274
2026-08-20 16:21:00,0.054942783899605274
2026-08-20 16:22:00,0.054942783899605274
2026-08-20 16:23:00,0.054942783899605274
2026-08-20 16:24:00,0.054942783899605274
2026-08-20 16:25:00,0.057196916081011295
2026-08-20 16:26:00,0.057196916081011295
2026-08-20 16:27:00,0.057196916081011295
2026-08-20 16:28:00,0.057196916081011295
2026-08-20 16:29:00,0.057196916081011295
2026-08-20 16:30:00,0.05887698754668236
2026-08-20 16:31:00,0.05887698754668236
2026-08-20 16:32:00,0.05887698754668236
2026-08-20 16:33:00,0.05887698754668236
2026-08-20 16:34:00,0.05887698754668236
2026-08-20 16:35:00,0.05911651719361544
2026-08-20 16:36:00,0.05911651719361544
2026-08-20 16:37:00,0.05911651719361544
2026-08-20 16:38:00,0.05911651719361544
2026-08-20 16:39:00,0.05911651719361544
2026-08-20 16:40:00,0.05838952958583832
2026-08-20 16:41:00,0.05838952958583832
2026-08-20 16:42:00,0.05838952958583832
2026-08-20 16:43:00,0.05838952958583832
2026-08-20 16:44:00,0.05838952958583832
2026-08-20 16:45:00,0.05597487464547157
2026-08-20 16:46:00,0.05597487464547157
2026-08-20 16:47:00,0.05597487464547157
2026-08-20 16:48:00,0.05597487464547157
2026-08-20 16:49:00,0.05597487464547157
2026-08-20 16:50:00,0.055734748020768166
2026-08-20 16:51:00,0.055734748020768166
2026-08-20 16:52:00,0.055734748020768166
2026-08-20 16:53:00,0.055734748020768166
2026-08-20 16:54:00,0.055734748020768166
2026-08-20 16:55:00,0.05736747104674578
2026-08-20 16:56:00,0.05736747104674578
2026-08-20 16:57:00,0.05736747104674578
2026-08-20 16:58:00,0.05736747104674578
2026-08-20 16:59:00,0.05736747104674578
2026-08-20 17:00:00,0.05686028115451336
2026-08-20 17:01:00,0.05686028115451336
2026-08-20 17:02:00,0.05686028115451336
2026-08-20 17:03:00,0.05686028115451336
2026-08-20 17:04:00,0.05686028115451336
2026-08-20 17:05:00,0.054796420969069004
2026-08-20 17:06:00,0.054796420969069004
2026-08-20 17:07:00,0.054796420969069004
2026-08-20 17:08:00,0.054796420969069004
2026-08-20 17:09:00,0.054796420969069004
2026-08-20 17:10:00,0.05271921306848526
2026-08-20 17:11:00,0.05271921306848526
2026-08-20 17:12:00,0.05271921306848526
2026-08-20 17:13:00,0.05271921306848526
2026-08-20 17:14:00,0.05271921306848526
2026-08-20 17:15:00,0.053437829948961735
2026-08-20 17:16:00,0.053437829948961735
2026-08-20 17:17:00,0.053437829948961735
2026-08-20 17:18:00,0.053437829948961735
2026-08-20 17:19:00,0.053437829948961735
2026-08-20 17:20:00,0.055009071715176105
2026-08-20 17:21:00,0.055009071715176105
2026-08-20 17:22:00,0.055009071715176105
2026-08-20 17:23:00,0.055009071715176105
2026-08-20 17:24:00,0.055009071715176105
2026-08-20 17:25:00,0.05652758106589317
2026-08-20 17:26:00,0.05652758106589317
2026-08-20 17:27:00,0.05652758106589317
2026-08-20 17:28:00,0.05652758106589317
2026-08-20 17:29:00,0.05652758106589317
2026-08-20 17:30:00,0.055865892209112644
2026-08-20 17:31:00,0.055865892209112644
2026-08-20 17:32:00,0.055865892209112644
2026-08-20 17:33:00,0.055865892209112644
2026-08-20 17:34:00,0.055865892209112644
2026-08-20 17:35:00,0.04979103151708841
2026-08-20 17:36:00,0.04979103151708841
2026-08-20 17:37:00,0.04979103151708841
2026-08-20 17:38:00,0.04979103151708841
2026-08-20 17:39:00,0.04979103151708841
2026-08-20 17:40:00,0.048188891261816025
2026-08-20 17:41:00,0.048188891261816025
2026-08-20 17:42:00,0.048188891261816025
2026-08-20 17:43:00,0.048188891261816025
2026-08-20 17:44:00,0.048188891261816025
2026-08-20 17:45:00,0.04805967956781387
2026-08-20 17:46:00,0.04805967956781387
2026-08-20 17:47:00,0.04805967956781387
2026-08-20 17:48:00,0.04805967956781387
2026-08-20 17:49:00,0.04805967956781387
2026-08-20 17:50:00,0.04795448575168848
2026-08-20 17:51:00,0.04795448575168848
2026-08-20 17:52:00,0.04795448575168848
2026-08-20 17:53:00,0.04795448575168848
2026-08-20 17:54:00,0.04795448575168848
2026-08-20 17:55:00,0.050140799023211
2026-08-20 17:56:00,0.050140799023211
2026-08-20 17:57:00,0.050140799023211
2026-08-20 17:58:00,0.050140799023211
2026-08-20 17:59:00,0.050140799023211
2026-08-20 18:00:00,0.04959618300199509
2026-08-20 18:01:00,0.04959618300199509
2026-08-20 18:02:00,0.04959618300199509
2026-08-20 18:03:00,0.04959618300199509
2026-08-20 18:04:00,0.04959618300199509
2026-08-20 18:05:00,0.04904725681990385
2026-08-20 18:06:00,0.04904725681990385
2026-08-20 18:07:00,0.04904725681990385
2026-08-20 18:08:00,0.04904725681990385
2026-08-20 18:09:00,0.04904725681990385
2026-08-20 18:10:00,0.050395176745951176
2026-08-20 18:11:00,0.050395176745951176
2026-08-20 18:12:00,0.050395176745951176
2026-08-20 18:13:00,0.050395176745951176
2026-08-20 18:14:00,0.050395176745951176
2026-08-20 18:15:00,0.051006161607801914
2026-08-20 18:16:00,0.051006161607801914
2026-08-20 18:17:00,0.051006161607801914
2026-08-20 18:18:00,0.051006161607801914
2026-08-20 18:19:00,0.051006161607801914
2026-08-20 18:20:00,0.05159997660666704
2026-08-20 18:21:00,0.05159997660666704
2026-08-20 18:22:00,0.05159997660666704
2026-08-20 18:23:00,0.05159997660666704
2026-08-20 18:24:00,0.05159997660666704
2026-08-20 18:25:00,0.0517472131177783
2026-08-20 18:26:00,0.0517472131177783
2026-08-20 18:27:00,0.0517472131177783
2026-08-20 18:28:00,0.0517472131177783
2026-08-20 18:29:00,0.0517472131177783
2026-08-20 18:30:00,0.05096548888832331
2026-08-20 18:31:00,0.05096548888832331
2026-08-20 18:32:00,0.05096548888832331
2026-08-20 18:33:00,0.05096548888832331
2026-08-20 18:34:00,0.05096548888832331
2026-08-20 18:35:00,0.050852010026574135
2026-08-20 18:36:00,0.050852010026574135
2026-08-20 18:37:00,0.050852010026574135
2026-08-20 18:38:00,0.050852010026574135
2026-08-20 18:39:00,0.050852010026574135
2026-08-20 18:40:00,0.04947696905583143
2026-08-20 18:41:00,0.04947696905583143
2026-08-20 18:42:00,0.04947696905583143
2026-08-20 18:43:00,0.04947696905583143
2026-08-20 18:44:00,0.04947696905583143
2026-08-20 18:45:00,0.047186545096337795
2026-08-20 18:46:00,0.047186545096337795
2026-08-20 18:47:00,0.047186545096337795
2026-08-20 18:48:00,0.047186545096337795
2026-08-20 18:49:00,0.047186545096337795
2026-08-20 18:50:00,0.044646007008850574
2026-08-20 18:51:00,0.044646007008850574
2026-08-20 18:52:00,0.044646007008850574
2026-08-20 18:53:00,0.044646007008850574
2026-08-20 18:54:00,0.044646007008850574
2026-08-20 18:55:00,0.04304647073149681
2026-08-20 18:56:00,0.04304647073149681
2026-08-20 18:57:00,0.04304647073149681
2026-08-20 18:58:00,0.04304647073149681
2026-08-20 18:59:00,0.04304647073149681
2026-08-20 19:00:00,0.04257112555205822
2026-08-20 19:01:00,0.04257112555205822
2026-08-20 19:02:00,0.04257112555205822
2026-08-20 19:03:00,0.04257112555205822
2026-08-20 19:04:00,0.04257112555205822
2026-08-20 19:05:00,0.04366557952016592
2026-08-20 19:06:00,0.04366557952016592
2026-08-20 19:07:00,0.04366557952016592
2026-08-20 19:08:00,0.04366557952016592
2026-08-20 19:09:00,0.04366557952016592
2026-08-20 19:10:00,0.0457485169172287
2026-08-20 19:11:00,0.0457485169172287
2026-08-20 19:12:00,0.0457485169172287
2026-08-20 19:13:00,0.0457485169172287
2026-08-20 19:14:00,0.0457485169172287
2026-08-20 19:15:00,0.047510179691016674
2026-08-20 19:16:00,0.047510179691016674
2026-08-20 19:17:00,0.047510179691016674
2026-08-20 19:18:00,0.047510179691016674
2026-08-20 19:19:00,0.047510179691016674
2026-08-20 19:20:00,0.04962277598679066
2026-08-20 19:21:00,0.04962277598679066
2026-08-20 19:22:00,0.04962277598679066
2026-08-20 19:23:00,0.04962277598679066
2026-08-20 19:24:00,0.04962277598679066
2026-08-20 19:25:00,0.05279772728681564
2026-08-20 19:26:00,0.05279772728681564
2026-08-20 19:27:00,0.05279772728681564
2026-08-20 19:28:00,0.05279772728681564
2026-08-20 19:29:00,0.05279772728681564
2026-08-20 19:30:00,0.05452669505029917
2026-08-20 19:31:00,0.05452669505029917
2026-08-20 19:32:00,0.05452669505029917
2026-08-20 19:33:00,0.05452669505029917
2026-08-20 19:34:00,0.05452669505029917
2026-08-20 19:35:00,0.053913746029138565
2026-08-20 19:36:00,0.053913746029138565
2026-08-20 19:37:00,0.053913746029138565
2026-08-20 19:38:00,0.053913746029138565
2026-08-20 19:39:00,0.053913746029138565
2026-08-20 19:40:00,0.05211491044610739
2026-08-20 19:41:00,0.05211491044610739
2026-08-20 19:42:00,0.05211491044610739
2026-08-20 19:43:00,0.05211491044610739
2026-08-20 19:44:00,0.05211491044610739
2026-08-20 19:45:00,0.04828630853444338
2026-08-20 19:46:00,0.04828630853444338
2026-08-20 19:47:00,0.04828630853444338
2026-08-20 19:48:00,0.04828630853444338
2026-08-20 19:49:00,0.04828630853444338
2026-08-20 19:50:00,0.046906921081244946
2026-08-20 19:51:00,0.046906921081244946
2026-08-20 19:52:00,0.046906921081244946
2026-08-20 19:53:00,0.046906921081244946
2026-08-20 19:54:00,0.046906921081244946
2026-08-20 19:55:00,0.04888295289129019
2026-08-20 19:56:00,0.04888295289129019
2026-08-20 19:57:00,0.04888295289129019
2026-08-20 19:58:00,0.04888295289129019
2026-08-20 19:59:00,0.04888295289129019
2026-08-20 20:00:00,0.050323836505413055
2026-08-20 20:01:00,0.050323836505413055
2026-08-20 20:02:00,0.050323836505413055
2026-08-20 20:03:00,0.050323836505413055
2026-08-20 20:04:00,0.050323836505413055
2026-08-20 20:05:00,0.0531119629740715
2026-08-20 20:06:00,0.0531119629740715
2026-08-20 20:07:00,0.0531119629740715
2026-08-20 20:08:00,0.0531119629740715
2026-08-20 20:09:00,0.0531119629740715
2026-08-20 20:10:00,0.05149261746555567
2026-08-20 20:11:00,0.05149261746555567
2026-08-20 20:12:00,0.05149261746555567
2026-08-20 20:13:00,0.05149261746555567
2026-08-20 20:14:00,0.05149261746555567
2026-08-20 20:15:00,0.04879441671073437
2026-08-20 20:16:00,0.04879441671073437
2026-08-20 20:17:00,0.04879441671073437
2026-08-20 20:18:00,0.04879441671073437
2026-08-20 20:19:00,0.04879441671073437
2026-08-20 20:20:00,0.04998382180929184
2026-08-20 20:21:00,0.04998382180929184
2026-08-20 20:22:00,0.04998382180929184
2026-08-20 20:23:00,0.04998382180929184
2026-08-20 20:24:00,0.04998382180929184
2026-08-20 20:25:00,0.051557473838329315
2026-08-20 20:26:00,0.051557473838329315
2026-08-20 20:27:00,0.051557473838329315
2026-08-20 20:28:00,0.051557473838329315
2026-08-20 20:29:00,0.051557473838329315
2026-08-20 20:30:00,0.05789783038198948
2026-08-20 20:31:00,0.05789783038198948
2026-08-20 20:32:00,0.05789783038198948
2026-08-20 20:33:00,0.05789783038198948
2026-08-20 20:34:00,0.05789783038198948
2026-08-20 20:35:00,0.0647377585992217
2026-08-20 20:36:00,0.0647377585992217
2026-08-20 20:37:00,0.0647377585992217
2026-08-20 20:38:00,0.0647377585992217
2026-08-20 20:39:00,0.0647377585992217
2026-08-20 20:40:00,0.06714514084160328
2026-08-20 20:41:00,0.06714514084160328
2026-08-20 20:42:00,0.06714514084160328
2026-08-20 20:43:00,0.06714514084160328
2026-08-20 20:44:00,0.06714514084160328
2026-08-20 20:45:00,0.06789727881550789
2026-08-20 20:46:00,0.06789727881550789
2026-08-20 20:47:00,0.06789727881550789
2026-08-20 20:48:00,0.06789727881550789
2026-08-20 20:49:00,0.06789727881550789
2026-08-20 20:50:00,0.06499904952943325
2026-08-20 20:51:00,0.06499904952943325
2026-08-20 20:52:00,0.06499904952943325
2026-08-20 20:53:00,0.06499904952943325
2026-08-20 20:54:00,0.06499904952943325
2026-08-20 20:55:00,0.06120547465980053
2026-08-20 20:56:00,0.06120547465980053
2026-08-20 20:57:00,0.06120547465980053
2026-08-20 20:58:00,0.06120547465980053
2026-08-20 20:59:00,0.06120547465980053
2026-08-20 21:00:00,0.05901804845780134
2026-08-20 21:01:00,0.05901804845780134
2026-08-20 21:02:00,0.05901804845780134
2026-08-20 21:03:00,0.05901804845780134
2026-08-20 21:04:00,0.05901804845780134
2026-08-20 21:05:00,0.05687327031046152
2026-08-20 21:06:00,0.05687327031046152
2026-08-20 21:07:00,0.05687327031046152
2026-08-20 21:08:00,0.05687327031046152
2026-08-20 21:09:00,0.05687327031046152
2026-08-20 21:10:00,0.05630849674344063
2026-08-20 21:11:00,0.05630849674344063
2026-08-20 21:12:00,0.05630849674344063
2026-08-20 21:13:00,0.05630849674344063
2026-08-20 21:14:00,0.05630849674344063
2026-08-20 21:15:00,0.05695272050797939
2026-08-20 21:16:00,0.05695272050797939
2026-08-20 21:17:00,0.05695272050797939
2026-08-20 21:18:00,0.05695272050797939
2026-08-20 21:19:00,0.05695272050797939
2026-08-20 21:20:00,0.05704260524362326
2026-08-20 21:21:00,0.05704260524362326
2026-08-20 21:22:00,0.05704260524362326
2026-08-20 21:23:00,0.05704260524362326
2026-08-20 21:24:00,0.05704260524362326
2026-08-20 21:25:00,0.05547111202031374
2026-08-20 21:26:00,0.05547111202031374
2026-08-20 21:27:00,0.05547111202031374
2026-08-20 21:28:00,0.05547111202031374
2026-08-20 21:29:00,0.05547111202031374
2026-08-20 21:30:00,0.053889219649136066
2026-08-20 21:31:00,0.053889219649136066
2026-08-20 21:32:00,0.053889219649136066
2026-08-20 21:33:00,0.053889219649136066
2026-08-20 21:34:00,0.053889219649136066
2026-08-20 21:35:00,0.05016012582927942
2026-08-20 21:36:00,0.05016012582927942
2026-08-20 21:37:00,0.05016012582927942
2026-08-20 21:38:00,0.05016012582927942
2026-08-20 21:39:00,0.05016012582927942
2026-08-20 21:40:00,0.046842348761856556
2026-08-20 21:41:00,0.046842348761856556
2026-08-20 21:42:00,0.046842348761856556
2026-08-20 21:43:00,0.046842348761856556
2026-08-20 21:44:00,0.046842348761856556
2026-08-20 21:45:00,0.04590064845979214
2026-08-20 21:46:00,0.04590064845979214
2026-08-20 21:47:00,0.04590064845979214
2026-08-20 21:48:00,0.04590064845979214
2026-08-20 21:49:00,0.04590064845979214
2026-08-20 21:50:00,0.045027319341897964
2026-08-20 21:51:00,0.045027319341897964
2026-08-20 21:52:00,0.045027319341897964
2026-08-20 21:53:00,0.045027319341897964
2026-08-20 21:54:00,0.045027319341897964
2026-08-20 21:55:00,0.047743095085024834
2026-08-20 21:56:00,0.047743095085024834
2026-08-20 21:57:00,0.047743095085024834
2026-08-20 21:58:00,0.047743095085024834
2026-08-20 21:59:00,0.047743095085024834
2026-08-20 22:00:00,0.050349362194538116
2026-08-20 22:01:00,0.050349362194538116
2026-08-20 22:02:00,0.050349362194538116
2026-08-20 22:03:00,0.050349362194538116
2026-08-20 22:04:00,0.050349362194538116
2026-08-20 22:05:00,0.05317212454974651
2026-08-20 22:06:00,0.05317212454974651
2026-08-20 22:07:00,0.05317212454974651
2026-08-20 22:08:00,0.05317212454974651
2026-08-20 22:09:00,0.05317212454974651
2026-08-20 22:10:00,0.055640910752117634
2026-08-20 22:11:00,0.055640910752117634
2026-08-20 22:12:00,0.055640910752117634
2026-08-20 22:13:00,0.055640910752117634
2026-08-20 22:14:00,0.055640910752117634
2026-08-20 22:15:00,0.05338265374302864
2026-08-20 22:16:00,0.05338265374302864
2026-08-20 22:17:00,0.05338265374302864
2026-08-20 22:18:00,0.05338265374302864
2026-08-20 22:19:00,0.05338265374302864
2026-08-20 22:20:00,0.051814391277730465
2026-08-20 22:21:00,0.051814391277730465
2026-08-20 22:22:00,0.051814391277730465
2026-08-20 22:23:00,0.051814391277730465
2026-08-20 22:24:00,0.051814391277730465
2026-08-20 22:25:00,0.049064829014241695
2026-08-20 22:26:00,0.049064829014241695
2026-08-20 22:27:00,0.049064829014241695
2026-08-20 22:28:00,0.049064829014241695
2026-08-20 22:29:00,0.049064829014241695
2026-08-20 22:30:00,0.04679989814758301
2026-08-20 22:31:00,0.04679989814758301
2026-08-20 22:32:00,0.04679989814758301
2026-08-20 22:33:00,0.04679989814758301
2026-08-20 22:34:00,0.04679989814758301
2026-08-20 22:35:00,0.05744654219597578
2026-08-20 22:36:00,0.05744654219597578
2026-08-20 22:37:00,0.05744654219597578
2026-08-20 22:38:00,0.05744654219597578
2026-08-20 22:39:00,0.05744654219597578
2026-08-20 22:40:00,0.06869539245963097
2026-08-20 22:41:00,0.06869539245963097
2026-08-20 22:42:00,0.06869539245963097
2026-08-20 22:43:00,0.06869539245963097
2026-08-20 22:44:00,0.06869539245963097
2026-08-20 22:45:00,0.08006144966930151
2026-08-20 22:46:00,0.08006144966930151
2026-08-20 22:47:00,0.08006144966930151
2026-08-20 22:48:00,0.08006144966930151
2026-08-20 22:49:00,0.08006144966930151
2026-08-20 22:50:00,0.09215706400573254
2026-08-20 22:51:00,0.09215706400573254
2026-08-20 22:52:00,0.09215706400573254
2026-08-20 22:53:00,0.09215706400573254
2026-08-20 22:54:00,0.09215706400573254
2026-08-20 22:55:00,0.08368001878261566
2026-08-20 22:56:00,0.08368001878261566
2026-08-20 22:57:00,0.08368001878261566
2026-08-20 22:58:00,0.08368001878261566
2026-08-20 22:59:00,0.08368001878261566
2026-08-20 23:00:00,0.07407976500689983
2026-08-20 23:01:00,0.07407976500689983
2026-08-20 23:02:00,0.07407976500689983
2026-08-20 23:03:00,0.07407976500689983
2026-08-20 23:04:00,0.07407976500689983
2026-08-20 23:05:00,0.06497540790587664
2026-08-20 23:06:00,0.06497540790587664
2026-08-20 23:07:00,0.06497540790587664
2026-08-20 23:08:00,0.06497540790587664
2026-08-20 23:09:00,0.06497540790587664
2026-08-20 23:10:00,0.053809359669685364
2026-08-20 23:11:00,0.053809359669685364
2026-08-20 23:12:00,0.053809359669685364
2026-08-20 23:13:00,0.053809359669685364
2026-08-20 23:14:00,0.053809359669685364
2026-08-20 23:15:00,0.05175463855266571
2026-08-20 23:16:00,0.05175463855266571
2026-08-20 23:17:00,0.05175463855266571
2026-08-20 23:18:00,0.05175463855266571
2026-08-20 23:19:00,0.05175463855266571
2026-08-20 23:20:00,0.05112333223223686
2026-08-20 23:21:00,0.05112333223223686
2026-08-20 23:22:00,0.05112333223223686
2026-08-20 23:23:00,0.05112333223223686
2026-08-20 23:24:00,0.05112333223223686
2026-08-20 23:25:00,0.05226186849176884
2026-08-20 23:26:00,0.05226186849176884
2026-08-20 23:27:00,0.05226186849176884
2026-08-20 23:28:00,0.05226186849176884
2026-08-20 23:29:00,0.05226186849176884
2026-08-20 23:30:00,0.055142088793218136
2026-08-20 23:31:00,0.055142088793218136
2026-08-20 23:32:00,0.055142088793218136
2026-08-20 23:33:00,0.055142088793218136
2026-08-20 23:34:00,0.055142088793218136
2026-08-20 23:35:00,0.05683241877704859
2026-08-20 23:36:00,0.05683241877704859
2026-08-20 23:37:00,0.05683241877704859
2026-08-20 23:38:00,0.05683241877704859
2026-08-20 23:39:00,0.05683241877704859
2026-08-20 23:40:00,0.05591160338371992
2026-08-20 23:41:00,0.05591160338371992
2026-08-20 23:42:00,0.05591160338371992
2026-08-20 23:43:00,0.05591160338371992
2026-08-20 23:44:00,0.05591160338371992
2026-08-20 23:45:00,0.05374157149344683
2026-08-20 23:46:00,0.05374157149344683
2026-08-20 23:47:00,0.05374157149344683
2026-08-20 23:48:00,0.05374157149344683
2026-08-20 23:49:00,0.05374157149344683
2026-08-20 23:50:00,0.05047243181616068
2026-08-20 23:51:00,0.05047243181616068
2026-08-20 23:52:00,0.05047243181616068
2026-08-20 23:53:00,0.05047243181616068
2026-08-20 23:54:00,0.05047243181616068
2026-08-20 23:55:00,0.048819336108863354
2026-08-20 23:56:00,0.048819336108863354
2026-08-20 23:57:00,0.048819336108863354
2026-08-20 23:58:00,0.048819336108863354
2026-08-20 23:59:00,0.048819336108863354
2026-08-21 00:00:00,0.04784104693681002
2026-08-21 00:01:00,0.04784104693681002
2026-08-21 00:02:00,0.04784104693681002
2026-08-21 00:03:00,0.04784104693681002
2026-08-21 00:04:00,0.04784104693681002
2026-08-21 00:05:00,0.04728281032294035
2026-08-21 00:06:00,0.04728281032294035
2026-08-21 00:07:00,0.04728281032294035
2026-08-21 00:08:00,0.04728281032294035
2026-08-21 00:09:00,0.04728281032294035
2026-08-21 00:10:00,0.048178862780332565
2026-08-21 00:11:00,0.048178862780332565
2026-08-21 00:12:00,0.048178862780332565
2026-08-21 00:13:00,0.048178862780332565
2026-08-21 00:14:00,0.048178862780332565
2026-08-21 00:15:00,0.05170021764934063
2026-08-21 00:16:00,0.05170021764934063
2026-08-21 00:17:00,0.05170021764934063
2026-08-21 00:18:00,0.05170021764934063
2026-08-21 00:19:00,0.05170021764934063
2026-08-21 00:20:00,0.058281050994992256
2026-08-21 00:21:00,0.058281050994992256
2026-08-21 00:22:00,0.058281050994992256
2026-08-21 00:23:00,0.058281050994992256
2026-08-21 00:24:00,0.058281050994992256
2026-08-21 00:25:00,0.0640511205419898
2026-08-21 00:26:00,0.0640511205419898
2026-08-21 00:27:00,0.0640511205419898
2026-08-21 00:28:00,0.0640511205419898
2026-08-21 00:29:00,0.0640511205419898
2026-08-21 00:30:00,0.06609740201383829
2026-08-21 00:31:00,0.06609740201383829
2026-08-21 00:32:00,0.06609740201383829
2026-08-21 00:33:00,0.06609740201383829
2026-08-21 00:34:00,0.06609740201383829
2026-08-21 00:35:00,0.06570534687489271
2026-08-21 00:36:00,0.06570534687489271
2026-08-21 00:37:00,0.06570534687489271
2026-08-21 00:38:00,0.06570534687489271
2026-08-21 00:39:00,0.06570534687489271
2026-08-21 00:40:00,0.06283702235668898
2026-08-21 00:41:00,0.06283702235668898
2026-08-21 00:42:00,0.06283702235668898
2026-08-21 00:43:00,0.06283702235668898
2026-08-21 00:44:00,0.06283702235668898
2026-08-21 00:45:00,0.06166884209960699
2026-08-21 00:46:00,0.06166884209960699
2026-08-21 00:47:00,0.06166884209960699
2026-08-21 00:48:00,0.06166884209960699
2026-08-21 00:49:00,0.06166884209960699
2026-08-21 00:50:00,0.060404506511986256
2026-08-21 00:51:00,0.060404506511986256
2026-08-21 00:52:00,0.060404506511986256
2026-08-21 00:53:00,0.060404506511986256
2026-08-21 00:54:00,0.060404506511986256
2026-08-21 00:55:00,0.05620034132152796
2026-08-21 00:56:00,0.05620034132152796
2026-08-21 00:57:00,0.05620034132152796
2026-08-21 00:58:00,0.05620034132152796
2026-08-21 00:59:00,0.05620034132152796
2026-08-21 01:00:00,0.3628493556752801
2026-08-21 01:01:00,0.3628493556752801
2026-08-21 01:02:00,0.3628493556752801
2026-08-21 01:03:00,0.3628493556752801
2026-08-21 01:04:00,0.3628493556752801
2026-08-21 01:05:00,0.6675185402855277
2026-08-21 01:06:00,0.6675185402855277
2026-08-21 01:07:00,0.6675185402855277
2026-08-21 01:08:00,0.6675185402855277
2026-08-21 01:09:00,0.6675185402855277
2026-08-21 01:10:00,0.9747157227247953
2026-08-21 01:11:00,0.9747157227247953
2026-08-21 01:12:00,0.9747157227247953
2026-08-21 01:13:00,0.9747157227247953
2026-08-21 01:14:00,0.9747157227247953
2026-08-21 01:15:00,1.2856821417808533
2026-08-21 01:16:00,1.2856821417808533
2026-08-21 01:17:00,1.2856821417808533
2026-08-21 01:18:00,1.2856821417808533
2026-08-21 01:19:00,1.2856821417808533
2026-08-21 01:20:00,0.9988902881741524
2026-08-21 01:21:00,0.9988902881741524
2026-08-21 01:22:00,0.9988902881741524
2026-08-21 01:23:00,0.9988902881741524
2026-08-21 01:24:00,0.9988902881741524
2026-08-21 01:25:00,0.7111451700329781
2026-08-21 01:26:00,0.7111451700329781
2026-08-21 01:27:00,0.7111451700329781
2026-08-21 01:28:00,0.7111451700329781
2026-08-21 01:29:00,0.7111451700329781
2026-08-21 01:30:00,0.4237002655863762
2026-08-21 01:31:00,0.4237002655863762
2026-08-21 01:32:00,0.4237002655863762
2026-08-21 01:33:00,0.4237002655863762
2026-08-21 01:34:00,0.4237002655863762
2026-08-21 01:35:00,0.1836068034172058
2026-08-21 01:36:00,0.1836068034172058
2026-08-21 01:37:00,0.1836068034172058
2026-08-21 01:38:00,0.1836068034172058
2026-08-21 01:39:00,0.1836068034172058
2026-08-21 01:40:00,0.23188980668783188
2026-08-21 01:41:00,0.23188980668783188
2026-08-21 01:42:00,0.23188980668783188
2026-08-21 01:43:00,0.23188980668783188
2026-08-21 01:44:00,0.23188980668783188
2026-08-21 01:45:00,0.4435620829463005
2026-08-21 01:46:00,0.4435620829463005
2026-08-21 01:47:00,0.4435620829463005
2026-08-21 01:48:00,0.4435620829463005
2026-08-21 01:49:00,0.4435620829463005
2026-08-21 01:50:00,0.6549316123127937
2026-08-21 01:51:00,0.6549316123127937
2026-08-21 01:52:00,0.6549316123127937
2026-08-21 01:53:00,0.6549316123127937
2026-08-21 01:54:00,0.6549316123127937
2026-08-21 01:55:00,0.8179113119840622
2026-08-21 01:56:00,0.8179113119840622
2026-08-21 01:57:00,0.8179113119840622
2026-08-21 01:58:00,0.8179113119840622
2026-08-21 01:59:00,0.8179113119840622
2026-08-21 02:00:00,0.9804115146398544
2026-08-21 02:01:00,0.9804115146398544
2026-08-21 02:02:00,0.9804115146398544
2026-08-21 02:03:00,0.9804115146398544
2026-08-21 02:04:00,0.9804115146398544
2026-08-21 02:05:00,0.8256488516926765
2026-08-21 02:06:00,0.8256488516926765
2026-08-21 02:07:00,0.8256488516926765
2026-08-21 02:08:00,0.8256488516926765
2026-08-21 02:09:00,0.8256488516926765
2026-08-21 02:10:00,0.6714212447404861
2026-08-21 02:11:00,0.6714212447404861
2026-08-21 02:12:00,0.6714212447404861
2026-08-21 02:13:00,0.6714212447404861
2026-08-21 02:14:00,0.6714212447404861
2026-08-21 02:15:00,0.5169070214033127
2026-08-21 02:16:00,0.5169070214033127
2026-08-21 02:17:00,0.5169070214033127
2026-08-21 02:18:00,0.5169070214033127
2026-08-21 02:19:00,0.5169070214033127
2026-08-21 02:20:00,0.33956722915172577
2026-08-21 02:21:00,0.33956722915172577
2026-08-21 02:22:00,0.33956722915172577
2026-08-21 02:23:00,0.33956722915172577
2026-08-21 02:24:00,0.33956722915172577
2026-08-21 02:25:00,0.3166276142001152
2026-08-21 02:26:00,0.3166276142001152
2026-08-21 02:27:00,0.3166276142001152
2026-08-21 02:28:00,0.3166276142001152
2026-08-21 02:29:00,0.3166276142001152
2026-08-21 02:30:00,0.2927769050002098
2026-08-21 02:31:00,0.2927769050002098
2026-08-21 02:32:00,0.2927769050002098
2026-08-21 02:33:00,0.2927769050002098
2026-08-21 02:34:00,0.2927769050002098
2026-08-21 02:35:00,0.26876554638147354
2026-08-21 02:36:00,0.26876554638147354
2026-08-21 02:37:00,0.26876554638147354
2026-08-21 02:38:00,0.26876554638147354
2026-08-21 02:39:00,0.26876554638147354
2026-08-21 02:40:00,0.2667178809642792
2026-08-21 02:41:00,0.2667178809642792
2026-08-21 02:42:00,0.2667178809642792
2026-08-21 02:43:00,0.2667178809642792
2026-08-21 02:44:00,0.2667178809642792
2026-08-21 02:45:00,0.26502566784620285
2026-08-21 02:46:00,0.26502566784620285
2026-08-21 02:47:00,0.26502566784620285
2026-08-21 02:48:00,0.26502566784620285
2026-08-21 02:49:00,0.26502566784620285
2026-08-21 02:50:00,0.2641122117638588
2026-08-21 02:51:00,0.2641122117638588
2026-08-21 02:52:00,0.2641122117638588
2026-08-21 02:53:00,0.2641122117638588
2026-08-21 02:54:00,0.2641122117638588
2026-08-21 02:55:00,0.2646092474460602
2026-08-21 02:56:00,0.2646092474460602
2026-08-21 02:57:00,0.2646092474460602
2026-08-21 02:58:00,0.2646092474460602
2026-08-21 02:59:00,0.2646092474460602
2026-08-21 03:00:00,0.2672874927520752
2026-08-21 03:01:00,0.2672874927520752
2026-08-21 03:02:00,0.2672874927520752
2026-08-21 03:03:00,0.2672874927520752
2026-08-21 03:04:00,0.2672874927520752
2026-08-21 03:05:00,0.2173930276185274
2026-08-21 03:06:00,0.2173930276185274
2026-08-21 03:07:00,0.2173930276185274
2026-08-21 03:08:00,0.2173930276185274
2026-08-21 03:09:00,0.2173930276185274
2026-08-21 03:10:00,0.16984628699719906
2026-08-21 03:11:00,0.16984628699719906
2026-08-21 03:12:00,0.16984628699719906
2026-08-21 03:13:00,0.16984628699719906
2026-08-21 03:14:00,0.16984628699719906
2026-08-21 03:15:00,0.12121056392788887
2026-08-21 03:16:00,0.12121056392788887
2026-08-21 03:17:00,0.12121056392788887
2026-08-21 03:18:00,0.12121056392788887
2026-08-21 03:19:00,0.12121056392788887
2026-08-21 03:20:00,0.06487151701003313
2026-08-21 03:21:00,0.06487151701003313
2026-08-21 03:22:00,0.06487151701003313
2026-08-21 03:23:00,0.06487151701003313
2026-08-21 03:24:00,0.06487151701003313
2026-08-21 03:25:00,0.060606928542256355
2026-08-21 03:26:00,0.060606928542256355
2026-08-21 03:27:00,0.060606928542256355
2026-08-21 03:28:00,0.060606928542256355
2026-08-21 03:29:00,0.060606928542256355
2026-08-21 03:30:00,0.057656506076455116
2026-08-21 03:31:00,0.057656506076455116
2026-08-21 03:32:00,0.057656506076455116
2026-08-21 03:33:00,0.057656506076455116
2026-08-21 03:34:00,0.057656506076455116
2026-08-21 03:35:00,0.05797676742076874
2026-08-21 03:36:00,0.05797676742076874
2026-08-21 03:37:00,0.05797676742076874
2026-08-21 03:38:00,0.05797676742076874
2026-08-21 03:39:00,0.05797676742076874
2026-08-21 03:40:00,0.06537393946200609
2026-08-21 03:41:00,0.06537393946200609
2026-08-21 03:42:00,0.06537393946200609
2026-08-21 03:43:00,0.06537393946200609
2026-08-21 03:44:00,0.06537393946200609
2026-08-21 03:45:00,0.3234041016548872
2026-08-21 03:46:00,0.3234041016548872
2026-08-21 03:47:00,0.3234041016548872
2026-08-21 03:48:00,0.3234041016548872
2026-08-21 03:49:00,0.3234041016548872
2026-08-21 03:50:00,0.5770565215498209
2026-08-21 03:51:00,0.5770565215498209
2026-08-21 03:52:00,0.5770565215498209
2026-08-21 03:53:00,0.5770565215498209
2026-08-21 03:54:00,0.5770565215498209
2026-08-21 03:55:00,0.8325739782303572
2026-08-21 03:56:00,0.8325739782303572
2026-08-21 03:57:00,0.8325739782303572
2026-08-21 03:58:00,0.8325739782303572
2026-08-21 03:59:00,0.8325739782303572
2026-08-21 04:00:00,1.0870385468006134
2026-08-21 04:01:00,1.0870385468006134
2026-08-21 04:02:00,1.0870385468006134
2026-08-21 04:03:00,1.0870385468006134
2026-08-21 04:04:00,1.0870385468006134
2026-08-21 04:05:00,1.0921712517738342
2026-08-21 04:06:00,1.0921712517738342
2026-08-21 04:07:00,1.0921712517738342
2026-08-21 04:08:00,1.0921712517738342
2026-08-21 04:09:00,1.0921712517738342
2026-08-21 04:10:00,1.0976248383522034
2026-08-21 04:11:00,1.0976248383522034
2026-08-21 04:12:00,1.0976248383522034
2026-08-21 04:13:00,1.0976248383522034
2026-08-21 04:14:00,1.0976248383522034
2026-08-21 04:15:00,1.0973454117774963
2026-08-21 04:16:00,1.0973454117774963
2026-08-21 04:17:00,1.0973454117774963
2026-08-21 04:18:00,1.0973454117774963
2026-08-21 04:19:00,1.0973454117774963
2026-08-21 04:20:00,1.0910126268863678
2026-08-21 04:21:00,1.0910126268863678
2026-08-21 04:22:00,1.0910126268863678
2026-08-21 04:23:00,1.0910126268863678
2026-08-21 04:24:00,1.0910126268863678
2026-08-21 04:25:00,1.0781147181987762
2026-08-21 04:26:00,1.0781147181987762
2026-08-21 04:27:00,1.0781147181987762
2026-08-21 04:28:00,1.0781147181987762
2026-08-21 04:29:00,1.0781147181987762
2026-08-21 04:30:00,1.0651507377624512
2026-08-21 04:31:00,1.0651507377624512
2026-08-21 04:32:00,1.0651507377624512
2026-08-21 04:33:00,1.0651507377624512
2026-08-21 04:34:00,1.0651507377624512
2026-08-21 04:35:00,1.0638885200023651
2026-08-21 04:36:00,1.0638885200023651
2026-08-21 04:37:00,1.0638885200023651
2026-08-21 04:38:00,1.0638885200023651
2026-08-21 04:39:00,1.0638885200023651
2026-08-21 04:40:00,1.0362178683280945
2026-08-21 04:41:00,1.0362178683280945
2026-08-21 04:42:00,1.0362178683280945
2026-08-21 04:43:00,1.0362178683280945
2026-08-21 04:44:00,1.0362178683280945
2026-08-21 04:45:00,1.0146900713443756
2026-08-21 04:46:00,1.0146900713443756
2026-08-21 04:47:00,1.0146900713443756
2026-08-21 04:48:00,1.0146900713443756
2026-08-21 04:49:00,1.0146900713443756
2026-08-21 04:50:00,0.993082121014595
2026-08-21 04:51:00,0.993082121014595
2026-08-21 04:52:00,0.993082121014595
2026-08-21 04:53:00,0.993082121014595
2026-08-21 04:54:00,0.993082121014595
2026-08-21 04:55:00,0.9706416577100754
2026-08-21 04:56:00,0.9706416577100754
2026-08-21 04:57:00,0.9706416577100754
2026-08-21 04:58:00,0.9706416577100754
2026-08-21 04:59:00,0.9706416577100754
2026-08-21 05:00:00,0.8011029362678528
2026-08-21 05:01:00,0.8011029362678528
2026-08-21 05:02:00,0.8011029362678528
2026-08-21 05:03:00,0.8011029362678528
2026-08-21 05:04:00,0.8011029362678528
2026-08-21 05:05:00,0.6298421770334244
2026-08-21 05:06:00,0.6298421770334244
2026-08-21 05:07:00,0.6298421770334244
2026-08-21 05:08:00,0.6298421770334244
2026-08-21 05:09:00,0.6298421770334244
2026-08-21 05:10:00,0.4591248407959938
2026-08-21 05:11:00,0.4591248407959938
2026-08-21 05:12:00,0.4591248407959938
2026-08-21 05:13:00,0.4591248407959938
2026-08-21 05:14:00,0.4591248407959938
2026-08-21 05:15:00,0.27866748720407486
2026-08-21 05:16:00,0.27866748720407486
2026-08-21 05:17:00,0.27866748720407486
2026-08-21 05:18:00,0.27866748720407486
2026-08-21 05:19:00,0.27866748720407486
2026-08-21 05:20:00,0.27715859562158585
2026-08-21 05:21:00,0.27715859562158585
2026-08-21 05:22:00,0.27715859562158585
2026-08-21 05:23:00,0.27715859562158585
2026-08-21 05:24:00,0.27715859562158585
2026-08-21 05:25:00,0.28214220702648163
2026-08-21 05:26:00,0.28214220702648163
2026-08-21 05:27:00,0.28214220702648163
2026-08-21 05:28:00,0.28214220702648163
2026-08-21 05:29:00,0.28214220702648163
2026-08-21 05:30:00,0.2883031591773033
2026-08-21 05:31:00,0.2883031591773033
2026-08-21 05:32:00,0.2883031591773033
2026-08-21 05:33:00,0.2883031591773033
2026-08-21 05:34:00,0.2883031591773033
2026-08-21 05:35:00,0.2957736402750015
2026-08-21 05:36:00,0.2957736402750015
2026-08-21 05:37:00,0.2957736402750015
2026-08-21 05:38:00,0.2957736402750015
2026-08-21 05:39:00,0.2957736402750015
2026-08-21 05:40:00,0.4174797981977463
2026-08-21 05:41:00,0.4174797981977463
2026-08-21 05:42:00,0.4174797981977463
2026-08-21 05:43:00,0.4174797981977463
2026-08-21 05:44:00,0.4174797981977463
2026-08-21 05:45:00,0.5346474274992943
2026-08-21 05:46:00,0.5346474274992943
2026-08-21 05:47:00,0.5346474274992943
2026-08-21 05:48:00,0.5346474274992943
2026-08-21 05:49:00,0.5346474274992943
2026-08-21 05:50:00,0.7598161473870277
2026-08-21 05:51:00,0.7598161473870277
2026-08-21 05:52:00,0.7598161473870277
2026-08-21 05:53:00,0.7598161473870277
2026-08-21 05:54:00,0.7598161473870277
2026-08-21 05:55:00,0.9909537583589554
2026-08-21 05:56:00,0.9909537583589554
2026-08-21 05:57:00,0.9909537583589554
2026-08-21 05:58:00,0.9909537583589554
2026-08-21 05:59:00,0.9909537583589554
2026-08-21 06:00:00,1.1205413937568665
2026-08-21 06:01:00,1.1205413937568665
2026-08-21 06:02:00,1.1205413937568665
2026-08-21 06:03:00,1.1205413937568665
2026-08-21 06:04:00,1.1205413937568665
2026-08-21 06:05:00,1.2497745156288147
2026-08-21 06:06:00,1.2497745156288147
2026-08-21 06:07:00,1.2497745156288147
2026-08-21 06:08:00,1.2497745156288147
2026-08-21 06:09:00,1.2497745156288147
2026-08-21 06:10:00,1.1987431794404984
2026-08-21 06:11:00,1.1987431794404984
2026-08-21 06:12:00,1.1987431794404984
2026-08-21 06:13:00,1.1987431794404984
2026-08-21 06:14:00,1.1987431794404984
2026-08-21 06:15:00,1.1391018629074097
2026-08-21 06:16:00,1.1391018629074097
2026-08-21 06:17:00,1.1391018629074097
2026-08-21 06:18:00,1.1391018629074097
2026-08-21 06:19:00,1.1391018629074097
2026-08-21 06:20:00,0.9501765072345734
2026-08-21 06:21:00,0.9501765072345734
2026-08-21 06:22:00,0.9501765072345734
2026-08-21 06:23:00,0.9501765072345734
2026-08-21 06:24:00,0.9501765072345734
2026-08-21 06:25:00,0.7616612017154694
2026-08-21 06:26:00,0.7616612017154694
2026-08-21 06:27:00,0.7616612017154694
2026-08-21 06:28:00,0.7616612017154694
2026-08-21 06:29:00,0.7616612017154694
2026-08-21 06:30:00,0.7975420504808426
2026-08-21 06:31:00,0.7975420504808426
2026-08-21 06:32:00,0.7975420504808426
2026-08-21 06:33:00,0.7975420504808426
2026-08-21 06:34:00,0.7975420504808426
2026-08-21 06:35:00,0.8345734179019928
2026-08-21 06:36:00,0.8345734179019928
2026-08-21 06:37:00,0.8345734179019928
2026-08-21 06:38:00,0.8345734179019928
2026-08-21 06:39:00,0.8345734179019928
2026-08-21 06:40:00,0.988748162984848
2026-08-21 06:41:00,0.988748162984848
2026-08-21 06:42:00,0.988748162984848
2026-08-21 06:43:00,0.988748162984848
2026-08-21 06:44:00,0.988748162984848
2026-08-21 06:45:00,1.1425021588802338
2026-08-21 06:46:00,1.1425021588802338
2026-08-21 06:47:00,1.1425021588802338
2026-08-21 06:48:00,1.1425021588802338
2026-08-21 06:49:00,1.1425021588802338
2026-08-21 06:50:00,1.1294138133525848
2026-08-21 06:51:00,1.1294138133525848
2026-08-21 06:52:00,1.1294138133525848
2026-08-21 06:53:00,1.1294138133525848
2026-08-21 06:54:00,1.1294138133525848
2026-08-21 06:55:00,0.9313132539391518
2026-08-21 06:56:00,0.9313132539391518
2026-08-21 06:57:00,0.9313132539391518
2026-08-21 06:58:00,0.9313132539391518
2026-08-21 06:59:00,0.9313132539391518
2026-08-21 07:00:00,0.7320350110530853
2026-08-21 07:01:00,0.7320350110530853
2026-08-21 07:02:00,0.7320350110530853
2026-08-21 07:03:00,0.7320350110530853
2026-08-21 07:04:00,0.7320350110530853
2026-08-21 07:05:00,0.6699127107858658
2026-08-21 07:06:00,0.6699127107858658
2026-08-21 07:07:00,0.6699127107858658
2026-08-21 07:08:00,0.6699127107858658
2026-08-21 07:09:00,0.6699127107858658
2026-08-21 07:10:00,0.6434774100780487
2026-08-21 07:11:00,0.6434774100780487
2026-08-21 07:12:00,0.6434774100780487
2026-08-21 07:13:00,0.6434774100780487
2026-08-21 07:14:00,0.6434774100780487
2026-08-21 07:15:00,0.8019936755299568
2026-08-21 07:16:00,0.8019936755299568
2026-08-21 07:17:00,0.8019936755299568
2026-08-21 07:18:00,0.8019936755299568
2026-08-21 07:19:00,0.8019936755299568
2026-08-21 07:20:00,0.962355300784111
2026-08-21 07:21:00,0.962355300784111
2026-08-21 07:22:00,0.962355300784111
2026-08-21 07:23:00,0.962355300784111
2026-08-21 07:24:00,0.962355300784111
2026-08-21 07:25:00,0.8059627786278725
2026-08-21 07:26:00,0.8059627786278725
2026-08-21 07:27:00,0.8059627786278725
2026-08-21 07:28:00,0.8059627786278725
2026-08-21 07:29:00,0.8059627786278725
2026-08-21 07:30:00,0.6264311000704765
2026-08-21 07:31:00,0.6264311000704765
2026-08-21 07:32:00,0.6264311000704765
2026-08-21 07:33:00,0.6264311000704765
2026-08-21 07:34:00,0.6264311000704765
2026-08-21 07:35:00,0.5191823318600655
2026-08-21 07:36:00,0.5191823318600655
2026-08-21 07:37:00,0.5191823318600655
2026-08-21 07:38:00,0.5191823318600655
2026-08-21 07:39:00,0.5191823318600655
2026-08-21 07:40:00,0.4106821045279503
2026-08-21 07:41:00,0.4106821045279503
2026-08-21 07:42:00,0.4106821045279503
2026-08-21 07:43:00,0.4106821045279503
2026-08-21 07:44:00,0.4106821045279503
2026-08-21 07:45:00,0.4821958988904953
2026-08-21 07:46:00,0.4821958988904953
2026-08-21 07:47:00,0.4821958988904953
2026-08-21 07:48:00,0.4821958988904953
2026-08-21 07:49:00,0.4821958988904953
2026-08-21 07:50:00,0.5546541213989258
2026-08-21 07:51:00,0.5546541213989258
2026-08-21 07:52:00,0.5546541213989258
2026-08-21 07:53:00,0.5546541213989258
2026-08-21 07:54:00,0.5546541213989258
2026-08-21 07:55:00,0.46465178206562996
2026-08-21 07:56:00,0.46465178206562996
2026-08-21 07:57:00,0.46465178206562996
2026-08-21 07:58:00,0.46465178206562996
2026-08-21 07:59:00,0.46465178206562996
2026-08-21 08:00:00,0.3758906312286854
2026-08-21 08:01:00,0.3758906312286854
2026-08-21 08:02:00,0.3758906312286854
2026-08-21 08:03:00,0.3758906312286854
2026-08-21 08:04:00,0.3758906312286854
2026-08-21 08:05:00,0.5399367399513721
2026-08-21 08:06:00,0.5399367399513721
2026-08-21 08:07:00,0.5399367399513721
2026-08-21 08:08:00,0.5399367399513721
2026-08-21 08:09:00,0.5399367399513721
2026-08-21 08:10:00,0.7035517431795597
2026-08-21 08:11:00,0.7035517431795597
2026-08-21 08:12:00,0.7035517431795597
2026-08-21 08:13:00,0.7035517431795597
2026-08-21 08:14:00,0.7035517431795597
2026-08-21 08:15:00,0.9575256854295731
2026-08-21 08:16:00,0.9575256854295731
2026-08-21 08:17:00,0.9575256854295731
2026-08-21 08:18:00,0.9575256854295731
2026-08-21 08:19:00,0.9575256854295731
2026-08-21 08:20:00,1.210577666759491
2026-08-21 08:21:00,1.210577666759491
2026-08-21 08:22:00,1.210577666759491
2026-08-21 08:23:00,1.210577666759491
2026-08-21 08:24:00,1.210577666759491
2026-08-21 08:25:00,1.018771156668663
2026-08-21 08:26:00,1.018771156668663
2026-08-21 08:27:00,1.018771156668663
2026-08-21 08:28:00,1.018771156668663
2026-08-21 08:29:00,1.018771156668663
2026-08-21 08:30:00,0.8274822607636452
2026-08-21 08:31:00,0.8274822607636452
2026-08-21 08:32:00,0.8274822607636452
2026-08-21 08:33:00,0.8274822607636452
2026-08-21 08:34:00,0.8274822607636452
2026-08-21 08:35:00,0.6367871537804604
2026-08-21 08:36:00,0.6367871537804604
2026-08-21 08:37:00,0.6367871537804604
2026-08-21 08:38:00,0.6367871537804604
2026-08-21 08:39:00,0.6367871537804604
2026-08-21 08:40:00,0.43205626308918
2026-08-21 08:41:00,0.43205626308918
2026-08-21 08:42:00,0.43205626308918
2026-08-21 08:43:00,0.43205626308918
2026-08-21 08:44:00,0.43205626308918
2026-08-21 08:45:00,0.4195711314678192
2026-08-21 08:46:00,0.4195711314678192
2026-08-21 08:47:00,0.4195711314678192
2026-08-21 08:48:00,0.4195711314678192
2026-08-21 08:49:00,0.4195711314678192
2026-08-21 08:50:00,0.4064807891845703
2026-08-21 08:51:00,0.4064807891845703
2026-08-21 08:52:00,0.4064807891845703
2026-08-21 08:53:00,0.4064807891845703
2026-08-21 08:54:00,0.4064807891845703
2026-08-21 08:55:00,0.5534963607788086
2026-08-21 08:56:00,0.5534963607788086
2026-08-21 08:57:00,0.5534963607788086
2026-08-21 08:58:00,0.5534963607788086
2026-08-21 08:59:00,0.5534963607788086
2026-08-21 09:00:00,0.7148101553320885
2026-08-21 09:01:00,0.7148101553320885
2026-08-21 09:02:00,0.7148101553320885
2026-08-21 09:03:00,0.7148101553320885
2026-08-21 09:04:00,0.7148101553320885
2026-08-21 09:05:00,0.8755155429244041
2026-08-21 09:06:00,0.8755155429244041
2026-08-21 09:07:00,0.8755155429244041
2026-08-21 09:08:00,0.8755155429244041
2026-08-21 09:09:00,0.8755155429244041
2026-08-21 09:10:00,1.0363130271434784
2026-08-21 09:11:00,1.0363130271434784
2026-08-21 09:12:00,1.0363130271434784
2026-08-21 09:13:00,1.0363130271434784
2026-08-21 09:14:00,1.0363130271434784
2026-08-21 09:15:00,0.8807242140173912
2026-08-21 09:16:00,0.8807242140173912
2026-08-21 09:17:00,0.8807242140173912
2026-08-21 09:18:00,0.8807242140173912
2026-08-21 09:19:00,0.8807242140173912
2026-08-21 09:20:00,0.7246756479144096
2026-08-21 09:21:00,0.7246756479144096
2026-08-21 09:22:00,0.7246756479144096
2026-08-21 09:23:00,0.7246756479144096
2026-08-21 09:24:00,0.7246756479144096
2026-08-21 09:25:00,0.5678904876112938
2026-08-21 09:26:00,0.5678904876112938
2026-08-21 09:27:00,0.5678904876112938
2026-08-21 09:28:00,0.5678904876112938
2026-08-21 09:29:00,0.5678904876112938
2026-08-21 09:30:00,0.41090912371873856
2026-08-21 09:31:00,0.41090912371873856
2026-08-21 09:32:00,0.41090912371873856
2026-08-21 09:33:00,0.41090912371873856
2026-08-21 09:34:00,0.41090912371873856
2026-08-21 09:35:00,0.4092346727848053
2026-08-21 09:36:00,0.4092346727848053
2026-08-21 09:37:00,0.4092346727848053
2026-08-21 09:38:00,0.4092346727848053
2026-08-21 09:39:00,0.4092346727848053
2026-08-21 09:40:00,0.40812043100595474
2026-08-21 09:41:00,0.40812043100595474
2026-08-21 09:42:00,0.40812043100595474
2026-08-21 09:43:00,0.40812043100595474
2026-08-21 09:44:00,0.40812043100595474
2026-08-21 09:45:00,0.4070277735590935
2026-08-21 09:46:00,0.4070277735590935
2026-08-21 09:47:00,0.4070277735590935
2026-08-21 09:48:00,0.4070277735590935
2026-08-21 09:49:00,0.4070277735590935
2026-08-21 09:50:00,0.405799463391304
2026-08-21 09:51:00,0.405799463391304
2026-08-21 09:52:00,0.405799463391304
2026-08-21 09:53:00,0.405799463391304
2026-08-21 09:54:00,0.405799463391304
2026-08-21 09:55:00,0.4048837870359421
2026-08-21 09:56:00,0.4048837870359421
2026-08-21 09:57:00,0.4048837870359421
2026-08-21 09:58:00,0.4048837870359421
2026-08-21 09:59:00,0.4048837870359421
2026-08-21 10:00:00,0.40459517389535904
2026-08-21 10:01:00,0.40459517389535904
2026-08-21 10:02:00,0.40459517389535904
2026-08-21 10:03:00,0.40459517389535904
2026-08-21 10:04:00,0.40459517389535904
2026-08-21 10:05:00,0.4064154028892517
2026-08-21 10:06:00,0.4064154028892517
2026-08-21 10:07:00,0.4064154028892517
2026-08-21 10:08:00,0.4064154028892517
2026-08-21 10:09:00,0.4064154028892517
2026-08-21 10:10:00,0.4092778265476227
2026-08-21 10:11:00,0.4092778265476227
2026-08-21 10:12:00,0.4092778265476227
2026-08-21 10:13:00,0.4092778265476227
2026-08-21 10:14:00,0.4092778265476227
2026-08-21 10:15:00,0.3246719855815172
2026-08-21 10:16:00,0.3246719855815172
2026-08-21 10:17:00,0.3246719855815172
2026-08-21 10:18:00,0.3246719855815172
2026-08-21 10:19:00,0.3246719855815172
2026-08-21 10:20:00,0.27321689762175083
2026-08-21 10:21:00,0.27321689762175083
2026-08-21 10:22:00,0.27321689762175083
2026-08-21 10:23:00,0.27321689762175083
2026-08-21 10:24:00,0.27321689762175083
2026-08-21 10:25:00,0.2172888983041048
2026-08-21 10:26:00,0.2172888983041048
2026-08-21 10:27:00,0.2172888983041048
2026-08-21 10:28:00,0.2172888983041048
2026-08-21 10:29:00,0.2172888983041048
2026-08-21 10:30:00,0.15916075743734837
2026-08-21 10:31:00,0.15916075743734837
2026-08-21 10:32:00,0.15916075743734837
2026-08-21 10:33:00,0.15916075743734837
2026-08-21 10:34:00,0.15916075743734837
2026-08-21 10:35:00,0.18977170810103416
2026-08-21 10:36:00,0.18977170810103416
2026-08-21 10:37:00,0.18977170810103416
2026-08-21 10:38:00,0.18977170810103416
2026-08-21 10:39:00,0.18977170810103416
2026-08-21 10:40:00,0.15516311675310135
2026-08-21 10:41:00,0.15516311675310135
2026-08-21 10:42:00,0.15516311675310135
2026-08-21 10:43:00,0.15516311675310135
2026-08-21 10:44:00,0.15516311675310135
2026-08-21 10:45:00,0.12440836243331432
2026-08-21 10:46:00,0.12440836243331432
2026-08-21 10:47:00,0.12440836243331432
2026-08-21 10:48:00,0.12440836243331432
2026-08-21 10:49:00,0.12440836243331432
2026-08-21 10:50:00,0.09628400392830372
2026-08-21 10:51:00,0.09628400392830372
2026-08-21 10:52:00,0.09628400392830372
2026-08-21 10:53:00,0.09628400392830372
2026-08-21 10:54:00,0.09628400392830372
2026-08-21 10:55:00,0.3302568029612303
2026-08-21 10:56:00,0.3302568029612303
2026-08-21 10:57:00,0.3302568029612303
2026-08-21 10:58:00,0.3302568029612303
2026-08-21 10:59:00,0.3302568029612303
2026-08-21 11:00:00,0.5952750537544489
2026-08-21 11:01:00,0.5952750537544489
2026-08-21 11:02:00,0.5952750537544489
2026-08-21 11:03:00,0.5952750537544489
2026-08-21 11:04:00,0.5952750537544489
2026-08-21 11:05:00,0.8596443720161915
2026-08-21 11:06:00,0.8596443720161915
2026-08-21 11:07:00,0.8596443720161915
2026-08-21 11:08:00,0.8596443720161915
2026-08-21 11:09:00,0.8596443720161915
2026-08-21 11:10:00,1.1223677098751068
2026-08-21 11:11:00,1.1223677098751068
2026-08-21 11:12:00,1.1223677098751068
2026-08-21 11:13:00,1.1223677098751068
2026-08-21 11:14:00,1.1223677098751068
2026-08-21 11:15:00,0.8912564404308796
2026-08-21 11:16:00,0.8912564404308796
2026-08-21 11:17:00,0.8912564404308796
2026-08-21 11:18:00,0.8912564404308796
2026-08-21 11:19:00,0.8912564404308796
2026-08-21 11:20:00,0.6590418182313442
2026-08-21 11:21:00,0.6590418182313442
2026-08-21 11:22:00,0.6590418182313442
2026-08-21 11:23:00,0.6590418182313442
2026-08-21 11:24:00,0.6590418182313442
2026-08-21 11:25:00,0.42703110352158546
2026-08-21 11:26:00,0.42703110352158546
2026-08-21 11:27:00,0.42703110352158546
2026-08-21 11:28:00,0.42703110352158546
2026-08-21 11:29:00,0.42703110352158546
2026-08-21 11:30:00,0.1948096826672554
2026-08-21 11:31:00,0.1948096826672554
2026-08-21 11:32:00,0.1948096826672554
2026-08-21 11:33:00,0.1948096826672554
2026-08-21 11:34:00,0.1948096826672554
2026-08-21 11:35:00,0.3214857615530491
2026-08-21 11:36:00,0.3214857615530491
2026-08-21 11:37:00,0.3214857615530491
2026-08-21 11:38:00,0.3214857615530491
2026-08-21 11:39:00,0.3214857615530491
2026-08-21 11:40:00,0.4504951499402523
2026-08-21 11:41:00,0.4504951499402523
2026-08-21 11:42:00,0.4504951499402523
2026-08-21 11:43:00,0.4504951499402523
2026-08-21 11:44:00,0.4504951499402523
2026-08-21 11:45:00,0.5804157443344593
2026-08-21 11:46:00,0.5804157443344593
2026-08-21 11:47:00,0.5804157443344593
2026-08-21 11:48:00,0.5804157443344593
2026-08-21 11:49:00,0.5804157443344593
2026-08-21 11:50:00,0.7121308892965317
2026-08-21 11:51:00,0.7121308892965317
2026-08-21 11:52:00,0.7121308892965317
2026-08-21 11:53:00,0.7121308892965317
2026-08-21 11:54:00,0.7121308892965317
2026-08-21 11:55:00,0.5803922526538372
2026-08-21 11:56:00,0.5803922526538372
2026-08-21 11:57:00,0.5803922526538372
2026-08-21 11:58:00,0.5803922526538372
2026-08-21 11:59:00,0.5803922526538372
2026-08-21 12:00:00,0.44795695319771767
2026-08-21 12:01:00,0.44795695319771767
2026-08-21 12:02:00,0.44795695319771767
2026-08-21 12:03:00,0.44795695319771767
2026-08-21 12:04:00,0.44795695319771767
2026-08-21 12:05:00,0.3149385452270508
2026-08-21 12:06:00,0.3149385452270508
2026-08-21 12:07:00,0.3149385452270508
2026-08-21 12:08:00,0.3149385452270508
2026-08-21 12:09:00,0.3149385452270508
2026-08-21 12:10:00,0.18041302636265755
2026-08-21 12:11:00,0.18041302636265755
2026-08-21 12:12:00,0.18041302636265755
2026-08-21 12:13:00,0.18041302636265755
2026-08-21 12:14:00,0.18041302636265755
2026-08-21 12:15:00,0.15913810208439827
2026-08-21 12:16:00,0.15913810208439827
2026-08-21 12:17:00,0.15913810208439827
2026-08-21 12:18:00,0.15913810208439827
2026-08-21 12:19:00,0.15913810208439827
2026-08-21 12:20:00,0.13793129846453667
2026-08-21 12:21:00,0.13793129846453667
2026-08-21 12:22:00,0.13793129846453667
2026-08-21 12:23:00,0.13793129846453667
2026-08-21 12:24:00,0.13793129846453667
2026-08-21 12:25:00,0.11542439833283424
2026-08-21 12:26:00,0.11542439833283424
2026-08-21 12:27:00,0.11542439833283424
2026-08-21 12:28:00,0.11542439833283424
2026-08-21 12:29:00,0.11542439833283424
2026-08-21 12:30:00,0.09466603770852089
2026-08-21 12:31:00,0.09466603770852089
2026-08-21 12:32:00,0.09466603770852089
2026-08-21 12:33:00,0.09466603770852089
2026-08-21 12:34:00,0.09466603770852089
2026-08-21 12:35:00,0.09675365872681141
2026-08-21 12:36:00,0.09675365872681141
2026-08-21 12:37:00,0.09675365872681141
2026-08-21 12:38:00,0.09675365872681141
2026-08-21 12:39:00,0.09675365872681141
2026-08-21 12:40:00,0.09847897663712502
2026-08-21 12:41:00,0.09847897663712502
2026-08-21 12:42:00,0.09847897663712502
2026-08-21 12:43:00,0.09847897663712502
2026-08-21 12:44:00,0.09847897663712502
2026-08-21 12:45:00,0.10299529321491718
2026-08-21 12:46:00,0.10299529321491718
2026-08-21 12:47:00,0.10299529321491718
2026-08-21 12:48:00,0.10299529321491718
2026-08-21 12:49:00,0.10299529321491718
2026-08-21 12:50:00,0.10728164948523045
2026-08-21 12:51:00,0.10728164948523045
2026-08-21 12:52:00,0.10728164948523045
2026-08-21 12:53:00,0.10728164948523045
2026-08-21 12:54:00,0.10728164948523045
2026-08-21 12:55:00,0.09841151162981987
2026-08-21 12:56:00,0.09841151162981987
2026-08-21 12:57:00,0.09841151162981987
2026-08-21 12:58:00,0.09841151162981987
2026-08-21 12:59:00,0.09841151162981987
2026-08-21 13:00:00,0.0894791055470705
2026-08-21 13:01:00,0.0894791055470705
2026-08-21 13:02:00,0.0894791055470705
2026-08-21 13:03:00,0.0894791055470705
2026-08-21 13:04:00,0.0894791055470705
2026-08-21 13:05:00,0.07836534455418587
2026-08-21 13:06:00,0.07836534455418587
2026-08-21 13:07:00,0.07836534455418587
2026-08-21 13:08:00,0.07836534455418587
2026-08-21 13:09:00,0.07836534455418587
2026-08-21 13:10:00,0.06344721931964159
2026-08-21 13:11:00,0.06344721931964159
2026-08-21 13:12:00,0.06344721931964159
2026-08-21 13:13:00,0.06344721931964159
2026-08-21 13:14:00,0.06344721931964159
2026-08-21 13:15:00,0.061728366650640965
2026-08-21 13:16:00,0.061728366650640965
2026-08-21 13:17:00,0.061728366650640965
2026-08-21 13:18:00,0.061728366650640965
2026-08-21 13:19:00,0.061728366650640965
2026-08-21 13:20:00,0.05995429214090109
2026-08-21 13:21:00,0.05995429214090109
2026-08-21 13:22:00,0.05995429214090109
2026-08-21 13:23:00,0.05995429214090109
2026-08-21 13:24:00,0.05995429214090109
2026-08-21 13:25:00,0.05814141593873501
2026-08-21 13:26:00,0.05814141593873501
2026-08-21 13:27:00,0.05814141593873501
2026-08-21 13:28:00,0.05814141593873501
2026-08-21 13:29:00,0.05814141593873501
2026-08-21 13:30:00,0.059957549907267094
2026-08-21 13:31:00,0.059957549907267094
2026-08-21 13:32:00,0.059957549907267094
2026-08-21 13:33:00,0.059957549907267094
2026-08-21 13:34:00,0.059957549907267094
2026-08-21 13:35:00,0.06929010432213545
2026-08-21 13:36:00,0.06929010432213545
2026-08-21 13:37:00,0.06929010432213545
2026-08-21 13:38:00,0.06929010432213545
2026-08-21 13:39:00,0.06929010432213545
2026-08-21 13:40:00,0.10052486229687929
2026-08-21 13:41:00,0.10052486229687929
2026-08-21 13:42:00,0.10052486229687929
2026-08-21 13:43:00,0.10052486229687929
2026-08-21 13:44:00,0.10052486229687929
2026-08-21 13:45:00,0.15966485626995564
2026-08-21 13:46:00,0.15966485626995564
2026-08-21 13:47:00,0.15966485626995564
2026-08-21 13:48:00,0.15966485626995564
2026-08-21 13:49:00,0.15966485626995564
2026-08-21 13:50:00,0.2545757982879877
2026-08-21 13:51:00,0.2545757982879877
2026-08-21 13:52:00,0.2545757982879877
2026-08-21 13:53:00,0.2545757982879877
2026-08-21 13:54:00,0.2545757982879877
2026-08-21 13:55:00,0.33765508234500885
2026-08-21 13:56:00,0.33765508234500885
2026-08-21 13:57:00,0.33765508234500885
2026-08-21 13:58:00,0.33765508234500885
2026-08-21 13:59:00,0.33765508234500885
2026-08-21 14:00:00,0.3857051357626915
2026-08-21 14:01:00,0.3857051357626915
2026-08-21 14:02:00,0.3857051357626915
2026-08-21 14:03:00,0.3857051357626915
2026-08-21 14:04:00,0.3857051357626915
2026-08-21 14:05:00,0.37998315691947937
2026-08-21 14:06:00,0.37998315691947937
2026-08-21 14:07:00,0.37998315691947937
2026-08-21 14:08:00,0.37998315691947937
2026-08-21 14:09:00,0.37998315691947937
2026-08-21 14:10:00,0.3151991255581379
2026-08-21 14:11:00,0.3151991255581379
2026-08-21 14:12:00,0.3151991255581379
2026-08-21 14:13:00,0.3151991255581379
2026-08-21 14:14:00,0.3151991255581379
2026-08-21 14:15:00,0.238688126206398
2026-08-21 14:16:00,0.238688126206398
2026-08-21 14:17:00,0.238688126206398
2026-08-21 14:18:00,0.238688126206398
2026-08-21 14:19:00,0.238688126206398
2026-08-21 14:20:00,0.16673650033771992
2026-08-21 14:21:00,0.16673650033771992
2026-08-21 14:22:00,0.16673650033771992
2026-08-21 14:23:00,0.16673650033771992
2026-08-21 14:24:00,0.16673650033771992
2026-08-21 14:25:00,0.33919760026037693
2026-08-21 14:26:00,0.33919760026037693
2026-08-21 14:27:00,0.33919760026037693
2026-08-21 14:28:00,0.33919760026037693
2026-08-21 14:29:00,0.33919760026037693
2026-08-21 14:30:00,0.5344952177256346
2026-08-21 14:31:00,0.5344952177256346
2026-08-21 14:32:00,0.5344952177256346
2026-08-21 14:33:00,0.5344952177256346
2026-08-21 14:34:00,0.5344952177256346
2026-08-21 14:35:00,0.7457230556756258
2026-08-21 14:36:00,0.7457230556756258
2026-08-21 14:37:00,0.7457230556756258
2026-08-21 14:38:00,0.7457230556756258
2026-08-21 14:39:00,0.7457230556756258
2026-08-21 14:40:00,0.9656835645437241
2026-08-21 14:41:00,0.9656835645437241
2026-08-21 14:42:00,0.9656835645437241
2026-08-21 14:43:00,0.9656835645437241
2026-08-21 14:44:00,0.9656835645437241
2026-08-21 14:45:00,0.7676073163747787
2026-08-21 14:46:00,0.7676073163747787
2026-08-21 14:47:00,0.7676073163747787
2026-08-21 14:48:00,0.7676073163747787
2026-08-21 14:49:00,0.7676073163747787
2026-08-21 14:50:00,0.5669498965144157
2026-08-21 14:51:00,0.5669498965144157
2026-08-21 14:52:00,0.5669498965144157
2026-08-21 14:53:00,0.5669498965144157
2026-08-21 14:54:00,0.5669498965144157
2026-08-21 14:55:00,0.36419200152158737
2026-08-21 14:56:00,0.36419200152158737
2026-08-21 14:57:00,0.36419200152158737
2026-08-21 14:58:00,0.36419200152158737
2026-08-21 14:59:00,0.36419200152158737
2026-08-21 15:00:00,0.161620132625103
2026-08-21 15:01:00,0.161620132625103
2026-08-21 15:02:00,0.161620132625103
2026-08-21 15:03:00,0.161620132625103
2026-08-21 15:04:00,0.161620132625103
2026-08-21 15:05:00,0.15885969623923302
2026-08-21 15:06:00,0.15885969623923302
2026-08-21 15:07:00,0.15885969623923302
2026-08-21 15:08:00,0.15885969623923302
2026-08-21 15:09:00,0.15885969623923302
2026-08-21 15:10:00,0.18825548514723778
2026-08-21 15:11:00,0.18825548514723778
2026-08-21 15:12:00,0.18825548514723778
2026-08-21 15:13:00,0.18825548514723778
2026-08-21 15:14:00,0.18825548514723778
2026-08-21 15:15:00,0.21910545602440834
2026-08-21 15:16:00,0.21910545602440834
2026-08-21 15:17:00,0.21910545602440834
2026-08-21 15:18:00,0.21910545602440834
2026-08-21 15:19:00,0.21910545602440834
2026-08-21 15:20:00,0.2501940093934536
2026-08-21 15:21:00,0.2501940093934536
2026-08-21 15:22:00,0.2501940093934536
2026-08-21 15:23:00,0.2501940093934536
2026-08-21 15:24:00,0.2501940093934536
2026-08-21 15:25:00,0.28102804720401764
2026-08-21 15:26:00,0.28102804720401764
2026-08-21 15:27:00,0.28102804720401764
2026-08-21 15:28:00,0.28102804720401764
2026-08-21 15:29:00,0.28102804720401764
2026-08-21 15:30:00,0.25247645378112793
2026-08-21 15:31:00,0.25247645378112793
2026-08-21 15:32:00,0.25247645378112793
2026-08-21 15:33:00,0.25247645378112793
2026-08-21 15:34:00,0.25247645378112793
2026-08-21 15:35:00,0.22272858023643494
2026-08-21 15:36:00,0.22272858023643494
2026-08-21 15:37:00,0.22272858023643494
2026-08-21 15:38:00,0.22272858023643494
2026-08-21 15:39:00,0.22272858023643494
2026-08-21 15:40:00,0.39163876324892044
2026-08-21 15:41:00,0.39163876324892044
2026-08-21 15:42:00,0.39163876324892044
2026-08-21 15:43:00,0.39163876324892044
2026-08-21 15:44:00,0.39163876324892044
2026-08-21 15:45:00,0.5794835686683655
2026-08-21 15:46:00,0.5794835686683655
2026-08-21 15:47:00,0.5794835686683655
2026-08-21 15:48:00,0.5794835686683655
2026-08-21 15:49:00,0.5794835686683655
2026-08-21 15:50:00,0.7964984253048897
2026-08-21 15:51:00,0.7964984253048897
2026-08-21 15:52:00,0.7964984253048897
2026-08-21 15:53:00,0.7964984253048897
2026-08-21 15:54:00,0.7964984253048897
2026-08-21 15:55:00,1.0148038417100906
2026-08-21 15:56:00,1.0148038417100906
2026-08-21 15:57:00,1.0148038417100906
2026-08-21 15:58:00,1.0148038417100906
2026-08-21 15:59:00,1.0148038417100906
2026-08-21 16:00:00,0.819209635257721
2026-08-21 16:01:00,0.819209635257721
2026-08-21 16:02:00,0.819209635257721
2026-08-21 16:03:00,0.819209635257721
2026-08-21 16:04:00,0.819209635257721
2026-08-21 16:05:00,0.603851892054081
2026-08-21 16:06:00,0.603851892054081
2026-08-21 16:07:00,0.603851892054081
2026-08-21 16:08:00,0.603851892054081
2026-08-21 16:09:00,0.603851892054081
2026-08-21 16:10:00,0.614314891397953
2026-08-21 16:11:00,0.614314891397953
2026-08-21 16:12:00,0.614314891397953
2026-08-21 16:13:00,0.614314891397953
2026-08-21 16:14:00,0.614314891397953
2026-08-21 16:15:00,0.6241221502423286
2026-08-21 16:16:00,0.6241221502423286
2026-08-21 16:17:00,0.6241221502423286
2026-08-21 16:18:00,0.6241221502423286
2026-08-21 16:19:00,0.6241221502423286
2026-08-21 16:20:00,0.8488477244973183
2026-08-21 16:21:00,0.8488477244973183
2026-08-21 16:22:00,0.8488477244973183
2026-08-21 16:23:00,0.8488477244973183
2026-08-21 16:24:00,0.8488477244973183
2026-08-21 16:25:00,1.0744465291500092
2026-08-21 16:26:00,1.0744465291500092
2026-08-21 16:27:00,1.0744465291500092
2026-08-21 16:28:00,1.0744465291500092
2026-08-21 16:29:00,1.0744465291500092
2026-08-21 16:30:00,1.0624617040157318
2026-08-21 16:31:00,1.0624617040157318
2026-08-21 16:32:00,1.0624617040157318
2026-08-21 16:33:00,1.0624617040157318
2026-08-21 16:34:00,1.0624617040157318
2026-08-21 16:35:00,1.0511829853057861
2026-08-21 16:36:00,1.0511829853057861
2026-08-21 16:37:00,1.0511829853057861
2026-08-21 16:38:00,1.0511829853057861
2026-08-21 16:39:00,1.0511829853057861
2026-08-21 16:40:00,1.0402134358882904
2026-08-21 16:41:00,1.0402134358882904
2026-08-21 16:42:00,1.0402134358882904
2026-08-21 16:43:00,1.0402134358882904
2026-08-21 16:44:00,1.0402134358882904
2026-08-21 16:45:00,1.0291028320789337
2026-08-21 16:46:00,1.0291028320789337
2026-08-21 16:47:00,1.0291028320789337
2026-08-21 16:48:00,1.0291028320789337
2026-08-21 16:49:00,1.0291028320789337
2026-08-21 16:50:00,0.8446422889828682
2026-08-21 16:51:00,0.8446422889828682
2026-08-21 16:52:00,0.8446422889828682
2026-08-21 16:53:00,0.8446422889828682
2026-08-21 16:54:00,0.8446422889828682
2026-08-21 16:55:00,0.6597809717059135
2026-08-21 16:56:00,0.6597809717059135
2026-08-21 16:57:00,0.6597809717059135
2026-08-21 16:58:00,0.6597809717059135
2026-08-21 16:59:00,0.6597809717059135
2026-08-21 17:00:00,0.46850907802581787
2026-08-21 17:01:00,0.46850907802581787
2026-08-21 17:02:00,0.46850907802581787
2026-08-21 17:03:00,0.46850907802581787
2026-08-21 17:04:00,0.46850907802581787
2026-08-21 17:05:00,0.27693597227334976
2026-08-21 17:06:00,0.27693597227334976
2026-08-21 17:07:00,0.27693597227334976
2026-08-21 17:08:00,0.27693597227334976
2026-08-21 17:09:00,0.27693597227334976
2026-08-21 17:10:00,0.4814760386943817
2026-08-21 17:11:00,0.4814760386943817
2026-08-21 17:12:00,0.4814760386943817
2026-08-21 17:13:00,0.4814760386943817
2026-08-21 17:14:00,0.4814760386943817
2026-08-21 17:15:00,0.6858813017606735
2026-08-21 17:16:00,0.6858813017606735
2026-08-21 17:17:00,0.6858813017606735
2026-08-21 17:18:00,0.6858813017606735
2026-08-21 17:19:00,0.6858813017606735
2026-08-21 17:20:00,0.8962740376591682
2026-08-21 17:21:00,0.8962740376591682
2026-08-21 17:22:00,0.8962740376591682
2026-08-21 17:23:00,0.8962740376591682
2026-08-21 17:24:00,0.8962740376591682
2026-08-21 17:25:00,1.1070683300495148
2026-08-21 17:26:00,1.1070683300495148
2026-08-21 17:27:00,1.1070683300495148
2026-08-21 17:28:00,1.1070683300495148
2026-08-21 17:29:00,1.1070683300495148
2026-08-21 17:30:00,0.8960230797529221
2026-08-21 17:31:00,0.8960230797529221
2026-08-21 17:32:00,0.8960230797529221
2026-08-21 17:33:00,0.8960230797529221
2026-08-21 17:34:00,0.8960230797529221
2026-08-21 17:35:00,0.68423842638731
2026-08-21 17:36:00,0.68423842638731
2026-08-21 17:37:00,0.68423842638731
2026-08-21 17:38:00,0.68423842638731
2026-08-21 17:39:00,0.68423842638731
2026-08-21 17:40:00,0.4739251956343651
2026-08-21 17:41:00,0.4739251956343651
2026-08-21 17:42:00,0.4739251956343651
2026-08-21 17:43:00,0.4739251956343651
2026-08-21 17:44:00,0.4739251956343651
2026-08-21 17:45:00,0.2641746997833252
2026-08-21 17:46:00,0.2641746997833252
2026-08-21 17:47:00,0.2641746997833252
2026-08-21 17:48:00,0.2641746997833252
2026-08-21 17:49:00,0.2641746997833252
2026-08-21 17:50:00,0.26644929498434067
2026-08-21 17:51:00,0.26644929498434067
2026-08-21 17:52:00,0.26644929498434067
2026-08-21 17:53:00,0.26644929498434067
2026-08-21 17:54:00,0.26644929498434067
2026-08-21 17:55:00,0.26921071112155914
2026-08-21 17:56:00,0.26921071112155914
2026-08-21 17:57:00,0.26921071112155914
2026-08-21 17:58:00,0.26921071112155914
2026-08-21 17:59:00,0.26921071112155914
2026-08-21 18:00:00,0.2709774896502495
2026-08-21 18:01:00,0.2709774896502495
2026-08-21 18:02:00,0.2709774896502495
2026-08-21 18:03:00,0.2709774896502495
2026-08-21 18:04:00,0.2709774896502495
2026-08-21 18:05:00,0.27133966982364655
2026-08-21 18:06:00,0.27133966982364655
2026-08-21 18:07:00,0.27133966982364655
2026-08-21 18:08:00,0.27133966982364655
2026-08-21 18:09:00,0.27133966982364655
2026-08-21 18:10:00,0.26878272742033005
2026-08-21 18:11:00,0.26878272742033005
2026-08-21 18:12:00,0.26878272742033005
2026-08-21 18:13:00,0.26878272742033005
2026-08-21 18:14:00,0.26878272742033005
2026-08-21 18:15:00,0.26675814390182495
2026-08-21 18:16:00,0.26675814390182495
2026-08-21 18:17:00,0.26675814390182495
2026-08-21 18:18:00,0.26675814390182495
2026-08-21 18:19:00,0.26675814390182495
2026-08-21 18:20:00,0.26290418207645416
2026-08-21 18:21:00,0.26290418207645416
2026-08-21 18:22:00,0.26290418207645416
2026-08-21 18:23:00,0.26290418207645416
2026-08-21 18:24:00,0.26290418207645416
2026-08-21 18:25:00,0.26070574671030045
2026-08-21 18:26:00,0.26070574671030045
2026-08-21 18:27:00,0.26070574671030045
2026-08-21 18:28:00,0.26070574671030045
2026-08-21 18:29:00,0.26070574671030045
2026-08-21 18:30:00,0.20662932563573122
2026-08-21 18:31:00,0.20662932563573122
2026-08-21 18:32:00,0.20662932563573122
2026-08-21 18:33:00,0.20662932563573122
2026-08-21 18:34:00,0.20662932563573122
2026-08-21 18:35:00,0.15209070593118668
2026-08-21 18:36:00,0.15209070593118668
2026-08-21 18:37:00,0.15209070593118668
2026-08-21 18:38:00,0.15209070593118668
2026-08-21 18:39:00,0.15209070593118668
2026-08-21 18:40:00,0.09882648382335901
2026-08-21 18:41:00,0.09882648382335901
2026-08-21 18:42:00,0.09882648382335901
2026-08-21 18:43:00,0.09882648382335901
2026-08-21 18:44:00,0.09882648382335901
2026-08-21 18:45:00,0.04461482726037502
2026-08-21 18:46:00,0.04461482726037502
2026-08-21 18:47:00,0.04461482726037502
2026-08-21 18:48:00,0.04461482726037502
2026-08-21 18:49:00,0.04461482726037502
2026-08-21 18:50:00,0.045103020034730434
2026-08-21 18:51:00,0.045103020034730434
2026-08-21 18:52:00,0.045103020034730434
2026-08-21 18:53:00,0.045103020034730434
2026-08-21 18:54:00,0.045103020034730434
2026-08-21 18:55:00,0.04662175662815571
2026-08-21 18:56:00,0.04662175662815571
2026-08-21 18:57:00,0.04662175662815571
2026-08-21 18:58:00,0.04662175662815571
2026-08-21 18:59:00,0.04662175662815571
2026-08-21 19:00:00,0.24174916837364435
2026-08-21 19:01:00,0.24174916837364435
2026-08-21 19:02:00,0.24174916837364435
2026-08-21 19:03:00,0.24174916837364435
2026-08-21 19:04:00,0.24174916837364435
2026-08-21 19:05:00,0.4372941739857197
2026-08-21 19:06:00,0.4372941739857197
2026-08-21 19:07:00,0.4372941739857197
2026-08-21 19:08:00,0.4372941739857197
2026-08-21 19:09:00,0.4372941739857197
2026-08-21 19:10:00,0.6411267425864935
2026-08-21 19:11:00,0.6411267425864935
2026-08-21 19:12:00,0.6411267425864935
2026-08-21 19:13:00,0.6411267425864935
2026-08-21 19:14:00,0.6411267425864935
2026-08-21 19:15:00,0.8440289348363876
2026-08-21 19:16:00,0.8440289348363876
2026-08-21 19:17:00,0.8440289348363876
2026-08-21 19:18:00,0.8440289348363876
2026-08-21 19:19:00,0.8440289348363876
2026-08-21 19:20:00,0.8808839023113251
2026-08-21 19:21:00,0.8808839023113251
2026-08-21 19:22:00,0.8808839023113251
2026-08-21 19:23:00,0.8808839023113251
2026-08-21 19:24:00,0.8808839023113251
2026-08-21 19:25:00,0.9173156768083572
2026-08-21 19:26:00,0.9173156768083572
2026-08-21 19:27:00,0.9173156768083572
2026-08-21 19:28:00,0.9173156768083572
2026-08-21 19:29:00,0.9173156768083572
2026-08-21 19:30:00,0.7407007217407227
2026-08-21 19:31:00,0.7407007217407227
2026-08-21 19:32:00,0.7407007217407227
2026-08-21 19:33:00,0.7407007217407227
2026-08-21 19:34:00,0.7407007217407227
2026-08-21 19:35:00,0.5656543560326099
2026-08-21 19:36:00,0.5656543560326099
2026-08-21 19:37:00,0.5656543560326099
2026-08-21 19:38:00,0.5656543560326099
2026-08-21 19:39:00,0.5656543560326099
2026-08-21 19:40:00,0.36223244294524193
2026-08-21 19:41:00,0.36223244294524193
2026-08-21 19:42:00,0.36223244294524193
2026-08-21 19:43:00,0.36223244294524193
2026-08-21 19:44:00,0.36223244294524193
2026-08-21 19:45:00,0.15918270498514175
2026-08-21 19:46:00,0.15918270498514175
2026-08-21 19:47:00,0.15918270498514175
2026-08-21 19:48:00,0.15918270498514175
2026-08-21 19:49:00,0.15918270498514175
2026-08-21 19:50:00,0.42871641367673874
2026-08-21 19:51:00,0.42871641367673874
2026-08-21 19:52:00,0.42871641367673874
2026-08-21 19:53:00,0.42871641367673874
2026-08-21 19:54:00,0.42871641367673874
2026-08-21 19:55:00,0.6966796852648258
2026-08-21 19:56:00,0.6966796852648258
2026-08-21 19:57:00,0.6966796852648258
2026-08-21 19:58:00,0.6966796852648258
2026-08-21 19:59:00,0.6966796852648258
2026-08-21 20:00:00,0.9656012021005154
2026-08-21 20:01:00,0.9656012021005154
2026-08-21 20:02:00,0.9656012021005154
2026-08-21 20:03:00,0.9656012021005154
2026-08-21 20:04:00,0.9656012021005154
2026-08-21 20:05:00,1.2343554496765137
2026-08-21 20:06:00,1.2343554496765137
2026-08-21 20:07:00,1.2343554496765137
2026-08-21 20:08:00,1.2343554496765137
2026-08-21 20:09:00,1.2343554496765137
2026-08-21 20:10:00,1.0021991655230522
2026-08-21 20:11:00,1.0021991655230522
2026-08-21 20:12:00,1.0021991655230522
2026-08-21 20:13:00,1.0021991655230522
2026-08-21 20:14:00,1.0021991655230522
2026-08-21 20:15:00,0.7705868259072304
2026-08-21 20:16:00,0.7705868259072304
2026-08-21 20:17:00,0.7705868259072304
2026-08-21 20:18:00,0.7705868259072304
2026-08-21 20:19:00,0.7705868259072304
2026-08-21 20:20:00,0.5466968566179276
2026-08-21 20:21:00,0.5466968566179276
2026-08-21 20:22:00,0.5466968566179276
2026-08-21 20:23:00,0.5466968566179276
2026-08-21 20:24:00,0.5466968566179276
2026-08-21 20:25:00,0.3219243884086609
2026-08-21 20:26:00,0.3219243884086609
2026-08-21 20:27:00,0.3219243884086609
2026-08-21 20:28:00,0.3219243884086609
2026-08-21 20:29:00,0.3219243884086609
2026-08-21 20:30:00,0.32906924188137054
2026-08-21 20:31:00,0.32906924188137054
2026-08-21 20:32:00,0.32906924188137054
2026-08-21 20:33:00,0.32906924188137054
2026-08-21 20:34:00,0.32906924188137054
2026-08-21 20:35:00,0.33587469905614853
2026-08-21 20:36:00,0.33587469905614853
2026-08-21 20:37:00,0.33587469905614853
2026-08-21 20:38:00,0.33587469905614853
2026-08-21 20:39:00,0.33587469905614853
2026-08-21 20:40:00,0.3350112587213516
2026-08-21 20:41:00,0.3350112587213516
2026-08-21 20:42:00,0.3350112587213516
2026-08-21 20:43:00,0.3350112587213516
2026-08-21 20:44:00,0.3350112587213516
2026-08-21 20:45:00,0.33493848890066147
2026-08-21 20:46:00,0.33493848890066147
2026-08-21 20:47:00,0.33493848890066147
2026-08-21 20:48:00,0.33493848890066147
2026-08-21 20:49:00,0.33493848890066147
2026-08-21 20:50:00,0.33580080419778824
2026-08-21 20:51:00,0.33580080419778824
2026-08-21 20:52:00,0.33580080419778824
2026-08-21 20:53:00,0.33580080419778824
2026-08-21 20:54:00,0.33580080419778824
2026-08-21 20:55:00,0.3360324501991272
2026-08-21 20:56:00,0.3360324501991272
2026-08-21 20:57:00,0.3360324501991272
2026-08-21 20:58:00,0.3360324501991272
2026-08-21 20:59:00,0.3360324501991272
2026-08-21 21:00:00,0.3368043601512909
2026-08-21 21:01:00,0.3368043601512909
2026-08-21 21:02:00,0.3368043601512909
2026-08-21 21:03:00,0.3368043601512909
2026-08-21 21:04:00,0.3368043601512909
2026-08-21 21:05:00,0.3383484333753586
2026-08-21 21:06:00,0.3383484333753586
2026-08-21 21:07:00,0.3383484333753586
2026-08-21 21:08:00,0.3383484333753586
2026-08-21 21:09:00,0.3383484333753586
2026-08-21 21:10:00,0.26665931195020676
2026-08-21 21:11:00,0.26665931195020676
2026-08-21 21:12:00,0.26665931195020676
2026-08-21 21:13:00,0.26665931195020676
2026-08-21 21:14:00,0.26665931195020676
2026-08-21 21:15:00,0.19514091406017542
2026-08-21 21:16:00,0.19514091406017542
2026-08-21 21:17:00,0.19514091406017542
2026-08-21 21:18:00,0.19514091406017542
2026-08-21 21:19:00,0.19514091406017542
2026-08-21 21:20:00,0.12180146854370832
2026-08-21 21:21:00,0.12180146854370832
2026-08-21 21:22:00,0.12180146854370832
2026-08-21 21:23:00,0.12180146854370832
2026-08-21 21:24:00,0.12180146854370832
2026-08-21 21:25:00,0.04873454198241234
2026-08-21 21:26:00,0.04873454198241234
2026-08-21 21:27:00,0.04873454198241234
2026-08-21 21:28:00,0.04873454198241234
2026-08-21 21:29:00,0.04873454198241234
2026-08-21 21:30:00,0.04804722685366869
2026-08-21 21:31:00,0.04804722685366869
2026-08-21 21:32:00,0.04804722685366869
2026-08-21 21:33:00,0.04804722685366869
2026-08-21 21:34:00,0.04804722685366869
2026-08-21 21:35:00,0.04927923809736967
2026-08-21 21:36:00,0.04927923809736967
2026-08-21 21:37:00,0.04927923809736967
2026-08-21 21:38:00,0.04927923809736967
2026-08-21 21:39:00,0.04927923809736967
2026-08-21 21:40:00,0.0550113869830966
2026-08-21 21:41:00,0.0550113869830966
2026-08-21 21:42:00,0.0550113869830966
2026-08-21 21:43:00,0.0550113869830966
2026-08-21 21:44:00,0.0550113869830966
2026-08-21 21:45:00,0.05994255468249321
2026-08-21 21:46:00,0.05994255468249321
2026-08-21 21:47:00,0.05994255468249321
2026-08-21 21:48:00,0.05994255468249321
2026-08-21 21:49:00,0.05994255468249321
2026-08-21 21:50:00,0.06437284033745527
2026-08-21 21:51:00,0.06437284033745527
2026-08-21 21:52:00,0.06437284033745527
2026-08-21 21:53:00,0.06437284033745527
2026-08-21 21:54:00,0.06437284033745527
2026-08-21 21:55:00,0.06630648951977491
2026-08-21 21:56:00,0.06630648951977491
2026-08-21 21:57:00,0.06630648951977491
2026-08-21 21:58:00,0.06630648951977491
2026-08-21 21:59:00,0.06630648951977491
2026-08-21 22:00:00,0.06257319636642933
2026-08-21 22:01:00,0.06257319636642933
2026-08-21 22:02:00,0.06257319636642933
2026-08-21 22:03:00,0.06257319636642933
2026-08-21 22:04:00,0.06257319636642933
2026-08-21 22:05:00,0.060062908567488194
2026-08-21 22:06:00,0.060062908567488194
2026-08-21 22:07:00,0.060062908567488194
2026-08-21 22:08:00,0.060062908567488194
2026-08-21 22:09:00,0.060062908567488194
2026-08-21 22:10:00,0.055601038970053196
2026-08-21 22:11:00,0.055601038970053196
2026-08-21 22:12:00,0.055601038970053196
2026-08-21 22:13:00,0.055601038970053196
2026-08-21 22:14:00,0.055601038970053196
2026-08-21 22:15:00,0.050451057963073254
2026-08-21 22:16:00,0.050451057963073254
2026-08-21 22:17:00,0.050451057963073254
2026-08-21 22:18:00,0.050451057963073254
2026-08-21 22:19:00,0.050451057963073254
2026-08-21 22:20:00,0.04707044642418623
2026-08-21 22:21:00,0.04707044642418623
2026-08-21 22:22:00,0.04707044642418623
2026-08-21 22:23:00,0.04707044642418623
2026-08-21 22:24:00,0.04707044642418623
2026-08-21 22:25:00,0.043390680104494095
2026-08-21 22:26:00,0.043390680104494095
2026-08-21 22:27:00,0.043390680104494095
2026-08-21 22:28:00,0.043390680104494095
2026-08-21 22:29:00,0.043390680104494095
2026-08-21 22:30:00,0.13325880095362663
2026-08-21 22:31:00,0.13325880095362663
2026-08-21 22:32:00,0.13325880095362663
2026-08-21 22:33:00,0.13325880095362663
2026-08-21 22:34:00,0.13325880095362663
2026-08-21 22:35:00,0.22476692777127028
2026-08-21 22:36:00,0.22476692777127028
2026-08-21 22:37:00,0.22476692777127028
2026-08-21 22:38:00,0.22476692777127028
2026-08-21 22:39:00,0.22476692777127028
2026-08-21 22:40:00,0.317645700648427
2026-08-21 22:41:00,0.317645700648427
2026-08-21 22:42:00,0.317645700648427
2026-08-21 22:43:00,0.317645700648427
2026-08-21 22:44:00,0.317645700648427
2026-08-21 22:45:00,0.4086360037326813
2026-08-21 22:46:00,0.4086360037326813
2026-08-21 22:47:00,0.4086360037326813
2026-08-21 22:48:00,0.4086360037326813
2026-08-21 22:49:00,0.4086360037326813
2026-08-21 22:50:00,0.3234449680894613
2026-08-21 22:51:00,0.3234449680894613
2026-08-21 22:52:00,0.3234449680894613
2026-08-21 22:53:00,0.3234449680894613
2026-08-21 22:54:00,0.3234449680894613
2026-08-21 22:55:00,0.23806103318929672
2026-08-21 22:56:00,0.23806103318929672
2026-08-21 22:57:00,0.23806103318929672
2026-08-21 22:58:00,0.23806103318929672
2026-08-21 22:59:00,0.23806103318929672
2026-08-21 23:00:00,0.15189805440604687
2026-08-21 23:01:00,0.15189805440604687
2026-08-21 23:02:00,0.15189805440604687
2026-08-21 23:03:00,0.15189805440604687
2026-08-21 23:04:00,0.15189805440604687
2026-08-21 23:05:00,0.0672136191278696
2026-08-21 23:06:00,0.0672136191278696
2026-08-21 23:07:00,0.0672136191278696
2026-08-21 23:08:00,0.0672136191278696
2026-08-21 23:09:00,0.0672136191278696
2026-08-21 23:10:00,0.06829555705189705
2026-08-21 23:11:00,0.06829555705189705
2026-08-21 23:12:00,0.06829555705189705
2026-08-21 23:13:00,0.06829555705189705
2026-08-21 23:14:00,0.06829555705189705
2026-08-21 23:15:00,0.06876125000417233
2026-08-21 23:16:00,0.06876125000417233
2026-08-21 23:17:00,0.06876125000417233
2026-08-21 23:18:00,0.06876125000417233
2026-08-21 23:19:00,0.06876125000417233
2026-08-21 23:20:00,0.07127418369054794
2026-08-21 23:21:00,0.07127418369054794
2026-08-21 23:22:00,0.07127418369054794
2026-08-21 23:23:00,0.07127418369054794
2026-08-21 23:24:00,0.07127418369054794
2026-08-21 23:25:00,0.07152308896183968
2026-08-21 23:26:00,0.07152308896183968
2026-08-21 23:27:00,0.07152308896183968
2026-08-21 23:28:00,0.07152308896183968
2026-08-21 23:29:00,0.07152308896183968
2026-08-21 23:30:00,0.07035798393189907
2026-08-21 23:31:00,0.07035798393189907
2026-08-21 23:32:00,0.07035798393189907
2026-08-21 23:33:00,0.07035798393189907
2026-08-21 23:34:00,0.07035798393189907
2026-08-21 23:35:00,0.07177805155515671
2026-08-21 23:36:00,0.07177805155515671
2026-08-21 23:37:00,0.07177805155515671
2026-08-21 23:38:00,0.07177805155515671
2026-08-21 23:39:00,0.07177805155515671
2026-08-21 23:40:00,0.0707497913390398
2026-08-21 23:41:00,0.0707497913390398
2026-08-21 23:42:00,0.0707497913390398
2026-08-21 23:43:00,0.0707497913390398
2026-08-21 23:44:00,0.0707497913390398
2026-08-21 23:45:00,0.07255346514284611
2026-08-21 23:46:00,0.07255346514284611
2026-08-21 23:47:00,0.07255346514284611
2026-08-21 23:48:00,0.07255346514284611
2026-08-21 23:49:00,0.07255346514284611
2026-08-21 23:50:00,0.07195037603378296
2026-08-21 23:51:00,0.07195037603378296
2026-08-21 23:52:00,0.07195037603378296
2026-08-21 23:53:00,0.07195037603378296
2026-08-21 23:54:00,0.07195037603378296
2026-08-21 23:55:00,0.06813362706452608
2026-08-21 23:56:00,0.06813362706452608
2026-08-21 23:57:00,0.06813362706452608
2026-08-21 23:58:00,0.06813362706452608
2026-08-21 23:59:00,0.06813362706452608
2026-08-22 00:00:00,0.06371061038225889
2026-08-22 00:01:00,0.06371061038225889
2026-08-22 00:02:00,0.06371061038225889
2026-08-22 00:03:00,0.06371061038225889
2026-08-22 00:04:00,0.06371061038225889
2026-08-22 00:05:00,0.05873115733265877
2026-08-22 00:06:00,0.05873115733265877
2026-08-22 00:07:00,0.05873115733265877
2026-08-22 00:08:00,0.05873115733265877
2026-08-22 00:09:00,0.05873115733265877
2026-08-22 00:10:00,0.055556551553308964
2026-08-22 00:11:00,0.055556551553308964
2026-08-22 00:12:00,0.055556551553308964
2026-08-22 00:13:00,0.055556551553308964
2026-08-22 00:14:00,0.055556551553308964
2026-08-22 00:15:00,0.05383428651839495
2026-08-22 00:16:00,0.05383428651839495
2026-08-22 00:17:00,0.05383428651839495
2026-08-22 00:18:00,0.05383428651839495
2026-08-22 00:19:00,0.05383428651839495
2026-08-22 00:20:00,0.05295165255665779
2026-08-22 00:21:00,0.05295165255665779
2026-08-22 00:22:00,0.05295165255665779
2026-08-22 00:23:00,0.05295165255665779
2026-08-22 00:24:00,0.05295165255665779
2026-08-22 00:25:00,0.05226575676351786
2026-08-22 00:26:00,0.05226575676351786
2026-08-22 00:27:00,0.05226575676351786
2026-08-22 00:28:00,0.05226575676351786
2026-08-22 00:29:00,0.05226575676351786
2026-08-22 00:30:00,0.05242958292365074
2026-08-22 00:31:00,0.05242958292365074
2026-08-22 00:32:00,0.05242958292365074
2026-08-22 00:33:00,0.05242958292365074
2026-08-22 00:34:00,0.05242958292365074
2026-08-22 00:35:00,0.05515859369188547
2026-08-22 00:36:00,0.05515859369188547
2026-08-22 00:37:00,0.05515859369188547
2026-08-22 00:38:00,0.05515859369188547
2026-08-22 00:39:00,0.05515859369188547
2026-08-22 00:40:00,0.056769478134810925
2026-08-22 00:41:00,0.056769478134810925
2026-08-22 00:42:00,0.056769478134810925
2026-08-22 00:43:00,0.056769478134810925
2026-08-22 00:44:00,0.056769478134810925
2026-08-22 00:45:00,0.29467488545924425
2026-08-22 00:46:00,0.29467488545924425
2026-08-22 00:47:00,0.29467488545924425
2026-08-22 00:48:00,0.29467488545924425
2026-08-22 00:49:00,0.29467488545924425
2026-08-22 00:50:00,0.545754631049931
2026-08-22 00:51:00,0.545754631049931
2026-08-22 00:52:00,0.545754631049931
2026-08-22 00:53:00,0.545754631049931
2026-08-22 00:54:00,0.545754631049931
2026-08-22 00:55:00,0.8210900658741593
2026-08-22 00:56:00,0.8210900658741593
2026-08-22 00:57:00,0.8210900658741593
2026-08-22 00:58:00,0.8210900658741593
2026-08-22 00:59:00,0.8210900658741593
2026-08-22 01:00:00,1.0993016362190247
2026-08-22 01:01:00,1.0993016362190247
2026-08-22 01:02:00,1.0993016362190247
2026-08-22 01:03:00,1.0993016362190247
2026-08-22 01:04:00,1.0993016362190247
2026-08-22 01:05:00,1.123817265033722
2026-08-22 01:06:00,1.123817265033722
2026-08-22 01:07:00,1.123817265033722
2026-08-22 01:08:00,1.123817265033722
2026-08-22 01:09:00,1.123817265033722
2026-08-22 01:10:00,1.1338366866111755
2026-08-22 01:11:00,1.1338366866111755
2026-08-22 01:12:00,1.1338366866111755
2026-08-22 01:13:00,1.1338366866111755
2026-08-22 01:14:00,1.1338366866111755
2026-08-22 01:15:00,1.106886237859726
2026-08-22 01:16:00,1.106886237859726
2026-08-22 01:17:00,1.106886237859726
2026-08-22 01:18:00,1.106886237859726
2026-08-22 01:19:00,1.106886237859726
2026-08-22 01:20:00,1.0753323435783386
2026-08-22 01:21:00,1.0753323435783386
2026-08-22 01:22:00,1.0753323435783386
2026-08-22 01:23:00,1.0753323435783386
2026-08-22 01:24:00,1.0753323435783386
2026-08-22 01:25:00,1.0596478581428528
2026-08-22 01:26:00,1.0596478581428528
2026-08-22 01:27:00,1.0596478581428528
2026-08-22 01:28:00,1.0596478581428528
2026-08-22 01:29:00,1.0596478581428528
2026-08-22 01:30:00,1.045603483915329
2026-08-22 01:31:00,1.045603483915329
2026-08-22 01:32:00,1.045603483915329
2026-08-22 01:33:00,1.045603483915329
2026-08-22 01:34:00,1.045603483915329
2026-08-22 01:35:00,0.8444058150053024
2026-08-22 01:36:00,0.8444058150053024
2026-08-22 01:37:00,0.8444058150053024
2026-08-22 01:38:00,0.8444058150053024
2026-08-22 01:39:00,0.8444058150053024
2026-08-22 01:40:00,0.6467355266213417
2026-08-22 01:41:00,0.6467355266213417
2026-08-22 01:42:00,0.6467355266213417
2026-08-22 01:43:00,0.6467355266213417
2026-08-22 01:44:00,0.6467355266213417
2026-08-22 01:45:00,0.44941195100545883
2026-08-22 01:46:00,0.44941195100545883
2026-08-22 01:47:00,0.44941195100545883
2026-08-22 01:48:00,0.44941195100545883
2026-08-22 01:49:00,0.44941195100545883
2026-08-22 01:50:00,0.293008953332901
2026-08-22 01:51:00,0.293008953332901
2026-08-22 01:52:00,0.293008953332901
2026-08-22 01:53:00,0.293008953332901
2026-08-22 01:54:00,0.293008953332901
2026-08-22 01:55:00,0.3344065472483635
2026-08-22 01:56:00,0.3344065472483635
2026-08-22 01:57:00,0.3344065472483635
2026-08-22 01:58:00,0.3344065472483635
2026-08-22 01:59:00,0.3344065472483635
2026-08-22 02:00:00,0.3749565929174423
2026-08-22 02:01:00,0.3749565929174423
2026-08-22 02:02:00,0.3749565929174423
2026-08-22 02:03:00,0.3749565929174423
2026-08-22 02:04:00,0.3749565929174423
2026-08-22 02:05:00,0.4157627299427986
2026-08-22 02:06:00,0.4157627299427986
2026-08-22 02:07:00,0.4157627299427986
2026-08-22 02:08:00,0.4157627299427986
2026-08-22 02:09:00,0.4157627299427986
2026-08-22 02:10:00,0.3754911571741104
2026-08-22 02:11:00,0.3754911571741104
2026-08-22 02:12:00,0.3754911571741104
2026-08-22 02:13:00,0.3754911571741104
2026-08-22 02:14:00,0.3754911571741104
2026-08-22 02:15:00,0.3325759582221508
2026-08-22 02:16:00,0.3325759582221508
2026-08-22 02:17:00,0.3325759582221508
2026-08-22 02:18:00,0.3325759582221508
2026-08-22 02:19:00,0.3325759582221508
2026-08-22 02:20:00,0.28835786134004593
2026-08-22 02:21:00,0.28835786134004593
2026-08-22 02:22:00,0.28835786134004593
2026-08-22 02:23:00,0.28835786134004593
2026-08-22 02:24:00,0.28835786134004593
2026-08-22 02:25:00,0.24399777129292488
2026-08-22 02:26:00,0.24399777129292488
2026-08-22 02:27:00,0.24399777129292488
2026-08-22 02:28:00,0.24399777129292488
2026-08-22 02:29:00,0.24399777129292488
2026-08-22 02:30:00,0.23964909464120865
2026-08-22 02:31:00,0.23964909464120865
2026-08-22 02:32:00,0.23964909464120865
2026-08-22 02:33:00,0.23964909464120865
2026-08-22 02:34:00,0.23964909464120865
2026-08-22 02:35:00,0.19600688107311726
2026-08-22 02:36:00,0.19600688107311726
2026-08-22 02:37:00,0.19600688107311726
2026-08-22 02:38:00,0.19600688107311726
2026-08-22 02:39:00,0.19600688107311726
2026-08-22 02:40:00,0.1555035635828972
2026-08-22 02:41:00,0.1555035635828972
2026-08-22 02:42:00,0.1555035635828972
2026-08-22 02:43:00,0.1555035635828972
2026-08-22 02:44:00,0.1555035635828972
2026-08-22 02:45:00,0.2549269087612629
2026-08-22 02:46:00,0.2549269087612629
2026-08-22 02:47:00,0.2549269087612629
2026-08-22 02:48:00,0.2549269087612629
2026-08-22 02:49:00,0.2549269087612629
2026-08-22 02:50:00,0.3560760021209717
2026-08-22 02:51:00,0.3560760021209717
2026-08-22 02:52:00,0.3560760021209717
2026-08-22 02:53:00,0.3560760021209717
2026-08-22 02:54:00,0.3560760021209717
2026-08-22 02:55:00,0.4991351831704378
2026-08-22 02:56:00,0.4991351831704378
2026-08-22 02:57:00,0.4991351831704378
2026-08-22 02:58:00,0.4991351831704378
2026-08-22 02:59:00,0.4991351831704378
2026-08-22 03:00:00,0.6402387470006943
2026-08-22 03:01:00,0.6402387470006943
2026-08-22 03:02:00,0.6402387470006943
2026-08-22 03:03:00,0.6402387470006943
2026-08-22 03:04:00,0.6402387470006943
2026-08-22 03:05:00,0.5073021706193686
2026-08-22 03:06:00,0.5073021706193686
2026-08-22 03:07:00,0.5073021706193686
2026-08-22 03:08:00,0.5073021706193686
2026-08-22 03:09:00,0.5073021706193686
2026-08-22 03:10:00,0.3678928855806589
2026-08-22 03:11:00,0.3678928855806589
2026-08-22 03:12:00,0.3678928855806589
2026-08-22 03:13:00,0.3678928855806589
2026-08-22 03:14:00,0.3678928855806589
2026-08-22 03:15:00,0.22734502889215946
2026-08-22 03:16:00,0.22734502889215946
2026-08-22 03:17:00,0.22734502889215946
2026-08-22 03:18:00,0.22734502889215946
2026-08-22 03:19:00,0.22734502889215946
2026-08-22 03:20:00,0.0884388592094183
2026-08-22 03:21:00,0.0884388592094183
2026-08-22 03:22:00,0.0884388592094183
2026-08-22 03:23:00,0.0884388592094183
2026-08-22 03:24:00,0.0884388592094183
2026-08-22 03:25:00,0.08362887240946293
2026-08-22 03:26:00,0.08362887240946293
2026-08-22 03:27:00,0.08362887240946293
2026-08-22 03:28:00,0.08362887240946293
2026-08-22 03:29:00,0.08362887240946293
2026-08-22 03:30:00,0.08332311548292637
2026-08-22 03:31:00,0.08332311548292637
2026-08-22 03:32:00,0.08332311548292637
2026-08-22 03:33:00,0.08332311548292637
2026-08-22 03:34:00,0.08332311548292637
2026-08-22 03:35:00,0.08372472412884235
2026-08-22 03:36:00,0.08372472412884235
2026-08-22 03:37:00,0.08372472412884235
2026-08-22 03:38:00,0.08372472412884235
2026-08-22 03:39:00,0.08372472412884235
2026-08-22 03:40:00,0.08283823356032372
2026-08-22 03:41:00,0.08283823356032372
2026-08-22 03:42:00,0.08283823356032372
2026-08-22 03:43:00,0.08283823356032372
2026-08-22 03:44:00,0.08283823356032372
2026-08-22 03:45:00,0.3321343678981066
2026-08-22 03:46:00,0.3321343678981066
2026-08-22 03:47:00,0.3321343678981066
2026-08-22 03:48:00,0.3321343678981066
2026-08-22 03:49:00,0.3321343678981066
2026-08-22 03:50:00,0.6323396097868681
2026-08-22 03:51:00,0.6323396097868681
2026-08-22 03:52:00,0.6323396097868681
2026-08-22 03:53:00,0.6323396097868681
2026-08-22 03:54:00,0.6323396097868681
2026-08-22 03:55:00,0.9196565803140402
2026-08-22 03:56:00,0.9196565803140402
2026-08-22 03:57:00,0.9196565803140402
2026-08-22 03:58:00,0.9196565803140402
2026-08-22 03:59:00,0.9196565803140402
2026-08-22 04:00:00,1.2070802450180054
2026-08-22 04:01:00,1.2070802450180054
2026-08-22 04:02:00,1.2070802450180054
2026-08-22 04:03:00,1.2070802450180054
2026-08-22 04:04:00,1.2070802450180054
2026-08-22 04:05:00,1.2124079763889313
2026-08-22 04:06:00,1.2124079763889313
2026-08-22 04:07:00,1.2124079763889313
2026-08-22 04:08:00,1.2124079763889313
2026-08-22 04:09:00,1.2124079763889313
2026-08-22 04:10:00,1.1675004661083221
2026-08-22 04:11:00,1.1675004661083221
2026-08-22 04:12:00,1.1675004661083221
2026-08-22 04:13:00,1.1675004661083221
2026-08-22 04:14:00,1.1675004661083221
2026-08-22 04:15:00,1.0576887130737305
2026-08-22 04:16:00,1.0576887130737305
2026-08-22 04:17:00,1.0576887130737305
2026-08-22 04:18:00,1.0576887130737305
2026-08-22 04:19:00,1.0576887130737305
2026-08-22 04:20:00,1.0035209655761719
2026-08-22 04:21:00,1.0035209655761719
2026-08-22 04:22:00,1.0035209655761719
2026-08-22 04:23:00,1.0035209655761719
2026-08-22 04:24:00,1.0035209655761719
2026-08-22 04:25:00,0.9861599802970886
2026-08-22 04:26:00,0.9861599802970886
2026-08-22 04:27:00,0.9861599802970886
2026-08-22 04:28:00,0.9861599802970886
2026-08-22 04:29:00,0.9861599802970886
2026-08-22 04:30:00,0.9686188995838165
2026-08-22 04:31:00,0.9686188995838165
2026-08-22 04:32:00,0.9686188995838165
2026-08-22 04:33:00,0.9686188995838165
2026-08-22 04:34:00,0.9686188995838165
2026-08-22 04:35:00,1.0287451148033142
2026-08-22 04:36:00,1.0287451148033142
2026-08-22 04:37:00,1.0287451148033142
2026-08-22 04:38:00,1.0287451148033142
2026-08-22 04:39:00,1.0287451148033142
2026-08-22 04:40:00,1.0217495113611221
2026-08-22 04:41:00,1.0217495113611221
2026-08-22 04:42:00,1.0217495113611221
2026-08-22 04:43:00,1.0217495113611221
2026-08-22 04:44:00,1.0217495113611221
2026-08-22 04:45:00,0.8348835185170174
2026-08-22 04:46:00,0.8348835185170174
2026-08-22 04:47:00,0.8348835185170174
2026-08-22 04:48:00,0.8348835185170174
2026-08-22 04:49:00,0.8348835185170174
2026-08-22 04:50:00,0.647830918431282
2026-08-22 04:51:00,0.647830918431282
2026-08-22 04:52:00,0.647830918431282
2026-08-22 04:53:00,0.647830918431282
2026-08-22 04:54:00,0.647830918431282
2026-08-22 04:55:00,0.4610603079199791
2026-08-22 04:56:00,0.4610603079199791
2026-08-22 04:57:00,0.4610603079199791
2026-08-22 04:58:00,0.4610603079199791
2026-08-22 04:59:00,0.4610603079199791
2026-08-22 05:00:00,0.28586333245038986
2026-08-22 05:01:00,0.28586333245038986
2026-08-22 05:02:00,0.28586333245038986
2026-08-22 05:03:00,0.28586333245038986
2026-08-22 05:04:00,0.28586333245038986
2026-08-22 05:05:00,0.2842855304479599
2026-08-22 05:06:00,0.2842855304479599
2026-08-22 05:07:00,0.2842855304479599
2026-08-22 05:08:00,0.2842855304479599
2026-08-22 05:09:00,0.2842855304479599
2026-08-22 05:10:00,0.26891231164336205
2026-08-22 05:11:00,0.26891231164336205
2026-08-22 05:12:00,0.26891231164336205
2026-08-22 05:13:00,0.26891231164336205
2026-08-22 05:14:00,0.26891231164336205
2026-08-22 05:15:00,0.3081713132560253
2026-08-22 05:16:00,0.3081713132560253
2026-08-22 05:17:00,0.3081713132560253
2026-08-22 05:18:00,0.3081713132560253
2026-08-22 05:19:00,0.3081713132560253
2026-08-22 05:20:00,0.348200473934412
2026-08-22 05:21:00,0.348200473934412
2026-08-22 05:22:00,0.348200473934412
2026-08-22 05:23:00,0.348200473934412
2026-08-22 05:24:00,0.348200473934412
2026-08-22 05:25:00,0.3909060172736645
2026-08-22 05:26:00,0.3909060172736645
2026-08-22 05:27:00,0.3909060172736645
2026-08-22 05:28:00,0.3909060172736645
2026-08-22 05:29:00,0.3909060172736645
2026-08-22 05:30:00,0.4464862048625946
2026-08-22 05:31:00,0.4464862048625946
2026-08-22 05:32:00,0.4464862048625946
2026-08-22 05:33:00,0.4464862048625946
2026-08-22 05:34:00,0.4464862048625946
2026-08-22 05:35:00,0.3874378688633442
2026-08-22 05:36:00,0.3874378688633442
2026-08-22 05:37:00,0.3874378688633442
2026-08-22 05:38:00,0.3874378688633442
2026-08-22 05:39:00,0.3874378688633442
2026-08-22 05:40:00,0.31618843972682953
2026-08-22 05:41:00,0.31618843972682953
2026-08-22 05:42:00,0.31618843972682953
2026-08-22 05:43:00,0.31618843972682953
2026-08-22 05:44:00,0.31618843972682953
2026-08-22 05:45:00,0.5216950103640556
2026-08-22 05:46:00,0.5216950103640556
2026-08-22 05:47:00,0.5216950103640556
2026-08-22 05:48:00,0.5216950103640556
2026-08-22 05:49:00,0.5216950103640556
2026-08-22 05:50:00,0.7284719198942184
2026-08-22 05:51:00,0.7284719198942184
2026-08-22 05:52:00,0.7284719198942184
2026-08-22 05:53:00,0.7284719198942184
2026-08-22 05:54:00,0.7284719198942184
2026-08-22 05:55:00,0.9947821833193302
2026-08-22 05:56:00,0.9947821833193302
2026-08-22 05:57:00,0.9947821833193302
2026-08-22 05:58:00,0.9947821833193302
2026-08-22 05:59:00,0.9947821833193302
2026-08-22 06:00:00,1.2364321053028107
2026-08-22 06:01:00,1.2364321053028107
2026-08-22 06:02:00,1.2364321053028107
2026-08-22 06:03:00,1.2364321053028107
2026-08-22 06:04:00,1.2364321053028107
2026-08-22 06:05:00,1.1564663797616959
2026-08-22 06:06:00,1.1564663797616959
2026-08-22 06:07:00,1.1564663797616959
2026-08-22 06:08:00,1.1564663797616959
2026-08-22 06:09:00,1.1564663797616959
2026-08-22 06:10:00,1.0865649729967117
2026-08-22 06:11:00,1.0865649729967117
2026-08-22 06:12:00,1.0865649729967117
2026-08-22 06:13:00,1.0865649729967117
2026-08-22 06:14:00,1.0865649729967117
2026-08-22 06:15:00,1.0167489349842072
2026-08-22 06:16:00,1.0167489349842072
2026-08-22 06:17:00,1.0167489349842072
2026-08-22 06:18:00,1.0167489349842072
2026-08-22 06:19:00,1.0167489349842072
2026-08-22 06:20:00,0.9767157137393951
2026-08-22 06:21:00,0.9767157137393951
2026-08-22 06:22:00,0.9767157137393951
2026-08-22 06:23:00,0.9767157137393951
2026-08-22 06:24:00,0.9767157137393951
2026-08-22 06:25:00,1.021751657128334
2026-08-22 06:26:00,1.021751657128334
2026-08-22 06:27:00,1.021751657128334
2026-08-22 06:28:00,1.021751657128334
2026-08-22 06:29:00,1.021751657128334
2026-08-22 06:30:00,1.0615203827619553
2026-08-22 06:31:00,1.0615203827619553
2026-08-22 06:32:00,1.0615203827619553
2026-08-22 06:33:00,1.0615203827619553
2026-08-22 06:34:00,1.0615203827619553
2026-08-22 06:35:00,1.098151832818985
2026-08-22 06:36:00,1.098151832818985
2026-08-22 06:37:00,1.098151832818985
2026-08-22 06:38:00,1.098151832818985
2026-08-22 06:39:00,1.098151832818985
2026-08-22 06:40:00,1.1208288669586182
2026-08-22 06:41:00,1.1208288669586182
2026-08-22 06:42:00,1.1208288669586182
2026-08-22 06:43:00,1.1208288669586182
2026-08-22 06:44:00,1.1208288669586182
2026-08-22 06:45:00,1.1001498401165009
2026-08-22 06:46:00,1.1001498401165009
2026-08-22 06:47:00,1.1001498401165009
2026-08-22 06:48:00,1.1001498401165009
2026-08-22 06:49:00,1.1001498401165009
2026-08-22 06:50:00,1.0705581903457642
2026-08-22 06:51:00,1.0705581903457642
2026-08-22 06:52:00,1.0705581903457642
2026-08-22 06:53:00,1.0705581903457642
2026-08-22 06:54:00,1.0705581903457642
2026-08-22 06:55:00,1.0368837714195251
2026-08-22 06:56:00,1.0368837714195251
2026-08-22 06:57:00,1.0368837714195251
2026-08-22 06:58:00,1.0368837714195251
2026-08-22 06:59:00,1.0368837714195251
2026-08-22 07:00:00,0.8247881419956684
2026-08-22 07:01:00,0.8247881419956684
2026-08-22 07:02:00,0.8247881419956684
2026-08-22 07:03:00,0.8247881419956684
2026-08-22 07:04:00,0.8247881419956684
2026-08-22 07:05:00,0.6080747731029987
2026-08-22 07:06:00,0.6080747731029987
2026-08-22 07:07:00,0.6080747731029987
2026-08-22 07:08:00,0.6080747731029987
2026-08-22 07:09:00,0.6080747731029987
2026-08-22 07:10:00,0.39363251253962517
2026-08-22 07:11:00,0.39363251253962517
2026-08-22 07:12:00,0.39363251253962517
2026-08-22 07:13:00,0.39363251253962517
2026-08-22 07:14:00,0.39363251253962517
2026-08-22 07:15:00,0.4409625045955181
2026-08-22 07:16:00,0.4409625045955181
2026-08-22 07:17:00,0.4409625045955181
2026-08-22 07:18:00,0.4409625045955181
2026-08-22 07:19:00,0.4409625045955181
2026-08-22 07:20:00,0.6709802374243736
2026-08-22 07:21:00,0.6709802374243736
2026-08-22 07:22:00,0.6709802374243736
2026-08-22 07:23:00,0.6709802374243736
2026-08-22 07:24:00,0.6709802374243736
2026-08-22 07:25:00,0.904460571706295
2026-08-22 07:26:00,0.904460571706295
2026-08-22 07:27:00,0.904460571706295
2026-08-22 07:28:00,0.904460571706295
2026-08-22 07:29:00,0.904460571706295
2026-08-22 07:30:00,1.1594111025333405
2026-08-22 07:31:00,1.1594111025333405
2026-08-22 07:32:00,1.1594111025333405
2026-08-22 07:33:00,1.1594111025333405
2026-08-22 07:34:00,1.1594111025333405
2026-08-22 07:35:00,1.1535647511482239
2026-08-22 07:36:00,1.1535647511482239
2026-08-22 07:37:00,1.1535647511482239
2026-08-22 07:38:00,1.1535647511482239
2026-08-22 07:39:00,1.1535647511482239
2026-08-22 07:40:00,1.165630728006363
2026-08-22 07:41:00,1.165630728006363
2026-08-22 07:42:00,1.165630728006363
2026-08-22 07:43:00,1.165630728006363
2026-08-22 07:44:00,1.165630728006363
2026-08-22 07:45:00,1.1798075735569
2026-08-22 07:46:00,1.1798075735569
2026-08-22 07:47:00,1.1798075735569
2026-08-22 07:48:00,1.1798075735569
2026-08-22 07:49:00,1.1798075735569
2026-08-22 07:50:00,0.9460948780179024
2026-08-22 07:51:00,0.9460948780179024
2026-08-22 07:52:00,0.9460948780179024
2026-08-22 07:53:00,0.9460948780179024
2026-08-22 07:54:00,0.9460948780179024
2026-08-22 07:55:00,0.718708761036396
2026-08-22 07:56:00,0.718708761036396
2026-08-22 07:57:00,0.718708761036396
2026-08-22 07:58:00,0.718708761036396
2026-08-22 07:59:00,0.718708761036396
2026-08-22 08:00:00,0.4686988517642021
2026-08-22 08:01:00,0.4686988517642021
2026-08-22 08:02:00,0.4686988517642021
2026-08-22 08:03:00,0.4686988517642021
2026-08-22 08:04:00,0.4686988517642021
2026-08-22 08:05:00,0.219804584980011
2026-08-22 08:06:00,0.219804584980011
2026-08-22 08:07:00,0.219804584980011
2026-08-22 08:08:00,0.219804584980011
2026-08-22 08:09:00,0.219804584980011
2026-08-22 08:10:00,0.19969211518764496
2026-08-22 08:11:00,0.19969211518764496
2026-08-22 08:12:00,0.19969211518764496
2026-08-22 08:13:00,0.19969211518764496
2026-08-22 08:14:00,0.19969211518764496
2026-08-22 08:15:00,0.17980002984404564
2026-08-22 08:16:00,0.17980002984404564
2026-08-22 08:17:00,0.17980002984404564
2026-08-22 08:18:00,0.17980002984404564
2026-08-22 08:19:00,0.17980002984404564
2026-08-22 08:20:00,0.17851952835917473
2026-08-22 08:21:00,0.17851952835917473
2026-08-22 08:22:00,0.17851952835917473
2026-08-22 08:23:00,0.17851952835917473
2026-08-22 08:24:00,0.17851952835917473
2026-08-22 08:25:00,0.1777380220592022
2026-08-22 08:26:00,0.1777380220592022
2026-08-22 08:27:00,0.1777380220592022
2026-08-22 08:28:00,0.1777380220592022
2026-08-22 08:29:00,0.1777380220592022
2026-08-22 08:30:00,0.17738063260912895
2026-08-22 08:31:00,0.17738063260912895
2026-08-22 08:32:00,0.17738063260912895
2026-08-22 08:33:00,0.17738063260912895
2026-08-22 08:34:00,0.17738063260912895
2026-08-22 08:35:00,0.17680823057889938
2026-08-22 08:36:00,0.17680823057889938
2026-08-22 08:37:00,0.17680823057889938
2026-08-22 08:38:00,0.17680823057889938
2026-08-22 08:39:00,0.17680823057889938
2026-08-22 08:40:00,0.17921093851327896
2026-08-22 08:41:00,0.17921093851327896
2026-08-22 08:42:00,0.17921093851327896
2026-08-22 08:43:00,0.17921093851327896
2026-08-22 08:44:00,0.17921093851327896
2026-08-22 08:45:00,0.18100165948271751
2026-08-22 08:46:00,0.18100165948271751
2026-08-22 08:47:00,0.18100165948271751
2026-08-22 08:48:00,0.18100165948271751
2026-08-22 08:49:00,0.18100165948271751
2026-08-22 08:50:00,0.15149914473295212
2026-08-22 08:51:00,0.15149914473295212
2026-08-22 08:52:00,0.15149914473295212
2026-08-22 08:53:00,0.15149914473295212
2026-08-22 08:54:00,0.15149914473295212
2026-08-22 08:55:00,0.12142942938953638
2026-08-22 08:56:00,0.12142942938953638
2026-08-22 08:57:00,0.12142942938953638
2026-08-22 08:58:00,0.12142942938953638
2026-08-22 08:59:00,0.12142942938953638
2026-08-22 09:00:00,0.0848431559279561
2026-08-22 09:01:00,0.0848431559279561
2026-08-22 09:02:00,0.0848431559279561
2026-08-22 09:03:00,0.0848431559279561
2026-08-22 09:04:00,0.0848431559279561
2026-08-22 09:05:00,0.04829204082489014
2026-08-22 09:06:00,0.04829204082489014
2026-08-22 09:07:00,0.04829204082489014
2026-08-22 09:08:00,0.04829204082489014
2026-08-22 09:09:00,0.04829204082489014
2026-08-22 09:10:00,0.04306508880108595
2026-08-22 09:11:00,0.04306508880108595
2026-08-22 09:12:00,0.04306508880108595
2026-08-22 09:13:00,0.04306508880108595
2026-08-22 09:14:00,0.04306508880108595
2026-08-22 09:15:00,0.31555736251175404
2026-08-22 09:16:00,0.31555736251175404
2026-08-22 09:17:00,0.31555736251175404
2026-08-22 09:18:00,0.31555736251175404
2026-08-22 09:19:00,0.31555736251175404
2026-08-22 09:20:00,0.5511161144822836
2026-08-22 09:21:00,0.5511161144822836
2026-08-22 09:22:00,0.5511161144822836
2026-08-22 09:23:00,0.5511161144822836
2026-08-22 09:24:00,0.5511161144822836
2026-08-22 09:25:00,0.7866725688800216
2026-08-22 09:26:00,0.7866725688800216
2026-08-22 09:27:00,0.7866725688800216
2026-08-22 09:28:00,0.7866725688800216
2026-08-22 09:29:00,0.7866725688800216
2026-08-22 09:30:00,1.0214528292417526
2026-08-22 09:31:00,1.0214528292417526
2026-08-22 09:32:00,1.0214528292417526
2026-08-22 09:33:00,1.0214528292417526
2026-08-22 09:34:00,1.0214528292417526
2026-08-22 09:35:00,0.9668309688568115
2026-08-22 09:36:00,0.9668309688568115
2026-08-22 09:37:00,0.9668309688568115
2026-08-22 09:38:00,0.9668309688568115
2026-08-22 09:39:00,0.9668309688568115
2026-08-22 09:40:00,0.7709358148276806
2026-08-22 09:41:00,0.7709358148276806
2026-08-22 09:42:00,0.7709358148276806
2026-08-22 09:43:00,0.7709358148276806
2026-08-22 09:44:00,0.7709358148276806
2026-08-22 09:45:00,0.5758097991347313
2026-08-22 09:46:00,0.5758097991347313
2026-08-22 09:47:00,0.5758097991347313
2026-08-22 09:48:00,0.5758097991347313
2026-08-22 09:49:00,0.5758097991347313
2026-08-22 09:50:00,0.3808058090507984
2026-08-22 09:51:00,0.3808058090507984
2026-08-22 09:52:00,0.3808058090507984
2026-08-22 09:53:00,0.3808058090507984
2026-08-22 09:54:00,0.3808058090507984
2026-08-22 09:55:00,0.19697172567248344
2026-08-22 09:56:00,0.19697172567248344
2026-08-22 09:57:00,0.19697172567248344
2026-08-22 09:58:00,0.19697172567248344
2026-08-22 09:59:00,0.19697172567248344
2026-08-22 10:00:00,0.19718417897820473
2026-08-22 10:01:00,0.19718417897820473
2026-08-22 10:02:00,0.19718417897820473
2026-08-22 10:03:00,0.19718417897820473
2026-08-22 10:04:00,0.19718417897820473
2026-08-22 10:05:00,0.19516753777861595
2026-08-22 10:06:00,0.19516753777861595
2026-08-22 10:07:00,0.19516753777861595
2026-08-22 10:08:00,0.19516753777861595
2026-08-22 10:09:00,0.19516753777861595
2026-08-22 10:10:00,0.1931174285709858
2026-08-22 10:11:00,0.1931174285709858
2026-08-22 10:12:00,0.1931174285709858
2026-08-22 10:13:00,0.1931174285709858
2026-08-22 10:14:00,0.1931174285709858
2026-08-22 10:15:00,0.1926422230899334
2026-08-22 10:16:00,0.1926422230899334
2026-08-22 10:17:00,0.1926422230899334
2026-08-22 10:18:00,0.1926422230899334
2026-08-22 10:19:00,0.1926422230899334
2026-08-22 10:20:00,0.19074319675564766
2026-08-22 10:21:00,0.19074319675564766
2026-08-22 10:22:00,0.19074319675564766
2026-08-22 10:23:00,0.19074319675564766
2026-08-22 10:24:00,0.19074319675564766
2026-08-22 10:25:00,0.1904844529926777
2026-08-22 10:26:00,0.1904844529926777
2026-08-22 10:27:00,0.1904844529926777
2026-08-22 10:28:00,0.1904844529926777
2026-08-22 10:29:00,0.1904844529926777
2026-08-22 10:30:00,0.19060775637626648
2026-08-22 10:31:00,0.19060775637626648
2026-08-22 10:32:00,0.19060775637626648
2026-08-22 10:33:00,0.19060775637626648
2026-08-22 10:34:00,0.19060775637626648
2026-08-22 10:35:00,0.18912512436509132
2026-08-22 10:36:00,0.18912512436509132
2026-08-22 10:37:00,0.18912512436509132
2026-08-22 10:38:00,0.18912512436509132
2026-08-22 10:39:00,0.18912512436509132
2026-08-22 10:40:00,0.15752420108765364
2026-08-22 10:41:00,0.15752420108765364
2026-08-22 10:42:00,0.15752420108765364
2026-08-22 10:43:00,0.15752420108765364
2026-08-22 10:44:00,0.15752420108765364
2026-08-22 10:45:00,0.1276043402031064
2026-08-22 10:46:00,0.1276043402031064
2026-08-22 10:47:00,0.1276043402031064
2026-08-22 10:48:00,0.1276043402031064
2026-08-22 10:49:00,0.1276043402031064
2026-08-22 10:50:00,0.09966847952455282
2026-08-22 10:51:00,0.09966847952455282
2026-08-22 10:52:00,0.09966847952455282
2026-08-22 10:53:00,0.09966847952455282
2026-08-22 10:54:00,0.09966847952455282
2026-08-22 10:55:00,0.30561197083443403
2026-08-22 10:56:00,0.30561197083443403
2026-08-22 10:57:00,0.30561197083443403
2026-08-22 10:58:00,0.30561197083443403
2026-08-22 10:59:00,0.30561197083443403
2026-08-22 11:00:00,0.5428229495882988
2026-08-22 11:01:00,0.5428229495882988
2026-08-22 11:02:00,0.5428229495882988
2026-08-22 11:03:00,0.5428229495882988
2026-08-22 11:04:00,0.5428229495882988
2026-08-22 11:05:00,0.7782311905175447
2026-08-22 11:06:00,0.7782311905175447
2026-08-22 11:07:00,0.7782311905175447
2026-08-22 11:08:00,0.7782311905175447
2026-08-22 11:09:00,0.7782311905175447
2026-08-22 11:10:00,1.011108011007309
2026-08-22 11:11:00,1.011108011007309
2026-08-22 11:12:00,1.011108011007309
2026-08-22 11:13:00,1.011108011007309
2026-08-22 11:14:00,1.011108011007309
2026-08-22 11:15:00,0.8056931756436825
2026-08-22 11:16:00,0.8056931756436825
2026-08-22 11:17:00,0.8056931756436825
2026-08-22 11:18:00,0.8056931756436825
2026-08-22 11:19:00,0.8056931756436825
2026-08-22 11:20:00,0.5999828316271305
2026-08-22 11:21:00,0.5999828316271305
2026-08-22 11:22:00,0.5999828316271305
2026-08-22 11:23:00,0.5999828316271305
2026-08-22 11:24:00,0.5999828316271305
2026-08-22 11:25:00,0.39471130073070526
2026-08-22 11:26:00,0.39471130073070526
2026-08-22 11:27:00,0.39471130073070526
2026-08-22 11:28:00,0.39471130073070526
2026-08-22 11:29:00,0.39471130073070526
2026-08-22 11:30:00,0.19208792224526405
2026-08-22 11:31:00,0.19208792224526405
2026-08-22 11:32:00,0.19208792224526405
2026-08-22 11:33:00,0.19208792224526405
2026-08-22 11:34:00,0.19208792224526405
2026-08-22 11:35:00,0.1947769559919834
2026-08-22 11:36:00,0.1947769559919834
2026-08-22 11:37:00,0.1947769559919834
2026-08-22 11:38:00,0.1947769559919834
2026-08-22 11:39:00,0.1947769559919834
2026-08-22 11:40:00,0.3116934560239315
2026-08-22 11:41:00,0.3116934560239315
2026-08-22 11:42:00,0.3116934560239315
2026-08-22 11:43:00,0.3116934560239315
2026-08-22 11:44:00,0.3116934560239315
2026-08-22 11:45:00,0.42809224128723145
2026-08-22 11:46:00,0.42809224128723145
2026-08-22 11:47:00,0.42809224128723145
2026-08-22 11:48:00,0.42809224128723145
2026-08-22 11:49:00,0.42809224128723145
2026-08-22 11:50:00,0.5395120941102505
2026-08-22 11:51:00,0.5395120941102505
2026-08-22 11:52:00,0.5395120941102505
2026-08-22 11:53:00,0.5395120941102505
2026-08-22 11:54:00,0.5395120941102505
2026-08-22 11:55:00,0.7550243139266968
2026-08-22 11:56:00,0.7550243139266968
2026-08-22 11:57:00,0.7550243139266968
2026-08-22 11:58:00,0.7550243139266968
2026-08-22 11:59:00,0.7550243139266968
2026-08-22 12:00:00,0.8633817136287689
2026-08-22 12:01:00,0.8633817136287689
2026-08-22 12:02:00,0.8633817136287689
2026-08-22 12:03:00,0.8633817136287689
2026-08-22 12:04:00,0.8633817136287689
2026-08-22 12:05:00,0.972109392285347
2026-08-22 12:06:00,0.972109392285347
2026-08-22 12:07:00,0.972109392285347
2026-08-22 12:08:00,0.972109392285347
2026-08-22 12:09:00,0.972109392285347
2026-08-22 12:10:00,1.0835694372653961
2026-08-22 12:11:00,1.0835694372653961
2026-08-22 12:12:00,1.0835694372653961
2026-08-22 12:13:00,1.0835694372653961
2026-08-22 12:14:00,1.0835694372653961
2026-08-22 12:15:00,1.0991206169128418
2026-08-22 12:16:00,1.0991206169128418
2026-08-22 12:17:00,1.0991206169128418
2026-08-22 12:18:00,1.0991206169128418
2026-08-22 12:19:00,1.0991206169128418
2026-08-22 12:20:00,1.1063945293426514
2026-08-22 12:21:00,1.1063945293426514
2026-08-22 12:22:00,1.1063945293426514
2026-08-22 12:23:00,1.1063945293426514
2026-08-22 12:24:00,1.1063945293426514
2026-08-22 12:25:00,1.102830559015274
2026-08-22 12:26:00,1.102830559015274
2026-08-22 12:27:00,1.102830559015274
2026-08-22 12:28:00,1.102830559015274
2026-08-22 12:29:00,1.102830559015274
2026-08-22 12:30:00,1.0690578371286392
2026-08-22 12:31:00,1.0690578371286392
2026-08-22 12:32:00,1.0690578371286392
2026-08-22 12:33:00,1.0690578371286392
2026-08-22 12:34:00,1.0690578371286392
2026-08-22 12:35:00,0.9599016904830933
2026-08-22 12:36:00,0.9599016904830933
2026-08-22 12:37:00,0.9599016904830933
2026-08-22 12:38:00,0.9599016904830933
2026-08-22 12:39:00,0.9599016904830933
2026-08-22 12:40:00,0.770253024995327
2026-08-22 12:41:00,0.770253024995327
2026-08-22 12:42:00,0.770253024995327
2026-08-22 12:43:00,0.770253024995327
2026-08-22 12:44:00,0.770253024995327
2026-08-22 12:45:00,0.5616955608129501
2026-08-22 12:46:00,0.5616955608129501
2026-08-22 12:47:00,0.5616955608129501
2026-08-22 12:48:00,0.5616955608129501
2026-08-22 12:49:00,0.5616955608129501
2026-08-22 12:50:00,0.36948828399181366
2026-08-22 12:51:00,0.36948828399181366
2026-08-22 12:52:00,0.36948828399181366
2026-08-22 12:53:00,0.36948828399181366
2026-08-22 12:54:00,0.36948828399181366
2026-08-22 12:55:00,0.24864600226283073
2026-08-22 12:56:00,0.24864600226283073
2026-08-22 12:57:00,0.24864600226283073
2026-08-22 12:58:00,0.24864600226283073
2026-08-22 12:59:00,0.24864600226283073
2026-08-22 13:00:00,0.2125054933130741
2026-08-22 13:01:00,0.2125054933130741
2026-08-22 13:02:00,0.2125054933130741
2026-08-22 13:03:00,0.2125054933130741
2026-08-22 13:04:00,0.2125054933130741
2026-08-22 13:05:00,0.20558521896600723
2026-08-22 13:06:00,0.20558521896600723
2026-08-22 13:07:00,0.20558521896600723
2026-08-22 13:08:00,0.20558521896600723
2026-08-22 13:09:00,0.20558521896600723
2026-08-22 13:10:00,0.31607186049222946
2026-08-22 13:11:00,0.31607186049222946
2026-08-22 13:12:00,0.31607186049222946
2026-08-22 13:13:00,0.31607186049222946
2026-08-22 13:14:00,0.31607186049222946
2026-08-22 13:15:00,0.42292844876646996
2026-08-22 13:16:00,0.42292844876646996
2026-08-22 13:17:00,0.42292844876646996
2026-08-22 13:18:00,0.42292844876646996
2026-08-22 13:19:00,0.42292844876646996
2026-08-22 13:20:00,0.5282651148736477
2026-08-22 13:21:00,0.5282651148736477
2026-08-22 13:22:00,0.5282651148736477
2026-08-22 13:23:00,0.5282651148736477
2026-08-22 13:24:00,0.5282651148736477
2026-08-22 13:25:00,0.6342785060405731
2026-08-22 13:26:00,0.6342785060405731
2026-08-22 13:27:00,0.6342785060405731
2026-08-22 13:28:00,0.6342785060405731
2026-08-22 13:29:00,0.6342785060405731
2026-08-22 13:30:00,0.5145897306501865
2026-08-22 13:31:00,0.5145897306501865
2026-08-22 13:32:00,0.5145897306501865
2026-08-22 13:33:00,0.5145897306501865
2026-08-22 13:34:00,0.5145897306501865
2026-08-22 13:35:00,0.3867734856903553
2026-08-22 13:36:00,0.3867734856903553
2026-08-22 13:37:00,0.3867734856903553
2026-08-22 13:38:00,0.3867734856903553
2026-08-22 13:39:00,0.3867734856903553
2026-08-22 13:40:00,0.2513741049915552
2026-08-22 13:41:00,0.2513741049915552
2026-08-22 13:42:00,0.2513741049915552
2026-08-22 13:43:00,0.2513741049915552
2026-08-22 13:44:00,0.2513741049915552
2026-08-22 13:45:00,0.11324546486139297
2026-08-22 13:46:00,0.11324546486139297
2026-08-22 13:47:00,0.11324546486139297
2026-08-22 13:48:00,0.11324546486139297
2026-08-22 13:49:00,0.11324546486139297
2026-08-22 13:50:00,0.09629394300282001
2026-08-22 13:51:00,0.09629394300282001
2026-08-22 13:52:00,0.09629394300282001
2026-08-22 13:53:00,0.09629394300282001
2026-08-22 13:54:00,0.09629394300282001
2026-08-22 13:55:00,0.08628033474087715
2026-08-22 13:56:00,0.08628033474087715
2026-08-22 13:57:00,0.08628033474087715
2026-08-22 13:58:00,0.08628033474087715
2026-08-22 13:59:00,0.08628033474087715
2026-08-22 14:00:00,0.0836479626595974
2026-08-22 14:01:00,0.0836479626595974
2026-08-22 14:02:00,0.0836479626595974
2026-08-22 14:03:00,0.0836479626595974
2026-08-22 14:04:00,0.0836479626595974
2026-08-22 14:05:00,0.08373400010168552
2026-08-22 14:06:00,0.08373400010168552
2026-08-22 14:07:00,0.08373400010168552
2026-08-22 14:08:00,0.08373400010168552
2026-08-22 14:09:00,0.08373400010168552
2026-08-22 14:10:00,0.19096746668219566
2026-08-22 14:11:00,0.19096746668219566
2026-08-22 14:12:00,0.19096746668219566
2026-08-22 14:13:00,0.19096746668219566
2026-08-22 14:14:00,0.19096746668219566
2026-08-22 14:15:00,0.2998648677021265
2026-08-22 14:16:00,0.2998648677021265
2026-08-22 14:17:00,0.2998648677021265
2026-08-22 14:18:00,0.2998648677021265
2026-08-22 14:19:00,0.2998648677021265
2026-08-22 14:20:00,0.40850279852747917
2026-08-22 14:21:00,0.40850279852747917
2026-08-22 14:22:00,0.40850279852747917
2026-08-22 14:23:00,0.40850279852747917
2026-08-22 14:24:00,0.40850279852747917
2026-08-22 14:25:00,0.5156625360250473
2026-08-22 14:26:00,0.5156625360250473
2026-08-22 14:27:00,0.5156625360250473
2026-08-22 14:28:00,0.5156625360250473
2026-08-22 14:29:00,0.5156625360250473
2026-08-22 14:30:00,0.4073437452316284
2026-08-22 14:31:00,0.4073437452316284
2026-08-22 14:32:00,0.4073437452316284
2026-08-22 14:33:00,0.4073437452316284
2026-08-22 14:34:00,0.4073437452316284
2026-08-22 14:35:00,0.29925757832825184
2026-08-22 14:36:00,0.29925757832825184
2026-08-22 14:37:00,0.29925757832825184
2026-08-22 14:38:00,0.29925757832825184
2026-08-22 14:39:00,0.29925757832825184
2026-08-22 14:40:00,0.1921478472650051
2026-08-22 14:41:00,0.1921478472650051
2026-08-22 14:42:00,0.1921478472650051
2026-08-22 14:43:00,0.1921478472650051
2026-08-22 14:44:00,0.1921478472650051
2026-08-22 14:45:00,0.08755631931126118
2026-08-22 14:46:00,0.08755631931126118
2026-08-22 14:47:00,0.08755631931126118
2026-08-22 14:48:00,0.08755631931126118
2026-08-22 14:49:00,0.08755631931126118
2026-08-22 14:50:00,0.09121403843164444
2026-08-22 14:51:00,0.09121403843164444
2026-08-22 14:52:00,0.09121403843164444
2026-08-22 14:53:00,0.09121403843164444
2026-08-22 14:54:00,0.09121403843164444
2026-08-22 14:55:00,0.09319554828107357
2026-08-22 14:56:00,0.09319554828107357
2026-08-22 14:57:00,0.09319554828107357
2026-08-22 14:58:00,0.09319554828107357
2026-08-22 14:59:00,0.09319554828107357
2026-08-22 15:00:00,0.09209014475345612
2026-08-22 15:01:00,0.09209014475345612
2026-08-22 15:02:00,0.09209014475345612
2026-08-22 15:03:00,0.09209014475345612
2026-08-22 15:04:00,0.09209014475345612
2026-08-22 15:05:00,0.0899906363338232
2026-08-22 15:06:00,0.0899906363338232
2026-08-22 15:07:00,0.0899906363338232
2026-08-22 15:08:00,0.0899906363338232
2026-08-22 15:09:00,0.0899906363338232
2026-08-22 15:10:00,0.08972357958555222
2026-08-22 15:11:00,0.08972357958555222
2026-08-22 15:12:00,0.08972357958555222
2026-08-22 15:13:00,0.08972357958555222
2026-08-22 15:14:00,0.08972357958555222
2026-08-22 15:15:00,0.09111377224326134
2026-08-22 15:16:00,0.09111377224326134
2026-08-22 15:17:00,0.09111377224326134
2026-08-22 15:18:00,0.09111377224326134
2026-08-22 15:19:00,0.09111377224326134
2026-08-22 15:20:00,0.09543178230524063
2026-08-22 15:21:00,0.09543178230524063
2026-08-22 15:22:00,0.09543178230524063
2026-08-22 15:23:00,0.09543178230524063
2026-08-22 15:24:00,0.09543178230524063
2026-08-22 15:25:00,0.09794568084180355
2026-08-22 15:26:00,0.09794568084180355
2026-08-22 15:27:00,0.09794568084180355
2026-08-22 15:28:00,0.09794568084180355
2026-08-22 15:29:00,0.09794568084180355
2026-08-22 15:30:00,0.09030156023800373
2026-08-22 15:31:00,0.09030156023800373
2026-08-22 15:32:00,0.09030156023800373
2026-08-22 15:33:00,0.09030156023800373
2026-08-22 15:34:00,0.09030156023800373
2026-08-22 15:35:00,0.08054022677242756
2026-08-22 15:36:00,0.08054022677242756
2026-08-22 15:37:00,0.08054022677242756
2026-08-22 15:38:00,0.08054022677242756
2026-08-22 15:39:00,0.08054022677242756
2026-08-22 15:40:00,0.06687743216753006
2026-08-22 15:41:00,0.06687743216753006
2026-08-22 15:42:00,0.06687743216753006
2026-08-22 15:43:00,0.06687743216753006
2026-08-22 15:44:00,0.06687743216753006
2026-08-22 15:45:00,0.05269812513142824
2026-08-22 15:46:00,0.05269812513142824
2026-08-22 15:47:00,0.05269812513142824
2026-08-22 15:48:00,0.05269812513142824
2026-08-22 15:49:00,0.05269812513142824
2026-08-22 15:50:00,0.04812298621982336
2026-08-22 15:51:00,0.04812298621982336
2026-08-22 15:52:00,0.04812298621982336
2026-08-22 15:53:00,0.04812298621982336
2026-08-22 15:54:00,0.04812298621982336
2026-08-22 15:55:00,0.15846263896673918
2026-08-22 15:56:00,0.15846263896673918
2026-08-22 15:57:00,0.15846263896673918
2026-08-22 15:58:00,0.15846263896673918
2026-08-22 15:59:00,0.15846263896673918
2026-08-22 16:00:00,0.2702825265005231
2026-08-22 16:01:00,0.2702825265005231
2026-08-22 16:02:00,0.2702825265005231
2026-08-22 16:03:00,0.2702825265005231
2026-08-22 16:04:00,0.2702825265005231
2026-08-22 16:05:00,0.38412115536630154
2026-08-22 16:06:00,0.38412115536630154
2026-08-22 16:07:00,0.38412115536630154
2026-08-22 16:08:00,0.38412115536630154
2026-08-22 16:09:00,0.38412115536630154
2026-08-22 16:10:00,0.4978824406862259
2026-08-22 16:11:00,0.4978824406862259
2026-08-22 16:12:00,0.4978824406862259
2026-08-22 16:13:00,0.4978824406862259
2026-08-22 16:14:00,0.4978824406862259
2026-08-22 16:15:00,0.7040829360485077
2026-08-22 16:16:00,0.7040829360485077
2026-08-22 16:17:00,0.7040829360485077
2026-08-22 16:18:00,0.7040829360485077
2026-08-22 16:19:00,0.7040829360485077
2026-08-22 16:20:00,0.9110671877861023
2026-08-22 16:21:00,0.9110671877861023
2026-08-22 16:22:00,0.9110671877861023
2026-08-22 16:23:00,0.9110671877861023
2026-08-22 16:24:00,0.9110671877861023
2026-08-22 16:25:00,1.1177169308066368
2026-08-22 16:26:00,1.1177169308066368
2026-08-22 16:27:00,1.1177169308066368
2026-08-22 16:28:00,1.1177169308066368
2026-08-22 16:29:00,1.1177169308066368
2026-08-22 16:30:00,1.323822408914566
2026-08-22 16:31:00,1.323822408914566
2026-08-22 16:32:00,1.323822408914566
2026-08-22 16:33:00,1.323822408914566
2026-08-22 16:34:00,1.323822408914566
2026-08-22 16:35:00,1.1006299406290054
2026-08-22 16:36:00,1.1006299406290054
2026-08-22 16:37:00,1.1006299406290054
2026-08-22 16:38:00,1.1006299406290054
2026-08-22 16:39:00,1.1006299406290054
2026-08-22 16:40:00,0.8775613382458687
2026-08-22 16:41:00,0.8775613382458687
2026-08-22 16:42:00,0.8775613382458687
2026-08-22 16:43:00,0.8775613382458687
2026-08-22 16:44:00,0.8775613382458687
2026-08-22 16:45:00,0.6531860679388046
2026-08-22 16:46:00,0.6531860679388046
2026-08-22 16:47:00,0.6531860679388046
2026-08-22 16:48:00,0.6531860679388046
2026-08-22 16:49:00,0.6531860679388046
2026-08-22 16:50:00,0.4287542775273323
2026-08-22 16:51:00,0.4287542775273323
2026-08-22 16:52:00,0.4287542775273323
2026-08-22 16:53:00,0.4287542775273323
2026-08-22 16:54:00,0.4287542775273323
2026-08-22 16:55:00,0.4257757365703583
2026-08-22 16:56:00,0.4257757365703583
2026-08-22 16:57:00,0.4257757365703583
2026-08-22 16:58:00,0.4257757365703583
2026-08-22 16:59:00,0.4257757365703583
2026-08-22 17:00:00,0.42237401753664017
2026-08-22 17:01:00,0.42237401753664017
2026-08-22 17:02:00,0.42237401753664017
2026-08-22 17:03:00,0.42237401753664017
2026-08-22 17:04:00,0.42237401753664017
2026-08-22 17:05:00,0.4195583388209343
2026-08-22 17:06:00,0.4195583388209343
2026-08-22 17:07:00,0.4195583388209343
2026-08-22 17:08:00,0.4195583388209343
2026-08-22 17:09:00,0.4195583388209343
2026-08-22 17:10:00,0.41698283702135086
2026-08-22 17:11:00,0.41698283702135086
2026-08-22 17:12:00,0.41698283702135086
2026-08-22 17:13:00,0.41698283702135086
2026-08-22 17:14:00,0.41698283702135086
2026-08-22 17:15:00,0.4152101203799248
2026-08-22 17:16:00,0.4152101203799248
2026-08-22 17:17:00,0.4152101203799248
2026-08-22 17:18:00,0.4152101203799248
2026-08-22 17:19:00,0.4152101203799248
2026-08-22 17:20:00,0.41435468196868896
2026-08-22 17:21:00,0.41435468196868896
2026-08-22 17:22:00,0.41435468196868896
2026-08-22 17:23:00,0.41435468196868896
2026-08-22 17:24:00,0.41435468196868896
2026-08-22 17:25:00,0.6314992383122444
2026-08-22 17:26:00,0.6314992383122444
2026-08-22 17:27:00,0.6314992383122444
2026-08-22 17:28:00,0.6314992383122444
2026-08-22 17:29:00,0.6314992383122444
2026-08-22 17:30:00,0.8483533561229706
2026-08-22 17:31:00,0.8483533561229706
2026-08-22 17:32:00,0.8483533561229706
2026-08-22 17:33:00,0.8483533561229706
2026-08-22 17:34:00,0.8483533561229706
2026-08-22 17:35:00,1.0667095854878426
2026-08-22 17:36:00,1.0667095854878426
2026-08-22 17:37:00,1.0667095854878426
2026-08-22 17:38:00,1.0667095854878426
2026-08-22 17:39:00,1.0667095854878426
2026-08-22 17:40:00,1.2847155332565308
2026-08-22 17:41:00,1.2847155332565308
2026-08-22 17:42:00,1.2847155332565308
2026-08-22 17:43:00,1.2847155332565308
2026-08-22 17:44:00,1.2847155332565308
2026-08-22 17:45:00,1.1035177260637283
2026-08-22 17:46:00,1.1035177260637283
2026-08-22 17:47:00,1.1035177260637283
2026-08-22 17:48:00,1.1035177260637283
2026-08-22 17:49:00,1.1035177260637283
2026-08-22 17:50:00,0.9276957809925079
2026-08-22 17:51:00,0.9276957809925079
2026-08-22 17:52:00,0.9276957809925079
2026-08-22 17:53:00,0.9276957809925079
2026-08-22 17:54:00,0.9276957809925079
2026-08-22 17:55:00,0.6440196000039577
2026-08-22 17:56:00,0.6440196000039577
2026-08-22 17:57:00,0.6440196000039577
2026-08-22 17:58:00,0.6440196000039577
2026-08-22 17:59:00,0.6440196000039577
2026-08-22 18:00:00,0.4146204926073551
2026-08-22 18:01:00,0.4146204926073551
2026-08-22 18:02:00,0.4146204926073551
2026-08-22 18:03:00,0.4146204926073551
2026-08-22 18:04:00,0.4146204926073551
2026-08-22 18:05:00,0.3659492991864681
2026-08-22 18:06:00,0.3659492991864681
2026-08-22 18:07:00,0.3659492991864681
2026-08-22 18:08:00,0.3659492991864681
2026-08-22 18:09:00,0.3659492991864681
2026-08-22 18:10:00,0.3246610350906849
2026-08-22 18:11:00,0.3246610350906849
2026-08-22 18:12:00,0.3246610350906849
2026-08-22 18:13:00,0.3246610350906849
2026-08-22 18:14:00,0.3246610350906849
2026-08-22 18:15:00,0.38935165107250214
2026-08-22 18:16:00,0.38935165107250214
2026-08-22 18:17:00,0.38935165107250214
2026-08-22 18:18:00,0.38935165107250214
2026-08-22 18:19:00,0.38935165107250214
2026-08-22 18:20:00,0.342451773583889
2026-08-22 18:21:00,0.342451773583889
2026-08-22 18:22:00,0.342451773583889
2026-08-22 18:23:00,0.342451773583889
2026-08-22 18:24:00,0.342451773583889
2026-08-22 18:25:00,0.2965669557452202
2026-08-22 18:26:00,0.2965669557452202
2026-08-22 18:27:00,0.2965669557452202
2026-08-22 18:28:00,0.2965669557452202
2026-08-22 18:29:00,0.2965669557452202
2026-08-22 18:30:00,0.23669615015387535
2026-08-22 18:31:00,0.23669615015387535
2026-08-22 18:32:00,0.23669615015387535
2026-08-22 18:33:00,0.23669615015387535
2026-08-22 18:34:00,0.23669615015387535
2026-08-22 18:35:00,0.1777634099125862
2026-08-22 18:36:00,0.1777634099125862
2026-08-22 18:37:00,0.1777634099125862
2026-08-22 18:38:00,0.1777634099125862
2026-08-22 18:39:00,0.1777634099125862
2026-08-22 18:40:00,0.17657309025526047
2026-08-22 18:41:00,0.17657309025526047
2026-08-22 18:42:00,0.17657309025526047
2026-08-22 18:43:00,0.17657309025526047
2026-08-22 18:44:00,0.17657309025526047
2026-08-22 18:45:00,0.1529284566640854
2026-08-22 18:46:00,0.1529284566640854
2026-08-22 18:47:00,0.1529284566640854
2026-08-22 18:48:00,0.1529284566640854
2026-08-22 18:49:00,0.1529284566640854
2026-08-22 18:50:00,0.13167402148246765
2026-08-22 18:51:00,0.13167402148246765
2026-08-22 18:52:00,0.13167402148246765
2026-08-22 18:53:00,0.13167402148246765
2026-08-22 18:54:00,0.13167402148246765
2026-08-22 18:55:00,0.10305938683450222
2026-08-22 18:56:00,0.10305938683450222
2026-08-22 18:57:00,0.10305938683450222
2026-08-22 18:58:00,0.10305938683450222
2026-08-22 18:59:00,0.10305938683450222
2026-08-22 19:00:00,0.07432792335748672
2026-08-22 19:01:00,0.07432792335748672
2026-08-22 19:02:00,0.07432792335748672
2026-08-22 19:03:00,0.07432792335748672
2026-08-22 19:04:00,0.07432792335748672
2026-08-22 19:05:00,0.06869674660265446
2026-08-22 19:06:00,0.06869674660265446
2026-08-22 19:07:00,0.06869674660265446
2026-08-22 19:08:00,0.06869674660265446
2026-08-22 19:09:00,0.06869674660265446
2026-08-22 19:10:00,0.06167048308998346
2026-08-22 19:11:00,0.06167048308998346
2026-08-22 19:12:00,0.06167048308998346
2026-08-22 19:13:00,0.06167048308998346
2026-08-22 19:14:00,0.06167048308998346
2026-08-22 19:15:00,0.06288641784340143
2026-08-22 19:16:00,0.06288641784340143
2026-08-22 19:17:00,0.06288641784340143
2026-08-22 19:18:00,0.06288641784340143
2026-08-22 19:19:00,0.06288641784340143
2026-08-22 19:20:00,0.06048525217920542
2026-08-22 19:21:00,0.06048525217920542
2026-08-22 19:22:00,0.06048525217920542
2026-08-22 19:23:00,0.06048525217920542
2026-08-22 19:24:00,0.06048525217920542
2026-08-22 19:25:00,0.05806755740195513
2026-08-22 19:26:00,0.05806755740195513
2026-08-22 19:27:00,0.05806755740195513
2026-08-22 19:28:00,0.05806755740195513
2026-08-22 19:29:00,0.05806755740195513
2026-08-22 19:30:00,0.05406015180051327
2026-08-22 19:31:00,0.05406015180051327
2026-08-22 19:32:00,0.05406015180051327
2026-08-22 19:33:00,0.05406015180051327
2026-08-22 19:34:00,0.05406015180051327
2026-08-22 19:35:00,0.04874238558113575
2026-08-22 19:36:00,0.04874238558113575
2026-08-22 19:37:00,0.04874238558113575
2026-08-22 19:38:00,0.04874238558113575
2026-08-22 19:39:00,0.04874238558113575
2026-08-22 19:40:00,0.046296642161905766
2026-08-22 19:41:00,0.046296642161905766
2026-08-22 19:42:00,0.046296642161905766
2026-08-22 19:43:00,0.046296642161905766
2026-08-22 19:44:00,0.046296642161905766
2026-08-22 19:45:00,0.04475681949406862
2026-08-22 19:46:00,0.04475681949406862
2026-08-22 19:47:00,0.04475681949406862
2026-08-22 19:48:00,0.04475681949406862
2026-08-22 19:49:00,0.04475681949406862
2026-08-22 19:50:00,0.044151331298053265
2026-08-22 19:51:00,0.044151331298053265
2026-08-22 19:52:00,0.044151331298053265
2026-08-22 19:53:00,0.044151331298053265
2026-08-22 19:54:00,0.044151331298053265
2026-08-22 19:55:00,0.04595241975039244
2026-08-22 19:56:00,0.04595241975039244
2026-08-22 19:57:00,0.04595241975039244
2026-08-22 19:58:00,0.04595241975039244
2026-08-22 19:59:00,0.04595241975039244
2026-08-22 20:00:00,0.049843329936265945
2026-08-22 20:01:00,0.049843329936265945
2026-08-22 20:02:00,0.049843329936265945
2026-08-22 20:03:00,0.049843329936265945
2026-08-22 20:04:00,0.049843329936265945
2026-08-22 20:05:00,0.05435385927557945
2026-08-22 20:06:00,0.05435385927557945
2026-08-22 20:07:00,0.05435385927557945
2026-08-22 20:08:00,0.05435385927557945
2026-08-22 20:09:00,0.05435385927557945
2026-08-22 20:10:00,0.056707859970629215
2026-08-22 20:11:00,0.056707859970629215
2026-08-22 20:12:00,0.056707859970629215
2026-08-22 20:13:00,0.056707859970629215
2026-08-22 20:14:00,0.056707859970629215
2026-08-22 20:15:00,0.05543394200503826
2026-08-22 20:16:00,0.05543394200503826
2026-08-22 20:17:00,0.05543394200503826
2026-08-22 20:18:00,0.05543394200503826
2026-08-22 20:19:00,0.05543394200503826
2026-08-22 20:20:00,0.052319019101560116
2026-08-22 20:21:00,0.052319019101560116
2026-08-22 20:22:00,0.052319019101560116
2026-08-22 20:23:00,0.052319019101560116
2026-08-22 20:24:00,0.052319019101560116
2026-08-22 20:25:00,0.04669275879859924
2026-08-22 20:26:00,0.04669275879859924
2026-08-22 20:27:00,0.04669275879859924
2026-08-22 20:28:00,0.04669275879859924
2026-08-22 20:29:00,0.04669275879859924
2026-08-22 20:30:00,0.0441433684900403
2026-08-22 20:31:00,0.0441433684900403
2026-08-22 20:32:00,0.0441433684900403
2026-08-22 20:33:00,0.0441433684900403
2026-08-22 20:34:00,0.0441433684900403
2026-08-22 20:35:00,0.04382982384413481
2026-08-22 20:36:00,0.04382982384413481
2026-08-22 20:37:00,0.04382982384413481
2026-08-22 20:38:00,0.04382982384413481
2026-08-22 20:39:00,0.04382982384413481
2026-08-22 20:40:00,0.043546284548938274
2026-08-22 20:41:00,0.043546284548938274
2026-08-22 20:42:00,0.043546284548938274
2026-08-22 20:43:00,0.043546284548938274
2026-08-22 20:44:00,0.043546284548938274
2026-08-22 20:45:00,0.043659779243171215
2026-08-22 20:46:00,0.043659779243171215
2026-08-22 20:47:00,0.043659779243171215
2026-08-22 20:48:00,0.043659779243171215
2026-08-22 20:49:00,0.043659779243171215
2026-08-22 20:50:00,0.04323200415819883
2026-08-22 20:51:00,0.04323200415819883
2026-08-22 20:52:00,0.04323200415819883
2026-08-22 20:53:00,0.04323200415819883
2026-08-22 20:54:00,0.04323200415819883
2026-08-22 20:55:00,0.04256625659763813
2026-08-22 20:56:00,0.04256625659763813
2026-08-22 20:57:00,0.04256625659763813
2026-08-22 20:58:00,0.04256625659763813
2026-08-22 20:59:00,0.04256625659763813
2026-08-22 21:00:00,0.0428064065054059
2026-08-22 21:01:00,0.0428064065054059
2026-08-22 21:02:00,0.0428064065054059
2026-08-22 21:03:00,0.0428064065054059
2026-08-22 21:04:00,0.0428064065054059
2026-08-22 21:05:00,0.0426542516797781
2026-08-22 21:06:00,0.0426542516797781
2026-08-22 21:07:00,0.0426542516797781
2026-08-22 21:08:00,0.0426542516797781
2026-08-22 21:09:00,0.0426542516797781
2026-08-22 21:10:00,0.04424760118126869
2026-08-22 21:11:00,0.04424760118126869
2026-08-22 21:12:00,0.04424760118126869
2026-08-22 21:13:00,0.04424760118126869
2026-08-22 21:14:00,0.04424760118126869
2026-08-22 21:15:00,0.046259806491434574
2026-08-22 21:16:00,0.046259806491434574
2026-08-22 21:17:00,0.046259806491434574
2026-08-22 21:18:00,0.046259806491434574
2026-08-22 21:19:00,0.046259806491434574
2026-08-22 21:20:00,0.050519246608018875
2026-08-22 21:21:00,0.050519246608018875
2026-08-22 21:22:00,0.050519246608018875
2026-08-22 21:23:00,0.050519246608018875
2026-08-22 21:24:00,0.050519246608018875
2026-08-22 21:25:00,0.05524042248725891
2026-08-22 21:26:00,0.05524042248725891
2026-08-22 21:27:00,0.05524042248725891
2026-08-22 21:28:00,0.05524042248725891
2026-08-22 21:29:00,0.05524042248725891
2026-08-22 21:30:00,0.056313421577215195
2026-08-22 21:31:00,0.056313421577215195
2026-08-22 21:32:00,0.056313421577215195
2026-08-22 21:33:00,0.056313421577215195
2026-08-22 21:34:00,0.056313421577215195
2026-08-22 21:35:00,0.054285384714603424
2026-08-22 21:36:00,0.054285384714603424
2026-08-22 21:37:00,0.054285384714603424
2026-08-22 21:38:00,0.054285384714603424
2026-08-22 21:39:00,0.054285384714603424
2026-08-22 21:40:00,0.24522343184798956
2026-08-22 21:41:00,0.24522343184798956
2026-08-22 21:42:00,0.24522343184798956
2026-08-22 21:43:00,0.24522343184798956
2026-08-22 21:44:00,0.24522343184798956
2026-08-22 21:45:00,0.43678984697908163
2026-08-22 21:46:00,0.43678984697908163
2026-08-22 21:47:00,0.43678984697908163
2026-08-22 21:48:00,0.43678984697908163
2026-08-22 21:49:00,0.43678984697908163
2026-08-22 21:50:00,0.6310239220038056
2026-08-22 21:51:00,0.6310239220038056
2026-08-22 21:52:00,0.6310239220038056
2026-08-22 21:53:00,0.6310239220038056
2026-08-22 21:54:00,0.6310239220038056
2026-08-22 21:55:00,0.8280041068792343
2026-08-22 21:56:00,0.8280041068792343
2026-08-22 21:57:00,0.8280041068792343
2026-08-22 21:58:00,0.8280041068792343
2026-08-22 21:59:00,0.8280041068792343
2026-08-22 22:00:00,0.6528337076306343
2026-08-22 22:01:00,0.6528337076306343
2026-08-22 22:02:00,0.6528337076306343
2026-08-22 22:03:00,0.6528337076306343
2026-08-22 22:04:00,0.6528337076306343
2026-08-22 22:05:00,0.47572518326342106
2026-08-22 22:06:00,0.47572518326342106
2026-08-22 22:07:00,0.47572518326342106
2026-08-22 22:08:00,0.47572518326342106
2026-08-22 22:09:00,0.47572518326342106
2026-08-22 22:10:00,0.2976683657616377
2026-08-22 22:11:00,0.2976683657616377
2026-08-22 22:12:00,0.2976683657616377
2026-08-22 22:13:00,0.2976683657616377
2026-08-22 22:14:00,0.2976683657616377
2026-08-22 22:15:00,0.12098279222846031
2026-08-22 22:16:00,0.12098279222846031
2026-08-22 22:17:00,0.12098279222846031
2026-08-22 22:18:00,0.12098279222846031
2026-08-22 22:19:00,0.12098279222846031
2026-08-22 22:20:00,0.12092774361371994
2026-08-22 22:21:00,0.12092774361371994
2026-08-22 22:22:00,0.12092774361371994
2026-08-22 22:23:00,0.12092774361371994
2026-08-22 22:24:00,0.12092774361371994
2026-08-22 22:25:00,0.12272262759506702
2026-08-22 22:26:00,0.12272262759506702
2026-08-22 22:27:00,0.12272262759506702
2026-08-22 22:28:00,0.12272262759506702
2026-08-22 22:29:00,0.12272262759506702
2026-08-22 22:30:00,0.12575757689774036
2026-08-22 22:31:00,0.12575757689774036
2026-08-22 22:32:00,0.12575757689774036
2026-08-22 22:33:00,0.12575757689774036
2026-08-22 22:34:00,0.12575757689774036
2026-08-22 22:35:00,0.1249658465385437
2026-08-22 22:36:00,0.1249658465385437
2026-08-22 22:37:00,0.1249658465385437
2026-08-22 22:38:00,0.1249658465385437
2026-08-22 22:39:00,0.1249658465385437
2026-08-22 22:40:00,0.12292451784014702
2026-08-22 22:41:00,0.12292451784014702
2026-08-22 22:42:00,0.12292451784014702
2026-08-22 22:43:00,0.12292451784014702
2026-08-22 22:44:00,0.12292451784014702
2026-08-22 22:45:00,0.12051091156899929
2026-08-22 22:46:00,0.12051091156899929
2026-08-22 22:47:00,0.12051091156899929
2026-08-22 22:48:00,0.12051091156899929
2026-08-22 22:49:00,0.12051091156899929
2026-08-22 22:50:00,0.11649350449442863
2026-08-22 22:51:00,0.11649350449442863
2026-08-22 22:52:00,0.11649350449442863
2026-08-22 22:53:00,0.11649350449442863
2026-08-22 22:54:00,0.11649350449442863
2026-08-22 22:55:00,0.11533688381314278
2026-08-22 22:56:00,0.11533688381314278
2026-08-22 22:57:00,0.11533688381314278
2026-08-22 22:58:00,0.11533688381314278
2026-08-22 22:59:00,0.11533688381314278
2026-08-22 23:00:00,0.09696663171052933
2026-08-22 23:01:00,0.09696663171052933
2026-08-22 23:02:00,0.09696663171052933
2026-08-22 23:03:00,0.09696663171052933
2026-08-22 23:04:00,0.09696663171052933
2026-08-22 23:05:00,0.0783398374915123
2026-08-22 23:06:00,0.0783398374915123
2026-08-22 23:07:00,0.0783398374915123
2026-08-22 23:08:00,0.0783398374915123
2026-08-22 23:09:00,0.0783398374915123
2026-08-22 23:10:00,0.061433746479451656
2026-08-22 23:11:00,0.061433746479451656
2026-08-22 23:12:00,0.061433746479451656
2026-08-22 23:13:00,0.061433746479451656
2026-08-22 23:14:00,0.061433746479451656
2026-08-22 23:15:00,0.04402687959372997
2026-08-22 23:16:00,0.04402687959372997
2026-08-22 23:17:00,0.04402687959372997
2026-08-22 23:18:00,0.04402687959372997
2026-08-22 23:19:00,0.04402687959372997
2026-08-22 23:20:00,0.044569799676537514
2026-08-22 23:21:00,0.044569799676537514
2026-08-22 23:22:00,0.044569799676537514
2026-08-22 23:23:00,0.044569799676537514
2026-08-22 23:24:00,0.044569799676537514
2026-08-22 23:25:00,0.04533127881586552
2026-08-22 23:26:00,0.04533127881586552
2026-08-22 23:27:00,0.04533127881586552
2026-08-22 23:28:00,0.04533127881586552
2026-08-22 23:29:00,0.04533127881586552
2026-08-22 23:30:00,0.04718432854861021
2026-08-22 23:31:00,0.04718432854861021
2026-08-22 23:32:00,0.04718432854861021
2026-08-22 23:33:00,0.04718432854861021
2026-08-22 23:34:00,0.04718432854861021
2026-08-22 23:35:00,0.047830202616751194
2026-08-22 23:36:00,0.047830202616751194
2026-08-22 23:37:00,0.047830202616751194
2026-08-22 23:38:00,0.047830202616751194
2026-08-22 23:39:00,0.047830202616751194
2026-08-22 23:40:00,0.048545596189796925
2026-08-22 23:41:00,0.048545596189796925
2026-08-22 23:42:00,0.048545596189796925
2026-08-22 23:43:00,0.048545596189796925
2026-08-22 23:44:00,0.048545596189796925
2026-08-22 23:45:00,0.34684791322797537
2026-08-22 23:46:00,0.34684791322797537
2026-08-22 23:47:00,0.34684791322797537
2026-08-22 23:48:00,0.34684791322797537
2026-08-22 23:49:00,0.34684791322797537
2026-08-22 23:50:00,0.6435804860666394
2026-08-22 23:51:00,0.6435804860666394
2026-08-22 23:52:00,0.6435804860666394
2026-08-22 23:53:00,0.6435804860666394
2026-08-22 23:54:00,0.6435804860666394
2026-08-22 23:55:00,0.9414769150316715
2026-08-22 23:56:00,0.9414769150316715
2026-08-22 23:57:00,0.9414769150316715
2026-08-22 23:58:00,0.9414769150316715
2026-08-22 23:59:00,0.9414769150316715
2026-08-23 00:00:00,1.2392113506793976
2026-08-23 00:01:00,1.2392113506793976
2026-08-23 00:02:00,1.2392113506793976
2026-08-23 00:03:00,1.2392113506793976
2026-08-23 00:04:00,1.2392113506793976
2026-08-23 00:05:00,0.9775208048522472
2026-08-23 00:06:00,0.9775208048522472
2026-08-23 00:07:00,0.9775208048522472
2026-08-23 00:08:00,0.9775208048522472
2026-08-23 00:09:00,0.9775208048522472
2026-08-23 00:10:00,0.7168044596910477
2026-08-23 00:11:00,0.7168044596910477
2026-08-23 00:12:00,0.7168044596910477
2026-08-23 00:13:00,0.7168044596910477
2026-08-23 00:14:00,0.7168044596910477
2026-08-23 00:15:00,0.4558611959218979
2026-08-23 00:16:00,0.4558611959218979
2026-08-23 00:17:00,0.4558611959218979
2026-08-23 00:18:00,0.4558611959218979
2026-08-23 00:19:00,0.4558611959218979
2026-08-23 00:20:00,0.19645407795906067
2026-08-23 00:21:00,0.19645407795906067
2026-08-23 00:22:00,0.19645407795906067
2026-08-23 00:23:00,0.19645407795906067
2026-08-23 00:24:00,0.19645407795906067
2026-08-23 00:25:00,0.1981586590409279
2026-08-23 00:26:00,0.1981586590409279
2026-08-23 00:27:00,0.1981586590409279
2026-08-23 00:28:00,0.1981586590409279
2026-08-23 00:29:00,0.1981586590409279
2026-08-23 00:30:00,0.19706230238080025
2026-08-23 00:31:00,0.19706230238080025
2026-08-23 00:32:00,0.19706230238080025
2026-08-23 00:33:00,0.19706230238080025
2026-08-23 00:34:00,0.19706230238080025
2026-08-23 00:35:00,0.19555550068616867
2026-08-23 00:36:00,0.19555550068616867
2026-08-23 00:37:00,0.19555550068616867
2026-08-23 00:38:00,0.19555550068616867
2026-08-23 00:39:00,0.19555550068616867
2026-08-23 00:40:00,0.19321883842349052
2026-08-23 00:41:00,0.19321883842349052
2026-08-23 00:42:00,0.19321883842349052
2026-08-23 00:43:00,0.19321883842349052
2026-08-23 00:44:00,0.19321883842349052
2026-08-23 00:45:00,0.19143756106495857
2026-08-23 00:46:00,0.19143756106495857
2026-08-23 00:47:00,0.19143756106495857
2026-08-23 00:48:00,0.19143756106495857
2026-08-23 00:49:00,0.19143756106495857
2026-08-23 00:50:00,0.19238900393247604
2026-08-23 00:51:00,0.19238900393247604
2026-08-23 00:52:00,0.19238900393247604
2026-08-23 00:53:00,0.19238900393247604
2026-08-23 00:54:00,0.19238900393247604
2026-08-23 00:55:00,0.19455738738179207
2026-08-23 00:56:00,0.19455738738179207
2026-08-23 00:57:00,0.19455738738179207
2026-08-23 00:58:00,0.19455738738179207
2026-08-23 00:59:00,0.19455738738179207
2026-08-23 01:00:00,0.1960575096309185
2026-08-23 01:01:00,0.1960575096309185
2026-08-23 01:02:00,0.1960575096309185
2026-08-23 01:03:00,0.1960575096309185
2026-08-23 01:04:00,0.1960575096309185
2026-08-23 01:05:00,0.16133384127169847
2026-08-23 01:06:00,0.16133384127169847
2026-08-23 01:07:00,0.16133384127169847
2026-08-23 01:08:00,0.16133384127169847
2026-08-23 01:09:00,0.16133384127169847
2026-08-23 01:10:00,0.12452537007629871
2026-08-23 01:11:00,0.12452537007629871
2026-08-23 01:12:00,0.12452537007629871
2026-08-23 01:13:00,0.12452537007629871
2026-08-23 01:14:00,0.12452537007629871
2026-08-23 01:15:00,0.08682374749332666
2026-08-23 01:16:00,0.08682374749332666
2026-08-23 01:17:00,0.08682374749332666
2026-08-23 01:18:00,0.08682374749332666
2026-08-23 01:19:00,0.08682374749332666
2026-08-23 01:20:00,0.05026137921959162
2026-08-23 01:21:00,0.05026137921959162
2026-08-23 01:22:00,0.05026137921959162
2026-08-23 01:23:00,0.05026137921959162
2026-08-23 01:24:00,0.05026137921959162
2026-08-23 01:25:00,0.04886909108608961
2026-08-23 01:26:00,0.04886909108608961
2026-08-23 01:27:00,0.04886909108608961
2026-08-23 01:28:00,0.04886909108608961
2026-08-23 01:29:00,0.04886909108608961
2026-08-23 01:30:00,0.04924708418548107
2026-08-23 01:31:00,0.04924708418548107
2026-08-23 01:32:00,0.04924708418548107
2026-08-23 01:33:00,0.04924708418548107
2026-08-23 01:34:00,0.04924708418548107
2026-08-23 01:35:00,0.05074572190642357
2026-08-23 01:36:00,0.05074572190642357
2026-08-23 01:37:00,0.05074572190642357
2026-08-23 01:38:00,0.05074572190642357
2026-08-23 01:39:00,0.05074572190642357
2026-08-23 01:40:00,0.05101962108165026
2026-08-23 01:41:00,0.05101962108165026
2026-08-23 01:42:00,0.05101962108165026
2026-08-23 01:43:00,0.05101962108165026
2026-08-23 01:44:00,0.05101962108165026
2026-08-23 01:45:00,0.0507391644641757
2026-08-23 01:46:00,0.0507391644641757
2026-08-23 01:47:00,0.0507391644641757
2026-08-23 01:48:00,0.0507391644641757
2026-08-23 01:49:00,0.0507391644641757
2026-08-23 01:50:00,0.048098282888531685
2026-08-23 01:51:00,0.048098282888531685
2026-08-23 01:52:00,0.048098282888531685
2026-08-23 01:53:00,0.048098282888531685
2026-08-23 01:54:00,0.048098282888531685
2026-08-23 01:55:00,0.044206696562469006
2026-08-23 01:56:00,0.044206696562469006
2026-08-23 01:57:00,0.044206696562469006
2026-08-23 01:58:00,0.044206696562469006
2026-08-23 01:59:00,0.044206696562469006
2026-08-23 02:00:00,0.04069438390433788
2026-08-23 02:01:00,0.04069438390433788
2026-08-23 02:02:00,0.04069438390433788
2026-08-23 02:03:00,0.04069438390433788
2026-08-23 02:04:00,0.04069438390433788
2026-08-23 02:05:00,0.03994024358689785
2026-08-23 02:06:00,0.03994024358689785
2026-08-23 02:07:00,0.03994024358689785
2026-08-23 02:08:00,0.03994024358689785
2026-08-23 02:09:00,0.03994024358689785
2026-08-23 02:10:00,0.04214783478528261
2026-08-23 02:11:00,0.04214783478528261
2026-08-23 02:12:00,0.04214783478528261
2026-08-23 02:13:00,0.04214783478528261
2026-08-23 02:14:00,0.04214783478528261
2026-08-23 02:15:00,0.04600039776414633
2026-08-23 02:16:00,0.04600039776414633
2026-08-23 02:17:00,0.04600039776414633
2026-08-23 02:18:00,0.04600039776414633
2026-08-23 02:19:00,0.04600039776414633
2026-08-23 02:20:00,0.048636200837790966
2026-08-23 02:21:00,0.048636200837790966
2026-08-23 02:22:00,0.048636200837790966
2026-08-23 02:23:00,0.048636200837790966
2026-08-23 02:24:00,0.048636200837790966
2026-08-23 02:25:00,0.052901094779372215
2026-08-23 02:26:00,0.052901094779372215
2026-08-23 02:27:00,0.052901094779372215
2026-08-23 02:28:00,0.052901094779372215
2026-08-23 02:29:00,0.052901094779372215
2026-08-23 02:30:00,0.05613984167575836
2026-08-23 02:31:00,0.05613984167575836
2026-08-23 02:32:00,0.05613984167575836
2026-08-23 02:33:00,0.05613984167575836
2026-08-23 02:34:00,0.05613984167575836
2026-08-23 02:35:00,0.055222952738404274
2026-08-23 02:36:00,0.055222952738404274
2026-08-23 02:37:00,0.055222952738404274
2026-08-23 02:38:00,0.055222952738404274
2026-08-23 02:39:00,0.055222952738404274
2026-08-23 02:40:00,0.052278000861406326
2026-08-23 02:41:00,0.052278000861406326
2026-08-23 02:42:00,0.052278000861406326
2026-08-23 02:43:00,0.052278000861406326
2026-08-23 02:44:00,0.052278000861406326
2026-08-23 02:45:00,0.04712230898439884
2026-08-23 02:46:00,0.04712230898439884
2026-08-23 02:47:00,0.04712230898439884
2026-08-23 02:48:00,0.04712230898439884
2026-08-23 02:49:00,0.04712230898439884
2026-08-23 02:50:00,0.041075014509260654
2026-08-23 02:51:00,0.041075014509260654
2026-08-23 02:52:00,0.041075014509260654
2026-08-23 02:53:00,0.041075014509260654
2026-08-23 02:54:00,0.041075014509260654
2026-08-23 02:55:00,0.13665790017694235
2026-08-23 02:56:00,0.13665790017694235
2026-08-23 02:57:00,0.13665790017694235
2026-08-23 02:58:00,0.13665790017694235
2026-08-23 02:59:00,0.13665790017694235
2026-08-23 03:00:00,0.23528695199638605
2026-08-23 03:01:00,0.23528695199638605
2026-08-23 03:02:00,0.23528695199638605
2026-08-23 03:03:00,0.23528695199638605
2026-08-23 03:04:00,0.23528695199638605
2026-08-23 03:05:00,0.33391112368553877
2026-08-23 03:06:00,0.33391112368553877
2026-08-23 03:07:00,0.33391112368553877
2026-08-23 03:08:00,0.33391112368553877
2026-08-23 03:09:00,0.33391112368553877
2026-08-23 03:10:00,0.43329978734254837
2026-08-23 03:11:00,0.43329978734254837
2026-08-23 03:12:00,0.43329978734254837
2026-08-23 03:13:00,0.43329978734254837
2026-08-23 03:14:00,0.43329978734254837
2026-08-23 03:15:00,0.35018005780875683
2026-08-23 03:16:00,0.35018005780875683
2026-08-23 03:17:00,0.35018005780875683
2026-08-23 03:18:00,0.35018005780875683
2026-08-23 03:19:00,0.35018005780875683
2026-08-23 03:20:00,0.2680869344621897
2026-08-23 03:21:00,0.2680869344621897
2026-08-23 03:22:00,0.2680869344621897
2026-08-23 03:23:00,0.2680869344621897
2026-08-23 03:24:00,0.2680869344621897
2026-08-23 03:25:00,0.18350725807249546
2026-08-23 03:26:00,0.18350725807249546
2026-08-23 03:27:00,0.18350725807249546
2026-08-23 03:28:00,0.18350725807249546
2026-08-23 03:29:00,0.18350725807249546
2026-08-23 03:30:00,0.09833931550383568
2026-08-23 03:31:00,0.09833931550383568
2026-08-23 03:32:00,0.09833931550383568
2026-08-23 03:33:00,0.09833931550383568
2026-08-23 03:34:00,0.09833931550383568
2026-08-23 03:35:00,0.09611191228032112
2026-08-23 03:36:00,0.09611191228032112
2026-08-23 03:37:00,0.09611191228032112
2026-08-23 03:38:00,0.09611191228032112
2026-08-23 03:39:00,0.09611191228032112
2026-08-23 03:40:00,0.09274625033140182
2026-08-23 03:41:00,0.09274625033140182
2026-08-23 03:42:00,0.09274625033140182
2026-08-23 03:43:00,0.09274625033140182
2026-08-23 03:44:00,0.09274625033140182
2026-08-23 03:45:00,0.30303821712732315
2026-08-23 03:46:00,0.30303821712732315
2026-08-23 03:47:00,0.30303821712732315
2026-08-23 03:48:00,0.30303821712732315
2026-08-23 03:49:00,0.30303821712732315
2026-08-23 03:50:00,0.513574717566371
2026-08-23 03:51:00,0.513574717566371
2026-08-23 03:52:00,0.513574717566371
2026-08-23 03:53:00,0.513574717566371
2026-08-23 03:54:00,0.513574717566371
2026-08-23 03:55:00,0.726111926138401
2026-08-23 03:56:00,0.726111926138401
2026-08-23 03:57:00,0.726111926138401
2026-08-23 03:58:00,0.726111926138401
2026-08-23 03:59:00,0.726111926138401
2026-08-23 04:00:00,0.9387244433164597
2026-08-23 04:01:00,0.9387244433164597
2026-08-23 04:02:00,0.9387244433164597
2026-08-23 04:03:00,0.9387244433164597
2026-08-23 04:04:00,0.9387244433164597
2026-08-23 04:05:00,0.9183940291404724
2026-08-23 04:06:00,0.9183940291404724
2026-08-23 04:07:00,0.9183940291404724
2026-08-23 04:08:00,0.9183940291404724
2026-08-23 04:09:00,0.9183940291404724
2026-08-23 04:10:00,0.8981512486934662
2026-08-23 04:11:00,0.8981512486934662
2026-08-23 04:12:00,0.8981512486934662
2026-08-23 04:13:00,0.8981512486934662
2026-08-23 04:14:00,0.8981512486934662
2026-08-23 04:15:00,0.8895712792873383
2026-08-23 04:16:00,0.8895712792873383
2026-08-23 04:17:00,0.8895712792873383
2026-08-23 04:18:00,0.8895712792873383
2026-08-23 04:19:00,0.8895712792873383
2026-08-23 04:20:00,0.8276547193527222
2026-08-23 04:21:00,0.8276547193527222
2026-08-23 04:22:00,0.8276547193527222
2026-08-23 04:23:00,0.8276547193527222
2026-08-23 04:24:00,0.8276547193527222
2026-08-23 04:25:00,0.7870294153690338
2026-08-23 04:26:00,0.7870294153690338
2026-08-23 04:27:00,0.7870294153690338
2026-08-23 04:28:00,0.7870294153690338
2026-08-23 04:29:00,0.7870294153690338
2026-08-23 04:30:00,0.7472417056560516
2026-08-23 04:31:00,0.7472417056560516
2026-08-23 04:32:00,0.7472417056560516
2026-08-23 04:33:00,0.7472417056560516
2026-08-23 04:34:00,0.7472417056560516
2026-08-23 04:35:00,0.6885592192411423
2026-08-23 04:36:00,0.6885592192411423
2026-08-23 04:37:00,0.6885592192411423
2026-08-23 04:38:00,0.6885592192411423
2026-08-23 04:39:00,0.6885592192411423
2026-08-23 04:40:00,0.5726484470069408
2026-08-23 04:41:00,0.5726484470069408
2026-08-23 04:42:00,0.5726484470069408
2026-08-23 04:43:00,0.5726484470069408
2026-08-23 04:44:00,0.5726484470069408
2026-08-23 04:45:00,0.45926349610090256
2026-08-23 04:46:00,0.45926349610090256
2026-08-23 04:47:00,0.45926349610090256
2026-08-23 04:48:00,0.45926349610090256
2026-08-23 04:49:00,0.45926349610090256
2026-08-23 04:50:00,0.34728873893618584
2026-08-23 04:51:00,0.34728873893618584
2026-08-23 04:52:00,0.34728873893618584
2026-08-23 04:53:00,0.34728873893618584
2026-08-23 04:54:00,0.34728873893618584
2026-08-23 04:55:00,0.22688855230808258
2026-08-23 04:56:00,0.22688855230808258
2026-08-23 04:57:00,0.22688855230808258
2026-08-23 04:58:00,0.22688855230808258
2026-08-23 04:59:00,0.22688855230808258
2026-08-23 05:00:00,0.21629056707024574
2026-08-23 05:01:00,0.21629056707024574
2026-08-23 05:02:00,0.21629056707024574
2026-08-23 05:03:00,0.21629056707024574
2026-08-23 05:04:00,0.21629056707024574
2026-08-23 05:05:00,0.19753356650471687
2026-08-23 05:06:00,0.19753356650471687
2026-08-23 05:07:00,0.19753356650471687
2026-08-23 05:08:00,0.19753356650471687
2026-08-23 05:09:00,0.19753356650471687
2026-08-23 05:10:00,0.3443826287984848
2026-08-23 05:11:00,0.3443826287984848
2026-08-23 05:12:00,0.3443826287984848
2026-08-23 05:13:00,0.3443826287984848
2026-08-23 05:14:00,0.3443826287984848
2026-08-23 05:15:00,0.5170015208423138
2026-08-23 05:16:00,0.5170015208423138
2026-08-23 05:17:00,0.5170015208423138
2026-08-23 05:18:00,0.5170015208423138
2026-08-23 05:19:00,0.5170015208423138
2026-08-23 05:20:00,0.6904092691838741
2026-08-23 05:21:00,0.6904092691838741
2026-08-23 05:22:00,0.6904092691838741
2026-08-23 05:23:00,0.6904092691838741
2026-08-23 05:24:00,0.6904092691838741
2026-08-23 05:25:00,0.8692871928215027
2026-08-23 05:26:00,0.8692871928215027
2026-08-23 05:27:00,0.8692871928215027
2026-08-23 05:28:00,0.8692871928215027
2026-08-23 05:29:00,0.8692871928215027
2026-08-23 05:30:00,0.7013440616428852
2026-08-23 05:31:00,0.7013440616428852
2026-08-23 05:32:00,0.7013440616428852
2026-08-23 05:33:00,0.7013440616428852
2026-08-23 05:34:00,0.7013440616428852
2026-08-23 05:35:00,0.522472970187664
2026-08-23 05:36:00,0.522472970187664
2026-08-23 05:37:00,0.522472970187664
2026-08-23 05:38:00,0.522472970187664
2026-08-23 05:39:00,0.522472970187664
2026-08-23 05:40:00,0.33798088878393173
2026-08-23 05:41:00,0.33798088878393173
2026-08-23 05:42:00,0.33798088878393173
2026-08-23 05:43:00,0.33798088878393173
2026-08-23 05:44:00,0.33798088878393173
2026-08-23 05:45:00,0.15331296250224113
2026-08-23 05:46:00,0.15331296250224113
2026-08-23 05:47:00,0.15331296250224113
2026-08-23 05:48:00,0.15331296250224113
2026-08-23 05:49:00,0.15331296250224113
2026-08-23 05:50:00,0.3398284688591957
2026-08-23 05:51:00,0.3398284688591957
2026-08-23 05:52:00,0.3398284688591957
2026-08-23 05:53:00,0.3398284688591957
2026-08-23 05:54:00,0.3398284688591957
2026-08-23 05:55:00,0.5259923972189426
2026-08-23 05:56:00,0.5259923972189426
2026-08-23 05:57:00,0.5259923972189426
2026-08-23 05:58:00,0.5259923972189426
2026-08-23 05:59:00,0.5259923972189426
2026-08-23 06:00:00,0.7175724543631077
2026-08-23 06:01:00,0.7175724543631077
2026-08-23 06:02:00,0.7175724543631077
2026-08-23 06:03:00,0.7175724543631077
2026-08-23 06:04:00,0.7175724543631077
2026-08-23 06:05:00,0.9097612351179123
2026-08-23 06:06:00,0.9097612351179123
2026-08-23 06:07:00,0.9097612351179123
2026-08-23 06:08:00,0.9097612351179123
2026-08-23 06:09:00,0.9097612351179123
2026-08-23 06:10:00,0.7429659217596054
2026-08-23 06:11:00,0.7429659217596054
2026-08-23 06:12:00,0.7429659217596054
2026-08-23 06:13:00,0.7429659217596054
2026-08-23 06:14:00,0.7429659217596054
2026-08-23 06:15:00,0.5911797881126404
2026-08-23 06:16:00,0.5911797881126404
2026-08-23 06:17:00,0.5911797881126404
2026-08-23 06:18:00,0.5911797881126404
2026-08-23 06:19:00,0.5911797881126404
2026-08-23 06:20:00,0.6712015271186829
2026-08-23 06:21:00,0.6712015271186829
2026-08-23 06:22:00,0.6712015271186829
2026-08-23 06:23:00,0.6712015271186829
2026-08-23 06:24:00,0.6712015271186829
2026-08-23 06:25:00,0.709589809179306
2026-08-23 06:26:00,0.709589809179306
2026-08-23 06:27:00,0.709589809179306
2026-08-23 06:28:00,0.709589809179306
2026-08-23 06:29:00,0.709589809179306
2026-08-23 06:30:00,0.9163636118173599
2026-08-23 06:31:00,0.9163636118173599
2026-08-23 06:32:00,0.9163636118173599
2026-08-23 06:33:00,0.9163636118173599
2026-08-23 06:34:00,0.9163636118173599
2026-08-23 06:35:00,1.1074510216712952
2026-08-23 06:36:00,1.1074510216712952
2026-08-23 06:37:00,1.1074510216712952
2026-08-23 06:38:00,1.1074510216712952
2026-08-23 06:39:00,1.1074510216712952
2026-08-23 06:40:00,0.9970520436763763
2026-08-23 06:41:00,0.9970520436763763
2026-08-23 06:42:00,0.9970520436763763
2026-08-23 06:43:00,0.9970520436763763
2026-08-23 06:44:00,0.9970520436763763
2026-08-23 06:45:00,0.7843046635389328
2026-08-23 06:46:00,0.7843046635389328
2026-08-23 06:47:00,0.7843046635389328
2026-08-23 06:48:00,0.7843046635389328
2026-08-23 06:49:00,0.7843046635389328
2026-08-23 06:50:00,0.5634189136326313
2026-08-23 06:51:00,0.5634189136326313
2026-08-23 06:52:00,0.5634189136326313
2026-08-23 06:53:00,0.5634189136326313
2026-08-23 06:54:00,0.5634189136326313
2026-08-23 06:55:00,0.3422999270260334
2026-08-23 06:56:00,0.3422999270260334
2026-08-23 06:57:00,0.3422999270260334
2026-08-23 06:58:00,0.3422999270260334
2026-08-23 06:59:00,0.3422999270260334
2026-08-23 07:00:00,0.1918608918786049
2026-08-23 07:01:00,0.1918608918786049
2026-08-23 07:02:00,0.1918608918786049
2026-08-23 07:03:00,0.1918608918786049
2026-08-23 07:04:00,0.1918608918786049
2026-08-23 07:05:00,0.18470752984285355
2026-08-23 07:06:00,0.18470752984285355
2026-08-23 07:07:00,0.18470752984285355
2026-08-23 07:08:00,0.18470752984285355
2026-08-23 07:09:00,0.18470752984285355
2026-08-23 07:10:00,0.19842324033379555
2026-08-23 07:11:00,0.19842324033379555
2026-08-23 07:12:00,0.19842324033379555
2026-08-23 07:13:00,0.19842324033379555
2026-08-23 07:14:00,0.19842324033379555
2026-08-23 07:15:00,0.2138807475566864
2026-08-23 07:16:00,0.2138807475566864
2026-08-23 07:17:00,0.2138807475566864
2026-08-23 07:18:00,0.2138807475566864
2026-08-23 07:19:00,0.2138807475566864
2026-08-23 07:20:00,0.22800183296203613
2026-08-23 07:21:00,0.22800183296203613
2026-08-23 07:22:00,0.22800183296203613
2026-08-23 07:23:00,0.22800183296203613
2026-08-23 07:24:00,0.22800183296203613
2026-08-23 07:25:00,0.24271412938833237
2026-08-23 07:26:00,0.24271412938833237
2026-08-23 07:27:00,0.24271412938833237
2026-08-23 07:28:00,0.24271412938833237
2026-08-23 07:29:00,0.24271412938833237
2026-08-23 07:30:00,0.24238943308591843
2026-08-23 07:31:00,0.24238943308591843
2026-08-23 07:32:00,0.24238943308591843
2026-08-23 07:33:00,0.24238943308591843
2026-08-23 07:34:00,0.24238943308591843
2026-08-23 07:35:00,0.2412179931998253
2026-08-23 07:36:00,0.2412179931998253
2026-08-23 07:37:00,0.2412179931998253
2026-08-23 07:38:00,0.2412179931998253
2026-08-23 07:39:00,0.2412179931998253
2026-08-23 07:40:00,0.21440215408802032
2026-08-23 07:41:00,0.21440215408802032
2026-08-23 07:42:00,0.21440215408802032
2026-08-23 07:43:00,0.21440215408802032
2026-08-23 07:44:00,0.21440215408802032
2026-08-23 07:45:00,0.16737805865705013
2026-08-23 07:46:00,0.16737805865705013
2026-08-23 07:47:00,0.16737805865705013
2026-08-23 07:48:00,0.16737805865705013
2026-08-23 07:49:00,0.16737805865705013
2026-08-23 07:50:00,0.11921875737607479
2026-08-23 07:51:00,0.11921875737607479
2026-08-23 07:52:00,0.11921875737607479
2026-08-23 07:53:00,0.11921875737607479
2026-08-23 07:54:00,0.11921875737607479
2026-08-23 07:55:00,0.07259605824947357
2026-08-23 07:56:00,0.07259605824947357
2026-08-23 07:57:00,0.07259605824947357
2026-08-23 07:58:00,0.07259605824947357
2026-08-23 07:59:00,0.07259605824947357
2026-08-23 08:00:00,0.0548606738448143
2026-08-23 08:01:00,0.0548606738448143
2026-08-23 08:02:00,0.0548606738448143
2026-08-23 08:03:00,0.0548606738448143
2026-08-23 08:04:00,0.0548606738448143
2026-08-23 08:05:00,0.05877692066133022
2026-08-23 08:06:00,0.05877692066133022
2026-08-23 08:07:00,0.05877692066133022
2026-08-23 08:08:00,0.05877692066133022
2026-08-23 08:09:00,0.05877692066133022
2026-08-23 08:10:00,0.0623293686658144
2026-08-23 08:11:00,0.0623293686658144
2026-08-23 08:12:00,0.0623293686658144
2026-08-23 08:13:00,0.0623293686658144
2026-08-23 08:14:00,0.0623293686658144
2026-08-23 08:15:00,0.36971699818968773
2026-08-23 08:16:00,0.36971699818968773
2026-08-23 08:17:00,0.36971699818968773
2026-08-23 08:18:00,0.36971699818968773
2026-08-23 08:19:00,0.36971699818968773
2026-08-23 08:20:00,0.6742974296212196
2026-08-23 08:21:00,0.6742974296212196
2026-08-23 08:22:00,0.6742974296212196
2026-08-23 08:23:00,0.6742974296212196
2026-08-23 08:24:00,0.6742974296212196
2026-08-23 08:25:00,0.9773683063685894
2026-08-23 08:26:00,0.9773683063685894
2026-08-23 08:27:00,0.9773683063685894
2026-08-23 08:28:00,0.9773683063685894
2026-08-23 08:29:00,0.9773683063685894
2026-08-23 08:30:00,1.2826745510101318
2026-08-23 08:31:00,1.2826745510101318
2026-08-23 08:32:00,1.2826745510101318
2026-08-23 08:33:00,1.2826745510101318
2026-08-23 08:34:00,1.2826745510101318
2026-08-23 08:35:00,1.0062267892062664
2026-08-23 08:36:00,1.0062267892062664
2026-08-23 08:37:00,1.0062267892062664
2026-08-23 08:38:00,1.0062267892062664
2026-08-23 08:39:00,1.0062267892062664
2026-08-23 08:40:00,0.72975854575634
2026-08-23 08:41:00,0.72975854575634
2026-08-23 08:42:00,0.72975854575634
2026-08-23 08:43:00,0.72975854575634
2026-08-23 08:44:00,0.72975854575634
2026-08-23 08:45:00,0.45438842475414276
2026-08-23 08:46:00,0.45438842475414276
2026-08-23 08:47:00,0.45438842475414276
2026-08-23 08:48:00,0.45438842475414276
2026-08-23 08:49:00,0.45438842475414276
2026-08-23 08:50:00,0.1803194098174572
2026-08-23 08:51:00,0.1803194098174572
2026-08-23 08:52:00,0.1803194098174572
2026-08-23 08:53:00,0.1803194098174572
2026-08-23 08:54:00,0.1803194098174572
2026-08-23 08:55:00,0.18190927803516388
2026-08-23 08:56:00,0.18190927803516388
2026-08-23 08:57:00,0.18190927803516388
2026-08-23 08:58:00,0.18190927803516388
2026-08-23 08:59:00,0.18190927803516388
2026-08-23 09:00:00,0.18308033794164658
2026-08-23 09:01:00,0.18308033794164658
2026-08-23 09:02:00,0.18308033794164658
2026-08-23 09:03:00,0.18308033794164658
2026-08-23 09:04:00,0.18308033794164658
2026-08-23 09:05:00,0.18294372782111168
2026-08-23 09:06:00,0.18294372782111168
2026-08-23 09:07:00,0.18294372782111168
2026-08-23 09:08:00,0.18294372782111168
2026-08-23 09:09:00,0.18294372782111168
2026-08-23 09:10:00,0.18112432584166527
2026-08-23 09:11:00,0.18112432584166527
2026-08-23 09:12:00,0.18112432584166527
2026-08-23 09:13:00,0.18112432584166527
2026-08-23 09:14:00,0.18112432584166527
2026-08-23 09:15:00,0.1800122708082199
2026-08-23 09:16:00,0.1800122708082199
2026-08-23 09:17:00,0.1800122708082199
2026-08-23 09:18:00,0.1800122708082199
2026-08-23 09:19:00,0.1800122708082199
2026-08-23 09:20:00,0.17897891253232956
2026-08-23 09:21:00,0.17897891253232956
2026-08-23 09:22:00,0.17897891253232956
2026-08-23 09:23:00,0.17897891253232956
2026-08-23 09:24:00,0.17897891253232956
2026-08-23 09:25:00,0.1781042404472828
2026-08-23 09:26:00,0.1781042404472828
2026-08-23 09:27:00,0.1781042404472828
2026-08-23 09:28:00,0.1781042404472828
2026-08-23 09:29:00,0.1781042404472828
2026-08-23 09:30:00,0.1776828058063984
2026-08-23 09:31:00,0.1776828058063984
2026-08-23 09:32:00,0.1776828058063984
2026-08-23 09:33:00,0.1776828058063984
2026-08-23 09:34:00,0.1776828058063984
2026-08-23 09:35:00,0.14432198368012905
2026-08-23 09:36:00,0.14432198368012905
2026-08-23 09:37:00,0.14432198368012905
2026-08-23 09:38:00,0.14432198368012905
2026-08-23 09:39:00,0.14432198368012905
2026-08-23 09:40:00,0.11021378543227911
2026-08-23 09:41:00,0.11021378543227911
2026-08-23 09:42:00,0.11021378543227911
2026-08-23 09:43:00,0.11021378543227911
2026-08-23 09:44:00,0.11021378543227911
2026-08-23 09:45:00,0.07673530280590057
2026-08-23 09:46:00,0.07673530280590057
2026-08-23 09:47:00,0.07673530280590057
2026-08-23 09:48:00,0.07673530280590057
2026-08-23 09:49:00,0.07673530280590057
2026-08-23 09:50:00,0.04418875649571419
2026-08-23 09:51:00,0.04418875649571419
2026-08-23 09:52:00,0.04418875649571419
2026-08-23 09:53:00,0.04418875649571419
2026-08-23 09:54:00,0.04418875649571419
2026-08-23 09:55:00,0.04398179519921541
2026-08-23 09:56:00,0.04398179519921541
2026-08-23 09:57:00,0.04398179519921541
2026-08-23 09:58:00,0.04398179519921541
2026-08-23 09:59:00,0.04398179519921541
2026-08-23 10:00:00,0.04620082303881645
2026-08-23 10:01:00,0.04620082303881645
2026-08-23 10:02:00,0.04620082303881645
2026-08-23 10:03:00,0.04620082303881645
2026-08-23 10:04:00,0.04620082303881645
2026-08-23 10:05:00,0.04865117184817791
2026-08-23 10:06:00,0.04865117184817791
2026-08-23 10:07:00,0.04865117184817791
2026-08-23 10:08:00,0.04865117184817791
2026-08-23 10:09:00,0.04865117184817791
2026-08-23 10:10:00,0.05034871492534876
2026-08-23 10:11:00,0.05034871492534876
2026-08-23 10:12:00,0.05034871492534876
2026-08-23 10:13:00,0.05034871492534876
2026-08-23 10:14:00,0.05034871492534876
2026-08-23 10:15:00,0.05171285569667816
2026-08-23 10:16:00,0.05171285569667816
2026-08-23 10:17:00,0.05171285569667816
2026-08-23 10:18:00,0.05171285569667816
2026-08-23 10:19:00,0.05171285569667816
2026-08-23 10:20:00,0.05131278093904257
2026-08-23 10:21:00,0.05131278093904257
2026-08-23 10:22:00,0.05131278093904257
2026-08-23 10:23:00,0.05131278093904257
2026-08-23 10:24:00,0.05131278093904257
2026-08-23 10:25:00,0.04931015707552433
2026-08-23 10:26:00,0.04931015707552433
2026-08-23 10:27:00,0.04931015707552433
2026-08-23 10:28:00,0.04931015707552433
2026-08-23 10:29:00,0.04931015707552433
2026-08-23 10:30:00,0.0468950429931283
2026-08-23 10:31:00,0.0468950429931283
2026-08-23 10:32:00,0.0468950429931283
2026-08-23 10:33:00,0.0468950429931283
2026-08-23 10:34:00,0.0468950429931283
2026-08-23 10:35:00,0.04537861328572035
2026-08-23 10:36:00,0.04537861328572035
2026-08-23 10:37:00,0.04537861328572035
2026-08-23 10:38:00,0.04537861328572035
2026-08-23 10:39:00,0.04537861328572035
2026-08-23 10:40:00,0.04357356857508421
2026-08-23 10:41:00,0.04357356857508421
2026-08-23 10:42:00,0.04357356857508421
2026-08-23 10:43:00,0.04357356857508421
2026-08-23 10:44:00,0.04357356857508421
2026-08-23 10:45:00,0.042697484605014324
2026-08-23 10:46:00,0.042697484605014324
2026-08-23 10:47:00,0.042697484605014324
2026-08-23 10:48:00,0.042697484605014324
2026-08-23 10:49:00,0.042697484605014324
2026-08-23 10:50:00,0.04199150949716568
2026-08-23 10:51:00,0.04199150949716568
2026-08-23 10:52:00,0.04199150949716568
2026-08-23 10:53:00,0.04199150949716568
2026-08-23 10:54:00,0.04199150949716568
2026-08-23 10:55:00,0.04280774388462305
2026-08-23 10:56:00,0.04280774388462305
2026-08-23 10:57:00,0.04280774388462305
2026-08-23 10:58:00,0.04280774388462305
2026-08-23 10:59:00,0.04280774388462305
2026-08-23 11:00:00,0.044159192591905594
2026-08-23 11:01:00,0.044159192591905594
2026-08-23 11:02:00,0.044159192591905594
2026-08-23 11:03:00,0.044159192591905594
2026-08-23 11:04:00,0.044159192591905594
2026-08-23 11:05:00,0.04664179217070341
2026-08-23 11:06:00,0.04664179217070341
2026-08-23 11:07:00,0.04664179217070341
2026-08-23 11:08:00,0.04664179217070341
2026-08-23 11:09:00,0.04664179217070341
2026-08-23 11:10:00,0.04896612465381622
2026-08-23 11:11:00,0.04896612465381622
2026-08-23 11:12:00,0.04896612465381622
2026-08-23 11:13:00,0.04896612465381622
2026-08-23 11:14:00,0.04896612465381622
2026-08-23 11:15:00,0.049458098597824574
2026-08-23 11:16:00,0.049458098597824574
2026-08-23 11:17:00,0.049458098597824574
2026-08-23 11:18:00,0.049458098597824574
2026-08-23 11:19:00,0.049458098597824574
2026-08-23 11:20:00,0.052052274346351624
2026-08-23 11:21:00,0.052052274346351624
2026-08-23 11:22:00,0.052052274346351624
2026-08-23 11:23:00,0.052052274346351624
2026-08-23 11:24:00,0.052052274346351624
2026-08-23 11:25:00,0.05306474398821592
2026-08-23 11:26:00,0.05306474398821592
2026-08-23 11:27:00,0.05306474398821592
2026-08-23 11:28:00,0.05306474398821592
2026-08-23 11:29:00,0.05306474398821592
2026-08-23 11:30:00,0.055303131230175495
2026-08-23 11:31:00,0.055303131230175495
2026-08-23 11:32:00,0.055303131230175495
2026-08-23 11:33:00,0.055303131230175495
2026-08-23 11:34:00,0.055303131230175495
2026-08-23 11:35:00,0.33590083476155996
2026-08-23 11:36:00,0.33590083476155996
2026-08-23 11:37:00,0.33590083476155996
2026-08-23 11:38:00,0.33590083476155996
2026-08-23 11:39:00,0.33590083476155996
2026-08-23 11:40:00,0.6144829820841551
2026-08-23 11:41:00,0.6144829820841551
2026-08-23 11:42:00,0.6144829820841551
2026-08-23 11:43:00,0.6144829820841551
2026-08-23 11:44:00,0.6144829820841551
2026-08-23 11:45:00,0.8933816906064749
2026-08-23 11:46:00,0.8933816906064749
2026-08-23 11:47:00,0.8933816906064749
2026-08-23 11:48:00,0.8933816906064749
2026-08-23 11:49:00,0.8933816906064749
2026-08-23 11:50:00,1.1712617874145508
2026-08-23 11:51:00,1.1712617874145508
2026-08-23 11:52:00,1.1712617874145508
2026-08-23 11:53:00,1.1712617874145508
2026-08-23 11:54:00,1.1712617874145508
2026-08-23 11:55:00,0.9417485445737839
2026-08-23 11:56:00,0.9417485445737839
2026-08-23 11:57:00,0.9417485445737839
2026-08-23 11:58:00,0.9417485445737839
2026-08-23 11:59:00,0.9417485445737839
2026-08-23 12:00:00,0.7115175649523735
2026-08-23 12:01:00,0.7115175649523735
2026-08-23 12:02:00,0.7115175649523735
2026-08-23 12:03:00,0.7115175649523735
2026-08-23 12:04:00,0.7115175649523735
2026-08-23 12:05:00,0.4809379018843174
2026-08-23 12:06:00,0.4809379018843174
2026-08-23 12:07:00,0.4809379018843174
2026-08-23 12:08:00,0.4809379018843174
2026-08-23 12:09:00,0.4809379018843174
2026-08-23 12:10:00,0.4702374078333378
2026-08-23 12:11:00,0.4702374078333378
2026-08-23 12:12:00,0.4702374078333378
2026-08-23 12:13:00,0.4702374078333378
2026-08-23 12:14:00,0.4702374078333378
2026-08-23 12:15:00,0.6890892572700977
2026-08-23 12:16:00,0.6890892572700977
2026-08-23 12:17:00,0.6890892572700977
2026-08-23 12:18:00,0.6890892572700977
2026-08-23 12:19:00,0.6890892572700977
2026-08-23 12:20:00,0.9088058285415173
2026-08-23 12:21:00,0.9088058285415173
2026-08-23 12:22:00,0.9088058285415173
2026-08-23 12:23:00,0.9088058285415173
2026-08-23 12:24:00,0.9088058285415173
2026-08-23 12:25:00,1.1433743834495544
2026-08-23 12:26:00,1.1433743834495544
2026-08-23 12:27:00,1.1433743834495544
2026-08-23 12:28:00,1.1433743834495544
2026-08-23 12:29:00,1.1433743834495544
2026-08-23 12:30:00,1.1616340279579163
2026-08-23 12:31:00,1.1616340279579163
2026-08-23 12:32:00,1.1616340279579163
2026-08-23 12:33:00,1.1616340279579163
2026-08-23 12:34:00,1.1616340279579163
2026-08-23 12:35:00,1.1798707842826843
2026-08-23 12:36:00,1.1798707842826843
2026-08-23 12:37:00,1.1798707842826843
2026-08-23 12:38:00,1.1798707842826843
2026-08-23 12:39:00,1.1798707842826843
2026-08-23 12:40:00,1.1979662775993347
2026-08-23 12:41:00,1.1979662775993347
2026-08-23 12:42:00,1.1979662775993347
2026-08-23 12:43:00,1.1979662775993347
2026-08-23 12:44:00,1.1979662775993347
2026-08-23 12:45:00,0.9297954253852367
2026-08-23 12:46:00,0.9297954253852367
2026-08-23 12:47:00,0.9297954253852367
2026-08-23 12:48:00,0.9297954253852367
2026-08-23 12:49:00,0.9297954253852367
2026-08-23 12:50:00,0.6557623371481895
2026-08-23 12:51:00,0.6557623371481895
2026-08-23 12:52:00,0.6557623371481895
2026-08-23 12:53:00,0.6557623371481895
2026-08-23 12:54:00,0.6557623371481895
2026-08-23 12:55:00,0.4002929665148258
2026-08-23 12:56:00,0.4002929665148258
2026-08-23 12:57:00,0.4002929665148258
2026-08-23 12:58:00,0.4002929665148258
2026-08-23 12:59:00,0.4002929665148258
2026-08-23 13:00:00,0.14392411708831787
2026-08-23 13:01:00,0.14392411708831787
2026-08-23 13:02:00,0.14392411708831787
2026-08-23 13:03:00,0.14392411708831787
2026-08-23 13:04:00,0.14392411708831787
2026-08-23 13:05:00,0.15978767722845078
2026-08-23 13:06:00,0.15978767722845078
2026-08-23 13:07:00,0.15978767722845078
2026-08-23 13:08:00,0.15978767722845078
2026-08-23 13:09:00,0.15978767722845078
2026-08-23 13:10:00,0.1781185232102871
2026-08-23 13:11:00,0.1781185232102871
2026-08-23 13:12:00,0.1781185232102871
2026-08-23 13:13:00,0.1781185232102871
2026-08-23 13:14:00,0.1781185232102871
2026-08-23 13:15:00,0.17782728374004364
2026-08-23 13:16:00,0.17782728374004364
2026-08-23 13:17:00,0.17782728374004364
2026-08-23 13:18:00,0.17782728374004364
2026-08-23 13:19:00,0.17782728374004364
2026-08-23 13:20:00,0.1779722087085247
2026-08-23 13:21:00,0.1779722087085247
2026-08-23 13:22:00,0.1779722087085247
2026-08-23 13:23:00,0.1779722087085247
2026-08-23 13:24:00,0.1779722087085247
2026-08-23 13:25:00,0.17868738621473312
2026-08-23 13:26:00,0.17868738621473312
2026-08-23 13:27:00,0.17868738621473312
2026-08-23 13:28:00,0.17868738621473312
2026-08-23 13:29:00,0.17868738621473312
2026-08-23 13:30:00,0.17864301428198814
2026-08-23 13:31:00,0.17864301428198814
2026-08-23 13:32:00,0.17864301428198814
2026-08-23 13:33:00,0.17864301428198814
2026-08-23 13:34:00,0.17864301428198814
2026-08-23 13:35:00,0.2079349271953106
2026-08-23 13:36:00,0.2079349271953106
2026-08-23 13:37:00,0.2079349271953106
2026-08-23 13:38:00,0.2079349271953106
2026-08-23 13:39:00,0.2079349271953106
2026-08-23 13:40:00,0.23689310625195503
2026-08-23 13:41:00,0.23689310625195503
2026-08-23 13:42:00,0.23689310625195503
2026-08-23 13:43:00,0.23689310625195503
2026-08-23 13:44:00,0.23689310625195503
2026-08-23 13:45:00,0.24384170398116112
2026-08-23 13:46:00,0.24384170398116112
2026-08-23 13:47:00,0.24384170398116112
2026-08-23 13:48:00,0.24384170398116112
2026-08-23 13:49:00,0.24384170398116112
2026-08-23 13:50:00,0.25264738500118256
2026-08-23 13:51:00,0.25264738500118256
2026-08-23 13:52:00,0.25264738500118256
2026-08-23 13:53:00,0.25264738500118256
2026-08-23 13:54:00,0.25264738500118256
2026-08-23 13:55:00,0.1897423379123211
2026-08-23 13:56:00,0.1897423379123211
2026-08-23 13:57:00,0.1897423379123211
2026-08-23 13:58:00,0.1897423379123211
2026-08-23 13:59:00,0.1897423379123211
2026-08-23 14:00:00,0.12842166982591152
2026-08-23 14:01:00,0.12842166982591152
2026-08-23 14:02:00,0.12842166982591152
2026-08-23 14:03:00,0.12842166982591152
2026-08-23 14:04:00,0.12842166982591152
2026-08-23 14:05:00,0.09286542423069477
2026-08-23 14:06:00,0.09286542423069477
2026-08-23 14:07:00,0.09286542423069477
2026-08-23 14:08:00,0.09286542423069477
2026-08-23 14:09:00,0.09286542423069477
2026-08-23 14:10:00,0.060066621750593185
2026-08-23 14:11:00,0.060066621750593185
2026-08-23 14:12:00,0.060066621750593185
2026-08-23 14:13:00,0.060066621750593185
2026-08-23 14:14:00,0.060066621750593185
2026-08-23 14:15:00,0.07105076126754284
2026-08-23 14:16:00,0.07105076126754284
2026-08-23 14:17:00,0.07105076126754284
2026-08-23 14:18:00,0.07105076126754284
2026-08-23 14:19:00,0.07105076126754284
2026-08-23 14:20:00,0.08238209970295429
2026-08-23 14:21:00,0.08238209970295429
2026-08-23 14:22:00,0.08238209970295429
2026-08-23 14:23:00,0.08238209970295429
2026-08-23 14:24:00,0.08238209970295429
2026-08-23 14:25:00,0.0863688699901104
2026-08-23 14:26:00,0.0863688699901104
2026-08-23 14:27:00,0.0863688699901104
2026-08-23 14:28:00,0.0863688699901104
2026-08-23 14:29:00,0.0863688699901104
2026-08-23 14:30:00,0.08591239526867867
2026-08-23 14:31:00,0.08591239526867867
2026-08-23 14:32:00,0.08591239526867867
2026-08-23 14:33:00,0.08591239526867867
2026-08-23 14:34:00,0.08591239526867867
2026-08-23 14:35:00,0.08193186298012733
2026-08-23 14:36:00,0.08193186298012733
2026-08-23 14:37:00,0.08193186298012733
2026-08-23 14:38:00,0.08193186298012733
2026-08-23 14:39:00,0.08193186298012733
2026-08-23 14:40:00,0.07402721140533686
2026-08-23 14:41:00,0.07402721140533686
2026-08-23 14:42:00,0.07402721140533686
2026-08-23 14:43:00,0.07402721140533686
2026-08-23 14:44:00,0.07402721140533686
2026-08-23 14:45:00,0.0681394450366497
2026-08-23 14:46:00,0.0681394450366497
2026-08-23 14:47:00,0.0681394450366497
2026-08-23 14:48:00,0.0681394450366497
2026-08-23 14:49:00,0.0681394450366497
2026-08-23 14:50:00,0.062146060168743134
2026-08-23 14:51:00,0.062146060168743134
2026-08-23 14:52:00,0.062146060168743134
2026-08-23 14:53:00,0.062146060168743134
2026-08-23 14:54:00,0.062146060168743134
2026-08-23 14:55:00,0.05708578787744045
2026-08-23 14:56:00,0.05708578787744045
2026-08-23 14:57:00,0.05708578787744045
2026-08-23 14:58:00,0.05708578787744045
2026-08-23 14:59:00,0.05708578787744045
2026-08-23 15:00:00,0.05344964936375618
2026-08-23 15:01:00,0.05344964936375618
2026-08-23 15:02:00,0.05344964936375618
2026-08-23 15:03:00,0.05344964936375618
2026-08-23 15:04:00,0.05344964936375618
2026-08-23 15:05:00,0.05151474755257368
2026-08-23 15:06:00,0.05151474755257368
2026-08-23 15:07:00,0.05151474755257368
2026-08-23 15:08:00,0.05151474755257368
2026-08-23 15:09:00,0.05151474755257368
2026-08-23 15:10:00,0.051815975457429886
2026-08-23 15:11:00,0.051815975457429886
2026-08-23 15:12:00,0.051815975457429886
2026-08-23 15:13:00,0.051815975457429886
2026-08-23 15:14:00,0.051815975457429886
2026-08-23 15:15:00,0.052731070667505264
2026-08-23 15:16:00,0.052731070667505264
2026-08-23 15:17:00,0.052731070667505264
2026-08-23 15:18:00,0.052731070667505264
2026-08-23 15:19:00,0.052731070667505264
2026-08-23 15:20:00,0.05343132000416517
2026-08-23 15:21:00,0.05343132000416517
2026-08-23 15:22:00,0.05343132000416517
2026-08-23 15:23:00,0.05343132000416517
2026-08-23 15:24:00,0.05343132000416517
2026-08-23 15:25:00,0.05162343382835388
2026-08-23 15:26:00,0.05162343382835388
2026-08-23 15:27:00,0.05162343382835388
2026-08-23 15:28:00,0.05162343382835388
2026-08-23 15:29:00,0.05162343382835388
2026-08-23 15:30:00,0.0484600942581892
2026-08-23 15:31:00,0.0484600942581892
2026-08-23 15:32:00,0.0484600942581892
2026-08-23 15:33:00,0.0484600942581892
2026-08-23 15:34:00,0.0484600942581892
2026-08-23 15:35:00,0.04700703080743551
2026-08-23 15:36:00,0.04700703080743551
2026-08-23 15:37:00,0.04700703080743551
2026-08-23 15:38:00,0.04700703080743551
2026-08-23 15:39:00,0.04700703080743551
2026-08-23 15:40:00,0.04616565350443125
2026-08-23 15:41:00,0.04616565350443125
2026-08-23 15:42:00,0.04616565350443125
2026-08-23 15:43:00,0.04616565350443125
2026-08-23 15:44:00,0.04616565350443125
2026-08-23 15:45:00,0.04657729994505644
2026-08-23 15:46:00,0.04657729994505644
2026-08-23 15:47:00,0.04657729994505644
2026-08-23 15:48:00,0.04657729994505644
2026-08-23 15:49:00,0.04657729994505644
2026-08-23 15:50:00,0.04467619210481644
2026-08-23 15:51:00,0.04467619210481644
2026-08-23 15:52:00,0.04467619210481644
2026-08-23 15:53:00,0.04467619210481644
2026-08-23 15:54:00,0.04467619210481644
2026-08-23 15:55:00,0.04203782510012388
2026-08-23 15:56:00,0.04203782510012388
2026-08-23 15:57:00,0.04203782510012388
2026-08-23 15:58:00,0.04203782510012388
2026-08-23 15:59:00,0.04203782510012388
2026-08-23 16:00:00,0.041905890218913555
2026-08-23 16:01:00,0.041905890218913555
2026-08-23 16:02:00,0.041905890218913555
2026-08-23 16:03:00,0.041905890218913555
2026-08-23 16:04:00,0.041905890218913555
2026-08-23 16:05:00,0.04105383809655905
2026-08-23 16:06:00,0.04105383809655905
2026-08-23 16:07:00,0.04105383809655905
2026-08-23 16:08:00,0.04105383809655905
2026-08-23 16:09:00,0.04105383809655905
2026-08-23 16:10:00,0.04186316020786762
2026-08-23 16:11:00,0.04186316020786762
2026-08-23 16:12:00,0.04186316020786762
2026-08-23 16:13:00,0.04186316020786762
2026-08-23 16:14:00,0.04186316020786762
2026-08-23 16:15:00,0.043589564971625805
2026-08-23 16:16:00,0.043589564971625805
2026-08-23 16:17:00,0.043589564971625805
2026-08-23 16:18:00,0.043589564971625805
2026-08-23 16:19:00,0.043589564971625805
2026-08-23 16:20:00,0.04721510782837868
2026-08-23 16:21:00,0.04721510782837868
2026-08-23 16:22:00,0.04721510782837868
2026-08-23 16:23:00,0.04721510782837868
2026-08-23 16:24:00,0.04721510782837868
2026-08-23 16:25:00,0.05227806605398655
2026-08-23 16:26:00,0.05227806605398655
2026-08-23 16:27:00,0.05227806605398655
2026-08-23 16:28:00,0.05227806605398655
2026-08-23 16:29:00,0.05227806605398655
2026-08-23 16:30:00,0.05638438370078802
2026-08-23 16:31:00,0.05638438370078802
2026-08-23 16:32:00,0.05638438370078802
2026-08-23 16:33:00,0.05638438370078802
2026-08-23 16:34:00,0.05638438370078802
2026-08-23 16:35:00,0.057724311016499996
2026-08-23 16:36:00,0.057724311016499996
2026-08-23 16:37:00,0.057724311016499996
2026-08-23 16:38:00,0.057724311016499996
2026-08-23 16:39:00,0.057724311016499996
2026-08-23 16:40:00,0.054777197539806366
2026-08-23 16:41:00,0.054777197539806366
2026-08-23 16:42:00,0.054777197539806366
2026-08-23 16:43:00,0.054777197539806366
2026-08-23 16:44:00,0.054777197539806366
2026-08-23 16:45:00,0.0664032967761159
2026-08-23 16:46:00,0.0664032967761159
2026-08-23 16:47:00,0.0664032967761159
2026-08-23 16:48:00,0.0664032967761159
2026-08-23 16:49:00,0.0664032967761159
2026-08-23 16:50:00,0.07890522573143244
2026-08-23 16:51:00,0.07890522573143244
2026-08-23 16:52:00,0.07890522573143244
2026-08-23 16:53:00,0.07890522573143244
2026-08-23 16:54:00,0.07890522573143244
2026-08-23 16:55:00,0.09288440644741058
2026-08-23 16:56:00,0.09288440644741058
2026-08-23 16:57:00,0.09288440644741058
2026-08-23 16:58:00,0.09288440644741058
2026-08-23 16:59:00,0.09288440644741058
2026-08-23 17:00:00,0.10802920162677765
2026-08-23 17:01:00,0.10802920162677765
2026-08-23 17:02:00,0.10802920162677765
2026-08-23 17:03:00,0.10802920162677765
2026-08-23 17:04:00,0.10802920162677765
2026-08-23 17:05:00,0.09313959442079067
2026-08-23 17:06:00,0.09313959442079067
2026-08-23 17:07:00,0.09313959442079067
2026-08-23 17:08:00,0.09313959442079067
2026-08-23 17:09:00,0.09313959442079067
2026-08-23 17:10:00,0.07984285615384579
2026-08-23 17:11:00,0.07984285615384579
2026-08-23 17:12:00,0.07984285615384579
2026-08-23 17:13:00,0.07984285615384579
2026-08-23 17:14:00,0.07984285615384579
2026-08-23 17:15:00,0.06633538845926523
2026-08-23 17:16:00,0.06633538845926523
2026-08-23 17:17:00,0.06633538845926523
2026-08-23 17:18:00,0.06633538845926523
2026-08-23 17:19:00,0.06633538845926523
2026-08-23 17:20:00,0.05576625186949968
2026-08-23 17:21:00,0.05576625186949968
2026-08-23 17:22:00,0.05576625186949968
2026-08-23 17:23:00,0.05576625186949968
2026-08-23 17:24:00,0.05576625186949968
2026-08-23 17:25:00,0.059132992289960384
2026-08-23 17:26:00,0.059132992289960384
2026-08-23 17:27:00,0.059132992289960384
2026-08-23 17:28:00,0.059132992289960384
2026-08-23 17:29:00,0.059132992289960384
2026-08-23 17:30:00,0.05928765330463648
2026-08-23 17:31:00,0.05928765330463648
2026-08-23 17:32:00,0.05928765330463648
2026-08-23 17:33:00,0.05928765330463648
2026-08-23 17:34:00,0.05928765330463648
2026-08-23 17:35:00,0.057530525140464306
2026-08-23 17:36:00,0.057530525140464306
2026-08-23 17:37:00,0.057530525140464306
2026-08-23 17:38:00,0.057530525140464306
2026-08-23 17:39:00,0.057530525140464306
2026-08-23 17:40:00,0.05249444209039211
2026-08-23 17:41:00,0.05249444209039211
2026-08-23 17:42:00,0.05249444209039211
2026-08-23 17:43:00,0.05249444209039211
2026-08-23 17:44:00,0.05249444209039211
2026-08-23 17:45:00,0.048709213733673096
2026-08-23 17:46:00,0.048709213733673096
2026-08-23 17:47:00,0.048709213733673096
2026-08-23 17:48:00,0.048709213733673096
2026-08-23 17:49:00,0.048709213733673096
2026-08-23 17:50:00,0.046326943673193455
2026-08-23 17:51:00,0.046326943673193455
2026-08-23 17:52:00,0.046326943673193455
2026-08-23 17:53:00,0.046326943673193455
2026-08-23 17:54:00,0.046326943673193455
2026-08-23 17:55:00,0.04529375769197941
2026-08-23 17:56:00,0.04529375769197941
2026-08-23 17:57:00,0.04529375769197941
2026-08-23 17:58:00,0.04529375769197941
2026-08-23 17:59:00,0.04529375769197941
2026-08-23 18:00:00,0.04596919659525156
2026-08-23 18:01:00,0.04596919659525156
2026-08-23 18:02:00,0.04596919659525156
2026-08-23 18:03:00,0.04596919659525156
2026-08-23 18:04:00,0.04596919659525156
2026-08-23 18:05:00,0.048257626593112946
2026-08-23 18:06:00,0.048257626593112946
2026-08-23 18:07:00,0.048257626593112946
2026-08-23 18:08:00,0.048257626593112946
2026-08-23 18:09:00,0.048257626593112946
2026-08-23 18:10:00,0.04901705123484135
2026-08-23 18:11:00,0.04901705123484135
2026-08-23 18:12:00,0.04901705123484135
2026-08-23 18:13:00,0.04901705123484135
2026-08-23 18:14:00,0.04901705123484135
2026-08-23 18:15:00,0.05163546930998564
2026-08-23 18:16:00,0.05163546930998564
2026-08-23 18:17:00,0.05163546930998564
2026-08-23 18:18:00,0.05163546930998564
2026-08-23 18:19:00,0.05163546930998564
2026-08-23 18:20:00,0.05184322502464056
2026-08-23 18:21:00,0.05184322502464056
2026-08-23 18:22:00,0.05184322502464056
2026-08-23 18:23:00,0.05184322502464056
2026-08-23 18:24:00,0.05184322502464056
2026-08-23 18:25:00,0.04886971041560173
2026-08-23 18:26:00,0.04886971041560173
2026-08-23 18:27:00,0.04886971041560173
2026-08-23 18:28:00,0.04886971041560173
2026-08-23 18:29:00,0.04886971041560173
2026-08-23 18:30:00,0.04691722523421049
2026-08-23 18:31:00,0.04691722523421049
2026-08-23 18:32:00,0.04691722523421049
2026-08-23 18:33:00,0.04691722523421049
2026-08-23 18:34:00,0.04691722523421049
2026-08-23 18:35:00,0.04644597601145506
2026-08-23 18:36:00,0.04644597601145506
2026-08-23 18:37:00,0.04644597601145506
2026-08-23 18:38:00,0.04644597601145506
2026-08-23 18:39:00,0.04644597601145506
2026-08-23 18:40:00,0.04667204897850752
2026-08-23 18:41:00,0.04667204897850752
2026-08-23 18:42:00,0.04667204897850752
2026-08-23 18:43:00,0.04667204897850752
2026-08-23 18:44:00,0.04667204897850752
2026-08-23 18:45:00,0.0497789504006505
2026-08-23 18:46:00,0.0497789504006505
2026-08-23 18:47:00,0.0497789504006505
2026-08-23 18:48:00,0.0497789504006505
2026-08-23 18:49:00,0.0497789504006505
2026-08-23 18:50:00,0.05443154461681843
2026-08-23 18:51:00,0.05443154461681843
2026-08-23 18:52:00,0.05443154461681843
2026-08-23 18:53:00,0.05443154461681843
2026-08-23 18:54:00,0.05443154461681843
2026-08-23 18:55:00,0.054621570743620396
2026-08-23 18:56:00,0.054621570743620396
2026-08-23 18:57:00,0.054621570743620396
2026-08-23 18:58:00,0.054621570743620396
2026-08-23 18:59:00,0.054621570743620396
2026-08-23 19:00:00,0.05455175694078207
2026-08-23 19:01:00,0.05455175694078207
2026-08-23 19:02:00,0.05455175694078207
2026-08-23 19:03:00,0.05455175694078207
2026-08-23 19:04:00,0.05455175694078207
2026-08-23 19:05:00,0.05470554996281862
2026-08-23 19:06:00,0.05470554996281862
2026-08-23 19:07:00,0.05470554996281862
2026-08-23 19:08:00,0.05470554996281862
2026-08-23 19:09:00,0.05470554996281862
2026-08-23 19:10:00,0.053040891885757446
2026-08-23 19:11:00,0.053040891885757446
2026-08-23 19:12:00,0.053040891885757446
2026-08-23 19:13:00,0.053040891885757446
2026-08-23 19:14:00,0.053040891885757446
2026-08-23 19:15:00,0.05221970845013857
2026-08-23 19:16:00,0.05221970845013857
2026-08-23 19:17:00,0.05221970845013857
2026-08-23 19:18:00,0.05221970845013857
2026-08-23 19:19:00,0.05221970845013857
2026-08-23 19:20:00,0.05232745222747326
2026-08-23 19:21:00,0.05232745222747326
2026-08-23 19:22:00,0.05232745222747326
2026-08-23 19:23:00,0.05232745222747326
2026-08-23 19:24:00,0.05232745222747326
2026-08-23 19:25:00,0.049989000894129276
2026-08-23 19:26:00,0.049989000894129276
2026-08-23 19:27:00,0.049989000894129276
2026-08-23 19:28:00,0.049989000894129276
2026-08-23 19:29:00,0.049989000894129276
2026-08-23 19:30:00,0.049746446311473846
2026-08-23 19:31:00,0.049746446311473846
2026-08-23 19:32:00,0.049746446311473846
2026-08-23 19:33:00,0.049746446311473846
2026-08-23 19:34:00,0.049746446311473846
2026-08-23 19:35:00,0.05264289025217295
2026-08-23 19:36:00,0.05264289025217295
2026-08-23 19:37:00,0.05264289025217295
2026-08-23 19:38:00,0.05264289025217295
2026-08-23 19:39:00,0.05264289025217295
2026-08-23 19:40:00,0.054652515798807144
2026-08-23 19:41:00,0.054652515798807144
2026-08-23 19:42:00,0.054652515798807144
2026-08-23 19:43:00,0.054652515798807144
2026-08-23 19:44:00,0.054652515798807144
2026-08-23 19:45:00,0.05718652531504631
2026-08-23 19:46:00,0.05718652531504631
2026-08-23 19:47:00,0.05718652531504631
2026-08-23 19:48:00,0.05718652531504631
2026-08-23 19:49:00,0.05718652531504631
2026-08-23 19:50:00,0.060220698826014996
2026-08-23 19:51:00,0.060220698826014996
2026-08-23 19:52:00,0.060220698826014996
2026-08-23 19:53:00,0.060220698826014996
2026-08-23 19:54:00,0.060220698826014996
2026-08-23 19:55:00,0.05917050689458847
2026-08-23 19:56:00,0.05917050689458847
2026-08-23 19:57:00,0.05917050689458847
2026-08-23 19:58:00,0.05917050689458847
2026-08-23 19:59:00,0.05917050689458847
2026-08-23 20:00:00,0.058066568337380886
2026-08-23 20:01:00,0.058066568337380886
2026-08-23 20:02:00,0.058066568337380886
2026-08-23 20:03:00,0.058066568337380886
2026-08-23 20:04:00,0.058066568337380886
2026-08-23 20:05:00,0.057962202467024326
2026-08-23 20:06:00,0.057962202467024326
2026-08-23 20:07:00,0.057962202467024326
2026-08-23 20:08:00,0.057962202467024326
2026-08-23 20:09:00,0.057962202467024326
2026-08-23 20:10:00,0.05503294989466667
2026-08-23 20:11:00,0.05503294989466667
2026-08-23 20:12:00,0.05503294989466667
2026-08-23 20:13:00,0.05503294989466667
2026-08-23 20:14:00,0.05503294989466667
2026-08-23 20:15:00,0.0541522977873683
2026-08-23 20:16:00,0.0541522977873683
2026-08-23 20:17:00,0.0541522977873683
2026-08-23 20:18:00,0.0541522977873683
2026-08-23 20:19:00,0.0541522977873683
2026-08-23 20:20:00,0.05310177244246006
2026-08-23 20:21:00,0.05310177244246006
2026-08-23 20:22:00,0.05310177244246006
2026-08-23 20:23:00,0.05310177244246006
2026-08-23 20:24:00,0.05310177244246006
2026-08-23 20:25:00,0.05183254089206457
2026-08-23 20:26:00,0.05183254089206457
2026-08-23 20:27:00,0.05183254089206457
2026-08-23 20:28:00,0.05183254089206457
2026-08-23 20:29:00,0.05183254089206457
2026-08-23 20:30:00,0.05144442804157734
2026-08-23 20:31:00,0.05144442804157734
2026-08-23 20:32:00,0.05144442804157734
2026-08-23 20:33:00,0.05144442804157734
2026-08-23 20:34:00,0.05144442804157734
2026-08-23 20:35:00,0.05008905939757824
2026-08-23 20:36:00,0.05008905939757824
2026-08-23 20:37:00,0.05008905939757824
2026-08-23 20:38:00,0.05008905939757824
2026-08-23 20:39:00,0.05008905939757824
2026-08-23 20:40:00,0.048203643411397934
2026-08-23 20:41:00,0.048203643411397934
2026-08-23 20:42:00,0.048203643411397934
2026-08-23 20:43:00,0.048203643411397934
2026-08-23 20:44:00,0.048203643411397934
2026-08-23 20:45:00,0.04468683246523142
2026-08-23 20:46:00,0.04468683246523142
2026-08-23 20:47:00,0.04468683246523142
2026-08-23 20:48:00,0.04468683246523142
2026-08-23 20:49:00,0.04468683246523142
2026-08-23 20:50:00,0.04254425223916769
2026-08-23 20:51:00,0.04254425223916769
2026-08-23 20:52:00,0.04254425223916769
2026-08-23 20:53:00,0.04254425223916769
2026-08-23 20:54:00,0.04254425223916769
2026-08-23 20:55:00,0.04123206157237291
2026-08-23 20:56:00,0.04123206157237291
2026-08-23 20:57:00,0.04123206157237291
2026-08-23 20:58:00,0.04123206157237291
2026-08-23 20:59:00,0.04123206157237291
2026-08-23 21:00:00,0.04186100885272026
2026-08-23 21:01:00,0.04186100885272026
2026-08-23 21:02:00,0.04186100885272026
2026-08-23 21:03:00,0.04186100885272026
2026-08-23 21:04:00,0.04186100885272026
2026-08-23 21:05:00,0.04356876760721207
2026-08-23 21:06:00,0.04356876760721207
2026-08-23 21:07:00,0.04356876760721207
2026-08-23 21:08:00,0.04356876760721207
2026-08-23 21:09:00,0.04356876760721207
2026-08-23 21:10:00,0.04709006380289793
2026-08-23 21:11:00,0.04709006380289793
2026-08-23 21:12:00,0.04709006380289793
2026-08-23 21:13:00,0.04709006380289793
2026-08-23 21:14:00,0.04709006380289793
2026-08-23 21:15:00,0.051996370777487755
2026-08-23 21:16:00,0.051996370777487755
2026-08-23 21:17:00,0.051996370777487755
2026-08-23 21:18:00,0.051996370777487755
2026-08-23 21:19:00,0.051996370777487755
2026-08-23 21:20:00,0.060365996323525906
2026-08-23 21:21:00,0.060365996323525906
2026-08-23 21:22:00,0.060365996323525906
2026-08-23 21:23:00,0.060365996323525906
2026-08-23 21:24:00,0.060365996323525906
2026-08-23 21:25:00,0.06768813356757164
2026-08-23 21:26:00,0.06768813356757164
2026-08-23 21:27:00,0.06768813356757164
2026-08-23 21:28:00,0.06768813356757164
2026-08-23 21:29:00,0.06768813356757164
2026-08-23 21:30:00,0.06749754399061203
2026-08-23 21:31:00,0.06749754399061203
2026-08-23 21:32:00,0.06749754399061203
2026-08-23 21:33:00,0.06749754399061203
2026-08-23 21:34:00,0.06749754399061203
2026-08-23 21:35:00,0.0643601082265377
2026-08-23 21:36:00,0.0643601082265377
2026-08-23 21:37:00,0.0643601082265377
2026-08-23 21:38:00,0.0643601082265377
2026-08-23 21:39:00,0.0643601082265377
2026-08-23 21:40:00,0.10119275748729706
2026-08-23 21:41:00,0.10119275748729706
2026-08-23 21:42:00,0.10119275748729706
2026-08-23 21:43:00,0.10119275748729706
2026-08-23 21:44:00,0.10119275748729706
2026-08-23 21:45:00,0.1380235068500042
2026-08-23 21:46:00,0.1380235068500042
2026-08-23 21:47:00,0.1380235068500042
2026-08-23 21:48:00,0.1380235068500042
2026-08-23 21:49:00,0.1380235068500042
2026-08-23 21:50:00,0.1823954889550805
2026-08-23 21:51:00,0.1823954889550805
2026-08-23 21:52:00,0.1823954889550805
2026-08-23 21:53:00,0.1823954889550805
2026-08-23 21:54:00,0.1823954889550805
2026-08-23 21:55:00,0.2779790014028549
2026-08-23 21:56:00,0.2779790014028549
2026-08-23 21:57:00,0.2779790014028549
2026-08-23 21:58:00,0.2779790014028549
2026-08-23 21:59:00,0.2779790014028549
2026-08-23 22:00:00,0.27435221523046494
2026-08-23 22:01:00,0.27435221523046494
2026-08-23 22:02:00,0.27435221523046494
2026-08-23 22:03:00,0.27435221523046494
2026-08-23 22:04:00,0.27435221523046494
2026-08-23 22:05:00,0.27116286382079124
2026-08-23 22:06:00,0.27116286382079124
2026-08-23 22:07:00,0.27116286382079124
2026-08-23 22:08:00,0.27116286382079124
2026-08-23 22:09:00,0.27116286382079124
2026-08-23 22:10:00,0.26350510120391846
2026-08-23 22:11:00,0.26350510120391846
2026-08-23 22:12:00,0.26350510120391846
2026-08-23 22:13:00,0.26350510120391846
2026-08-23 22:14:00,0.26350510120391846
2026-08-23 22:15:00,0.17414996586740017
2026-08-23 22:16:00,0.17414996586740017
2026-08-23 22:17:00,0.17414996586740017
2026-08-23 22:18:00,0.17414996586740017
2026-08-23 22:19:00,0.17414996586740017
2026-08-23 22:20:00,0.140488900244236
2026-08-23 22:21:00,0.140488900244236
2026-08-23 22:22:00,0.140488900244236
2026-08-23 22:23:00,0.140488900244236
2026-08-23 22:24:00,0.140488900244236
2026-08-23 22:25:00,0.10710903070867062
2026-08-23 22:26:00,0.10710903070867062
2026-08-23 22:27:00,0.10710903070867062
2026-08-23 22:28:00,0.10710903070867062
2026-08-23 22:29:00,0.10710903070867062
2026-08-23 22:30:00,0.0740018431097269
2026-08-23 22:31:00,0.0740018431097269
2026-08-23 22:32:00,0.0740018431097269
2026-08-23 22:33:00,0.0740018431097269
2026-08-23 22:34:00,0.0740018431097269
2026-08-23 22:35:00,0.07250082679092884
2026-08-23 22:36:00,0.07250082679092884
2026-08-23 22:37:00,0.07250082679092884
2026-08-23 22:38:00,0.07250082679092884
2026-08-23 22:39:00,0.07250082679092884
2026-08-23 22:40:00,0.06831179093569517
2026-08-23 22:41:00,0.06831179093569517
2026-08-23 22:42:00,0.06831179093569517
2026-08-23 22:43:00,0.06831179093569517
2026-08-23 22:44:00,0.06831179093569517
2026-08-23 22:45:00,0.0631683012470603
2026-08-23 22:46:00,0.0631683012470603
2026-08-23 22:47:00,0.0631683012470603
2026-08-23 22:48:00,0.0631683012470603
2026-08-23 22:49:00,0.0631683012470603
2026-08-23 22:50:00,0.059540885500609875
2026-08-23 22:51:00,0.059540885500609875
2026-08-23 22:52:00,0.059540885500609875
2026-08-23 22:53:00,0.059540885500609875
2026-08-23 22:54:00,0.059540885500609875
2026-08-23 22:55:00,0.057612644508481026
2026-08-23 22:56:00,0.057612644508481026
2026-08-23 22:57:00,0.057612644508481026
2026-08-23 22:58:00,0.057612644508481026
2026-08-23 22:59:00,0.057612644508481026
2026-08-23 23:00:00,0.055524351075291634
2026-08-23 23:01:00,0.055524351075291634
2026-08-23 23:02:00,0.055524351075291634
2026-08-23 23:03:00,0.055524351075291634
2026-08-23 23:04:00,0.055524351075291634
2026-08-23 23:05:00,0.05504046007990837
2026-08-23 23:06:00,0.05504046007990837
2026-08-23 23:07:00,0.05504046007990837
2026-08-23 23:08:00,0.05504046007990837
2026-08-23 23:09:00,0.05504046007990837
2026-08-23 23:10:00,0.05535616911947727
2026-08-23 23:11:00,0.05535616911947727
2026-08-23 23:12:00,0.05535616911947727
2026-08-23 23:13:00,0.05535616911947727
2026-08-23 23:14:00,0.05535616911947727
2026-08-23 23:15:00,0.05087002832442522
2026-08-23 23:16:00,0.05087002832442522
2026-08-23 23:17:00,0.05087002832442522
2026-08-23 23:18:00,0.05087002832442522
2026-08-23 23:19:00,0.05087002832442522
2026-08-23 23:20:00,0.0516202487051487
2026-08-23 23:21:00,0.0516202487051487
2026-08-23 23:22:00,0.0516202487051487
2026-08-23 23:23:00,0.0516202487051487
2026-08-23 23:24:00,0.0516202487051487
2026-08-23 23:25:00,0.054404422640800476
2026-08-23 23:26:00,0.054404422640800476
2026-08-23 23:27:00,0.054404422640800476
2026-08-23 23:28:00,0.054404422640800476
2026-08-23 23:29:00,0.054404422640800476
2026-08-23 23:30:00,0.05864768847823143
2026-08-23 23:31:00,0.05864768847823143
2026-08-23 23:32:00,0.05864768847823143
2026-08-23 23:33:00,0.05864768847823143
2026-08-23 23:34:00,0.05864768847823143
2026-08-23 23:35:00,0.06534370221197605
2026-08-23 23:36:00,0.06534370221197605
2026-08-23 23:37:00,0.06534370221197605
2026-08-23 23:38:00,0.06534370221197605
2026-08-23 23:39:00,0.06534370221197605
2026-08-23 23:40:00,0.06415477488189936
2026-08-23 23:41:00,0.06415477488189936
2026-08-23 23:42:00,0.06415477488189936
2026-08-23 23:43:00,0.06415477488189936
2026-08-23 23:44:00,0.06415477488189936
2026-08-23 23:45:00,0.07029179390519857
2026-08-23 23:46:00,0.07029179390519857
2026-08-23 23:47:00,0.07029179390519857
2026-08-23 23:48:00,0.07029179390519857
2026-08-23 23:49:00,0.07029179390519857
2026-08-23 23:50:00,0.07187297474592924
2026-08-23 23:51:00,0.07187297474592924
2026-08-23 23:52:00,0.07187297474592924
2026-08-23 23:53:00,0.07187297474592924
2026-08-23 23:54:00,0.07187297474592924
2026-08-23 23:55:00,0.07503662165254354
2026-08-23 23:56:00,0.07503662165254354
2026-08-23 23:57:00,0.07503662165254354
2026-08-23 23:58:00,0.07503662165254354
2026-08-23 23:59:00,0.07503662165254354
2026-08-24 00:00:00,0.09976078756153584
2026-08-24 00:01:00,0.09976078756153584
2026-08-24 00:02:00,0.09976078756153584
2026-08-24 00:03:00,0.09976078756153584
2026-08-24 00:04:00,0.09976078756153584
2026-08-24 00:05:00,0.10346446186304092
2026-08-24 00:06:00,0.10346446186304092
2026-08-24 00:07:00,0.10346446186304092
2026-08-24 00:08:00,0.10346446186304092
2026-08-24 00:09:00,0.10346446186304092
2026-08-24 00:10:00,0.11054062843322754
2026-08-24 00:11:00,0.11054062843322754
2026-08-24 00:12:00,0.11054062843322754
2026-08-24 00:13:00,0.11054062843322754
2026-08-24 00:14:00,0.11054062843322754
2026-08-24 00:15:00,0.11860723420977592
2026-08-24 00:16:00,0.11860723420977592
2026-08-24 00:17:00,0.11860723420977592
2026-08-24 00:18:00,0.11860723420977592
2026-08-24 00:19:00,0.11860723420977592
2026-08-24 00:20:00,0.0951172960922122
2026-08-24 00:21:00,0.0951172960922122
2026-08-24 00:22:00,0.0951172960922122
2026-08-24 00:23:00,0.0951172960922122
2026-08-24 00:24:00,0.0951172960922122
2026-08-24 00:25:00,0.0821037907153368
2026-08-24 00:26:00,0.0821037907153368
2026-08-24 00:27:00,0.0821037907153368
2026-08-24 00:28:00,0.0821037907153368
2026-08-24 00:29:00,0.0821037907153368
2026-08-24 00:30:00,0.06818103045225143
2026-08-24 00:31:00,0.06818103045225143
2026-08-24 00:32:00,0.06818103045225143
2026-08-24 00:33:00,0.06818103045225143
2026-08-24 00:34:00,0.06818103045225143
2026-08-24 00:35:00,0.05233814846724272
2026-08-24 00:36:00,0.05233814846724272
2026-08-24 00:37:00,0.05233814846724272
2026-08-24 00:38:00,0.05233814846724272
2026-08-24 00:39:00,0.05233814846724272
2026-08-24 00:40:00,0.05264018662273884
2026-08-24 00:41:00,0.05264018662273884
2026-08-24 00:42:00,0.05264018662273884
2026-08-24 00:43:00,0.05264018662273884
2026-08-24 00:44:00,0.05264018662273884
2026-08-24 00:45:00,0.054020803421735764
2026-08-24 00:46:00,0.054020803421735764
2026-08-24 00:47:00,0.054020803421735764
2026-08-24 00:48:00,0.054020803421735764
2026-08-24 00:49:00,0.054020803421735764
2026-08-24 00:50:00,0.05525197274982929
2026-08-24 00:51:00,0.05525197274982929
2026-08-24 00:52:00,0.05525197274982929
2026-08-24 00:53:00,0.05525197274982929
2026-08-24 00:54:00,0.05525197274982929
2026-08-24 00:55:00,0.05682768672704697
2026-08-24 00:56:00,0.05682768672704697
2026-08-24 00:57:00,0.05682768672704697
2026-08-24 00:58:00,0.05682768672704697
2026-08-24 00:59:00,0.05682768672704697
2026-08-24 01:00:00,0.05838875100016594
2026-08-24 01:01:00,0.05838875100016594
2026-08-24 01:02:00,0.05838875100016594
2026-08-24 01:03:00,0.05838875100016594
2026-08-24 01:04:00,0.05838875100016594
2026-08-24 01:05:00,0.057287164963781834
2026-08-24 01:06:00,0.057287164963781834
2026-08-24 01:07:00,0.057287164963781834
2026-08-24 01:08:00,0.057287164963781834
2026-08-24 01:09:00,0.057287164963781834
2026-08-24 01:10:00,0.05581900384277105
2026-08-24 01:11:00,0.05581900384277105
2026-08-24 01:12:00,0.05581900384277105
2026-08-24 01:13:00,0.05581900384277105
2026-08-24 01:14:00,0.05581900384277105
2026-08-24 01:15:00,0.055728101171553135
2026-08-24 01:16:00,0.055728101171553135
2026-08-24 01:17:00,0.055728101171553135
2026-08-24 01:18:00,0.055728101171553135
2026-08-24 01:19:00,0.055728101171553135
2026-08-24 01:20:00,0.05202880781143904
2026-08-24 01:21:00,0.05202880781143904
2026-08-24 01:22:00,0.05202880781143904
2026-08-24 01:23:00,0.05202880781143904
2026-08-24 01:24:00,0.05202880781143904
2026-08-24 01:25:00,0.049186548218131065
2026-08-24 01:26:00,0.049186548218131065
2026-08-24 01:27:00,0.049186548218131065
2026-08-24 01:28:00,0.049186548218131065
2026-08-24 01:29:00,0.049186548218131065
2026-08-24 01:30:00,0.047573565505445004
2026-08-24 01:31:00,0.047573565505445004
2026-08-24 01:32:00,0.047573565505445004
2026-08-24 01:33:00,0.047573565505445004
2026-08-24 01:34:00,0.047573565505445004
2026-08-24 01:35:00,0.04517939407378435
2026-08-24 01:36:00,0.04517939407378435
2026-08-24 01:37:00,0.04517939407378435
2026-08-24 01:38:00,0.04517939407378435
2026-08-24 01:39:00,0.04517939407378435
2026-08-24 01:40:00,0.04426365997642279
2026-08-24 01:41:00,0.04426365997642279
2026-08-24 01:42:00,0.04426365997642279
2026-08-24 01:43:00,0.04426365997642279
2026-08-24 01:44:00,0.04426365997642279
2026-08-24 01:45:00,0.04565059579908848
2026-08-24 01:46:00,0.04565059579908848
2026-08-24 01:47:00,0.04565059579908848
2026-08-24 01:48:00,0.04565059579908848
2026-08-24 01:49:00,0.04565059579908848
2026-08-24 01:50:00,0.046782735735177994
2026-08-24 01:51:00,0.046782735735177994
2026-08-24 01:52:00,0.046782735735177994
2026-08-24 01:53:00,0.046782735735177994
2026-08-24 01:54:00,0.046782735735177994
2026-08-24 01:55:00,0.0621916214004159
2026-08-24 01:56:00,0.0621916214004159
2026-08-24 01:57:00,0.0621916214004159
2026-08-24 01:58:00,0.0621916214004159
2026-08-24 01:59:00,0.0621916214004159
2026-08-24 02:00:00,0.07690285798162222
2026-08-24 02:01:00,0.07690285798162222
2026-08-24 02:02:00,0.07690285798162222
2026-08-24 02:03:00,0.07690285798162222
2026-08-24 02:04:00,0.07690285798162222
2026-08-24 02:05:00,0.09109631646424532
2026-08-24 02:06:00,0.09109631646424532
2026-08-24 02:07:00,0.09109631646424532
2026-08-24 02:08:00,0.09109631646424532
2026-08-24 02:09:00,0.09109631646424532
2026-08-24 02:10:00,0.10520499758422375
2026-08-24 02:11:00,0.10520499758422375
2026-08-24 02:12:00,0.10520499758422375
2026-08-24 02:13:00,0.10520499758422375
2026-08-24 02:14:00,0.10520499758422375
2026-08-24 02:15:00,0.09042923897504807
2026-08-24 02:16:00,0.09042923897504807
2026-08-24 02:17:00,0.09042923897504807
2026-08-24 02:18:00,0.09042923897504807
2026-08-24 02:19:00,0.09042923897504807
2026-08-24 02:20:00,0.07694025244563818
2026-08-24 02:21:00,0.07694025244563818
2026-08-24 02:22:00,0.07694025244563818
2026-08-24 02:23:00,0.07694025244563818
2026-08-24 02:24:00,0.07694025244563818
2026-08-24 02:25:00,0.11937650013715029
2026-08-24 02:26:00,0.11937650013715029
2026-08-24 02:27:00,0.11937650013715029
2026-08-24 02:28:00,0.11937650013715029
2026-08-24 02:29:00,0.11937650013715029
2026-08-24 02:30:00,0.15906086284667253
2026-08-24 02:31:00,0.15906086284667253
2026-08-24 02:32:00,0.15906086284667253
2026-08-24 02:33:00,0.15906086284667253
2026-08-24 02:34:00,0.15906086284667253
2026-08-24 02:35:00,0.21091005112975836
2026-08-24 02:36:00,0.21091005112975836
2026-08-24 02:37:00,0.21091005112975836
2026-08-24 02:38:00,0.21091005112975836
2026-08-24 02:39:00,0.21091005112975836
2026-08-24 02:40:00,0.2620716542005539
2026-08-24 02:41:00,0.2620716542005539
2026-08-24 02:42:00,0.2620716542005539
2026-08-24 02:43:00,0.2620716542005539
2026-08-24 02:44:00,0.2620716542005539
2026-08-24 02:45:00,0.2088079135864973
2026-08-24 02:46:00,0.2088079135864973
2026-08-24 02:47:00,0.2088079135864973
2026-08-24 02:48:00,0.2088079135864973
2026-08-24 02:49:00,0.2088079135864973
2026-08-24 02:50:00,0.15909613855183125
2026-08-24 02:51:00,0.15909613855183125
2026-08-24 02:52:00,0.15909613855183125
2026-08-24 02:53:00,0.15909613855183125
2026-08-24 02:54:00,0.15909613855183125
2026-08-24 02:55:00,0.11230545490980148
2026-08-24 02:56:00,0.11230545490980148
2026-08-24 02:57:00,0.11230545490980148
2026-08-24 02:58:00,0.11230545490980148
2026-08-24 02:59:00,0.11230545490980148
2026-08-24 03:00:00,0.06819525174796581
2026-08-24 03:01:00,0.06819525174796581
2026-08-24 03:02:00,0.06819525174796581
2026-08-24 03:03:00,0.06819525174796581
2026-08-24 03:04:00,0.06819525174796581
2026-08-24 03:05:00,0.07198935560882092
2026-08-24 03:06:00,0.07198935560882092
2026-08-24 03:07:00,0.07198935560882092
2026-08-24 03:08:00,0.07198935560882092
2026-08-24 03:09:00,0.07198935560882092
2026-08-24 03:10:00,0.0731668658554554
2026-08-24 03:11:00,0.0731668658554554
2026-08-24 03:12:00,0.0731668658554554
2026-08-24 03:13:00,0.0731668658554554
2026-08-24 03:14:00,0.0731668658554554
2026-08-24 03:15:00,0.0715638566762209
2026-08-24 03:16:00,0.0715638566762209
2026-08-24 03:17:00,0.0715638566762209
2026-08-24 03:18:00,0.0715638566762209
2026-08-24 03:19:00,0.0715638566762209
2026-08-24 03:20:00,0.06632242724299431
2026-08-24 03:21:00,0.06632242724299431
2026-08-24 03:22:00,0.06632242724299431
2026-08-24 03:23:00,0.06632242724299431
2026-08-24 03:24:00,0.06632242724299431
2026-08-24 03:25:00,0.061150853522121906
2026-08-24 03:26:00,0.061150853522121906
2026-08-24 03:27:00,0.061150853522121906
2026-08-24 03:28:00,0.061150853522121906
2026-08-24 03:29:00,0.061150853522121906
2026-08-24 03:30:00,0.057572076097130775
2026-08-24 03:31:00,0.057572076097130775
2026-08-24 03:32:00,0.057572076097130775
2026-08-24 03:33:00,0.057572076097130775
2026-08-24 03:34:00,0.057572076097130775
2026-08-24 03:35:00,0.06913105212152004
2026-08-24 03:36:00,0.06913105212152004
2026-08-24 03:37:00,0.06913105212152004
2026-08-24 03:38:00,0.06913105212152004
2026-08-24 03:39:00,0.06913105212152004
2026-08-24 03:40:00,0.08219188079237938
2026-08-24 03:41:00,0.08219188079237938
2026-08-24 03:42:00,0.08219188079237938
2026-08-24 03:43:00,0.08219188079237938
2026-08-24 03:44:00,0.08219188079237938
2026-08-24 03:45:00,0.0937718665227294
2026-08-24 03:46:00,0.0937718665227294
2026-08-24 03:47:00,0.0937718665227294
2026-08-24 03:48:00,0.0937718665227294
2026-08-24 03:49:00,0.0937718665227294
2026-08-24 03:50:00,0.10596494376659393
2026-08-24 03:51:00,0.10596494376659393
2026-08-24 03:52:00,0.10596494376659393
2026-08-24 03:53:00,0.10596494376659393
2026-08-24 03:54:00,0.10596494376659393
2026-08-24 03:55:00,0.08875450491905212
2026-08-24 03:56:00,0.08875450491905212
2026-08-24 03:57:00,0.08875450491905212
2026-08-24 03:58:00,0.08875450491905212
2026-08-24 03:59:00,0.08875450491905212
2026-08-24 04:00:00,0.07428153604269028
2026-08-24 04:01:00,0.07428153604269028
2026-08-24 04:02:00,0.07428153604269028
2026-08-24 04:03:00,0.07428153604269028
2026-08-24 04:04:00,0.07428153604269028
2026-08-24 04:05:00,0.06247373390942812
2026-08-24 04:06:00,0.06247373390942812
2026-08-24 04:07:00,0.06247373390942812
2026-08-24 04:08:00,0.06247373390942812
2026-08-24 04:09:00,0.06247373390942812
2026-08-24 04:10:00,0.04960134066641331
2026-08-24 04:11:00,0.04960134066641331
2026-08-24 04:12:00,0.04960134066641331
2026-08-24 04:13:00,0.04960134066641331
2026-08-24 04:14:00,0.04960134066641331
2026-08-24 04:15:00,0.05229314137250185
2026-08-24 04:16:00,0.05229314137250185
2026-08-24 04:17:00,0.05229314137250185
2026-08-24 04:18:00,0.05229314137250185
2026-08-24 04:19:00,0.05229314137250185
2026-08-24 04:20:00,0.053195041604340076
2026-08-24 04:21:00,0.053195041604340076
2026-08-24 04:22:00,0.053195041604340076
2026-08-24 04:23:00,0.053195041604340076
2026-08-24 04:24:00,0.053195041604340076
2026-08-24 04:25:00,0.05294914823025465
2026-08-24 04:26:00,0.05294914823025465
2026-08-24 04:27:00,0.05294914823025465
2026-08-24 04:28:00,0.05294914823025465
2026-08-24 04:29:00,0.05294914823025465
2026-08-24 04:30:00,0.05400099232792854
2026-08-24 04:31:00,0.05400099232792854
2026-08-24 04:32:00,0.05400099232792854
2026-08-24 04:33:00,0.05400099232792854
2026-08-24 04:34:00,0.05400099232792854
2026-08-24 04:35:00,0.05549361929297447
2026-08-24 04:36:00,0.05549361929297447
2026-08-24 04:37:00,0.05549361929297447
2026-08-24 04:38:00,0.05549361929297447
2026-08-24 04:39:00,0.05549361929297447
2026-08-24 04:40:00,0.05470757372677326
2026-08-24 04:41:00,0.05470757372677326
2026-08-24 04:42:00,0.05470757372677326
2026-08-24 04:43:00,0.05470757372677326
2026-08-24 04:44:00,0.05470757372677326
2026-08-24 04:45:00,0.055257282219827175
2026-08-24 04:46:00,0.055257282219827175
2026-08-24 04:47:00,0.055257282219827175
2026-08-24 04:48:00,0.055257282219827175
2026-08-24 04:49:00,0.055257282219827175
2026-08-24 04:50:00,0.053994239307940006
2026-08-24 04:51:00,0.053994239307940006
2026-08-24 04:52:00,0.053994239307940006
2026-08-24 04:53:00,0.053994239307940006
2026-08-24 04:54:00,0.053994239307940006
2026-08-24 04:55:00,0.05323884543031454
2026-08-24 04:56:00,0.05323884543031454
2026-08-24 04:57:00,0.05323884543031454
2026-08-24 04:58:00,0.05323884543031454
2026-08-24 04:59:00,0.05323884543031454
2026-08-24 05:00:00,0.05306908022612333
2026-08-24 05:01:00,0.05306908022612333
2026-08-24 05:02:00,0.05306908022612333
2026-08-24 05:03:00,0.05306908022612333
2026-08-24 05:04:00,0.05306908022612333
2026-08-24 05:05:00,0.05283557903021574
2026-08-24 05:06:00,0.05283557903021574
2026-08-24 05:07:00,0.05283557903021574
2026-08-24 05:08:00,0.05283557903021574
2026-08-24 05:09:00,0.05283557903021574
2026-08-24 05:10:00,0.055206310003995895
2026-08-24 05:11:00,0.055206310003995895
2026-08-24 05:12:00,0.055206310003995895
2026-08-24 05:13:00,0.055206310003995895
2026-08-24 05:14:00,0.055206310003995895
2026-08-24 05:15:00,0.059463449753820896
2026-08-24 05:16:00,0.059463449753820896
2026-08-24 05:17:00,0.059463449753820896
2026-08-24 05:18:00,0.059463449753820896
2026-08-24 05:19:00,0.059463449753820896
2026-08-24 05:20:00,0.0648460267111659
2026-08-24 05:21:00,0.0648460267111659
2026-08-24 05:22:00,0.0648460267111659
2026-08-24 05:23:00,0.0648460267111659
2026-08-24 05:24:00,0.0648460267111659
2026-08-24 05:25:00,0.06760208588093519
2026-08-24 05:26:00,0.06760208588093519
2026-08-24 05:27:00,0.06760208588093519
2026-08-24 05:28:00,0.06760208588093519
2026-08-24 05:29:00,0.06760208588093519
2026-08-24 05:30:00,0.06875458545982838
2026-08-24 05:31:00,0.06875458545982838
2026-08-24 05:32:00,0.06875458545982838
2026-08-24 05:33:00,0.06875458545982838
2026-08-24 05:34:00,0.06875458545982838
2026-08-24 05:35:00,0.06937819719314575
2026-08-24 05:36:00,0.06937819719314575
2026-08-24 05:37:00,0.06937819719314575
2026-08-24 05:38:00,0.06937819719314575
2026-08-24 05:39:00,0.06937819719314575
2026-08-24 05:40:00,0.06648271810263395
2026-08-24 05:41:00,0.06648271810263395
2026-08-24 05:42:00,0.06648271810263395
2026-08-24 05:43:00,0.06648271810263395
2026-08-24 05:44:00,0.06648271810263395
2026-08-24 05:45:00,0.06173553969711065
2026-08-24 05:46:00,0.06173553969711065
2026-08-24 05:47:00,0.06173553969711065
2026-08-24 05:48:00,0.06173553969711065
2026-08-24 05:49:00,0.06173553969711065
2026-08-24 05:50:00,0.055891554802656174
2026-08-24 05:51:00,0.055891554802656174
2026-08-24 05:52:00,0.055891554802656174
2026-08-24 05:53:00,0.055891554802656174
2026-08-24 05:54:00,0.055891554802656174
2026-08-24 05:55:00,0.06569578126072884
2026-08-24 05:56:00,0.06569578126072884
2026-08-24 05:57:00,0.06569578126072884
2026-08-24 05:58:00,0.06569578126072884
2026-08-24 05:59:00,0.06569578126072884
2026-08-24 06:00:00,0.07879530917853117
2026-08-24 06:01:00,0.07879530917853117
2026-08-24 06:02:00,0.07879530917853117
2026-08-24 06:03:00,0.07879530917853117
2026-08-24 06:04:00,0.07879530917853117
2026-08-24 06:05:00,0.09364268276840448
2026-08-24 06:06:00,0.09364268276840448
2026-08-24 06:07:00,0.09364268276840448
2026-08-24 06:08:00,0.09364268276840448
2026-08-24 06:09:00,0.09364268276840448
2026-08-24 06:10:00,0.10639009810984135
2026-08-24 06:11:00,0.10639009810984135
2026-08-24 06:12:00,0.10639009810984135
2026-08-24 06:13:00,0.10639009810984135
2026-08-24 06:14:00,0.10639009810984135
2026-08-24 06:15:00,0.09192958194762468
2026-08-24 06:16:00,0.09192958194762468
2026-08-24 06:17:00,0.09192958194762468
2026-08-24 06:18:00,0.09192958194762468
2026-08-24 06:19:00,0.09192958194762468
2026-08-24 06:20:00,0.08247108291834593
2026-08-24 06:21:00,0.08247108291834593
2026-08-24 06:22:00,0.08247108291834593
2026-08-24 06:23:00,0.08247108291834593
2026-08-24 06:24:00,0.08247108291834593
2026-08-24 06:25:00,0.07536703255027533
2026-08-24 06:26:00,0.07536703255027533
2026-08-24 06:27:00,0.07536703255027533
2026-08-24 06:28:00,0.07536703255027533
2026-08-24 06:29:00,0.07536703255027533
2026-08-24 06:30:00,0.07015576865524054
2026-08-24 06:31:00,0.07015576865524054
2026-08-24 06:32:00,0.07015576865524054
2026-08-24 06:33:00,0.07015576865524054
2026-08-24 06:34:00,0.07015576865524054
2026-08-24 06:35:00,0.07313244417309761
2026-08-24 06:36:00,0.07313244417309761
2026-08-24 06:37:00,0.07313244417309761
2026-08-24 06:38:00,0.07313244417309761
2026-08-24 06:39:00,0.07313244417309761
2026-08-24 06:40:00,0.0792238675057888
2026-08-24 06:41:00,0.0792238675057888
2026-08-24 06:42:00,0.0792238675057888
2026-08-24 06:43:00,0.0792238675057888
2026-08-24 06:44:00,0.0792238675057888
2026-08-24 06:45:00,0.0856629777699709
2026-08-24 06:46:00,0.0856629777699709
2026-08-24 06:47:00,0.0856629777699709
2026-08-24 06:48:00,0.0856629777699709
2026-08-24 06:49:00,0.0856629777699709
2026-08-24 06:50:00,0.09287257678806782
2026-08-24 06:51:00,0.09287257678806782
2026-08-24 06:52:00,0.09287257678806782
2026-08-24 06:53:00,0.09287257678806782
2026-08-24 06:54:00,0.09287257678806782
2026-08-24 06:55:00,0.10281289741396904
2026-08-24 06:56:00,0.10281289741396904
2026-08-24 06:57:00,0.10281289741396904
2026-08-24 06:58:00,0.10281289741396904
2026-08-24 06:59:00,0.10281289741396904
2026-08-24 07:00:00,0.09279198944568634
2026-08-24 07:01:00,0.09279198944568634
2026-08-24 07:02:00,0.09279198944568634
2026-08-24 07:03:00,0.09279198944568634
2026-08-24 07:04:00,0.09279198944568634
2026-08-24 07:05:00,0.08267799019813538
2026-08-24 07:06:00,0.08267799019813538
2026-08-24 07:07:00,0.08267799019813538
2026-08-24 07:08:00,0.08267799019813538
2026-08-24 07:09:00,0.08267799019813538
2026-08-24 07:10:00,0.07279833033680916
2026-08-24 07:11:00,0.07279833033680916
2026-08-24 07:12:00,0.07279833033680916
2026-08-24 07:13:00,0.07279833033680916
2026-08-24 07:14:00,0.07279833033680916
2026-08-24 07:15:00,0.058171721175312996
2026-08-24 07:16:00,0.058171721175312996
2026-08-24 07:17:00,0.058171721175312996
2026-08-24 07:18:00,0.058171721175312996
2026-08-24 07:19:00,0.058171721175312996
2026-08-24 07:20:00,0.05632565263658762
2026-08-24 07:21:00,0.05632565263658762
2026-08-24 07:22:00,0.05632565263658762
2026-08-24 07:23:00,0.05632565263658762
2026-08-24 07:24:00,0.05632565263658762
2026-08-24 07:25:00,0.05282696429640055
2026-08-24 07:26:00,0.05282696429640055
2026-08-24 07:27:00,0.05282696429640055
2026-08-24 07:28:00,0.05282696429640055
2026-08-24 07:29:00,0.05282696429640055
2026-08-24 07:30:00,0.05116398725658655
2026-08-24 07:31:00,0.05116398725658655
2026-08-24 07:32:00,0.05116398725658655
2026-08-24 07:33:00,0.05116398725658655
2026-08-24 07:34:00,0.05116398725658655
2026-08-24 07:35:00,0.053074171766638756
2026-08-24 07:36:00,0.053074171766638756
2026-08-24 07:37:00,0.053074171766638756
2026-08-24 07:38:00,0.053074171766638756
2026-08-24 07:39:00,0.053074171766638756
2026-08-24 07:40:00,0.05281635653227568
2026-08-24 07:41:00,0.05281635653227568
2026-08-24 07:42:00,0.05281635653227568
2026-08-24 07:43:00,0.05281635653227568
2026-08-24 07:44:00,0.05281635653227568
2026-08-24 07:45:00,0.052913703955709934
2026-08-24 07:46:00,0.052913703955709934
2026-08-24 07:47:00,0.052913703955709934
2026-08-24 07:48:00,0.052913703955709934
2026-08-24 07:49:00,0.052913703955709934
2026-08-24 07:50:00,0.04933769255876541
2026-08-24 07:51:00,0.04933769255876541
2026-08-24 07:52:00,0.04933769255876541
2026-08-24 07:53:00,0.04933769255876541
2026-08-24 07:54:00,0.04933769255876541
2026-08-24 07:55:00,0.04541830159723759
2026-08-24 07:56:00,0.04541830159723759
2026-08-24 07:57:00,0.04541830159723759
2026-08-24 07:58:00,0.04541830159723759
2026-08-24 07:59:00,0.04541830159723759
2026-08-24 08:00:00,0.04439201671630144
2026-08-24 08:01:00,0.04439201671630144
2026-08-24 08:02:00,0.04439201671630144
2026-08-24 08:03:00,0.04439201671630144
2026-08-24 08:04:00,0.04439201671630144
2026-08-24 08:05:00,0.0458744065836072
2026-08-24 08:06:00,0.0458744065836072
2026-08-24 08:07:00,0.0458744065836072
2026-08-24 08:08:00,0.0458744065836072
2026-08-24 08:09:00,0.0458744065836072
2026-08-24 08:10:00,0.05030899867415428
2026-08-24 08:11:00,0.05030899867415428
2026-08-24 08:12:00,0.05030899867415428
2026-08-24 08:13:00,0.05030899867415428
2026-08-24 08:14:00,0.05030899867415428
2026-08-24 08:15:00,0.05447591841220856
2026-08-24 08:16:00,0.05447591841220856
2026-08-24 08:17:00,0.05447591841220856
2026-08-24 08:18:00,0.05447591841220856
2026-08-24 08:19:00,0.05447591841220856
2026-08-24 08:20:00,0.05850298795849085
2026-08-24 08:21:00,0.05850298795849085
2026-08-24 08:22:00,0.05850298795849085
2026-08-24 08:23:00,0.05850298795849085
2026-08-24 08:24:00,0.05850298795849085
2026-08-24 08:25:00,0.05411761160939932
2026-08-24 08:26:00,0.05411761160939932
2026-08-24 08:27:00,0.05411761160939932
2026-08-24 08:28:00,0.05411761160939932
2026-08-24 08:29:00,0.05411761160939932
2026-08-24 08:30:00,0.04955490306019783
2026-08-24 08:31:00,0.04955490306019783
2026-08-24 08:32:00,0.04955490306019783
2026-08-24 08:33:00,0.04955490306019783
2026-08-24 08:34:00,0.04955490306019783
2026-08-24 08:35:00,0.046184979379177094
2026-08-24 08:36:00,0.046184979379177094
2026-08-24 08:37:00,0.046184979379177094
2026-08-24 08:38:00,0.046184979379177094
2026-08-24 08:39:00,0.046184979379177094
2026-08-24 08:40:00,0.042151971720159054
2026-08-24 08:41:00,0.042151971720159054
2026-08-24 08:42:00,0.042151971720159054
2026-08-24 08:43:00,0.042151971720159054
2026-08-24 08:44:00,0.042151971720159054
2026-08-24 08:45:00,0.044565447606146336
2026-08-24 08:46:00,0.044565447606146336
2026-08-24 08:47:00,0.044565447606146336
2026-08-24 08:48:00,0.044565447606146336
2026-08-24 08:49:00,0.044565447606146336
2026-08-24 08:50:00,0.04720521066337824
2026-08-24 08:51:00,0.04720521066337824
2026-08-24 08:52:00,0.04720521066337824
2026-08-24 08:53:00,0.04720521066337824
2026-08-24 08:54:00,0.04720521066337824
2026-08-24 08:55:00,0.051991493441164494
2026-08-24 08:56:00,0.051991493441164494
2026-08-24 08:57:00,0.051991493441164494
2026-08-24 08:58:00,0.051991493441164494
2026-08-24 08:59:00,0.051991493441164494
2026-08-24 09:00:00,0.05388431344181299
2026-08-24 09:01:00,0.05388431344181299
2026-08-24 09:02:00,0.05388431344181299
2026-08-24 09:03:00,0.05388431344181299
2026-08-24 09:04:00,0.05388431344181299
2026-08-24 09:05:00,0.054099210537970066
2026-08-24 09:06:00,0.054099210537970066
2026-08-24 09:07:00,0.054099210537970066
2026-08-24 09:08:00,0.054099210537970066
2026-08-24 09:09:00,0.054099210537970066
2026-08-24 09:10:00,0.07020153477787971
2026-08-24 09:11:00,0.07020153477787971
2026-08-24 09:12:00,0.07020153477787971
2026-08-24 09:13:00,0.07020153477787971
2026-08-24 09:14:00,0.07020153477787971
2026-08-24 09:15:00,0.08110612537711859
2026-08-24 09:16:00,0.08110612537711859
2026-08-24 09:17:00,0.08110612537711859
2026-08-24 09:18:00,0.08110612537711859
2026-08-24 09:19:00,0.08110612537711859
2026-08-24 09:20:00,0.0951902437955141
2026-08-24 09:21:00,0.0951902437955141
2026-08-24 09:22:00,0.0951902437955141
2026-08-24 09:23:00,0.0951902437955141
2026-08-24 09:24:00,0.0951902437955141
2026-08-24 09:25:00,0.11084690317511559
2026-08-24 09:26:00,0.11084690317511559
2026-08-24 09:27:00,0.11084690317511559
2026-08-24 09:28:00,0.11084690317511559
2026-08-24 09:29:00,0.11084690317511559
2026-08-24 09:30:00,0.09545289818197489
2026-08-24 09:31:00,0.09545289818197489
2026-08-24 09:32:00,0.09545289818197489
2026-08-24 09:33:00,0.09545289818197489
2026-08-24 09:34:00,0.09545289818197489
2026-08-24 09:35:00,0.08286226633936167
2026-08-24 09:36:00,0.08286226633936167
2026-08-24 09:37:00,0.08286226633936167
2026-08-24 09:38:00,0.08286226633936167
2026-08-24 09:39:00,0.08286226633936167
2026-08-24 09:40:00,0.06751190777868032
2026-08-24 09:41:00,0.06751190777868032
2026-08-24 09:42:00,0.06751190777868032
2026-08-24 09:43:00,0.06751190777868032
2026-08-24 09:44:00,0.06751190777868032
2026-08-24 09:45:00,0.050629750825464725
2026-08-24 09:46:00,0.050629750825464725
2026-08-24 09:47:00,0.050629750825464725
2026-08-24 09:48:00,0.050629750825464725
2026-08-24 09:49:00,0.050629750825464725
2026-08-24 09:50:00,0.04877206217497587
2026-08-24 09:51:00,0.04877206217497587
2026-08-24 09:52:00,0.04877206217497587
2026-08-24 09:53:00,0.04877206217497587
2026-08-24 09:54:00,0.04877206217497587
2026-08-24 09:55:00,0.04812459833920002
2026-08-24 09:56:00,0.04812459833920002
2026-08-24 09:57:00,0.04812459833920002
2026-08-24 09:58:00,0.04812459833920002
2026-08-24 09:59:00,0.04812459833920002
2026-08-24 10:00:00,0.04917271342128515
2026-08-24 10:01:00,0.04917271342128515
2026-08-24 10:02:00,0.04917271342128515
2026-08-24 10:03:00,0.04917271342128515
2026-08-24 10:04:00,0.04917271342128515
2026-08-24 10:05:00,0.05447769444435835
2026-08-24 10:06:00,0.05447769444435835
2026-08-24 10:07:00,0.05447769444435835
2026-08-24 10:08:00,0.05447769444435835
2026-08-24 10:09:00,0.05447769444435835
2026-08-24 10:10:00,0.05820613261312246
2026-08-24 10:11:00,0.05820613261312246
2026-08-24 10:12:00,0.05820613261312246
2026-08-24 10:13:00,0.05820613261312246
2026-08-24 10:14:00,0.05820613261312246
2026-08-24 10:15:00,0.059261150658130646
2026-08-24 10:16:00,0.059261150658130646
2026-08-24 10:17:00,0.059261150658130646
2026-08-24 10:18:00,0.059261150658130646
2026-08-24 10:19:00,0.059261150658130646
2026-08-24 10:20:00,0.06002726871520281
2026-08-24 10:21:00,0.06002726871520281
2026-08-24 10:22:00,0.06002726871520281
2026-08-24 10:23:00,0.06002726871520281
2026-08-24 10:24:00,0.06002726871520281
2026-08-24 10:25:00,0.05628102831542492
2026-08-24 10:26:00,0.05628102831542492
2026-08-24 10:27:00,0.05628102831542492
2026-08-24 10:28:00,0.05628102831542492
2026-08-24 10:29:00,0.05628102831542492
2026-08-24 10:30:00,0.05481824558228254
2026-08-24 10:31:00,0.05481824558228254
2026-08-24 10:32:00,0.05481824558228254
2026-08-24 10:33:00,0.05481824558228254
2026-08-24 10:34:00,0.05481824558228254
2026-08-24 10:35:00,0.055610633455216885
2026-08-24 10:36:00,0.055610633455216885
2026-08-24 10:37:00,0.055610633455216885
2026-08-24 10:38:00,0.055610633455216885
2026-08-24 10:39:00,0.055610633455216885
2026-08-24 10:40:00,0.05614619143307209
2026-08-24 10:41:00,0.05614619143307209
2026-08-24 10:42:00,0.05614619143307209
2026-08-24 10:43:00,0.05614619143307209
2026-08-24 10:44:00,0.05614619143307209
2026-08-24 10:45:00,0.05753070581704378
2026-08-24 10:46:00,0.05753070581704378
2026-08-24 10:47:00,0.05753070581704378
2026-08-24 10:48:00,0.05753070581704378
2026-08-24 10:49:00,0.05753070581704378
2026-08-24 10:50:00,0.05704499129205942
2026-08-24 10:51:00,0.05704499129205942
2026-08-24 10:52:00,0.05704499129205942
2026-08-24 10:53:00,0.05704499129205942
2026-08-24 10:54:00,0.05704499129205942
2026-08-24 10:55:00,0.05437015742063522
2026-08-24 10:56:00,0.05437015742063522
2026-08-24 10:57:00,0.05437015742063522
2026-08-24 10:58:00,0.05437015742063522
2026-08-24 10:59:00,0.05437015742063522
2026-08-24 11:00:00,0.05250251665711403
2026-08-24 11:01:00,0.05250251665711403
2026-08-24 11:02:00,0.05250251665711403
2026-08-24 11:03:00,0.05250251665711403
2026-08-24 11:04:00,0.05250251665711403
2026-08-24 11:05:00,0.050022187642753124
2026-08-24 11:06:00,0.050022187642753124
2026-08-24 11:07:00,0.050022187642753124
2026-08-24 11:08:00,0.050022187642753124
2026-08-24 11:09:00,0.050022187642753124
2026-08-24 11:10:00,0.047578548081219196
2026-08-24 11:11:00,0.047578548081219196
2026-08-24 11:12:00,0.047578548081219196
2026-08-24 11:13:00,0.047578548081219196
2026-08-24 11:14:00,0.047578548081219196
2026-08-24 11:15:00,0.04551057703793049
2026-08-24 11:16:00,0.04551057703793049
2026-08-24 11:17:00,0.04551057703793049
2026-08-24 11:18:00,0.04551057703793049
2026-08-24 11:19:00,0.04551057703793049
2026-08-24 11:20:00,0.043303247541189194
2026-08-24 11:21:00,0.043303247541189194
2026-08-24 11:22:00,0.043303247541189194
2026-08-24 11:23:00,0.043303247541189194
2026-08-24 11:24:00,0.043303247541189194
2026-08-24 11:25:00,0.0439533581957221
2026-08-24 11:26:00,0.0439533581957221
2026-08-24 11:27:00,0.0439533581957221
2026-08-24 11:28:00,0.0439533581957221
2026-08-24 11:29:00,0.0439533581957221
2026-08-24 11:30:00,0.045690993778407574
2026-08-24 11:31:00,0.045690993778407574
2026-08-24 11:32:00,0.045690993778407574
2026-08-24 11:33:00,0.045690993778407574
2026-08-24 11:34:00,0.045690993778407574
2026-08-24 11:35:00,0.04773880820721388
2026-08-24 11:36:00,0.04773880820721388
2026-08-24 11:37:00,0.04773880820721388
2026-08-24 11:38:00,0.04773880820721388
2026-08-24 11:39:00,0.04773880820721388
2026-08-24 11:40:00,0.04945138841867447
2026-08-24 11:41:00,0.04945138841867447
2026-08-24 11:42:00,0.04945138841867447
2026-08-24 11:43:00,0.04945138841867447
2026-08-24 11:44:00,0.04945138841867447
2026-08-24 11:45:00,0.0478984946385026
2026-08-24 11:46:00,0.0478984946385026
2026-08-24 11:47:00,0.0478984946385026
2026-08-24 11:48:00,0.0478984946385026
2026-08-24 11:49:00,0.0478984946385026
2026-08-24 11:50:00,0.046752702444791794
2026-08-24 11:51:00,0.046752702444791794
2026-08-24 11:52:00,0.046752702444791794
2026-08-24 11:53:00,0.046752702444791794
2026-08-24 11:54:00,0.046752702444791794
2026-08-24 11:55:00,0.04578487575054169
2026-08-24 11:56:00,0.04578487575054169
2026-08-24 11:57:00,0.04578487575054169
2026-08-24 11:58:00,0.04578487575054169
2026-08-24 11:59:00,0.04578487575054169
2026-08-24 12:00:00,0.04452264681458473
2026-08-24 12:01:00,0.04452264681458473
2026-08-24 12:02:00,0.04452264681458473
2026-08-24 12:03:00,0.04452264681458473
2026-08-24 12:04:00,0.04452264681458473
2026-08-24 12:05:00,0.043764214031398296
2026-08-24 12:06:00,0.043764214031398296
2026-08-24 12:07:00,0.043764214031398296
2026-08-24 12:08:00,0.043764214031398296
2026-08-24 12:09:00,0.043764214031398296
2026-08-24 12:10:00,0.04257958196103573
2026-08-24 12:11:00,0.04257958196103573
2026-08-24 12:12:00,0.04257958196103573
2026-08-24 12:13:00,0.04257958196103573
2026-08-24 12:14:00,0.04257958196103573
2026-08-24 12:15:00,0.0422477750107646
2026-08-24 12:16:00,0.0422477750107646
2026-08-24 12:17:00,0.0422477750107646
2026-08-24 12:18:00,0.0422477750107646
2026-08-24 12:19:00,0.0422477750107646
2026-08-24 12:20:00,0.04261104669421911
2026-08-24 12:21:00,0.04261104669421911
2026-08-24 12:22:00,0.04261104669421911
2026-08-24 12:23:00,0.04261104669421911
2026-08-24 12:24:00,0.04261104669421911
2026-08-24 12:25:00,0.04548024944961071
2026-08-24 12:26:00,0.04548024944961071
2026-08-24 12:27:00,0.04548024944961071
2026-08-24 12:28:00,0.04548024944961071
2026-08-24 12:29:00,0.04548024944961071
2026-08-24 12:30:00,0.05175046622753143
2026-08-24 12:31:00,0.05175046622753143
2026-08-24 12:32:00,0.05175046622753143
2026-08-24 12:33:00,0.05175046622753143
2026-08-24 12:34:00,0.05175046622753143
2026-08-24 12:35:00,0.061006796546280384
2026-08-24 12:36:00,0.061006796546280384
2026-08-24 12:37:00,0.061006796546280384
2026-08-24 12:38:00,0.061006796546280384
2026-08-24 12:39:00,0.061006796546280384
2026-08-24 12:40:00,0.06709649693220854
2026-08-24 12:41:00,0.06709649693220854
2026-08-24 12:42:00,0.06709649693220854
2026-08-24 12:43:00,0.06709649693220854
2026-08-24 12:44:00,0.06709649693220854
2026-08-24 12:45:00,0.07145635224878788
2026-08-24 12:46:00,0.07145635224878788
2026-08-24 12:47:00,0.07145635224878788
2026-08-24 12:48:00,0.07145635224878788
2026-08-24 12:49:00,0.07145635224878788
2026-08-24 12:50:00,0.06667391397058964
2026-08-24 12:51:00,0.06667391397058964
2026-08-24 12:52:00,0.06667391397058964
2026-08-24 12:53:00,0.06667391397058964
2026-08-24 12:54:00,0.06667391397058964
2026-08-24 12:55:00,0.056359147652983665
2026-08-24 12:56:00,0.056359147652983665
2026-08-24 12:57:00,0.056359147652983665
2026-08-24 12:58:00,0.056359147652983665
2026-08-24 12:59:00,0.056359147652983665
2026-08-24 13:00:00,0.04943766538053751
2026-08-24 13:01:00,0.04943766538053751
2026-08-24 13:02:00,0.04943766538053751
2026-08-24 13:03:00,0.04943766538053751
2026-08-24 13:04:00,0.04943766538053751
2026-08-24 13:05:00,0.043294550850987434
2026-08-24 13:06:00,0.043294550850987434
2026-08-24 13:07:00,0.043294550850987434
2026-08-24 13:08:00,0.043294550850987434
2026-08-24 13:09:00,0.043294550850987434
2026-08-24 13:10:00,0.04360483679920435
2026-08-24 13:11:00,0.04360483679920435
2026-08-24 13:12:00,0.04360483679920435
2026-08-24 13:13:00,0.04360483679920435
2026-08-24 13:14:00,0.04360483679920435
2026-08-24 13:15:00,0.047636049799621105
2026-08-24 13:16:00,0.047636049799621105
2026-08-24 13:17:00,0.047636049799621105
2026-08-24 13:18:00,0.047636049799621105
2026-08-24 13:19:00,0.047636049799621105
2026-08-24 13:20:00,0.05137461982667446
2026-08-24 13:21:00,0.05137461982667446
2026-08-24 13:22:00,0.05137461982667446
2026-08-24 13:23:00,0.05137461982667446
2026-08-24 13:24:00,0.05137461982667446
2026-08-24 13:25:00,0.05423630587756634
2026-08-24 13:26:00,0.05423630587756634
2026-08-24 13:27:00,0.05423630587756634
2026-08-24 13:28:00,0.05423630587756634
2026-08-24 13:29:00,0.05423630587756634
2026-08-24 13:30:00,0.0544031010940671
2026-08-24 13:31:00,0.0544031010940671
2026-08-24 13:32:00,0.0544031010940671
2026-08-24 13:33:00,0.0544031010940671
2026-08-24 13:34:00,0.0544031010940671
2026-08-24 13:35:00,0.05241994094103575
2026-08-24 13:36:00,0.05241994094103575
2026-08-24 13:37:00,0.05241994094103575
2026-08-24 13:38:00,0.05241994094103575
2026-08-24 13:39:00,0.05241994094103575
2026-08-24 13:40:00,0.05069509893655777
2026-08-24 13:41:00,0.05069509893655777
2026-08-24 13:42:00,0.05069509893655777
2026-08-24 13:43:00,0.05069509893655777
2026-08-24 13:44:00,0.05069509893655777
2026-08-24 13:45:00,0.050418936647474766
2026-08-24 13:46:00,0.050418936647474766
2026-08-24 13:47:00,0.050418936647474766
2026-08-24 13:48:00,0.050418936647474766
2026-08-24 13:49:00,0.050418936647474766
2026-08-24 13:50:00,0.052072602324187756
2026-08-24 13:51:00,0.052072602324187756
2026-08-24 13:52:00,0.052072602324187756
2026-08-24 13:53:00,0.052072602324187756
2026-08-24 13:54:00,0.052072602324187756
2026-08-24 13:55:00,0.05441156029701233
2026-08-24 13:56:00,0.05441156029701233
2026-08-24 13:57:00,0.05441156029701233
2026-08-24 13:58:00,0.05441156029701233
2026-08-24 13:59:00,0.05441156029701233
2026-08-24 14:00:00,0.05739851854741573
2026-08-24 14:01:00,0.05739851854741573
2026-08-24 14:02:00,0.05739851854741573
2026-08-24 14:03:00,0.05739851854741573
2026-08-24 14:04:00,0.05739851854741573
2026-08-24 14:05:00,0.058286492712795734
2026-08-24 14:06:00,0.058286492712795734
2026-08-24 14:07:00,0.058286492712795734
2026-08-24 14:08:00,0.058286492712795734
2026-08-24 14:09:00,0.058286492712795734
2026-08-24 14:10:00,0.056578028947114944
2026-08-24 14:11:00,0.056578028947114944
2026-08-24 14:12:00,0.056578028947114944
2026-08-24 14:13:00,0.056578028947114944
2026-08-24 14:14:00,0.056578028947114944
2026-08-24 14:15:00,0.05366490501910448
2026-08-24 14:16:00,0.05366490501910448
2026-08-24 14:17:00,0.05366490501910448
2026-08-24 14:18:00,0.05366490501910448
2026-08-24 14:19:00,0.05366490501910448
2026-08-24 14:20:00,0.04850437119603157
2026-08-24 14:21:00,0.04850437119603157
2026-08-24 14:22:00,0.04850437119603157
2026-08-24 14:23:00,0.04850437119603157
2026-08-24 14:24:00,0.04850437119603157
2026-08-24 14:25:00,0.045427845790982246
2026-08-24 14:26:00,0.045427845790982246
2026-08-24 14:27:00,0.045427845790982246
2026-08-24 14:28:00,0.045427845790982246
2026-08-24 14:29:00,0.045427845790982246
2026-08-24 14:30:00,0.044112532399594784
2026-08-24 14:31:00,0.044112532399594784
2026-08-24 14:32:00,0.044112532399594784
2026-08-24 14:33:00,0.044112532399594784
2026-08-24 14:34:00,0.044112532399594784
2026-08-24 14:35:00,0.04527391493320465
2026-08-24 14:36:00,0.04527391493320465
2026-08-24 14:37:00,0.04527391493320465
2026-08-24 14:38:00,0.04527391493320465
2026-08-24 14:39:00,0.04527391493320465
2026-08-24 14:40:00,0.047893873415887356
2026-08-24 14:41:00,0.047893873415887356
2026-08-24 14:42:00,0.047893873415887356
2026-08-24 14:43:00,0.047893873415887356
2026-08-24 14:44:00,0.047893873415887356
2026-08-24 14:45:00,0.04942534863948822
2026-08-24 14:46:00,0.04942534863948822
2026-08-24 14:47:00,0.04942534863948822
2026-08-24 14:48:00,0.04942534863948822
2026-08-24 14:49:00,0.04942534863948822
2026-08-24 14:50:00,0.051403833553195
2026-08-24 14:51:00,0.051403833553195
2026-08-24 14:52:00,0.051403833553195
2026-08-24 14:53:00,0.051403833553195
2026-08-24 14:54:00,0.051403833553195
2026-08-24 14:55:00,0.053914034739136696
2026-08-24 14:56:00,0.053914034739136696
2026-08-24 14:57:00,0.053914034739136696
2026-08-24 14:58:00,0.053914034739136696
2026-08-24 14:59:00,0.053914034739136696
2026-08-24 15:00:00,0.05568585358560085
2026-08-24 15:01:00,0.05568585358560085
2026-08-24 15:02:00,0.05568585358560085
2026-08-24 15:03:00,0.05568585358560085
2026-08-24 15:04:00,0.05568585358560085
2026-08-24 15:05:00,0.05581638403236866
2026-08-24 15:06:00,0.05581638403236866
2026-08-24 15:07:00,0.05581638403236866
2026-08-24 15:08:00,0.05581638403236866
2026-08-24 15:09:00,0.05581638403236866
2026-08-24 15:10:00,0.05699340905994177
2026-08-24 15:11:00,0.05699340905994177
2026-08-24 15:12:00,0.05699340905994177
2026-08-24 15:13:00,0.05699340905994177
2026-08-24 15:14:00,0.05699340905994177
2026-08-24 15:15:00,0.05348109360784292
2026-08-24 15:16:00,0.05348109360784292
2026-08-24 15:17:00,0.05348109360784292
2026-08-24 15:18:00,0.05348109360784292
2026-08-24 15:19:00,0.05348109360784292
2026-08-24 15:20:00,0.05240267235785723
2026-08-24 15:21:00,0.05240267235785723
2026-08-24 15:22:00,0.05240267235785723
2026-08-24 15:23:00,0.05240267235785723
2026-08-24 15:24:00,0.05240267235785723
2026-08-24 15:25:00,0.05296951439231634
2026-08-24 15:26:00,0.05296951439231634
2026-08-24 15:27:00,0.05296951439231634
2026-08-24 15:28:00,0.05296951439231634
2026-08-24 15:29:00,0.05296951439231634
2026-08-24 15:30:00,0.05114976782351732
2026-08-24 15:31:00,0.05114976782351732
2026-08-24 15:32:00,0.05114976782351732
2026-08-24 15:33:00,0.05114976782351732
2026-08-24 15:34:00,0.05114976782351732
2026-08-24 15:35:00,0.05044205021113157
2026-08-24 15:36:00,0.05044205021113157
2026-08-24 15:37:00,0.05044205021113157
2026-08-24 15:38:00,0.05044205021113157
2026-08-24 15:39:00,0.05044205021113157
2026-08-24 15:40:00,0.046770401298999786
2026-08-24 15:41:00,0.046770401298999786
2026-08-24 15:42:00,0.046770401298999786
2026-08-24 15:43:00,0.046770401298999786
2026-08-24 15:44:00,0.046770401298999786
2026-08-24 15:45:00,0.04506358690559864
2026-08-24 15:46:00,0.04506358690559864
2026-08-24 15:47:00,0.04506358690559864
2026-08-24 15:48:00,0.04506358690559864
2026-08-24 15:49:00,0.04506358690559864
2026-08-24 15:50:00,0.046068775467574596
2026-08-24 15:51:00,0.046068775467574596
2026-08-24 15:52:00,0.046068775467574596
2026-08-24 15:53:00,0.046068775467574596
2026-08-24 15:54:00,0.046068775467574596
2026-08-24 15:55:00,0.050386524759233
2026-08-24 15:56:00,0.050386524759233
2026-08-24 15:57:00,0.050386524759233
2026-08-24 15:58:00,0.050386524759233
2026-08-24 15:59:00,0.050386524759233
2026-08-24 16:00:00,0.05575182009488344
2026-08-24 16:01:00,0.05575182009488344
2026-08-24 16:02:00,0.05575182009488344
2026-08-24 16:03:00,0.05575182009488344
2026-08-24 16:04:00,0.05575182009488344
2026-08-24 16:05:00,0.06048356834799051
2026-08-24 16:06:00,0.06048356834799051
2026-08-24 16:07:00,0.06048356834799051
2026-08-24 16:08:00,0.06048356834799051
2026-08-24 16:09:00,0.06048356834799051
2026-08-24 16:10:00,0.0645425682887435
2026-08-24 16:11:00,0.0645425682887435
2026-08-24 16:12:00,0.0645425682887435
2026-08-24 16:13:00,0.0645425682887435
2026-08-24 16:14:00,0.0645425682887435
2026-08-24 16:15:00,0.06492742709815502
2026-08-24 16:16:00,0.06492742709815502
2026-08-24 16:17:00,0.06492742709815502
2026-08-24 16:18:00,0.06492742709815502
2026-08-24 16:19:00,0.06492742709815502
2026-08-24 16:20:00,0.06253250874578953
2026-08-24 16:21:00,0.06253250874578953
2026-08-24 16:22:00,0.06253250874578953
2026-08-24 16:23:00,0.06253250874578953
2026-08-24 16:24:00,0.06253250874578953
2026-08-24 16:25:00,0.056967862881720066
2026-08-24 16:26:00,0.056967862881720066
2026-08-24 16:27:00,0.056967862881720066
2026-08-24 16:28:00,0.056967862881720066
2026-08-24 16:29:00,0.056967862881720066
2026-08-24 16:30:00,0.05272378399968147
2026-08-24 16:31:00,0.05272378399968147
2026-08-24 16:32:00,0.05272378399968147
2026-08-24 16:33:00,0.05272378399968147
2026-08-24 16:34:00,0.05272378399968147
2026-08-24 16:35:00,0.3109893277287483
2026-08-24 16:36:00,0.3109893277287483
2026-08-24 16:37:00,0.3109893277287483
2026-08-24 16:38:00,0.3109893277287483
2026-08-24 16:39:00,0.3109893277287483
2026-08-24 16:40:00,0.5720299370586872
2026-08-24 16:41:00,0.5720299370586872
2026-08-24 16:42:00,0.5720299370586872
2026-08-24 16:43:00,0.5720299370586872
2026-08-24 16:44:00,0.5720299370586872
2026-08-24 16:45:00,0.8351726764813066
2026-08-24 16:46:00,0.8351726764813066
2026-08-24 16:47:00,0.8351726764813066
2026-08-24 16:48:00,0.8351726764813066
2026-08-24 16:49:00,0.8351726764813066
2026-08-24 16:50:00,1.0957417488098145
2026-08-24 16:51:00,1.0957417488098145
2026-08-24 16:52:00,1.0957417488098145
2026-08-24 16:53:00,1.0957417488098145
2026-08-24 16:54:00,1.0957417488098145
2026-08-24 16:55:00,0.8681125417351723
2026-08-24 16:56:00,0.8681125417351723
2026-08-24 16:57:00,0.8681125417351723
2026-08-24 16:58:00,0.8681125417351723
2026-08-24 16:59:00,0.8681125417351723
2026-08-24 17:00:00,0.6414887681603432
2026-08-24 17:01:00,0.6414887681603432
2026-08-24 17:02:00,0.6414887681603432
2026-08-24 17:03:00,0.6414887681603432
2026-08-24 17:04:00,0.6414887681603432
2026-08-24 17:05:00,0.4142123833298683
2026-08-24 17:06:00,0.4142123833298683
2026-08-24 17:07:00,0.4142123833298683
2026-08-24 17:08:00,0.4142123833298683
2026-08-24 17:09:00,0.4142123833298683
2026-08-24 17:10:00,0.42673633247613907
2026-08-24 17:11:00,0.42673633247613907
2026-08-24 17:12:00,0.42673633247613907
2026-08-24 17:13:00,0.42673633247613907
2026-08-24 17:14:00,0.42673633247613907
2026-08-24 17:15:00,0.6667240560054779
2026-08-24 17:16:00,0.6667240560054779
2026-08-24 17:17:00,0.6667240560054779
2026-08-24 17:18:00,0.6667240560054779
2026-08-24 17:19:00,0.6667240560054779
2026-08-24 17:20:00,0.9054139256477356
2026-08-24 17:21:00,0.9054139256477356
2026-08-24 17:22:00,0.9054139256477356
2026-08-24 17:23:00,0.9054139256477356
2026-08-24 17:24:00,0.9054139256477356
2026-08-24 17:25:00,1.1445682346820831
2026-08-24 17:26:00,1.1445682346820831
2026-08-24 17:27:00,1.1445682346820831
2026-08-24 17:28:00,1.1445682346820831
2026-08-24 17:29:00,1.1445682346820831
2026-08-24 17:30:00,0.9065307527780533
2026-08-24 17:31:00,0.9065307527780533
2026-08-24 17:32:00,0.9065307527780533
2026-08-24 17:33:00,0.9065307527780533
2026-08-24 17:34:00,0.9065307527780533
2026-08-24 17:35:00,0.6699851788580418
2026-08-24 17:36:00,0.6699851788580418
2026-08-24 17:37:00,0.6699851788580418
2026-08-24 17:38:00,0.6699851788580418
2026-08-24 17:39:00,0.6699851788580418
2026-08-24 17:40:00,0.43465520814061165
2026-08-24 17:41:00,0.43465520814061165
2026-08-24 17:42:00,0.43465520814061165
2026-08-24 17:43:00,0.43465520814061165
2026-08-24 17:44:00,0.43465520814061165
2026-08-24 17:45:00,0.19768208637833595
2026-08-24 17:46:00,0.19768208637833595
2026-08-24 17:47:00,0.19768208637833595
2026-08-24 17:48:00,0.19768208637833595
2026-08-24 17:49:00,0.19768208637833595
2026-08-24 17:50:00,0.19808430969715118
2026-08-24 17:51:00,0.19808430969715118
2026-08-24 17:52:00,0.19808430969715118
2026-08-24 17:53:00,0.19808430969715118
2026-08-24 17:54:00,0.19808430969715118
2026-08-24 17:55:00,0.1866750232875347
2026-08-24 17:56:00,0.1866750232875347
2026-08-24 17:57:00,0.1866750232875347
2026-08-24 17:58:00,0.1866750232875347
2026-08-24 17:59:00,0.1866750232875347
2026-08-24 18:00:00,0.17411791533231735
2026-08-24 18:01:00,0.17411791533231735
2026-08-24 18:02:00,0.17411791533231735
2026-08-24 18:03:00,0.17411791533231735
2026-08-24 18:04:00,0.17411791533231735
2026-08-24 18:05:00,0.1628485545516014
2026-08-24 18:06:00,0.1628485545516014
2026-08-24 18:07:00,0.1628485545516014
2026-08-24 18:08:00,0.1628485545516014
2026-08-24 18:09:00,0.1628485545516014
2026-08-24 18:10:00,0.1515842042863369
2026-08-24 18:11:00,0.1515842042863369
2026-08-24 18:12:00,0.1515842042863369
2026-08-24 18:13:00,0.1515842042863369
2026-08-24 18:14:00,0.1515842042863369
2026-08-24 18:15:00,0.1520693339407444
2026-08-24 18:16:00,0.1520693339407444
2026-08-24 18:17:00,0.1520693339407444
2026-08-24 18:18:00,0.1520693339407444
2026-08-24 18:19:00,0.1520693339407444
2026-08-24 18:20:00,0.15323539823293686
2026-08-24 18:21:00,0.15323539823293686
2026-08-24 18:22:00,0.15323539823293686
2026-08-24 18:23:00,0.15323539823293686
2026-08-24 18:24:00,0.15323539823293686
2026-08-24 18:25:00,0.15563036501407623
2026-08-24 18:26:00,0.15563036501407623
2026-08-24 18:27:00,0.15563036501407623
2026-08-24 18:28:00,0.15563036501407623
2026-08-24 18:29:00,0.15563036501407623
2026-08-24 18:30:00,0.13462306559085846
2026-08-24 18:31:00,0.13462306559085846
2026-08-24 18:32:00,0.13462306559085846
2026-08-24 18:33:00,0.13462306559085846
2026-08-24 18:34:00,0.13462306559085846
2026-08-24 18:35:00,0.1099794739857316
2026-08-24 18:36:00,0.1099794739857316
2026-08-24 18:37:00,0.1099794739857316
2026-08-24 18:38:00,0.1099794739857316
2026-08-24 18:39:00,0.1099794739857316
2026-08-24 18:40:00,0.08598010893911123
2026-08-24 18:41:00,0.08598010893911123
2026-08-24 18:42:00,0.08598010893911123
2026-08-24 18:43:00,0.08598010893911123
2026-08-24 18:44:00,0.08598010893911123
2026-08-24 18:45:00,0.059981086291372776
2026-08-24 18:46:00,0.059981086291372776
2026-08-24 18:47:00,0.059981086291372776
2026-08-24 18:48:00,0.059981086291372776
2026-08-24 18:49:00,0.059981086291372776
2026-08-24 18:50:00,0.05602002888917923
2026-08-24 18:51:00,0.05602002888917923
2026-08-24 18:52:00,0.05602002888917923
2026-08-24 18:53:00,0.05602002888917923
2026-08-24 18:54:00,0.05602002888917923
2026-08-24 18:55:00,0.0547850402072072
2026-08-24 18:56:00,0.0547850402072072
2026-08-24 18:57:00,0.0547850402072072
2026-08-24 18:58:00,0.0547850402072072
2026-08-24 18:59:00,0.0547850402072072
2026-08-24 19:00:00,0.05080487113445997
2026-08-24 19:01:00,0.05080487113445997
2026-08-24 19:02:00,0.05080487113445997
2026-08-24 19:03:00,0.05080487113445997
2026-08-24 19:04:00,0.05080487113445997
2026-08-24 19:05:00,0.0484461085870862
2026-08-24 19:06:00,0.0484461085870862
2026-08-24 19:07:00,0.0484461085870862
2026-08-24 19:08:00,0.0484461085870862
2026-08-24 19:09:00,0.0484461085870862
2026-08-24 19:10:00,0.04763584304600954
2026-08-24 19:11:00,0.04763584304600954
2026-08-24 19:12:00,0.04763584304600954
2026-08-24 19:13:00,0.04763584304600954
2026-08-24 19:14:00,0.04763584304600954
2026-08-24 19:15:00,0.04628366697579622
2026-08-24 19:16:00,0.04628366697579622
2026-08-24 19:17:00,0.04628366697579622
2026-08-24 19:18:00,0.04628366697579622
2026-08-24 19:19:00,0.04628366697579622
2026-08-24 19:20:00,0.047296199947595596
2026-08-24 19:21:00,0.047296199947595596
2026-08-24 19:22:00,0.047296199947595596
2026-08-24 19:23:00,0.047296199947595596
2026-08-24 19:24:00,0.047296199947595596
2026-08-24 19:25:00,0.04946892987936735
2026-08-24 19:26:00,0.04946892987936735
2026-08-24 19:27:00,0.04946892987936735
2026-08-24 19:28:00,0.04946892987936735
2026-08-24 19:29:00,0.04946892987936735
2026-08-24 19:30:00,0.049839490093290806
2026-08-24 19:31:00,0.049839490093290806
2026-08-24 19:32:00,0.049839490093290806
2026-08-24 19:33:00,0.049839490093290806
2026-08-24 19:34:00,0.049839490093290806
2026-08-24 19:35:00,0.050016699358820915
2026-08-24 19:36:00,0.050016699358820915
2026-08-24 19:37:00,0.050016699358820915
2026-08-24 19:38:00,0.050016699358820915
2026-08-24 19:39:00,0.050016699358820915
2026-08-24 19:40:00,0.04989458620548248
2026-08-24 19:41:00,0.04989458620548248
2026-08-24 19:42:00,0.04989458620548248
2026-08-24 19:43:00,0.04989458620548248
2026-08-24 19:44:00,0.04989458620548248
2026-08-24 19:45:00,0.04952019639313221
2026-08-24 19:46:00,0.04952019639313221
2026-08-24 19:47:00,0.04952019639313221
2026-08-24 19:48:00,0.04952019639313221
2026-08-24 19:49:00,0.04952019639313221
2026-08-24 19:50:00,0.05154962278902531
2026-08-24 19:51:00,0.05154962278902531
2026-08-24 19:52:00,0.05154962278902531
2026-08-24 19:53:00,0.05154962278902531
2026-08-24 19:54:00,0.05154962278902531
2026-08-24 19:55:00,0.05237488355487585
2026-08-24 19:56:00,0.05237488355487585
2026-08-24 19:57:00,0.05237488355487585
2026-08-24 19:58:00,0.05237488355487585
2026-08-24 19:59:00,0.05237488355487585
2026-08-24 20:00:00,0.052021647803485394
2026-08-24 20:01:00,0.052021647803485394
2026-08-24 20:02:00,0.052021647803485394
2026-08-24 20:03:00,0.052021647803485394
2026-08-24 20:04:00,0.052021647803485394
2026-08-24 20:05:00,0.04927258566021919
2026-08-24 20:06:00,0.04927258566021919
2026-08-24 20:07:00,0.04927258566021919
2026-08-24 20:08:00,0.04927258566021919
2026-08-24 20:09:00,0.04927258566021919
2026-08-24 20:10:00,0.04704037494957447
2026-08-24 20:11:00,0.04704037494957447
2026-08-24 20:12:00,0.04704037494957447
2026-08-24 20:13:00,0.04704037494957447
2026-08-24 20:14:00,0.04704037494957447
2026-08-24 20:15:00,0.045667110942304134
2026-08-24 20:16:00,0.045667110942304134
2026-08-24 20:17:00,0.045667110942304134
2026-08-24 20:18:00,0.045667110942304134
2026-08-24 20:19:00,0.045667110942304134
2026-08-24 20:20:00,0.04745256248861551
2026-08-24 20:21:00,0.04745256248861551
2026-08-24 20:22:00,0.04745256248861551
2026-08-24 20:23:00,0.04745256248861551
2026-08-24 20:24:00,0.04745256248861551
2026-08-24 20:25:00,0.04929497931152582
2026-08-24 20:26:00,0.04929497931152582
2026-08-24 20:27:00,0.04929497931152582
2026-08-24 20:28:00,0.04929497931152582
2026-08-24 20:29:00,0.04929497931152582
2026-08-24 20:30:00,0.04977412894368172
2026-08-24 20:31:00,0.04977412894368172
2026-08-24 20:32:00,0.04977412894368172
2026-08-24 20:33:00,0.04977412894368172
2026-08-24 20:34:00,0.04977412894368172
2026-08-24 20:35:00,0.049268447794020176
2026-08-24 20:36:00,0.049268447794020176
2026-08-24 20:37:00,0.049268447794020176
2026-08-24 20:38:00,0.049268447794020176
2026-08-24 20:39:00,0.049268447794020176
2026-08-24 20:40:00,0.04598860535770655
2026-08-24 20:41:00,0.04598860535770655
2026-08-24 20:42:00,0.04598860535770655
2026-08-24 20:43:00,0.04598860535770655
2026-08-24 20:44:00,0.04598860535770655
2026-08-24 20:45:00,0.04398031625896692
2026-08-24 20:46:00,0.04398031625896692
2026-08-24 20:47:00,0.04398031625896692
2026-08-24 20:48:00,0.04398031625896692
2026-08-24 20:49:00,0.04398031625896692
2026-08-24 20:50:00,0.04312948230654001
2026-08-24 20:51:00,0.04312948230654001
2026-08-24 20:52:00,0.04312948230654001
2026-08-24 20:53:00,0.04312948230654001
2026-08-24 20:54:00,0.04312948230654001
2026-08-24 20:55:00,0.043815559707582
2026-08-24 20:56:00,0.043815559707582
2026-08-24 20:57:00,0.043815559707582
2026-08-24 20:58:00,0.043815559707582
2026-08-24 20:59:00,0.043815559707582
2026-08-24 21:00:00,0.046568808145821095
2026-08-24 21:01:00,0.046568808145821095
2026-08-24 21:02:00,0.046568808145821095
2026-08-24 21:03:00,0.046568808145821095
2026-08-24 21:04:00,0.046568808145821095
2026-08-24 21:05:00,0.04961592797189951
2026-08-24 21:06:00,0.04961592797189951
2026-08-24 21:07:00,0.04961592797189951
2026-08-24 21:08:00,0.04961592797189951
2026-08-24 21:09:00,0.04961592797189951
2026-08-24 21:10:00,0.05230546649545431
2026-08-24 21:11:00,0.05230546649545431
2026-08-24 21:12:00,0.05230546649545431
2026-08-24 21:13:00,0.05230546649545431
2026-08-24 21:14:00,0.05230546649545431
2026-08-24 21:15:00,0.056522014550864697
2026-08-24 21:16:00,0.056522014550864697
2026-08-24 21:17:00,0.056522014550864697
2026-08-24 21:18:00,0.056522014550864697
2026-08-24 21:19:00,0.056522014550864697
2026-08-24 21:20:00,0.057346709072589874
2026-08-24 21:21:00,0.057346709072589874
2026-08-24 21:22:00,0.057346709072589874
2026-08-24 21:23:00,0.057346709072589874
2026-08-24 21:24:00,0.057346709072589874
2026-08-24 21:25:00,0.0596329178661108
2026-08-24 21:26:00,0.0596329178661108
2026-08-24 21:27:00,0.0596329178661108
2026-08-24 21:28:00,0.0596329178661108
2026-08-24 21:29:00,0.0596329178661108
2026-08-24 21:30:00,0.06458169408142567
2026-08-24 21:31:00,0.06458169408142567
2026-08-24 21:32:00,0.06458169408142567
2026-08-24 21:33:00,0.06458169408142567
2026-08-24 21:34:00,0.06458169408142567
2026-08-24 21:35:00,0.06421927735209465
2026-08-24 21:36:00,0.06421927735209465
2026-08-24 21:37:00,0.06421927735209465
2026-08-24 21:38:00,0.06421927735209465
2026-08-24 21:39:00,0.06421927735209465
2026-08-24 21:40:00,0.06415534019470215
2026-08-24 21:41:00,0.06415534019470215
2026-08-24 21:42:00,0.06415534019470215
2026-08-24 21:43:00,0.06415534019470215
2026-08-24 21:44:00,0.06415534019470215
2026-08-24 21:45:00,0.059435698203742504
2026-08-24 21:46:00,0.059435698203742504
2026-08-24 21:47:00,0.059435698203742504
2026-08-24 21:48:00,0.059435698203742504
2026-08-24 21:49:00,0.059435698203742504
2026-08-24 21:50:00,0.0517027098685503
2026-08-24 21:51:00,0.0517027098685503
2026-08-24 21:52:00,0.0517027098685503
2026-08-24 21:53:00,0.0517027098685503
2026-08-24 21:54:00,0.0517027098685503
2026-08-24 21:55:00,0.04987650364637375
2026-08-24 21:56:00,0.04987650364637375
2026-08-24 21:57:00,0.04987650364637375
2026-08-24 21:58:00,0.04987650364637375
2026-08-24 21:59:00,0.04987650364637375
2026-08-24 22:00:00,0.04988277982920408
2026-08-24 22:01:00,0.04988277982920408
2026-08-24 22:02:00,0.04988277982920408
2026-08-24 22:03:00,0.04988277982920408
2026-08-24 22:04:00,0.04988277982920408
2026-08-24 22:05:00,0.051149578765034676
2026-08-24 22:06:00,0.051149578765034676
2026-08-24 22:07:00,0.051149578765034676
2026-08-24 22:08:00,0.051149578765034676
2026-08-24 22:09:00,0.051149578765034676
2026-08-24 22:10:00,0.054748822934925556
2026-08-24 22:11:00,0.054748822934925556
2026-08-24 22:12:00,0.054748822934925556
2026-08-24 22:13:00,0.054748822934925556
2026-08-24 22:14:00,0.054748822934925556
2026-08-24 22:15:00,0.057308451272547245
2026-08-24 22:16:00,0.057308451272547245
2026-08-24 22:17:00,0.057308451272547245
2026-08-24 22:18:00,0.057308451272547245
2026-08-24 22:19:00,0.057308451272547245
2026-08-24 22:20:00,0.0611099898815155
2026-08-24 22:21:00,0.0611099898815155
2026-08-24 22:22:00,0.0611099898815155
2026-08-24 22:23:00,0.0611099898815155
2026-08-24 22:24:00,0.0611099898815155
2026-08-24 22:25:00,0.061789678409695625
2026-08-24 22:26:00,0.061789678409695625
2026-08-24 22:27:00,0.061789678409695625
2026-08-24 22:28:00,0.061789678409695625
2026-08-24 22:29:00,0.061789678409695625
2026-08-24 22:30:00,0.05821368470788002
2026-08-24 22:31:00,0.05821368470788002
2026-08-24 22:32:00,0.05821368470788002
2026-08-24 22:33:00,0.05821368470788002
2026-08-24 22:34:00,0.05821368470788002
2026-08-24 22:35:00,0.05334263201802969
2026-08-24 22:36:00,0.05334263201802969
2026-08-24 22:37:00,0.05334263201802969
2026-08-24 22:38:00,0.05334263201802969
2026-08-24 22:39:00,0.05334263201802969
2026-08-24 22:40:00,0.04556260630488396
2026-08-24 22:41:00,0.04556260630488396
2026-08-24 22:42:00,0.04556260630488396
2026-08-24 22:43:00,0.04556260630488396
2026-08-24 22:44:00,0.04556260630488396
2026-08-24 22:45:00,0.04191399831324816
2026-08-24 22:46:00,0.04191399831324816
2026-08-24 22:47:00,0.04191399831324816
2026-08-24 22:48:00,0.04191399831324816
2026-08-24 22:49:00,0.04191399831324816
2026-08-24 22:50:00,0.04092042800039053
2026-08-24 22:51:00,0.04092042800039053
2026-08-24 22:52:00,0.04092042800039053
2026-08-24 22:53:00,0.04092042800039053
2026-08-24 22:54:00,0.04092042800039053
2026-08-24 22:55:00,0.04096450004726648
2026-08-24 22:56:00,0.04096450004726648
2026-08-24 22:57:00,0.04096450004726648
2026-08-24 22:58:00,0.04096450004726648
2026-08-24 22:59:00,0.04096450004726648
2026-08-24 23:00:00,0.04145931825041771
2026-08-24 23:01:00,0.04145931825041771
2026-08-24 23:02:00,0.04145931825041771
2026-08-24 23:03:00,0.04145931825041771
2026-08-24 23:04:00,0.04145931825041771
2026-08-24 23:05:00,0.042973398230969906
2026-08-24 23:06:00,0.042973398230969906
2026-08-24 23:07:00,0.042973398230969906
2026-08-24 23:08:00,0.042973398230969906
2026-08-24 23:09:00,0.042973398230969906
2026-08-24 23:10:00,0.04187124874442816
2026-08-24 23:11:00,0.04187124874442816
2026-08-24 23:12:00,0.04187124874442816
2026-08-24 23:13:00,0.04187124874442816
2026-08-24 23:14:00,0.04187124874442816
2026-08-24 23:15:00,0.04286087304353714
2026-08-24 23:16:00,0.04286087304353714
2026-08-24 23:17:00,0.04286087304353714
2026-08-24 23:18:00,0.04286087304353714
2026-08-24 23:19:00,0.04286087304353714
2026-08-24 23:20:00,0.04306222405284643
2026-08-24 23:21:00,0.04306222405284643
2026-08-24 23:22:00,0.04306222405284643
2026-08-24 23:23:00,0.04306222405284643
2026-08-24 23:24:00,0.04306222405284643
2026-08-24 23:25:00,0.044299847446382046
2026-08-24 23:26:00,0.044299847446382046
2026-08-24 23:27:00,0.044299847446382046
2026-08-24 23:28:00,0.044299847446382046
2026-08-24 23:29:00,0.044299847446382046
2026-08-24 23:30:00,0.049328168854117393
2026-08-24 23:31:00,0.049328168854117393
2026-08-24 23:32:00,0.049328168854117393
2026-08-24 23:33:00,0.049328168854117393
2026-08-24 23:34:00,0.049328168854117393
2026-08-24 23:35:00,0.05118648521602154
2026-08-24 23:36:00,0.05118648521602154
2026-08-24 23:37:00,0.05118648521602154
2026-08-24 23:38:00,0.05118648521602154
2026-08-24 23:39:00,0.05118648521602154
2026-08-24 23:40:00,0.05743789207190275
2026-08-24 23:41:00,0.05743789207190275
2026-08-24 23:42:00,0.05743789207190275
2026-08-24 23:43:00,0.05743789207190275
2026-08-24 23:44:00,0.05743789207190275
2026-08-24 23:45:00,0.06323072593659163
2026-08-24 23:46:00,0.06323072593659163
2026-08-24 23:47:00,0.06323072593659163
2026-08-24 23:48:00,0.06323072593659163
2026-08-24 23:49:00,0.06323072593659163
2026-08-24 23:50:00,0.07017158344388008
2026-08-24 23:51:00,0.07017158344388008
2026-08-24 23:52:00,0.07017158344388008
2026-08-24 23:53:00,0.07017158344388008
2026-08-24 23:54:00,0.07017158344388008
2026-08-24 23:55:00,0.07550516910851002
2026-08-24 23:56:00,0.07550516910851002
2026-08-24 23:57:00,0.07550516910851002
2026-08-24 23:58:00,0.07550516910851002
2026-08-24 23:59:00,0.07550516910851002
2026-08-25 00:00:00,0.07588518410921097
2026-08-25 00:01:00,0.07588518410921097
2026-08-25 00:02:00,0.07588518410921097
2026-08-25 00:03:00,0.07588518410921097
2026-08-25 00:04:00,0.07588518410921097
2026-08-25 00:05:00,0.07336713187396526
2026-08-25 00:06:00,0.07336713187396526
2026-08-25 00:07:00,0.07336713187396526
2026-08-25 00:08:00,0.07336713187396526
2026-08-25 00:09:00,0.07336713187396526
2026-08-25 00:10:00,0.06283972598612309
2026-08-25 00:11:00,0.06283972598612309
2026-08-25 00:12:00,0.06283972598612309
2026-08-25 00:13:00,0.06283972598612309
2026-08-25 00:14:00,0.06283972598612309
2026-08-25 00:15:00,0.05576489772647619
2026-08-25 00:16:00,0.05576489772647619
2026-08-25 00:17:00,0.05576489772647619
2026-08-25 00:18:00,0.05576489772647619
2026-08-25 00:19:00,0.05576489772647619
2026-08-25 00:20:00,0.266242534853518
2026-08-25 00:21:00,0.266242534853518
2026-08-25 00:22:00,0.266242534853518
2026-08-25 00:23:00,0.266242534853518
2026-08-25 00:24:00,0.266242534853518
2026-08-25 00:25:00,0.4785854471847415
2026-08-25 00:26:00,0.4785854471847415
2026-08-25 00:27:00,0.4785854471847415
2026-08-25 00:28:00,0.4785854471847415
2026-08-25 00:29:00,0.4785854471847415
2026-08-25 00:30:00,0.6956277722492814
2026-08-25 00:31:00,0.6956277722492814
2026-08-25 00:32:00,0.6956277722492814
2026-08-25 00:33:00,0.6956277722492814
2026-08-25 00:34:00,0.6956277722492814
2026-08-25 00:35:00,0.9113259166479111
2026-08-25 00:36:00,0.9113259166479111
2026-08-25 00:37:00,0.9113259166479111
2026-08-25 00:38:00,0.9113259166479111
2026-08-25 00:39:00,0.9113259166479111
2026-08-25 00:40:00,0.7191724590957165
2026-08-25 00:41:00,0.7191724590957165
2026-08-25 00:42:00,0.7191724590957165
2026-08-25 00:43:00,0.7191724590957165
2026-08-25 00:44:00,0.7191724590957165
2026-08-25 00:45:00,0.5268751494586468
2026-08-25 00:46:00,0.5268751494586468
2026-08-25 00:47:00,0.5268751494586468
2026-08-25 00:48:00,0.5268751494586468
2026-08-25 00:49:00,0.5268751494586468
2026-08-25 00:50:00,0.33399366214871407
2026-08-25 00:51:00,0.33399366214871407
2026-08-25 00:52:00,0.33399366214871407
2026-08-25 00:53:00,0.33399366214871407
2026-08-25 00:54:00,0.33399366214871407
2026-08-25 00:55:00,0.1414313167333603
2026-08-25 00:56:00,0.1414313167333603
2026-08-25 00:57:00,0.1414313167333603
2026-08-25 00:58:00,0.1414313167333603
2026-08-25 00:59:00,0.1414313167333603
2026-08-25 01:00:00,0.1425146609544754
2026-08-25 01:01:00,0.1425146609544754
2026-08-25 01:02:00,0.1425146609544754
2026-08-25 01:03:00,0.1425146609544754
2026-08-25 01:04:00,0.1425146609544754
2026-08-25 01:05:00,0.14269085973501205
2026-08-25 01:06:00,0.14269085973501205
2026-08-25 01:07:00,0.14269085973501205
2026-08-25 01:08:00,0.14269085973501205
2026-08-25 01:09:00,0.14269085973501205
2026-08-25 01:10:00,0.14274852722883224
2026-08-25 01:11:00,0.14274852722883224
2026-08-25 01:12:00,0.14274852722883224
2026-08-25 01:13:00,0.14274852722883224
2026-08-25 01:14:00,0.14274852722883224
2026-08-25 01:15:00,0.14261054247617722
2026-08-25 01:16:00,0.14261054247617722
2026-08-25 01:17:00,0.14261054247617722
2026-08-25 01:18:00,0.14261054247617722
2026-08-25 01:19:00,0.14261054247617722
2026-08-25 01:20:00,0.14047657325863838
2026-08-25 01:21:00,0.14047657325863838
2026-08-25 01:22:00,0.14047657325863838
2026-08-25 01:23:00,0.14047657325863838
2026-08-25 01:24:00,0.14047657325863838
2026-08-25 01:25:00,0.1388096585869789
2026-08-25 01:26:00,0.1388096585869789
2026-08-25 01:27:00,0.1388096585869789
2026-08-25 01:28:00,0.1388096585869789
2026-08-25 01:29:00,0.1388096585869789
2026-08-25 01:30:00,0.1387135460972786
2026-08-25 01:31:00,0.1387135460972786
2026-08-25 01:32:00,0.1387135460972786
2026-08-25 01:33:00,0.1387135460972786
2026-08-25 01:34:00,0.1387135460972786
2026-08-25 01:35:00,0.13779217004776
2026-08-25 01:36:00,0.13779217004776
2026-08-25 01:37:00,0.13779217004776
2026-08-25 01:38:00,0.13779217004776
2026-08-25 01:39:00,0.13779217004776
2026-08-25 01:40:00,0.11545714084059
2026-08-25 01:41:00,0.11545714084059
2026-08-25 01:42:00,0.11545714084059
2026-08-25 01:43:00,0.11545714084059
2026-08-25 01:44:00,0.11545714084059
2026-08-25 01:45:00,0.09447684232145548
2026-08-25 01:46:00,0.09447684232145548
2026-08-25 01:47:00,0.09447684232145548
2026-08-25 01:48:00,0.09447684232145548
2026-08-25 01:49:00,0.09447684232145548
2026-08-25 01:50:00,0.07405971176922321
2026-08-25 01:51:00,0.07405971176922321
2026-08-25 01:52:00,0.07405971176922321
2026-08-25 01:53:00,0.07405971176922321
2026-08-25 01:54:00,0.07405971176922321
2026-08-25 01:55:00,0.050002800300717354
2026-08-25 01:56:00,0.050002800300717354
2026-08-25 01:57:00,0.050002800300717354
2026-08-25 01:58:00,0.050002800300717354
2026-08-25 01:59:00,0.050002800300717354
2026-08-25 02:00:00,0.04903720039874315
2026-08-25 02:01:00,0.04903720039874315
2026-08-25 02:02:00,0.04903720039874315
2026-08-25 02:03:00,0.04903720039874315
2026-08-25 02:04:00,0.04903720039874315
2026-08-25 02:05:00,0.04741651751101017
2026-08-25 02:06:00,0.04741651751101017
2026-08-25 02:07:00,0.04741651751101017
2026-08-25 02:08:00,0.04741651751101017
2026-08-25 02:09:00,0.04741651751101017
2026-08-25 02:10:00,0.04420625139027834
2026-08-25 02:11:00,0.04420625139027834
2026-08-25 02:12:00,0.04420625139027834
2026-08-25 02:13:00,0.04420625139027834
2026-08-25 02:14:00,0.04420625139027834
2026-08-25 02:15:00,0.046048495918512344
2026-08-25 02:16:00,0.046048495918512344
2026-08-25 02:17:00,0.046048495918512344
2026-08-25 02:18:00,0.046048495918512344
2026-08-25 02:19:00,0.046048495918512344
2026-08-25 02:20:00,0.09390198811888695
2026-08-25 02:21:00,0.09390198811888695
2026-08-25 02:22:00,0.09390198811888695
2026-08-25 02:23:00,0.09390198811888695
2026-08-25 02:24:00,0.09390198811888695
2026-08-25 02:25:00,0.14084925036877394
2026-08-25 02:26:00,0.14084925036877394
2026-08-25 02:27:00,0.14084925036877394
2026-08-25 02:28:00,0.14084925036877394
2026-08-25 02:29:00,0.14084925036877394
2026-08-25 02:30:00,0.1863733073696494
2026-08-25 02:31:00,0.1863733073696494
2026-08-25 02:32:00,0.1863733073696494
2026-08-25 02:33:00,0.1863733073696494
2026-08-25 02:34:00,0.1863733073696494
2026-08-25 02:35:00,0.22945212945342064
2026-08-25 02:36:00,0.22945212945342064
2026-08-25 02:37:00,0.22945212945342064
2026-08-25 02:38:00,0.22945212945342064
2026-08-25 02:39:00,0.22945212945342064
2026-08-25 02:40:00,0.18396356143057346
2026-08-25 02:41:00,0.18396356143057346
2026-08-25 02:42:00,0.18396356143057346
2026-08-25 02:43:00,0.18396356143057346
2026-08-25 02:44:00,0.18396356143057346
2026-08-25 02:45:00,0.1384220365434885
2026-08-25 02:46:00,0.1384220365434885
2026-08-25 02:47:00,0.1384220365434885
2026-08-25 02:48:00,0.1384220365434885
2026-08-25 02:49:00,0.1384220365434885
2026-08-25 02:50:00,0.09483703318983316
2026-08-25 02:51:00,0.09483703318983316
2026-08-25 02:52:00,0.09483703318983316
2026-08-25 02:53:00,0.09483703318983316
2026-08-25 02:54:00,0.09483703318983316
2026-08-25 02:55:00,0.07790326047688723
2026-08-25 02:56:00,0.07790326047688723
2026-08-25 02:57:00,0.07790326047688723
2026-08-25 02:58:00,0.07790326047688723
2026-08-25 02:59:00,0.07790326047688723
2026-08-25 03:00:00,0.1012048302218318
2026-08-25 03:01:00,0.1012048302218318
2026-08-25 03:02:00,0.1012048302218318
2026-08-25 03:03:00,0.1012048302218318
2026-08-25 03:04:00,0.1012048302218318
2026-08-25 03:05:00,0.12535032164305449
2026-08-25 03:06:00,0.12535032164305449
2026-08-25 03:07:00,0.12535032164305449
2026-08-25 03:08:00,0.12535032164305449
2026-08-25 03:09:00,0.12535032164305449
2026-08-25 03:10:00,0.14919231459498405
2026-08-25 03:11:00,0.14919231459498405
2026-08-25 03:12:00,0.14919231459498405
2026-08-25 03:13:00,0.14919231459498405
2026-08-25 03:14:00,0.14919231459498405
2026-08-25 03:15:00,0.12295389920473099
2026-08-25 03:16:00,0.12295389920473099
2026-08-25 03:17:00,0.12295389920473099
2026-08-25 03:18:00,0.12295389920473099
2026-08-25 03:19:00,0.12295389920473099
2026-08-25 03:20:00,0.09894455131143332
2026-08-25 03:21:00,0.09894455131143332
2026-08-25 03:22:00,0.09894455131143332
2026-08-25 03:23:00,0.09894455131143332
2026-08-25 03:24:00,0.09894455131143332
2026-08-25 03:25:00,0.14358780439943075
2026-08-25 03:26:00,0.14358780439943075
2026-08-25 03:27:00,0.14358780439943075
2026-08-25 03:28:00,0.14358780439943075
2026-08-25 03:29:00,0.14358780439943075
2026-08-25 03:30:00,0.18891760613769293
2026-08-25 03:31:00,0.18891760613769293
2026-08-25 03:32:00,0.18891760613769293
2026-08-25 03:33:00,0.18891760613769293
2026-08-25 03:34:00,0.18891760613769293
2026-08-25 03:35:00,0.2585338121280074
2026-08-25 03:36:00,0.2585338121280074
2026-08-25 03:37:00,0.2585338121280074
2026-08-25 03:38:00,0.2585338121280074
2026-08-25 03:39:00,0.2585338121280074
2026-08-25 03:40:00,0.3257034048438072
2026-08-25 03:41:00,0.3257034048438072
2026-08-25 03:42:00,0.3257034048438072
2026-08-25 03:43:00,0.3257034048438072
2026-08-25 03:44:00,0.3257034048438072
2026-08-25 03:45:00,0.27105963975191116
2026-08-25 03:46:00,0.27105963975191116
2026-08-25 03:47:00,0.27105963975191116
2026-08-25 03:48:00,0.27105963975191116
2026-08-25 03:49:00,0.27105963975191116
2026-08-25 03:50:00,0.21485605649650097
2026-08-25 03:51:00,0.21485605649650097
2026-08-25 03:52:00,0.21485605649650097
2026-08-25 03:53:00,0.21485605649650097
2026-08-25 03:54:00,0.21485605649650097
2026-08-25 03:55:00,0.1591212209314108
2026-08-25 03:56:00,0.1591212209314108
2026-08-25 03:57:00,0.1591212209314108
2026-08-25 03:58:00,0.1591212209314108
2026-08-25 03:59:00,0.1591212209314108
2026-08-25 04:00:00,0.10598748177289963
2026-08-25 04:01:00,0.10598748177289963
2026-08-25 04:02:00,0.10598748177289963
2026-08-25 04:03:00,0.10598748177289963
2026-08-25 04:04:00,0.10598748177289963
2026-08-25 04:05:00,0.09614901430904865
2026-08-25 04:06:00,0.09614901430904865
2026-08-25 04:07:00,0.09614901430904865
2026-08-25 04:08:00,0.09614901430904865
2026-08-25 04:09:00,0.09614901430904865
2026-08-25 04:10:00,0.08796724118292332
2026-08-25 04:11:00,0.08796724118292332
2026-08-25 04:12:00,0.08796724118292332
2026-08-25 04:13:00,0.08796724118292332
2026-08-25 04:14:00,0.08796724118292332
2026-08-25 04:15:00,0.07915234751999378
2026-08-25 04:16:00,0.07915234751999378
2026-08-25 04:17:00,0.07915234751999378
2026-08-25 04:18:00,0.07915234751999378
2026-08-25 04:19:00,0.07915234751999378
2026-08-25 04:20:00,0.06789638288319111
2026-08-25 04:21:00,0.06789638288319111
2026-08-25 04:22:00,0.06789638288319111
2026-08-25 04:23:00,0.06789638288319111
2026-08-25 04:24:00,0.06789638288319111
2026-08-25 04:25:00,0.06527359690517187
2026-08-25 04:26:00,0.06527359690517187
2026-08-25 04:27:00,0.06527359690517187
2026-08-25 04:28:00,0.06527359690517187
2026-08-25 04:29:00,0.06527359690517187
2026-08-25 04:30:00,0.061797354370355606
2026-08-25 04:31:00,0.061797354370355606
2026-08-25 04:32:00,0.061797354370355606
2026-08-25 04:33:00,0.061797354370355606
2026-08-25 04:34:00,0.061797354370355606
2026-08-25 04:35:00,0.05941393319517374
2026-08-25 04:36:00,0.05941393319517374
2026-08-25 04:37:00,0.05941393319517374
2026-08-25 04:38:00,0.05941393319517374
2026-08-25 04:39:00,0.05941393319517374
2026-08-25 04:40:00,0.05911732651293278
2026-08-25 04:41:00,0.05911732651293278
2026-08-25 04:42:00,0.05911732651293278
2026-08-25 04:43:00,0.05911732651293278
2026-08-25 04:44:00,0.05911732651293278
2026-08-25 04:45:00,0.05810684431344271
2026-08-25 04:46:00,0.05810684431344271
2026-08-25 04:47:00,0.05810684431344271
2026-08-25 04:48:00,0.05810684431344271
2026-08-25 04:49:00,0.05810684431344271
2026-08-25 04:50:00,0.056877560913562775
2026-08-25 04:51:00,0.056877560913562775
2026-08-25 04:52:00,0.056877560913562775
2026-08-25 04:53:00,0.056877560913562775
2026-08-25 04:54:00,0.056877560913562775
2026-08-25 04:55:00,0.054963511414825916
2026-08-25 04:56:00,0.054963511414825916
2026-08-25 04:57:00,0.054963511414825916
2026-08-25 04:58:00,0.054963511414825916
2026-08-25 04:59:00,0.054963511414825916
2026-08-25 05:00:00,0.051945993676781654
2026-08-25 05:01:00,0.051945993676781654
2026-08-25 05:02:00,0.051945993676781654
2026-08-25 05:03:00,0.051945993676781654
2026-08-25 05:04:00,0.051945993676781654
2026-08-25 05:05:00,0.05060578789561987
2026-08-25 05:06:00,0.05060578789561987
2026-08-25 05:07:00,0.05060578789561987
2026-08-25 05:08:00,0.05060578789561987
2026-08-25 05:09:00,0.05060578789561987
2026-08-25 05:10:00,0.048752035945653915
2026-08-25 05:11:00,0.048752035945653915
2026-08-25 05:12:00,0.048752035945653915
2026-08-25 05:13:00,0.048752035945653915
2026-08-25 05:14:00,0.048752035945653915
2026-08-25 05:15:00,0.04746738728135824
2026-08-25 05:16:00,0.04746738728135824
2026-08-25 05:17:00,0.04746738728135824
2026-08-25 05:18:00,0.04746738728135824
2026-08-25 05:19:00,0.04746738728135824
2026-08-25 05:20:00,0.04664126969873905
2026-08-25 05:21:00,0.04664126969873905
2026-08-25 05:22:00,0.04664126969873905
2026-08-25 05:23:00,0.04664126969873905
2026-08-25 05:24:00,0.04664126969873905
2026-08-25 05:25:00,0.04557126294821501
2026-08-25 05:26:00,0.04557126294821501
2026-08-25 05:27:00,0.04557126294821501
2026-08-25 05:28:00,0.04557126294821501
2026-08-25 05:29:00,0.04557126294821501
2026-08-25 05:30:00,0.04489516653120518
2026-08-25 05:31:00,0.04489516653120518
2026-08-25 05:32:00,0.04489516653120518
2026-08-25 05:33:00,0.04489516653120518
2026-08-25 05:34:00,0.04489516653120518
2026-08-25 05:35:00,0.04681712947785854
2026-08-25 05:36:00,0.04681712947785854
2026-08-25 05:37:00,0.04681712947785854
2026-08-25 05:38:00,0.04681712947785854
2026-08-25 05:39:00,0.04681712947785854
2026-08-25 05:40:00,0.050871461629867554
2026-08-25 05:41:00,0.050871461629867554
2026-08-25 05:42:00,0.050871461629867554
2026-08-25 05:43:00,0.050871461629867554
2026-08-25 05:44:00,0.050871461629867554
2026-08-25 05:45:00,0.059359824284911156
2026-08-25 05:46:00,0.059359824284911156
2026-08-25 05:47:00,0.059359824284911156
2026-08-25 05:48:00,0.059359824284911156
2026-08-25 05:49:00,0.059359824284911156
2026-08-25 05:50:00,0.06789101473987103
2026-08-25 05:51:00,0.06789101473987103
2026-08-25 05:52:00,0.06789101473987103
2026-08-25 05:53:00,0.06789101473987103
2026-08-25 05:54:00,0.06789101473987103
2026-08-25 05:55:00,0.08487072866410017
2026-08-25 05:56:00,0.08487072866410017
2026-08-25 05:57:00,0.08487072866410017
2026-08-25 05:58:00,0.08487072866410017
2026-08-25 05:59:00,0.08487072866410017
2026-08-25 06:00:00,0.09889119118452072
2026-08-25 06:01:00,0.09889119118452072
2026-08-25 06:02:00,0.09889119118452072
2026-08-25 06:03:00,0.09889119118452072
2026-08-25 06:04:00,0.09889119118452072
2026-08-25 06:05:00,0.10715852119028568
2026-08-25 06:06:00,0.10715852119028568
2026-08-25 06:07:00,0.10715852119028568
2026-08-25 06:08:00,0.10715852119028568
2026-08-25 06:09:00,0.10715852119028568
2026-08-25 06:10:00,0.11646177619695663
2026-08-25 06:11:00,0.11646177619695663
2026-08-25 06:12:00,0.11646177619695663
2026-08-25 06:13:00,0.11646177619695663
2026-08-25 06:14:00,0.11646177619695663
2026-08-25 06:15:00,0.09819917473942041
2026-08-25 06:16:00,0.09819917473942041
2026-08-25 06:17:00,0.09819917473942041
2026-08-25 06:18:00,0.09819917473942041
2026-08-25 06:19:00,0.09819917473942041
2026-08-25 06:20:00,0.08064993284642696
2026-08-25 06:21:00,0.08064993284642696
2026-08-25 06:22:00,0.08064993284642696
2026-08-25 06:23:00,0.08064993284642696
2026-08-25 06:24:00,0.08064993284642696
2026-08-25 06:25:00,0.06411125510931015
2026-08-25 06:26:00,0.06411125510931015
2026-08-25 06:27:00,0.06411125510931015
2026-08-25 06:28:00,0.06411125510931015
2026-08-25 06:29:00,0.06411125510931015
2026-08-25 06:30:00,0.047601292841136456
2026-08-25 06:31:00,0.047601292841136456
2026-08-25 06:32:00,0.047601292841136456
2026-08-25 06:33:00,0.047601292841136456
2026-08-25 06:34:00,0.047601292841136456
2026-08-25 06:35:00,0.046494715847074986
2026-08-25 06:36:00,0.046494715847074986
2026-08-25 06:37:00,0.046494715847074986
2026-08-25 06:38:00,0.046494715847074986
2026-08-25 06:39:00,0.046494715847074986
2026-08-25 06:40:00,0.04800411593168974
2026-08-25 06:41:00,0.04800411593168974
2026-08-25 06:42:00,0.04800411593168974
2026-08-25 06:43:00,0.04800411593168974
2026-08-25 06:44:00,0.04800411593168974
2026-08-25 06:45:00,0.05152866989374161
2026-08-25 06:46:00,0.05152866989374161
2026-08-25 06:47:00,0.05152866989374161
2026-08-25 06:48:00,0.05152866989374161
2026-08-25 06:49:00,0.05152866989374161
2026-08-25 06:50:00,0.05550236348062754
2026-08-25 06:51:00,0.05550236348062754
2026-08-25 06:52:00,0.05550236348062754
2026-08-25 06:53:00,0.05550236348062754
2026-08-25 06:54:00,0.05550236348062754
2026-08-25 06:55:00,0.06134822033345699
2026-08-25 06:56:00,0.06134822033345699
2026-08-25 06:57:00,0.06134822033345699
2026-08-25 06:58:00,0.06134822033345699
2026-08-25 06:59:00,0.06134822033345699
2026-08-25 07:00:00,0.06122235115617514
2026-08-25 07:01:00,0.06122235115617514
2026-08-25 07:02:00,0.06122235115617514
2026-08-25 07:03:00,0.06122235115617514
2026-08-25 07:04:00,0.06122235115617514
2026-08-25 07:05:00,0.05960036348551512
2026-08-25 07:06:00,0.05960036348551512
2026-08-25 07:07:00,0.05960036348551512
2026-08-25 07:08:00,0.05960036348551512
2026-08-25 07:09:00,0.05960036348551512
2026-08-25 07:10:00,0.05670672282576561
2026-08-25 07:11:00,0.05670672282576561
2026-08-25 07:12:00,0.05670672282576561
2026-08-25 07:13:00,0.05670672282576561
2026-08-25 07:14:00,0.05670672282576561
2026-08-25 07:15:00,0.052250989712774754
2026-08-25 07:16:00,0.052250989712774754
2026-08-25 07:17:00,0.052250989712774754
2026-08-25 07:18:00,0.052250989712774754
2026-08-25 07:19:00,0.052250989712774754
2026-08-25 07:20:00,0.051956286653876305
2026-08-25 07:21:00,0.051956286653876305
2026-08-25 07:22:00,0.051956286653876305
2026-08-25 07:23:00,0.051956286653876305
2026-08-25 07:24:00,0.051956286653876305
2026-08-25 07:25:00,0.054821169935166836
2026-08-25 07:26:00,0.054821169935166836
2026-08-25 07:27:00,0.054821169935166836
2026-08-25 07:28:00,0.054821169935166836
2026-08-25 07:29:00,0.054821169935166836
2026-08-25 07:30:00,0.059640686959028244
2026-08-25 07:31:00,0.059640686959028244
2026-08-25 07:32:00,0.059640686959028244
2026-08-25 07:33:00,0.059640686959028244
2026-08-25 07:34:00,0.059640686959028244
2026-08-25 07:35:00,0.062102342024445534
2026-08-25 07:36:00,0.062102342024445534
2026-08-25 07:37:00,0.062102342024445534
2026-08-25 07:38:00,0.062102342024445534
2026-08-25 07:39:00,0.062102342024445534
2026-08-25 07:40:00,0.06234529335051775
2026-08-25 07:41:00,0.06234529335051775
2026-08-25 07:42:00,0.06234529335051775
2026-08-25 07:43:00,0.06234529335051775
2026-08-25 07:44:00,0.06234529335051775
2026-08-25 07:45:00,0.06256088335067034
2026-08-25 07:46:00,0.06256088335067034
2026-08-25 07:47:00,0.06256088335067034
2026-08-25 07:48:00,0.06256088335067034
2026-08-25 07:49:00,0.06256088335067034
2026-08-25 07:50:00,0.05645420588552952
2026-08-25 07:51:00,0.05645420588552952
2026-08-25 07:52:00,0.05645420588552952
2026-08-25 07:53:00,0.05645420588552952
2026-08-25 07:54:00,0.05645420588552952
2026-08-25 07:55:00,0.0523239579051733
2026-08-25 07:56:00,0.0523239579051733
2026-08-25 07:57:00,0.0523239579051733
2026-08-25 07:58:00,0.0523239579051733
2026-08-25 07:59:00,0.0523239579051733
2026-08-25 08:00:00,0.05010014306753874
2026-08-25 08:01:00,0.05010014306753874
2026-08-25 08:02:00,0.05010014306753874
2026-08-25 08:03:00,0.05010014306753874
2026-08-25 08:04:00,0.05010014306753874
2026-08-25 08:05:00,0.04579816572368145
2026-08-25 08:06:00,0.04579816572368145
2026-08-25 08:07:00,0.04579816572368145
2026-08-25 08:08:00,0.04579816572368145
2026-08-25 08:09:00,0.04579816572368145
2026-08-25 08:10:00,0.047372618690133095
2026-08-25 08:11:00,0.047372618690133095
2026-08-25 08:12:00,0.047372618690133095
2026-08-25 08:13:00,0.047372618690133095
2026-08-25 08:14:00,0.047372618690133095
2026-08-25 08:15:00,0.04986891336739063
2026-08-25 08:16:00,0.04986891336739063
2026-08-25 08:17:00,0.04986891336739063
2026-08-25 08:18:00,0.04986891336739063
2026-08-25 08:19:00,0.04986891336739063
2026-08-25 08:20:00,0.051349897868931293
2026-08-25 08:21:00,0.051349897868931293
2026-08-25 08:22:00,0.051349897868931293
2026-08-25 08:23:00,0.051349897868931293
2026-08-25 08:24:00,0.051349897868931293
2026-08-25 08:25:00,0.051990678533911705
2026-08-25 08:26:00,0.051990678533911705
2026-08-25 08:27:00,0.051990678533911705
2026-08-25 08:28:00,0.051990678533911705
2026-08-25 08:29:00,0.051990678533911705
2026-08-25 08:30:00,0.05037268530577421
2026-08-25 08:31:00,0.05037268530577421
2026-08-25 08:32:00,0.05037268530577421
2026-08-25 08:33:00,0.05037268530577421
2026-08-25 08:34:00,0.05037268530577421
2026-08-25 08:35:00,0.0498913424089551
2026-08-25 08:36:00,0.0498913424089551
2026-08-25 08:37:00,0.0498913424089551
2026-08-25 08:38:00,0.0498913424089551
2026-08-25 08:39:00,0.0498913424089551
2026-08-25 08:40:00,0.05082033574581146
2026-08-25 08:41:00,0.05082033574581146
2026-08-25 08:42:00,0.05082033574581146
2026-08-25 08:43:00,0.05082033574581146
2026-08-25 08:44:00,0.05082033574581146
2026-08-25 08:45:00,0.050154201686382294
2026-08-25 08:46:00,0.050154201686382294
2026-08-25 08:47:00,0.050154201686382294
2026-08-25 08:48:00,0.050154201686382294
2026-08-25 08:49:00,0.050154201686382294
2026-08-25 08:50:00,0.05040035303682089
2026-08-25 08:51:00,0.05040035303682089
2026-08-25 08:52:00,0.05040035303682089
2026-08-25 08:53:00,0.05040035303682089
2026-08-25 08:54:00,0.05040035303682089
2026-08-25 08:55:00,0.0472962586209178
2026-08-25 08:56:00,0.0472962586209178
2026-08-25 08:57:00,0.0472962586209178
2026-08-25 08:58:00,0.0472962586209178
2026-08-25 08:59:00,0.0472962586209178
2026-08-25 09:00:00,0.04397060349583626
2026-08-25 09:01:00,0.04397060349583626
2026-08-25 09:02:00,0.04397060349583626
2026-08-25 09:03:00,0.04397060349583626
2026-08-25 09:04:00,0.04397060349583626
2026-08-25 09:05:00,0.04331581946462393
2026-08-25 09:06:00,0.04331581946462393
2026-08-25 09:07:00,0.04331581946462393
2026-08-25 09:08:00,0.04331581946462393
2026-08-25 09:09:00,0.04331581946462393
2026-08-25 09:10:00,0.04525159019976854
2026-08-25 09:11:00,0.04525159019976854
2026-08-25 09:12:00,0.04525159019976854
2026-08-25 09:13:00,0.04525159019976854
2026-08-25 09:14:00,0.04525159019976854
2026-08-25 09:15:00,0.05219539441168308
2026-08-25 09:16:00,0.05219539441168308
2026-08-25 09:17:00,0.05219539441168308
2026-08-25 09:18:00,0.05219539441168308
2026-08-25 09:19:00,0.05219539441168308
2026-08-25 09:20:00,0.06099427677690983
2026-08-25 09:21:00,0.06099427677690983
2026-08-25 09:22:00,0.06099427677690983
2026-08-25 09:23:00,0.06099427677690983
2026-08-25 09:24:00,0.06099427677690983
2026-08-25 09:25:00,0.06640623603016138
2026-08-25 09:26:00,0.06640623603016138
2026-08-25 09:27:00,0.06640623603016138
2026-08-25 09:28:00,0.06640623603016138
2026-08-25 09:29:00,0.06640623603016138
2026-08-25 09:30:00,0.06728910189121962
2026-08-25 09:31:00,0.06728910189121962
2026-08-25 09:32:00,0.06728910189121962
2026-08-25 09:33:00,0.06728910189121962
2026-08-25 09:34:00,0.06728910189121962
2026-08-25 09:35:00,0.06366598699241877
2026-08-25 09:36:00,0.06366598699241877
2026-08-25 09:37:00,0.06366598699241877
2026-08-25 09:38:00,0.06366598699241877
2026-08-25 09:39:00,0.06366598699241877
2026-08-25 09:40:00,0.05538413766771555
2026-08-25 09:41:00,0.05538413766771555
2026-08-25 09:42:00,0.05538413766771555
2026-08-25 09:43:00,0.05538413766771555
2026-08-25 09:44:00,0.05538413766771555
2026-08-25 09:45:00,0.05060931947082281
2026-08-25 09:46:00,0.05060931947082281
2026-08-25 09:47:00,0.05060931947082281
2026-08-25 09:48:00,0.05060931947082281
2026-08-25 09:49:00,0.05060931947082281
2026-08-25 09:50:00,0.062360987067222595
2026-08-25 09:51:00,0.062360987067222595
2026-08-25 09:52:00,0.062360987067222595
2026-08-25 09:53:00,0.062360987067222595
2026-08-25 09:54:00,0.062360987067222595
2026-08-25 09:55:00,0.09492090158164501
2026-08-25 09:56:00,0.09492090158164501
2026-08-25 09:57:00,0.09492090158164501
2026-08-25 09:58:00,0.09492090158164501
2026-08-25 09:59:00,0.09492090158164501
2026-08-25 10:00:00,0.16443298012018204
2026-08-25 10:01:00,0.16443298012018204
2026-08-25 10:02:00,0.16443298012018204
2026-08-25 10:03:00,0.16443298012018204
2026-08-25 10:04:00,0.16443298012018204
2026-08-25 10:05:00,0.26751843839883804
2026-08-25 10:06:00,0.26751843839883804
2026-08-25 10:07:00,0.26751843839883804
2026-08-25 10:08:00,0.26751843839883804
2026-08-25 10:09:00,0.26751843839883804
2026-08-25 10:10:00,0.39003153145313263
2026-08-25 10:11:00,0.39003153145313263
2026-08-25 10:12:00,0.39003153145313263
2026-08-25 10:13:00,0.39003153145313263
2026-08-25 10:14:00,0.39003153145313263
2026-08-25 10:15:00,0.48000141233205795
2026-08-25 10:16:00,0.48000141233205795
2026-08-25 10:17:00,0.48000141233205795
2026-08-25 10:18:00,0.48000141233205795
2026-08-25 10:19:00,0.48000141233205795
2026-08-25 10:20:00,0.5054310858249664
2026-08-25 10:21:00,0.5054310858249664
2026-08-25 10:22:00,0.5054310858249664
2026-08-25 10:23:00,0.5054310858249664
2026-08-25 10:24:00,0.5054310858249664
2026-08-25 10:25:00,0.4604199379682541
2026-08-25 10:26:00,0.4604199379682541
2026-08-25 10:27:00,0.4604199379682541
2026-08-25 10:28:00,0.4604199379682541
2026-08-25 10:29:00,0.4604199379682541
2026-08-25 10:30:00,0.34744374454021454
2026-08-25 10:31:00,0.34744374454021454
2026-08-25 10:32:00,0.34744374454021454
2026-08-25 10:33:00,0.34744374454021454
2026-08-25 10:34:00,0.34744374454021454
2026-08-25 10:35:00,0.2354647684842348
2026-08-25 10:36:00,0.2354647684842348
2026-08-25 10:37:00,0.2354647684842348
2026-08-25 10:38:00,0.2354647684842348
2026-08-25 10:39:00,0.2354647684842348
2026-08-25 10:40:00,0.15916280075907707
2026-08-25 10:41:00,0.15916280075907707
2026-08-25 10:42:00,0.15916280075907707
2026-08-25 10:43:00,0.15916280075907707
2026-08-25 10:44:00,0.15916280075907707
2026-08-25 10:45:00,0.11878214962780476
2026-08-25 10:46:00,0.11878214962780476
2026-08-25 10:47:00,0.11878214962780476
2026-08-25 10:48:00,0.11878214962780476
2026-08-25 10:49:00,0.11878214962780476
2026-08-25 10:50:00,0.11235813982784748
2026-08-25 10:51:00,0.11235813982784748
2026-08-25 10:52:00,0.11235813982784748
2026-08-25 10:53:00,0.11235813982784748
2026-08-25 10:54:00,0.11235813982784748
2026-08-25 10:55:00,0.11798859387636185
2026-08-25 10:56:00,0.11798859387636185
2026-08-25 10:57:00,0.11798859387636185
2026-08-25 10:58:00,0.11798859387636185
2026-08-25 10:59:00,0.11798859387636185
2026-08-25 11:00:00,0.1052023358643055
2026-08-25 11:01:00,0.1052023358643055
2026-08-25 11:02:00,0.1052023358643055
2026-08-25 11:03:00,0.1052023358643055
2026-08-25 11:04:00,0.1052023358643055
2026-08-25 11:05:00,0.09143975004553795
2026-08-25 11:06:00,0.09143975004553795
2026-08-25 11:07:00,0.09143975004553795
2026-08-25 11:08:00,0.09143975004553795
2026-08-25 11:09:00,0.09143975004553795
2026-08-25 11:10:00,0.07732498459517956
2026-08-25 11:11:00,0.07732498459517956
2026-08-25 11:12:00,0.07732498459517956
2026-08-25 11:13:00,0.07732498459517956
2026-08-25 11:14:00,0.07732498459517956
2026-08-25 11:15:00,0.06318983342498541
2026-08-25 11:16:00,0.06318983342498541
2026-08-25 11:17:00,0.06318983342498541
2026-08-25 11:18:00,0.06318983342498541
2026-08-25 11:19:00,0.06318983342498541
2026-08-25 11:20:00,0.060069299302995205
2026-08-25 11:21:00,0.060069299302995205
2026-08-25 11:22:00,0.060069299302995205
2026-08-25 11:23:00,0.060069299302995205
2026-08-25 11:24:00,0.060069299302995205
2026-08-25 11:25:00,0.055702775716781616
2026-08-25 11:26:00,0.055702775716781616
2026-08-25 11:27:00,0.055702775716781616
2026-08-25 11:28:00,0.055702775716781616
2026-08-25 11:29:00,0.055702775716781616
2026-08-25 11:30:00,0.05106997303664684
2026-08-25 11:31:00,0.05106997303664684
2026-08-25 11:32:00,0.05106997303664684
2026-08-25 11:33:00,0.05106997303664684
2026-08-25 11:34:00,0.05106997303664684
2026-08-25 11:35:00,0.04747187253087759
2026-08-25 11:36:00,0.04747187253087759
2026-08-25 11:37:00,0.04747187253087759
2026-08-25 11:38:00,0.04747187253087759
2026-08-25 11:39:00,0.04747187253087759
2026-08-25 11:40:00,0.04727144539356232
2026-08-25 11:41:00,0.04727144539356232
2026-08-25 11:42:00,0.04727144539356232
2026-08-25 11:43:00,0.04727144539356232
2026-08-25 11:44:00,0.04727144539356232
2026-08-25 11:45:00,0.050481878221035004
2026-08-25 11:46:00,0.050481878221035004
2026-08-25 11:47:00,0.050481878221035004
2026-08-25 11:48:00,0.050481878221035004
2026-08-25 11:49:00,0.050481878221035004
2026-08-25 11:50:00,0.05448819324374199
2026-08-25 11:51:00,0.05448819324374199
2026-08-25 11:52:00,0.05448819324374199
2026-08-25 11:53:00,0.05448819324374199
2026-08-25 11:54:00,0.05448819324374199
2026-08-25 11:55:00,0.10201695375144482
2026-08-25 11:56:00,0.10201695375144482
2026-08-25 11:57:00,0.10201695375144482
2026-08-25 11:58:00,0.10201695375144482
2026-08-25 11:59:00,0.10201695375144482
2026-08-25 12:00:00,0.1466585611924529
2026-08-25 12:01:00,0.1466585611924529
2026-08-25 12:02:00,0.1466585611924529
2026-08-25 12:03:00,0.1466585611924529
2026-08-25 12:04:00,0.1466585611924529
2026-08-25 12:05:00,0.189838957041502
2026-08-25 12:06:00,0.189838957041502
2026-08-25 12:07:00,0.189838957041502
2026-08-25 12:08:00,0.189838957041502
2026-08-25 12:09:00,0.189838957041502
2026-08-25 12:10:00,0.23232540115714073
2026-08-25 12:11:00,0.23232540115714073
2026-08-25 12:12:00,0.23232540115714073
2026-08-25 12:13:00,0.23232540115714073
2026-08-25 12:14:00,0.23232540115714073
2026-08-25 12:15:00,0.18628338631242514
2026-08-25 12:16:00,0.18628338631242514
2026-08-25 12:17:00,0.18628338631242514
2026-08-25 12:18:00,0.18628338631242514
2026-08-25 12:19:00,0.18628338631242514
2026-08-25 12:20:00,0.14048890117555857
2026-08-25 12:21:00,0.14048890117555857
2026-08-25 12:22:00,0.14048890117555857
2026-08-25 12:23:00,0.14048890117555857
2026-08-25 12:24:00,0.14048890117555857
2026-08-25 12:25:00,0.09350315574556589
2026-08-25 12:26:00,0.09350315574556589
2026-08-25 12:27:00,0.09350315574556589
2026-08-25 12:28:00,0.09350315574556589
2026-08-25 12:29:00,0.09350315574556589
2026-08-25 12:30:00,0.04947343748062849
2026-08-25 12:31:00,0.04947343748062849
2026-08-25 12:32:00,0.04947343748062849
2026-08-25 12:33:00,0.04947343748062849
2026-08-25 12:34:00,0.04947343748062849
2026-08-25 12:35:00,0.05079743079841137
2026-08-25 12:36:00,0.05079743079841137
2026-08-25 12:37:00,0.05079743079841137
2026-08-25 12:38:00,0.05079743079841137
2026-08-25 12:39:00,0.05079743079841137
2026-08-25 12:40:00,0.0541601637378335
2026-08-25 12:41:00,0.0541601637378335
2026-08-25 12:42:00,0.0541601637378335
2026-08-25 12:43:00,0.0541601637378335
2026-08-25 12:44:00,0.0541601637378335
2026-08-25 12:45:00,0.059840054251253605
2026-08-25 12:46:00,0.059840054251253605
2026-08-25 12:47:00,0.059840054251253605
2026-08-25 12:48:00,0.059840054251253605
2026-08-25 12:49:00,0.059840054251253605
2026-08-25 12:50:00,0.06022748816758394
2026-08-25 12:51:00,0.06022748816758394
2026-08-25 12:52:00,0.06022748816758394
2026-08-25 12:53:00,0.06022748816758394
2026-08-25 12:54:00,0.06022748816758394
2026-08-25 12:55:00,0.05845526326447725
2026-08-25 12:56:00,0.05845526326447725
2026-08-25 12:57:00,0.05845526326447725
2026-08-25 12:58:00,0.05845526326447725
2026-08-25 12:59:00,0.05845526326447725
2026-08-25 13:00:00,0.05614355858415365
2026-08-25 13:01:00,0.05614355858415365
2026-08-25 13:02:00,0.05614355858415365
2026-08-25 13:03:00,0.05614355858415365
2026-08-25 13:04:00,0.05614355858415365
2026-08-25 13:05:00,0.052816467359662056
2026-08-25 13:06:00,0.052816467359662056
2026-08-25 13:07:00,0.052816467359662056
2026-08-25 13:08:00,0.052816467359662056
2026-08-25 13:09:00,0.052816467359662056
2026-08-25 13:10:00,0.05243898555636406
2026-08-25 13:11:00,0.05243898555636406
2026-08-25 13:12:00,0.05243898555636406
2026-08-25 13:13:00,0.05243898555636406
2026-08-25 13:14:00,0.05243898555636406
2026-08-25 13:15:00,0.05166039150208235
2026-08-25 13:16:00,0.05166039150208235
2026-08-25 13:17:00,0.05166039150208235
2026-08-25 13:18:00,0.05166039150208235
2026-08-25 13:19:00,0.05166039150208235
2026-08-25 13:20:00,0.050171174108982086
2026-08-25 13:21:00,0.050171174108982086
2026-08-25 13:22:00,0.050171174108982086
2026-08-25 13:23:00,0.050171174108982086
2026-08-25 13:24:00,0.050171174108982086
2026-08-25 13:25:00,0.04921396356076002
2026-08-25 13:26:00,0.04921396356076002
2026-08-25 13:27:00,0.04921396356076002
2026-08-25 13:28:00,0.04921396356076002
2026-08-25 13:29:00,0.04921396356076002
2026-08-25 13:30:00,0.04800906404852867
2026-08-25 13:31:00,0.04800906404852867
2026-08-25 13:32:00,0.04800906404852867
2026-08-25 13:33:00,0.04800906404852867
2026-08-25 13:34:00,0.04800906404852867
2026-08-25 13:35:00,0.04767728131264448
2026-08-25 13:36:00,0.04767728131264448
2026-08-25 13:37:00,0.04767728131264448
2026-08-25 13:38:00,0.04767728131264448
2026-08-25 13:39:00,0.04767728131264448
2026-08-25 13:40:00,0.04767444171011448
2026-08-25 13:41:00,0.04767444171011448
2026-08-25 13:42:00,0.04767444171011448
2026-08-25 13:43:00,0.04767444171011448
2026-08-25 13:44:00,0.04767444171011448
2026-08-25 13:45:00,0.04594573471695185
2026-08-25 13:46:00,0.04594573471695185
2026-08-25 13:47:00,0.04594573471695185
2026-08-25 13:48:00,0.04594573471695185
2026-08-25 13:49:00,0.04594573471695185
2026-08-25 13:50:00,0.045414083637297153
2026-08-25 13:51:00,0.045414083637297153
2026-08-25 13:52:00,0.045414083637297153
2026-08-25 13:53:00,0.045414083637297153
2026-08-25 13:54:00,0.045414083637297153
2026-08-25 13:55:00,0.04739518743008375
2026-08-25 13:56:00,0.04739518743008375
2026-08-25 13:57:00,0.04739518743008375
2026-08-25 13:58:00,0.04739518743008375
2026-08-25 13:59:00,0.04739518743008375
2026-08-25 14:00:00,0.0491204559803009
2026-08-25 14:01:00,0.0491204559803009
2026-08-25 14:02:00,0.0491204559803009
2026-08-25 14:03:00,0.0491204559803009
2026-08-25 14:04:00,0.0491204559803009
2026-08-25 14:05:00,0.05217241868376732
2026-08-25 14:06:00,0.05217241868376732
2026-08-25 14:07:00,0.05217241868376732
2026-08-25 14:08:00,0.05217241868376732
2026-08-25 14:09:00,0.05217241868376732
2026-08-25 14:10:00,0.05283906776458025
2026-08-25 14:11:00,0.05283906776458025
2026-08-25 14:12:00,0.05283906776458025
2026-08-25 14:13:00,0.05283906776458025
2026-08-25 14:14:00,0.05283906776458025
2026-08-25 14:15:00,0.05048771947622299
2026-08-25 14:16:00,0.05048771947622299
2026-08-25 14:17:00,0.05048771947622299
2026-08-25 14:18:00,0.05048771947622299
2026-08-25 14:19:00,0.05048771947622299
2026-08-25 14:20:00,0.047698757611215115
2026-08-25 14:21:00,0.047698757611215115
2026-08-25 14:22:00,0.047698757611215115
2026-08-25 14:23:00,0.047698757611215115
2026-08-25 14:24:00,0.047698757611215115
2026-08-25 14:25:00,0.0472106970846653
2026-08-25 14:26:00,0.0472106970846653
2026-08-25 14:27:00,0.0472106970846653
2026-08-25 14:28:00,0.0472106970846653
2026-08-25 14:29:00,0.0472106970846653
2026-08-25 14:30:00,0.05015555024147034
2026-08-25 14:31:00,0.05015555024147034
2026-08-25 14:32:00,0.05015555024147034
2026-08-25 14:33:00,0.05015555024147034
2026-08-25 14:34:00,0.05015555024147034
2026-08-25 14:35:00,0.055246719159185886
2026-08-25 14:36:00,0.055246719159185886
2026-08-25 14:37:00,0.055246719159185886
2026-08-25 14:38:00,0.055246719159185886
2026-08-25 14:39:00,0.055246719159185886
2026-08-25 14:40:00,0.059375131502747536
2026-08-25 14:41:00,0.059375131502747536
2026-08-25 14:42:00,0.059375131502747536
2026-08-25 14:43:00,0.059375131502747536
2026-08-25 14:44:00,0.059375131502747536
2026-08-25 14:45:00,0.06101923529058695
2026-08-25 14:46:00,0.06101923529058695
2026-08-25 14:47:00,0.06101923529058695
2026-08-25 14:48:00,0.06101923529058695
2026-08-25 14:49:00,0.06101923529058695
2026-08-25 14:50:00,0.059579153545200825
2026-08-25 14:51:00,0.059579153545200825
2026-08-25 14:52:00,0.059579153545200825
2026-08-25 14:53:00,0.059579153545200825
2026-08-25 14:54:00,0.059579153545200825
2026-08-25 14:55:00,0.05636483896523714
2026-08-25 14:56:00,0.05636483896523714
2026-08-25 14:57:00,0.05636483896523714
2026-08-25 14:58:00,0.05636483896523714
2026-08-25 14:59:00,0.05636483896523714
2026-08-25 15:00:00,0.05373493209481239
2026-08-25 15:01:00,0.05373493209481239
2026-08-25 15:02:00,0.05373493209481239
2026-08-25 15:03:00,0.05373493209481239
2026-08-25 15:04:00,0.05373493209481239
2026-08-25 15:05:00,0.0502117108553648
2026-08-25 15:06:00,0.0502117108553648
2026-08-25 15:07:00,0.0502117108553648
2026-08-25 15:08:00,0.0502117108553648
2026-08-25 15:09:00,0.0502117108553648
2026-08-25 15:10:00,0.04754639137536287
2026-08-25 15:11:00,0.04754639137536287
2026-08-25 15:12:00,0.04754639137536287
2026-08-25 15:13:00,0.04754639137536287
2026-08-25 15:14:00,0.04754639137536287
2026-08-25 15:15:00,0.04537765495479107
2026-08-25 15:16:00,0.04537765495479107
2026-08-25 15:17:00,0.04537765495479107
2026-08-25 15:18:00,0.04537765495479107
2026-08-25 15:19:00,0.04537765495479107
2026-08-25 15:20:00,0.04365620203316212
2026-08-25 15:21:00,0.04365620203316212
2026-08-25 15:22:00,0.04365620203316212
2026-08-25 15:23:00,0.04365620203316212
2026-08-25 15:24:00,0.04365620203316212
2026-08-25 15:25:00,0.04300088621675968
2026-08-25 15:26:00,0.04300088621675968
2026-08-25 15:27:00,0.04300088621675968
2026-08-25 15:28:00,0.04300088621675968
2026-08-25 15:29:00,0.04300088621675968
2026-08-25 15:30:00,0.04447710979729891
2026-08-25 15:31:00,0.04447710979729891
2026-08-25 15:32:00,0.04447710979729891
2026-08-25 15:33:00,0.04447710979729891
2026-08-25 15:34:00,0.04447710979729891
2026-08-25 15:35:00,0.04760946799069643
2026-08-25 15:36:00,0.04760946799069643
2026-08-25 15:37:00,0.04760946799069643
2026-08-25 15:38:00,0.04760946799069643
2026-08-25 15:39:00,0.04760946799069643
2026-08-25 15:40:00,0.051233150996267796
2026-08-25 15:41:00,0.051233150996267796
2026-08-25 15:42:00,0.051233150996267796
2026-08-25 15:43:00,0.051233150996267796
2026-08-25 15:44:00,0.051233150996267796
2026-08-25 15:45:00,0.05422706808894873
2026-08-25 15:46:00,0.05422706808894873
2026-08-25 15:47:00,0.05422706808894873
2026-08-25 15:48:00,0.05422706808894873
2026-08-25 15:49:00,0.05422706808894873
2026-08-25 15:50:00,0.0541878305375576
2026-08-25 15:51:00,0.0541878305375576
2026-08-25 15:52:00,0.0541878305375576
2026-08-25 15:53:00,0.0541878305375576
2026-08-25 15:54:00,0.0541878305375576
2026-08-25 15:55:00,0.05129513703286648
2026-08-25 15:56:00,0.05129513703286648
2026-08-25 15:57:00,0.05129513703286648
2026-08-25 15:58:00,0.05129513703286648
2026-08-25 15:59:00,0.05129513703286648
2026-08-25 16:00:00,0.04831341188400984
2026-08-25 16:01:00,0.04831341188400984
2026-08-25 16:02:00,0.04831341188400984
2026-08-25 16:03:00,0.04831341188400984
2026-08-25 16:04:00,0.04831341188400984
2026-08-25 16:05:00,0.04652349464595318
2026-08-25 16:06:00,0.04652349464595318
2026-08-25 16:07:00,0.04652349464595318
2026-08-25 16:08:00,0.04652349464595318
2026-08-25 16:09:00,0.04652349464595318
2026-08-25 16:10:00,0.047933634370565414
2026-08-25 16:11:00,0.047933634370565414
2026-08-25 16:12:00,0.047933634370565414
2026-08-25 16:13:00,0.047933634370565414
2026-08-25 16:14:00,0.047933634370565414
2026-08-25 16:15:00,0.28740506153553724
2026-08-25 16:16:00,0.28740506153553724
2026-08-25 16:17:00,0.28740506153553724
2026-08-25 16:18:00,0.28740506153553724
2026-08-25 16:19:00,0.28740506153553724
2026-08-25 16:20:00,0.5267313187941909
2026-08-25 16:21:00,0.5267313187941909
2026-08-25 16:22:00,0.5267313187941909
2026-08-25 16:23:00,0.5267313187941909
2026-08-25 16:24:00,0.5267313187941909
2026-08-25 16:25:00,0.7651805905625224
2026-08-25 16:26:00,0.7651805905625224
2026-08-25 16:27:00,0.7651805905625224
2026-08-25 16:28:00,0.7651805905625224
2026-08-25 16:29:00,0.7651805905625224
2026-08-25 16:30:00,1.001343458890915
2026-08-25 16:31:00,1.001343458890915
2026-08-25 16:32:00,1.001343458890915
2026-08-25 16:33:00,1.001343458890915
2026-08-25 16:34:00,1.001343458890915
2026-08-25 16:35:00,0.7960763908922672
2026-08-25 16:36:00,0.7960763908922672
2026-08-25 16:37:00,0.7960763908922672
2026-08-25 16:38:00,0.7960763908922672
2026-08-25 16:39:00,0.7960763908922672
2026-08-25 16:40:00,0.6117924191057682
2026-08-25 16:41:00,0.6117924191057682
2026-08-25 16:42:00,0.6117924191057682
2026-08-25 16:43:00,0.6117924191057682
2026-08-25 16:44:00,0.6117924191057682
2026-08-25 16:45:00,0.4282902292907238
2026-08-25 16:46:00,0.4282902292907238
2026-08-25 16:47:00,0.4282902292907238
2026-08-25 16:48:00,0.4282902292907238
2026-08-25 16:49:00,0.4282902292907238
2026-08-25 16:50:00,0.24498367682099342
2026-08-25 16:51:00,0.24498367682099342
2026-08-25 16:52:00,0.24498367682099342
2026-08-25 16:53:00,0.24498367682099342
2026-08-25 16:54:00,0.24498367682099342
2026-08-25 16:55:00,0.26592516899108887
2026-08-25 16:56:00,0.26592516899108887
2026-08-25 16:57:00,0.26592516899108887
2026-08-25 16:58:00,0.26592516899108887
2026-08-25 16:59:00,0.26592516899108887
2026-08-25 17:00:00,0.2469463013112545
2026-08-25 17:01:00,0.2469463013112545
2026-08-25 17:02:00,0.2469463013112545
2026-08-25 17:03:00,0.2469463013112545
2026-08-25 17:04:00,0.2469463013112545
2026-08-25 17:05:00,0.22765523567795753
2026-08-25 17:06:00,0.22765523567795753
2026-08-25 17:07:00,0.22765523567795753
2026-08-25 17:08:00,0.22765523567795753
2026-08-25 17:09:00,0.22765523567795753
2026-08-25 17:10:00,0.20807195827364922
2026-08-25 17:11:00,0.20807195827364922
2026-08-25 17:12:00,0.20807195827364922
2026-08-25 17:13:00,0.20807195827364922
2026-08-25 17:14:00,0.20807195827364922
2026-08-25 17:15:00,0.18679668754339218
2026-08-25 17:16:00,0.18679668754339218
2026-08-25 17:17:00,0.18679668754339218
2026-08-25 17:18:00,0.18679668754339218
2026-08-25 17:19:00,0.18679668754339218
2026-08-25 17:20:00,0.18471160158514977
2026-08-25 17:21:00,0.18471160158514977
2026-08-25 17:22:00,0.18471160158514977
2026-08-25 17:23:00,0.18471160158514977
2026-08-25 17:24:00,0.18471160158514977
2026-08-25 17:25:00,0.18248358368873596
2026-08-25 17:26:00,0.18248358368873596
2026-08-25 17:27:00,0.18248358368873596
2026-08-25 17:28:00,0.18248358368873596
2026-08-25 17:29:00,0.18248358368873596
2026-08-25 17:30:00,0.18076372891664505
2026-08-25 17:31:00,0.18076372891664505
2026-08-25 17:32:00,0.18076372891664505
2026-08-25 17:33:00,0.18076372891664505
2026-08-25 17:34:00,0.18076372891664505
2026-08-25 17:35:00,0.15119304973632097
2026-08-25 17:36:00,0.15119304973632097
2026-08-25 17:37:00,0.15119304973632097
2026-08-25 17:38:00,0.15119304973632097
2026-08-25 17:39:00,0.15119304973632097
2026-08-25 17:40:00,0.12143262568861246
2026-08-25 17:41:00,0.12143262568861246
2026-08-25 17:42:00,0.12143262568861246
2026-08-25 17:43:00,0.12143262568861246
2026-08-25 17:44:00,0.12143262568861246
2026-08-25 17:45:00,0.0908028269186616
2026-08-25 17:46:00,0.0908028269186616
2026-08-25 17:47:00,0.0908028269186616
2026-08-25 17:48:00,0.0908028269186616
2026-08-25 17:49:00,0.0908028269186616
2026-08-25 17:50:00,0.058874962851405144
2026-08-25 17:51:00,0.058874962851405144
2026-08-25 17:52:00,0.058874962851405144
2026-08-25 17:53:00,0.058874962851405144
2026-08-25 17:54:00,0.058874962851405144
2026-08-25 17:55:00,0.05622654687613249
2026-08-25 17:56:00,0.05622654687613249
2026-08-25 17:57:00,0.05622654687613249
2026-08-25 17:58:00,0.05622654687613249
2026-08-25 17:59:00,0.05622654687613249
2026-08-25 18:00:00,0.052722309716045856
2026-08-25 18:01:00,0.052722309716045856
2026-08-25 18:02:00,0.052722309716045856
2026-08-25 18:03:00,0.052722309716045856
2026-08-25 18:04:00,0.052722309716045856
2026-08-25 18:05:00,0.05188660975545645
2026-08-25 18:06:00,0.05188660975545645
2026-08-25 18:07:00,0.05188660975545645
2026-08-25 18:08:00,0.05188660975545645
2026-08-25 18:09:00,0.05188660975545645
2026-08-25 18:10:00,0.051185088232159615
2026-08-25 18:11:00,0.051185088232159615
2026-08-25 18:12:00,0.051185088232159615
2026-08-25 18:13:00,0.051185088232159615
2026-08-25 18:14:00,0.051185088232159615
2026-08-25 18:15:00,0.051028165966272354
2026-08-25 18:16:00,0.051028165966272354
2026-08-25 18:17:00,0.051028165966272354
2026-08-25 18:18:00,0.051028165966272354
2026-08-25 18:19:00,0.051028165966272354
2026-08-25 18:20:00,0.05086531024426222
2026-08-25 18:21:00,0.05086531024426222
2026-08-25 18:22:00,0.05086531024426222
2026-08-25 18:23:00,0.05086531024426222
2026-08-25 18:24:00,0.05086531024426222
2026-08-25 18:25:00,0.04824509005993605
2026-08-25 18:26:00,0.04824509005993605
2026-08-25 18:27:00,0.04824509005993605
2026-08-25 18:28:00,0.04824509005993605
2026-08-25 18:29:00,0.04824509005993605
2026-08-25 18:30:00,0.046555387787520885
2026-08-25 18:31:00,0.046555387787520885
2026-08-25 18:32:00,0.046555387787520885
2026-08-25 18:33:00,0.046555387787520885
2026-08-25 18:34:00,0.046555387787520885
2026-08-25 18:35:00,0.04489676468074322
2026-08-25 18:36:00,0.04489676468074322
2026-08-25 18:37:00,0.04489676468074322
2026-08-25 18:38:00,0.04489676468074322
2026-08-25 18:39:00,0.04489676468074322
2026-08-25 18:40:00,0.04399441089481115
2026-08-25 18:41:00,0.04399441089481115
2026-08-25 18:42:00,0.04399441089481115
2026-08-25 18:43:00,0.04399441089481115
2026-08-25 18:44:00,0.04399441089481115
2026-08-25 18:45:00,0.04467691946774721
2026-08-25 18:46:00,0.04467691946774721
2026-08-25 18:47:00,0.04467691946774721
2026-08-25 18:48:00,0.04467691946774721
2026-08-25 18:49:00,0.04467691946774721
2026-08-25 18:50:00,0.04506814572960138
2026-08-25 18:51:00,0.04506814572960138
2026-08-25 18:52:00,0.04506814572960138
2026-08-25 18:53:00,0.04506814572960138
2026-08-25 18:54:00,0.04506814572960138
2026-08-25 18:55:00,0.046361168846488
2026-08-25 18:56:00,0.046361168846488
2026-08-25 18:57:00,0.046361168846488
2026-08-25 18:58:00,0.046361168846488
2026-08-25 18:59:00,0.046361168846488
2026-08-25 19:00:00,0.04737745504826307
2026-08-25 19:01:00,0.04737745504826307
2026-08-25 19:02:00,0.04737745504826307
2026-08-25 19:03:00,0.04737745504826307
2026-08-25 19:04:00,0.04737745504826307
2026-08-25 19:05:00,0.04659717995673418
2026-08-25 19:06:00,0.04659717995673418
2026-08-25 19:07:00,0.04659717995673418
2026-08-25 19:08:00,0.04659717995673418
2026-08-25 19:09:00,0.04659717995673418
2026-08-25 19:10:00,0.04533647000789642
2026-08-25 19:11:00,0.04533647000789642
2026-08-25 19:12:00,0.04533647000789642
2026-08-25 19:13:00,0.04533647000789642
2026-08-25 19:14:00,0.04533647000789642
2026-08-25 19:15:00,0.043850356712937355
2026-08-25 19:16:00,0.043850356712937355
2026-08-25 19:17:00,0.043850356712937355
2026-08-25 19:18:00,0.043850356712937355
2026-08-25 19:19:00,0.043850356712937355
2026-08-25 19:20:00,0.04393156059086323
2026-08-25 19:21:00,0.04393156059086323
2026-08-25 19:22:00,0.04393156059086323
2026-08-25 19:23:00,0.04393156059086323
2026-08-25 19:24:00,0.04393156059086323
2026-08-25 19:25:00,0.04468965157866478
2026-08-25 19:26:00,0.04468965157866478
2026-08-25 19:27:00,0.04468965157866478
2026-08-25 19:28:00,0.04468965157866478
2026-08-25 19:29:00,0.04468965157866478
2026-08-25 19:30:00,0.04635196551680565
2026-08-25 19:31:00,0.04635196551680565
2026-08-25 19:32:00,0.04635196551680565
2026-08-25 19:33:00,0.04635196551680565
2026-08-25 19:34:00,0.04635196551680565
2026-08-25 19:35:00,0.04882845375686884
2026-08-25 19:36:00,0.04882845375686884
2026-08-25 19:37:00,0.04882845375686884
2026-08-25 19:38:00,0.04882845375686884
2026-08-25 19:39:00,0.04882845375686884
2026-08-25 19:40:00,0.05100380443036556
2026-08-25 19:41:00,0.05100380443036556
2026-08-25 19:42:00,0.05100380443036556
2026-08-25 19:43:00,0.05100380443036556
2026-08-25 19:44:00,0.05100380443036556
2026-08-25 19:45:00,0.052864743396639824
2026-08-25 19:46:00,0.052864743396639824
2026-08-25 19:47:00,0.052864743396639824
2026-08-25 19:48:00,0.052864743396639824
2026-08-25 19:49:00,0.052864743396639824
2026-08-25 19:50:00,0.0542972544208169
2026-08-25 19:51:00,0.0542972544208169
2026-08-25 19:52:00,0.0542972544208169
2026-08-25 19:53:00,0.0542972544208169
2026-08-25 19:54:00,0.0542972544208169
2026-08-25 19:55:00,0.055046290159225464
2026-08-25 19:56:00,0.055046290159225464
2026-08-25 19:57:00,0.055046290159225464
2026-08-25 19:58:00,0.055046290159225464
2026-08-25 19:59:00,0.055046290159225464
2026-08-25 20:00:00,0.05349203012883663
2026-08-25 20:01:00,0.05349203012883663
2026-08-25 20:02:00,0.05349203012883663
2026-08-25 20:03:00,0.05349203012883663
2026-08-25 20:04:00,0.05349203012883663
2026-08-25 20:05:00,0.05006959289312363
2026-08-25 20:06:00,0.05006959289312363
2026-08-25 20:07:00,0.05006959289312363
2026-08-25 20:08:00,0.05006959289312363
2026-08-25 20:09:00,0.05006959289312363
2026-08-25 20:10:00,0.047205728478729725
2026-08-25 20:11:00,0.047205728478729725
2026-08-25 20:12:00,0.047205728478729725
2026-08-25 20:13:00,0.047205728478729725
2026-08-25 20:14:00,0.047205728478729725
2026-08-25 20:15:00,0.042416585609316826
2026-08-25 20:16:00,0.042416585609316826
2026-08-25 20:17:00,0.042416585609316826
2026-08-25 20:18:00,0.042416585609316826
2026-08-25 20:19:00,0.042416585609316826
2026-08-25 20:20:00,0.04222133010625839
2026-08-25 20:21:00,0.04222133010625839
2026-08-25 20:22:00,0.04222133010625839
2026-08-25 20:23:00,0.04222133010625839
2026-08-25 20:24:00,0.04222133010625839
2026-08-25 20:25:00,0.04585584159940481
2026-08-25 20:26:00,0.04585584159940481
2026-08-25 20:27:00,0.04585584159940481
2026-08-25 20:28:00,0.04585584159940481
2026-08-25 20:29:00,0.04585584159940481
2026-08-25 20:30:00,0.04726010002195835
2026-08-25 20:31:00,0.04726010002195835
2026-08-25 20:32:00,0.04726010002195835
2026-08-25 20:33:00,0.04726010002195835
2026-08-25 20:34:00,0.04726010002195835
2026-08-25 20:35:00,0.05033697746694088
2026-08-25 20:36:00,0.05033697746694088
2026-08-25 20:37:00,0.05033697746694088
2026-08-25 20:38:00,0.05033697746694088
2026-08-25 20:39:00,0.05033697746694088
2026-08-25 20:40:00,0.04887843690812588
2026-08-25 20:41:00,0.04887843690812588
2026-08-25 20:42:00,0.04887843690812588
2026-08-25 20:43:00,0.04887843690812588
2026-08-25 20:44:00,0.04887843690812588
2026-08-25 20:45:00,0.04498882684856653
2026-08-25 20:46:00,0.04498882684856653
2026-08-25 20:47:00,0.04498882684856653
2026-08-25 20:48:00,0.04498882684856653
2026-08-25 20:49:00,0.04498882684856653
2026-08-25 20:50:00,0.043427176773548126
2026-08-25 20:51:00,0.043427176773548126
2026-08-25 20:52:00,0.043427176773548126
2026-08-25 20:53:00,0.043427176773548126
2026-08-25 20:54:00,0.043427176773548126
2026-08-25 20:55:00,0.04404475633054972
2026-08-25 20:56:00,0.04404475633054972
2026-08-25 20:57:00,0.04404475633054972
2026-08-25 20:58:00,0.04404475633054972
2026-08-25 20:59:00,0.04404475633054972
2026-08-25 21:00:00,0.05071478430181742
2026-08-25 21:01:00,0.05071478430181742
2026-08-25 21:02:00,0.05071478430181742
2026-08-25 21:03:00,0.05071478430181742
2026-08-25 21:04:00,0.05071478430181742
2026-08-25 21:05:00,0.05805800762027502
2026-08-25 21:06:00,0.05805800762027502
2026-08-25 21:07:00,0.05805800762027502
2026-08-25 21:08:00,0.05805800762027502
2026-08-25 21:09:00,0.05805800762027502
2026-08-25 21:10:00,0.06334168650209904
2026-08-25 21:11:00,0.06334168650209904
2026-08-25 21:12:00,0.06334168650209904
2026-08-25 21:13:00,0.06334168650209904
2026-08-25 21:14:00,0.06334168650209904
2026-08-25 21:15:00,0.06286356691271067
2026-08-25 21:16:00,0.06286356691271067
2026-08-25 21:17:00,0.06286356691271067
2026-08-25 21:18:00,0.06286356691271067
2026-08-25 21:19:00,0.06286356691271067
2026-08-25 21:20:00,0.057628072798252106
2026-08-25 21:21:00,0.057628072798252106
2026-08-25 21:22:00,0.057628072798252106
2026-08-25 21:23:00,0.057628072798252106
2026-08-25 21:24:00,0.057628072798252106
2026-08-25 21:25:00,0.055537305772304535
2026-08-25 21:26:00,0.055537305772304535
2026-08-25 21:27:00,0.055537305772304535
2026-08-25 21:28:00,0.055537305772304535
2026-08-25 21:29:00,0.055537305772304535
2026-08-25 21:30:00,0.05935308896005154
2026-08-25 21:31:00,0.05935308896005154
2026-08-25 21:32:00,0.05935308896005154
2026-08-25 21:33:00,0.05935308896005154
2026-08-25 21:34:00,0.05935308896005154
2026-08-25 21:35:00,0.06704558152705431
2026-08-25 21:36:00,0.06704558152705431
2026-08-25 21:37:00,0.06704558152705431
2026-08-25 21:38:00,0.06704558152705431
2026-08-25 21:39:00,0.06704558152705431
2026-08-25 21:40:00,0.07310282066464424
2026-08-25 21:41:00,0.07310282066464424
2026-08-25 21:42:00,0.07310282066464424
2026-08-25 21:43:00,0.07310282066464424
2026-08-25 21:44:00,0.07310282066464424
2026-08-25 21:45:00,0.07451825775206089
2026-08-25 21:46:00,0.07451825775206089
2026-08-25 21:47:00,0.07451825775206089
2026-08-25 21:48:00,0.07451825775206089
2026-08-25 21:49:00,0.07451825775206089
2026-08-25 21:50:00,0.06965573597699404
2026-08-25 21:51:00,0.06965573597699404
2026-08-25 21:52:00,0.06965573597699404
2026-08-25 21:53:00,0.06965573597699404
2026-08-25 21:54:00,0.06965573597699404
2026-08-25 21:55:00,0.0654619662091136
2026-08-25 21:56:00,0.0654619662091136
2026-08-25 21:57:00,0.0654619662091136
2026-08-25 21:58:00,0.0654619662091136
2026-08-25 21:59:00,0.0654619662091136
2026-08-25 22:00:00,0.05886353738605976
2026-08-25 22:01:00,0.05886353738605976
2026-08-25 22:02:00,0.05886353738605976
2026-08-25 22:03:00,0.05886353738605976
2026-08-25 22:04:00,0.05886353738605976
2026-08-25 22:05:00,0.052321757189929485
2026-08-25 22:06:00,0.052321757189929485
2026-08-25 22:07:00,0.052321757189929485
2026-08-25 22:08:00,0.052321757189929485
2026-08-25 22:09:00,0.052321757189929485
2026-08-25 22:10:00,0.04870919417589903
2026-08-25 22:11:00,0.04870919417589903
2026-08-25 22:12:00,0.04870919417589903
2026-08-25 22:13:00,0.04870919417589903
2026-08-25 22:14:00,0.04870919417589903
2026-08-25 22:15:00,0.045175228267908096
2026-08-25 22:16:00,0.045175228267908096
2026-08-25 22:17:00,0.045175228267908096
2026-08-25 22:18:00,0.045175228267908096
2026-08-25 22:19:00,0.045175228267908096
2026-08-25 22:20:00,0.04579327255487442
2026-08-25 22:21:00,0.04579327255487442
2026-08-25 22:22:00,0.04579327255487442
2026-08-25 22:23:00,0.04579327255487442
2026-08-25 22:24:00,0.04579327255487442
2026-08-25 22:25:00,0.04864569939672947
2026-08-25 22:26:00,0.04864569939672947
2026-08-25 22:27:00,0.04864569939672947
2026-08-25 22:28:00,0.04864569939672947
2026-08-25 22:29:00,0.04864569939672947
2026-08-25 22:30:00,0.049625045619904995
2026-08-25 22:31:00,0.049625045619904995
2026-08-25 22:32:00,0.049625045619904995
2026-08-25 22:33:00,0.049625045619904995
2026-08-25 22:34:00,0.049625045619904995
2026-08-25 22:35:00,0.050770727917551994
2026-08-25 22:36:00,0.050770727917551994
2026-08-25 22:37:00,0.050770727917551994
2026-08-25 22:38:00,0.050770727917551994
2026-08-25 22:39:00,0.050770727917551994
2026-08-25 22:40:00,0.05269395187497139
2026-08-25 22:41:00,0.05269395187497139
2026-08-25 22:42:00,0.05269395187497139
2026-08-25 22:43:00,0.05269395187497139
2026-08-25 22:44:00,0.05269395187497139
2026-08-25 22:45:00,0.053123568184673786
2026-08-25 22:46:00,0.053123568184673786
2026-08-25 22:47:00,0.053123568184673786
2026-08-25 22:48:00,0.053123568184673786
2026-08-25 22:49:00,0.053123568184673786
2026-08-25 22:50:00,0.05629173666238785
2026-08-25 22:51:00,0.05629173666238785
2026-08-25 22:52:00,0.05629173666238785
2026-08-25 22:53:00,0.05629173666238785
2026-08-25 22:54:00,0.05629173666238785
2026-08-25 22:55:00,0.056738726794719696
2026-08-25 22:56:00,0.056738726794719696
2026-08-25 22:57:00,0.056738726794719696
2026-08-25 22:58:00,0.056738726794719696
2026-08-25 22:59:00,0.056738726794719696
2026-08-25 23:00:00,0.05313786584883928
2026-08-25 23:01:00,0.05313786584883928
2026-08-25 23:02:00,0.05313786584883928
2026-08-25 23:03:00,0.05313786584883928
2026-08-25 23:04:00,0.05313786584883928
2026-08-25 23:05:00,0.278763041831553
2026-08-25 23:06:00,0.278763041831553
2026-08-25 23:07:00,0.278763041831553
2026-08-25 23:08:00,0.278763041831553
2026-08-25 23:09:00,0.278763041831553
2026-08-25 23:10:00,0.5038908906280994
2026-08-25 23:11:00,0.5038908906280994
2026-08-25 23:12:00,0.5038908906280994
2026-08-25 23:13:00,0.5038908906280994
2026-08-25 23:14:00,0.5038908906280994
2026-08-25 23:15:00,0.7328061498701572
2026-08-25 23:16:00,0.7328061498701572
2026-08-25 23:17:00,0.7328061498701572
2026-08-25 23:18:00,0.7328061498701572
2026-08-25 23:19:00,0.7328061498701572
2026-08-25 23:20:00,0.9684444963932037
2026-08-25 23:21:00,0.9684444963932037
2026-08-25 23:22:00,0.9684444963932037
2026-08-25 23:23:00,0.9684444963932037
2026-08-25 23:24:00,0.9684444963932037
2026-08-25 23:25:00,1.040636569261551
2026-08-25 23:26:00,1.040636569261551
2026-08-25 23:27:00,1.040636569261551
2026-08-25 23:28:00,1.040636569261551
2026-08-25 23:29:00,1.040636569261551
2026-08-25 23:30:00,1.063308671116829
2026-08-25 23:31:00,1.063308671116829
2026-08-25 23:32:00,1.063308671116829
2026-08-25 23:33:00,1.063308671116829
2026-08-25 23:34:00,1.063308671116829
2026-08-25 23:35:00,0.9817771315574646
2026-08-25 23:36:00,0.9817771315574646
2026-08-25 23:37:00,0.9817771315574646
2026-08-25 23:38:00,0.9817771315574646
2026-08-25 23:39:00,0.9817771315574646
2026-08-25 23:40:00,0.8017020002007484
2026-08-25 23:41:00,0.8017020002007484
2026-08-25 23:42:00,0.8017020002007484
2026-08-25 23:43:00,0.8017020002007484
2026-08-25 23:44:00,0.8017020002007484
2026-08-25 23:45:00,0.5351178273558617
2026-08-25 23:46:00,0.5351178273558617
2026-08-25 23:47:00,0.5351178273558617
2026-08-25 23:48:00,0.5351178273558617
2026-08-25 23:49:00,0.5351178273558617
2026-08-25 23:50:00,0.31446997076272964
2026-08-25 23:51:00,0.31446997076272964
2026-08-25 23:52:00,0.31446997076272964
2026-08-25 23:53:00,0.31446997076272964
2026-08-25 23:54:00,0.31446997076272964
2026-08-25 23:55:00,0.19355358183383942
2026-08-25 23:56:00,0.19355358183383942
2026-08-25 23:57:00,0.19355358183383942
2026-08-25 23:58:00,0.19355358183383942
2026-08-25 23:59:00,0.19355358183383942
2026-08-26 00:00:00,0.16806986927986145
2026-08-26 00:01:00,0.16806986927986145
2026-08-26 00:02:00,0.16806986927986145
2026-08-26 00:03:00,0.16806986927986145
2026-08-26 00:04:00,0.16806986927986145
2026-08-26 00:05:00,0.1647873967885971
2026-08-26 00:06:00,0.1647873967885971
2026-08-26 00:07:00,0.1647873967885971
2026-08-26 00:08:00,0.1647873967885971
2026-08-26 00:09:00,0.1647873967885971
2026-08-26 00:10:00,0.1618528850376606
2026-08-26 00:11:00,0.1618528850376606
2026-08-26 00:12:00,0.1618528850376606
2026-08-26 00:13:00,0.1618528850376606
2026-08-26 00:14:00,0.1618528850376606
2026-08-26 00:15:00,0.16110831126570702
2026-08-26 00:16:00,0.16110831126570702
2026-08-26 00:17:00,0.16110831126570702
2026-08-26 00:18:00,0.16110831126570702
2026-08-26 00:19:00,0.16110831126570702
2026-08-26 00:20:00,0.1609567478299141
2026-08-26 00:21:00,0.1609567478299141
2026-08-26 00:22:00,0.1609567478299141
2026-08-26 00:23:00,0.1609567478299141
2026-08-26 00:24:00,0.1609567478299141
2026-08-26 00:25:00,0.1460883803665638
2026-08-26 00:26:00,0.1460883803665638
2026-08-26 00:27:00,0.1460883803665638
2026-08-26 00:28:00,0.1460883803665638
2026-08-26 00:29:00,0.1460883803665638
2026-08-26 00:30:00,0.1279094386845827
2026-08-26 00:31:00,0.1279094386845827
2026-08-26 00:32:00,0.1279094386845827
2026-08-26 00:33:00,0.1279094386845827
2026-08-26 00:34:00,0.1279094386845827
2026-08-26 00:35:00,0.1038408586755395
2026-08-26 00:36:00,0.1038408586755395
2026-08-26 00:37:00,0.1038408586755395
2026-08-26 00:38:00,0.1038408586755395
2026-08-26 00:39:00,0.1038408586755395
2026-08-26 00:40:00,0.07453863602131605
2026-08-26 00:41:00,0.07453863602131605
2026-08-26 00:42:00,0.07453863602131605
2026-08-26 00:43:00,0.07453863602131605
2026-08-26 00:44:00,0.07453863602131605
2026-08-26 00:45:00,0.05911144055426121
2026-08-26 00:46:00,0.05911144055426121
2026-08-26 00:47:00,0.05911144055426121
2026-08-26 00:48:00,0.05911144055426121
2026-08-26 00:49:00,0.05911144055426121
2026-08-26 00:50:00,0.048556433990597725
2026-08-26 00:51:00,0.048556433990597725
2026-08-26 00:52:00,0.048556433990597725
2026-08-26 00:53:00,0.048556433990597725
2026-08-26 00:54:00,0.048556433990597725
2026-08-26 00:55:00,0.04654598422348499
2026-08-26 00:56:00,0.04654598422348499
2026-08-26 00:57:00,0.04654598422348499
2026-08-26 00:58:00,0.04654598422348499
2026-08-26 00:59:00,0.04654598422348499
2026-08-26 01:00:00,0.0476469649001956
2026-08-26 01:01:00,0.0476469649001956
2026-08-26 01:02:00,0.0476469649001956
2026-08-26 01:03:00,0.0476469649001956
2026-08-26 01:04:00,0.0476469649001956
2026-08-26 01:05:00,0.04967052210122347
2026-08-26 01:06:00,0.04967052210122347
2026-08-26 01:07:00,0.04967052210122347
2026-08-26 01:08:00,0.04967052210122347
2026-08-26 01:09:00,0.04967052210122347
2026-08-26 01:10:00,0.05017100181430578
2026-08-26 01:11:00,0.05017100181430578
2026-08-26 01:12:00,0.05017100181430578
2026-08-26 01:13:00,0.05017100181430578
2026-08-26 01:14:00,0.05017100181430578
2026-08-26 01:15:00,0.047421954572200775
2026-08-26 01:16:00,0.047421954572200775
2026-08-26 01:17:00,0.047421954572200775
2026-08-26 01:18:00,0.047421954572200775
2026-08-26 01:19:00,0.047421954572200775
2026-08-26 01:20:00,0.045251574367284775
2026-08-26 01:21:00,0.045251574367284775
2026-08-26 01:22:00,0.045251574367284775
2026-08-26 01:23:00,0.045251574367284775
2026-08-26 01:24:00,0.045251574367284775
2026-08-26 01:25:00,0.04388052970170975
2026-08-26 01:26:00,0.04388052970170975
2026-08-26 01:27:00,0.04388052970170975
2026-08-26 01:28:00,0.04388052970170975
2026-08-26 01:29:00,0.04388052970170975
2026-08-26 01:30:00,0.04377700109034777
2026-08-26 01:31:00,0.04377700109034777
2026-08-26 01:32:00,0.04377700109034777
2026-08-26 01:33:00,0.04377700109034777
2026-08-26 01:34:00,0.04377700109034777
2026-08-26 01:35:00,0.044045256450772285
2026-08-26 01:36:00,0.044045256450772285
2026-08-26 01:37:00,0.044045256450772285
2026-08-26 01:38:00,0.044045256450772285
2026-08-26 01:39:00,0.044045256450772285
2026-08-26 01:40:00,0.04512798134237528
2026-08-26 01:41:00,0.04512798134237528
2026-08-26 01:42:00,0.04512798134237528
2026-08-26 01:43:00,0.04512798134237528
2026-08-26 01:44:00,0.04512798134237528
2026-08-26 01:45:00,0.04589669406414032
2026-08-26 01:46:00,0.04589669406414032
2026-08-26 01:47:00,0.04589669406414032
2026-08-26 01:48:00,0.04589669406414032
2026-08-26 01:49:00,0.04589669406414032
2026-08-26 01:50:00,0.046614169143140316
2026-08-26 01:51:00,0.046614169143140316
2026-08-26 01:52:00,0.046614169143140316
2026-08-26 01:53:00,0.046614169143140316
2026-08-26 01:54:00,0.046614169143140316
2026-08-26 01:55:00,0.04656063299626112
2026-08-26 01:56:00,0.04656063299626112
2026-08-26 01:57:00,0.04656063299626112
2026-08-26 01:58:00,0.04656063299626112
2026-08-26 01:59:00,0.04656063299626112
2026-08-26 02:00:00,0.07951571140438318
2026-08-26 02:01:00,0.07951571140438318
2026-08-26 02:02:00,0.07951571140438318
2026-08-26 02:03:00,0.07951571140438318
2026-08-26 02:04:00,0.07951571140438318
2026-08-26 02:05:00,0.4017793098464608
2026-08-26 02:06:00,0.4017793098464608
2026-08-26 02:07:00,0.4017793098464608
2026-08-26 02:08:00,0.4017793098464608
2026-08-26 02:09:00,0.4017793098464608
2026-08-26 02:10:00,0.7247436428442597
2026-08-26 02:11:00,0.7247436428442597
2026-08-26 02:12:00,0.7247436428442597
2026-08-26 02:13:00,0.7247436428442597
2026-08-26 02:14:00,0.7247436428442597
2026-08-26 02:15:00,1.048767052590847
2026-08-26 02:16:00,1.048767052590847
2026-08-26 02:17:00,1.048767052590847
2026-08-26 02:18:00,1.048767052590847
2026-08-26 02:19:00,1.048767052590847
2026-08-26 02:20:00,1.338393747806549
2026-08-26 02:21:00,1.338393747806549
2026-08-26 02:22:00,1.338393747806549
2026-08-26 02:23:00,1.338393747806549
2026-08-26 02:24:00,1.338393747806549
2026-08-26 02:25:00,1.2592258751392365
2026-08-26 02:26:00,1.2592258751392365
2026-08-26 02:27:00,1.2592258751392365
2026-08-26 02:28:00,1.2592258751392365
2026-08-26 02:29:00,1.2592258751392365
2026-08-26 02:30:00,1.179954320192337
2026-08-26 02:31:00,1.179954320192337
2026-08-26 02:32:00,1.179954320192337
2026-08-26 02:33:00,1.179954320192337
2026-08-26 02:34:00,1.179954320192337
2026-08-26 02:35:00,1.1005684435367584
2026-08-26 02:36:00,1.1005684435367584
2026-08-26 02:37:00,1.1005684435367584
2026-08-26 02:38:00,1.1005684435367584
2026-08-26 02:39:00,1.1005684435367584
2026-08-26 02:40:00,0.8716165572404861
2026-08-26 02:41:00,0.8716165572404861
2026-08-26 02:42:00,0.8716165572404861
2026-08-26 02:43:00,0.8716165572404861
2026-08-26 02:44:00,0.8716165572404861
2026-08-26 02:45:00,0.6797158792614937
2026-08-26 02:46:00,0.6797158792614937
2026-08-26 02:47:00,0.6797158792614937
2026-08-26 02:48:00,0.6797158792614937
2026-08-26 02:49:00,0.6797158792614937
2026-08-26 02:50:00,0.6743469312787056
2026-08-26 02:51:00,0.6743469312787056
2026-08-26 02:52:00,0.6743469312787056
2026-08-26 02:53:00,0.6743469312787056
2026-08-26 02:54:00,0.6743469312787056
2026-08-26 02:55:00,0.6689294651150703
2026-08-26 02:56:00,0.6689294651150703
2026-08-26 02:57:00,0.6689294651150703
2026-08-26 02:58:00,0.6689294651150703
2026-08-26 02:59:00,0.6689294651150703
2026-08-26 03:00:00,0.8139111623167992
2026-08-26 03:01:00,0.8139111623167992
2026-08-26 03:02:00,0.8139111623167992
2026-08-26 03:03:00,0.8139111623167992
2026-08-26 03:04:00,0.8139111623167992
2026-08-26 03:05:00,1.001767337322235
2026-08-26 03:06:00,1.001767337322235
2026-08-26 03:07:00,1.001767337322235
2026-08-26 03:08:00,1.001767337322235
2026-08-26 03:09:00,1.001767337322235
2026-08-26 03:10:00,0.9911317229270935
2026-08-26 03:11:00,0.9911317229270935
2026-08-26 03:12:00,0.9911317229270935
2026-08-26 03:13:00,0.9911317229270935
2026-08-26 03:14:00,0.9911317229270935
2026-08-26 03:15:00,0.9806564152240753
2026-08-26 03:16:00,0.9806564152240753
2026-08-26 03:17:00,0.9806564152240753
2026-08-26 03:18:00,0.9806564152240753
2026-08-26 03:19:00,0.9806564152240753
2026-08-26 03:20:00,0.9704414755105972
2026-08-26 03:21:00,0.9704414755105972
2026-08-26 03:22:00,0.9704414755105972
2026-08-26 03:23:00,0.9704414755105972
2026-08-26 03:24:00,0.9704414755105972
2026-08-26 03:25:00,0.8224010914564133
2026-08-26 03:26:00,0.8224010914564133
2026-08-26 03:27:00,0.8224010914564133
2026-08-26 03:28:00,0.8224010914564133
2026-08-26 03:29:00,0.8224010914564133
2026-08-26 03:30:00,0.6871452555060387
2026-08-26 03:31:00,0.6871452555060387
2026-08-26 03:32:00,0.6871452555060387
2026-08-26 03:33:00,0.6871452555060387
2026-08-26 03:34:00,0.6871452555060387
2026-08-26 03:35:00,0.5514080822467804
2026-08-26 03:36:00,0.5514080822467804
2026-08-26 03:37:00,0.5514080822467804
2026-08-26 03:38:00,0.5514080822467804
2026-08-26 03:39:00,0.5514080822467804
2026-08-26 03:40:00,0.40981267392635345
2026-08-26 03:41:00,0.40981267392635345
2026-08-26 03:42:00,0.40981267392635345
2026-08-26 03:43:00,0.40981267392635345
2026-08-26 03:44:00,0.40981267392635345
2026-08-26 03:45:00,0.5558500438928604
2026-08-26 03:46:00,0.5558500438928604
2026-08-26 03:47:00,0.5558500438928604
2026-08-26 03:48:00,0.5558500438928604
2026-08-26 03:49:00,0.5558500438928604
2026-08-26 03:50:00,0.7012475952506065
2026-08-26 03:51:00,0.7012475952506065
2026-08-26 03:52:00,0.7012475952506065
2026-08-26 03:53:00,0.7012475952506065
2026-08-26 03:54:00,0.7012475952506065
2026-08-26 03:55:00,0.847010612487793
2026-08-26 03:56:00,0.847010612487793
2026-08-26 03:57:00,0.847010612487793
2026-08-26 03:58:00,0.847010612487793
2026-08-26 03:59:00,0.847010612487793
2026-08-26 04:00:00,0.9988185465335846
2026-08-26 04:01:00,0.9988185465335846
2026-08-26 04:02:00,0.9988185465335846
2026-08-26 04:03:00,0.9988185465335846
2026-08-26 04:04:00,0.9988185465335846
2026-08-26 04:05:00,0.8506691008806229
2026-08-26 04:06:00,0.8506691008806229
2026-08-26 04:07:00,0.8506691008806229
2026-08-26 04:08:00,0.8506691008806229
2026-08-26 04:09:00,0.8506691008806229
2026-08-26 04:10:00,0.6958172246813774
2026-08-26 04:11:00,0.6958172246813774
2026-08-26 04:12:00,0.6958172246813774
2026-08-26 04:13:00,0.6958172246813774
2026-08-26 04:14:00,0.6958172246813774
2026-08-26 04:15:00,0.5410076305270195
2026-08-26 04:16:00,0.5410076305270195
2026-08-26 04:17:00,0.5410076305270195
2026-08-26 04:18:00,0.5410076305270195
2026-08-26 04:19:00,0.5410076305270195
2026-08-26 04:20:00,0.38584283739328384
2026-08-26 04:21:00,0.38584283739328384
2026-08-26 04:22:00,0.38584283739328384
2026-08-26 04:23:00,0.38584283739328384
2026-08-26 04:24:00,0.38584283739328384
2026-08-26 04:25:00,0.5381316170096397
2026-08-26 04:26:00,0.5381316170096397
2026-08-26 04:27:00,0.5381316170096397
2026-08-26 04:28:00,0.5381316170096397
2026-08-26 04:29:00,0.5381316170096397
2026-08-26 04:30:00,0.6970834136009216
2026-08-26 04:31:00,0.6970834136009216
2026-08-26 04:32:00,0.6970834136009216
2026-08-26 04:33:00,0.6970834136009216
2026-08-26 04:34:00,0.6970834136009216
2026-08-26 04:35:00,0.8563465625047684
2026-08-26 04:36:00,0.8563465625047684
2026-08-26 04:37:00,0.8563465625047684
2026-08-26 04:38:00,0.8563465625047684
2026-08-26 04:39:00,0.8563465625047684
2026-08-26 04:40:00,1.0340578854084015
2026-08-26 04:41:00,1.0340578854084015
2026-08-26 04:42:00,1.0340578854084015
2026-08-26 04:43:00,1.0340578854084015
2026-08-26 04:44:00,1.0340578854084015
2026-08-26 04:45:00,1.046644389629364
2026-08-26 04:46:00,1.046644389629364
2026-08-26 04:47:00,1.046644389629364
2026-08-26 04:48:00,1.046644389629364
2026-08-26 04:49:00,1.046644389629364
2026-08-26 04:50:00,1.059079349040985
2026-08-26 04:51:00,1.059079349040985
2026-08-26 04:52:00,1.059079349040985
2026-08-26 04:53:00,1.059079349040985
2026-08-26 04:54:00,1.059079349040985
2026-08-26 04:55:00,1.071165919303894
2026-08-26 04:56:00,1.071165919303894
2026-08-26 04:57:00,1.071165919303894
2026-08-26 04:58:00,1.071165919303894
2026-08-26 04:59:00,1.071165919303894
2026-08-26 05:00:00,1.0279668420553207
2026-08-26 05:01:00,1.0279668420553207
2026-08-26 05:02:00,1.0279668420553207
2026-08-26 05:03:00,1.0279668420553207
2026-08-26 05:04:00,1.0279668420553207
2026-08-26 05:05:00,1.0042262971401215
2026-08-26 05:06:00,1.0042262971401215
2026-08-26 05:07:00,1.0042262971401215
2026-08-26 05:08:00,1.0042262971401215
2026-08-26 05:09:00,1.0042262971401215
2026-08-26 05:10:00,0.980418011546135
2026-08-26 05:11:00,0.980418011546135
2026-08-26 05:12:00,0.980418011546135
2026-08-26 05:13:00,0.980418011546135
2026-08-26 05:14:00,0.980418011546135
2026-08-26 05:15:00,0.9565456956624985
2026-08-26 05:16:00,0.9565456956624985
2026-08-26 05:17:00,0.9565456956624985
2026-08-26 05:18:00,0.9565456956624985
2026-08-26 05:19:00,0.9565456956624985
2026-08-26 05:20:00,0.9697418957948685
2026-08-26 05:21:00,0.9697418957948685
2026-08-26 05:22:00,0.9697418957948685
2026-08-26 05:23:00,0.9697418957948685
2026-08-26 05:24:00,0.9697418957948685
2026-08-26 05:25:00,0.9639466106891632
2026-08-26 05:26:00,0.9639466106891632
2026-08-26 05:27:00,0.9639466106891632
2026-08-26 05:28:00,0.9639466106891632
2026-08-26 05:29:00,0.9639466106891632
2026-08-26 05:30:00,0.9582599550485611
2026-08-26 05:31:00,0.9582599550485611
2026-08-26 05:32:00,0.9582599550485611
2026-08-26 05:33:00,0.9582599550485611
2026-08-26 05:34:00,0.9582599550485611
2026-08-26 05:35:00,0.9527114182710648
2026-08-26 05:36:00,0.9527114182710648
2026-08-26 05:37:00,0.9527114182710648
2026-08-26 05:38:00,0.9527114182710648
2026-08-26 05:39:00,0.9527114182710648
2026-08-26 05:40:00,0.9473066627979279
2026-08-26 05:41:00,0.9473066627979279
2026-08-26 05:42:00,0.9473066627979279
2026-08-26 05:43:00,0.9473066627979279
2026-08-26 05:44:00,0.9473066627979279
2026-08-26 05:45:00,0.8167275562882423
2026-08-26 05:46:00,0.8167275562882423
2026-08-26 05:47:00,0.8167275562882423
2026-08-26 05:48:00,0.8167275562882423
2026-08-26 05:49:00,0.8167275562882423
2026-08-26 05:50:00,0.6856846585869789
2026-08-26 05:51:00,0.6856846585869789
2026-08-26 05:52:00,0.6856846585869789
2026-08-26 05:53:00,0.6856846585869789
2026-08-26 05:54:00,0.6856846585869789
2026-08-26 05:55:00,0.5537951365113258
2026-08-26 05:56:00,0.5537951365113258
2026-08-26 05:57:00,0.5537951365113258
2026-08-26 05:58:00,0.5537951365113258
2026-08-26 05:59:00,0.5537951365113258
2026-08-26 06:00:00,0.5883828476071358
2026-08-26 06:01:00,0.5883828476071358
2026-08-26 06:02:00,0.5883828476071358
2026-08-26 06:03:00,0.5883828476071358
2026-08-26 06:04:00,0.5883828476071358
2026-08-26 06:05:00,0.7537569999694824
2026-08-26 06:06:00,0.7537569999694824
2026-08-26 06:07:00,0.7537569999694824
2026-08-26 06:08:00,0.7537569999694824
2026-08-26 06:09:00,0.7537569999694824
2026-08-26 06:10:00,0.9185726344585419
2026-08-26 06:11:00,0.9185726344585419
2026-08-26 06:12:00,0.9185726344585419
2026-08-26 06:13:00,0.9185726344585419
2026-08-26 06:14:00,0.9185726344585419
2026-08-26 06:15:00,1.0546946227550507
2026-08-26 06:16:00,1.0546946227550507
2026-08-26 06:17:00,1.0546946227550507
2026-08-26 06:18:00,1.0546946227550507
2026-08-26 06:19:00,1.0546946227550507
2026-08-26 06:20:00,1.0485408008098602
2026-08-26 06:21:00,1.0485408008098602
2026-08-26 06:22:00,1.0485408008098602
2026-08-26 06:23:00,1.0485408008098602
2026-08-26 06:24:00,1.0485408008098602
2026-08-26 06:25:00,1.054989069700241
2026-08-26 06:26:00,1.054989069700241
2026-08-26 06:27:00,1.054989069700241
2026-08-26 06:28:00,1.054989069700241
2026-08-26 06:29:00,1.054989069700241
2026-08-26 06:30:00,1.0555571019649506
2026-08-26 06:31:00,1.0555571019649506
2026-08-26 06:32:00,1.0555571019649506
2026-08-26 06:33:00,1.0555571019649506
2026-08-26 06:34:00,1.0555571019649506
2026-08-26 06:35:00,1.0534303784370422
2026-08-26 06:36:00,1.0534303784370422
2026-08-26 06:37:00,1.0534303784370422
2026-08-26 06:38:00,1.0534303784370422
2026-08-26 06:39:00,1.0534303784370422
2026-08-26 06:40:00,1.0694415867328644
2026-08-26 06:41:00,1.0694415867328644
2026-08-26 06:42:00,1.0694415867328644
2026-08-26 06:43:00,1.0694415867328644
2026-08-26 06:44:00,1.0694415867328644
2026-08-26 06:45:00,1.0681645572185516
2026-08-26 06:46:00,1.0681645572185516
2026-08-26 06:47:00,1.0681645572185516
2026-08-26 06:48:00,1.0681645572185516
2026-08-26 06:49:00,1.0681645572185516
2026-08-26 06:50:00,0.8811696693301201
2026-08-26 06:51:00,0.8811696693301201
2026-08-26 06:52:00,0.8811696693301201
2026-08-26 06:53:00,0.8811696693301201
2026-08-26 06:54:00,0.8811696693301201
2026-08-26 06:55:00,0.726077526807785
2026-08-26 06:56:00,0.726077526807785
2026-08-26 06:57:00,0.726077526807785
2026-08-26 06:58:00,0.726077526807785
2026-08-26 06:59:00,0.726077526807785
2026-08-26 07:00:00,0.5284487307071686
2026-08-26 07:01:00,0.5284487307071686
2026-08-26 07:02:00,0.5284487307071686
2026-08-26 07:03:00,0.5284487307071686
2026-08-26 07:04:00,0.5284487307071686
2026-08-26 07:05:00,0.3350294977426529
2026-08-26 07:06:00,0.3350294977426529
2026-08-26 07:07:00,0.3350294977426529
2026-08-26 07:08:00,0.3350294977426529
2026-08-26 07:09:00,0.3350294977426529
2026-08-26 07:10:00,0.33368682116270065
2026-08-26 07:11:00,0.33368682116270065
2026-08-26 07:12:00,0.33368682116270065
2026-08-26 07:13:00,0.33368682116270065
2026-08-26 07:14:00,0.33368682116270065
2026-08-26 07:15:00,0.3313550651073456
2026-08-26 07:16:00,0.3313550651073456
2026-08-26 07:17:00,0.3313550651073456
2026-08-26 07:18:00,0.3313550651073456
2026-08-26 07:19:00,0.3313550651073456
2026-08-26 07:20:00,0.3286830335855484
2026-08-26 07:21:00,0.3286830335855484
2026-08-26 07:22:00,0.3286830335855484
2026-08-26 07:23:00,0.3286830335855484
2026-08-26 07:24:00,0.3286830335855484
2026-08-26 07:25:00,0.5433453321456909
2026-08-26 07:26:00,0.5433453321456909
2026-08-26 07:27:00,0.5433453321456909
2026-08-26 07:28:00,0.5433453321456909
2026-08-26 07:29:00,0.5433453321456909
2026-08-26 07:30:00,0.7585639953613281
2026-08-26 07:31:00,0.7585639953613281
2026-08-26 07:32:00,0.7585639953613281
2026-08-26 07:33:00,0.7585639953613281
2026-08-26 07:34:00,0.7585639953613281
2026-08-26 07:35:00,0.9735782295465469
2026-08-26 07:36:00,0.9735782295465469
2026-08-26 07:37:00,0.9735782295465469
2026-08-26 07:38:00,0.9735782295465469
2026-08-26 07:39:00,0.9735782295465469
2026-08-26 07:40:00,1.1886195838451385
2026-08-26 07:41:00,1.1886195838451385
2026-08-26 07:42:00,1.1886195838451385
2026-08-26 07:43:00,1.1886195838451385
2026-08-26 07:44:00,1.1886195838451385
2026-08-26 07:45:00,0.9663911387324333
2026-08-26 07:46:00,0.9663911387324333
2026-08-26 07:47:00,0.9663911387324333
2026-08-26 07:48:00,0.9663911387324333
2026-08-26 07:49:00,0.9663911387324333
2026-08-26 07:50:00,0.7304649092257023
2026-08-26 07:51:00,0.7304649092257023
2026-08-26 07:52:00,0.7304649092257023
2026-08-26 07:53:00,0.7304649092257023
2026-08-26 07:54:00,0.7304649092257023
2026-08-26 07:55:00,0.49649490788578987
2026-08-26 07:56:00,0.49649490788578987
2026-08-26 07:57:00,0.49649490788578987
2026-08-26 07:58:00,0.49649490788578987
2026-08-26 07:59:00,0.49649490788578987
2026-08-26 08:00:00,0.2629649303853512
2026-08-26 08:01:00,0.2629649303853512
2026-08-26 08:02:00,0.2629649303853512
2026-08-26 08:03:00,0.2629649303853512
2026-08-26 08:04:00,0.2629649303853512
2026-08-26 08:05:00,0.25013886019587517
2026-08-26 08:06:00,0.25013886019587517
2026-08-26 08:07:00,0.25013886019587517
2026-08-26 08:08:00,0.25013886019587517
2026-08-26 08:09:00,0.25013886019587517
2026-08-26 08:10:00,0.25146377086639404
2026-08-26 08:11:00,0.25146377086639404
2026-08-26 08:12:00,0.25146377086639404
2026-08-26 08:13:00,0.25146377086639404
2026-08-26 08:14:00,0.25146377086639404
2026-08-26 08:15:00,0.25250718742609024
2026-08-26 08:16:00,0.25250718742609024
2026-08-26 08:17:00,0.25250718742609024
2026-08-26 08:18:00,0.25250718742609024
2026-08-26 08:19:00,0.25250718742609024
2026-08-26 08:20:00,0.2520092949271202
2026-08-26 08:21:00,0.2520092949271202
2026-08-26 08:22:00,0.2520092949271202
2026-08-26 08:23:00,0.2520092949271202
2026-08-26 08:24:00,0.2520092949271202
2026-08-26 08:25:00,0.2512376569211483
2026-08-26 08:26:00,0.2512376569211483
2026-08-26 08:27:00,0.2512376569211483
2026-08-26 08:28:00,0.2512376569211483
2026-08-26 08:29:00,0.2512376569211483
2026-08-26 08:30:00,0.24806957691907883
2026-08-26 08:31:00,0.24806957691907883
2026-08-26 08:32:00,0.24806957691907883
2026-08-26 08:33:00,0.24806957691907883
2026-08-26 08:34:00,0.24806957691907883
2026-08-26 08:35:00,0.4846052825450897
2026-08-26 08:36:00,0.4846052825450897
2026-08-26 08:37:00,0.4846052825450897
2026-08-26 08:38:00,0.4846052825450897
2026-08-26 08:39:00,0.4846052825450897
2026-08-26 08:40:00,0.7225975766777992
2026-08-26 08:41:00,0.7225975766777992
2026-08-26 08:42:00,0.7225975766777992
2026-08-26 08:43:00,0.7225975766777992
2026-08-26 08:44:00,0.7225975766777992
2026-08-26 08:45:00,0.9617825411260128
2026-08-26 08:46:00,0.9617825411260128
2026-08-26 08:47:00,0.9617825411260128
2026-08-26 08:48:00,0.9617825411260128
2026-08-26 08:49:00,0.9617825411260128
2026-08-26 08:50:00,1.2033070623874664
2026-08-26 08:51:00,1.2033070623874664
2026-08-26 08:52:00,1.2033070623874664
2026-08-26 08:53:00,1.2033070623874664
2026-08-26 08:54:00,1.2033070623874664
2026-08-26 08:55:00,0.9738270863890648
2026-08-26 08:56:00,0.9738270863890648
2026-08-26 08:57:00,0.9738270863890648
2026-08-26 08:58:00,0.9738270863890648
2026-08-26 08:59:00,0.9738270863890648
2026-08-26 09:00:00,0.7421970367431641
2026-08-26 09:01:00,0.7421970367431641
2026-08-26 09:02:00,0.7421970367431641
2026-08-26 09:03:00,0.7421970367431641
2026-08-26 09:04:00,0.7421970367431641
2026-08-26 09:05:00,0.5092904642224312
2026-08-26 09:06:00,0.5092904642224312
2026-08-26 09:07:00,0.5092904642224312
2026-08-26 09:08:00,0.5092904642224312
2026-08-26 09:09:00,0.5092904642224312
2026-08-26 09:10:00,0.2752212882041931
2026-08-26 09:11:00,0.2752212882041931
2026-08-26 09:12:00,0.2752212882041931
2026-08-26 09:13:00,0.2752212882041931
2026-08-26 09:14:00,0.2752212882041931
2026-08-26 09:15:00,0.2722475528717041
2026-08-26 09:16:00,0.2722475528717041
2026-08-26 09:17:00,0.2722475528717041
2026-08-26 09:18:00,0.2722475528717041
2026-08-26 09:19:00,0.2722475528717041
2026-08-26 09:20:00,0.270702488720417
2026-08-26 09:21:00,0.270702488720417
2026-08-26 09:22:00,0.270702488720417
2026-08-26 09:23:00,0.270702488720417
2026-08-26 09:24:00,0.270702488720417
2026-08-26 09:25:00,0.2685665860772133
2026-08-26 09:26:00,0.2685665860772133
2026-08-26 09:27:00,0.2685665860772133
2026-08-26 09:28:00,0.2685665860772133
2026-08-26 09:29:00,0.2685665860772133
2026-08-26 09:30:00,0.26732588559389114
2026-08-26 09:31:00,0.26732588559389114
2026-08-26 09:32:00,0.26732588559389114
2026-08-26 09:33:00,0.26732588559389114
2026-08-26 09:34:00,0.26732588559389114
2026-08-26 09:35:00,0.26635731756687164
2026-08-26 09:36:00,0.26635731756687164
2026-08-26 09:37:00,0.26635731756687164
2026-08-26 09:38:00,0.26635731756687164
2026-08-26 09:39:00,0.26635731756687164
2026-08-26 09:40:00,0.2664974629878998
2026-08-26 09:41:00,0.2664974629878998
2026-08-26 09:42:00,0.2664974629878998
2026-08-26 09:43:00,0.2664974629878998
2026-08-26 09:44:00,0.2664974629878998
2026-08-26 09:45:00,0.26834510266780853
2026-08-26 09:46:00,0.26834510266780853
2026-08-26 09:47:00,0.26834510266780853
2026-08-26 09:48:00,0.26834510266780853
2026-08-26 09:49:00,0.26834510266780853
2026-08-26 09:50:00,0.26919424533843994
2026-08-26 09:51:00,0.26919424533843994
2026-08-26 09:52:00,0.26919424533843994
2026-08-26 09:53:00,0.26919424533843994
2026-08-26 09:54:00,0.26919424533843994
2026-08-26 09:55:00,0.21544409822672606
2026-08-26 09:56:00,0.21544409822672606
2026-08-26 09:57:00,0.21544409822672606
2026-08-26 09:58:00,0.21544409822672606
2026-08-26 09:59:00,0.21544409822672606
2026-08-26 10:00:00,0.16212421283125877
2026-08-26 10:01:00,0.16212421283125877
2026-08-26 10:02:00,0.16212421283125877
2026-08-26 10:03:00,0.16212421283125877
2026-08-26 10:04:00,0.16212421283125877
2026-08-26 10:05:00,0.10795464552938938
2026-08-26 10:06:00,0.10795464552938938
2026-08-26 10:07:00,0.10795464552938938
2026-08-26 10:08:00,0.10795464552938938
2026-08-26 10:09:00,0.10795464552938938
2026-08-26 10:10:00,0.053775498643517494
2026-08-26 10:11:00,0.053775498643517494
2026-08-26 10:12:00,0.053775498643517494
2026-08-26 10:13:00,0.053775498643517494
2026-08-26 10:14:00,0.053775498643517494
2026-08-26 10:15:00,0.05211580730974674
2026-08-26 10:16:00,0.05211580730974674
2026-08-26 10:17:00,0.05211580730974674
2026-08-26 10:18:00,0.05211580730974674
2026-08-26 10:19:00,0.05211580730974674
2026-08-26 10:20:00,0.049685594625771046
2026-08-26 10:21:00,0.049685594625771046
2026-08-26 10:22:00,0.049685594625771046
2026-08-26 10:23:00,0.049685594625771046
2026-08-26 10:24:00,0.049685594625771046
2026-08-26 10:25:00,0.04760183207690716
2026-08-26 10:26:00,0.04760183207690716
2026-08-26 10:27:00,0.04760183207690716
2026-08-26 10:28:00,0.04760183207690716
2026-08-26 10:29:00,0.04760183207690716
2026-08-26 10:30:00,0.046117705292999744
2026-08-26 10:31:00,0.046117705292999744
2026-08-26 10:32:00,0.046117705292999744
2026-08-26 10:33:00,0.046117705292999744
2026-08-26 10:34:00,0.046117705292999744
2026-08-26 10:35:00,0.045760792680084705
2026-08-26 10:36:00,0.045760792680084705
2026-08-26 10:37:00,0.045760792680084705
2026-08-26 10:38:00,0.045760792680084705
2026-08-26 10:39:00,0.045760792680084705
2026-08-26 10:40:00,0.044690005481243134
2026-08-26 10:41:00,0.044690005481243134
2026-08-26 10:42:00,0.044690005481243134
2026-08-26 10:43:00,0.044690005481243134
2026-08-26 10:44:00,0.044690005481243134
2026-08-26 10:45:00,0.04253617953509092
2026-08-26 10:46:00,0.04253617953509092
2026-08-26 10:47:00,0.04253617953509092
2026-08-26 10:48:00,0.04253617953509092
2026-08-26 10:49:00,0.04253617953509092
2026-08-26 10:50:00,0.04194878879934549
2026-08-26 10:51:00,0.04194878879934549
2026-08-26 10:52:00,0.04194878879934549
2026-08-26 10:53:00,0.04194878879934549
2026-08-26 10:54:00,0.04194878879934549
2026-08-26 10:55:00,0.042696623131632805
2026-08-26 10:56:00,0.042696623131632805
2026-08-26 10:57:00,0.042696623131632805
2026-08-26 10:58:00,0.042696623131632805
2026-08-26 10:59:00,0.042696623131632805
2026-08-26 11:00:00,0.04613498877733946
2026-08-26 11:01:00,0.04613498877733946
2026-08-26 11:02:00,0.04613498877733946
2026-08-26 11:03:00,0.04613498877733946
2026-08-26 11:04:00,0.04613498877733946
2026-08-26 11:05:00,0.04812993109226227
2026-08-26 11:06:00,0.04812993109226227
2026-08-26 11:07:00,0.04812993109226227
2026-08-26 11:08:00,0.04812993109226227
2026-08-26 11:09:00,0.04812993109226227
2026-08-26 11:10:00,0.04806697089225054
2026-08-26 11:11:00,0.04806697089225054
2026-08-26 11:12:00,0.04806697089225054
2026-08-26 11:13:00,0.04806697089225054
2026-08-26 11:14:00,0.04806697089225054
2026-08-26 11:15:00,0.04897610563784838
2026-08-26 11:16:00,0.04897610563784838
2026-08-26 11:17:00,0.04897610563784838
2026-08-26 11:18:00,0.04897610563784838
2026-08-26 11:19:00,0.04897610563784838
2026-08-26 11:20:00,0.0498188640922308
2026-08-26 11:21:00,0.0498188640922308
2026-08-26 11:22:00,0.0498188640922308
2026-08-26 11:23:00,0.0498188640922308
2026-08-26 11:24:00,0.0498188640922308
2026-08-26 11:25:00,0.05468070227652788
2026-08-26 11:26:00,0.05468070227652788
2026-08-26 11:27:00,0.05468070227652788
2026-08-26 11:28:00,0.05468070227652788
2026-08-26 11:29:00,0.05468070227652788
2026-08-26 11:30:00,0.05866369139403105
2026-08-26 11:31:00,0.05866369139403105
2026-08-26 11:32:00,0.05866369139403105
2026-08-26 11:33:00,0.05866369139403105
2026-08-26 11:34:00,0.05866369139403105
2026-08-26 11:35:00,0.0597126018255949
2026-08-26 11:36:00,0.0597126018255949
2026-08-26 11:37:00,0.0597126018255949
2026-08-26 11:38:00,0.0597126018255949
2026-08-26 11:39:00,0.0597126018255949
2026-08-26 11:40:00,0.0603429926559329
2026-08-26 11:41:00,0.0603429926559329
2026-08-26 11:42:00,0.0603429926559329
2026-08-26 11:43:00,0.0603429926559329
2026-08-26 11:44:00,0.0603429926559329
2026-08-26 11:45:00,0.05973953288048506
2026-08-26 11:46:00,0.05973953288048506
2026-08-26 11:47:00,0.05973953288048506
2026-08-26 11:48:00,0.05973953288048506
2026-08-26 11:49:00,0.05973953288048506
2026-08-26 11:50:00,0.06025266461074352
2026-08-26 11:51:00,0.06025266461074352
2026-08-26 11:52:00,0.06025266461074352
2026-08-26 11:53:00,0.06025266461074352
2026-08-26 11:54:00,0.06025266461074352
2026-08-26 11:55:00,0.06452162843197584
2026-08-26 11:56:00,0.06452162843197584
2026-08-26 11:57:00,0.06452162843197584
2026-08-26 11:58:00,0.06452162843197584
2026-08-26 11:59:00,0.06452162843197584
2026-08-26 12:00:00,0.06450086552649736
2026-08-26 12:01:00,0.06450086552649736
2026-08-26 12:02:00,0.06450086552649736
2026-08-26 12:03:00,0.06450086552649736
2026-08-26 12:04:00,0.06450086552649736
2026-08-26 12:05:00,0.062077898532152176
2026-08-26 12:06:00,0.062077898532152176
2026-08-26 12:07:00,0.062077898532152176
2026-08-26 12:08:00,0.062077898532152176
2026-08-26 12:09:00,0.062077898532152176
2026-08-26 12:10:00,0.06116137746721506
2026-08-26 12:11:00,0.06116137746721506
2026-08-26 12:12:00,0.06116137746721506
2026-08-26 12:13:00,0.06116137746721506
2026-08-26 12:14:00,0.06116137746721506
2026-08-26 12:15:00,0.057470266707241535
2026-08-26 12:16:00,0.057470266707241535
2026-08-26 12:17:00,0.057470266707241535
2026-08-26 12:18:00,0.057470266707241535
2026-08-26 12:19:00,0.057470266707241535
2026-08-26 12:20:00,0.0578609723597765
2026-08-26 12:21:00,0.0578609723597765
2026-08-26 12:22:00,0.0578609723597765
2026-08-26 12:23:00,0.0578609723597765
2026-08-26 12:24:00,0.0578609723597765
2026-08-26 12:25:00,0.0603271396830678
2026-08-26 12:26:00,0.0603271396830678
2026-08-26 12:27:00,0.0603271396830678
2026-08-26 12:28:00,0.0603271396830678
2026-08-26 12:29:00,0.0603271396830678
2026-08-26 12:30:00,0.059777162969112396
2026-08-26 12:31:00,0.059777162969112396
2026-08-26 12:32:00,0.059777162969112396
2026-08-26 12:33:00,0.059777162969112396
2026-08-26 12:34:00,0.059777162969112396
2026-08-26 12:35:00,0.059017328545451164
2026-08-26 12:36:00,0.059017328545451164
2026-08-26 12:37:00,0.059017328545451164
2026-08-26 12:38:00,0.059017328545451164
2026-08-26 12:39:00,0.059017328545451164
2026-08-26 12:40:00,0.05567985773086548
2026-08-26 12:41:00,0.05567985773086548
2026-08-26 12:42:00,0.05567985773086548
2026-08-26 12:43:00,0.05567985773086548
2026-08-26 12:44:00,0.05567985773086548
2026-08-26 12:45:00,0.050753744319081306
2026-08-26 12:46:00,0.050753744319081306
2026-08-26 12:47:00,0.050753744319081306
2026-08-26 12:48:00,0.050753744319081306
2026-08-26 12:49:00,0.050753744319081306
2026-08-26 12:50:00,0.047574239782989025
2026-08-26 12:51:00,0.047574239782989025
2026-08-26 12:52:00,0.047574239782989025
2026-08-26 12:53:00,0.047574239782989025
2026-08-26 12:54:00,0.047574239782989025
2026-08-26 12:55:00,0.044000725261867046
2026-08-26 12:56:00,0.044000725261867046
2026-08-26 12:57:00,0.044000725261867046
2026-08-26 12:58:00,0.044000725261867046
2026-08-26 12:59:00,0.044000725261867046
2026-08-26 13:00:00,0.04177183471620083
2026-08-26 13:01:00,0.04177183471620083
2026-08-26 13:02:00,0.04177183471620083
2026-08-26 13:03:00,0.04177183471620083
2026-08-26 13:04:00,0.04177183471620083
2026-08-26 13:05:00,0.041753971949219704
2026-08-26 13:06:00,0.041753971949219704
2026-08-26 13:07:00,0.041753971949219704
2026-08-26 13:08:00,0.041753971949219704
2026-08-26 13:09:00,0.041753971949219704
2026-08-26 13:10:00,0.04306499660015106
2026-08-26 13:11:00,0.04306499660015106
2026-08-26 13:12:00,0.04306499660015106
2026-08-26 13:13:00,0.04306499660015106
2026-08-26 13:14:00,0.04306499660015106
2026-08-26 13:15:00,0.04465777985751629
2026-08-26 13:16:00,0.04465777985751629
2026-08-26 13:17:00,0.04465777985751629
2026-08-26 13:18:00,0.04465777985751629
2026-08-26 13:19:00,0.04465777985751629
2026-08-26 13:20:00,0.130259171128273
2026-08-26 13:21:00,0.130259171128273
2026-08-26 13:22:00,0.130259171128273
2026-08-26 13:23:00,0.130259171128273
2026-08-26 13:24:00,0.130259171128273
2026-08-26 13:25:00,0.21402124501764774
2026-08-26 13:26:00,0.21402124501764774
2026-08-26 13:27:00,0.21402124501764774
2026-08-26 13:28:00,0.21402124501764774
2026-08-26 13:29:00,0.21402124501764774
2026-08-26 13:30:00,0.29671651870012283
2026-08-26 13:31:00,0.29671651870012283
2026-08-26 13:32:00,0.29671651870012283
2026-08-26 13:33:00,0.29671651870012283
2026-08-26 13:34:00,0.29671651870012283
2026-08-26 13:35:00,0.3804756700992584
2026-08-26 13:36:00,0.3804756700992584
2026-08-26 13:37:00,0.3804756700992584
2026-08-26 13:38:00,0.3804756700992584
2026-08-26 13:39:00,0.3804756700992584
2026-08-26 13:40:00,0.2969858590513468
2026-08-26 13:41:00,0.2969858590513468
2026-08-26 13:42:00,0.2969858590513468
2026-08-26 13:43:00,0.2969858590513468
2026-08-26 13:44:00,0.2969858590513468
2026-08-26 13:45:00,0.21596962306648493
2026-08-26 13:46:00,0.21596962306648493
2026-08-26 13:47:00,0.21596962306648493
2026-08-26 13:48:00,0.21596962306648493
2026-08-26 13:49:00,0.21596962306648493
2026-08-26 13:50:00,0.1352623961865902
2026-08-26 13:51:00,0.1352623961865902
2026-08-26 13:52:00,0.1352623961865902
2026-08-26 13:53:00,0.1352623961865902
2026-08-26 13:54:00,0.1352623961865902
2026-08-26 13:55:00,0.0565728098154068
2026-08-26 13:56:00,0.0565728098154068
2026-08-26 13:57:00,0.0565728098154068
2026-08-26 13:58:00,0.0565728098154068
2026-08-26 13:59:00,0.0565728098154068
2026-08-26 14:00:00,0.06187594309449196
2026-08-26 14:01:00,0.06187594309449196
2026-08-26 14:02:00,0.06187594309449196
2026-08-26 14:03:00,0.06187594309449196
2026-08-26 14:04:00,0.06187594309449196
2026-08-26 14:05:00,0.06447325926274061
2026-08-26 14:06:00,0.06447325926274061
2026-08-26 14:07:00,0.06447325926274061
2026-08-26 14:08:00,0.06447325926274061
2026-08-26 14:09:00,0.06447325926274061
2026-08-26 14:10:00,0.06999487057328224
2026-08-26 14:11:00,0.06999487057328224
2026-08-26 14:12:00,0.06999487057328224
2026-08-26 14:13:00,0.06999487057328224
2026-08-26 14:14:00,0.06999487057328224
2026-08-26 14:15:00,0.07086306251585484
2026-08-26 14:16:00,0.07086306251585484
2026-08-26 14:17:00,0.07086306251585484
2026-08-26 14:18:00,0.07086306251585484
2026-08-26 14:19:00,0.07086306251585484
2026-08-26 14:20:00,0.07150799222290516
2026-08-26 14:21:00,0.07150799222290516
2026-08-26 14:22:00,0.07150799222290516
2026-08-26 14:23:00,0.07150799222290516
2026-08-26 14:24:00,0.07150799222290516
2026-08-26 14:25:00,0.07274016365408897
2026-08-26 14:26:00,0.07274016365408897
2026-08-26 14:27:00,0.07274016365408897
2026-08-26 14:28:00,0.07274016365408897
2026-08-26 14:29:00,0.07274016365408897
2026-08-26 14:30:00,0.06864763796329498
2026-08-26 14:31:00,0.06864763796329498
2026-08-26 14:32:00,0.06864763796329498
2026-08-26 14:33:00,0.06864763796329498
2026-08-26 14:34:00,0.06864763796329498
2026-08-26 14:35:00,0.06678077392280102
2026-08-26 14:36:00,0.06678077392280102
2026-08-26 14:37:00,0.06678077392280102
2026-08-26 14:38:00,0.06678077392280102
2026-08-26 14:39:00,0.06678077392280102
2026-08-26 14:40:00,0.06080520339310169
2026-08-26 14:41:00,0.06080520339310169
2026-08-26 14:42:00,0.06080520339310169
2026-08-26 14:43:00,0.06080520339310169
2026-08-26 14:44:00,0.06080520339310169
2026-08-26 14:45:00,0.05656821746379137
2026-08-26 14:46:00,0.05656821746379137
2026-08-26 14:47:00,0.05656821746379137
2026-08-26 14:48:00,0.05656821746379137
2026-08-26 14:49:00,0.05656821746379137
2026-08-26 14:50:00,0.056084223091602325
2026-08-26 14:51:00,0.056084223091602325
2026-08-26 14:52:00,0.056084223091602325
2026-08-26 14:53:00,0.056084223091602325
2026-08-26 14:54:00,0.056084223091602325
2026-08-26 14:55:00,0.05676393583416939
2026-08-26 14:56:00,0.05676393583416939
2026-08-26 14:57:00,0.05676393583416939
2026-08-26 14:58:00,0.05676393583416939
2026-08-26 14:59:00,0.05676393583416939
2026-08-26 15:00:00,0.05771295167505741
2026-08-26 15:01:00,0.05771295167505741
2026-08-26 15:02:00,0.05771295167505741
2026-08-26 15:03:00,0.05771295167505741
2026-08-26 15:04:00,0.05771295167505741
2026-08-26 15:05:00,0.057239062152802944
2026-08-26 15:06:00,0.057239062152802944
2026-08-26 15:07:00,0.057239062152802944
2026-08-26 15:08:00,0.057239062152802944
2026-08-26 15:09:00,0.057239062152802944
2026-08-26 15:10:00,0.05754362419247627
2026-08-26 15:11:00,0.05754362419247627
2026-08-26 15:12:00,0.05754362419247627
2026-08-26 15:13:00,0.05754362419247627
2026-08-26 15:14:00,0.05754362419247627
2026-08-26 15:15:00,0.05383165646344423
2026-08-26 15:16:00,0.05383165646344423
2026-08-26 15:17:00,0.05383165646344423
2026-08-26 15:18:00,0.05383165646344423
2026-08-26 15:19:00,0.05383165646344423
2026-08-26 15:20:00,0.0523662893101573
2026-08-26 15:21:00,0.0523662893101573
2026-08-26 15:22:00,0.0523662893101573
2026-08-26 15:23:00,0.0523662893101573
2026-08-26 15:24:00,0.0523662893101573
2026-08-26 15:25:00,0.05131020396947861
2026-08-26 15:26:00,0.05131020396947861
2026-08-26 15:27:00,0.05131020396947861
2026-08-26 15:28:00,0.05131020396947861
2026-08-26 15:29:00,0.05131020396947861
2026-08-26 15:30:00,0.045613459311425686
2026-08-26 15:31:00,0.045613459311425686
2026-08-26 15:32:00,0.045613459311425686
2026-08-26 15:33:00,0.045613459311425686
2026-08-26 15:34:00,0.045613459311425686
2026-08-26 15:35:00,0.04435882996767759
2026-08-26 15:36:00,0.04435882996767759
2026-08-26 15:37:00,0.04435882996767759
2026-08-26 15:38:00,0.04435882996767759
2026-08-26 15:39:00,0.04435882996767759
2026-08-26 15:40:00,0.04596202168613672
2026-08-26 15:41:00,0.04596202168613672
2026-08-26 15:42:00,0.04596202168613672
2026-08-26 15:43:00,0.04596202168613672
2026-08-26 15:44:00,0.04596202168613672
2026-08-26 15:45:00,0.04861261881887913
2026-08-26 15:46:00,0.04861261881887913
2026-08-26 15:47:00,0.04861261881887913
2026-08-26 15:48:00,0.04861261881887913
2026-08-26 15:49:00,0.04861261881887913
2026-08-26 15:50:00,0.05238625966012478
2026-08-26 15:51:00,0.05238625966012478
2026-08-26 15:52:00,0.05238625966012478
2026-08-26 15:53:00,0.05238625966012478
2026-08-26 15:54:00,0.05238625966012478
2026-08-26 15:55:00,0.054446286521852016
2026-08-26 15:56:00,0.054446286521852016
2026-08-26 15:57:00,0.054446286521852016
2026-08-26 15:58:00,0.054446286521852016
2026-08-26 15:59:00,0.054446286521852016
2026-08-26 16:00:00,0.05174076743423939
2026-08-26 16:01:00,0.05174076743423939
2026-08-26 16:02:00,0.05174076743423939
2026-08-26 16:03:00,0.05174076743423939
2026-08-26 16:04:00,0.05174076743423939
2026-08-26 16:05:00,0.04811513889580965
2026-08-26 16:06:00,0.04811513889580965
2026-08-26 16:07:00,0.04811513889580965
2026-08-26 16:08:00,0.04811513889580965
2026-08-26 16:09:00,0.04811513889580965
2026-08-26 16:10:00,0.046525719575583935
2026-08-26 16:11:00,0.046525719575583935
2026-08-26 16:12:00,0.046525719575583935
2026-08-26 16:13:00,0.046525719575583935
2026-08-26 16:14:00,0.046525719575583935
2026-08-26 16:15:00,0.04614397045224905
2026-08-26 16:16:00,0.04614397045224905
2026-08-26 16:17:00,0.04614397045224905
2026-08-26 16:18:00,0.04614397045224905
2026-08-26 16:19:00,0.04614397045224905
2026-08-26 16:20:00,0.04652663320302963
2026-08-26 16:21:00,0.04652663320302963
2026-08-26 16:22:00,0.04652663320302963
2026-08-26 16:23:00,0.04652663320302963
2026-08-26 16:24:00,0.04652663320302963
2026-08-26 16:25:00,0.04514965042471886
2026-08-26 16:26:00,0.04514965042471886
2026-08-26 16:27:00,0.04514965042471886
2026-08-26 16:28:00,0.04514965042471886
2026-08-26 16:29:00,0.04514965042471886
2026-08-26 16:30:00,0.04393333103507757
2026-08-26 16:31:00,0.04393333103507757
2026-08-26 16:32:00,0.04393333103507757
2026-08-26 16:33:00,0.04393333103507757
2026-08-26 16:34:00,0.04393333103507757
2026-08-26 16:35:00,0.045213534496724606
2026-08-26 16:36:00,0.045213534496724606
2026-08-26 16:37:00,0.045213534496724606
2026-08-26 16:38:00,0.045213534496724606
2026-08-26 16:39:00,0.045213534496724606
2026-08-26 16:40:00,0.05163793731480837
2026-08-26 16:41:00,0.05163793731480837
2026-08-26 16:42:00,0.05163793731480837
2026-08-26 16:43:00,0.05163793731480837
2026-08-26 16:44:00,0.05163793731480837
2026-08-26 16:45:00,0.06062839366495609
2026-08-26 16:46:00,0.06062839366495609
2026-08-26 16:47:00,0.06062839366495609
2026-08-26 16:48:00,0.06062839366495609
2026-08-26 16:49:00,0.06062839366495609
2026-08-26 16:50:00,0.06291133817285299
2026-08-26 16:51:00,0.06291133817285299
2026-08-26 16:52:00,0.06291133817285299
2026-08-26 16:53:00,0.06291133817285299
2026-08-26 16:54:00,0.06291133817285299
2026-08-26 16:55:00,0.060732477344572544
2026-08-26 16:56:00,0.060732477344572544
2026-08-26 16:57:00,0.060732477344572544
2026-08-26 16:58:00,0.060732477344572544
2026-08-26 16:59:00,0.060732477344572544
2026-08-26 17:00:00,0.05887729488313198
2026-08-26 17:01:00,0.05887729488313198
2026-08-26 17:02:00,0.05887729488313198
2026-08-26 17:03:00,0.05887729488313198
2026-08-26 17:04:00,0.05887729488313198
2026-08-26 17:05:00,0.0538924690335989
2026-08-26 17:06:00,0.0538924690335989
2026-08-26 17:07:00,0.0538924690335989
2026-08-26 17:08:00,0.0538924690335989
2026-08-26 17:09:00,0.0538924690335989
2026-08-26 17:10:00,0.053559246473014355
2026-08-26 17:11:00,0.053559246473014355
2026-08-26 17:12:00,0.053559246473014355
2026-08-26 17:13:00,0.053559246473014355
2026-08-26 17:14:00,0.053559246473014355
2026-08-26 17:15:00,0.05145561881363392
2026-08-26 17:16:00,0.05145561881363392
2026-08-26 17:17:00,0.05145561881363392
2026-08-26 17:18:00,0.05145561881363392
2026-08-26 17:19:00,0.05145561881363392
2026-08-26 17:20:00,0.044627235271036625
2026-08-26 17:21:00,0.044627235271036625
2026-08-26 17:22:00,0.044627235271036625
2026-08-26 17:23:00,0.044627235271036625
2026-08-26 17:24:00,0.044627235271036625
2026-08-26 17:25:00,0.04110678657889366
2026-08-26 17:26:00,0.04110678657889366
2026-08-26 17:27:00,0.04110678657889366
2026-08-26 17:28:00,0.04110678657889366
2026-08-26 17:29:00,0.04110678657889366
2026-08-26 17:30:00,0.03980011772364378
2026-08-26 17:31:00,0.03980011772364378
2026-08-26 17:32:00,0.03980011772364378
2026-08-26 17:33:00,0.03980011772364378
2026-08-26 17:34:00,0.03980011772364378
2026-08-26 17:35:00,0.04198215063661337
2026-08-26 17:36:00,0.04198215063661337
2026-08-26 17:37:00,0.04198215063661337
2026-08-26 17:38:00,0.04198215063661337
2026-08-26 17:39:00,0.04198215063661337
2026-08-26 17:40:00,0.0449132788926363
2026-08-26 17:41:00,0.0449132788926363
2026-08-26 17:42:00,0.0449132788926363
2026-08-26 17:43:00,0.0449132788926363
2026-08-26 17:44:00,0.0449132788926363
2026-08-26 17:45:00,0.04488577414304018
2026-08-26 17:46:00,0.04488577414304018
2026-08-26 17:47:00,0.04488577414304018
2026-08-26 17:48:00,0.04488577414304018
2026-08-26 17:49:00,0.04488577414304018
2026-08-26 17:50:00,0.043692002072930336
2026-08-26 17:51:00,0.043692002072930336
2026-08-26 17:52:00,0.043692002072930336
2026-08-26 17:53:00,0.043692002072930336
2026-08-26 17:54:00,0.043692002072930336
2026-08-26 17:55:00,0.04201751295477152
2026-08-26 17:56:00,0.04201751295477152
2026-08-26 17:57:00,0.04201751295477152
2026-08-26 17:58:00,0.04201751295477152
2026-08-26 17:59:00,0.04201751295477152
2026-08-26 18:00:00,0.04179740231484175
2026-08-26 18:01:00,0.04179740231484175
2026-08-26 18:02:00,0.04179740231484175
2026-08-26 18:03:00,0.04179740231484175
2026-08-26 18:04:00,0.04179740231484175
2026-08-26 18:05:00,0.043739248998463154
2026-08-26 18:06:00,0.043739248998463154
2026-08-26 18:07:00,0.043739248998463154
2026-08-26 18:08:00,0.043739248998463154
2026-08-26 18:09:00,0.043739248998463154
2026-08-26 18:10:00,0.04845035262405872
2026-08-26 18:11:00,0.04845035262405872
2026-08-26 18:12:00,0.04845035262405872
2026-08-26 18:13:00,0.04845035262405872
2026-08-26 18:14:00,0.04845035262405872
2026-08-26 18:15:00,0.05483016557991505
2026-08-26 18:16:00,0.05483016557991505
2026-08-26 18:17:00,0.05483016557991505
2026-08-26 18:18:00,0.05483016557991505
2026-08-26 18:19:00,0.05483016557991505
2026-08-26 18:20:00,0.06191525887697935
2026-08-26 18:21:00,0.06191525887697935
2026-08-26 18:22:00,0.06191525887697935
2026-08-26 18:23:00,0.06191525887697935
2026-08-26 18:24:00,0.06191525887697935
2026-08-26 18:25:00,0.06896610092371702
2026-08-26 18:26:00,0.06896610092371702
2026-08-26 18:27:00,0.06896610092371702
2026-08-26 18:28:00,0.06896610092371702
2026-08-26 18:29:00,0.06896610092371702
2026-08-26 18:30:00,0.07201769202947617
2026-08-26 18:31:00,0.07201769202947617
2026-08-26 18:32:00,0.07201769202947617
2026-08-26 18:33:00,0.07201769202947617
2026-08-26 18:34:00,0.07201769202947617
2026-08-26 18:35:00,0.0705797653645277
2026-08-26 18:36:00,0.0705797653645277
2026-08-26 18:37:00,0.0705797653645277
2026-08-26 18:38:00,0.0705797653645277
2026-08-26 18:39:00,0.0705797653645277
2026-08-26 18:40:00,0.06467932090163231
2026-08-26 18:41:00,0.06467932090163231
2026-08-26 18:42:00,0.06467932090163231
2026-08-26 18:43:00,0.06467932090163231
2026-08-26 18:44:00,0.06467932090163231
2026-08-26 18:45:00,0.05736268870532513
2026-08-26 18:46:00,0.05736268870532513
2026-08-26 18:47:00,0.05736268870532513
2026-08-26 18:48:00,0.05736268870532513
2026-08-26 18:49:00,0.05736268870532513
2026-08-26 18:50:00,0.05033932998776436
2026-08-26 18:51:00,0.05033932998776436
2026-08-26 18:52:00,0.05033932998776436
2026-08-26 18:53:00,0.05033932998776436
2026-08-26 18:54:00,0.05033932998776436
2026-08-26 18:55:00,0.047699758782982826
2026-08-26 18:56:00,0.047699758782982826
2026-08-26 18:57:00,0.047699758782982826
2026-08-26 18:58:00,0.047699758782982826
2026-08-26 18:59:00,0.047699758782982826
2026-08-26 19:00:00,0.04749652184545994
2026-08-26 19:01:00,0.04749652184545994
2026-08-26 19:02:00,0.04749652184545994
2026-08-26 19:03:00,0.04749652184545994
2026-08-26 19:04:00,0.04749652184545994
2026-08-26 19:05:00,0.04859685804694891
2026-08-26 19:06:00,0.04859685804694891
2026-08-26 19:07:00,0.04859685804694891
2026-08-26 19:08:00,0.04859685804694891
2026-08-26 19:09:00,0.04859685804694891
2026-08-26 19:10:00,0.048536243848502636
2026-08-26 19:11:00,0.048536243848502636
2026-08-26 19:12:00,0.048536243848502636
2026-08-26 19:13:00,0.048536243848502636
2026-08-26 19:14:00,0.048536243848502636
2026-08-26 19:15:00,0.04750693961977959
2026-08-26 19:16:00,0.04750693961977959
2026-08-26 19:17:00,0.04750693961977959
2026-08-26 19:18:00,0.04750693961977959
2026-08-26 19:19:00,0.04750693961977959
2026-08-26 19:20:00,0.04677896201610565
2026-08-26 19:21:00,0.04677896201610565
2026-08-26 19:22:00,0.04677896201610565
2026-08-26 19:23:00,0.04677896201610565
2026-08-26 19:24:00,0.04677896201610565
2026-08-26 19:25:00,0.04451638460159302
2026-08-26 19:26:00,0.04451638460159302
2026-08-26 19:27:00,0.04451638460159302
2026-08-26 19:28:00,0.04451638460159302
2026-08-26 19:29:00,0.04451638460159302
2026-08-26 19:30:00,0.044573879800736904
2026-08-26 19:31:00,0.044573879800736904
2026-08-26 19:32:00,0.044573879800736904
2026-08-26 19:33:00,0.044573879800736904
2026-08-26 19:34:00,0.044573879800736904
2026-08-26 19:35:00,0.04424869176000357
2026-08-26 19:36:00,0.04424869176000357
2026-08-26 19:37:00,0.04424869176000357
2026-08-26 19:38:00,0.04424869176000357
2026-08-26 19:39:00,0.04424869176000357
2026-08-26 19:40:00,0.04780999664217234
2026-08-26 19:41:00,0.04780999664217234
2026-08-26 19:42:00,0.04780999664217234
2026-08-26 19:43:00,0.04780999664217234
2026-08-26 19:44:00,0.04780999664217234
2026-08-26 19:45:00,0.058275239542126656
2026-08-26 19:46:00,0.058275239542126656
2026-08-26 19:47:00,0.058275239542126656
2026-08-26 19:48:00,0.058275239542126656
2026-08-26 19:49:00,0.058275239542126656
2026-08-26 19:50:00,0.06986220087856054
2026-08-26 19:51:00,0.06986220087856054
2026-08-26 19:52:00,0.06986220087856054
2026-08-26 19:53:00,0.06986220087856054
2026-08-26 19:54:00,0.06986220087856054
2026-08-26 19:55:00,0.08138659596443176
2026-08-26 19:56:00,0.08138659596443176
2026-08-26 19:57:00,0.08138659596443176
2026-08-26 19:58:00,0.08138659596443176
2026-08-26 19:59:00,0.08138659596443176
2026-08-26 20:00:00,0.08405871130526066
2026-08-26 20:01:00,0.08405871130526066
2026-08-26 20:02:00,0.08405871130526066
2026-08-26 20:03:00,0.08405871130526066
2026-08-26 20:04:00,0.08405871130526066
2026-08-26 20:05:00,0.07758776191622019
2026-08-26 20:06:00,0.07758776191622019
2026-08-26 20:07:00,0.07758776191622019
2026-08-26 20:08:00,0.07758776191622019
2026-08-26 20:09:00,0.07758776191622019
2026-08-26 20:10:00,0.073343719355762
2026-08-26 20:11:00,0.073343719355762
2026-08-26 20:12:00,0.073343719355762
2026-08-26 20:13:00,0.073343719355762
2026-08-26 20:14:00,0.073343719355762
2026-08-26 20:15:00,0.07230722066015005
2026-08-26 20:16:00,0.07230722066015005
2026-08-26 20:17:00,0.07230722066015005
2026-08-26 20:18:00,0.07230722066015005
2026-08-26 20:19:00,0.07230722066015005
2026-08-26 20:20:00,0.07142463978379965
2026-08-26 20:21:00,0.07142463978379965
2026-08-26 20:22:00,0.07142463978379965
2026-08-26 20:23:00,0.07142463978379965
2026-08-26 20:24:00,0.07142463978379965
2026-08-26 20:25:00,0.07165005058050156
2026-08-26 20:26:00,0.07165005058050156
2026-08-26 20:27:00,0.07165005058050156
2026-08-26 20:28:00,0.07165005058050156
2026-08-26 20:29:00,0.07165005058050156
2026-08-26 20:30:00,0.06818151939660311
2026-08-26 20:31:00,0.06818151939660311
2026-08-26 20:32:00,0.06818151939660311
2026-08-26 20:33:00,0.06818151939660311
2026-08-26 20:34:00,0.06818151939660311
2026-08-26 20:35:00,0.05912577826529741
2026-08-26 20:36:00,0.05912577826529741
2026-08-26 20:37:00,0.05912577826529741
2026-08-26 20:38:00,0.05912577826529741
2026-08-26 20:39:00,0.05912577826529741
2026-08-26 20:40:00,0.05725278612226248
2026-08-26 20:41:00,0.05725278612226248
2026-08-26 20:42:00,0.05725278612226248
2026-08-26 20:43:00,0.05725278612226248
2026-08-26 20:44:00,0.05725278612226248
2026-08-26 20:45:00,0.054157814010977745
2026-08-26 20:46:00,0.054157814010977745
2026-08-26 20:47:00,0.054157814010977745
2026-08-26 20:48:00,0.054157814010977745
2026-08-26 20:49:00,0.054157814010977745
2026-08-26 20:50:00,0.049865360371768475
2026-08-26 20:51:00,0.049865360371768475
2026-08-26 20:52:00,0.049865360371768475
2026-08-26 20:53:00,0.049865360371768475
2026-08-26 20:54:00,0.049865360371768475
2026-08-26 20:55:00,0.04783699940890074
2026-08-26 20:56:00,0.04783699940890074
2026-08-26 20:57:00,0.04783699940890074
2026-08-26 20:58:00,0.04783699940890074
2026-08-26 20:59:00,0.04783699940890074
2026-08-26 21:00:00,0.04323708266019821
2026-08-26 21:01:00,0.04323708266019821
2026-08-26 21:02:00,0.04323708266019821
2026-08-26 21:03:00,0.04323708266019821
2026-08-26 21:04:00,0.04323708266019821
2026-08-26 21:05:00,0.04338050540536642
2026-08-26 21:06:00,0.04338050540536642
2026-08-26 21:07:00,0.04338050540536642
2026-08-26 21:08:00,0.04338050540536642
2026-08-26 21:09:00,0.04338050540536642
2026-08-26 21:10:00,0.043797338381409645
2026-08-26 21:11:00,0.043797338381409645
2026-08-26 21:12:00,0.043797338381409645
2026-08-26 21:13:00,0.043797338381409645
2026-08-26 21:14:00,0.043797338381409645
2026-08-26 21:15:00,0.043701495975255966
2026-08-26 21:16:00,0.043701495975255966
2026-08-26 21:17:00,0.043701495975255966
2026-08-26 21:18:00,0.043701495975255966
2026-08-26 21:19:00,0.043701495975255966
2026-08-26 21:20:00,0.04536616988480091
2026-08-26 21:21:00,0.04536616988480091
2026-08-26 21:22:00,0.04536616988480091
2026-08-26 21:23:00,0.04536616988480091
2026-08-26 21:24:00,0.04536616988480091
2026-08-26 21:25:00,0.0501134991645813
2026-08-26 21:26:00,0.0501134991645813
2026-08-26 21:27:00,0.0501134991645813
2026-08-26 21:28:00,0.0501134991645813
2026-08-26 21:29:00,0.0501134991645813
2026-08-26 21:30:00,0.058773367665708065
2026-08-26 21:31:00,0.058773367665708065
2026-08-26 21:32:00,0.058773367665708065
2026-08-26 21:33:00,0.058773367665708065
2026-08-26 21:34:00,0.058773367665708065
2026-08-26 21:35:00,0.06592380162328482
2026-08-26 21:36:00,0.06592380162328482
2026-08-26 21:37:00,0.06592380162328482
2026-08-26 21:38:00,0.06592380162328482
2026-08-26 21:39:00,0.06592380162328482
2026-08-26 21:40:00,0.06995802000164986
2026-08-26 21:41:00,0.06995802000164986
2026-08-26 21:42:00,0.06995802000164986
2026-08-26 21:43:00,0.06995802000164986
2026-08-26 21:44:00,0.06995802000164986
2026-08-26 21:45:00,0.06410975474864244
2026-08-26 21:46:00,0.06410975474864244
2026-08-26 21:47:00,0.06410975474864244
2026-08-26 21:48:00,0.06410975474864244
2026-08-26 21:49:00,0.06410975474864244
2026-08-26 21:50:00,0.055462101474404335
2026-08-26 21:51:00,0.055462101474404335
2026-08-26 21:52:00,0.055462101474404335
2026-08-26 21:53:00,0.055462101474404335
2026-08-26 21:54:00,0.055462101474404335
2026-08-26 21:55:00,0.05001833848655224
2026-08-26 21:56:00,0.05001833848655224
2026-08-26 21:57:00,0.05001833848655224
2026-08-26 21:58:00,0.05001833848655224
2026-08-26 21:59:00,0.05001833848655224
2026-08-26 22:00:00,0.04743121936917305
2026-08-26 22:01:00,0.04743121936917305
2026-08-26 22:02:00,0.04743121936917305
2026-08-26 22:03:00,0.04743121936917305
2026-08-26 22:04:00,0.04743121936917305
2026-08-26 22:05:00,0.050865781493484974
2026-08-26 22:06:00,0.050865781493484974
2026-08-26 22:07:00,0.050865781493484974
2026-08-26 22:08:00,0.050865781493484974
2026-08-26 22:09:00,0.050865781493484974
2026-08-26 22:10:00,0.05562357138842344
2026-08-26 22:11:00,0.05562357138842344
2026-08-26 22:12:00,0.05562357138842344
2026-08-26 22:13:00,0.05562357138842344
2026-08-26 22:14:00,0.05562357138842344
2026-08-26 22:15:00,0.05946278292685747
2026-08-26 22:16:00,0.05946278292685747
2026-08-26 22:17:00,0.05946278292685747
2026-08-26 22:18:00,0.05946278292685747
2026-08-26 22:19:00,0.05946278292685747
2026-08-26 22:20:00,0.06281682197004557
2026-08-26 22:21:00,0.06281682197004557
2026-08-26 22:22:00,0.06281682197004557
2026-08-26 22:23:00,0.06281682197004557
2026-08-26 22:24:00,0.06281682197004557
2026-08-26 22:25:00,0.38326453510671854
2026-08-26 22:26:00,0.38326453510671854
2026-08-26 22:27:00,0.38326453510671854
2026-08-26 22:28:00,0.38326453510671854
2026-08-26 22:29:00,0.38326453510671854
2026-08-26 22:30:00,0.7022946309298277
2026-08-26 22:31:00,0.7022946309298277
2026-08-26 22:32:00,0.7022946309298277
2026-08-26 22:33:00,0.7022946309298277
2026-08-26 22:34:00,0.7022946309298277
2026-08-26 22:35:00,1.0206665266305208
2026-08-26 22:36:00,1.0206665266305208
2026-08-26 22:37:00,1.0206665266305208
2026-08-26 22:38:00,1.0206665266305208
2026-08-26 22:39:00,1.0206665266305208
2026-08-26 22:40:00,1.3384006917476654
2026-08-26 22:41:00,1.3384006917476654
2026-08-26 22:42:00,1.3384006917476654
2026-08-26 22:43:00,1.3384006917476654
2026-08-26 22:44:00,1.3384006917476654
2026-08-26 22:45:00,1.107282854616642
2026-08-26 22:46:00,1.107282854616642
2026-08-26 22:47:00,1.107282854616642
2026-08-26 22:48:00,1.107282854616642
2026-08-26 22:49:00,1.107282854616642
2026-08-26 22:50:00,0.8754291087388992
2026-08-26 22:51:00,0.8754291087388992
2026-08-26 22:52:00,0.8754291087388992
2026-08-26 22:53:00,0.8754291087388992
2026-08-26 22:54:00,0.8754291087388992
2026-08-26 22:55:00,0.6444039270281792
2026-08-26 22:56:00,0.6444039270281792
2026-08-26 22:57:00,0.6444039270281792
2026-08-26 22:58:00,0.6444039270281792
2026-08-26 22:59:00,0.6444039270281792
2026-08-26 23:00:00,0.41292576491832733
2026-08-26 23:01:00,0.41292576491832733
2026-08-26 23:02:00,0.41292576491832733
2026-08-26 23:03:00,0.41292576491832733
2026-08-26 23:04:00,0.41292576491832733
2026-08-26 23:05:00,0.41303112357854843
2026-08-26 23:06:00,0.41303112357854843
2026-08-26 23:07:00,0.41303112357854843
2026-08-26 23:08:00,0.41303112357854843
2026-08-26 23:09:00,0.41303112357854843
2026-08-26 23:10:00,0.4143921509385109
2026-08-26 23:11:00,0.4143921509385109
2026-08-26 23:12:00,0.4143921509385109
2026-08-26 23:13:00,0.4143921509385109
2026-08-26 23:14:00,0.4143921509385109
2026-08-26 23:15:00,0.4148229956626892
2026-08-26 23:16:00,0.4148229956626892
2026-08-26 23:17:00,0.4148229956626892
2026-08-26 23:18:00,0.4148229956626892
2026-08-26 23:19:00,0.4148229956626892
2026-08-26 23:20:00,0.4161323234438896
2026-08-26 23:21:00,0.4161323234438896
2026-08-26 23:22:00,0.4161323234438896
2026-08-26 23:23:00,0.4161323234438896
2026-08-26 23:24:00,0.4161323234438896
2026-08-26 23:25:00,0.41685938090085983
2026-08-26 23:26:00,0.41685938090085983
2026-08-26 23:27:00,0.41685938090085983
2026-08-26 23:28:00,0.41685938090085983
2026-08-26 23:29:00,0.41685938090085983
2026-08-26 23:30:00,0.4166755676269531
2026-08-26 23:31:00,0.4166755676269531
2026-08-26 23:32:00,0.4166755676269531
2026-08-26 23:33:00,0.4166755676269531
2026-08-26 23:34:00,0.4166755676269531
2026-08-26 23:35:00,0.41695910692214966
2026-08-26 23:36:00,0.41695910692214966
2026-08-26 23:37:00,0.41695910692214966
2026-08-26 23:38:00,0.41695910692214966
2026-08-26 23:39:00,0.41695910692214966
2026-08-26 23:40:00,0.41696709394454956
2026-08-26 23:41:00,0.41696709394454956
2026-08-26 23:42:00,0.41696709394454956
2026-08-26 23:43:00,0.41696709394454956
2026-08-26 23:44:00,0.41696709394454956
2026-08-26 23:45:00,0.3271134402602911
2026-08-26 23:46:00,0.3271134402602911
2026-08-26 23:47:00,0.3271134402602911
2026-08-26 23:48:00,0.3271134402602911
2026-08-26 23:49:00,0.3271134402602911
2026-08-26 23:50:00,0.23882207088172436
2026-08-26 23:51:00,0.23882207088172436
2026-08-26 23:52:00,0.23882207088172436
2026-08-26 23:53:00,0.23882207088172436
2026-08-26 23:54:00,0.23882207088172436
2026-08-26 23:55:00,0.21551659516990185
2026-08-26 23:56:00,0.21551659516990185
2026-08-26 23:57:00,0.21551659516990185
2026-08-26 23:58:00,0.21551659516990185
2026-08-26 23:59:00,0.21551659516990185
2026-08-27 00:00:00,0.18976124934852123
2026-08-27 00:01:00,0.18976124934852123
2026-08-27 00:02:00,0.18976124934852123
2026-08-27 00:03:00,0.18976124934852123
2026-08-27 00:04:00,0.18976124934852123
2026-08-27 00:05:00,0.2534550651907921
2026-08-27 00:06:00,0.2534550651907921
2026-08-27 00:07:00,0.2534550651907921
2026-08-27 00:08:00,0.2534550651907921
2026-08-27 00:09:00,0.2534550651907921
2026-08-27 00:10:00,0.3156537637114525
2026-08-27 00:11:00,0.3156537637114525
2026-08-27 00:12:00,0.3156537637114525
2026-08-27 00:13:00,0.3156537637114525
2026-08-27 00:14:00,0.3156537637114525
2026-08-27 00:15:00,0.2505766488611698
2026-08-27 00:16:00,0.2505766488611698
2026-08-27 00:17:00,0.2505766488611698
2026-08-27 00:18:00,0.2505766488611698
2026-08-27 00:19:00,0.2505766488611698
2026-08-27 00:20:00,0.18718815315514803
2026-08-27 00:21:00,0.18718815315514803
2026-08-27 00:22:00,0.18718815315514803
2026-08-27 00:23:00,0.18718815315514803
2026-08-27 00:24:00,0.18718815315514803
2026-08-27 00:25:00,0.1256206789985299
2026-08-27 00:26:00,0.1256206789985299
2026-08-27 00:27:00,0.1256206789985299
2026-08-27 00:28:00,0.1256206789985299
2026-08-27 00:29:00,0.1256206789985299
2026-08-27 00:30:00,0.06584280822426081
2026-08-27 00:31:00,0.06584280822426081
2026-08-27 00:32:00,0.06584280822426081
2026-08-27 00:33:00,0.06584280822426081
2026-08-27 00:34:00,0.06584280822426081
2026-08-27 00:35:00,0.06886937189847231
2026-08-27 00:36:00,0.06886937189847231
2026-08-27 00:37:00,0.06886937189847231
2026-08-27 00:38:00,0.06886937189847231
2026-08-27 00:39:00,0.06886937189847231
2026-08-27 00:40:00,0.07322370819747448
2026-08-27 00:41:00,0.07322370819747448
2026-08-27 00:42:00,0.07322370819747448
2026-08-27 00:43:00,0.07322370819747448
2026-08-27 00:44:00,0.07322370819747448
2026-08-27 00:45:00,0.074786726385355
2026-08-27 00:46:00,0.074786726385355
2026-08-27 00:47:00,0.074786726385355
2026-08-27 00:48:00,0.074786726385355
2026-08-27 00:49:00,0.074786726385355
2026-08-27 00:50:00,0.07405277714133263
2026-08-27 00:51:00,0.07405277714133263
2026-08-27 00:52:00,0.07405277714133263
2026-08-27 00:53:00,0.07405277714133263
2026-08-27 00:54:00,0.07405277714133263
2026-08-27 00:55:00,0.07095114886760712
2026-08-27 00:56:00,0.07095114886760712
2026-08-27 00:57:00,0.07095114886760712
2026-08-27 00:58:00,0.07095114886760712
2026-08-27 00:59:00,0.07095114886760712
2026-08-27 01:00:00,0.06777966395020485
2026-08-27 01:01:00,0.06777966395020485
2026-08-27 01:02:00,0.06777966395020485
2026-08-27 01:03:00,0.06777966395020485
2026-08-27 01:04:00,0.06777966395020485
2026-08-27 01:05:00,0.06306754052639008
2026-08-27 01:06:00,0.06306754052639008
2026-08-27 01:07:00,0.06306754052639008
2026-08-27 01:08:00,0.06306754052639008
2026-08-27 01:09:00,0.06306754052639008
2026-08-27 01:10:00,0.05911713372915983
2026-08-27 01:11:00,0.05911713372915983
2026-08-27 01:12:00,0.05911713372915983
2026-08-27 01:13:00,0.05911713372915983
2026-08-27 01:14:00,0.05911713372915983
2026-08-27 01:15:00,0.05364579427987337
2026-08-27 01:16:00,0.05364579427987337
2026-08-27 01:17:00,0.05364579427987337
2026-08-27 01:18:00,0.05364579427987337
2026-08-27 01:19:00,0.05364579427987337
2026-08-27 01:20:00,0.04743694234639406
2026-08-27 01:21:00,0.04743694234639406
2026-08-27 01:22:00,0.04743694234639406
2026-08-27 01:23:00,0.04743694234639406
2026-08-27 01:24:00,0.04743694234639406
2026-08-27 01:25:00,0.04403456300497055
2026-08-27 01:26:00,0.04403456300497055
2026-08-27 01:27:00,0.04403456300497055
2026-08-27 01:28:00,0.04403456300497055
2026-08-27 01:29:00,0.04403456300497055
2026-08-27 01:30:00,0.0442123431712389
2026-08-27 01:31:00,0.0442123431712389
2026-08-27 01:32:00,0.0442123431712389
2026-08-27 01:33:00,0.0442123431712389
2026-08-27 01:34:00,0.0442123431712389
2026-08-27 01:35:00,0.04835522547364235
2026-08-27 01:36:00,0.04835522547364235
2026-08-27 01:37:00,0.04835522547364235
2026-08-27 01:38:00,0.04835522547364235
2026-08-27 01:39:00,0.04835522547364235
2026-08-27 01:40:00,0.05282221548259258
2026-08-27 01:41:00,0.05282221548259258
2026-08-27 01:42:00,0.05282221548259258
2026-08-27 01:43:00,0.05282221548259258
2026-08-27 01:44:00,0.05282221548259258
2026-08-27 01:45:00,0.05648190341889858
2026-08-27 01:46:00,0.05648190341889858
2026-08-27 01:47:00,0.05648190341889858
2026-08-27 01:48:00,0.05648190341889858
2026-08-27 01:49:00,0.05648190341889858
2026-08-27 01:50:00,0.05435500666499138
2026-08-27 01:51:00,0.05435500666499138
2026-08-27 01:52:00,0.05435500666499138
2026-08-27 01:53:00,0.05435500666499138
2026-08-27 01:54:00,0.05435500666499138
2026-08-27 01:55:00,0.05353660602122545
2026-08-27 01:56:00,0.05353660602122545
2026-08-27 01:57:00,0.05353660602122545
2026-08-27 01:58:00,0.05353660602122545
2026-08-27 01:59:00,0.05353660602122545
2026-08-27 02:00:00,0.0581142446026206
2026-08-27 02:01:00,0.0581142446026206
2026-08-27 02:02:00,0.0581142446026206
2026-08-27 02:03:00,0.0581142446026206
2026-08-27 02:04:00,0.0581142446026206
2026-08-27 02:05:00,0.06400692649185658
2026-08-27 02:06:00,0.06400692649185658
2026-08-27 02:07:00,0.06400692649185658
2026-08-27 02:08:00,0.06400692649185658
2026-08-27 02:09:00,0.06400692649185658
2026-08-27 02:10:00,0.07267125975340605
2026-08-27 02:11:00,0.07267125975340605
2026-08-27 02:12:00,0.07267125975340605
2026-08-27 02:13:00,0.07267125975340605
2026-08-27 02:14:00,0.07267125975340605
2026-08-27 02:15:00,0.07552784867584705
2026-08-27 02:16:00,0.07552784867584705
2026-08-27 02:17:00,0.07552784867584705
2026-08-27 02:18:00,0.07552784867584705
2026-08-27 02:19:00,0.07552784867584705
2026-08-27 02:20:00,0.07062533777207136
2026-08-27 02:21:00,0.07062533777207136
2026-08-27 02:22:00,0.07062533777207136
2026-08-27 02:23:00,0.07062533777207136
2026-08-27 02:24:00,0.07062533777207136
2026-08-27 02:25:00,0.06544671393930912
2026-08-27 02:26:00,0.06544671393930912
2026-08-27 02:27:00,0.06544671393930912
2026-08-27 02:28:00,0.06544671393930912
2026-08-27 02:29:00,0.06544671393930912
2026-08-27 02:30:00,0.05961254518479109
2026-08-27 02:31:00,0.05961254518479109
2026-08-27 02:32:00,0.05961254518479109
2026-08-27 02:33:00,0.05961254518479109
2026-08-27 02:34:00,0.05961254518479109
2026-08-27 02:35:00,0.058674721978604794
2026-08-27 02:36:00,0.058674721978604794
2026-08-27 02:37:00,0.058674721978604794
2026-08-27 02:38:00,0.058674721978604794
2026-08-27 02:39:00,0.058674721978604794
2026-08-27 02:40:00,0.05698118172585964
2026-08-27 02:41:00,0.05698118172585964
2026-08-27 02:42:00,0.05698118172585964
2026-08-27 02:43:00,0.05698118172585964
2026-08-27 02:44:00,0.05698118172585964
2026-08-27 02:45:00,0.07649128418415785
2026-08-27 02:46:00,0.07649128418415785
2026-08-27 02:47:00,0.07649128418415785
2026-08-27 02:48:00,0.07649128418415785
2026-08-27 02:49:00,0.07649128418415785
2026-08-27 02:50:00,0.09484957344830036
2026-08-27 02:51:00,0.09484957344830036
2026-08-27 02:52:00,0.09484957344830036
2026-08-27 02:53:00,0.09484957344830036
2026-08-27 02:54:00,0.09484957344830036
2026-08-27 02:55:00,0.1115067508071661
2026-08-27 02:56:00,0.1115067508071661
2026-08-27 02:57:00,0.1115067508071661
2026-08-27 02:58:00,0.1115067508071661
2026-08-27 02:59:00,0.1115067508071661
2026-08-27 03:00:00,0.13156796246767044
2026-08-27 03:01:00,0.13156796246767044
2026-08-27 03:02:00,0.13156796246767044
2026-08-27 03:03:00,0.13156796246767044
2026-08-27 03:04:00,0.13156796246767044
2026-08-27 03:05:00,0.11168002150952816
2026-08-27 03:06:00,0.11168002150952816
2026-08-27 03:07:00,0.11168002150952816
2026-08-27 03:08:00,0.11168002150952816
2026-08-27 03:09:00,0.11168002150952816
2026-08-27 03:10:00,0.09534545242786407
2026-08-27 03:11:00,0.09534545242786407
2026-08-27 03:12:00,0.09534545242786407
2026-08-27 03:13:00,0.09534545242786407
2026-08-27 03:14:00,0.09534545242786407
2026-08-27 03:15:00,0.07965766452252865
2026-08-27 03:16:00,0.07965766452252865
2026-08-27 03:17:00,0.07965766452252865
2026-08-27 03:18:00,0.07965766452252865
2026-08-27 03:19:00,0.07965766452252865
2026-08-27 03:20:00,0.06129831448197365
2026-08-27 03:21:00,0.06129831448197365
2026-08-27 03:22:00,0.06129831448197365
2026-08-27 03:23:00,0.06129831448197365
2026-08-27 03:24:00,0.06129831448197365
2026-08-27 03:25:00,0.060884905979037285
2026-08-27 03:26:00,0.060884905979037285
2026-08-27 03:27:00,0.060884905979037285
2026-08-27 03:28:00,0.060884905979037285
2026-08-27 03:29:00,0.060884905979037285
2026-08-27 03:30:00,0.05636820290237665
2026-08-27 03:31:00,0.05636820290237665
2026-08-27 03:32:00,0.05636820290237665
2026-08-27 03:33:00,0.05636820290237665
2026-08-27 03:34:00,0.05636820290237665
2026-08-27 03:35:00,0.05254779011011124
2026-08-27 03:36:00,0.05254779011011124
2026-08-27 03:37:00,0.05254779011011124
2026-08-27 03:38:00,0.05254779011011124
2026-08-27 03:39:00,0.05254779011011124
2026-08-27 03:40:00,0.04780658707022667
2026-08-27 03:41:00,0.04780658707022667
2026-08-27 03:42:00,0.04780658707022667
2026-08-27 03:43:00,0.04780658707022667
2026-08-27 03:44:00,0.04780658707022667
2026-08-27 03:45:00,0.044259507209062576
2026-08-27 03:46:00,0.044259507209062576
2026-08-27 03:47:00,0.044259507209062576
2026-08-27 03:48:00,0.044259507209062576
2026-08-27 03:49:00,0.044259507209062576
2026-08-27 03:50:00,0.04369985964149237
2026-08-27 03:51:00,0.04369985964149237
2026-08-27 03:52:00,0.04369985964149237
2026-08-27 03:53:00,0.04369985964149237
2026-08-27 03:54:00,0.04369985964149237
2026-08-27 03:55:00,0.04337308835238218
2026-08-27 03:56:00,0.04337308835238218
2026-08-27 03:57:00,0.04337308835238218
2026-08-27 03:58:00,0.04337308835238218
2026-08-27 03:59:00,0.04337308835238218
2026-08-27 04:00:00,0.045673090033233166
2026-08-27 04:01:00,0.045673090033233166
2026-08-27 04:02:00,0.045673090033233166
2026-08-27 04:03:00,0.045673090033233166
2026-08-27 04:04:00,0.045673090033233166
2026-08-27 04:05:00,0.04725950863212347
2026-08-27 04:06:00,0.04725950863212347
2026-08-27 04:07:00,0.04725950863212347
2026-08-27 04:08:00,0.04725950863212347
2026-08-27 04:09:00,0.04725950863212347
2026-08-27 04:10:00,0.04658906161785126
2026-08-27 04:11:00,0.04658906161785126
2026-08-27 04:12:00,0.04658906161785126
2026-08-27 04:13:00,0.04658906161785126
2026-08-27 04:14:00,0.04658906161785126
2026-08-27 04:15:00,0.04584052134305239
2026-08-27 04:16:00,0.04584052134305239
2026-08-27 04:17:00,0.04584052134305239
2026-08-27 04:18:00,0.04584052134305239
2026-08-27 04:19:00,0.04584052134305239
2026-08-27 04:20:00,0.04522975068539381
2026-08-27 04:21:00,0.04522975068539381
2026-08-27 04:22:00,0.04522975068539381
2026-08-27 04:23:00,0.04522975068539381
2026-08-27 04:24:00,0.04522975068539381
2026-08-27 04:25:00,0.04331966210156679
2026-08-27 04:26:00,0.04331966210156679
2026-08-27 04:27:00,0.04331966210156679
2026-08-27 04:28:00,0.04331966210156679
2026-08-27 04:29:00,0.04331966210156679
2026-08-27 04:30:00,0.04370771534740925
2026-08-27 04:31:00,0.04370771534740925
2026-08-27 04:32:00,0.04370771534740925
2026-08-27 04:33:00,0.04370771534740925
2026-08-27 04:34:00,0.04370771534740925
2026-08-27 04:35:00,0.04411316476762295
2026-08-27 04:36:00,0.04411316476762295
2026-08-27 04:37:00,0.04411316476762295
2026-08-27 04:38:00,0.04411316476762295
2026-08-27 04:39:00,0.04411316476762295
2026-08-27 04:40:00,0.04487445950508118
2026-08-27 04:41:00,0.04487445950508118
2026-08-27 04:42:00,0.04487445950508118
2026-08-27 04:43:00,0.04487445950508118
2026-08-27 04:44:00,0.04487445950508118
2026-08-27 04:45:00,0.048265425488352776
2026-08-27 04:46:00,0.048265425488352776
2026-08-27 04:47:00,0.048265425488352776
2026-08-27 04:48:00,0.048265425488352776
2026-08-27 04:49:00,0.048265425488352776
2026-08-27 04:50:00,0.05118516739457846
2026-08-27 04:51:00,0.05118516739457846
2026-08-27 04:52:00,0.05118516739457846
2026-08-27 04:53:00,0.05118516739457846
2026-08-27 04:54:00,0.05118516739457846
2026-08-27 04:55:00,0.050346508622169495
2026-08-27 04:56:00,0.050346508622169495
2026-08-27 04:57:00,0.050346508622169495
2026-08-27 04:58:00,0.050346508622169495
2026-08-27 04:59:00,0.050346508622169495
2026-08-27 05:00:00,0.049482800997793674
2026-08-27 05:01:00,0.049482800997793674
2026-08-27 05:02:00,0.049482800997793674
2026-08-27 05:03:00,0.049482800997793674
2026-08-27 05:04:00,0.049482800997793674
2026-08-27 05:05:00,0.0870803901925683
2026-08-27 05:06:00,0.0870803901925683
2026-08-27 05:07:00,0.0870803901925683
2026-08-27 05:08:00,0.0870803901925683
2026-08-27 05:09:00,0.0870803901925683
2026-08-27 05:10:00,0.12356579862535
2026-08-27 05:11:00,0.12356579862535
2026-08-27 05:12:00,0.12356579862535
2026-08-27 05:13:00,0.12356579862535
2026-08-27 05:14:00,0.12356579862535
2026-08-27 05:15:00,0.16452281083911657
2026-08-27 05:16:00,0.16452281083911657
2026-08-27 05:17:00,0.16452281083911657
2026-08-27 05:18:00,0.16452281083911657
2026-08-27 05:19:00,0.16452281083911657
2026-08-27 05:20:00,0.2040754221379757
2026-08-27 05:21:00,0.2040754221379757
2026-08-27 05:22:00,0.2040754221379757
2026-08-27 05:23:00,0.2040754221379757
2026-08-27 05:24:00,0.2040754221379757
2026-08-27 05:25:00,0.1658070432022214
2026-08-27 05:26:00,0.1658070432022214
2026-08-27 05:27:00,0.1658070432022214
2026-08-27 05:28:00,0.1658070432022214
2026-08-27 05:29:00,0.1658070432022214
2026-08-27 05:30:00,0.1273213652893901
2026-08-27 05:31:00,0.1273213652893901
2026-08-27 05:32:00,0.1273213652893901
2026-08-27 05:33:00,0.1273213652893901
2026-08-27 05:34:00,0.1273213652893901
2026-08-27 05:35:00,0.08778384886682034
2026-08-27 05:36:00,0.08778384886682034
2026-08-27 05:37:00,0.08778384886682034
2026-08-27 05:38:00,0.08778384886682034
2026-08-27 05:39:00,0.08778384886682034
2026-08-27 05:40:00,0.049963461235165596
2026-08-27 05:41:00,0.049963461235165596
2026-08-27 05:42:00,0.049963461235165596
2026-08-27 05:43:00,0.049963461235165596
2026-08-27 05:44:00,0.049963461235165596
2026-08-27 05:45:00,0.051320853643119335
2026-08-27 05:46:00,0.051320853643119335
2026-08-27 05:47:00,0.051320853643119335
2026-08-27 05:48:00,0.051320853643119335
2026-08-27 05:49:00,0.051320853643119335
2026-08-27 05:50:00,0.08120258990675211
2026-08-27 05:51:00,0.08120258990675211
2026-08-27 05:52:00,0.08120258990675211
2026-08-27 05:53:00,0.08120258990675211
2026-08-27 05:54:00,0.08120258990675211
2026-08-27 05:55:00,0.1096267644315958
2026-08-27 05:56:00,0.1096267644315958
2026-08-27 05:57:00,0.1096267644315958
2026-08-27 05:58:00,0.1096267644315958
2026-08-27 05:59:00,0.1096267644315958
2026-08-27 06:00:00,0.1373568568378687
2026-08-27 06:01:00,0.1373568568378687
2026-08-27 06:02:00,0.1373568568378687
2026-08-27 06:03:00,0.1373568568378687
2026-08-27 06:04:00,0.1373568568378687
2026-08-27 06:05:00,0.16492507234215736
2026-08-27 06:06:00,0.16492507234215736
2026-08-27 06:07:00,0.16492507234215736
2026-08-27 06:08:00,0.16492507234215736
2026-08-27 06:09:00,0.16492507234215736
2026-08-27 06:10:00,0.34557634592056274
2026-08-27 06:11:00,0.34557634592056274
2026-08-27 06:12:00,0.34557634592056274
2026-08-27 06:13:00,0.34557634592056274
2026-08-27 06:14:00,0.34557634592056274
2026-08-27 06:15:00,0.5269435048103333
2026-08-27 06:16:00,0.5269435048103333
2026-08-27 06:17:00,0.5269435048103333
2026-08-27 06:18:00,0.5269435048103333
2026-08-27 06:19:00,0.5269435048103333
2026-08-27 06:20:00,0.7085518464446068
2026-08-27 06:21:00,0.7085518464446068
2026-08-27 06:22:00,0.7085518464446068
2026-08-27 06:23:00,0.7085518464446068
2026-08-27 06:24:00,0.7085518464446068
2026-08-27 06:25:00,0.8905887603759766
2026-08-27 06:26:00,0.8905887603759766
2026-08-27 06:27:00,0.8905887603759766
2026-08-27 06:28:00,0.8905887603759766
2026-08-27 06:29:00,0.8905887603759766
2026-08-27 06:30:00,0.8447451591491699
2026-08-27 06:31:00,0.8447451591491699
2026-08-27 06:32:00,0.8447451591491699
2026-08-27 06:33:00,0.8447451591491699
2026-08-27 06:34:00,0.8447451591491699
2026-08-27 06:35:00,0.8728351145982742
2026-08-27 06:36:00,0.8728351145982742
2026-08-27 06:37:00,0.8728351145982742
2026-08-27 06:38:00,0.8728351145982742
2026-08-27 06:39:00,0.8728351145982742
2026-08-27 06:40:00,0.9006191343069077
2026-08-27 06:41:00,0.9006191343069077
2026-08-27 06:42:00,0.9006191343069077
2026-08-27 06:43:00,0.9006191343069077
2026-08-27 06:44:00,0.9006191343069077
2026-08-27 06:45:00,0.9274402260780334
2026-08-27 06:46:00,0.9274402260780334
2026-08-27 06:47:00,0.9274402260780334
2026-08-27 06:48:00,0.9274402260780334
2026-08-27 06:49:00,0.9274402260780334
2026-08-27 06:50:00,0.9867693036794662
2026-08-27 06:51:00,0.9867693036794662
2026-08-27 06:52:00,0.9867693036794662
2026-08-27 06:53:00,0.9867693036794662
2026-08-27 06:54:00,0.9867693036794662
2026-08-27 06:55:00,0.7801768109202385
2026-08-27 06:56:00,0.7801768109202385
2026-08-27 06:57:00,0.7801768109202385
2026-08-27 06:58:00,0.7801768109202385
2026-08-27 06:59:00,0.7801768109202385
2026-08-27 07:00:00,0.573151558637619
2026-08-27 07:01:00,0.573151558637619
2026-08-27 07:02:00,0.573151558637619
2026-08-27 07:03:00,0.573151558637619
2026-08-27 07:04:00,0.573151558637619
2026-08-27 07:05:00,0.36521678790450096
2026-08-27 07:06:00,0.36521678790450096
2026-08-27 07:07:00,0.36521678790450096
2026-08-27 07:08:00,0.36521678790450096
2026-08-27 07:09:00,0.36521678790450096
2026-08-27 07:10:00,0.17084800079464912
2026-08-27 07:11:00,0.17084800079464912
2026-08-27 07:12:00,0.17084800079464912
2026-08-27 07:13:00,0.17084800079464912
2026-08-27 07:14:00,0.17084800079464912
2026-08-27 07:15:00,0.16907673329114914
2026-08-27 07:16:00,0.16907673329114914
2026-08-27 07:17:00,0.16907673329114914
2026-08-27 07:18:00,0.16907673329114914
2026-08-27 07:19:00,0.16907673329114914
2026-08-27 07:20:00,0.16906048357486725
2026-08-27 07:21:00,0.16906048357486725
2026-08-27 07:22:00,0.16906048357486725
2026-08-27 07:23:00,0.16906048357486725
2026-08-27 07:24:00,0.16906048357486725
2026-08-27 07:25:00,0.16942493617534637
2026-08-27 07:26:00,0.16942493617534637
2026-08-27 07:27:00,0.16942493617534637
2026-08-27 07:28:00,0.16942493617534637
2026-08-27 07:29:00,0.16942493617534637
2026-08-27 07:30:00,0.1683172695338726
2026-08-27 07:31:00,0.1683172695338726
2026-08-27 07:32:00,0.1683172695338726
2026-08-27 07:33:00,0.1683172695338726
2026-08-27 07:34:00,0.1683172695338726
2026-08-27 07:35:00,0.16602566838264465
2026-08-27 07:36:00,0.16602566838264465
2026-08-27 07:37:00,0.16602566838264465
2026-08-27 07:38:00,0.16602566838264465
2026-08-27 07:39:00,0.16602566838264465
2026-08-27 07:40:00,0.16212284192442894
2026-08-27 07:41:00,0.16212284192442894
2026-08-27 07:42:00,0.16212284192442894
2026-08-27 07:43:00,0.16212284192442894
2026-08-27 07:44:00,0.16212284192442894
2026-08-27 07:45:00,0.15947005152702332
2026-08-27 07:46:00,0.15947005152702332
2026-08-27 07:47:00,0.15947005152702332
2026-08-27 07:48:00,0.15947005152702332
2026-08-27 07:49:00,0.15947005152702332
2026-08-27 07:50:00,0.15481264889240265
2026-08-27 07:51:00,0.15481264889240265
2026-08-27 07:52:00,0.15481264889240265
2026-08-27 07:53:00,0.15481264889240265
2026-08-27 07:54:00,0.15481264889240265
2026-08-27 07:55:00,0.12747465539723635
2026-08-27 07:56:00,0.12747465539723635
2026-08-27 07:57:00,0.12747465539723635
2026-08-27 07:58:00,0.12747465539723635
2026-08-27 07:59:00,0.12747465539723635
2026-08-27 08:00:00,0.10253937728703022
2026-08-27 08:01:00,0.10253937728703022
2026-08-27 08:02:00,0.10253937728703022
2026-08-27 08:03:00,0.10253937728703022
2026-08-27 08:04:00,0.10253937728703022
2026-08-27 08:05:00,0.0739591233432293
2026-08-27 08:06:00,0.0739591233432293
2026-08-27 08:07:00,0.0739591233432293
2026-08-27 08:08:00,0.0739591233432293
2026-08-27 08:09:00,0.0739591233432293
2026-08-27 08:10:00,0.0482195345684886
2026-08-27 08:11:00,0.0482195345684886
2026-08-27 08:12:00,0.0482195345684886
2026-08-27 08:13:00,0.0482195345684886
2026-08-27 08:14:00,0.0482195345684886
2026-08-27 08:15:00,0.08610518462955952
2026-08-27 08:16:00,0.08610518462955952
2026-08-27 08:17:00,0.08610518462955952
2026-08-27 08:18:00,0.08610518462955952
2026-08-27 08:19:00,0.08610518462955952
2026-08-27 08:20:00,0.12198607344180346
2026-08-27 08:21:00,0.12198607344180346
2026-08-27 08:22:00,0.12198607344180346
2026-08-27 08:23:00,0.12198607344180346
2026-08-27 08:24:00,0.12198607344180346
2026-08-27 08:25:00,0.1600717967376113
2026-08-27 08:26:00,0.1600717967376113
2026-08-27 08:27:00,0.1600717967376113
2026-08-27 08:28:00,0.1600717967376113
2026-08-27 08:29:00,0.1600717967376113
2026-08-27 08:30:00,0.19872014597058296
2026-08-27 08:31:00,0.19872014597058296
2026-08-27 08:32:00,0.19872014597058296
2026-08-27 08:33:00,0.19872014597058296
2026-08-27 08:34:00,0.19872014597058296
2026-08-27 08:35:00,0.16486596502363682
2026-08-27 08:36:00,0.16486596502363682
2026-08-27 08:37:00,0.16486596502363682
2026-08-27 08:38:00,0.16486596502363682
2026-08-27 08:39:00,0.16486596502363682
2026-08-27 08:40:00,0.1336129754781723
2026-08-27 08:41:00,0.1336129754781723
2026-08-27 08:42:00,0.1336129754781723
2026-08-27 08:43:00,0.1336129754781723
2026-08-27 08:44:00,0.1336129754781723
2026-08-27 08:45:00,0.10344885475933552
2026-08-27 08:46:00,0.10344885475933552
2026-08-27 08:47:00,0.10344885475933552
2026-08-27 08:48:00,0.10344885475933552
2026-08-27 08:49:00,0.10344885475933552
2026-08-27 08:50:00,0.07180466689169407
2026-08-27 08:51:00,0.07180466689169407
2026-08-27 08:52:00,0.07180466689169407
2026-08-27 08:53:00,0.07180466689169407
2026-08-27 08:54:00,0.07180466689169407
2026-08-27 08:55:00,0.07125415466725826
2026-08-27 08:56:00,0.07125415466725826
2026-08-27 08:57:00,0.07125415466725826
2026-08-27 08:58:00,0.07125415466725826
2026-08-27 08:59:00,0.07125415466725826
2026-08-27 09:00:00,0.06582436710596085
2026-08-27 09:01:00,0.06582436710596085
2026-08-27 09:02:00,0.06582436710596085
2026-08-27 09:03:00,0.06582436710596085
2026-08-27 09:04:00,0.06582436710596085
2026-08-27 09:05:00,0.062384165823459625
2026-08-27 09:06:00,0.062384165823459625
2026-08-27 09:07:00,0.062384165823459625
2026-08-27 09:08:00,0.062384165823459625
2026-08-27 09:09:00,0.062384165823459625
2026-08-27 09:10:00,0.06050206534564495
2026-08-27 09:11:00,0.06050206534564495
2026-08-27 09:12:00,0.06050206534564495
2026-08-27 09:13:00,0.06050206534564495
2026-08-27 09:14:00,0.06050206534564495
2026-08-27 09:15:00,0.062175435945391655
2026-08-27 09:16:00,0.062175435945391655
2026-08-27 09:17:00,0.062175435945391655
2026-08-27 09:18:00,0.062175435945391655
2026-08-27 09:19:00,0.062175435945391655
2026-08-27 09:20:00,0.06723689660429955
2026-08-27 09:21:00,0.06723689660429955
2026-08-27 09:22:00,0.06723689660429955
2026-08-27 09:23:00,0.06723689660429955
2026-08-27 09:24:00,0.06723689660429955
2026-08-27 09:25:00,0.06642781384289265
2026-08-27 09:26:00,0.06642781384289265
2026-08-27 09:27:00,0.06642781384289265
2026-08-27 09:28:00,0.06642781384289265
2026-08-27 09:29:00,0.06642781384289265
2026-08-27 09:30:00,0.06763423606753349
2026-08-27 09:31:00,0.06763423606753349
2026-08-27 09:32:00,0.06763423606753349
2026-08-27 09:33:00,0.06763423606753349
2026-08-27 09:34:00,0.06763423606753349
2026-08-27 09:35:00,0.0652457494288683
2026-08-27 09:36:00,0.0652457494288683
2026-08-27 09:37:00,0.0652457494288683
2026-08-27 09:38:00,0.0652457494288683
2026-08-27 09:39:00,0.0652457494288683
2026-08-27 09:40:00,0.060317172668874264
2026-08-27 09:41:00,0.060317172668874264
2026-08-27 09:42:00,0.060317172668874264
2026-08-27 09:43:00,0.060317172668874264
2026-08-27 09:44:00,0.060317172668874264
2026-08-27 09:45:00,0.05933274421840906
2026-08-27 09:46:00,0.05933274421840906
2026-08-27 09:47:00,0.05933274421840906
2026-08-27 09:48:00,0.05933274421840906
2026-08-27 09:49:00,0.05933274421840906
2026-08-27 09:50:00,0.053621421568095684
2026-08-27 09:51:00,0.053621421568095684
2026-08-27 09:52:00,0.053621421568095684
2026-08-27 09:53:00,0.053621421568095684
2026-08-27 09:54:00,0.053621421568095684
2026-08-27 09:55:00,0.04894023947417736
2026-08-27 09:56:00,0.04894023947417736
2026-08-27 09:57:00,0.04894023947417736
2026-08-27 09:58:00,0.04894023947417736
2026-08-27 09:59:00,0.04894023947417736
2026-08-27 10:00:00,0.04819210898131132
2026-08-27 10:01:00,0.04819210898131132
2026-08-27 10:02:00,0.04819210898131132
2026-08-27 10:03:00,0.04819210898131132
2026-08-27 10:04:00,0.04819210898131132
2026-08-27 10:05:00,0.0504126800224185
2026-08-27 10:06:00,0.0504126800224185
2026-08-27 10:07:00,0.0504126800224185
2026-08-27 10:08:00,0.0504126800224185
2026-08-27 10:09:00,0.0504126800224185
2026-08-27 10:10:00,0.06954400334507227
2026-08-27 10:11:00,0.06954400334507227
2026-08-27 10:12:00,0.06954400334507227
2026-08-27 10:13:00,0.06954400334507227
2026-08-27 10:14:00,0.06954400334507227
2026-08-27 10:15:00,0.08727750927209854
2026-08-27 10:16:00,0.08727750927209854
2026-08-27 10:17:00,0.08727750927209854
2026-08-27 10:18:00,0.08727750927209854
2026-08-27 10:19:00,0.08727750927209854
2026-08-27 10:20:00,0.10037932731211185
2026-08-27 10:21:00,0.10037932731211185
2026-08-27 10:22:00,0.10037932731211185
2026-08-27 10:23:00,0.10037932731211185
2026-08-27 10:24:00,0.10037932731211185
2026-08-27 10:25:00,0.11023045890033245
2026-08-27 10:26:00,0.11023045890033245
2026-08-27 10:27:00,0.11023045890033245
2026-08-27 10:28:00,0.11023045890033245
2026-08-27 10:29:00,0.11023045890033245
2026-08-27 10:30:00,0.09178007394075394
2026-08-27 10:31:00,0.09178007394075394
2026-08-27 10:32:00,0.09178007394075394
2026-08-27 10:33:00,0.09178007394075394
2026-08-27 10:34:00,0.09178007394075394
2026-08-27 10:35:00,0.07703633978962898
2026-08-27 10:36:00,0.07703633978962898
2026-08-27 10:37:00,0.07703633978962898
2026-08-27 10:38:00,0.07703633978962898
2026-08-27 10:39:00,0.07703633978962898
2026-08-27 10:40:00,0.0625526737421751
2026-08-27 10:41:00,0.0625526737421751
2026-08-27 10:42:00,0.0625526737421751
2026-08-27 10:43:00,0.0625526737421751
2026-08-27 10:44:00,0.0625526737421751
2026-08-27 10:45:00,0.047883639112114906
2026-08-27 10:46:00,0.047883639112114906
2026-08-27 10:47:00,0.047883639112114906
2026-08-27 10:48:00,0.047883639112114906
2026-08-27 10:49:00,0.047883639112114906
2026-08-27 10:50:00,0.048994630575180054
2026-08-27 10:51:00,0.048994630575180054
2026-08-27 10:52:00,0.048994630575180054
2026-08-27 10:53:00,0.048994630575180054
2026-08-27 10:54:00,0.048994630575180054
2026-08-27 10:55:00,0.04764152783900499
2026-08-27 10:56:00,0.04764152783900499
2026-08-27 10:57:00,0.04764152783900499
2026-08-27 10:58:00,0.04764152783900499
2026-08-27 10:59:00,0.04764152783900499
2026-08-27 11:00:00,0.04911887738853693
2026-08-27 11:01:00,0.04911887738853693
2026-08-27 11:02:00,0.04911887738853693
2026-08-27 11:03:00,0.04911887738853693
2026-08-27 11:04:00,0.04911887738853693
2026-08-27 11:05:00,0.05016142874956131
2026-08-27 11:06:00,0.05016142874956131
2026-08-27 11:07:00,0.05016142874956131
2026-08-27 11:08:00,0.05016142874956131
2026-08-27 11:09:00,0.05016142874956131
2026-08-27 11:10:00,0.05014350265264511
2026-08-27 11:11:00,0.05014350265264511
2026-08-27 11:12:00,0.05014350265264511
2026-08-27 11:13:00,0.05014350265264511
2026-08-27 11:14:00,0.05014350265264511
2026-08-27 11:15:00,0.05042980797588825
2026-08-27 11:16:00,0.05042980797588825
2026-08-27 11:17:00,0.05042980797588825
2026-08-27 11:18:00,0.05042980797588825
2026-08-27 11:19:00,0.05042980797588825
2026-08-27 11:20:00,0.052324012853205204
2026-08-27 11:21:00,0.052324012853205204
2026-08-27 11:22:00,0.052324012853205204
2026-08-27 11:23:00,0.052324012853205204
2026-08-27 11:24:00,0.052324012853205204
2026-08-27 11:25:00,0.052534010261297226
2026-08-27 11:26:00,0.052534010261297226
2026-08-27 11:27:00,0.052534010261297226
2026-08-27 11:28:00,0.052534010261297226
2026-08-27 11:29:00,0.052534010261297226
2026-08-27 11:30:00,0.05199191812425852
2026-08-27 11:31:00,0.05199191812425852
2026-08-27 11:32:00,0.05199191812425852
2026-08-27 11:33:00,0.05199191812425852
2026-08-27 11:34:00,0.05199191812425852
2026-08-27 11:35:00,0.05078229960054159
2026-08-27 11:36:00,0.05078229960054159
2026-08-27 11:37:00,0.05078229960054159
2026-08-27 11:38:00,0.05078229960054159
2026-08-27 11:39:00,0.05078229960054159
2026-08-27 11:40:00,0.0499261599034071
2026-08-27 11:41:00,0.0499261599034071
2026-08-27 11:42:00,0.0499261599034071
2026-08-27 11:43:00,0.0499261599034071
2026-08-27 11:44:00,0.0499261599034071
2026-08-27 11:45:00,0.05365189351141453
2026-08-27 11:46:00,0.05365189351141453
2026-08-27 11:47:00,0.05365189351141453
2026-08-27 11:48:00,0.05365189351141453
2026-08-27 11:49:00,0.05365189351141453
2026-08-27 11:50:00,0.05703756678849459
2026-08-27 11:51:00,0.05703756678849459
2026-08-27 11:52:00,0.05703756678849459
2026-08-27 11:53:00,0.05703756678849459
2026-08-27 11:54:00,0.05703756678849459
2026-08-27 11:55:00,0.059328777715563774
2026-08-27 11:56:00,0.059328777715563774
2026-08-27 11:57:00,0.059328777715563774
2026-08-27 11:58:00,0.059328777715563774
2026-08-27 11:59:00,0.059328777715563774
2026-08-27 12:00:00,0.05769943632185459
2026-08-27 12:01:00,0.05769943632185459
2026-08-27 12:02:00,0.05769943632185459
2026-08-27 12:03:00,0.05769943632185459
2026-08-27 12:04:00,0.05769943632185459
2026-08-27 12:05:00,0.051752928644418716
2026-08-27 12:06:00,0.051752928644418716
2026-08-27 12:07:00,0.051752928644418716
2026-08-27 12:08:00,0.051752928644418716
2026-08-27 12:09:00,0.051752928644418716
2026-08-27 12:10:00,0.04672511760145426
2026-08-27 12:11:00,0.04672511760145426
2026-08-27 12:12:00,0.04672511760145426
2026-08-27 12:13:00,0.04672511760145426
2026-08-27 12:14:00,0.04672511760145426
2026-08-27 12:15:00,0.045452963560819626
2026-08-27 12:16:00,0.045452963560819626
2026-08-27 12:17:00,0.045452963560819626
2026-08-27 12:18:00,0.045452963560819626
2026-08-27 12:19:00,0.045452963560819626
2026-08-27 12:20:00,0.04492754861712456
2026-08-27 12:21:00,0.04492754861712456
2026-08-27 12:22:00,0.04492754861712456
2026-08-27 12:23:00,0.04492754861712456
2026-08-27 12:24:00,0.04492754861712456
2026-08-27 12:25:00,0.04722930770367384
2026-08-27 12:26:00,0.04722930770367384
2026-08-27 12:27:00,0.04722930770367384
2026-08-27 12:28:00,0.04722930770367384
2026-08-27 12:29:00,0.04722930770367384
2026-08-27 12:30:00,0.04828435089439154
2026-08-27 12:31:00,0.04828435089439154
2026-08-27 12:32:00,0.04828435089439154
2026-08-27 12:33:00,0.04828435089439154
2026-08-27 12:34:00,0.04828435089439154
2026-08-27 12:35:00,0.04695338197052479
2026-08-27 12:36:00,0.04695338197052479
2026-08-27 12:37:00,0.04695338197052479
2026-08-27 12:38:00,0.04695338197052479
2026-08-27 12:39:00,0.04695338197052479
2026-08-27 12:40:00,0.04752340633422136
2026-08-27 12:41:00,0.04752340633422136
2026-08-27 12:42:00,0.04752340633422136
2026-08-27 12:43:00,0.04752340633422136
2026-08-27 12:44:00,0.04752340633422136
2026-08-27 12:45:00,0.04618782550096512
2026-08-27 12:46:00,0.04618782550096512
2026-08-27 12:47:00,0.04618782550096512
2026-08-27 12:48:00,0.04618782550096512
2026-08-27 12:49:00,0.04618782550096512
2026-08-27 12:50:00,0.04756545275449753
2026-08-27 12:51:00,0.04756545275449753
2026-08-27 12:52:00,0.04756545275449753
2026-08-27 12:53:00,0.04756545275449753
2026-08-27 12:54:00,0.04756545275449753
2026-08-27 12:55:00,0.050230735912919044
2026-08-27 12:56:00,0.050230735912919044
2026-08-27 12:57:00,0.050230735912919044
2026-08-27 12:58:00,0.050230735912919044
2026-08-27 12:59:00,0.050230735912919044
2026-08-27 13:00:00,0.0512022664770484
2026-08-27 13:01:00,0.0512022664770484
2026-08-27 13:02:00,0.0512022664770484
2026-08-27 13:03:00,0.0512022664770484
2026-08-27 13:04:00,0.0512022664770484
2026-08-27 13:05:00,0.05319289304316044
2026-08-27 13:06:00,0.05319289304316044
2026-08-27 13:07:00,0.05319289304316044
2026-08-27 13:08:00,0.05319289304316044
2026-08-27 13:09:00,0.05319289304316044
2026-08-27 13:10:00,0.05487057287245989
2026-08-27 13:11:00,0.05487057287245989
2026-08-27 13:12:00,0.05487057287245989
2026-08-27 13:13:00,0.05487057287245989
2026-08-27 13:14:00,0.05487057287245989
2026-08-27 13:15:00,0.05332673713564873
2026-08-27 13:16:00,0.05332673713564873
2026-08-27 13:17:00,0.05332673713564873
2026-08-27 13:18:00,0.05332673713564873
2026-08-27 13:19:00,0.05332673713564873
2026-08-27 13:20:00,0.05104989279061556
2026-08-27 13:21:00,0.05104989279061556
2026-08-27 13:22:00,0.05104989279061556
2026-08-27 13:23:00,0.05104989279061556
2026-08-27 13:24:00,0.05104989279061556
2026-08-27 13:25:00,0.04922833386808634
2026-08-27 13:26:00,0.04922833386808634
2026-08-27 13:27:00,0.04922833386808634
2026-08-27 13:28:00,0.04922833386808634
2026-08-27 13:29:00,0.04922833386808634
2026-08-27 13:30:00,0.04548143036663532
2026-08-27 13:31:00,0.04548143036663532
2026-08-27 13:32:00,0.04548143036663532
2026-08-27 13:33:00,0.04548143036663532
2026-08-27 13:34:00,0.04548143036663532
2026-08-27 13:35:00,0.043831292539834976
2026-08-27 13:36:00,0.043831292539834976
2026-08-27 13:37:00,0.043831292539834976
2026-08-27 13:38:00,0.043831292539834976
2026-08-27 13:39:00,0.043831292539834976
2026-08-27 13:40:00,0.042789096012711525
2026-08-27 13:41:00,0.042789096012711525
2026-08-27 13:42:00,0.042789096012711525
2026-08-27 13:43:00,0.042789096012711525
2026-08-27 13:44:00,0.042789096012711525
2026-08-27 13:45:00,0.04189838655292988
2026-08-27 13:46:00,0.04189838655292988
2026-08-27 13:47:00,0.04189838655292988
2026-08-27 13:48:00,0.04189838655292988
2026-08-27 13:49:00,0.04189838655292988
2026-08-27 13:50:00,0.041501548141241074
2026-08-27 13:51:00,0.041501548141241074
2026-08-27 13:52:00,0.041501548141241074
2026-08-27 13:53:00,0.041501548141241074
2026-08-27 13:54:00,0.041501548141241074
2026-08-27 13:55:00,0.04113579075783491
2026-08-27 13:56:00,0.04113579075783491
2026-08-27 13:57:00,0.04113579075783491
2026-08-27 13:58:00,0.04113579075783491
2026-08-27 13:59:00,0.04113579075783491
2026-08-27 14:00:00,0.043081533163785934
2026-08-27 14:01:00,0.043081533163785934
2026-08-27 14:02:00,0.043081533163785934
2026-08-27 14:03:00,0.043081533163785934
2026-08-27 14:04:00,0.043081533163785934
2026-08-27 14:05:00,0.044985231943428516
2026-08-27 14:06:00,0.044985231943428516
2026-08-27 14:07:00,0.044985231943428516
2026-08-27 14:08:00,0.044985231943428516
2026-08-27 14:09:00,0.044985231943428516
2026-08-27 14:10:00,0.04682193510234356
2026-08-27 14:11:00,0.04682193510234356
2026-08-27 14:12:00,0.04682193510234356
2026-08-27 14:13:00,0.04682193510234356
2026-08-27 14:14:00,0.04682193510234356
2026-08-27 14:15:00,0.04823645856231451
2026-08-27 14:16:00,0.04823645856231451
2026-08-27 14:17:00,0.04823645856231451
2026-08-27 14:18:00,0.04823645856231451
2026-08-27 14:19:00,0.04823645856231451
2026-08-27 14:20:00,0.3590099224820733
2026-08-27 14:21:00,0.3590099224820733
2026-08-27 14:22:00,0.3590099224820733
2026-08-27 14:23:00,0.3590099224820733
2026-08-27 14:24:00,0.3590099224820733
2026-08-27 14:25:00,0.6690173158422112
2026-08-27 14:26:00,0.6690173158422112
2026-08-27 14:27:00,0.6690173158422112
2026-08-27 14:28:00,0.6690173158422112
2026-08-27 14:29:00,0.6690173158422112
2026-08-27 14:30:00,0.9796866485849023
2026-08-27 14:31:00,0.9796866485849023
2026-08-27 14:32:00,0.9796866485849023
2026-08-27 14:33:00,0.9796866485849023
2026-08-27 14:34:00,0.9796866485849023
2026-08-27 14:35:00,1.290835976600647
2026-08-27 14:36:00,1.290835976600647
2026-08-27 14:37:00,1.290835976600647
2026-08-27 14:38:00,1.290835976600647
2026-08-27 14:39:00,1.290835976600647
2026-08-27 14:40:00,1.01241110637784
2026-08-27 14:41:00,1.01241110637784
2026-08-27 14:42:00,1.01241110637784
2026-08-27 14:43:00,1.01241110637784
2026-08-27 14:44:00,1.01241110637784
2026-08-27 14:45:00,0.7347455322742462
2026-08-27 14:46:00,0.7347455322742462
2026-08-27 14:47:00,0.7347455322742462
2026-08-27 14:48:00,0.7347455322742462
2026-08-27 14:49:00,0.7347455322742462
2026-08-27 14:50:00,0.456807516515255
2026-08-27 14:51:00,0.456807516515255
2026-08-27 14:52:00,0.456807516515255
2026-08-27 14:53:00,0.456807516515255
2026-08-27 14:54:00,0.456807516515255
2026-08-27 14:55:00,0.17896882444620132
2026-08-27 14:56:00,0.17896882444620132
2026-08-27 14:57:00,0.17896882444620132
2026-08-27 14:58:00,0.17896882444620132
2026-08-27 14:59:00,0.17896882444620132
2026-08-27 15:00:00,0.17972391098737717
2026-08-27 15:01:00,0.17972391098737717
2026-08-27 15:02:00,0.17972391098737717
2026-08-27 15:03:00,0.17972391098737717
2026-08-27 15:04:00,0.17972391098737717
2026-08-27 15:05:00,0.17933622002601624
2026-08-27 15:06:00,0.17933622002601624
2026-08-27 15:07:00,0.17933622002601624
2026-08-27 15:08:00,0.17933622002601624
2026-08-27 15:09:00,0.17933622002601624
2026-08-27 15:10:00,0.1798289343714714
2026-08-27 15:11:00,0.1798289343714714
2026-08-27 15:12:00,0.1798289343714714
2026-08-27 15:13:00,0.1798289343714714
2026-08-27 15:14:00,0.1798289343714714
2026-08-27 15:15:00,0.18146740272641182
2026-08-27 15:16:00,0.18146740272641182
2026-08-27 15:17:00,0.18146740272641182
2026-08-27 15:18:00,0.18146740272641182
2026-08-27 15:19:00,0.18146740272641182
2026-08-27 15:20:00,0.1850486621260643
2026-08-27 15:21:00,0.1850486621260643
2026-08-27 15:22:00,0.1850486621260643
2026-08-27 15:23:00,0.1850486621260643
2026-08-27 15:24:00,0.1850486621260643
2026-08-27 15:25:00,0.1896735318005085
2026-08-27 15:26:00,0.1896735318005085
2026-08-27 15:27:00,0.1896735318005085
2026-08-27 15:28:00,0.1896735318005085
2026-08-27 15:29:00,0.1896735318005085
2026-08-27 15:30:00,0.19391097500920296
2026-08-27 15:31:00,0.19391097500920296
2026-08-27 15:32:00,0.19391097500920296
2026-08-27 15:33:00,0.19391097500920296
2026-08-27 15:34:00,0.19391097500920296
2026-08-27 15:35:00,0.19500752538442612
2026-08-27 15:36:00,0.19500752538442612
2026-08-27 15:37:00,0.19500752538442612
2026-08-27 15:38:00,0.19500752538442612
2026-08-27 15:39:00,0.19500752538442612
2026-08-27 15:40:00,0.15871259104460478
2026-08-27 15:41:00,0.15871259104460478
2026-08-27 15:42:00,0.15871259104460478
2026-08-27 15:43:00,0.15871259104460478
2026-08-27 15:44:00,0.15871259104460478
2026-08-27 15:45:00,0.1225352343171835
2026-08-27 15:46:00,0.1225352343171835
2026-08-27 15:47:00,0.1225352343171835
2026-08-27 15:48:00,0.1225352343171835
2026-08-27 15:49:00,0.1225352343171835
2026-08-27 15:50:00,0.0874856049194932
2026-08-27 15:51:00,0.0874856049194932
2026-08-27 15:52:00,0.0874856049194932
2026-08-27 15:53:00,0.0874856049194932
2026-08-27 15:54:00,0.0874856049194932
2026-08-27 15:55:00,0.055779882706701756
2026-08-27 15:56:00,0.055779882706701756
2026-08-27 15:57:00,0.055779882706701756
2026-08-27 15:58:00,0.055779882706701756
2026-08-27 15:59:00,0.055779882706701756
2026-08-27 16:00:00,0.05667604133486748
2026-08-27 16:01:00,0.05667604133486748
2026-08-27 16:02:00,0.05667604133486748
2026-08-27 16:03:00,0.05667604133486748
2026-08-27 16:04:00,0.05667604133486748
2026-08-27 16:05:00,0.05517716147005558
2026-08-27 16:06:00,0.05517716147005558
2026-08-27 16:07:00,0.05517716147005558
2026-08-27 16:08:00,0.05517716147005558
2026-08-27 16:09:00,0.05517716147005558
2026-08-27 16:10:00,0.056260887533426285
2026-08-27 16:11:00,0.056260887533426285
2026-08-27 16:12:00,0.056260887533426285
2026-08-27 16:13:00,0.056260887533426285
2026-08-27 16:14:00,0.056260887533426285
2026-08-27 16:15:00,0.0574816670268774
2026-08-27 16:16:00,0.0574816670268774
2026-08-27 16:17:00,0.0574816670268774
2026-08-27 16:18:00,0.0574816670268774
2026-08-27 16:19:00,0.0574816670268774
2026-08-27 16:20:00,0.06035589054226875
2026-08-27 16:21:00,0.06035589054226875
2026-08-27 16:22:00,0.06035589054226875
2026-08-27 16:23:00,0.06035589054226875
2026-08-27 16:24:00,0.06035589054226875
2026-08-27 16:25:00,0.06752221379429102
2026-08-27 16:26:00,0.06752221379429102
2026-08-27 16:27:00,0.06752221379429102
2026-08-27 16:28:00,0.06752221379429102
2026-08-27 16:29:00,0.06752221379429102
2026-08-27 16:30:00,0.0668258061632514
2026-08-27 16:31:00,0.0668258061632514
2026-08-27 16:32:00,0.0668258061632514
2026-08-27 16:33:00,0.0668258061632514
2026-08-27 16:34:00,0.0668258061632514
2026-08-27 16:35:00,0.06226801685988903
2026-08-27 16:36:00,0.06226801685988903
2026-08-27 16:37:00,0.06226801685988903
2026-08-27 16:38:00,0.06226801685988903
2026-08-27 16:39:00,0.06226801685988903
2026-08-27 16:40:00,0.059312610886991024
2026-08-27 16:41:00,0.059312610886991024
2026-08-27 16:42:00,0.059312610886991024
2026-08-27 16:43:00,0.059312610886991024
2026-08-27 16:44:00,0.059312610886991024
2026-08-27 16:45:00,0.05174587853252888
2026-08-27 16:46:00,0.05174587853252888
2026-08-27 16:47:00,0.05174587853252888
2026-08-27 16:48:00,0.05174587853252888
2026-08-27 16:49:00,0.05174587853252888
2026-08-27 16:50:00,0.04796936269849539
2026-08-27 16:51:00,0.04796936269849539
2026-08-27 16:52:00,0.04796936269849539
2026-08-27 16:53:00,0.04796936269849539
2026-08-27 16:54:00,0.04796936269849539
2026-08-27 16:55:00,0.048064105212688446
2026-08-27 16:56:00,0.048064105212688446
2026-08-27 16:57:00,0.048064105212688446
2026-08-27 16:58:00,0.048064105212688446
2026-08-27 16:59:00,0.048064105212688446
2026-08-27 17:00:00,0.05088891368359327
2026-08-27 17:01:00,0.05088891368359327
2026-08-27 17:02:00,0.05088891368359327
2026-08-27 17:03:00,0.05088891368359327
2026-08-27 17:04:00,0.05088891368359327
2026-08-27 17:05:00,0.05544878728687763
2026-08-27 17:06:00,0.05544878728687763
2026-08-27 17:07:00,0.05544878728687763
2026-08-27 17:08:00,0.05544878728687763
2026-08-27 17:09:00,0.05544878728687763
2026-08-27 17:10:00,0.05809188913553953
2026-08-27 17:11:00,0.05809188913553953
2026-08-27 17:12:00,0.05809188913553953
2026-08-27 17:13:00,0.05809188913553953
2026-08-27 17:14:00,0.05809188913553953
2026-08-27 17:15:00,0.06002434063702822
2026-08-27 17:16:00,0.06002434063702822
2026-08-27 17:17:00,0.06002434063702822
2026-08-27 17:18:00,0.06002434063702822
2026-08-27 17:19:00,0.06002434063702822
2026-08-27 17:20:00,0.058030481450259686
2026-08-27 17:21:00,0.058030481450259686
2026-08-27 17:22:00,0.058030481450259686
2026-08-27 17:23:00,0.058030481450259686
2026-08-27 17:24:00,0.058030481450259686
2026-08-27 17:25:00,0.05487896595150232
2026-08-27 17:26:00,0.05487896595150232
2026-08-27 17:27:00,0.05487896595150232
2026-08-27 17:28:00,0.05487896595150232
2026-08-27 17:29:00,0.05487896595150232
2026-08-27 17:30:00,0.052994828671216965
2026-08-27 17:31:00,0.052994828671216965
2026-08-27 17:32:00,0.052994828671216965
2026-08-27 17:33:00,0.052994828671216965
2026-08-27 17:34:00,0.052994828671216965
2026-08-27 17:35:00,0.050219856202602386
2026-08-27 17:36:00,0.050219856202602386
2026-08-27 17:37:00,0.050219856202602386
2026-08-27 17:38:00,0.050219856202602386
2026-08-27 17:39:00,0.050219856202602386
2026-08-27 17:40:00,0.04978811275213957
2026-08-27 17:41:00,0.04978811275213957
2026-08-27 17:42:00,0.04978811275213957
2026-08-27 17:43:00,0.04978811275213957
2026-08-27 17:44:00,0.04978811275213957
2026-08-27 17:45:00,0.050159341655671597
2026-08-27 17:46:00,0.050159341655671597
2026-08-27 17:47:00,0.050159341655671597
2026-08-27 17:48:00,0.050159341655671597
2026-08-27 17:49:00,0.050159341655671597
2026-08-27 17:50:00,0.05269308760762215
2026-08-27 17:51:00,0.05269308760762215
2026-08-27 17:52:00,0.05269308760762215
2026-08-27 17:53:00,0.05269308760762215
2026-08-27 17:54:00,0.05269308760762215
2026-08-27 17:55:00,0.05207495018839836
2026-08-27 17:56:00,0.05207495018839836
2026-08-27 17:57:00,0.05207495018839836
2026-08-27 17:58:00,0.05207495018839836
2026-08-27 17:59:00,0.05207495018839836
2026-08-27 18:00:00,0.04936818312853575
2026-08-27 18:01:00,0.04936818312853575
2026-08-27 18:02:00,0.04936818312853575
2026-08-27 18:03:00,0.04936818312853575
2026-08-27 18:04:00,0.04936818312853575
2026-08-27 18:05:00,0.04774478729814291
2026-08-27 18:06:00,0.04774478729814291
2026-08-27 18:07:00,0.04774478729814291
2026-08-27 18:08:00,0.04774478729814291
2026-08-27 18:09:00,0.04774478729814291
2026-08-27 18:10:00,0.04415543843060732
2026-08-27 18:11:00,0.04415543843060732
2026-08-27 18:12:00,0.04415543843060732
2026-08-27 18:13:00,0.04415543843060732
2026-08-27 18:14:00,0.04415543843060732
2026-08-27 18:15:00,0.04464621376246214
2026-08-27 18:16:00,0.04464621376246214
2026-08-27 18:17:00,0.04464621376246214
2026-08-27 18:18:00,0.04464621376246214
2026-08-27 18:19:00,0.04464621376246214
2026-08-27 18:20:00,0.045650189742445946
2026-08-27 18:21:00,0.045650189742445946
2026-08-27 18:22:00,0.045650189742445946
2026-08-27 18:23:00,0.045650189742445946
2026-08-27 18:24:00,0.045650189742445946
2026-08-27 18:25:00,0.04469111654907465
2026-08-27 18:26:00,0.04469111654907465
2026-08-27 18:27:00,0.04469111654907465
2026-08-27 18:28:00,0.04469111654907465
2026-08-27 18:29:00,0.04469111654907465
2026-08-27 18:30:00,0.043844749219715595
2026-08-27 18:31:00,0.043844749219715595
2026-08-27 18:32:00,0.043844749219715595
2026-08-27 18:33:00,0.043844749219715595
2026-08-27 18:34:00,0.043844749219715595
2026-08-27 18:35:00,0.045213498175144196
2026-08-27 18:36:00,0.045213498175144196
2026-08-27 18:37:00,0.045213498175144196
2026-08-27 18:38:00,0.045213498175144196
2026-08-27 18:39:00,0.045213498175144196
2026-08-27 18:40:00,0.047190457582473755
2026-08-27 18:41:00,0.047190457582473755
2026-08-27 18:42:00,0.047190457582473755
2026-08-27 18:43:00,0.047190457582473755
2026-08-27 18:44:00,0.047190457582473755
2026-08-27 18:45:00,0.052022919058799744
2026-08-27 18:46:00,0.052022919058799744
2026-08-27 18:47:00,0.052022919058799744
2026-08-27 18:48:00,0.052022919058799744
2026-08-27 18:49:00,0.052022919058799744
2026-08-27 18:50:00,0.05716922879219055
2026-08-27 18:51:00,0.05716922879219055
2026-08-27 18:52:00,0.05716922879219055
2026-08-27 18:53:00,0.05716922879219055
2026-08-27 18:54:00,0.05716922879219055
2026-08-27 18:55:00,0.05997668672353029
2026-08-27 18:56:00,0.05997668672353029
2026-08-27 18:57:00,0.05997668672353029
2026-08-27 18:58:00,0.05997668672353029
2026-08-27 18:59:00,0.05997668672353029
2026-08-27 19:00:00,0.06240948103368282
2026-08-27 19:01:00,0.06240948103368282
2026-08-27 19:02:00,0.06240948103368282
2026-08-27 19:03:00,0.06240948103368282
2026-08-27 19:04:00,0.06240948103368282
2026-08-27 19:05:00,0.06184535752981901
2026-08-27 19:06:00,0.06184535752981901
2026-08-27 19:07:00,0.06184535752981901
2026-08-27 19:08:00,0.06184535752981901
2026-08-27 19:09:00,0.06184535752981901
2026-08-27 19:10:00,0.06049097143113613
2026-08-27 19:11:00,0.06049097143113613
2026-08-27 19:12:00,0.06049097143113613
2026-08-27 19:13:00,0.06049097143113613
2026-08-27 19:14:00,0.06049097143113613
2026-08-27 19:15:00,0.05838777497410774
2026-08-27 19:16:00,0.05838777497410774
2026-08-27 19:17:00,0.05838777497410774
2026-08-27 19:18:00,0.05838777497410774
2026-08-27 19:19:00,0.05838777497410774
2026-08-27 19:20:00,0.05541735701262951
2026-08-27 19:21:00,0.05541735701262951
2026-08-27 19:22:00,0.05541735701262951
2026-08-27 19:23:00,0.05541735701262951
2026-08-27 19:24:00,0.05541735701262951
2026-08-27 19:25:00,0.053735083900392056
2026-08-27 19:26:00,0.053735083900392056
2026-08-27 19:27:00,0.053735083900392056
2026-08-27 19:28:00,0.053735083900392056
2026-08-27 19:29:00,0.053735083900392056
2026-08-27 19:30:00,0.052448105067014694
2026-08-27 19:31:00,0.052448105067014694
2026-08-27 19:32:00,0.052448105067014694
2026-08-27 19:33:00,0.052448105067014694
2026-08-27 19:34:00,0.052448105067014694
2026-08-27 19:35:00,0.051531813107430935
2026-08-27 19:36:00,0.051531813107430935
2026-08-27 19:37:00,0.051531813107430935
2026-08-27 19:38:00,0.051531813107430935
2026-08-27 19:39:00,0.051531813107430935
2026-08-27 19:40:00,0.04963294602930546
2026-08-27 19:41:00,0.04963294602930546
2026-08-27 19:42:00,0.04963294602930546
2026-08-27 19:43:00,0.04963294602930546
2026-08-27 19:44:00,0.04963294602930546
2026-08-27 19:45:00,0.047573705203831196
2026-08-27 19:46:00,0.047573705203831196
2026-08-27 19:47:00,0.047573705203831196
2026-08-27 19:48:00,0.047573705203831196
2026-08-27 19:49:00,0.047573705203831196
2026-08-27 19:50:00,0.047498282976448536
2026-08-27 19:51:00,0.047498282976448536
2026-08-27 19:52:00,0.047498282976448536
2026-08-27 19:53:00,0.047498282976448536
2026-08-27 19:54:00,0.047498282976448536
2026-08-27 19:55:00,0.04779190197587013
2026-08-27 19:56:00,0.04779190197587013
2026-08-27 19:57:00,0.04779190197587013
2026-08-27 19:58:00,0.04779190197587013
2026-08-27 19:59:00,0.04779190197587013
2026-08-27 20:00:00,0.04790104366838932
2026-08-27 20:01:00,0.04790104366838932
2026-08-27 20:02:00,0.04790104366838932
2026-08-27 20:03:00,0.04790104366838932
2026-08-27 20:04:00,0.04790104366838932
2026-08-27 20:05:00,0.04883404169231653
2026-08-27 20:06:00,0.04883404169231653
2026-08-27 20:07:00,0.04883404169231653
2026-08-27 20:08:00,0.04883404169231653
2026-08-27 20:09:00,0.04883404169231653
2026-08-27 20:10:00,0.0497826999053359
2026-08-27 20:11:00,0.0497826999053359
2026-08-27 20:12:00,0.0497826999053359
2026-08-27 20:13:00,0.0497826999053359
2026-08-27 20:14:00,0.0497826999053359
2026-08-27 20:15:00,0.049148134887218475
2026-08-27 20:16:00,0.049148134887218475
2026-08-27 20:17:00,0.049148134887218475
2026-08-27 20:18:00,0.049148134887218475
2026-08-27 20:19:00,0.049148134887218475
2026-08-27 20:20:00,0.048148869536817074
2026-08-27 20:21:00,0.048148869536817074
2026-08-27 20:22:00,0.048148869536817074
2026-08-27 20:23:00,0.048148869536817074
2026-08-27 20:24:00,0.048148869536817074
2026-08-27 20:25:00,0.045385838486254215
2026-08-27 20:26:00,0.045385838486254215
2026-08-27 20:27:00,0.045385838486254215
2026-08-27 20:28:00,0.045385838486254215
2026-08-27 20:29:00,0.045385838486254215
2026-08-27 20:30:00,0.043428774923086166
2026-08-27 20:31:00,0.043428774923086166
2026-08-27 20:32:00,0.043428774923086166
2026-08-27 20:33:00,0.043428774923086166
2026-08-27 20:34:00,0.043428774923086166
2026-08-27 20:35:00,0.04700597282499075
2026-08-27 20:36:00,0.04700597282499075
2026-08-27 20:37:00,0.04700597282499075
2026-08-27 20:38:00,0.04700597282499075
2026-08-27 20:39:00,0.04700597282499075
2026-08-27 20:40:00,0.05337284039705992
2026-08-27 20:41:00,0.05337284039705992
2026-08-27 20:42:00,0.05337284039705992
2026-08-27 20:43:00,0.05337284039705992
2026-08-27 20:44:00,0.05337284039705992
2026-08-27 20:45:00,0.06019560992717743
2026-08-27 20:46:00,0.06019560992717743
2026-08-27 20:47:00,0.06019560992717743
2026-08-27 20:48:00,0.06019560992717743
2026-08-27 20:49:00,0.06019560992717743
2026-08-27 20:50:00,0.06241288222372532
2026-08-27 20:51:00,0.06241288222372532
2026-08-27 20:52:00,0.06241288222372532
2026-08-27 20:53:00,0.06241288222372532
2026-08-27 20:54:00,0.06241288222372532
2026-08-27 20:55:00,0.05914411507546902
2026-08-27 20:56:00,0.05914411507546902
2026-08-27 20:57:00,0.05914411507546902
2026-08-27 20:58:00,0.05914411507546902
2026-08-27 20:59:00,0.05914411507546902
2026-08-27 21:00:00,0.05588780343532562
2026-08-27 21:01:00,0.05588780343532562
2026-08-27 21:02:00,0.05588780343532562
2026-08-27 21:03:00,0.05588780343532562
2026-08-27 21:04:00,0.05588780343532562
2026-08-27 21:05:00,0.05246637761592865
2026-08-27 21:06:00,0.05246637761592865
2026-08-27 21:07:00,0.05246637761592865
2026-08-27 21:08:00,0.05246637761592865
2026-08-27 21:09:00,0.05246637761592865
2026-08-27 21:10:00,0.048850334249436855
2026-08-27 21:11:00,0.048850334249436855
2026-08-27 21:12:00,0.048850334249436855
2026-08-27 21:13:00,0.048850334249436855
2026-08-27 21:14:00,0.048850334249436855
2026-08-27 21:15:00,0.046096039935946465
2026-08-27 21:16:00,0.046096039935946465
2026-08-27 21:17:00,0.046096039935946465
2026-08-27 21:18:00,0.046096039935946465
2026-08-27 21:19:00,0.046096039935946465
2026-08-27 21:20:00,0.044626642018556595
2026-08-27 21:21:00,0.044626642018556595
2026-08-27 21:22:00,0.044626642018556595
2026-08-27 21:23:00,0.044626642018556595
2026-08-27 21:24:00,0.044626642018556595
2026-08-27 21:25:00,0.04403585195541382
2026-08-27 21:26:00,0.04403585195541382
2026-08-27 21:27:00,0.04403585195541382
2026-08-27 21:28:00,0.04403585195541382
2026-08-27 21:29:00,0.04403585195541382
2026-08-27 21:30:00,0.04548225738108158
2026-08-27 21:31:00,0.04548225738108158
2026-08-27 21:32:00,0.04548225738108158
2026-08-27 21:33:00,0.04548225738108158
2026-08-27 21:34:00,0.04548225738108158
2026-08-27 21:35:00,0.04851182550191879
2026-08-27 21:36:00,0.04851182550191879
2026-08-27 21:37:00,0.04851182550191879
2026-08-27 21:38:00,0.04851182550191879
2026-08-27 21:39:00,0.04851182550191879
2026-08-27 21:40:00,0.048838838934898376
2026-08-27 21:41:00,0.048838838934898376
2026-08-27 21:42:00,0.048838838934898376
2026-08-27 21:43:00,0.048838838934898376
2026-08-27 21:44:00,0.048838838934898376
2026-08-27 21:45:00,0.04942098632454872
2026-08-27 21:46:00,0.04942098632454872
2026-08-27 21:47:00,0.04942098632454872
2026-08-27 21:48:00,0.04942098632454872
2026-08-27 21:49:00,0.04942098632454872
2026-08-27 21:50:00,0.05051255784928799
2026-08-27 21:51:00,0.05051255784928799
2026-08-27 21:52:00,0.05051255784928799
2026-08-27 21:53:00,0.05051255784928799
2026-08-27 21:54:00,0.05051255784928799
2026-08-27 21:55:00,0.04831801913678646
2026-08-27 21:56:00,0.04831801913678646
2026-08-27 21:57:00,0.04831801913678646
2026-08-27 21:58:00,0.04831801913678646
2026-08-27 21:59:00,0.04831801913678646
2026-08-27 22:00:00,0.04574699327349663
2026-08-27 22:01:00,0.04574699327349663
2026-08-27 22:02:00,0.04574699327349663
2026-08-27 22:03:00,0.04574699327349663
2026-08-27 22:04:00,0.04574699327349663
2026-08-27 22:05:00,0.04317357577383518
2026-08-27 22:06:00,0.04317357577383518
2026-08-27 22:07:00,0.04317357577383518
2026-08-27 22:08:00,0.04317357577383518
2026-08-27 22:09:00,0.04317357577383518
2026-08-27 22:10:00,0.041311382316052914
2026-08-27 22:11:00,0.041311382316052914
2026-08-27 22:12:00,0.041311382316052914
2026-08-27 22:13:00,0.041311382316052914
2026-08-27 22:14:00,0.041311382316052914
2026-08-27 22:15:00,0.04150026198476553
2026-08-27 22:16:00,0.04150026198476553
2026-08-27 22:17:00,0.04150026198476553
2026-08-27 22:18:00,0.04150026198476553
2026-08-27 22:19:00,0.04150026198476553
2026-08-27 22:20:00,0.04299828503280878
2026-08-27 22:21:00,0.04299828503280878
2026-08-27 22:22:00,0.04299828503280878
2026-08-27 22:23:00,0.04299828503280878
2026-08-27 22:24:00,0.04299828503280878
2026-08-27 22:25:00,0.0446588359773159
2026-08-27 22:26:00,0.0446588359773159
2026-08-27 22:27:00,0.0446588359773159
2026-08-27 22:28:00,0.0446588359773159
2026-08-27 22:29:00,0.0446588359773159
2026-08-27 22:30:00,0.04658655170351267
2026-08-27 22:31:00,0.04658655170351267
2026-08-27 22:32:00,0.04658655170351267
2026-08-27 22:33:00,0.04658655170351267
2026-08-27 22:34:00,0.04658655170351267
2026-08-27 22:35:00,0.04776657558977604
2026-08-27 22:36:00,0.04776657558977604
2026-08-27 22:37:00,0.04776657558977604
2026-08-27 22:38:00,0.04776657558977604
2026-08-27 22:39:00,0.04776657558977604
2026-08-27 22:40:00,0.047259009443223476
2026-08-27 22:41:00,0.047259009443223476
2026-08-27 22:42:00,0.047259009443223476
2026-08-27 22:43:00,0.047259009443223476
2026-08-27 22:44:00,0.047259009443223476
2026-08-27 22:45:00,0.04631517827510834
2026-08-27 22:46:00,0.04631517827510834
2026-08-27 22:47:00,0.04631517827510834
2026-08-27 22:48:00,0.04631517827510834
2026-08-27 22:49:00,0.04631517827510834
2026-08-27 22:50:00,0.046189311891794205
2026-08-27 22:51:00,0.046189311891794205
2026-08-27 22:52:00,0.046189311891794205
2026-08-27 22:53:00,0.046189311891794205
2026-08-27 22:54:00,0.046189311891794205
2026-08-27 22:55:00,0.049241810105741024
2026-08-27 22:56:00,0.049241810105741024
2026-08-27 22:57:00,0.049241810105741024
2026-08-27 22:58:00,0.049241810105741024
2026-08-27 22:59:00,0.049241810105741024
2026-08-27 23:00:00,0.0538220526650548
2026-08-27 23:01:00,0.0538220526650548
2026-08-27 23:02:00,0.0538220526650548
2026-08-27 23:03:00,0.0538220526650548
2026-08-27 23:04:00,0.0538220526650548
2026-08-27 23:05:00,0.05748879536986351
2026-08-27 23:06:00,0.05748879536986351
2026-08-27 23:07:00,0.05748879536986351
2026-08-27 23:08:00,0.05748879536986351
2026-08-27 23:09:00,0.05748879536986351
2026-08-27 23:10:00,0.057559178210794926
2026-08-27 23:11:00,0.057559178210794926
2026-08-27 23:12:00,0.057559178210794926
2026-08-27 23:13:00,0.057559178210794926
2026-08-27 23:14:00,0.057559178210794926
2026-08-27 23:15:00,0.05534855369478464
2026-08-27 23:16:00,0.05534855369478464
2026-08-27 23:17:00,0.05534855369478464
2026-08-27 23:18:00,0.05534855369478464
2026-08-27 23:19:00,0.05534855369478464
2026-08-27 23:20:00,0.05453859735280275
2026-08-27 23:21:00,0.05453859735280275
2026-08-27 23:22:00,0.05453859735280275
2026-08-27 23:23:00,0.05453859735280275
2026-08-27 23:24:00,0.05453859735280275
2026-08-27 23:25:00,0.05464671179652214
2026-08-27 23:26:00,0.05464671179652214
2026-08-27 23:27:00,0.05464671179652214
2026-08-27 23:28:00,0.05464671179652214
2026-08-27 23:29:00,0.05464671179652214
2026-08-27 23:30:00,0.05590036604553461
2026-08-27 23:31:00,0.05590036604553461
2026-08-27 23:32:00,0.05590036604553461
2026-08-27 23:33:00,0.05590036604553461
2026-08-27 23:34:00,0.05590036604553461
2026-08-27 23:35:00,0.05978642776608467
2026-08-27 23:36:00,0.05978642776608467
2026-08-27 23:37:00,0.05978642776608467
2026-08-27 23:38:00,0.05978642776608467
2026-08-27 23:39:00,0.05978642776608467
2026-08-27 23:40:00,0.06028406508266926
2026-08-27 23:41:00,0.06028406508266926
2026-08-27 23:42:00,0.06028406508266926
2026-08-27 23:43:00,0.06028406508266926
2026-08-27 23:44:00,0.06028406508266926
2026-08-27 23:45:00,0.06267617642879486
2026-08-27 23:46:00,0.06267617642879486
2026-08-27 23:47:00,0.06267617642879486
2026-08-27 23:48:00,0.06267617642879486
2026-08-27 23:49:00,0.06267617642879486
2026-08-27 23:50:00,0.06291771400719881
2026-08-27 23:51:00,0.06291771400719881
2026-08-27 23:52:00,0.06291771400719881
2026-08-27 23:53:00,0.06291771400719881
2026-08-27 23:54:00,0.06291771400719881
2026-08-27 23:55:00,0.05730906967073679
2026-08-27 23:56:00,0.05730906967073679
2026-08-27 23:57:00,0.05730906967073679
2026-08-27 23:58:00,0.05730906967073679
2026-08-27 23:59:00,0.05730906967073679
2026-08-28 00:00:00,0.05500673968344927
2026-08-28 00:01:00,0.05500673968344927
2026-08-28 00:02:00,0.05500673968344927
2026-08-28 00:03:00,0.05500673968344927
2026-08-28 00:04:00,0.05500673968344927
2026-08-28 00:05:00,0.052741289138793945
2026-08-28 00:06:00,0.052741289138793945
2026-08-28 00:07:00,0.052741289138793945
2026-08-28 00:08:00,0.052741289138793945
2026-08-28 00:09:00,0.052741289138793945
2026-08-28 00:10:00,0.05385950952768326
2026-08-28 00:11:00,0.05385950952768326
2026-08-28 00:12:00,0.05385950952768326
2026-08-28 00:13:00,0.05385950952768326
2026-08-28 00:14:00,0.05385950952768326
2026-08-28 00:15:00,0.05740055162459612
2026-08-28 00:16:00,0.05740055162459612
2026-08-28 00:17:00,0.05740055162459612
2026-08-28 00:18:00,0.05740055162459612
2026-08-28 00:19:00,0.05740055162459612
2026-08-28 00:20:00,0.057270647026598454
2026-08-28 00:21:00,0.057270647026598454
2026-08-28 00:22:00,0.057270647026598454
2026-08-28 00:23:00,0.057270647026598454
2026-08-28 00:24:00,0.057270647026598454
2026-08-28 00:25:00,0.05359817203134298
2026-08-28 00:26:00,0.05359817203134298
2026-08-28 00:27:00,0.05359817203134298
2026-08-28 00:28:00,0.05359817203134298
2026-08-28 00:29:00,0.05359817203134298
2026-08-28 00:30:00,0.04872594680637121
2026-08-28 00:31:00,0.04872594680637121
2026-08-28 00:32:00,0.04872594680637121
2026-08-28 00:33:00,0.04872594680637121
2026-08-28 00:34:00,0.04872594680637121
2026-08-28 00:35:00,0.04466674383729696
2026-08-28 00:36:00,0.04466674383729696
2026-08-28 00:37:00,0.04466674383729696
2026-08-28 00:38:00,0.04466674383729696
2026-08-28 00:39:00,0.04466674383729696
2026-08-28 00:40:00,0.04356918949633837
2026-08-28 00:41:00,0.04356918949633837
2026-08-28 00:42:00,0.04356918949633837
2026-08-28 00:43:00,0.04356918949633837
2026-08-28 00:44:00,0.04356918949633837
2026-08-28 00:45:00,0.0443924218416214
2026-08-28 00:46:00,0.0443924218416214
2026-08-28 00:47:00,0.0443924218416214
2026-08-28 00:48:00,0.0443924218416214
2026-08-28 00:49:00,0.0443924218416214
2026-08-28 00:50:00,0.0470125675201416
2026-08-28 00:51:00,0.0470125675201416
2026-08-28 00:52:00,0.0470125675201416
2026-08-28 00:53:00,0.0470125675201416
2026-08-28 00:54:00,0.0470125675201416
2026-08-28 00:55:00,0.049137660302221775
2026-08-28 00:56:00,0.049137660302221775
2026-08-28 00:57:00,0.049137660302221775
2026-08-28 00:58:00,0.049137660302221775
2026-08-28 00:59:00,0.049137660302221775
2026-08-28 01:00:00,0.04798470810055733
2026-08-28 01:01:00,0.04798470810055733
2026-08-28 01:02:00,0.04798470810055733
2026-08-28 01:03:00,0.04798470810055733
2026-08-28 01:04:00,0.04798470810055733
2026-08-28 01:05:00,0.046909199096262455
2026-08-28 01:06:00,0.046909199096262455
2026-08-28 01:07:00,0.046909199096262455
2026-08-28 01:08:00,0.046909199096262455
2026-08-28 01:09:00,0.046909199096262455
2026-08-28 01:10:00,0.045379395596683025
2026-08-28 01:11:00,0.045379395596683025
2026-08-28 01:12:00,0.045379395596683025
2026-08-28 01:13:00,0.045379395596683025
2026-08-28 01:14:00,0.045379395596683025
2026-08-28 01:15:00,0.04364964831620455
2026-08-28 01:16:00,0.04364964831620455
2026-08-28 01:17:00,0.04364964831620455
2026-08-28 01:18:00,0.04364964831620455
2026-08-28 01:19:00,0.04364964831620455
2026-08-28 01:20:00,0.04519390128552914
2026-08-28 01:21:00,0.04519390128552914
2026-08-28 01:22:00,0.04519390128552914
2026-08-28 01:23:00,0.04519390128552914
2026-08-28 01:24:00,0.04519390128552914
2026-08-28 01:25:00,0.047017090022563934
2026-08-28 01:26:00,0.047017090022563934
2026-08-28 01:27:00,0.047017090022563934
2026-08-28 01:28:00,0.047017090022563934
2026-08-28 01:29:00,0.047017090022563934
2026-08-28 01:30:00,0.04949459992349148
2026-08-28 01:31:00,0.04949459992349148
2026-08-28 01:32:00,0.04949459992349148
2026-08-28 01:33:00,0.04949459992349148
2026-08-28 01:34:00,0.04949459992349148
2026-08-28 01:35:00,0.0507922675460577
2026-08-28 01:36:00,0.0507922675460577
2026-08-28 01:37:00,0.0507922675460577
2026-08-28 01:38:00,0.0507922675460577
2026-08-28 01:39:00,0.0507922675460577
2026-08-28 01:40:00,0.05068531073629856
2026-08-28 01:41:00,0.05068531073629856
2026-08-28 01:42:00,0.05068531073629856
2026-08-28 01:43:00,0.05068531073629856
2026-08-28 01:44:00,0.05068531073629856
2026-08-28 01:45:00,0.05047730728983879
2026-08-28 01:46:00,0.05047730728983879
2026-08-28 01:47:00,0.05047730728983879
2026-08-28 01:48:00,0.05047730728983879
2026-08-28 01:49:00,0.05047730728983879
2026-08-28 01:50:00,0.04807065427303314
2026-08-28 01:51:00,0.04807065427303314
2026-08-28 01:52:00,0.04807065427303314
2026-08-28 01:53:00,0.04807065427303314
2026-08-28 01:54:00,0.04807065427303314
2026-08-28 01:55:00,0.04924874845892191
2026-08-28 01:56:00,0.04924874845892191
2026-08-28 01:57:00,0.04924874845892191
2026-08-28 01:58:00,0.04924874845892191
2026-08-28 01:59:00,0.04924874845892191
2026-08-28 02:00:00,0.05263139586895704
2026-08-28 02:01:00,0.05263139586895704
2026-08-28 02:02:00,0.05263139586895704
2026-08-28 02:03:00,0.05263139586895704
2026-08-28 02:04:00,0.05263139586895704
2026-08-28 02:05:00,0.05575136188417673
2026-08-28 02:06:00,0.05575136188417673
2026-08-28 02:07:00,0.05575136188417673
2026-08-28 02:08:00,0.05575136188417673
2026-08-28 02:09:00,0.05575136188417673
2026-08-28 02:10:00,0.05723665002733469
2026-08-28 02:11:00,0.05723665002733469
2026-08-28 02:12:00,0.05723665002733469
2026-08-28 02:13:00,0.05723665002733469
2026-08-28 02:14:00,0.05723665002733469
2026-08-28 02:15:00,0.05523898918181658
2026-08-28 02:16:00,0.05523898918181658
2026-08-28 02:17:00,0.05523898918181658
2026-08-28 02:18:00,0.05523898918181658
2026-08-28 02:19:00,0.05523898918181658
2026-08-28 02:20:00,0.051873886957764626
2026-08-28 02:21:00,0.051873886957764626
2026-08-28 02:22:00,0.051873886957764626
2026-08-28 02:23:00,0.051873886957764626
2026-08-28 02:24:00,0.051873886957764626
2026-08-28 02:25:00,0.04905104078352451
2026-08-28 02:26:00,0.04905104078352451
2026-08-28 02:27:00,0.04905104078352451
2026-08-28 02:28:00,0.04905104078352451
2026-08-28 02:29:00,0.04905104078352451
2026-08-28 02:30:00,0.04638157598674297
2026-08-28 02:31:00,0.04638157598674297
2026-08-28 02:32:00,0.04638157598674297
2026-08-28 02:33:00,0.04638157598674297
2026-08-28 02:34:00,0.04638157598674297
2026-08-28 02:35:00,0.04669060278683901
2026-08-28 02:36:00,0.04669060278683901
2026-08-28 02:37:00,0.04669060278683901
2026-08-28 02:38:00,0.04669060278683901
2026-08-28 02:39:00,0.04669060278683901
2026-08-28 02:40:00,0.04742269776761532
2026-08-28 02:41:00,0.04742269776761532
2026-08-28 02:42:00,0.04742269776761532
2026-08-28 02:43:00,0.04742269776761532
2026-08-28 02:44:00,0.04742269776761532
2026-08-28 02:45:00,0.046009551733732224
2026-08-28 02:46:00,0.046009551733732224
2026-08-28 02:47:00,0.046009551733732224
2026-08-28 02:48:00,0.046009551733732224
2026-08-28 02:49:00,0.046009551733732224
2026-08-28 02:50:00,0.049807448871433735
2026-08-28 02:51:00,0.049807448871433735
2026-08-28 02:52:00,0.049807448871433735
2026-08-28 02:53:00,0.049807448871433735
2026-08-28 02:54:00,0.049807448871433735
2026-08-28 02:55:00,0.05160049349069595
2026-08-28 02:56:00,0.05160049349069595
2026-08-28 02:57:00,0.05160049349069595
2026-08-28 02:58:00,0.05160049349069595
2026-08-28 02:59:00,0.05160049349069595
2026-08-28 03:00:00,0.05253374204039574
2026-08-28 03:01:00,0.05253374204039574
2026-08-28 03:02:00,0.05253374204039574
2026-08-28 03:03:00,0.05253374204039574
2026-08-28 03:04:00,0.05253374204039574
2026-08-28 03:05:00,0.05509522929787636
2026-08-28 03:06:00,0.05509522929787636
2026-08-28 03:07:00,0.05509522929787636
2026-08-28 03:08:00,0.05509522929787636
2026-08-28 03:09:00,0.05509522929787636
2026-08-28 03:10:00,0.05329996533691883
2026-08-28 03:11:00,0.05329996533691883
2026-08-28 03:12:00,0.05329996533691883
2026-08-28 03:13:00,0.05329996533691883
2026-08-28 03:14:00,0.05329996533691883
2026-08-28 03:15:00,0.05025994312018156
2026-08-28 03:16:00,0.05025994312018156
2026-08-28 03:17:00,0.05025994312018156
2026-08-28 03:18:00,0.05025994312018156
2026-08-28 03:19:00,0.05025994312018156
2026-08-28 03:20:00,0.04800865426659584
2026-08-28 03:21:00,0.04800865426659584
2026-08-28 03:22:00,0.04800865426659584
2026-08-28 03:23:00,0.04800865426659584
2026-08-28 03:24:00,0.04800865426659584
2026-08-28 03:25:00,0.04643355496227741
2026-08-28 03:26:00,0.04643355496227741
2026-08-28 03:27:00,0.04643355496227741
2026-08-28 03:28:00,0.04643355496227741
2026-08-28 03:29:00,0.04643355496227741
2026-08-28 03:30:00,0.04643286019563675
2026-08-28 03:31:00,0.04643286019563675
2026-08-28 03:32:00,0.04643286019563675
2026-08-28 03:33:00,0.04643286019563675
2026-08-28 03:34:00,0.04643286019563675
2026-08-28 03:35:00,0.047127341851592064
2026-08-28 03:36:00,0.047127341851592064
2026-08-28 03:37:00,0.047127341851592064
2026-08-28 03:38:00,0.047127341851592064
2026-08-28 03:39:00,0.047127341851592064
2026-08-28 03:40:00,0.04801475070416927
2026-08-28 03:41:00,0.04801475070416927
2026-08-28 03:42:00,0.04801475070416927
2026-08-28 03:43:00,0.04801475070416927
2026-08-28 03:44:00,0.04801475070416927
2026-08-28 03:45:00,0.050164283253252506
2026-08-28 03:46:00,0.050164283253252506
2026-08-28 03:47:00,0.050164283253252506
2026-08-28 03:48:00,0.050164283253252506
2026-08-28 03:49:00,0.050164283253252506
2026-08-28 03:50:00,0.05325726419687271
2026-08-28 03:51:00,0.05325726419687271
2026-08-28 03:52:00,0.05325726419687271
2026-08-28 03:53:00,0.05325726419687271
2026-08-28 03:54:00,0.05325726419687271
2026-08-28 03:55:00,0.05559031758457422
2026-08-28 03:56:00,0.05559031758457422
2026-08-28 03:57:00,0.05559031758457422
2026-08-28 03:58:00,0.05559031758457422
2026-08-28 03:59:00,0.05559031758457422
2026-08-28 04:00:00,0.05461397487670183
2026-08-28 04:01:00,0.05461397487670183
2026-08-28 04:02:00,0.05461397487670183
2026-08-28 04:03:00,0.05461397487670183
2026-08-28 04:04:00,0.05461397487670183
2026-08-28 04:05:00,0.05111653544008732
2026-08-28 04:06:00,0.05111653544008732
2026-08-28 04:07:00,0.05111653544008732
2026-08-28 04:08:00,0.05111653544008732
2026-08-28 04:09:00,0.05111653544008732
2026-08-28 04:10:00,0.045973301865160465
2026-08-28 04:11:00,0.045973301865160465
2026-08-28 04:12:00,0.045973301865160465
2026-08-28 04:13:00,0.045973301865160465
2026-08-28 04:14:00,0.045973301865160465
2026-08-28 04:15:00,0.04153422825038433
2026-08-28 04:16:00,0.04153422825038433
2026-08-28 04:17:00,0.04153422825038433
2026-08-28 04:18:00,0.04153422825038433
2026-08-28 04:19:00,0.04153422825038433
2026-08-28 04:20:00,0.04143680166453123
2026-08-28 04:21:00,0.04143680166453123
2026-08-28 04:22:00,0.04143680166453123
2026-08-28 04:23:00,0.04143680166453123
2026-08-28 04:24:00,0.04143680166453123
2026-08-28 04:25:00,0.042684923857450485
2026-08-28 04:26:00,0.042684923857450485
2026-08-28 04:27:00,0.042684923857450485
2026-08-28 04:28:00,0.042684923857450485
2026-08-28 04:29:00,0.042684923857450485
2026-08-28 04:30:00,0.04283626191318035
2026-08-28 04:31:00,0.04283626191318035
2026-08-28 04:32:00,0.04283626191318035
2026-08-28 04:33:00,0.04283626191318035
2026-08-28 04:34:00,0.04283626191318035
2026-08-28 04:35:00,0.04375661630183458
2026-08-28 04:36:00,0.04375661630183458
2026-08-28 04:37:00,0.04375661630183458
2026-08-28 04:38:00,0.04375661630183458
2026-08-28 04:39:00,0.04375661630183458
2026-08-28 04:40:00,0.04338002856820822
2026-08-28 04:41:00,0.04338002856820822
2026-08-28 04:42:00,0.04338002856820822
2026-08-28 04:43:00,0.04338002856820822
2026-08-28 04:44:00,0.04338002856820822
2026-08-28 04:45:00,0.04253359790891409
2026-08-28 04:46:00,0.04253359790891409
2026-08-28 04:47:00,0.04253359790891409
2026-08-28 04:48:00,0.04253359790891409
2026-08-28 04:49:00,0.04253359790891409
2026-08-28 04:50:00,0.0467308210209012
2026-08-28 04:51:00,0.0467308210209012
2026-08-28 04:52:00,0.0467308210209012
2026-08-28 04:53:00,0.0467308210209012
2026-08-28 04:54:00,0.0467308210209012
2026-08-28 04:55:00,0.051970647647976875
2026-08-28 04:56:00,0.051970647647976875
2026-08-28 04:57:00,0.051970647647976875
2026-08-28 04:58:00,0.051970647647976875
2026-08-28 04:59:00,0.051970647647976875
2026-08-28 05:00:00,0.058739752508699894
2026-08-28 05:01:00,0.058739752508699894
2026-08-28 05:02:00,0.058739752508699894
2026-08-28 05:03:00,0.058739752508699894
2026-08-28 05:04:00,0.058739752508699894
2026-08-28 05:05:00,0.06203265115618706
2026-08-28 05:06:00,0.06203265115618706
2026-08-28 05:07:00,0.06203265115618706
2026-08-28 05:08:00,0.06203265115618706
2026-08-28 05:09:00,0.06203265115618706
2026-08-28 05:10:00,0.0608858959749341
2026-08-28 05:11:00,0.0608858959749341
2026-08-28 05:12:00,0.0608858959749341
2026-08-28 05:13:00,0.0608858959749341
2026-08-28 05:14:00,0.0608858959749341
2026-08-28 05:15:00,0.056712934747338295
2026-08-28 05:16:00,0.056712934747338295
2026-08-28 05:17:00,0.056712934747338295
2026-08-28 05:18:00,0.056712934747338295
2026-08-28 05:19:00,0.056712934747338295
2026-08-28 05:20:00,0.05023859441280365
2026-08-28 05:21:00,0.05023859441280365
2026-08-28 05:22:00,0.05023859441280365
2026-08-28 05:23:00,0.05023859441280365
2026-08-28 05:24:00,0.05023859441280365
2026-08-28 05:25:00,0.04913258273154497
2026-08-28 05:26:00,0.04913258273154497
2026-08-28 05:27:00,0.04913258273154497
2026-08-28 05:28:00,0.04913258273154497
2026-08-28 05:29:00,0.04913258273154497
2026-08-28 05:30:00,0.04852190054953098
2026-08-28 05:31:00,0.04852190054953098
2026-08-28 05:32:00,0.04852190054953098
2026-08-28 05:33:00,0.04852190054953098
2026-08-28 05:34:00,0.04852190054953098
2026-08-28 05:35:00,0.0505242059007287
2026-08-28 05:36:00,0.0505242059007287
2026-08-28 05:37:00,0.0505242059007287
2026-08-28 05:38:00,0.0505242059007287
2026-08-28 05:39:00,0.0505242059007287
2026-08-28 05:40:00,0.08879795204848051
2026-08-28 05:41:00,0.08879795204848051
2026-08-28 05:42:00,0.08879795204848051
2026-08-28 05:43:00,0.08879795204848051
2026-08-28 05:44:00,0.08879795204848051
2026-08-28 05:45:00,0.14195450115948915
2026-08-28 05:46:00,0.14195450115948915
2026-08-28 05:47:00,0.14195450115948915
2026-08-28 05:48:00,0.14195450115948915
2026-08-28 05:49:00,0.14195450115948915
2026-08-28 05:50:00,0.1941471602767706
2026-08-28 05:51:00,0.1941471602767706
2026-08-28 05:52:00,0.1941471602767706
2026-08-28 05:53:00,0.1941471602767706
2026-08-28 05:54:00,0.1941471602767706
2026-08-28 05:55:00,0.24531808868050575
2026-08-28 05:56:00,0.24531808868050575
2026-08-28 05:57:00,0.24531808868050575
2026-08-28 05:58:00,0.24531808868050575
2026-08-28 05:59:00,0.24531808868050575
2026-08-28 06:00:00,0.4685106426477432
2026-08-28 06:01:00,0.4685106426477432
2026-08-28 06:02:00,0.4685106426477432
2026-08-28 06:03:00,0.4685106426477432
2026-08-28 06:04:00,0.4685106426477432
2026-08-28 06:05:00,0.671877034008503
2026-08-28 06:06:00,0.671877034008503
2026-08-28 06:07:00,0.671877034008503
2026-08-28 06:08:00,0.671877034008503
2026-08-28 06:09:00,0.671877034008503
2026-08-28 06:10:00,0.8768754079937935
2026-08-28 06:11:00,0.8768754079937935
2026-08-28 06:12:00,0.8768754079937935
2026-08-28 06:13:00,0.8768754079937935
2026-08-28 06:14:00,0.8768754079937935
2026-08-28 06:15:00,1.081471472978592
2026-08-28 06:16:00,1.081471472978592
2026-08-28 06:17:00,1.081471472978592
2026-08-28 06:18:00,1.081471472978592
2026-08-28 06:19:00,1.081471472978592
2026-08-28 06:20:00,0.8531743474304676
2026-08-28 06:21:00,0.8531743474304676
2026-08-28 06:22:00,0.8531743474304676
2026-08-28 06:23:00,0.8531743474304676
2026-08-28 06:24:00,0.8531743474304676
2026-08-28 06:25:00,0.7336614020168781
2026-08-28 06:26:00,0.7336614020168781
2026-08-28 06:27:00,0.7336614020168781
2026-08-28 06:28:00,0.7336614020168781
2026-08-28 06:29:00,0.7336614020168781
2026-08-28 06:30:00,0.6144431568682194
2026-08-28 06:31:00,0.6144431568682194
2026-08-28 06:32:00,0.6144431568682194
2026-08-28 06:33:00,0.6144431568682194
2026-08-28 06:34:00,0.6144431568682194
2026-08-28 06:35:00,0.49696338549256325
2026-08-28 06:36:00,0.49696338549256325
2026-08-28 06:37:00,0.49696338549256325
2026-08-28 06:38:00,0.49696338549256325
2026-08-28 06:39:00,0.49696338549256325
2026-08-28 06:40:00,0.6052138656377792
2026-08-28 06:41:00,0.6052138656377792
2026-08-28 06:42:00,0.6052138656377792
2026-08-28 06:43:00,0.6052138656377792
2026-08-28 06:44:00,0.6052138656377792
2026-08-28 06:45:00,0.5098753087222576
2026-08-28 06:46:00,0.5098753087222576
2026-08-28 06:47:00,0.5098753087222576
2026-08-28 06:48:00,0.5098753087222576
2026-08-28 06:49:00,0.5098753087222576
2026-08-28 06:50:00,0.41331613063812256
2026-08-28 06:51:00,0.41331613063812256
2026-08-28 06:52:00,0.41331613063812256
2026-08-28 06:53:00,0.41331613063812256
2026-08-28 06:54:00,0.41331613063812256
2026-08-28 06:55:00,0.3150574117898941
2026-08-28 06:56:00,0.3150574117898941
2026-08-28 06:57:00,0.3150574117898941
2026-08-28 06:58:00,0.3150574117898941
2026-08-28 06:59:00,0.3150574117898941
2026-08-28 07:00:00,0.21531080454587936
2026-08-28 07:01:00,0.21531080454587936
2026-08-28 07:02:00,0.21531080454587936
2026-08-28 07:03:00,0.21531080454587936
2026-08-28 07:04:00,0.21531080454587936
2026-08-28 07:05:00,0.21203948184847832
2026-08-28 07:06:00,0.21203948184847832
2026-08-28 07:07:00,0.21203948184847832
2026-08-28 07:08:00,0.21203948184847832
2026-08-28 07:09:00,0.21203948184847832
2026-08-28 07:10:00,0.20881173759698868
2026-08-28 07:11:00,0.20881173759698868
2026-08-28 07:12:00,0.20881173759698868
2026-08-28 07:13:00,0.20881173759698868
2026-08-28 07:14:00,0.20881173759698868
2026-08-28 07:15:00,0.2066611349582672
2026-08-28 07:16:00,0.2066611349582672
2026-08-28 07:17:00,0.2066611349582672
2026-08-28 07:18:00,0.2066611349582672
2026-08-28 07:19:00,0.2066611349582672
2026-08-28 07:20:00,0.17926259525120258
2026-08-28 07:21:00,0.17926259525120258
2026-08-28 07:22:00,0.17926259525120258
2026-08-28 07:23:00,0.17926259525120258
2026-08-28 07:24:00,0.17926259525120258
2026-08-28 07:25:00,0.1902007106691599
2026-08-28 07:26:00,0.1902007106691599
2026-08-28 07:27:00,0.1902007106691599
2026-08-28 07:28:00,0.1902007106691599
2026-08-28 07:29:00,0.1902007106691599
2026-08-28 07:30:00,0.20183455385267735
2026-08-28 07:31:00,0.20183455385267735
2026-08-28 07:32:00,0.20183455385267735
2026-08-28 07:33:00,0.20183455385267735
2026-08-28 07:34:00,0.20183455385267735
2026-08-28 07:35:00,0.21314610727131367
2026-08-28 07:36:00,0.21314610727131367
2026-08-28 07:37:00,0.21314610727131367
2026-08-28 07:38:00,0.21314610727131367
2026-08-28 07:39:00,0.21314610727131367
2026-08-28 07:40:00,0.25167135894298553
2026-08-28 07:41:00,0.25167135894298553
2026-08-28 07:42:00,0.25167135894298553
2026-08-28 07:43:00,0.25167135894298553
2026-08-28 07:44:00,0.25167135894298553
2026-08-28 07:45:00,0.2015366917476058
2026-08-28 07:46:00,0.2015366917476058
2026-08-28 07:47:00,0.2015366917476058
2026-08-28 07:48:00,0.2015366917476058
2026-08-28 07:49:00,0.2015366917476058
2026-08-28 07:50:00,0.15310995280742645
2026-08-28 07:51:00,0.15310995280742645
2026-08-28 07:52:00,0.15310995280742645
2026-08-28 07:53:00,0.15310995280742645
2026-08-28 07:54:00,0.15310995280742645
2026-08-28 07:55:00,0.10244212578982115
2026-08-28 07:56:00,0.10244212578982115
2026-08-28 07:57:00,0.10244212578982115
2026-08-28 07:58:00,0.10244212578982115
2026-08-28 07:59:00,0.10244212578982115
2026-08-28 08:00:00,0.06628731917589903
2026-08-28 08:01:00,0.06628731917589903
2026-08-28 08:02:00,0.06628731917589903
2026-08-28 08:03:00,0.06628731917589903
2026-08-28 08:04:00,0.06628731917589903
2026-08-28 08:05:00,0.08363457955420017
2026-08-28 08:06:00,0.08363457955420017
2026-08-28 08:07:00,0.08363457955420017
2026-08-28 08:08:00,0.08363457955420017
2026-08-28 08:09:00,0.08363457955420017
2026-08-28 08:10:00,0.09945364389568567
2026-08-28 08:11:00,0.09945364389568567
2026-08-28 08:12:00,0.09945364389568567
2026-08-28 08:13:00,0.09945364389568567
2026-08-28 08:14:00,0.09945364389568567
2026-08-28 08:15:00,0.11820548214018345
2026-08-28 08:16:00,0.11820548214018345
2026-08-28 08:17:00,0.11820548214018345
2026-08-28 08:18:00,0.11820548214018345
2026-08-28 08:19:00,0.11820548214018345
2026-08-28 08:20:00,0.10317224822938442
2026-08-28 08:21:00,0.10317224822938442
2026-08-28 08:22:00,0.10317224822938442
2026-08-28 08:23:00,0.10317224822938442
2026-08-28 08:24:00,0.10317224822938442
2026-08-28 08:25:00,0.08505949936807156
2026-08-28 08:26:00,0.08505949936807156
2026-08-28 08:27:00,0.08505949936807156
2026-08-28 08:28:00,0.08505949936807156
2026-08-28 08:29:00,0.08505949936807156
2026-08-28 08:30:00,0.0673975870013237
2026-08-28 08:31:00,0.0673975870013237
2026-08-28 08:32:00,0.0673975870013237
2026-08-28 08:33:00,0.0673975870013237
2026-08-28 08:34:00,0.0673975870013237
2026-08-28 08:35:00,0.04959426634013653
2026-08-28 08:36:00,0.04959426634013653
2026-08-28 08:37:00,0.04959426634013653
2026-08-28 08:38:00,0.04959426634013653
2026-08-28 08:39:00,0.04959426634013653
2026-08-28 08:40:00,0.04975027684122324
2026-08-28 08:41:00,0.04975027684122324
2026-08-28 08:42:00,0.04975027684122324
2026-08-28 08:43:00,0.04975027684122324
2026-08-28 08:44:00,0.04975027684122324
2026-08-28 08:45:00,0.0511409780010581
2026-08-28 08:46:00,0.0511409780010581
2026-08-28 08:47:00,0.0511409780010581
2026-08-28 08:48:00,0.0511409780010581
2026-08-28 08:49:00,0.0511409780010581
2026-08-28 08:50:00,0.05470556300133467
2026-08-28 08:51:00,0.05470556300133467
2026-08-28 08:52:00,0.05470556300133467
2026-08-28 08:53:00,0.05470556300133467
2026-08-28 08:54:00,0.05470556300133467
2026-08-28 08:55:00,0.05987455043941736
2026-08-28 08:56:00,0.05987455043941736
2026-08-28 08:57:00,0.05987455043941736
2026-08-28 08:58:00,0.05987455043941736
2026-08-28 08:59:00,0.05987455043941736
2026-08-28 09:00:00,0.06564975529909134
2026-08-28 09:01:00,0.06564975529909134
2026-08-28 09:02:00,0.06564975529909134
2026-08-28 09:03:00,0.06564975529909134
2026-08-28 09:04:00,0.06564975529909134
2026-08-28 09:05:00,0.07150301896035671
2026-08-28 09:06:00,0.07150301896035671
2026-08-28 09:07:00,0.07150301896035671
2026-08-28 09:08:00,0.07150301896035671
2026-08-28 09:09:00,0.07150301896035671
2026-08-28 09:10:00,0.07628570310771465
2026-08-28 09:11:00,0.07628570310771465
2026-08-28 09:12:00,0.07628570310771465
2026-08-28 09:13:00,0.07628570310771465
2026-08-28 09:14:00,0.07628570310771465
2026-08-28 09:15:00,0.07640498131513596
2026-08-28 09:16:00,0.07640498131513596
2026-08-28 09:17:00,0.07640498131513596
2026-08-28 09:18:00,0.07640498131513596
2026-08-28 09:19:00,0.07640498131513596
2026-08-28 09:20:00,0.07323889341205359
2026-08-28 09:21:00,0.07323889341205359
2026-08-28 09:22:00,0.07323889341205359
2026-08-28 09:23:00,0.07323889341205359
2026-08-28 09:24:00,0.07323889341205359
2026-08-28 09:25:00,0.07061373721808195
2026-08-28 09:26:00,0.07061373721808195
2026-08-28 09:27:00,0.07061373721808195
2026-08-28 09:28:00,0.07061373721808195
2026-08-28 09:29:00,0.07061373721808195
2026-08-28 09:30:00,0.06230899132788181
2026-08-28 09:31:00,0.06230899132788181
2026-08-28 09:32:00,0.06230899132788181
2026-08-28 09:33:00,0.06230899132788181
2026-08-28 09:34:00,0.06230899132788181
2026-08-28 09:35:00,0.056885275058448315
2026-08-28 09:36:00,0.056885275058448315
2026-08-28 09:37:00,0.056885275058448315
2026-08-28 09:38:00,0.056885275058448315
2026-08-28 09:39:00,0.056885275058448315
2026-08-28 09:40:00,0.05229624640196562
2026-08-28 09:41:00,0.05229624640196562
2026-08-28 09:42:00,0.05229624640196562
2026-08-28 09:43:00,0.05229624640196562
2026-08-28 09:44:00,0.05229624640196562
2026-08-28 09:45:00,0.04741279128938913
2026-08-28 09:46:00,0.04741279128938913
2026-08-28 09:47:00,0.04741279128938913
2026-08-28 09:48:00,0.04741279128938913
2026-08-28 09:49:00,0.04741279128938913
2026-08-28 09:50:00,0.046809726394712925
2026-08-28 09:51:00,0.046809726394712925
2026-08-28 09:52:00,0.046809726394712925
2026-08-28 09:53:00,0.046809726394712925
2026-08-28 09:54:00,0.046809726394712925
2026-08-28 09:55:00,0.045189219526946545
2026-08-28 09:56:00,0.045189219526946545
2026-08-28 09:57:00,0.045189219526946545
2026-08-28 09:58:00,0.045189219526946545
2026-08-28 09:59:00,0.045189219526946545
2026-08-28 10:00:00,0.04710579477250576
2026-08-28 10:01:00,0.04710579477250576
2026-08-28 10:02:00,0.04710579477250576
2026-08-28 10:03:00,0.04710579477250576
2026-08-28 10:04:00,0.04710579477250576
2026-08-28 10:05:00,0.04631378222256899
2026-08-28 10:06:00,0.04631378222256899
2026-08-28 10:07:00,0.04631378222256899
2026-08-28 10:08:00,0.04631378222256899
2026-08-28 10:09:00,0.04631378222256899
2026-08-28 10:10:00,0.2810032591223717
2026-08-28 10:11:00,0.2810032591223717
2026-08-28 10:12:00,0.2810032591223717
2026-08-28 10:13:00,0.2810032591223717
2026-08-28 10:14:00,0.2810032591223717
2026-08-28 10:15:00,0.516185793094337
2026-08-28 10:16:00,0.516185793094337
2026-08-28 10:17:00,0.516185793094337
2026-08-28 10:18:00,0.516185793094337
2026-08-28 10:19:00,0.516185793094337
2026-08-28 10:20:00,0.7497565699741244
2026-08-28 10:21:00,0.7497565699741244
2026-08-28 10:22:00,0.7497565699741244
2026-08-28 10:23:00,0.7497565699741244
2026-08-28 10:24:00,0.7497565699741244
2026-08-28 10:25:00,0.9854538142681122
2026-08-28 10:26:00,0.9854538142681122
2026-08-28 10:27:00,0.9854538142681122
2026-08-28 10:28:00,0.9854538142681122
2026-08-28 10:29:00,0.9854538142681122
2026-08-28 10:30:00,0.7818400971591473
2026-08-28 10:31:00,0.7818400971591473
2026-08-28 10:32:00,0.7818400971591473
2026-08-28 10:33:00,0.7818400971591473
2026-08-28 10:34:00,0.7818400971591473
2026-08-28 10:35:00,0.5789241790771484
2026-08-28 10:36:00,0.5789241790771484
2026-08-28 10:37:00,0.5789241790771484
2026-08-28 10:38:00,0.5789241790771484
2026-08-28 10:39:00,0.5789241790771484
2026-08-28 10:40:00,0.37660327553749084
2026-08-28 10:41:00,0.37660327553749084
2026-08-28 10:42:00,0.37660327553749084
2026-08-28 10:43:00,0.37660327553749084
2026-08-28 10:44:00,0.37660327553749084
2026-08-28 10:45:00,0.17426540330052376
2026-08-28 10:46:00,0.17426540330052376
2026-08-28 10:47:00,0.17426540330052376
2026-08-28 10:48:00,0.17426540330052376
2026-08-28 10:49:00,0.17426540330052376
2026-08-28 10:50:00,0.1760861612856388
2026-08-28 10:51:00,0.1760861612856388
2026-08-28 10:52:00,0.1760861612856388
2026-08-28 10:53:00,0.1760861612856388
2026-08-28 10:54:00,0.1760861612856388
2026-08-28 10:55:00,0.17849689722061157
2026-08-28 10:56:00,0.17849689722061157
2026-08-28 10:57:00,0.17849689722061157
2026-08-28 10:58:00,0.17849689722061157
2026-08-28 10:59:00,0.17849689722061157
2026-08-28 11:00:00,0.17956334725022316
2026-08-28 11:01:00,0.17956334725022316
2026-08-28 11:02:00,0.17956334725022316
2026-08-28 11:03:00,0.17956334725022316
2026-08-28 11:04:00,0.17956334725022316
2026-08-28 11:05:00,0.18000851944088936
2026-08-28 11:06:00,0.18000851944088936
2026-08-28 11:07:00,0.18000851944088936
2026-08-28 11:08:00,0.18000851944088936
2026-08-28 11:09:00,0.18000851944088936
2026-08-28 11:10:00,0.17947246879339218
2026-08-28 11:11:00,0.17947246879339218
2026-08-28 11:12:00,0.17947246879339218
2026-08-28 11:13:00,0.17947246879339218
2026-08-28 11:14:00,0.17947246879339218
2026-08-28 11:15:00,0.17528018727898598
2026-08-28 11:16:00,0.17528018727898598
2026-08-28 11:17:00,0.17528018727898598
2026-08-28 11:18:00,0.17528018727898598
2026-08-28 11:19:00,0.17528018727898598
2026-08-28 11:20:00,0.171748835593462
2026-08-28 11:21:00,0.171748835593462
2026-08-28 11:22:00,0.171748835593462
2026-08-28 11:23:00,0.171748835593462
2026-08-28 11:24:00,0.171748835593462
2026-08-28 11:25:00,0.16954633966088295
2026-08-28 11:26:00,0.16954633966088295
2026-08-28 11:27:00,0.16954633966088295
2026-08-28 11:28:00,0.16954633966088295
2026-08-28 11:29:00,0.16954633966088295
2026-08-28 11:30:00,0.1378685152158141
2026-08-28 11:31:00,0.1378685152158141
2026-08-28 11:32:00,0.1378685152158141
2026-08-28 11:33:00,0.1378685152158141
2026-08-28 11:34:00,0.1378685152158141
2026-08-28 11:35:00,0.10712994262576103
2026-08-28 11:36:00,0.10712994262576103
2026-08-28 11:37:00,0.10712994262576103
2026-08-28 11:38:00,0.10712994262576103
2026-08-28 11:39:00,0.10712994262576103
2026-08-28 11:40:00,0.07668458111584187
2026-08-28 11:41:00,0.07668458111584187
2026-08-28 11:42:00,0.07668458111584187
2026-08-28 11:43:00,0.07668458111584187
2026-08-28 11:44:00,0.07668458111584187
2026-08-28 11:45:00,0.04582826420664787
2026-08-28 11:46:00,0.04582826420664787
2026-08-28 11:47:00,0.04582826420664787
2026-08-28 11:48:00,0.04582826420664787
2026-08-28 11:49:00,0.04582826420664787
2026-08-28 11:50:00,0.04705387633293867
2026-08-28 11:51:00,0.04705387633293867
2026-08-28 11:52:00,0.04705387633293867
2026-08-28 11:53:00,0.04705387633293867
2026-08-28 11:54:00,0.04705387633293867
2026-08-28 11:55:00,0.05011759791523218
2026-08-28 11:56:00,0.05011759791523218
2026-08-28 11:57:00,0.05011759791523218
2026-08-28 11:58:00,0.05011759791523218
2026-08-28 11:59:00,0.05011759791523218
2026-08-28 12:00:00,0.05375771224498749
2026-08-28 12:01:00,0.05375771224498749
2026-08-28 12:02:00,0.05375771224498749
2026-08-28 12:03:00,0.05375771224498749
2026-08-28 12:04:00,0.05375771224498749
2026-08-28 12:05:00,0.055629946291446686
2026-08-28 12:06:00,0.055629946291446686
2026-08-28 12:07:00,0.055629946291446686
2026-08-28 12:08:00,0.055629946291446686
2026-08-28 12:09:00,0.055629946291446686
2026-08-28 12:10:00,0.057425099425017834
2026-08-28 12:11:00,0.057425099425017834
2026-08-28 12:12:00,0.057425099425017834
2026-08-28 12:13:00,0.057425099425017834
2026-08-28 12:14:00,0.057425099425017834
2026-08-28 12:15:00,0.05541868507862091
2026-08-28 12:16:00,0.05541868507862091
2026-08-28 12:17:00,0.05541868507862091
2026-08-28 12:18:00,0.05541868507862091
2026-08-28 12:19:00,0.05541868507862091
2026-08-28 12:20:00,0.05069722980260849
2026-08-28 12:21:00,0.05069722980260849
2026-08-28 12:22:00,0.05069722980260849
2026-08-28 12:23:00,0.05069722980260849
2026-08-28 12:24:00,0.05069722980260849
2026-08-28 12:25:00,0.04840838722884655
2026-08-28 12:26:00,0.04840838722884655
2026-08-28 12:27:00,0.04840838722884655
2026-08-28 12:28:00,0.04840838722884655
2026-08-28 12:29:00,0.04840838722884655
2026-08-28 12:30:00,0.04302920028567314
2026-08-28 12:31:00,0.04302920028567314
2026-08-28 12:32:00,0.04302920028567314
2026-08-28 12:33:00,0.04302920028567314
2026-08-28 12:34:00,0.04302920028567314
2026-08-28 12:35:00,0.04220268689095974
2026-08-28 12:36:00,0.04220268689095974
2026-08-28 12:37:00,0.04220268689095974
2026-08-28 12:38:00,0.04220268689095974
2026-08-28 12:39:00,0.04220268689095974
2026-08-28 12:40:00,0.08249135408550501
2026-08-28 12:41:00,0.08249135408550501
2026-08-28 12:42:00,0.08249135408550501
2026-08-28 12:43:00,0.08249135408550501
2026-08-28 12:44:00,0.08249135408550501
2026-08-28 12:45:00,0.12230141926556826
2026-08-28 12:46:00,0.12230141926556826
2026-08-28 12:47:00,0.12230141926556826
2026-08-28 12:48:00,0.12230141926556826
2026-08-28 12:49:00,0.12230141926556826
2026-08-28 12:50:00,0.1632866319268942
2026-08-28 12:51:00,0.1632866319268942
2026-08-28 12:52:00,0.1632866319268942
2026-08-28 12:53:00,0.1632866319268942
2026-08-28 12:54:00,0.1632866319268942
2026-08-28 12:55:00,0.20346135646104813
2026-08-28 12:56:00,0.20346135646104813
2026-08-28 12:57:00,0.20346135646104813
2026-08-28 12:58:00,0.20346135646104813
2026-08-28 12:59:00,0.20346135646104813
2026-08-28 13:00:00,0.16387330926954746
2026-08-28 13:01:00,0.16387330926954746
2026-08-28 13:02:00,0.16387330926954746
2026-08-28 13:03:00,0.16387330926954746
2026-08-28 13:04:00,0.16387330926954746
2026-08-28 13:05:00,0.12684602197259665
2026-08-28 13:06:00,0.12684602197259665
2026-08-28 13:07:00,0.12684602197259665
2026-08-28 13:08:00,0.12684602197259665
2026-08-28 13:09:00,0.12684602197259665
2026-08-28 13:10:00,0.0908826757222414
2026-08-28 13:11:00,0.0908826757222414
2026-08-28 13:12:00,0.0908826757222414
2026-08-28 13:13:00,0.0908826757222414
2026-08-28 13:14:00,0.0908826757222414
2026-08-28 13:15:00,0.055408043786883354
2026-08-28 13:16:00,0.055408043786883354
2026-08-28 13:17:00,0.055408043786883354
2026-08-28 13:18:00,0.055408043786883354
2026-08-28 13:19:00,0.055408043786883354
2026-08-28 13:20:00,0.06087546423077583
2026-08-28 13:21:00,0.06087546423077583
2026-08-28 13:22:00,0.06087546423077583
2026-08-28 13:23:00,0.06087546423077583
2026-08-28 13:24:00,0.06087546423077583
2026-08-28 13:25:00,0.06013565789908171
2026-08-28 13:26:00,0.06013565789908171
2026-08-28 13:27:00,0.06013565789908171
2026-08-28 13:28:00,0.06013565789908171
2026-08-28 13:29:00,0.06013565789908171
2026-08-28 13:30:00,0.05594584345817566
2026-08-28 13:31:00,0.05594584345817566
2026-08-28 13:32:00,0.05594584345817566
2026-08-28 13:33:00,0.05594584345817566
2026-08-28 13:34:00,0.05594584345817566
2026-08-28 13:35:00,0.05316729377955198
2026-08-28 13:36:00,0.05316729377955198
2026-08-28 13:37:00,0.05316729377955198
2026-08-28 13:38:00,0.05316729377955198
2026-08-28 13:39:00,0.05316729377955198
2026-08-28 13:40:00,0.050905405543744564
2026-08-28 13:41:00,0.050905405543744564
2026-08-28 13:42:00,0.050905405543744564
2026-08-28 13:43:00,0.050905405543744564
2026-08-28 13:44:00,0.050905405543744564
2026-08-28 13:45:00,0.0531162628903985
2026-08-28 13:46:00,0.0531162628903985
2026-08-28 13:47:00,0.0531162628903985
2026-08-28 13:48:00,0.0531162628903985
2026-08-28 13:49:00,0.0531162628903985
2026-08-28 13:50:00,0.05942995008081198
2026-08-28 13:51:00,0.05942995008081198
2026-08-28 13:52:00,0.05942995008081198
2026-08-28 13:53:00,0.05942995008081198
2026-08-28 13:54:00,0.05942995008081198
2026-08-28 13:55:00,0.06022566743195057
2026-08-28 13:56:00,0.06022566743195057
2026-08-28 13:57:00,0.06022566743195057
2026-08-28 13:58:00,0.06022566743195057
2026-08-28 13:59:00,0.06022566743195057
2026-08-28 14:00:00,0.0590142821893096
2026-08-28 14:01:00,0.0590142821893096
2026-08-28 14:02:00,0.0590142821893096
2026-08-28 14:03:00,0.0590142821893096
2026-08-28 14:04:00,0.0590142821893096
2026-08-28 14:05:00,0.05536579620093107
2026-08-28 14:06:00,0.05536579620093107
2026-08-28 14:07:00,0.05536579620093107
2026-08-28 14:08:00,0.05536579620093107
2026-08-28 14:09:00,0.05536579620093107
2026-08-28 14:10:00,0.05076054949313402
2026-08-28 14:11:00,0.05076054949313402
2026-08-28 14:12:00,0.05076054949313402
2026-08-28 14:13:00,0.05076054949313402
2026-08-28 14:14:00,0.05076054949313402
2026-08-28 14:15:00,0.05098032392561436
2026-08-28 14:16:00,0.05098032392561436
2026-08-28 14:17:00,0.05098032392561436
2026-08-28 14:18:00,0.05098032392561436
2026-08-28 14:19:00,0.05098032392561436
2026-08-28 14:20:00,0.052264485508203506
2026-08-28 14:21:00,0.052264485508203506
2026-08-28 14:22:00,0.052264485508203506
2026-08-28 14:23:00,0.052264485508203506
2026-08-28 14:24:00,0.052264485508203506
2026-08-28 14:25:00,0.055857157334685326
2026-08-28 14:26:00,0.055857157334685326
2026-08-28 14:27:00,0.055857157334685326
2026-08-28 14:28:00,0.055857157334685326
2026-08-28 14:29:00,0.055857157334685326
2026-08-28 14:30:00,0.05711084417998791
2026-08-28 14:31:00,0.05711084417998791
2026-08-28 14:32:00,0.05711084417998791
2026-08-28 14:33:00,0.05711084417998791
2026-08-28 14:34:00,0.05711084417998791
2026-08-28 14:35:00,0.05529187899082899
2026-08-28 14:36:00,0.05529187899082899
2026-08-28 14:37:00,0.05529187899082899
2026-08-28 14:38:00,0.05529187899082899
2026-08-28 14:39:00,0.05529187899082899
2026-08-28 14:40:00,0.054196509532630444
2026-08-28 14:41:00,0.054196509532630444
2026-08-28 14:42:00,0.054196509532630444
2026-08-28 14:43:00,0.054196509532630444
2026-08-28 14:44:00,0.054196509532630444
2026-08-28 14:45:00,0.049646674655377865
2026-08-28 14:46:00,0.049646674655377865
2026-08-28 14:47:00,0.049646674655377865
2026-08-28 14:48:00,0.049646674655377865
2026-08-28 14:49:00,0.049646674655377865
2026-08-28 14:50:00,0.047615149058401585
2026-08-28 14:51:00,0.047615149058401585
2026-08-28 14:52:00,0.047615149058401585
2026-08-28 14:53:00,0.047615149058401585
2026-08-28 14:54:00,0.047615149058401585
2026-08-28 14:55:00,0.04991392698138952
2026-08-28 14:56:00,0.04991392698138952
2026-08-28 14:57:00,0.04991392698138952
2026-08-28 14:58:00,0.04991392698138952
2026-08-28 14:59:00,0.04991392698138952
2026-08-28 15:00:00,0.04939815029501915
2026-08-28 15:01:00,0.04939815029501915
2026-08-28 15:02:00,0.04939815029501915
2026-08-28 15:03:00,0.04939815029501915
2026-08-28 15:04:00,0.04939815029501915
2026-08-28 15:05:00,0.05012193135917187
2026-08-28 15:06:00,0.05012193135917187
2026-08-28 15:07:00,0.05012193135917187
2026-08-28 15:08:00,0.05012193135917187
2026-08-28 15:09:00,0.05012193135917187
2026-08-28 15:10:00,0.049890799447894096
2026-08-28 15:11:00,0.049890799447894096
2026-08-28 15:12:00,0.049890799447894096
2026-08-28 15:13:00,0.049890799447894096
2026-08-28 15:14:00,0.049890799447894096
2026-08-28 15:15:00,0.048894607461988926
2026-08-28 15:16:00,0.048894607461988926
2026-08-28 15:17:00,0.048894607461988926
2026-08-28 15:18:00,0.048894607461988926
2026-08-28 15:19:00,0.048894607461988926
2026-08-28 15:20:00,0.05231071915477514
2026-08-28 15:21:00,0.05231071915477514
2026-08-28 15:22:00,0.05231071915477514
2026-08-28 15:23:00,0.05231071915477514
2026-08-28 15:24:00,0.05231071915477514
2026-08-28 15:25:00,0.05622901115566492
2026-08-28 15:26:00,0.05622901115566492
2026-08-28 15:27:00,0.05622901115566492
2026-08-28 15:28:00,0.05622901115566492
2026-08-28 15:29:00,0.05622901115566492
2026-08-28 15:30:00,0.058374691754579544
2026-08-28 15:31:00,0.058374691754579544
2026-08-28 15:32:00,0.058374691754579544
2026-08-28 15:33:00,0.058374691754579544
2026-08-28 15:34:00,0.058374691754579544
2026-08-28 15:35:00,0.05505659990012646
2026-08-28 15:36:00,0.05505659990012646
2026-08-28 15:37:00,0.05505659990012646
2026-08-28 15:38:00,0.05505659990012646
2026-08-28 15:39:00,0.05505659990012646
2026-08-28 15:40:00,0.051233042031526566
2026-08-28 15:41:00,0.051233042031526566
2026-08-28 15:42:00,0.051233042031526566
2026-08-28 15:43:00,0.051233042031526566
2026-08-28 15:44:00,0.051233042031526566
2026-08-28 15:45:00,0.04880502726882696
2026-08-28 15:46:00,0.04880502726882696
2026-08-28 15:47:00,0.04880502726882696
2026-08-28 15:48:00,0.04880502726882696
2026-08-28 15:49:00,0.04880502726882696
2026-08-28 15:50:00,0.04702210333198309
2026-08-28 15:51:00,0.04702210333198309
2026-08-28 15:52:00,0.04702210333198309
2026-08-28 15:53:00,0.04702210333198309
2026-08-28 15:54:00,0.04702210333198309
2026-08-28 15:55:00,0.049232060089707375
2026-08-28 15:56:00,0.049232060089707375
2026-08-28 15:57:00,0.049232060089707375
2026-08-28 15:58:00,0.049232060089707375
2026-08-28 15:59:00,0.049232060089707375
2026-08-28 16:00:00,0.04892531502991915
2026-08-28 16:01:00,0.04892531502991915
2026-08-28 16:02:00,0.04892531502991915
2026-08-28 16:03:00,0.04892531502991915
2026-08-28 16:04:00,0.04892531502991915
2026-08-28 16:05:00,0.04854568559676409
2026-08-28 16:06:00,0.04854568559676409
2026-08-28 16:07:00,0.04854568559676409
2026-08-28 16:08:00,0.04854568559676409
2026-08-28 16:09:00,0.04854568559676409
2026-08-28 16:10:00,0.050340838730335236
2026-08-28 16:11:00,0.050340838730335236
2026-08-28 16:12:00,0.050340838730335236
2026-08-28 16:13:00,0.050340838730335236
2026-08-28 16:14:00,0.050340838730335236
2026-08-28 16:15:00,0.05208467412739992
2026-08-28 16:16:00,0.05208467412739992
2026-08-28 16:17:00,0.05208467412739992
2026-08-28 16:18:00,0.05208467412739992
2026-08-28 16:19:00,0.05208467412739992
2026-08-28 16:20:00,0.053699866868555546
2026-08-28 16:21:00,0.053699866868555546
2026-08-28 16:22:00,0.053699866868555546
2026-08-28 16:23:00,0.053699866868555546
2026-08-28 16:24:00,0.053699866868555546
2026-08-28 16:25:00,0.054328189231455326
2026-08-28 16:26:00,0.054328189231455326
2026-08-28 16:27:00,0.054328189231455326
2026-08-28 16:28:00,0.054328189231455326
2026-08-28 16:29:00,0.054328189231455326
2026-08-28 16:30:00,0.05204917024821043
2026-08-28 16:31:00,0.05204917024821043
2026-08-28 16:32:00,0.05204917024821043
2026-08-28 16:33:00,0.05204917024821043
2026-08-28 16:34:00,0.05204917024821043
2026-08-28 16:35:00,0.04822180047631264
2026-08-28 16:36:00,0.04822180047631264
2026-08-28 16:37:00,0.04822180047631264
2026-08-28 16:38:00,0.04822180047631264
2026-08-28 16:39:00,0.04822180047631264
2026-08-28 16:40:00,0.04687508661299944
2026-08-28 16:41:00,0.04687508661299944
2026-08-28 16:42:00,0.04687508661299944
2026-08-28 16:43:00,0.04687508661299944
2026-08-28 16:44:00,0.04687508661299944
2026-08-28 16:45:00,0.04782767593860626
2026-08-28 16:46:00,0.04782767593860626
2026-08-28 16:47:00,0.04782767593860626
2026-08-28 16:48:00,0.04782767593860626
2026-08-28 16:49:00,0.04782767593860626
2026-08-28 16:50:00,0.05165806878358126
2026-08-28 16:51:00,0.05165806878358126
2026-08-28 16:52:00,0.05165806878358126
2026-08-28 16:53:00,0.05165806878358126
2026-08-28 16:54:00,0.05165806878358126
2026-08-28 16:55:00,0.058960153721272945
2026-08-28 16:56:00,0.058960153721272945
2026-08-28 16:57:00,0.058960153721272945
2026-08-28 16:58:00,0.058960153721272945
2026-08-28 16:59:00,0.058960153721272945
2026-08-28 17:00:00,0.06433164793998003
2026-08-28 17:01:00,0.06433164793998003
2026-08-28 17:02:00,0.06433164793998003
2026-08-28 17:03:00,0.06433164793998003
2026-08-28 17:04:00,0.06433164793998003
2026-08-28 17:05:00,0.06653218623250723
2026-08-28 17:06:00,0.06653218623250723
2026-08-28 17:07:00,0.06653218623250723
2026-08-28 17:08:00,0.06653218623250723
2026-08-28 17:09:00,0.06653218623250723
2026-08-28 17:10:00,0.0669705979526043
2026-08-28 17:11:00,0.0669705979526043
2026-08-28 17:12:00,0.0669705979526043
2026-08-28 17:13:00,0.0669705979526043
2026-08-28 17:14:00,0.0669705979526043
2026-08-28 17:15:00,0.06372697744518518
2026-08-28 17:16:00,0.06372697744518518
2026-08-28 17:17:00,0.06372697744518518
2026-08-28 17:18:00,0.06372697744518518
2026-08-28 17:19:00,0.06372697744518518
2026-08-28 17:20:00,0.05717436410486698
2026-08-28 17:21:00,0.05717436410486698
2026-08-28 17:22:00,0.05717436410486698
2026-08-28 17:23:00,0.05717436410486698
2026-08-28 17:24:00,0.05717436410486698
2026-08-28 17:25:00,0.05129548907279968
2026-08-28 17:26:00,0.05129548907279968
2026-08-28 17:27:00,0.05129548907279968
2026-08-28 17:28:00,0.05129548907279968
2026-08-28 17:29:00,0.05129548907279968
2026-08-28 17:30:00,0.04827109258621931
2026-08-28 17:31:00,0.04827109258621931
2026-08-28 17:32:00,0.04827109258621931
2026-08-28 17:33:00,0.04827109258621931
2026-08-28 17:34:00,0.04827109258621931
2026-08-28 17:35:00,0.04973076097667217
2026-08-28 17:36:00,0.04973076097667217
2026-08-28 17:37:00,0.04973076097667217
2026-08-28 17:38:00,0.04973076097667217
2026-08-28 17:39:00,0.04973076097667217
2026-08-28 17:40:00,0.05625305976718664
2026-08-28 17:41:00,0.05625305976718664
2026-08-28 17:42:00,0.05625305976718664
2026-08-28 17:43:00,0.05625305976718664
2026-08-28 17:44:00,0.05625305976718664
2026-08-28 17:45:00,0.059787637554109097
2026-08-28 17:46:00,0.059787637554109097
2026-08-28 17:47:00,0.059787637554109097
2026-08-28 17:48:00,0.059787637554109097
2026-08-28 17:49:00,0.059787637554109097
2026-08-28 17:50:00,0.05795426946133375
2026-08-28 17:51:00,0.05795426946133375
2026-08-28 17:52:00,0.05795426946133375
2026-08-28 17:53:00,0.05795426946133375
2026-08-28 17:54:00,0.05795426946133375
2026-08-28 17:55:00,0.052304431796073914
2026-08-28 17:56:00,0.052304431796073914
2026-08-28 17:57:00,0.052304431796073914
2026-08-28 17:58:00,0.052304431796073914
2026-08-28 17:59:00,0.052304431796073914
2026-08-28 18:00:00,0.04579459596425295
2026-08-28 18:01:00,0.04579459596425295
2026-08-28 18:02:00,0.04579459596425295
2026-08-28 18:03:00,0.04579459596425295
2026-08-28 18:04:00,0.04579459596425295
2026-08-28 18:05:00,0.04261792358011007
2026-08-28 18:06:00,0.04261792358011007
2026-08-28 18:07:00,0.04261792358011007
2026-08-28 18:08:00,0.04261792358011007
2026-08-28 18:09:00,0.04261792358011007
2026-08-28 18:10:00,0.04225052986294031
2026-08-28 18:11:00,0.04225052986294031
2026-08-28 18:12:00,0.04225052986294031
2026-08-28 18:13:00,0.04225052986294031
2026-08-28 18:14:00,0.04225052986294031
2026-08-28 18:15:00,0.04033386521041393
2026-08-28 18:16:00,0.04033386521041393
2026-08-28 18:17:00,0.04033386521041393
2026-08-28 18:18:00,0.04033386521041393
2026-08-28 18:19:00,0.04033386521041393
2026-08-28 18:20:00,0.03825988154858351
2026-08-28 18:21:00,0.03825988154858351
2026-08-28 18:22:00,0.03825988154858351
2026-08-28 18:23:00,0.03825988154858351
2026-08-28 18:24:00,0.03825988154858351
2026-08-28 18:25:00,0.03661015350371599
2026-08-28 18:26:00,0.03661015350371599
2026-08-28 18:27:00,0.03661015350371599
2026-08-28 18:28:00,0.03661015350371599
2026-08-28 18:29:00,0.03661015350371599
2026-08-28 18:30:00,0.036645601503551006
2026-08-28 18:31:00,0.036645601503551006
2026-08-28 18:32:00,0.036645601503551006
2026-08-28 18:33:00,0.036645601503551006
2026-08-28 18:34:00,0.036645601503551006
2026-08-28 18:35:00,0.04097839165478945
2026-08-28 18:36:00,0.04097839165478945
2026-08-28 18:37:00,0.04097839165478945
2026-08-28 18:38:00,0.04097839165478945
2026-08-28 18:39:00,0.04097839165478945
2026-08-28 18:40:00,0.04533033724874258
2026-08-28 18:41:00,0.04533033724874258
2026-08-28 18:42:00,0.04533033724874258
2026-08-28 18:43:00,0.04533033724874258
2026-08-28 18:44:00,0.04533033724874258
2026-08-28 18:45:00,0.048270488157868385
2026-08-28 18:46:00,0.048270488157868385
2026-08-28 18:47:00,0.048270488157868385
2026-08-28 18:48:00,0.048270488157868385
2026-08-28 18:49:00,0.048270488157868385
2026-08-28 18:50:00,0.04940585792064667
2026-08-28 18:51:00,0.04940585792064667
2026-08-28 18:52:00,0.04940585792064667
2026-08-28 18:53:00,0.04940585792064667
2026-08-28 18:54:00,0.04940585792064667
2026-08-28 18:55:00,0.04788866173475981
2026-08-28 18:56:00,0.04788866173475981
2026-08-28 18:57:00,0.04788866173475981
2026-08-28 18:58:00,0.04788866173475981
2026-08-28 18:59:00,0.04788866173475981
2026-08-28 19:00:00,0.04570831637829542
2026-08-28 19:01:00,0.04570831637829542
2026-08-28 19:02:00,0.04570831637829542
2026-08-28 19:03:00,0.04570831637829542
2026-08-28 19:04:00,0.04570831637829542
2026-08-28 19:05:00,0.04462058283388615
2026-08-28 19:06:00,0.04462058283388615
2026-08-28 19:07:00,0.04462058283388615
2026-08-28 19:08:00,0.04462058283388615
2026-08-28 19:09:00,0.04462058283388615
2026-08-28 19:10:00,0.04482122231274843
2026-08-28 19:11:00,0.04482122231274843
2026-08-28 19:12:00,0.04482122231274843
2026-08-28 19:13:00,0.04482122231274843
2026-08-28 19:14:00,0.04482122231274843
2026-08-28 19:15:00,0.04594950191676617
2026-08-28 19:16:00,0.04594950191676617
2026-08-28 19:17:00,0.04594950191676617
2026-08-28 19:18:00,0.04594950191676617
2026-08-28 19:19:00,0.04594950191676617
2026-08-28 19:20:00,0.04680948331952095
2026-08-28 19:21:00,0.04680948331952095
2026-08-28 19:22:00,0.04680948331952095
2026-08-28 19:23:00,0.04680948331952095
2026-08-28 19:24:00,0.04680948331952095
2026-08-28 19:25:00,0.048181794583797455
2026-08-28 19:26:00,0.048181794583797455
2026-08-28 19:27:00,0.048181794583797455
2026-08-28 19:28:00,0.048181794583797455
2026-08-28 19:29:00,0.048181794583797455
2026-08-28 19:30:00,0.04830153100192547
2026-08-28 19:31:00,0.04830153100192547
2026-08-28 19:32:00,0.04830153100192547
2026-08-28 19:33:00,0.04830153100192547
2026-08-28 19:34:00,0.04830153100192547
2026-08-28 19:35:00,0.04914572276175022
2026-08-28 19:36:00,0.04914572276175022
2026-08-28 19:37:00,0.04914572276175022
2026-08-28 19:38:00,0.04914572276175022
2026-08-28 19:39:00,0.04914572276175022
2026-08-28 19:40:00,0.05217520985752344
2026-08-28 19:41:00,0.05217520985752344
2026-08-28 19:42:00,0.05217520985752344
2026-08-28 19:43:00,0.05217520985752344
2026-08-28 19:44:00,0.05217520985752344
2026-08-28 19:45:00,0.05311761889606714
2026-08-28 19:46:00,0.05311761889606714
2026-08-28 19:47:00,0.05311761889606714
2026-08-28 19:48:00,0.05311761889606714
2026-08-28 19:49:00,0.05311761889606714
2026-08-28 19:50:00,0.05407316703349352
2026-08-28 19:51:00,0.05407316703349352
2026-08-28 19:52:00,0.05407316703349352
2026-08-28 19:53:00,0.05407316703349352
2026-08-28 19:54:00,0.05407316703349352
2026-08-28 19:55:00,0.05515866167843342
2026-08-28 19:56:00,0.05515866167843342
2026-08-28 19:57:00,0.05515866167843342
2026-08-28 19:58:00,0.05515866167843342
2026-08-28 19:59:00,0.05515866167843342
2026-08-28 20:00:00,0.05237977020442486
2026-08-28 20:01:00,0.05237977020442486
2026-08-28 20:02:00,0.05237977020442486
2026-08-28 20:03:00,0.05237977020442486
2026-08-28 20:04:00,0.05237977020442486
2026-08-28 20:05:00,0.05058933701366186
2026-08-28 20:06:00,0.05058933701366186
2026-08-28 20:07:00,0.05058933701366186
2026-08-28 20:08:00,0.05058933701366186
2026-08-28 20:09:00,0.05058933701366186
2026-08-28 20:10:00,0.04916794132441282
2026-08-28 20:11:00,0.04916794132441282
2026-08-28 20:12:00,0.04916794132441282
2026-08-28 20:13:00,0.04916794132441282
2026-08-28 20:14:00,0.04916794132441282
2026-08-28 20:15:00,0.046919955871999264
2026-08-28 20:16:00,0.046919955871999264
2026-08-28 20:17:00,0.046919955871999264
2026-08-28 20:18:00,0.046919955871999264
2026-08-28 20:19:00,0.046919955871999264
2026-08-28 20:20:00,0.04843834787607193
2026-08-28 20:21:00,0.04843834787607193
2026-08-28 20:22:00,0.04843834787607193
2026-08-28 20:23:00,0.04843834787607193
2026-08-28 20:24:00,0.04843834787607193
2026-08-28 20:25:00,0.05203281156718731
2026-08-28 20:26:00,0.05203281156718731
2026-08-28 20:27:00,0.05203281156718731
2026-08-28 20:28:00,0.05203281156718731
2026-08-28 20:29:00,0.05203281156718731
2026-08-28 20:30:00,0.05360168777406216
2026-08-28 20:31:00,0.05360168777406216
2026-08-28 20:32:00,0.05360168777406216
2026-08-28 20:33:00,0.05360168777406216
2026-08-28 20:34:00,0.05360168777406216
2026-08-28 20:35:00,0.052484973333776
2026-08-28 20:36:00,0.052484973333776
2026-08-28 20:37:00,0.052484973333776
2026-08-28 20:38:00,0.052484973333776
2026-08-28 20:39:00,0.052484973333776
2026-08-28 20:40:00,0.05055716820061207
2026-08-28 20:41:00,0.05055716820061207
2026-08-28 20:42:00,0.05055716820061207
2026-08-28 20:43:00,0.05055716820061207
2026-08-28 20:44:00,0.05055716820061207
2026-08-28 20:45:00,0.049860142171382904
2026-08-28 20:46:00,0.049860142171382904
2026-08-28 20:47:00,0.049860142171382904
2026-08-28 20:48:00,0.049860142171382904
2026-08-28 20:49:00,0.049860142171382904
2026-08-28 20:50:00,0.05196371767669916
2026-08-28 20:51:00,0.05196371767669916
2026-08-28 20:52:00,0.05196371767669916
2026-08-28 20:53:00,0.05196371767669916
2026-08-28 20:54:00,0.05196371767669916
2026-08-28 20:55:00,0.05928038153797388
2026-08-28 20:56:00,0.05928038153797388
2026-08-28 20:57:00,0.05928038153797388
2026-08-28 20:58:00,0.05928038153797388
2026-08-28 20:59:00,0.05928038153797388
2026-08-28 21:00:00,0.06481100805103779
2026-08-28 21:01:00,0.06481100805103779
2026-08-28 21:02:00,0.06481100805103779
2026-08-28 21:03:00,0.06481100805103779
2026-08-28 21:04:00,0.06481100805103779
2026-08-28 21:05:00,0.06760977301746607
2026-08-28 21:06:00,0.06760977301746607
2026-08-28 21:07:00,0.06760977301746607
2026-08-28 21:08:00,0.06760977301746607
2026-08-28 21:09:00,0.06760977301746607
2026-08-28 21:10:00,0.06948604062199593
2026-08-28 21:11:00,0.06948604062199593
2026-08-28 21:12:00,0.06948604062199593
2026-08-28 21:13:00,0.06948604062199593
2026-08-28 21:14:00,0.06948604062199593
2026-08-28 21:15:00,0.06602784432470798
2026-08-28 21:16:00,0.06602784432470798
2026-08-28 21:17:00,0.06602784432470798
2026-08-28 21:18:00,0.06602784432470798
2026-08-28 21:19:00,0.06602784432470798
2026-08-28 21:20:00,0.06115971691906452
2026-08-28 21:21:00,0.06115971691906452
2026-08-28 21:22:00,0.06115971691906452
2026-08-28 21:23:00,0.06115971691906452
2026-08-28 21:24:00,0.06115971691906452
2026-08-28 21:25:00,0.05570055916905403
2026-08-28 21:26:00,0.05570055916905403
2026-08-28 21:27:00,0.05570055916905403
2026-08-28 21:28:00,0.05570055916905403
2026-08-28 21:29:00,0.05570055916905403
2026-08-28 21:30:00,0.05072852876037359
2026-08-28 21:31:00,0.05072852876037359
2026-08-28 21:32:00,0.05072852876037359
2026-08-28 21:33:00,0.05072852876037359
2026-08-28 21:34:00,0.05072852876037359
2026-08-28 21:35:00,0.047651167027652264
2026-08-28 21:36:00,0.047651167027652264
2026-08-28 21:37:00,0.047651167027652264
2026-08-28 21:38:00,0.047651167027652264
2026-08-28 21:39:00,0.047651167027652264
2026-08-28 21:40:00,0.04829728323966265
2026-08-28 21:41:00,0.04829728323966265
2026-08-28 21:42:00,0.04829728323966265
2026-08-28 21:43:00,0.04829728323966265
2026-08-28 21:44:00,0.04829728323966265
2026-08-28 21:45:00,0.047282964922487736
2026-08-28 21:46:00,0.047282964922487736
2026-08-28 21:47:00,0.047282964922487736
2026-08-28 21:48:00,0.047282964922487736
2026-08-28 21:49:00,0.047282964922487736
2026-08-28 21:50:00,0.0453496016561985
2026-08-28 21:51:00,0.0453496016561985
2026-08-28 21:52:00,0.0453496016561985
2026-08-28 21:53:00,0.0453496016561985
2026-08-28 21:54:00,0.0453496016561985
2026-08-28 21:55:00,0.04536051116883755
2026-08-28 21:56:00,0.04536051116883755
2026-08-28 21:57:00,0.04536051116883755
2026-08-28 21:58:00,0.04536051116883755
2026-08-28 21:59:00,0.04536051116883755
2026-08-28 22:00:00,0.045127248391509056
2026-08-28 22:01:00,0.045127248391509056
2026-08-28 22:02:00,0.045127248391509056
2026-08-28 22:03:00,0.045127248391509056
2026-08-28 22:04:00,0.045127248391509056
2026-08-28 22:05:00,0.04636987764388323
2026-08-28 22:06:00,0.04636987764388323
2026-08-28 22:07:00,0.04636987764388323
2026-08-28 22:08:00,0.04636987764388323
2026-08-28 22:09:00,0.04636987764388323
2026-08-28 22:10:00,0.04686544369906187
2026-08-28 22:11:00,0.04686544369906187
2026-08-28 22:12:00,0.04686544369906187
2026-08-28 22:13:00,0.04686544369906187
2026-08-28 22:14:00,0.04686544369906187
2026-08-28 22:15:00,0.04605960473418236
2026-08-28 22:16:00,0.04605960473418236
2026-08-28 22:17:00,0.04605960473418236
2026-08-28 22:18:00,0.04605960473418236
2026-08-28 22:19:00,0.04605960473418236
2026-08-28 22:20:00,0.046062775887548923
2026-08-28 22:21:00,0.046062775887548923
2026-08-28 22:22:00,0.046062775887548923
2026-08-28 22:23:00,0.046062775887548923
2026-08-28 22:24:00,0.046062775887548923
2026-08-28 22:25:00,0.04822285287082195
2026-08-28 22:26:00,0.04822285287082195
2026-08-28 22:27:00,0.04822285287082195
2026-08-28 22:28:00,0.04822285287082195
2026-08-28 22:29:00,0.04822285287082195
2026-08-28 22:30:00,0.05363050661981106
2026-08-28 22:31:00,0.05363050661981106
2026-08-28 22:32:00,0.05363050661981106
2026-08-28 22:33:00,0.05363050661981106
2026-08-28 22:34:00,0.05363050661981106
2026-08-28 22:35:00,0.05699368752539158
2026-08-28 22:36:00,0.05699368752539158
2026-08-28 22:37:00,0.05699368752539158
2026-08-28 22:38:00,0.05699368752539158
2026-08-28 22:39:00,0.05699368752539158
2026-08-28 22:40:00,0.05663461796939373
2026-08-28 22:41:00,0.05663461796939373
2026-08-28 22:42:00,0.05663461796939373
2026-08-28 22:43:00,0.05663461796939373
2026-08-28 22:44:00,0.05663461796939373
2026-08-28 22:45:00,0.054556600749492645
2026-08-28 22:46:00,0.054556600749492645
2026-08-28 22:47:00,0.054556600749492645
2026-08-28 22:48:00,0.054556600749492645
2026-08-28 22:49:00,0.054556600749492645
2026-08-28 22:50:00,0.049624823965132236
2026-08-28 22:51:00,0.049624823965132236
2026-08-28 22:52:00,0.049624823965132236
2026-08-28 22:53:00,0.049624823965132236
2026-08-28 22:54:00,0.049624823965132236
2026-08-28 22:55:00,0.04684511944651604
2026-08-28 22:56:00,0.04684511944651604
2026-08-28 22:57:00,0.04684511944651604
2026-08-28 22:58:00,0.04684511944651604
2026-08-28 22:59:00,0.04684511944651604
2026-08-28 23:00:00,0.0472739152610302
2026-08-28 23:01:00,0.0472739152610302
2026-08-28 23:02:00,0.0472739152610302
2026-08-28 23:03:00,0.0472739152610302
2026-08-28 23:04:00,0.0472739152610302
2026-08-28 23:05:00,0.04843754507601261
2026-08-28 23:06:00,0.04843754507601261
2026-08-28 23:07:00,0.04843754507601261
2026-08-28 23:08:00,0.04843754507601261
2026-08-28 23:09:00,0.04843754507601261
2026-08-28 23:10:00,0.05138994753360748
2026-08-28 23:11:00,0.05138994753360748
2026-08-28 23:12:00,0.05138994753360748
2026-08-28 23:13:00,0.05138994753360748
2026-08-28 23:14:00,0.05138994753360748
2026-08-28 23:15:00,0.053678068332374096
2026-08-28 23:16:00,0.053678068332374096
2026-08-28 23:17:00,0.053678068332374096
2026-08-28 23:18:00,0.053678068332374096
2026-08-28 23:19:00,0.053678068332374096
2026-08-28 23:20:00,0.05580412223935127
2026-08-28 23:21:00,0.05580412223935127
2026-08-28 23:22:00,0.05580412223935127
2026-08-28 23:23:00,0.05580412223935127
2026-08-28 23:24:00,0.05580412223935127
2026-08-28 23:25:00,0.05728829186409712
2026-08-28 23:26:00,0.05728829186409712
2026-08-28 23:27:00,0.05728829186409712
2026-08-28 23:28:00,0.05728829186409712
2026-08-28 23:29:00,0.05728829186409712
2026-08-28 23:30:00,0.05672203004360199
2026-08-28 23:31:00,0.05672203004360199
2026-08-28 23:32:00,0.05672203004360199
2026-08-28 23:33:00,0.05672203004360199
2026-08-28 23:34:00,0.05672203004360199
2026-08-28 23:35:00,0.05454350635409355
2026-08-28 23:36:00,0.05454350635409355
2026-08-28 23:37:00,0.05454350635409355
2026-08-28 23:38:00,0.05454350635409355
2026-08-28 23:39:00,0.05454350635409355
2026-08-28 23:40:00,0.050850617699325085
2026-08-28 23:41:00,0.050850617699325085
2026-08-28 23:42:00,0.050850617699325085
2026-08-28 23:43:00,0.050850617699325085
2026-08-28 23:44:00,0.050850617699325085
2026-08-28 23:45:00,0.04813965130597353
2026-08-28 23:46:00,0.04813965130597353
2026-08-28 23:47:00,0.04813965130597353
2026-08-28 23:48:00,0.04813965130597353
2026-08-28 23:49:00,0.04813965130597353
2026-08-28 23:50:00,0.04598560743033886
2026-08-28 23:51:00,0.04598560743033886
2026-08-28 23:52:00,0.04598560743033886
2026-08-28 23:53:00,0.04598560743033886
2026-08-28 23:54:00,0.04598560743033886
2026-08-28 23:55:00,0.046676681376993656
2026-08-28 23:56:00,0.046676681376993656
2026-08-28 23:57:00,0.046676681376993656
2026-08-28 23:58:00,0.046676681376993656
2026-08-28 23:59:00,0.046676681376993656
2026-08-29 00:00:00,0.04816407151520252
2026-08-29 00:01:00,0.04816407151520252
2026-08-29 00:02:00,0.04816407151520252
2026-08-29 00:03:00,0.04816407151520252
2026-08-29 00:04:00,0.04816407151520252
2026-08-29 00:05:00,0.050043296068906784
2026-08-29 00:06:00,0.050043296068906784
2026-08-29 00:07:00,0.050043296068906784
2026-08-29 00:08:00,0.050043296068906784
2026-08-29 00:09:00,0.050043296068906784
2026-08-29 00:10:00,0.05322992987930775
2026-08-29 00:11:00,0.05322992987930775
2026-08-29 00:12:00,0.05322992987930775
2026-08-29 00:13:00,0.05322992987930775
2026-08-29 00:14:00,0.05322992987930775
2026-08-29 00:15:00,0.054366801865398884
2026-08-29 00:16:00,0.054366801865398884
2026-08-29 00:17:00,0.054366801865398884
2026-08-29 00:18:00,0.054366801865398884
2026-08-29 00:19:00,0.054366801865398884
2026-08-29 00:20:00,0.053720368072390556
2026-08-29 00:21:00,0.053720368072390556
2026-08-29 00:22:00,0.053720368072390556
2026-08-29 00:23:00,0.053720368072390556
2026-08-29 00:24:00,0.053720368072390556
2026-08-29 00:25:00,0.0510952090844512
2026-08-29 00:26:00,0.0510952090844512
2026-08-29 00:27:00,0.0510952090844512
2026-08-29 00:28:00,0.0510952090844512
2026-08-29 00:29:00,0.0510952090844512
2026-08-29 00:30:00,0.048443867824971676
2026-08-29 00:31:00,0.048443867824971676
2026-08-29 00:32:00,0.048443867824971676
2026-08-29 00:33:00,0.048443867824971676
2026-08-29 00:34:00,0.048443867824971676
2026-08-29 00:35:00,0.049332442693412304
2026-08-29 00:36:00,0.049332442693412304
2026-08-29 00:37:00,0.049332442693412304
2026-08-29 00:38:00,0.049332442693412304
2026-08-29 00:39:00,0.049332442693412304
2026-08-29 00:40:00,0.04988771118223667
2026-08-29 00:41:00,0.04988771118223667
2026-08-29 00:42:00,0.04988771118223667
2026-08-29 00:43:00,0.04988771118223667
2026-08-29 00:44:00,0.04988771118223667
2026-08-29 00:45:00,0.09411931782960892
2026-08-29 00:46:00,0.09411931782960892
2026-08-29 00:47:00,0.09411931782960892
2026-08-29 00:48:00,0.09411931782960892
2026-08-29 00:49:00,0.09411931782960892
2026-08-29 00:50:00,0.13706525322049856
2026-08-29 00:51:00,0.13706525322049856
2026-08-29 00:52:00,0.13706525322049856
2026-08-29 00:53:00,0.13706525322049856
2026-08-29 00:54:00,0.13706525322049856
2026-08-29 00:55:00,0.1783596221357584
2026-08-29 00:56:00,0.1783596221357584
2026-08-29 00:57:00,0.1783596221357584
2026-08-29 00:58:00,0.1783596221357584
2026-08-29 00:59:00,0.1783596221357584
2026-08-29 01:00:00,0.2224699929356575
2026-08-29 01:01:00,0.2224699929356575
2026-08-29 01:02:00,0.2224699929356575
2026-08-29 01:03:00,0.2224699929356575
2026-08-29 01:04:00,0.2224699929356575
2026-08-29 01:05:00,0.1834758147597313
2026-08-29 01:06:00,0.1834758147597313
2026-08-29 01:07:00,0.1834758147597313
2026-08-29 01:08:00,0.1834758147597313
2026-08-29 01:09:00,0.1834758147597313
2026-08-29 01:10:00,0.14683351293206215
2026-08-29 01:11:00,0.14683351293206215
2026-08-29 01:12:00,0.14683351293206215
2026-08-29 01:13:00,0.14683351293206215
2026-08-29 01:14:00,0.14683351293206215
2026-08-29 01:15:00,0.10741364397108555
2026-08-29 01:16:00,0.10741364397108555
2026-08-29 01:17:00,0.10741364397108555
2026-08-29 01:18:00,0.10741364397108555
2026-08-29 01:19:00,0.10741364397108555
2026-08-29 01:20:00,0.06513677909970284
2026-08-29 01:21:00,0.06513677909970284
2026-08-29 01:22:00,0.06513677909970284
2026-08-29 01:23:00,0.06513677909970284
2026-08-29 01:24:00,0.06513677909970284
2026-08-29 01:25:00,0.06202498823404312
2026-08-29 01:26:00,0.06202498823404312
2026-08-29 01:27:00,0.06202498823404312
2026-08-29 01:28:00,0.06202498823404312
2026-08-29 01:29:00,0.06202498823404312
2026-08-29 01:30:00,0.056078359484672546
2026-08-29 01:31:00,0.056078359484672546
2026-08-29 01:32:00,0.056078359484672546
2026-08-29 01:33:00,0.056078359484672546
2026-08-29 01:34:00,0.056078359484672546
2026-08-29 01:35:00,0.052049675956368446
2026-08-29 01:36:00,0.052049675956368446
2026-08-29 01:37:00,0.052049675956368446
2026-08-29 01:38:00,0.052049675956368446
2026-08-29 01:39:00,0.052049675956368446
2026-08-29 01:40:00,0.0506287170574069
2026-08-29 01:41:00,0.0506287170574069
2026-08-29 01:42:00,0.0506287170574069
2026-08-29 01:43:00,0.0506287170574069
2026-08-29 01:44:00,0.0506287170574069
2026-08-29 01:45:00,0.05084218271076679
2026-08-29 01:46:00,0.05084218271076679
2026-08-29 01:47:00,0.05084218271076679
2026-08-29 01:48:00,0.05084218271076679
2026-08-29 01:49:00,0.05084218271076679
2026-08-29 01:50:00,0.05420335382223129
2026-08-29 01:51:00,0.05420335382223129
2026-08-29 01:52:00,0.05420335382223129
2026-08-29 01:53:00,0.05420335382223129
2026-08-29 01:54:00,0.05420335382223129
2026-08-29 01:55:00,0.05959921143949032
2026-08-29 01:56:00,0.05959921143949032
2026-08-29 01:57:00,0.05959921143949032
2026-08-29 01:58:00,0.05959921143949032
2026-08-29 01:59:00,0.05959921143949032
2026-08-29 02:00:00,0.10465336125344038
2026-08-29 02:01:00,0.10465336125344038
2026-08-29 02:02:00,0.10465336125344038
2026-08-29 02:03:00,0.10465336125344038
2026-08-29 02:04:00,0.10465336125344038
2026-08-29 02:05:00,0.14863084256649017
2026-08-29 02:06:00,0.14863084256649017
2026-08-29 02:07:00,0.14863084256649017
2026-08-29 02:08:00,0.14863084256649017
2026-08-29 02:09:00,0.14863084256649017
2026-08-29 02:10:00,0.1897618044167757
2026-08-29 02:11:00,0.1897618044167757
2026-08-29 02:12:00,0.1897618044167757
2026-08-29 02:13:00,0.1897618044167757
2026-08-29 02:14:00,0.1897618044167757
2026-08-29 02:15:00,0.22988594323396683
2026-08-29 02:16:00,0.22988594323396683
2026-08-29 02:17:00,0.22988594323396683
2026-08-29 02:18:00,0.22988594323396683
2026-08-29 02:19:00,0.22988594323396683
2026-08-29 02:20:00,0.18516872264444828
2026-08-29 02:21:00,0.18516872264444828
2026-08-29 02:22:00,0.18516872264444828
2026-08-29 02:23:00,0.18516872264444828
2026-08-29 02:24:00,0.18516872264444828
2026-08-29 02:25:00,0.14181375037878752
2026-08-29 02:26:00,0.14181375037878752
2026-08-29 02:27:00,0.14181375037878752
2026-08-29 02:28:00,0.14181375037878752
2026-08-29 02:29:00,0.14181375037878752
2026-08-29 02:30:00,0.09901681635528803
2026-08-29 02:31:00,0.09901681635528803
2026-08-29 02:32:00,0.09901681635528803
2026-08-29 02:33:00,0.09901681635528803
2026-08-29 02:34:00,0.09901681635528803
2026-08-29 02:35:00,0.05613331403583288
2026-08-29 02:36:00,0.05613331403583288
2026-08-29 02:37:00,0.05613331403583288
2026-08-29 02:38:00,0.05613331403583288
2026-08-29 02:39:00,0.05613331403583288
2026-08-29 02:40:00,0.07765812892466784
2026-08-29 02:41:00,0.07765812892466784
2026-08-29 02:42:00,0.07765812892466784
2026-08-29 02:43:00,0.07765812892466784
2026-08-29 02:44:00,0.07765812892466784
2026-08-29 02:45:00,0.09961526840925217
2026-08-29 02:46:00,0.09961526840925217
2026-08-29 02:47:00,0.09961526840925217
2026-08-29 02:48:00,0.09961526840925217
2026-08-29 02:49:00,0.09961526840925217
2026-08-29 02:50:00,0.11997145973145962
2026-08-29 02:51:00,0.11997145973145962
2026-08-29 02:52:00,0.11997145973145962
2026-08-29 02:53:00,0.11997145973145962
2026-08-29 02:54:00,0.11997145973145962
2026-08-29 02:55:00,0.13843434676527977
2026-08-29 02:56:00,0.13843434676527977
2026-08-29 02:57:00,0.13843434676527977
2026-08-29 02:58:00,0.13843434676527977
2026-08-29 02:59:00,0.13843434676527977
2026-08-29 03:00:00,0.13240735046565533
2026-08-29 03:01:00,0.13240735046565533
2026-08-29 03:02:00,0.13240735046565533
2026-08-29 03:03:00,0.13240735046565533
2026-08-29 03:04:00,0.13240735046565533
2026-08-29 03:05:00,0.12469997815787792
2026-08-29 03:06:00,0.12469997815787792
2026-08-29 03:07:00,0.12469997815787792
2026-08-29 03:08:00,0.12469997815787792
2026-08-29 03:09:00,0.12469997815787792
2026-08-29 03:10:00,0.11981400847434998
2026-08-29 03:11:00,0.11981400847434998
2026-08-29 03:12:00,0.11981400847434998
2026-08-29 03:13:00,0.11981400847434998
2026-08-29 03:14:00,0.11981400847434998
2026-08-29 03:15:00,0.11553442478179932
2026-08-29 03:16:00,0.11553442478179932
2026-08-29 03:17:00,0.11553442478179932
2026-08-29 03:18:00,0.11553442478179932
2026-08-29 03:19:00,0.11553442478179932
2026-08-29 03:20:00,0.10037382319569588
2026-08-29 03:21:00,0.10037382319569588
2026-08-29 03:22:00,0.10037382319569588
2026-08-29 03:23:00,0.10037382319569588
2026-08-29 03:24:00,0.10037382319569588
2026-08-29 03:25:00,0.0873769847676158
2026-08-29 03:26:00,0.0873769847676158
2026-08-29 03:27:00,0.0873769847676158
2026-08-29 03:28:00,0.0873769847676158
2026-08-29 03:29:00,0.0873769847676158
2026-08-29 03:30:00,0.0754642067477107
2026-08-29 03:31:00,0.0754642067477107
2026-08-29 03:32:00,0.0754642067477107
2026-08-29 03:33:00,0.0754642067477107
2026-08-29 03:34:00,0.0754642067477107
2026-08-29 03:35:00,0.06224554684013128
2026-08-29 03:36:00,0.06224554684013128
2026-08-29 03:37:00,0.06224554684013128
2026-08-29 03:38:00,0.06224554684013128
2026-08-29 03:39:00,0.06224554684013128
2026-08-29 03:40:00,0.0602713655680418
2026-08-29 03:41:00,0.0602713655680418
2026-08-29 03:42:00,0.0602713655680418
2026-08-29 03:43:00,0.0602713655680418
2026-08-29 03:44:00,0.0602713655680418
2026-08-29 03:45:00,0.055055043660104275
2026-08-29 03:46:00,0.055055043660104275
2026-08-29 03:47:00,0.055055043660104275
2026-08-29 03:48:00,0.055055043660104275
2026-08-29 03:49:00,0.055055043660104275
2026-08-29 03:50:00,0.051811931654810905
2026-08-29 03:51:00,0.051811931654810905
2026-08-29 03:52:00,0.051811931654810905
2026-08-29 03:53:00,0.051811931654810905
2026-08-29 03:54:00,0.051811931654810905
2026-08-29 03:55:00,0.05156416539102793
2026-08-29 03:56:00,0.05156416539102793
2026-08-29 03:57:00,0.05156416539102793
2026-08-29 03:58:00,0.05156416539102793
2026-08-29 03:59:00,0.05156416539102793
2026-08-29 04:00:00,0.055379459634423256
2026-08-29 04:01:00,0.055379459634423256
2026-08-29 04:02:00,0.055379459634423256
2026-08-29 04:03:00,0.055379459634423256
2026-08-29 04:04:00,0.055379459634423256
2026-08-29 04:05:00,0.062012968584895134
2026-08-29 04:06:00,0.062012968584895134
2026-08-29 04:07:00,0.062012968584895134
2026-08-29 04:08:00,0.062012968584895134
2026-08-29 04:09:00,0.062012968584895134
2026-08-29 04:10:00,0.06578447762876749
2026-08-29 04:11:00,0.06578447762876749
2026-08-29 04:12:00,0.06578447762876749
2026-08-29 04:13:00,0.06578447762876749
2026-08-29 04:14:00,0.06578447762876749
2026-08-29 04:15:00,0.0680356714874506
2026-08-29 04:16:00,0.0680356714874506
2026-08-29 04:17:00,0.0680356714874506
2026-08-29 04:18:00,0.0680356714874506
2026-08-29 04:19:00,0.0680356714874506
2026-08-29 04:20:00,0.0660910913720727
2026-08-29 04:21:00,0.0660910913720727
2026-08-29 04:22:00,0.0660910913720727
2026-08-29 04:23:00,0.0660910913720727
2026-08-29 04:24:00,0.0660910913720727
2026-08-29 04:25:00,0.061628337018191814
2026-08-29 04:26:00,0.061628337018191814
2026-08-29 04:27:00,0.061628337018191814
2026-08-29 04:28:00,0.061628337018191814
2026-08-29 04:29:00,0.061628337018191814
2026-08-29 04:30:00,0.05662446469068527
2026-08-29 04:31:00,0.05662446469068527
2026-08-29 04:32:00,0.05662446469068527
2026-08-29 04:33:00,0.05662446469068527
2026-08-29 04:34:00,0.05662446469068527
2026-08-29 04:35:00,0.051163955591619015
2026-08-29 04:36:00,0.051163955591619015
2026-08-29 04:37:00,0.051163955591619015
2026-08-29 04:38:00,0.051163955591619015
2026-08-29 04:39:00,0.051163955591619015
2026-08-29 04:40:00,0.04982281383126974
2026-08-29 04:41:00,0.04982281383126974
2026-08-29 04:42:00,0.04982281383126974
2026-08-29 04:43:00,0.04982281383126974
2026-08-29 04:44:00,0.04982281383126974
2026-08-29 04:45:00,0.04925586562603712
2026-08-29 04:46:00,0.04925586562603712
2026-08-29 04:47:00,0.04925586562603712
2026-08-29 04:48:00,0.04925586562603712
2026-08-29 04:49:00,0.04925586562603712
2026-08-29 04:50:00,0.046741765923798084
2026-08-29 04:51:00,0.046741765923798084
2026-08-29 04:52:00,0.046741765923798084
2026-08-29 04:53:00,0.046741765923798084
2026-08-29 04:54:00,0.046741765923798084
2026-08-29 04:55:00,0.04572014603763819
2026-08-29 04:56:00,0.04572014603763819
2026-08-29 04:57:00,0.04572014603763819
2026-08-29 04:58:00,0.04572014603763819
2026-08-29 04:59:00,0.04572014603763819
2026-08-29 05:00:00,0.045526077039539814
2026-08-29 05:01:00,0.045526077039539814
2026-08-29 05:02:00,0.045526077039539814
2026-08-29 05:03:00,0.045526077039539814
2026-08-29 05:04:00,0.045526077039539814
2026-08-29 05:05:00,0.04501600097864866
2026-08-29 05:06:00,0.04501600097864866
2026-08-29 05:07:00,0.04501600097864866
2026-08-29 05:08:00,0.04501600097864866
2026-08-29 05:09:00,0.04501600097864866
2026-08-29 05:10:00,0.04430029634386301
2026-08-29 05:11:00,0.04430029634386301
2026-08-29 05:12:00,0.04430029634386301
2026-08-29 05:13:00,0.04430029634386301
2026-08-29 05:14:00,0.04430029634386301
2026-08-29 05:15:00,0.045086284168064594
2026-08-29 05:16:00,0.045086284168064594
2026-08-29 05:17:00,0.045086284168064594
2026-08-29 05:18:00,0.045086284168064594
2026-08-29 05:19:00,0.045086284168064594
2026-08-29 05:20:00,0.04592678230255842
2026-08-29 05:21:00,0.04592678230255842
2026-08-29 05:22:00,0.04592678230255842
2026-08-29 05:23:00,0.04592678230255842
2026-08-29 05:24:00,0.04592678230255842
2026-08-29 05:25:00,0.04754823353141546
2026-08-29 05:26:00,0.04754823353141546
2026-08-29 05:27:00,0.04754823353141546
2026-08-29 05:28:00,0.04754823353141546
2026-08-29 05:29:00,0.04754823353141546
2026-08-29 05:30:00,0.05057043116539717
2026-08-29 05:31:00,0.05057043116539717
2026-08-29 05:32:00,0.05057043116539717
2026-08-29 05:33:00,0.05057043116539717
2026-08-29 05:34:00,0.05057043116539717
2026-08-29 05:35:00,0.0488708782941103
2026-08-29 05:36:00,0.0488708782941103
2026-08-29 05:37:00,0.0488708782941103
2026-08-29 05:38:00,0.0488708782941103
2026-08-29 05:39:00,0.0488708782941103
2026-08-29 05:40:00,0.04657214507460594
2026-08-29 05:41:00,0.04657214507460594
2026-08-29 05:42:00,0.04657214507460594
2026-08-29 05:43:00,0.04657214507460594
2026-08-29 05:44:00,0.04657214507460594
2026-08-29 05:45:00,0.04449309781193733
2026-08-29 05:46:00,0.04449309781193733
2026-08-29 05:47:00,0.04449309781193733
2026-08-29 05:48:00,0.04449309781193733
2026-08-29 05:49:00,0.04449309781193733
2026-08-29 05:50:00,0.04280608519911766
2026-08-29 05:51:00,0.04280608519911766
2026-08-29 05:52:00,0.04280608519911766
2026-08-29 05:53:00,0.04280608519911766
2026-08-29 05:54:00,0.04280608519911766
2026-08-29 05:55:00,0.15336698852479458
2026-08-29 05:56:00,0.15336698852479458
2026-08-29 05:57:00,0.15336698852479458
2026-08-29 05:58:00,0.15336698852479458
2026-08-29 05:59:00,0.15336698852479458
2026-08-29 06:00:00,0.2649116152897477
2026-08-29 06:01:00,0.2649116152897477
2026-08-29 06:02:00,0.2649116152897477
2026-08-29 06:03:00,0.2649116152897477
2026-08-29 06:04:00,0.2649116152897477
2026-08-29 06:05:00,0.3779006274417043
2026-08-29 06:06:00,0.3779006274417043
2026-08-29 06:07:00,0.3779006274417043
2026-08-29 06:08:00,0.3779006274417043
2026-08-29 06:09:00,0.3779006274417043
2026-08-29 06:10:00,0.4924059063196182
2026-08-29 06:11:00,0.4924059063196182
2026-08-29 06:12:00,0.4924059063196182
2026-08-29 06:13:00,0.4924059063196182
2026-08-29 06:14:00,0.4924059063196182
2026-08-29 06:15:00,0.39231472089886665
2026-08-29 06:16:00,0.39231472089886665
2026-08-29 06:17:00,0.39231472089886665
2026-08-29 06:18:00,0.39231472089886665
2026-08-29 06:19:00,0.39231472089886665
2026-08-29 06:20:00,0.28863669373095036
2026-08-29 06:21:00,0.28863669373095036
2026-08-29 06:22:00,0.28863669373095036
2026-08-29 06:23:00,0.28863669373095036
2026-08-29 06:24:00,0.28863669373095036
2026-08-29 06:25:00,0.34069391526281834
2026-08-29 06:26:00,0.34069391526281834
2026-08-29 06:27:00,0.34069391526281834
2026-08-29 06:28:00,0.34069391526281834
2026-08-29 06:29:00,0.34069391526281834
2026-08-29 06:30:00,0.39058987237513065
2026-08-29 06:31:00,0.39058987237513065
2026-08-29 06:32:00,0.39058987237513065
2026-08-29 06:33:00,0.39058987237513065
2026-08-29 06:34:00,0.39058987237513065
2026-08-29 06:35:00,0.5451507922261953
2026-08-29 06:36:00,0.5451507922261953
2026-08-29 06:37:00,0.5451507922261953
2026-08-29 06:38:00,0.5451507922261953
2026-08-29 06:39:00,0.5451507922261953
2026-08-29 06:40:00,0.701524093747139
2026-08-29 06:41:00,0.701524093747139
2026-08-29 06:42:00,0.701524093747139
2026-08-29 06:43:00,0.701524093747139
2026-08-29 06:44:00,0.701524093747139
2026-08-29 06:45:00,0.7304771989583969
2026-08-29 06:46:00,0.7304771989583969
2026-08-29 06:47:00,0.7304771989583969
2026-08-29 06:48:00,0.7304771989583969
2026-08-29 06:49:00,0.7304771989583969
2026-08-29 06:50:00,0.7599827796220779
2026-08-29 06:51:00,0.7599827796220779
2026-08-29 06:52:00,0.7599827796220779
2026-08-29 06:53:00,0.7599827796220779
2026-08-29 06:54:00,0.7599827796220779
2026-08-29 06:55:00,0.7904875725507736
2026-08-29 06:56:00,0.7904875725507736
2026-08-29 06:57:00,0.7904875725507736
2026-08-29 06:58:00,0.7904875725507736
2026-08-29 06:59:00,0.7904875725507736
2026-08-29 07:00:00,0.8214631974697113
2026-08-29 07:01:00,0.8214631974697113
2026-08-29 07:02:00,0.8214631974697113
2026-08-29 07:03:00,0.8214631974697113
2026-08-29 07:04:00,0.8214631974697113
2026-08-29 07:05:00,0.6493010185658932
2026-08-29 07:06:00,0.6493010185658932
2026-08-29 07:07:00,0.6493010185658932
2026-08-29 07:08:00,0.6493010185658932
2026-08-29 07:09:00,0.6493010185658932
2026-08-29 07:10:00,0.4774038754403591
2026-08-29 07:11:00,0.4774038754403591
2026-08-29 07:12:00,0.4774038754403591
2026-08-29 07:13:00,0.4774038754403591
2026-08-29 07:14:00,0.4774038754403591
2026-08-29 07:15:00,0.30378372967243195
2026-08-29 07:16:00,0.30378372967243195
2026-08-29 07:17:00,0.30378372967243195
2026-08-29 07:18:00,0.30378372967243195
2026-08-29 07:19:00,0.30378372967243195
2026-08-29 07:20:00,0.13101967796683311
2026-08-29 07:21:00,0.13101967796683311
2026-08-29 07:22:00,0.13101967796683311
2026-08-29 07:23:00,0.13101967796683311
2026-08-29 07:24:00,0.13101967796683311
2026-08-29 07:25:00,0.13100992888212204
2026-08-29 07:26:00,0.13100992888212204
2026-08-29 07:27:00,0.13100992888212204
2026-08-29 07:28:00,0.13100992888212204
2026-08-29 07:29:00,0.13100992888212204
2026-08-29 07:30:00,0.13144948333501816
2026-08-29 07:31:00,0.13144948333501816
2026-08-29 07:32:00,0.13144948333501816
2026-08-29 07:33:00,0.13144948333501816
2026-08-29 07:34:00,0.13144948333501816
2026-08-29 07:35:00,0.1331155076622963
2026-08-29 07:36:00,0.1331155076622963
2026-08-29 07:37:00,0.1331155076622963
2026-08-29 07:38:00,0.1331155076622963
2026-08-29 07:39:00,0.1331155076622963
2026-08-29 07:40:00,0.13321377709507942
2026-08-29 07:41:00,0.13321377709507942
2026-08-29 07:42:00,0.13321377709507942
2026-08-29 07:43:00,0.13321377709507942
2026-08-29 07:44:00,0.13321377709507942
2026-08-29 07:45:00,0.1288798786699772
2026-08-29 07:46:00,0.1288798786699772
2026-08-29 07:47:00,0.1288798786699772
2026-08-29 07:48:00,0.1288798786699772
2026-08-29 07:49:00,0.1288798786699772
2026-08-29 07:50:00,0.12249861657619476
2026-08-29 07:51:00,0.12249861657619476
2026-08-29 07:52:00,0.12249861657619476
2026-08-29 07:53:00,0.12249861657619476
2026-08-29 07:54:00,0.12249861657619476
2026-08-29 07:55:00,0.11475500464439392
2026-08-29 07:56:00,0.11475500464439392
2026-08-29 07:57:00,0.11475500464439392
2026-08-29 07:58:00,0.11475500464439392
2026-08-29 07:59:00,0.11475500464439392
2026-08-29 08:00:00,0.10807656683027744
2026-08-29 08:01:00,0.10807656683027744
2026-08-29 08:02:00,0.10807656683027744
2026-08-29 08:03:00,0.10807656683027744
2026-08-29 08:04:00,0.10807656683027744
2026-08-29 08:05:00,0.09360956493765116
2026-08-29 08:06:00,0.09360956493765116
2026-08-29 08:07:00,0.09360956493765116
2026-08-29 08:08:00,0.09360956493765116
2026-08-29 08:09:00,0.09360956493765116
2026-08-29 08:10:00,0.07859454676508904
2026-08-29 08:11:00,0.07859454676508904
2026-08-29 08:12:00,0.07859454676508904
2026-08-29 08:13:00,0.07859454676508904
2026-08-29 08:14:00,0.07859454676508904
2026-08-29 08:15:00,0.06434292532503605
2026-08-29 08:16:00,0.06434292532503605
2026-08-29 08:17:00,0.06434292532503605
2026-08-29 08:18:00,0.06434292532503605
2026-08-29 08:19:00,0.06434292532503605
2026-08-29 08:20:00,0.04888522811233997
2026-08-29 08:21:00,0.04888522811233997
2026-08-29 08:22:00,0.04888522811233997
2026-08-29 08:23:00,0.04888522811233997
2026-08-29 08:24:00,0.04888522811233997
2026-08-29 08:25:00,0.0450622234493494
2026-08-29 08:26:00,0.0450622234493494
2026-08-29 08:27:00,0.0450622234493494
2026-08-29 08:28:00,0.0450622234493494
2026-08-29 08:29:00,0.0450622234493494
2026-08-29 08:30:00,0.0434320792555809
2026-08-29 08:31:00,0.0434320792555809
2026-08-29 08:32:00,0.0434320792555809
2026-08-29 08:33:00,0.0434320792555809
2026-08-29 08:34:00,0.0434320792555809
2026-08-29 08:35:00,0.04289790149778128
2026-08-29 08:36:00,0.04289790149778128
2026-08-29 08:37:00,0.04289790149778128
2026-08-29 08:38:00,0.04289790149778128
2026-08-29 08:39:00,0.04289790149778128
2026-08-29 08:40:00,0.04333060886710882
2026-08-29 08:41:00,0.04333060886710882
2026-08-29 08:42:00,0.04333060886710882
2026-08-29 08:43:00,0.04333060886710882
2026-08-29 08:44:00,0.04333060886710882
2026-08-29 08:45:00,0.045110972598195076
2026-08-29 08:46:00,0.045110972598195076
2026-08-29 08:47:00,0.045110972598195076
2026-08-29 08:48:00,0.045110972598195076
2026-08-29 08:49:00,0.045110972598195076
2026-08-29 08:50:00,0.046603341586887836
2026-08-29 08:51:00,0.046603341586887836
2026-08-29 08:52:00,0.046603341586887836
2026-08-29 08:53:00,0.046603341586887836
2026-08-29 08:54:00,0.046603341586887836
2026-08-29 08:55:00,0.0474332133308053
2026-08-29 08:56:00,0.0474332133308053
2026-08-29 08:57:00,0.0474332133308053
2026-08-29 08:58:00,0.0474332133308053
2026-08-29 08:59:00,0.0474332133308053
2026-08-29 09:00:00,0.04676638823002577
2026-08-29 09:01:00,0.04676638823002577
2026-08-29 09:02:00,0.04676638823002577
2026-08-29 09:03:00,0.04676638823002577
2026-08-29 09:04:00,0.04676638823002577
2026-08-29 09:05:00,0.047616285271942616
2026-08-29 09:06:00,0.047616285271942616
2026-08-29 09:07:00,0.047616285271942616
2026-08-29 09:08:00,0.047616285271942616
2026-08-29 09:09:00,0.047616285271942616
2026-08-29 09:10:00,0.047374386340379715
2026-08-29 09:11:00,0.047374386340379715
2026-08-29 09:12:00,0.047374386340379715
2026-08-29 09:13:00,0.047374386340379715
2026-08-29 09:14:00,0.047374386340379715
2026-08-29 09:15:00,0.0482252836227417
2026-08-29 09:16:00,0.0482252836227417
2026-08-29 09:17:00,0.0482252836227417
2026-08-29 09:18:00,0.0482252836227417
2026-08-29 09:19:00,0.0482252836227417
2026-08-29 09:20:00,0.05330673046410084
2026-08-29 09:21:00,0.05330673046410084
2026-08-29 09:22:00,0.05330673046410084
2026-08-29 09:23:00,0.05330673046410084
2026-08-29 09:24:00,0.05330673046410084
2026-08-29 09:25:00,0.05631035380065441
2026-08-29 09:26:00,0.05631035380065441
2026-08-29 09:27:00,0.05631035380065441
2026-08-29 09:28:00,0.05631035380065441
2026-08-29 09:29:00,0.05631035380065441
2026-08-29 09:30:00,0.05986475571990013
2026-08-29 09:31:00,0.05986475571990013
2026-08-29 09:32:00,0.05986475571990013
2026-08-29 09:33:00,0.05986475571990013
2026-08-29 09:34:00,0.05986475571990013
2026-08-29 09:35:00,0.05965094733983278
2026-08-29 09:36:00,0.05965094733983278
2026-08-29 09:37:00,0.05965094733983278
2026-08-29 09:38:00,0.05965094733983278
2026-08-29 09:39:00,0.05965094733983278
2026-08-29 09:40:00,0.05822664126753807
2026-08-29 09:41:00,0.05822664126753807
2026-08-29 09:42:00,0.05822664126753807
2026-08-29 09:43:00,0.05822664126753807
2026-08-29 09:44:00,0.05822664126753807
2026-08-29 09:45:00,0.05637237336486578
2026-08-29 09:46:00,0.05637237336486578
2026-08-29 09:47:00,0.05637237336486578
2026-08-29 09:48:00,0.05637237336486578
2026-08-29 09:49:00,0.05637237336486578
2026-08-29 09:50:00,0.053415315225720406
2026-08-29 09:51:00,0.053415315225720406
2026-08-29 09:52:00,0.053415315225720406
2026-08-29 09:53:00,0.053415315225720406
2026-08-29 09:54:00,0.053415315225720406
2026-08-29 09:55:00,0.052402252331376076
2026-08-29 09:56:00,0.052402252331376076
2026-08-29 09:57:00,0.052402252331376076
2026-08-29 09:58:00,0.052402252331376076
2026-08-29 09:59:00,0.052402252331376076
2026-08-29 10:00:00,0.051063028164207935
2026-08-29 10:01:00,0.051063028164207935
2026-08-29 10:02:00,0.051063028164207935
2026-08-29 10:03:00,0.051063028164207935
2026-08-29 10:04:00,0.051063028164207935
2026-08-29 10:05:00,0.05054436810314655
2026-08-29 10:06:00,0.05054436810314655
2026-08-29 10:07:00,0.05054436810314655
2026-08-29 10:08:00,0.05054436810314655
2026-08-29 10:09:00,0.05054436810314655
2026-08-29 10:10:00,0.05033008847385645
2026-08-29 10:11:00,0.05033008847385645
2026-08-29 10:12:00,0.05033008847385645
2026-08-29 10:13:00,0.05033008847385645
2026-08-29 10:14:00,0.05033008847385645
2026-08-29 10:15:00,0.0505382064729929
2026-08-29 10:16:00,0.0505382064729929
2026-08-29 10:17:00,0.0505382064729929
2026-08-29 10:18:00,0.0505382064729929
2026-08-29 10:19:00,0.0505382064729929
2026-08-29 10:20:00,0.048776847310364246
2026-08-29 10:21:00,0.048776847310364246
2026-08-29 10:22:00,0.048776847310364246
2026-08-29 10:23:00,0.048776847310364246
2026-08-29 10:24:00,0.048776847310364246
2026-08-29 10:25:00,0.047608593478798866
2026-08-29 10:26:00,0.047608593478798866
2026-08-29 10:27:00,0.047608593478798866
2026-08-29 10:28:00,0.047608593478798866
2026-08-29 10:29:00,0.047608593478798866
2026-08-29 10:30:00,0.04833783209323883
2026-08-29 10:31:00,0.04833783209323883
2026-08-29 10:32:00,0.04833783209323883
2026-08-29 10:33:00,0.04833783209323883
2026-08-29 10:34:00,0.04833783209323883
2026-08-29 10:35:00,0.04967373237013817
2026-08-29 10:36:00,0.04967373237013817
2026-08-29 10:37:00,0.04967373237013817
2026-08-29 10:38:00,0.04967373237013817
2026-08-29 10:39:00,0.04967373237013817
2026-08-29 10:40:00,0.27535701636224985
2026-08-29 10:41:00,0.27535701636224985
2026-08-29 10:42:00,0.27535701636224985
2026-08-29 10:43:00,0.27535701636224985
2026-08-29 10:44:00,0.27535701636224985
2026-08-29 10:45:00,0.49773312732577324
2026-08-29 10:46:00,0.49773312732577324
2026-08-29 10:47:00,0.49773312732577324
2026-08-29 10:48:00,0.49773312732577324
2026-08-29 10:49:00,0.49773312732577324
2026-08-29 10:50:00,0.7960208943113685
2026-08-29 10:51:00,0.7960208943113685
2026-08-29 10:52:00,0.7960208943113685
2026-08-29 10:53:00,0.7960208943113685
2026-08-29 10:54:00,0.7960208943113685
2026-08-29 10:55:00,1.0941919833421707
2026-08-29 10:56:00,1.0941919833421707
2026-08-29 10:57:00,1.0941919833421707
2026-08-29 10:58:00,1.0941919833421707
2026-08-29 10:59:00,1.0941919833421707
2026-08-29 11:00:00,1.1573316305875778
2026-08-29 11:01:00,1.1573316305875778
2026-08-29 11:02:00,1.1573316305875778
2026-08-29 11:03:00,1.1573316305875778
2026-08-29 11:04:00,1.1573316305875778
2026-08-29 11:05:00,1.226994127035141
2026-08-29 11:06:00,1.226994127035141
2026-08-29 11:07:00,1.226994127035141
2026-08-29 11:08:00,1.226994127035141
2026-08-29 11:09:00,1.226994127035141
2026-08-29 11:10:00,1.2040261626243591
2026-08-29 11:11:00,1.2040261626243591
2026-08-29 11:12:00,1.2040261626243591
2026-08-29 11:13:00,1.2040261626243591
2026-08-29 11:14:00,1.2040261626243591
2026-08-29 11:15:00,1.1812609434127808
2026-08-29 11:16:00,1.1812609434127808
2026-08-29 11:17:00,1.1812609434127808
2026-08-29 11:18:00,1.1812609434127808
2026-08-29 11:19:00,1.1812609434127808
2026-08-29 11:20:00,1.165125697851181
2026-08-29 11:21:00,1.165125697851181
2026-08-29 11:22:00,1.165125697851181
2026-08-29 11:23:00,1.165125697851181
2026-08-29 11:24:00,1.165125697851181
2026-08-29 11:25:00,0.9324816763401031
2026-08-29 11:26:00,0.9324816763401031
2026-08-29 11:27:00,0.9324816763401031
2026-08-29 11:28:00,0.9324816763401031
2026-08-29 11:29:00,0.9324816763401031
2026-08-29 11:30:00,0.7162135392427444
2026-08-29 11:31:00,0.7162135392427444
2026-08-29 11:32:00,0.7162135392427444
2026-08-29 11:33:00,0.7162135392427444
2026-08-29 11:34:00,0.7162135392427444
2026-08-29 11:35:00,0.4464346393942833
2026-08-29 11:36:00,0.4464346393942833
2026-08-29 11:37:00,0.4464346393942833
2026-08-29 11:38:00,0.4464346393942833
2026-08-29 11:39:00,0.4464346393942833
2026-08-29 11:40:00,0.20502249151468277
2026-08-29 11:41:00,0.20502249151468277
2026-08-29 11:42:00,0.20502249151468277
2026-08-29 11:43:00,0.20502249151468277
2026-08-29 11:44:00,0.20502249151468277
2026-08-29 11:45:00,0.17695524170994759
2026-08-29 11:46:00,0.17695524170994759
2026-08-29 11:47:00,0.17695524170994759
2026-08-29 11:48:00,0.17695524170994759
2026-08-29 11:49:00,0.17695524170994759
2026-08-29 11:50:00,0.36160222068428993
2026-08-29 11:51:00,0.36160222068428993
2026-08-29 11:52:00,0.36160222068428993
2026-08-29 11:53:00,0.36160222068428993
2026-08-29 11:54:00,0.36160222068428993
2026-08-29 11:55:00,0.5997501574456692
2026-08-29 11:56:00,0.5997501574456692
2026-08-29 11:57:00,0.5997501574456692
2026-08-29 11:58:00,0.5997501574456692
2026-08-29 11:59:00,0.5997501574456692
2026-08-29 12:00:00,0.8143676333129406
2026-08-29 12:01:00,0.8143676333129406
2026-08-29 12:02:00,0.8143676333129406
2026-08-29 12:03:00,0.8143676333129406
2026-08-29 12:04:00,0.8143676333129406
2026-08-29 12:05:00,1.0284830033779144
2026-08-29 12:06:00,1.0284830033779144
2026-08-29 12:07:00,1.0284830033779144
2026-08-29 12:08:00,1.0284830033779144
2026-08-29 12:09:00,1.0284830033779144
2026-08-29 12:10:00,0.8139126785099506
2026-08-29 12:11:00,0.8139126785099506
2026-08-29 12:12:00,0.8139126785099506
2026-08-29 12:13:00,0.8139126785099506
2026-08-29 12:14:00,0.8139126785099506
2026-08-29 12:15:00,0.5979908779263496
2026-08-29 12:16:00,0.5979908779263496
2026-08-29 12:17:00,0.5979908779263496
2026-08-29 12:18:00,0.5979908779263496
2026-08-29 12:19:00,0.5979908779263496
2026-08-29 12:20:00,0.38216037675738335
2026-08-29 12:21:00,0.38216037675738335
2026-08-29 12:22:00,0.38216037675738335
2026-08-29 12:23:00,0.38216037675738335
2026-08-29 12:24:00,0.38216037675738335
2026-08-29 12:25:00,0.17467902973294258
2026-08-29 12:26:00,0.17467902973294258
2026-08-29 12:27:00,0.17467902973294258
2026-08-29 12:28:00,0.17467902973294258
2026-08-29 12:29:00,0.17467902973294258
2026-08-29 12:30:00,0.1831349842250347
2026-08-29 12:31:00,0.1831349842250347
2026-08-29 12:32:00,0.1831349842250347
2026-08-29 12:33:00,0.1831349842250347
2026-08-29 12:34:00,0.1831349842250347
2026-08-29 12:35:00,0.19387111067771912
2026-08-29 12:36:00,0.19387111067771912
2026-08-29 12:37:00,0.19387111067771912
2026-08-29 12:38:00,0.19387111067771912
2026-08-29 12:39:00,0.19387111067771912
2026-08-29 12:40:00,0.19247673451900482
2026-08-29 12:41:00,0.19247673451900482
2026-08-29 12:42:00,0.19247673451900482
2026-08-29 12:43:00,0.19247673451900482
2026-08-29 12:44:00,0.19247673451900482
2026-08-29 12:45:00,0.17826570942997932
2026-08-29 12:46:00,0.17826570942997932
2026-08-29 12:47:00,0.17826570942997932
2026-08-29 12:48:00,0.17826570942997932
2026-08-29 12:49:00,0.17826570942997932
2026-08-29 12:50:00,0.16447626054286957
2026-08-29 12:51:00,0.16447626054286957
2026-08-29 12:52:00,0.16447626054286957
2026-08-29 12:53:00,0.16447626054286957
2026-08-29 12:54:00,0.16447626054286957
2026-08-29 12:55:00,0.404310442507267
2026-08-29 12:56:00,0.404310442507267
2026-08-29 12:57:00,0.404310442507267
2026-08-29 12:58:00,0.404310442507267
2026-08-29 12:59:00,0.404310442507267
2026-08-29 13:00:00,0.6559142060577869
2026-08-29 13:01:00,0.6559142060577869
2026-08-29 13:02:00,0.6559142060577869
2026-08-29 13:03:00,0.6559142060577869
2026-08-29 13:04:00,0.6559142060577869
2026-08-29 13:05:00,0.9116891697049141
2026-08-29 13:06:00,0.9116891697049141
2026-08-29 13:07:00,0.9116891697049141
2026-08-29 13:08:00,0.9116891697049141
2026-08-29 13:09:00,0.9116891697049141
2026-08-29 13:10:00,1.1892168819904327
2026-08-29 13:11:00,1.1892168819904327
2026-08-29 13:12:00,1.1892168819904327
2026-08-29 13:13:00,1.1892168819904327
2026-08-29 13:14:00,1.1892168819904327
2026-08-29 13:15:00,0.9390840195119381
2026-08-29 13:16:00,0.9390840195119381
2026-08-29 13:17:00,0.9390840195119381
2026-08-29 13:18:00,0.9390840195119381
2026-08-29 13:19:00,0.9390840195119381
2026-08-29 13:20:00,0.688579872250557
2026-08-29 13:21:00,0.688579872250557
2026-08-29 13:22:00,0.688579872250557
2026-08-29 13:23:00,0.688579872250557
2026-08-29 13:24:00,0.688579872250557
2026-08-29 13:25:00,0.4371986947953701
2026-08-29 13:26:00,0.4371986947953701
2026-08-29 13:27:00,0.4371986947953701
2026-08-29 13:28:00,0.4371986947953701
2026-08-29 13:29:00,0.4371986947953701
2026-08-29 13:30:00,0.16530273854732513
2026-08-29 13:31:00,0.16530273854732513
2026-08-29 13:32:00,0.16530273854732513
2026-08-29 13:33:00,0.16530273854732513
2026-08-29 13:34:00,0.16530273854732513
2026-08-29 13:35:00,0.16616541519761086
2026-08-29 13:36:00,0.16616541519761086
2026-08-29 13:37:00,0.16616541519761086
2026-08-29 13:38:00,0.16616541519761086
2026-08-29 13:39:00,0.16616541519761086
2026-08-29 13:40:00,0.1680443361401558
2026-08-29 13:41:00,0.1680443361401558
2026-08-29 13:42:00,0.1680443361401558
2026-08-29 13:43:00,0.1680443361401558
2026-08-29 13:44:00,0.1680443361401558
2026-08-29 13:45:00,0.17370657995343208
2026-08-29 13:46:00,0.17370657995343208
2026-08-29 13:47:00,0.17370657995343208
2026-08-29 13:48:00,0.17370657995343208
2026-08-29 13:49:00,0.17370657995343208
2026-08-29 13:50:00,0.18584293872117996
2026-08-29 13:51:00,0.18584293872117996
2026-08-29 13:52:00,0.18584293872117996
2026-08-29 13:53:00,0.18584293872117996
2026-08-29 13:54:00,0.18584293872117996
2026-08-29 13:55:00,0.19794070348143578
2026-08-29 13:56:00,0.19794070348143578
2026-08-29 13:57:00,0.19794070348143578
2026-08-29 13:58:00,0.19794070348143578
2026-08-29 13:59:00,0.19794070348143578
2026-08-29 14:00:00,0.21087556332349777
2026-08-29 14:01:00,0.21087556332349777
2026-08-29 14:02:00,0.21087556332349777
2026-08-29 14:03:00,0.21087556332349777
2026-08-29 14:04:00,0.21087556332349777
2026-08-29 14:05:00,0.21065901964902878
2026-08-29 14:06:00,0.21065901964902878
2026-08-29 14:07:00,0.21065901964902878
2026-08-29 14:08:00,0.21065901964902878
2026-08-29 14:09:00,0.21065901964902878
2026-08-29 14:10:00,0.19829007238149643
2026-08-29 14:11:00,0.19829007238149643
2026-08-29 14:12:00,0.19829007238149643
2026-08-29 14:13:00,0.19829007238149643
2026-08-29 14:14:00,0.19829007238149643
2026-08-29 14:15:00,0.16626296378672123
2026-08-29 14:16:00,0.16626296378672123
2026-08-29 14:17:00,0.16626296378672123
2026-08-29 14:18:00,0.16626296378672123
2026-08-29 14:19:00,0.16626296378672123
2026-08-29 14:20:00,0.1222013495862484
2026-08-29 14:21:00,0.1222013495862484
2026-08-29 14:22:00,0.1222013495862484
2026-08-29 14:23:00,0.1222013495862484
2026-08-29 14:24:00,0.1222013495862484
2026-08-29 14:25:00,0.08944673463702202
2026-08-29 14:26:00,0.08944673463702202
2026-08-29 14:27:00,0.08944673463702202
2026-08-29 14:28:00,0.08944673463702202
2026-08-29 14:29:00,0.08944673463702202
2026-08-29 14:30:00,0.06195871718227863
2026-08-29 14:31:00,0.06195871718227863
2026-08-29 14:32:00,0.06195871718227863
2026-08-29 14:33:00,0.06195871718227863
2026-08-29 14:34:00,0.06195871718227863
2026-08-29 14:35:00,0.0523871835321188
2026-08-29 14:36:00,0.0523871835321188
2026-08-29 14:37:00,0.0523871835321188
2026-08-29 14:38:00,0.0523871835321188
2026-08-29 14:39:00,0.0523871835321188
2026-08-29 14:40:00,0.05415051802992821
2026-08-29 14:41:00,0.05415051802992821
2026-08-29 14:42:00,0.05415051802992821
2026-08-29 14:43:00,0.05415051802992821
2026-08-29 14:44:00,0.05415051802992821
2026-08-29 14:45:00,0.05504086334258318
2026-08-29 14:46:00,0.05504086334258318
2026-08-29 14:47:00,0.05504086334258318
2026-08-29 14:48:00,0.05504086334258318
2026-08-29 14:49:00,0.05504086334258318
2026-08-29 14:50:00,0.05424231383949518
2026-08-29 14:51:00,0.05424231383949518
2026-08-29 14:52:00,0.05424231383949518
2026-08-29 14:53:00,0.05424231383949518
2026-08-29 14:54:00,0.05424231383949518
2026-08-29 14:55:00,0.05388840101659298
2026-08-29 14:56:00,0.05388840101659298
2026-08-29 14:57:00,0.05388840101659298
2026-08-29 14:58:00,0.05388840101659298
2026-08-29 14:59:00,0.05388840101659298
2026-08-29 15:00:00,0.051809550262987614
2026-08-29 15:01:00,0.051809550262987614
2026-08-29 15:02:00,0.051809550262987614
2026-08-29 15:03:00,0.051809550262987614
2026-08-29 15:04:00,0.051809550262987614
2026-08-29 15:05:00,0.049906183034181595
2026-08-29 15:06:00,0.049906183034181595
2026-08-29 15:07:00,0.049906183034181595
2026-08-29 15:08:00,0.049906183034181595
2026-08-29 15:09:00,0.049906183034181595
2026-08-29 15:10:00,0.04784886259585619
2026-08-29 15:11:00,0.04784886259585619
2026-08-29 15:12:00,0.04784886259585619
2026-08-29 15:13:00,0.04784886259585619
2026-08-29 15:14:00,0.04784886259585619
2026-08-29 15:15:00,0.0479616355150938
2026-08-29 15:16:00,0.0479616355150938
2026-08-29 15:17:00,0.0479616355150938
2026-08-29 15:18:00,0.0479616355150938
2026-08-29 15:19:00,0.0479616355150938
2026-08-29 15:20:00,0.04907933343201876
2026-08-29 15:21:00,0.04907933343201876
2026-08-29 15:22:00,0.04907933343201876
2026-08-29 15:23:00,0.04907933343201876
2026-08-29 15:24:00,0.04907933343201876
2026-08-29 15:25:00,0.04897941183298826
2026-08-29 15:26:00,0.04897941183298826
2026-08-29 15:27:00,0.04897941183298826
2026-08-29 15:28:00,0.04897941183298826
2026-08-29 15:29:00,0.04897941183298826
2026-08-29 15:30:00,0.049335106275975704
2026-08-29 15:31:00,0.049335106275975704
2026-08-29 15:32:00,0.049335106275975704
2026-08-29 15:33:00,0.049335106275975704
2026-08-29 15:34:00,0.049335106275975704
2026-08-29 15:35:00,0.04806183371692896
2026-08-29 15:36:00,0.04806183371692896
2026-08-29 15:37:00,0.04806183371692896
2026-08-29 15:38:00,0.04806183371692896
2026-08-29 15:39:00,0.04806183371692896
2026-08-29 15:40:00,0.046339934691786766
2026-08-29 15:41:00,0.046339934691786766
2026-08-29 15:42:00,0.046339934691786766
2026-08-29 15:43:00,0.046339934691786766
2026-08-29 15:44:00,0.046339934691786766
2026-08-29 15:45:00,0.04501332901418209
2026-08-29 15:46:00,0.04501332901418209
2026-08-29 15:47:00,0.04501332901418209
2026-08-29 15:48:00,0.04501332901418209
2026-08-29 15:49:00,0.04501332901418209
2026-08-29 15:50:00,0.04311953950673342
2026-08-29 15:51:00,0.04311953950673342
2026-08-29 15:52:00,0.04311953950673342
2026-08-29 15:53:00,0.04311953950673342
2026-08-29 15:54:00,0.04311953950673342
2026-08-29 15:55:00,0.04391256533563137
2026-08-29 15:56:00,0.04391256533563137
2026-08-29 15:57:00,0.04391256533563137
2026-08-29 15:58:00,0.04391256533563137
2026-08-29 15:59:00,0.04391256533563137
2026-08-29 16:00:00,0.046508523635566235
2026-08-29 16:01:00,0.046508523635566235
2026-08-29 16:02:00,0.046508523635566235
2026-08-29 16:03:00,0.046508523635566235
2026-08-29 16:04:00,0.046508523635566235
2026-08-29 16:05:00,0.048202645033597946
2026-08-29 16:06:00,0.048202645033597946
2026-08-29 16:07:00,0.048202645033597946
2026-08-29 16:08:00,0.048202645033597946
2026-08-29 16:09:00,0.048202645033597946
2026-08-29 16:10:00,0.04945762641727924
2026-08-29 16:11:00,0.04945762641727924
2026-08-29 16:12:00,0.04945762641727924
2026-08-29 16:13:00,0.04945762641727924
2026-08-29 16:14:00,0.04945762641727924
2026-08-29 16:15:00,0.04886282701045275
2026-08-29 16:16:00,0.04886282701045275
2026-08-29 16:17:00,0.04886282701045275
2026-08-29 16:18:00,0.04886282701045275
2026-08-29 16:19:00,0.04886282701045275
2026-08-29 16:20:00,0.04770505242049694
2026-08-29 16:21:00,0.04770505242049694
2026-08-29 16:22:00,0.04770505242049694
2026-08-29 16:23:00,0.04770505242049694
2026-08-29 16:24:00,0.04770505242049694
2026-08-29 16:25:00,0.04793640226125717
2026-08-29 16:26:00,0.04793640226125717
2026-08-29 16:27:00,0.04793640226125717
2026-08-29 16:28:00,0.04793640226125717
2026-08-29 16:29:00,0.04793640226125717
2026-08-29 16:30:00,0.04843980446457863
2026-08-29 16:31:00,0.04843980446457863
2026-08-29 16:32:00,0.04843980446457863
2026-08-29 16:33:00,0.04843980446457863
2026-08-29 16:34:00,0.04843980446457863
2026-08-29 16:35:00,0.04915004223585129
2026-08-29 16:36:00,0.04915004223585129
2026-08-29 16:37:00,0.04915004223585129
2026-08-29 16:38:00,0.04915004223585129
2026-08-29 16:39:00,0.04915004223585129
2026-08-29 16:40:00,0.04784708842635155
2026-08-29 16:41:00,0.04784708842635155
2026-08-29 16:42:00,0.04784708842635155
2026-08-29 16:43:00,0.04784708842635155
2026-08-29 16:44:00,0.04784708842635155
2026-08-29 16:45:00,0.046596202068030834
2026-08-29 16:46:00,0.046596202068030834
2026-08-29 16:47:00,0.046596202068030834
2026-08-29 16:48:00,0.046596202068030834
2026-08-29 16:49:00,0.046596202068030834
2026-08-29 16:50:00,0.04710579477250576
2026-08-29 16:51:00,0.04710579477250576
2026-08-29 16:52:00,0.04710579477250576
2026-08-29 16:53:00,0.04710579477250576
2026-08-29 16:54:00,0.04710579477250576
2026-08-29 16:55:00,0.04552533384412527
2026-08-29 16:56:00,0.04552533384412527
2026-08-29 16:57:00,0.04552533384412527
2026-08-29 16:58:00,0.04552533384412527
2026-08-29 16:59:00,0.04552533384412527
2026-08-29 17:00:00,0.044971195980906487
2026-08-29 17:01:00,0.044971195980906487
2026-08-29 17:02:00,0.044971195980906487
2026-08-29 17:03:00,0.044971195980906487
2026-08-29 17:04:00,0.044971195980906487
2026-08-29 17:05:00,0.043803914450109005
2026-08-29 17:06:00,0.043803914450109005
2026-08-29 17:07:00,0.043803914450109005
2026-08-29 17:08:00,0.043803914450109005
2026-08-29 17:09:00,0.043803914450109005
2026-08-29 17:10:00,0.04239915497601032
2026-08-29 17:11:00,0.04239915497601032
2026-08-29 17:12:00,0.04239915497601032
2026-08-29 17:13:00,0.04239915497601032
2026-08-29 17:14:00,0.04239915497601032
2026-08-29 17:15:00,0.04196594376116991
2026-08-29 17:16:00,0.04196594376116991
2026-08-29 17:17:00,0.04196594376116991
2026-08-29 17:18:00,0.04196594376116991
2026-08-29 17:19:00,0.04196594376116991
2026-08-29 17:20:00,0.040680897422134876
2026-08-29 17:21:00,0.040680897422134876
2026-08-29 17:22:00,0.040680897422134876
2026-08-29 17:23:00,0.040680897422134876
2026-08-29 17:24:00,0.040680897422134876
2026-08-29 17:25:00,0.04251317121088505
2026-08-29 17:26:00,0.04251317121088505
2026-08-29 17:27:00,0.04251317121088505
2026-08-29 17:28:00,0.04251317121088505
2026-08-29 17:29:00,0.04251317121088505
2026-08-29 17:30:00,0.0454517500475049
2026-08-29 17:31:00,0.0454517500475049
2026-08-29 17:32:00,0.0454517500475049
2026-08-29 17:33:00,0.0454517500475049
2026-08-29 17:34:00,0.0454517500475049
2026-08-29 17:35:00,0.05107094440609217
2026-08-29 17:36:00,0.05107094440609217
2026-08-29 17:37:00,0.05107094440609217
2026-08-29 17:38:00,0.05107094440609217
2026-08-29 17:39:00,0.05107094440609217
2026-08-29 17:40:00,0.05853365082293749
2026-08-29 17:41:00,0.05853365082293749
2026-08-29 17:42:00,0.05853365082293749
2026-08-29 17:43:00,0.05853365082293749
2026-08-29 17:44:00,0.05853365082293749
2026-08-29 17:45:00,0.06205642502754927
2026-08-29 17:46:00,0.06205642502754927
2026-08-29 17:47:00,0.06205642502754927
2026-08-29 17:48:00,0.06205642502754927
2026-08-29 17:49:00,0.06205642502754927
2026-08-29 17:50:00,0.06342913676053286
2026-08-29 17:51:00,0.06342913676053286
2026-08-29 17:52:00,0.06342913676053286
2026-08-29 17:53:00,0.06342913676053286
2026-08-29 17:54:00,0.06342913676053286
2026-08-29 17:55:00,0.06049839407205582
2026-08-29 17:56:00,0.06049839407205582
2026-08-29 17:57:00,0.06049839407205582
2026-08-29 17:58:00,0.06049839407205582
2026-08-29 17:59:00,0.06049839407205582
2026-08-29 18:00:00,0.0572971161454916
2026-08-29 18:01:00,0.0572971161454916
2026-08-29 18:02:00,0.0572971161454916
2026-08-29 18:03:00,0.0572971161454916
2026-08-29 18:04:00,0.0572971161454916
2026-08-29 18:05:00,0.05788739211857319
2026-08-29 18:06:00,0.05788739211857319
2026-08-29 18:07:00,0.05788739211857319
2026-08-29 18:08:00,0.05788739211857319
2026-08-29 18:09:00,0.05788739211857319
2026-08-29 18:10:00,0.05975459609180689
2026-08-29 18:11:00,0.05975459609180689
2026-08-29 18:12:00,0.05975459609180689
2026-08-29 18:13:00,0.05975459609180689
2026-08-29 18:14:00,0.05975459609180689
2026-08-29 18:15:00,0.06262775883078575
2026-08-29 18:16:00,0.06262775883078575
2026-08-29 18:17:00,0.06262775883078575
2026-08-29 18:18:00,0.06262775883078575
2026-08-29 18:19:00,0.06262775883078575
2026-08-29 18:20:00,0.06453183852136135
2026-08-29 18:21:00,0.06453183852136135
2026-08-29 18:22:00,0.06453183852136135
2026-08-29 18:23:00,0.06453183852136135
2026-08-29 18:24:00,0.06453183852136135
2026-08-29 18:25:00,0.0626675933599472
2026-08-29 18:26:00,0.0626675933599472
2026-08-29 18:27:00,0.0626675933599472
2026-08-29 18:28:00,0.0626675933599472
2026-08-29 18:29:00,0.0626675933599472
2026-08-29 18:30:00,0.05954114720225334
2026-08-29 18:31:00,0.05954114720225334
2026-08-29 18:32:00,0.05954114720225334
2026-08-29 18:33:00,0.05954114720225334
2026-08-29 18:34:00,0.05954114720225334
2026-08-29 18:35:00,0.05805988237261772
2026-08-29 18:36:00,0.05805988237261772
2026-08-29 18:37:00,0.05805988237261772
2026-08-29 18:38:00,0.05805988237261772
2026-08-29 18:39:00,0.05805988237261772
2026-08-29 18:40:00,0.056564610451459885
2026-08-29 18:41:00,0.056564610451459885
2026-08-29 18:42:00,0.056564610451459885
2026-08-29 18:43:00,0.056564610451459885
2026-08-29 18:44:00,0.056564610451459885
2026-08-29 18:45:00,0.05616161227226257
2026-08-29 18:46:00,0.05616161227226257
2026-08-29 18:47:00,0.05616161227226257
2026-08-29 18:48:00,0.05616161227226257
2026-08-29 18:49:00,0.05616161227226257
2026-08-29 18:50:00,0.054366882890462875
2026-08-29 18:51:00,0.054366882890462875
2026-08-29 18:52:00,0.054366882890462875
2026-08-29 18:53:00,0.054366882890462875
2026-08-29 18:54:00,0.054366882890462875
2026-08-29 18:55:00,0.0516611784696579
2026-08-29 18:56:00,0.0516611784696579
2026-08-29 18:57:00,0.0516611784696579
2026-08-29 18:58:00,0.0516611784696579
2026-08-29 18:59:00,0.0516611784696579
2026-08-29 19:00:00,0.05013994034379721
2026-08-29 19:01:00,0.05013994034379721
2026-08-29 19:02:00,0.05013994034379721
2026-08-29 19:03:00,0.05013994034379721
2026-08-29 19:04:00,0.05013994034379721
2026-08-29 19:05:00,0.0496539156883955
2026-08-29 19:06:00,0.0496539156883955
2026-08-29 19:07:00,0.0496539156883955
2026-08-29 19:08:00,0.0496539156883955
2026-08-29 19:09:00,0.0496539156883955
2026-08-29 19:10:00,0.050166656263172626
2026-08-29 19:11:00,0.050166656263172626
2026-08-29 19:12:00,0.050166656263172626
2026-08-29 19:13:00,0.050166656263172626
2026-08-29 19:14:00,0.050166656263172626
2026-08-29 19:15:00,0.051634594798088074
2026-08-29 19:16:00,0.051634594798088074
2026-08-29 19:17:00,0.051634594798088074
2026-08-29 19:18:00,0.051634594798088074
2026-08-29 19:19:00,0.051634594798088074
2026-08-29 19:20:00,0.051972958259284496
2026-08-29 19:21:00,0.051972958259284496
2026-08-29 19:22:00,0.051972958259284496
2026-08-29 19:23:00,0.051972958259284496
2026-08-29 19:24:00,0.051972958259284496
2026-08-29 19:25:00,0.049906556494534016
2026-08-29 19:26:00,0.049906556494534016
2026-08-29 19:27:00,0.049906556494534016
2026-08-29 19:28:00,0.049906556494534016
2026-08-29 19:29:00,0.049906556494534016
2026-08-29 19:30:00,0.04720631707459688
2026-08-29 19:31:00,0.04720631707459688
2026-08-29 19:32:00,0.04720631707459688
2026-08-29 19:33:00,0.04720631707459688
2026-08-29 19:34:00,0.04720631707459688
2026-08-29 19:35:00,0.04504062794148922
2026-08-29 19:36:00,0.04504062794148922
2026-08-29 19:37:00,0.04504062794148922
2026-08-29 19:38:00,0.04504062794148922
2026-08-29 19:39:00,0.04504062794148922
2026-08-29 19:40:00,0.044514210894703865
2026-08-29 19:41:00,0.044514210894703865
2026-08-29 19:42:00,0.044514210894703865
2026-08-29 19:43:00,0.044514210894703865
2026-08-29 19:44:00,0.044514210894703865
2026-08-29 19:45:00,0.04694019444286823
2026-08-29 19:46:00,0.04694019444286823
2026-08-29 19:47:00,0.04694019444286823
2026-08-29 19:48:00,0.04694019444286823
2026-08-29 19:49:00,0.04694019444286823
2026-08-29 19:50:00,0.05221021547913551
2026-08-29 19:51:00,0.05221021547913551
2026-08-29 19:52:00,0.05221021547913551
2026-08-29 19:53:00,0.05221021547913551
2026-08-29 19:54:00,0.05221021547913551
2026-08-29 19:55:00,0.056380899623036385
2026-08-29 19:56:00,0.056380899623036385
2026-08-29 19:57:00,0.056380899623036385
2026-08-29 19:58:00,0.056380899623036385
2026-08-29 19:59:00,0.056380899623036385
2026-08-29 20:00:00,0.057325514033436775
2026-08-29 20:01:00,0.057325514033436775
2026-08-29 20:02:00,0.057325514033436775
2026-08-29 20:03:00,0.057325514033436775
2026-08-29 20:04:00,0.057325514033436775
2026-08-29 20:05:00,0.05613353196531534
2026-08-29 20:06:00,0.05613353196531534
2026-08-29 20:07:00,0.05613353196531534
2026-08-29 20:08:00,0.05613353196531534
2026-08-29 20:09:00,0.05613353196531534
2026-08-29 20:10:00,0.054466008208692074
2026-08-29 20:11:00,0.054466008208692074
2026-08-29 20:12:00,0.054466008208692074
2026-08-29 20:13:00,0.054466008208692074
2026-08-29 20:14:00,0.054466008208692074
2026-08-29 20:15:00,0.052353499457240105
2026-08-29 20:16:00,0.052353499457240105
2026-08-29 20:17:00,0.052353499457240105
2026-08-29 20:18:00,0.052353499457240105
2026-08-29 20:19:00,0.052353499457240105
2026-08-29 20:20:00,0.05444701574742794
2026-08-29 20:21:00,0.05444701574742794
2026-08-29 20:22:00,0.05444701574742794
2026-08-29 20:23:00,0.05444701574742794
2026-08-29 20:24:00,0.05444701574742794
2026-08-29 20:25:00,0.05476723704487085
2026-08-29 20:26:00,0.05476723704487085
2026-08-29 20:27:00,0.05476723704487085
2026-08-29 20:28:00,0.05476723704487085
2026-08-29 20:29:00,0.05476723704487085
2026-08-29 20:30:00,0.05293259769678116
2026-08-29 20:31:00,0.05293259769678116
2026-08-29 20:32:00,0.05293259769678116
2026-08-29 20:33:00,0.05293259769678116
2026-08-29 20:34:00,0.05293259769678116
2026-08-29 20:35:00,0.05324343405663967
2026-08-29 20:36:00,0.05324343405663967
2026-08-29 20:37:00,0.05324343405663967
2026-08-29 20:38:00,0.05324343405663967
2026-08-29 20:39:00,0.05324343405663967
2026-08-29 20:40:00,0.049705746583640575
2026-08-29 20:41:00,0.049705746583640575
2026-08-29 20:42:00,0.049705746583640575
2026-08-29 20:43:00,0.049705746583640575
2026-08-29 20:44:00,0.049705746583640575
2026-08-29 20:45:00,0.04884159658104181
2026-08-29 20:46:00,0.04884159658104181
2026-08-29 20:47:00,0.04884159658104181
2026-08-29 20:48:00,0.04884159658104181
2026-08-29 20:49:00,0.04884159658104181
2026-08-29 20:50:00,0.04911752510815859
2026-08-29 20:51:00,0.04911752510815859
2026-08-29 20:52:00,0.04911752510815859
2026-08-29 20:53:00,0.04911752510815859
2026-08-29 20:54:00,0.04911752510815859
2026-08-29 20:55:00,0.04914378374814987
2026-08-29 20:56:00,0.04914378374814987
2026-08-29 20:57:00,0.04914378374814987
2026-08-29 20:58:00,0.04914378374814987
2026-08-29 20:59:00,0.04914378374814987
2026-08-29 21:00:00,0.05023161042481661
2026-08-29 21:01:00,0.05023161042481661
2026-08-29 21:02:00,0.05023161042481661
2026-08-29 21:03:00,0.05023161042481661
2026-08-29 21:04:00,0.05023161042481661
2026-08-29 21:05:00,0.05316030979156494
2026-08-29 21:06:00,0.05316030979156494
2026-08-29 21:07:00,0.05316030979156494
2026-08-29 21:08:00,0.05316030979156494
2026-08-29 21:09:00,0.05316030979156494
2026-08-29 21:10:00,0.05678637884557247
2026-08-29 21:11:00,0.05678637884557247
2026-08-29 21:12:00,0.05678637884557247
2026-08-29 21:13:00,0.05678637884557247
2026-08-29 21:14:00,0.05678637884557247
2026-08-29 21:15:00,0.058740110136568546
2026-08-29 21:16:00,0.058740110136568546
2026-08-29 21:17:00,0.058740110136568546
2026-08-29 21:18:00,0.058740110136568546
2026-08-29 21:19:00,0.058740110136568546
2026-08-29 21:20:00,0.06189351063221693
2026-08-29 21:21:00,0.06189351063221693
2026-08-29 21:22:00,0.06189351063221693
2026-08-29 21:23:00,0.06189351063221693
2026-08-29 21:24:00,0.06189351063221693
2026-08-29 21:25:00,0.059188234619796276
2026-08-29 21:26:00,0.059188234619796276
2026-08-29 21:27:00,0.059188234619796276
2026-08-29 21:28:00,0.059188234619796276
2026-08-29 21:29:00,0.059188234619796276
2026-08-29 21:30:00,0.05428892653435469
2026-08-29 21:31:00,0.05428892653435469
2026-08-29 21:32:00,0.05428892653435469
2026-08-29 21:33:00,0.05428892653435469
2026-08-29 21:34:00,0.05428892653435469
2026-08-29 21:35:00,0.05019410699605942
2026-08-29 21:36:00,0.05019410699605942
2026-08-29 21:37:00,0.05019410699605942
2026-08-29 21:38:00,0.05019410699605942
2026-08-29 21:39:00,0.05019410699605942
2026-08-29 21:40:00,0.045599584467709064
2026-08-29 21:41:00,0.045599584467709064
2026-08-29 21:42:00,0.045599584467709064
2026-08-29 21:43:00,0.045599584467709064
2026-08-29 21:44:00,0.045599584467709064
2026-08-29 21:45:00,0.046100934967398643
2026-08-29 21:46:00,0.046100934967398643
2026-08-29 21:47:00,0.046100934967398643
2026-08-29 21:48:00,0.046100934967398643
2026-08-29 21:49:00,0.046100934967398643
2026-08-29 21:50:00,0.04966268688440323
2026-08-29 21:51:00,0.04966268688440323
2026-08-29 21:52:00,0.04966268688440323
2026-08-29 21:53:00,0.04966268688440323
2026-08-29 21:54:00,0.04966268688440323
2026-08-29 21:55:00,0.053229828365147114
2026-08-29 21:56:00,0.053229828365147114
2026-08-29 21:57:00,0.053229828365147114
2026-08-29 21:58:00,0.053229828365147114
2026-08-29 21:59:00,0.053229828365147114
2026-08-29 22:00:00,0.056809719651937485
2026-08-29 22:01:00,0.056809719651937485
2026-08-29 22:02:00,0.056809719651937485
2026-08-29 22:03:00,0.056809719651937485
2026-08-29 22:04:00,0.056809719651937485
2026-08-29 22:05:00,0.0595923587679863
2026-08-29 22:06:00,0.0595923587679863
2026-08-29 22:07:00,0.0595923587679863
2026-08-29 22:08:00,0.0595923587679863
2026-08-29 22:09:00,0.0595923587679863
2026-08-29 22:10:00,0.057147334329783916
2026-08-29 22:11:00,0.057147334329783916
2026-08-29 22:12:00,0.057147334329783916
2026-08-29 22:13:00,0.057147334329783916
2026-08-29 22:14:00,0.057147334329783916
2026-08-29 22:15:00,0.05244556441903114
2026-08-29 22:16:00,0.05244556441903114
2026-08-29 22:17:00,0.05244556441903114
2026-08-29 22:18:00,0.05244556441903114
2026-08-29 22:19:00,0.05244556441903114
2026-08-29 22:20:00,0.048240480944514275
2026-08-29 22:21:00,0.048240480944514275
2026-08-29 22:22:00,0.048240480944514275
2026-08-29 22:23:00,0.048240480944514275
2026-08-29 22:24:00,0.048240480944514275
2026-08-29 22:25:00,0.04493466764688492
2026-08-29 22:26:00,0.04493466764688492
2026-08-29 22:27:00,0.04493466764688492
2026-08-29 22:28:00,0.04493466764688492
2026-08-29 22:29:00,0.04493466764688492
2026-08-29 22:30:00,0.044812715612351894
2026-08-29 22:31:00,0.044812715612351894
2026-08-29 22:32:00,0.044812715612351894
2026-08-29 22:33:00,0.044812715612351894
2026-08-29 22:34:00,0.044812715612351894
2026-08-29 22:35:00,0.04717565607279539
2026-08-29 22:36:00,0.04717565607279539
2026-08-29 22:37:00,0.04717565607279539
2026-08-29 22:38:00,0.04717565607279539
2026-08-29 22:39:00,0.04717565607279539
2026-08-29 22:40:00,0.04842160828411579
2026-08-29 22:41:00,0.04842160828411579
2026-08-29 22:42:00,0.04842160828411579
2026-08-29 22:43:00,0.04842160828411579
2026-08-29 22:44:00,0.04842160828411579
2026-08-29 22:45:00,0.04823492467403412
2026-08-29 22:46:00,0.04823492467403412
2026-08-29 22:47:00,0.04823492467403412
2026-08-29 22:48:00,0.04823492467403412
2026-08-29 22:49:00,0.04823492467403412
2026-08-29 22:50:00,0.048209043219685555
2026-08-29 22:51:00,0.048209043219685555
2026-08-29 22:52:00,0.048209043219685555
2026-08-29 22:53:00,0.048209043219685555
2026-08-29 22:54:00,0.048209043219685555
2026-08-29 22:55:00,0.048479764722287655
2026-08-29 22:56:00,0.048479764722287655
2026-08-29 22:57:00,0.048479764722287655
2026-08-29 22:58:00,0.048479764722287655
2026-08-29 22:59:00,0.048479764722287655
2026-08-29 23:00:00,0.04787459783256054
2026-08-29 23:01:00,0.04787459783256054
2026-08-29 23:02:00,0.04787459783256054
2026-08-29 23:03:00,0.04787459783256054
2026-08-29 23:04:00,0.04787459783256054
2026-08-29 23:05:00,0.04728799778968096
2026-08-29 23:06:00,0.04728799778968096
2026-08-29 23:07:00,0.04728799778968096
2026-08-29 23:08:00,0.04728799778968096
2026-08-29 23:09:00,0.04728799778968096
2026-08-29 23:10:00,0.04580178018659353
2026-08-29 23:11:00,0.04580178018659353
2026-08-29 23:12:00,0.04580178018659353
2026-08-29 23:13:00,0.04580178018659353
2026-08-29 23:14:00,0.04580178018659353
2026-08-29 23:15:00,0.045373059809207916
2026-08-29 23:16:00,0.045373059809207916
2026-08-29 23:17:00,0.045373059809207916
2026-08-29 23:18:00,0.045373059809207916
2026-08-29 23:19:00,0.045373059809207916
2026-08-29 23:20:00,0.04801711905747652
2026-08-29 23:21:00,0.04801711905747652
2026-08-29 23:22:00,0.04801711905747652
2026-08-29 23:23:00,0.04801711905747652
2026-08-29 23:24:00,0.04801711905747652
2026-08-29 23:25:00,0.05060367099940777
2026-08-29 23:26:00,0.05060367099940777
2026-08-29 23:27:00,0.05060367099940777
2026-08-29 23:28:00,0.05060367099940777
2026-08-29 23:29:00,0.05060367099940777
2026-08-29 23:30:00,0.05339025054126978
2026-08-29 23:31:00,0.05339025054126978
2026-08-29 23:32:00,0.05339025054126978
2026-08-29 23:33:00,0.05339025054126978
2026-08-29 23:34:00,0.05339025054126978
2026-08-29 23:35:00,0.05275395791977644
2026-08-29 23:36:00,0.05275395791977644
2026-08-29 23:37:00,0.05275395791977644
2026-08-29 23:38:00,0.05275395791977644
2026-08-29 23:39:00,0.05275395791977644
2026-08-29 23:40:00,0.048726122826337814
2026-08-29 23:41:00,0.048726122826337814
2026-08-29 23:42:00,0.048726122826337814
2026-08-29 23:43:00,0.048726122826337814
2026-08-29 23:44:00,0.048726122826337814
2026-08-29 23:45:00,0.3697138288989663
2026-08-29 23:46:00,0.3697138288989663
2026-08-29 23:47:00,0.3697138288989663
2026-08-29 23:48:00,0.3697138288989663
2026-08-29 23:49:00,0.3697138288989663
2026-08-29 23:50:00,0.691379401832819
2026-08-29 23:51:00,0.691379401832819
2026-08-29 23:52:00,0.691379401832819
2026-08-29 23:53:00,0.691379401832819
2026-08-29 23:54:00,0.691379401832819
2026-08-29 23:55:00,1.0146227665245533
2026-08-29 23:56:00,1.0146227665245533
2026-08-29 23:57:00,1.0146227665245533
2026-08-29 23:58:00,1.0146227665245533
2026-08-29 23:59:00,1.0146227665245533
2026-08-30 00:00:00,1.3394878804683685
2026-08-30 00:01:00,1.3394878804683685
2026-08-30 00:02:00,1.3394878804683685
2026-08-30 00:03:00,1.3394878804683685
2026-08-30 00:04:00,1.3394878804683685
2026-08-30 00:05:00,1.1105869188904762
2026-08-30 00:06:00,1.1105869188904762
2026-08-30 00:07:00,1.1105869188904762
2026-08-30 00:08:00,1.1105869188904762
2026-08-30 00:09:00,1.1105869188904762
2026-08-30 00:10:00,0.8807628750801086
2026-08-30 00:11:00,0.8807628750801086
2026-08-30 00:12:00,0.8807628750801086
2026-08-30 00:13:00,0.8807628750801086
2026-08-30 00:14:00,0.8807628750801086
2026-08-30 00:15:00,0.6513503342866898
2026-08-30 00:16:00,0.6513503342866898
2026-08-30 00:17:00,0.6513503342866898
2026-08-30 00:18:00,0.6513503342866898
2026-08-30 00:19:00,0.6513503342866898
2026-08-30 00:20:00,0.4220457002520561
2026-08-30 00:21:00,0.4220457002520561
2026-08-30 00:22:00,0.4220457002520561
2026-08-30 00:23:00,0.4220457002520561
2026-08-30 00:24:00,0.4220457002520561
2026-08-30 00:25:00,0.4202254042029381
2026-08-30 00:26:00,0.4202254042029381
2026-08-30 00:27:00,0.4202254042029381
2026-08-30 00:28:00,0.4202254042029381
2026-08-30 00:29:00,0.4202254042029381
2026-08-30 00:30:00,0.4201784133911133
2026-08-30 00:31:00,0.4201784133911133
2026-08-30 00:32:00,0.4201784133911133
2026-08-30 00:33:00,0.4201784133911133
2026-08-30 00:34:00,0.4201784133911133
2026-08-30 00:35:00,0.4200769364833832
2026-08-30 00:36:00,0.4200769364833832
2026-08-30 00:37:00,0.4200769364833832
2026-08-30 00:38:00,0.4200769364833832
2026-08-30 00:39:00,0.4200769364833832
2026-08-30 00:40:00,0.4210403189063072
2026-08-30 00:41:00,0.4210403189063072
2026-08-30 00:42:00,0.4210403189063072
2026-08-30 00:43:00,0.4210403189063072
2026-08-30 00:44:00,0.4210403189063072
2026-08-30 00:45:00,0.4243323802947998
2026-08-30 00:46:00,0.4243323802947998
2026-08-30 00:47:00,0.4243323802947998
2026-08-30 00:48:00,0.4243323802947998
2026-08-30 00:49:00,0.4243323802947998
2026-08-30 00:50:00,0.42674344033002853
2026-08-30 00:51:00,0.42674344033002853
2026-08-30 00:52:00,0.42674344033002853
2026-08-30 00:53:00,0.42674344033002853
2026-08-30 00:54:00,0.42674344033002853
2026-08-30 00:55:00,0.4283180981874466
2026-08-30 00:56:00,0.4283180981874466
2026-08-30 00:57:00,0.4283180981874466
2026-08-30 00:58:00,0.4283180981874466
2026-08-30 00:59:00,0.4283180981874466
2026-08-30 01:00:00,0.4284658059477806
2026-08-30 01:01:00,0.4284658059477806
2026-08-30 01:02:00,0.4284658059477806
2026-08-30 01:03:00,0.4284658059477806
2026-08-30 01:04:00,0.4284658059477806
2026-08-30 01:05:00,0.33233317639678717
2026-08-30 01:06:00,0.33233317639678717
2026-08-30 01:07:00,0.33233317639678717
2026-08-30 01:08:00,0.33233317639678717
2026-08-30 01:09:00,0.33233317639678717
2026-08-30 01:10:00,0.2398312222212553
2026-08-30 01:11:00,0.2398312222212553
2026-08-30 01:12:00,0.2398312222212553
2026-08-30 01:13:00,0.2398312222212553
2026-08-30 01:14:00,0.2398312222212553
2026-08-30 01:15:00,0.15014353021979332
2026-08-30 01:16:00,0.15014353021979332
2026-08-30 01:17:00,0.15014353021979332
2026-08-30 01:18:00,0.15014353021979332
2026-08-30 01:19:00,0.15014353021979332
2026-08-30 01:20:00,0.062398649752140045
2026-08-30 01:21:00,0.062398649752140045
2026-08-30 01:22:00,0.062398649752140045
2026-08-30 01:23:00,0.062398649752140045
2026-08-30 01:24:00,0.062398649752140045
2026-08-30 01:25:00,0.06977010238915682
2026-08-30 01:26:00,0.06977010238915682
2026-08-30 01:27:00,0.06977010238915682
2026-08-30 01:28:00,0.06977010238915682
2026-08-30 01:29:00,0.06977010238915682
2026-08-30 01:30:00,0.07197733223438263
2026-08-30 01:31:00,0.07197733223438263
2026-08-30 01:32:00,0.07197733223438263
2026-08-30 01:33:00,0.07197733223438263
2026-08-30 01:34:00,0.07197733223438263
2026-08-30 01:35:00,0.07082056440412998
2026-08-30 01:36:00,0.07082056440412998
2026-08-30 01:37:00,0.07082056440412998
2026-08-30 01:38:00,0.07082056440412998
2026-08-30 01:39:00,0.07082056440412998
2026-08-30 01:40:00,0.0675284443423152
2026-08-30 01:41:00,0.0675284443423152
2026-08-30 01:42:00,0.0675284443423152
2026-08-30 01:43:00,0.0675284443423152
2026-08-30 01:44:00,0.0675284443423152
2026-08-30 01:45:00,0.0606668321415782
2026-08-30 01:46:00,0.0606668321415782
2026-08-30 01:47:00,0.0606668321415782
2026-08-30 01:48:00,0.0606668321415782
2026-08-30 01:49:00,0.0606668321415782
2026-08-30 01:50:00,0.0562899075448513
2026-08-30 01:51:00,0.0562899075448513
2026-08-30 01:52:00,0.0562899075448513
2026-08-30 01:53:00,0.0562899075448513
2026-08-30 01:54:00,0.0562899075448513
2026-08-30 01:55:00,0.05376849323511124
2026-08-30 01:56:00,0.05376849323511124
2026-08-30 01:57:00,0.05376849323511124
2026-08-30 01:58:00,0.05376849323511124
2026-08-30 01:59:00,0.05376849323511124
2026-08-30 02:00:00,0.05059188883751631
2026-08-30 02:01:00,0.05059188883751631
2026-08-30 02:02:00,0.05059188883751631
2026-08-30 02:03:00,0.05059188883751631
2026-08-30 02:04:00,0.05059188883751631
2026-08-30 02:05:00,0.05112253408879042
2026-08-30 02:06:00,0.05112253408879042
2026-08-30 02:07:00,0.05112253408879042
2026-08-30 02:08:00,0.05112253408879042
2026-08-30 02:09:00,0.05112253408879042
2026-08-30 02:10:00,0.050107065588235855
2026-08-30 02:11:00,0.050107065588235855
2026-08-30 02:12:00,0.050107065588235855
2026-08-30 02:13:00,0.050107065588235855
2026-08-30 02:14:00,0.050107065588235855
2026-08-30 02:15:00,0.04925948567688465
2026-08-30 02:16:00,0.04925948567688465
2026-08-30 02:17:00,0.04925948567688465
2026-08-30 02:18:00,0.04925948567688465
2026-08-30 02:19:00,0.04925948567688465
2026-08-30 02:20:00,0.049653965048491955
2026-08-30 02:21:00,0.049653965048491955
2026-08-30 02:22:00,0.049653965048491955
2026-08-30 02:23:00,0.049653965048491955
2026-08-30 02:24:00,0.049653965048491955
2026-08-30 02:25:00,0.05091746710240841
2026-08-30 02:26:00,0.05091746710240841
2026-08-30 02:27:00,0.05091746710240841
2026-08-30 02:28:00,0.05091746710240841
2026-08-30 02:29:00,0.05091746710240841
2026-08-30 02:30:00,0.051275151781737804
2026-08-30 02:31:00,0.051275151781737804
2026-08-30 02:32:00,0.051275151781737804
2026-08-30 02:33:00,0.051275151781737804
2026-08-30 02:34:00,0.051275151781737804
2026-08-30 02:35:00,0.04962120205163956
2026-08-30 02:36:00,0.04962120205163956
2026-08-30 02:37:00,0.04962120205163956
2026-08-30 02:38:00,0.04962120205163956
2026-08-30 02:39:00,0.04962120205163956
2026-08-30 02:40:00,0.048774524591863155
2026-08-30 02:41:00,0.048774524591863155
2026-08-30 02:42:00,0.048774524591863155
2026-08-30 02:43:00,0.048774524591863155
2026-08-30 02:44:00,0.048774524591863155
2026-08-30 02:45:00,0.04582267068326473
2026-08-30 02:46:00,0.04582267068326473
2026-08-30 02:47:00,0.04582267068326473
2026-08-30 02:48:00,0.04582267068326473
2026-08-30 02:49:00,0.04582267068326473
2026-08-30 02:50:00,0.044220601208508015
2026-08-30 02:51:00,0.044220601208508015
2026-08-30 02:52:00,0.044220601208508015
2026-08-30 02:53:00,0.044220601208508015
2026-08-30 02:54:00,0.044220601208508015
2026-08-30 02:55:00,0.13421381823718548
2026-08-30 02:56:00,0.13421381823718548
2026-08-30 02:57:00,0.13421381823718548
2026-08-30 02:58:00,0.13421381823718548
2026-08-30 02:59:00,0.13421381823718548
2026-08-30 03:00:00,0.22262842021882534
2026-08-30 03:01:00,0.22262842021882534
2026-08-30 03:02:00,0.22262842021882534
2026-08-30 03:03:00,0.22262842021882534
2026-08-30 03:04:00,0.22262842021882534
2026-08-30 03:05:00,0.31285232305526733
2026-08-30 03:06:00,0.31285232305526733
2026-08-30 03:07:00,0.31285232305526733
2026-08-30 03:08:00,0.31285232305526733
2026-08-30 03:09:00,0.31285232305526733
2026-08-30 03:10:00,0.6025547906756401
2026-08-30 03:11:00,0.6025547906756401
2026-08-30 03:12:00,0.6025547906756401
2026-08-30 03:13:00,0.6025547906756401
2026-08-30 03:14:00,0.6025547906756401
2026-08-30 03:15:00,0.7967811673879623
2026-08-30 03:16:00,0.7967811673879623
2026-08-30 03:17:00,0.7967811673879623
2026-08-30 03:18:00,0.7967811673879623
2026-08-30 03:19:00,0.7967811673879623
2026-08-30 03:20:00,0.9919238910079002
2026-08-30 03:21:00,0.9919238910079002
2026-08-30 03:22:00,0.9919238910079002
2026-08-30 03:23:00,0.9919238910079002
2026-08-30 03:24:00,0.9919238910079002
2026-08-30 03:25:00,1.1864815056324005
2026-08-30 03:26:00,1.1864815056324005
2026-08-30 03:27:00,1.1864815056324005
2026-08-30 03:28:00,1.1864815056324005
2026-08-30 03:29:00,1.1864815056324005
2026-08-30 03:30:00,0.9327377527952194
2026-08-30 03:31:00,0.9327377527952194
2026-08-30 03:32:00,0.9327377527952194
2026-08-30 03:33:00,0.9327377527952194
2026-08-30 03:34:00,0.9327377527952194
2026-08-30 03:35:00,0.6815813407301903
2026-08-30 03:36:00,0.6815813407301903
2026-08-30 03:37:00,0.6815813407301903
2026-08-30 03:38:00,0.6815813407301903
2026-08-30 03:39:00,0.6815813407301903
2026-08-30 03:40:00,0.42667195573449135
2026-08-30 03:41:00,0.42667195573449135
2026-08-30 03:42:00,0.42667195573449135
2026-08-30 03:43:00,0.42667195573449135
2026-08-30 03:44:00,0.42667195573449135
2026-08-30 03:45:00,0.1713898666203022
2026-08-30 03:46:00,0.1713898666203022
2026-08-30 03:47:00,0.1713898666203022
2026-08-30 03:48:00,0.1713898666203022
2026-08-30 03:49:00,0.1713898666203022
2026-08-30 03:50:00,0.16500474140048027
2026-08-30 03:51:00,0.16500474140048027
2026-08-30 03:52:00,0.16500474140048027
2026-08-30 03:53:00,0.16500474140048027
2026-08-30 03:54:00,0.16500474140048027
2026-08-30 03:55:00,0.39843130484223366
2026-08-30 03:56:00,0.39843130484223366
2026-08-30 03:57:00,0.39843130484223366
2026-08-30 03:58:00,0.39843130484223366
2026-08-30 03:59:00,0.39843130484223366
2026-08-30 04:00:00,0.6354908868670464
2026-08-30 04:01:00,0.6354908868670464
2026-08-30 04:02:00,0.6354908868670464
2026-08-30 04:03:00,0.6354908868670464
2026-08-30 04:04:00,0.6354908868670464
2026-08-30 04:05:00,0.8726046457886696
2026-08-30 04:06:00,0.8726046457886696
2026-08-30 04:07:00,0.8726046457886696
2026-08-30 04:08:00,0.8726046457886696
2026-08-30 04:09:00,0.8726046457886696
2026-08-30 04:10:00,1.1098567247390747
2026-08-30 04:11:00,1.1098567247390747
2026-08-30 04:12:00,1.1098567247390747
2026-08-30 04:13:00,1.1098567247390747
2026-08-30 04:14:00,1.1098567247390747
2026-08-30 04:15:00,0.8727007173001766
2026-08-30 04:16:00,0.8727007173001766
2026-08-30 04:17:00,0.8727007173001766
2026-08-30 04:18:00,0.8727007173001766
2026-08-30 04:19:00,0.8727007173001766
2026-08-30 04:20:00,0.8061850927770138
2026-08-30 04:21:00,0.8061850927770138
2026-08-30 04:22:00,0.8061850927770138
2026-08-30 04:23:00,0.8061850927770138
2026-08-30 04:24:00,0.8061850927770138
2026-08-30 04:25:00,0.7434704862535
2026-08-30 04:26:00,0.7434704862535
2026-08-30 04:27:00,0.7434704862535
2026-08-30 04:28:00,0.7434704862535
2026-08-30 04:29:00,0.7434704862535
2026-08-30 04:30:00,0.6820220910012722
2026-08-30 04:31:00,0.6820220910012722
2026-08-30 04:32:00,0.6820220910012722
2026-08-30 04:33:00,0.6820220910012722
2026-08-30 04:34:00,0.6820220910012722
2026-08-30 04:35:00,0.8574676513671875
2026-08-30 04:36:00,0.8574676513671875
2026-08-30 04:37:00,0.8574676513671875
2026-08-30 04:38:00,0.8574676513671875
2026-08-30 04:39:00,0.8574676513671875
2026-08-30 04:40:00,0.6931320652365685
2026-08-30 04:41:00,0.6931320652365685
2026-08-30 04:42:00,0.6931320652365685
2026-08-30 04:43:00,0.6931320652365685
2026-08-30 04:44:00,0.6931320652365685
2026-08-30 04:45:00,0.5202998481690884
2026-08-30 04:46:00,0.5202998481690884
2026-08-30 04:47:00,0.5202998481690884
2026-08-30 04:48:00,0.5202998481690884
2026-08-30 04:49:00,0.5202998481690884
2026-08-30 04:50:00,0.34437885135412216
2026-08-30 04:51:00,0.34437885135412216
2026-08-30 04:52:00,0.34437885135412216
2026-08-30 04:53:00,0.34437885135412216
2026-08-30 04:54:00,0.34437885135412216
2026-08-30 04:55:00,0.1680690012872219
2026-08-30 04:56:00,0.1680690012872219
2026-08-30 04:57:00,0.1680690012872219
2026-08-30 04:58:00,0.1680690012872219
2026-08-30 04:59:00,0.1680690012872219
2026-08-30 05:00:00,0.15950702875852585
2026-08-30 05:01:00,0.15950702875852585
2026-08-30 05:02:00,0.15950702875852585
2026-08-30 05:03:00,0.15950702875852585
2026-08-30 05:04:00,0.15950702875852585
2026-08-30 05:05:00,0.1570674292743206
2026-08-30 05:06:00,0.1570674292743206
2026-08-30 05:07:00,0.1570674292743206
2026-08-30 05:08:00,0.1570674292743206
2026-08-30 05:09:00,0.1570674292743206
2026-08-30 05:10:00,0.15783782303333282
2026-08-30 05:11:00,0.15783782303333282
2026-08-30 05:12:00,0.15783782303333282
2026-08-30 05:13:00,0.15783782303333282
2026-08-30 05:14:00,0.15783782303333282
2026-08-30 05:15:00,0.14788260124623775
2026-08-30 05:16:00,0.14788260124623775
2026-08-30 05:17:00,0.14788260124623775
2026-08-30 05:18:00,0.14788260124623775
2026-08-30 05:19:00,0.14788260124623775
2026-08-30 05:20:00,0.14019127190113068
2026-08-30 05:21:00,0.14019127190113068
2026-08-30 05:22:00,0.14019127190113068
2026-08-30 05:23:00,0.14019127190113068
2026-08-30 05:24:00,0.14019127190113068
2026-08-30 05:25:00,0.13138186372816563
2026-08-30 05:26:00,0.13138186372816563
2026-08-30 05:27:00,0.13138186372816563
2026-08-30 05:28:00,0.13138186372816563
2026-08-30 05:29:00,0.13138186372816563
2026-08-30 05:30:00,0.12046757340431213
2026-08-30 05:31:00,0.12046757340431213
2026-08-30 05:32:00,0.12046757340431213
2026-08-30 05:33:00,0.12046757340431213
2026-08-30 05:34:00,0.12046757340431213
2026-08-30 05:35:00,0.12029742449522018
2026-08-30 05:36:00,0.12029742449522018
2026-08-30 05:37:00,0.12029742449522018
2026-08-30 05:38:00,0.12029742449522018
2026-08-30 05:39:00,0.12029742449522018
2026-08-30 05:40:00,0.10307190660387278
2026-08-30 05:41:00,0.10307190660387278
2026-08-30 05:42:00,0.10307190660387278
2026-08-30 05:43:00,0.10307190660387278
2026-08-30 05:44:00,0.10307190660387278
2026-08-30 05:45:00,0.08473117742687464
2026-08-30 05:46:00,0.08473117742687464
2026-08-30 05:47:00,0.08473117742687464
2026-08-30 05:48:00,0.08473117742687464
2026-08-30 05:49:00,0.08473117742687464
2026-08-30 05:50:00,0.06829036306589842
2026-08-30 05:51:00,0.06829036306589842
2026-08-30 05:52:00,0.06829036306589842
2026-08-30 05:53:00,0.06829036306589842
2026-08-30 05:54:00,0.06829036306589842
2026-08-30 05:55:00,0.05212085321545601
2026-08-30 05:56:00,0.05212085321545601
2026-08-30 05:57:00,0.05212085321545601
2026-08-30 05:58:00,0.05212085321545601
2026-08-30 05:59:00,0.05212085321545601
2026-08-30 06:00:00,0.05093638226389885
2026-08-30 06:01:00,0.05093638226389885
2026-08-30 06:02:00,0.05093638226389885
2026-08-30 06:03:00,0.05093638226389885
2026-08-30 06:04:00,0.05093638226389885
2026-08-30 06:05:00,0.06076651066541672
2026-08-30 06:06:00,0.06076651066541672
2026-08-30 06:07:00,0.06076651066541672
2026-08-30 06:08:00,0.06076651066541672
2026-08-30 06:09:00,0.06076651066541672
2026-08-30 06:10:00,0.06930835917592049
2026-08-30 06:11:00,0.06930835917592049
2026-08-30 06:12:00,0.06930835917592049
2026-08-30 06:13:00,0.06930835917592049
2026-08-30 06:14:00,0.06930835917592049
2026-08-30 06:15:00,0.07719495240598917
2026-08-30 06:16:00,0.07719495240598917
2026-08-30 06:17:00,0.07719495240598917
2026-08-30 06:18:00,0.07719495240598917
2026-08-30 06:19:00,0.07719495240598917
2026-08-30 06:20:00,0.08756622672080994
2026-08-30 06:21:00,0.08756622672080994
2026-08-30 06:22:00,0.08756622672080994
2026-08-30 06:23:00,0.08756622672080994
2026-08-30 06:24:00,0.08756622672080994
2026-08-30 06:25:00,0.07852273341268301
2026-08-30 06:26:00,0.07852273341268301
2026-08-30 06:27:00,0.07852273341268301
2026-08-30 06:28:00,0.07852273341268301
2026-08-30 06:29:00,0.07852273341268301
2026-08-30 06:30:00,0.06950059067457914
2026-08-30 06:31:00,0.06950059067457914
2026-08-30 06:32:00,0.06950059067457914
2026-08-30 06:33:00,0.06950059067457914
2026-08-30 06:34:00,0.06950059067457914
2026-08-30 06:35:00,0.059943453408777714
2026-08-30 06:36:00,0.059943453408777714
2026-08-30 06:37:00,0.059943453408777714
2026-08-30 06:38:00,0.059943453408777714
2026-08-30 06:39:00,0.059943453408777714
2026-08-30 06:40:00,0.04886686988174915
2026-08-30 06:41:00,0.04886686988174915
2026-08-30 06:42:00,0.04886686988174915
2026-08-30 06:43:00,0.04886686988174915
2026-08-30 06:44:00,0.04886686988174915
2026-08-30 06:45:00,0.04684267286211252
2026-08-30 06:46:00,0.04684267286211252
2026-08-30 06:47:00,0.04684267286211252
2026-08-30 06:48:00,0.04684267286211252
2026-08-30 06:49:00,0.04684267286211252
2026-08-30 06:50:00,0.044368503615260124
2026-08-30 06:51:00,0.044368503615260124
2026-08-30 06:52:00,0.044368503615260124
2026-08-30 06:53:00,0.044368503615260124
2026-08-30 06:54:00,0.044368503615260124
2026-08-30 06:55:00,0.04316102433949709
2026-08-30 06:56:00,0.04316102433949709
2026-08-30 06:57:00,0.04316102433949709
2026-08-30 06:58:00,0.04316102433949709
2026-08-30 06:59:00,0.04316102433949709
2026-08-30 07:00:00,0.0429392559453845
2026-08-30 07:01:00,0.0429392559453845
2026-08-30 07:02:00,0.0429392559453845
2026-08-30 07:03:00,0.0429392559453845
2026-08-30 07:04:00,0.0429392559453845
2026-08-30 07:05:00,0.04280018713325262
2026-08-30 07:06:00,0.04280018713325262
2026-08-30 07:07:00,0.04280018713325262
2026-08-30 07:08:00,0.04280018713325262
2026-08-30 07:09:00,0.04280018713325262
2026-08-30 07:10:00,0.04442175105214119
2026-08-30 07:11:00,0.04442175105214119
2026-08-30 07:12:00,0.04442175105214119
2026-08-30 07:13:00,0.04442175105214119
2026-08-30 07:14:00,0.04442175105214119
2026-08-30 07:15:00,0.04557374119758606
2026-08-30 07:16:00,0.04557374119758606
2026-08-30 07:17:00,0.04557374119758606
2026-08-30 07:18:00,0.04557374119758606
2026-08-30 07:19:00,0.04557374119758606
2026-08-30 07:20:00,0.3033273471519351
2026-08-30 07:21:00,0.3033273471519351
2026-08-30 07:22:00,0.3033273471519351
2026-08-30 07:23:00,0.3033273471519351
2026-08-30 07:24:00,0.3033273471519351
2026-08-30 07:25:00,0.5619398830458522
2026-08-30 07:26:00,0.5619398830458522
2026-08-30 07:27:00,0.5619398830458522
2026-08-30 07:28:00,0.5619398830458522
2026-08-30 07:29:00,0.5619398830458522
2026-08-30 07:30:00,0.8241495275869966
2026-08-30 07:31:00,0.8241495275869966
2026-08-30 07:32:00,0.8241495275869966
2026-08-30 07:33:00,0.8241495275869966
2026-08-30 07:34:00,0.8241495275869966
2026-08-30 07:35:00,1.0867984890937805
2026-08-30 07:36:00,1.0867984890937805
2026-08-30 07:37:00,1.0867984890937805
2026-08-30 07:38:00,1.0867984890937805
2026-08-30 07:39:00,1.0867984890937805
2026-08-30 07:40:00,0.8512940555810928
2026-08-30 07:41:00,0.8512940555810928
2026-08-30 07:42:00,0.8512940555810928
2026-08-30 07:43:00,0.8512940555810928
2026-08-30 07:44:00,0.8512940555810928
2026-08-30 07:45:00,0.6174472346901894
2026-08-30 07:46:00,0.6174472346901894
2026-08-30 07:47:00,0.6174472346901894
2026-08-30 07:48:00,0.6174472346901894
2026-08-30 07:49:00,0.6174472346901894
2026-08-30 07:50:00,0.37671101838350296
2026-08-30 07:51:00,0.37671101838350296
2026-08-30 07:52:00,0.37671101838350296
2026-08-30 07:53:00,0.37671101838350296
2026-08-30 07:54:00,0.37671101838350296
2026-08-30 07:55:00,0.13566838577389717
2026-08-30 07:56:00,0.13566838577389717
2026-08-30 07:57:00,0.13566838577389717
2026-08-30 07:58:00,0.13566838577389717
2026-08-30 07:59:00,0.13566838577389717
2026-08-30 08:00:00,0.13598846644163132
2026-08-30 08:01:00,0.13598846644163132
2026-08-30 08:02:00,0.13598846644163132
2026-08-30 08:03:00,0.13598846644163132
2026-08-30 08:04:00,0.13598846644163132
2026-08-30 08:05:00,0.13616988435387611
2026-08-30 08:06:00,0.13616988435387611
2026-08-30 08:07:00,0.13616988435387611
2026-08-30 08:08:00,0.13616988435387611
2026-08-30 08:09:00,0.13616988435387611
2026-08-30 08:10:00,0.13901472464203835
2026-08-30 08:11:00,0.13901472464203835
2026-08-30 08:12:00,0.13901472464203835
2026-08-30 08:13:00,0.13901472464203835
2026-08-30 08:14:00,0.13901472464203835
2026-08-30 08:15:00,0.13948577269911766
2026-08-30 08:16:00,0.13948577269911766
2026-08-30 08:17:00,0.13948577269911766
2026-08-30 08:18:00,0.13948577269911766
2026-08-30 08:19:00,0.13948577269911766
2026-08-30 08:20:00,0.17573071271181107
2026-08-30 08:21:00,0.17573071271181107
2026-08-30 08:22:00,0.17573071271181107
2026-08-30 08:23:00,0.17573071271181107
2026-08-30 08:24:00,0.17573071271181107
2026-08-30 08:25:00,0.21009613201022148
2026-08-30 08:26:00,0.21009613201022148
2026-08-30 08:27:00,0.21009613201022148
2026-08-30 08:28:00,0.21009613201022148
2026-08-30 08:29:00,0.21009613201022148
2026-08-30 08:30:00,0.24317392334342003
2026-08-30 08:31:00,0.24317392334342003
2026-08-30 08:32:00,0.24317392334342003
2026-08-30 08:33:00,0.24317392334342003
2026-08-30 08:34:00,0.24317392334342003
2026-08-30 08:35:00,0.2785528153181076
2026-08-30 08:36:00,0.2785528153181076
2026-08-30 08:37:00,0.2785528153181076
2026-08-30 08:38:00,0.2785528153181076
2026-08-30 08:39:00,0.2785528153181076
2026-08-30 08:40:00,0.25495124608278275
2026-08-30 08:41:00,0.25495124608278275
2026-08-30 08:42:00,0.25495124608278275
2026-08-30 08:43:00,0.25495124608278275
2026-08-30 08:44:00,0.25495124608278275
2026-08-30 08:45:00,0.232545867562294
2026-08-30 08:46:00,0.232545867562294
2026-08-30 08:47:00,0.232545867562294
2026-08-30 08:48:00,0.232545867562294
2026-08-30 08:49:00,0.232545867562294
2026-08-30 08:50:00,0.21011973917484283
2026-08-30 08:51:00,0.21011973917484283
2026-08-30 08:52:00,0.21011973917484283
2026-08-30 08:53:00,0.21011973917484283
2026-08-30 08:54:00,0.21011973917484283
2026-08-30 08:55:00,0.18773970380425453
2026-08-30 08:56:00,0.18773970380425453
2026-08-30 08:57:00,0.18773970380425453
2026-08-30 08:58:00,0.18773970380425453
2026-08-30 08:59:00,0.18773970380425453
2026-08-30 09:00:00,0.15752440318465233
2026-08-30 09:01:00,0.15752440318465233
2026-08-30 09:02:00,0.15752440318465233
2026-08-30 09:03:00,0.15752440318465233
2026-08-30 09:04:00,0.15752440318465233
2026-08-30 09:05:00,0.1253488501533866
2026-08-30 09:06:00,0.1253488501533866
2026-08-30 09:07:00,0.1253488501533866
2026-08-30 09:08:00,0.1253488501533866
2026-08-30 09:09:00,0.1253488501533866
2026-08-30 09:10:00,0.09215114079415798
2026-08-30 09:11:00,0.09215114079415798
2026-08-30 09:12:00,0.09215114079415798
2026-08-30 09:13:00,0.09215114079415798
2026-08-30 09:14:00,0.09215114079415798
2026-08-30 09:15:00,0.059543109498918056
2026-08-30 09:16:00,0.059543109498918056
2026-08-30 09:17:00,0.059543109498918056
2026-08-30 09:18:00,0.059543109498918056
2026-08-30 09:19:00,0.059543109498918056
2026-08-30 09:20:00,0.05776761658489704
2026-08-30 09:21:00,0.05776761658489704
2026-08-30 09:22:00,0.05776761658489704
2026-08-30 09:23:00,0.05776761658489704
2026-08-30 09:24:00,0.05776761658489704
2026-08-30 09:25:00,0.05545222293585539
2026-08-30 09:26:00,0.05545222293585539
2026-08-30 09:27:00,0.05545222293585539
2026-08-30 09:28:00,0.05545222293585539
2026-08-30 09:29:00,0.05545222293585539
2026-08-30 09:30:00,0.054521151818335056
2026-08-30 09:31:00,0.054521151818335056
2026-08-30 09:32:00,0.054521151818335056
2026-08-30 09:33:00,0.054521151818335056
2026-08-30 09:34:00,0.054521151818335056
2026-08-30 09:35:00,0.05386825371533632
2026-08-30 09:36:00,0.05386825371533632
2026-08-30 09:37:00,0.05386825371533632
2026-08-30 09:38:00,0.05386825371533632
2026-08-30 09:39:00,0.05386825371533632
2026-08-30 09:40:00,0.05310167092829943
2026-08-30 09:41:00,0.05310167092829943
2026-08-30 09:42:00,0.05310167092829943
2026-08-30 09:43:00,0.05310167092829943
2026-08-30 09:44:00,0.05310167092829943
2026-08-30 09:45:00,0.05340520292520523
2026-08-30 09:46:00,0.05340520292520523
2026-08-30 09:47:00,0.05340520292520523
2026-08-30 09:48:00,0.05340520292520523
2026-08-30 09:49:00,0.05340520292520523
2026-08-30 09:50:00,0.05442725121974945
2026-08-30 09:51:00,0.05442725121974945
2026-08-30 09:52:00,0.05442725121974945
2026-08-30 09:53:00,0.05442725121974945
2026-08-30 09:54:00,0.05442725121974945
2026-08-30 09:55:00,0.05517251044511795
2026-08-30 09:56:00,0.05517251044511795
2026-08-30 09:57:00,0.05517251044511795
2026-08-30 09:58:00,0.05517251044511795
2026-08-30 09:59:00,0.05517251044511795
2026-08-30 10:00:00,0.05561729520559311
2026-08-30 10:01:00,0.05561729520559311
2026-08-30 10:02:00,0.05561729520559311
2026-08-30 10:03:00,0.05561729520559311
2026-08-30 10:04:00,0.05561729520559311
2026-08-30 10:05:00,0.05633844342082739
2026-08-30 10:06:00,0.05633844342082739
2026-08-30 10:07:00,0.05633844342082739
2026-08-30 10:08:00,0.05633844342082739
2026-08-30 10:09:00,0.05633844342082739
2026-08-30 10:10:00,0.055842362344264984
2026-08-30 10:11:00,0.055842362344264984
2026-08-30 10:12:00,0.055842362344264984
2026-08-30 10:13:00,0.055842362344264984
2026-08-30 10:14:00,0.055842362344264984
2026-08-30 10:15:00,0.05429857224225998
2026-08-30 10:16:00,0.05429857224225998
2026-08-30 10:17:00,0.05429857224225998
2026-08-30 10:18:00,0.05429857224225998
2026-08-30 10:19:00,0.05429857224225998
2026-08-30 10:20:00,0.052821775898337364
2026-08-30 10:21:00,0.052821775898337364
2026-08-30 10:22:00,0.052821775898337364
2026-08-30 10:23:00,0.052821775898337364
2026-08-30 10:24:00,0.052821775898337364
2026-08-30 10:25:00,0.048673239536583424
2026-08-30 10:26:00,0.048673239536583424
2026-08-30 10:27:00,0.048673239536583424
2026-08-30 10:28:00,0.048673239536583424
2026-08-30 10:29:00,0.048673239536583424
2026-08-30 10:30:00,0.046362511813640594
2026-08-30 10:31:00,0.046362511813640594
2026-08-30 10:32:00,0.046362511813640594
2026-08-30 10:33:00,0.046362511813640594
2026-08-30 10:34:00,0.046362511813640594
2026-08-30 10:35:00,0.045444631949067116
2026-08-30 10:36:00,0.045444631949067116
2026-08-30 10:37:00,0.045444631949067116
2026-08-30 10:38:00,0.045444631949067116
2026-08-30 10:39:00,0.045444631949067116
2026-08-30 10:40:00,0.04443346709012985
2026-08-30 10:41:00,0.04443346709012985
2026-08-30 10:42:00,0.04443346709012985
2026-08-30 10:43:00,0.04443346709012985
2026-08-30 10:44:00,0.04443346709012985
2026-08-30 10:45:00,0.046071440912783146
2026-08-30 10:46:00,0.046071440912783146
2026-08-30 10:47:00,0.046071440912783146
2026-08-30 10:48:00,0.046071440912783146
2026-08-30 10:49:00,0.046071440912783146
2026-08-30 10:50:00,0.04588839132338762
2026-08-30 10:51:00,0.04588839132338762
2026-08-30 10:52:00,0.04588839132338762
2026-08-30 10:53:00,0.04588839132338762
2026-08-30 10:54:00,0.04588839132338762
2026-08-30 10:55:00,0.046267030760645866
2026-08-30 10:56:00,0.046267030760645866
2026-08-30 10:57:00,0.046267030760645866
2026-08-30 10:58:00,0.046267030760645866
2026-08-30 10:59:00,0.046267030760645866
2026-08-30 11:00:00,0.048895394429564476
2026-08-30 11:01:00,0.048895394429564476
2026-08-30 11:02:00,0.048895394429564476
2026-08-30 11:03:00,0.048895394429564476
2026-08-30 11:04:00,0.048895394429564476
2026-08-30 11:05:00,0.05438733100891113
2026-08-30 11:06:00,0.05438733100891113
2026-08-30 11:07:00,0.05438733100891113
2026-08-30 11:08:00,0.05438733100891113
2026-08-30 11:09:00,0.05438733100891113
2026-08-30 11:10:00,0.06096018198877573
2026-08-30 11:11:00,0.06096018198877573
2026-08-30 11:12:00,0.06096018198877573
2026-08-30 11:13:00,0.06096018198877573
2026-08-30 11:14:00,0.06096018198877573
2026-08-30 11:15:00,0.06518915574997663
2026-08-30 11:16:00,0.06518915574997663
2026-08-30 11:17:00,0.06518915574997663
2026-08-30 11:18:00,0.06518915574997663
2026-08-30 11:19:00,0.06518915574997663
2026-08-30 11:20:00,0.06749429740011692
2026-08-30 11:21:00,0.06749429740011692
2026-08-30 11:22:00,0.06749429740011692
2026-08-30 11:23:00,0.06749429740011692
2026-08-30 11:24:00,0.06749429740011692
2026-08-30 11:25:00,0.06528936978429556
2026-08-30 11:26:00,0.06528936978429556
2026-08-30 11:27:00,0.06528936978429556
2026-08-30 11:28:00,0.06528936978429556
2026-08-30 11:29:00,0.06528936978429556
2026-08-30 11:30:00,0.06012582778930664
2026-08-30 11:31:00,0.06012582778930664
2026-08-30 11:32:00,0.06012582778930664
2026-08-30 11:33:00,0.06012582778930664
2026-08-30 11:34:00,0.06012582778930664
2026-08-30 11:35:00,0.05612251069396734
2026-08-30 11:36:00,0.05612251069396734
2026-08-30 11:37:00,0.05612251069396734
2026-08-30 11:38:00,0.05612251069396734
2026-08-30 11:39:00,0.05612251069396734
2026-08-30 11:40:00,0.05314211919903755
2026-08-30 11:41:00,0.05314211919903755
2026-08-30 11:42:00,0.05314211919903755
2026-08-30 11:43:00,0.05314211919903755
2026-08-30 11:44:00,0.05314211919903755
2026-08-30 11:45:00,0.053016805090010166
2026-08-30 11:46:00,0.053016805090010166
2026-08-30 11:47:00,0.053016805090010166
2026-08-30 11:48:00,0.053016805090010166
2026-08-30 11:49:00,0.053016805090010166
2026-08-30 11:50:00,0.055234250612556934
2026-08-30 11:51:00,0.055234250612556934
2026-08-30 11:52:00,0.055234250612556934
2026-08-30 11:53:00,0.055234250612556934
2026-08-30 11:54:00,0.055234250612556934
2026-08-30 11:55:00,0.05807183310389519
2026-08-30 11:56:00,0.05807183310389519
2026-08-30 11:57:00,0.05807183310389519
2026-08-30 11:58:00,0.05807183310389519
2026-08-30 11:59:00,0.05807183310389519
2026-08-30 12:00:00,0.057223898358643055
2026-08-30 12:01:00,0.057223898358643055
2026-08-30 12:02:00,0.057223898358643055
2026-08-30 12:03:00,0.057223898358643055
2026-08-30 12:04:00,0.057223898358643055
2026-08-30 12:05:00,0.05336761940270662
2026-08-30 12:06:00,0.05336761940270662
2026-08-30 12:07:00,0.05336761940270662
2026-08-30 12:08:00,0.05336761940270662
2026-08-30 12:09:00,0.05336761940270662
2026-08-30 12:10:00,0.051686703227460384
2026-08-30 12:11:00,0.051686703227460384
2026-08-30 12:12:00,0.051686703227460384
2026-08-30 12:13:00,0.051686703227460384
2026-08-30 12:14:00,0.051686703227460384
2026-08-30 12:15:00,0.04893036559224129
2026-08-30 12:16:00,0.04893036559224129
2026-08-30 12:17:00,0.04893036559224129
2026-08-30 12:18:00,0.04893036559224129
2026-08-30 12:19:00,0.04893036559224129
2026-08-30 12:20:00,0.04656035825610161
2026-08-30 12:21:00,0.04656035825610161
2026-08-30 12:22:00,0.04656035825610161
2026-08-30 12:23:00,0.04656035825610161
2026-08-30 12:24:00,0.04656035825610161
2026-08-30 12:25:00,0.04799147415906191
2026-08-30 12:26:00,0.04799147415906191
2026-08-30 12:27:00,0.04799147415906191
2026-08-30 12:28:00,0.04799147415906191
2026-08-30 12:29:00,0.04799147415906191
2026-08-30 12:30:00,0.048786685802042484
2026-08-30 12:31:00,0.048786685802042484
2026-08-30 12:32:00,0.048786685802042484
2026-08-30 12:33:00,0.048786685802042484
2026-08-30 12:34:00,0.048786685802042484
2026-08-30 12:35:00,0.04910704027861357
2026-08-30 12:36:00,0.04910704027861357
2026-08-30 12:37:00,0.04910704027861357
2026-08-30 12:38:00,0.04910704027861357
2026-08-30 12:39:00,0.04910704027861357
2026-08-30 12:40:00,0.049618642777204514
2026-08-30 12:41:00,0.049618642777204514
2026-08-30 12:42:00,0.049618642777204514
2026-08-30 12:43:00,0.049618642777204514
2026-08-30 12:44:00,0.049618642777204514
2026-08-30 12:45:00,0.04801553022116423
2026-08-30 12:46:00,0.04801553022116423
2026-08-30 12:47:00,0.04801553022116423
2026-08-30 12:48:00,0.04801553022116423
2026-08-30 12:49:00,0.04801553022116423
2026-08-30 12:50:00,0.04556030686944723
2026-08-30 12:51:00,0.04556030686944723
2026-08-30 12:52:00,0.04556030686944723
2026-08-30 12:53:00,0.04556030686944723
2026-08-30 12:54:00,0.04556030686944723
2026-08-30 12:55:00,0.04645001795142889
2026-08-30 12:56:00,0.04645001795142889
2026-08-30 12:57:00,0.04645001795142889
2026-08-30 12:58:00,0.04645001795142889
2026-08-30 12:59:00,0.04645001795142889
2026-08-30 13:00:00,0.04889101441949606
2026-08-30 13:01:00,0.04889101441949606
2026-08-30 13:02:00,0.04889101441949606
2026-08-30 13:03:00,0.04889101441949606
2026-08-30 13:04:00,0.04889101441949606
2026-08-30 13:05:00,0.05346975568681955
2026-08-30 13:06:00,0.05346975568681955
2026-08-30 13:07:00,0.05346975568681955
2026-08-30 13:08:00,0.05346975568681955
2026-08-30 13:09:00,0.05346975568681955
2026-08-30 13:10:00,0.055556400679051876
2026-08-30 13:11:00,0.055556400679051876
2026-08-30 13:12:00,0.055556400679051876
2026-08-30 13:13:00,0.055556400679051876
2026-08-30 13:14:00,0.055556400679051876
2026-08-30 13:15:00,0.05492465849965811
2026-08-30 13:16:00,0.05492465849965811
2026-08-30 13:17:00,0.05492465849965811
2026-08-30 13:18:00,0.05492465849965811
2026-08-30 13:19:00,0.05492465849965811
2026-08-30 13:20:00,0.05349165666848421
2026-08-30 13:21:00,0.05349165666848421
2026-08-30 13:22:00,0.05349165666848421
2026-08-30 13:23:00,0.05349165666848421
2026-08-30 13:24:00,0.05349165666848421
2026-08-30 13:25:00,0.05279984883964062
2026-08-30 13:26:00,0.05279984883964062
2026-08-30 13:27:00,0.05279984883964062
2026-08-30 13:28:00,0.05279984883964062
2026-08-30 13:29:00,0.05279984883964062
2026-08-30 13:30:00,0.052426451817154884
2026-08-30 13:31:00,0.052426451817154884
2026-08-30 13:32:00,0.052426451817154884
2026-08-30 13:33:00,0.052426451817154884
2026-08-30 13:34:00,0.052426451817154884
2026-08-30 13:35:00,0.051200383342802525
2026-08-30 13:36:00,0.051200383342802525
2026-08-30 13:37:00,0.051200383342802525
2026-08-30 13:38:00,0.051200383342802525
2026-08-30 13:39:00,0.051200383342802525
2026-08-30 13:40:00,0.05221117753535509
2026-08-30 13:41:00,0.05221117753535509
2026-08-30 13:42:00,0.05221117753535509
2026-08-30 13:43:00,0.05221117753535509
2026-08-30 13:44:00,0.05221117753535509
2026-08-30 13:45:00,0.05115075223147869
2026-08-30 13:46:00,0.05115075223147869
2026-08-30 13:47:00,0.05115075223147869
2026-08-30 13:48:00,0.05115075223147869
2026-08-30 13:49:00,0.05115075223147869
2026-08-30 13:50:00,0.051258488558232784
2026-08-30 13:51:00,0.051258488558232784
2026-08-30 13:52:00,0.051258488558232784
2026-08-30 13:53:00,0.051258488558232784
2026-08-30 13:54:00,0.051258488558232784
2026-08-30 13:55:00,0.05145513918250799
2026-08-30 13:56:00,0.05145513918250799
2026-08-30 13:57:00,0.05145513918250799
2026-08-30 13:58:00,0.05145513918250799
2026-08-30 13:59:00,0.05145513918250799
2026-08-30 14:00:00,0.04950085934251547
2026-08-30 14:01:00,0.04950085934251547
2026-08-30 14:02:00,0.04950085934251547
2026-08-30 14:03:00,0.04950085934251547
2026-08-30 14:04:00,0.04950085934251547
2026-08-30 14:05:00,0.0472657959908247
2026-08-30 14:06:00,0.0472657959908247
2026-08-30 14:07:00,0.0472657959908247
2026-08-30 14:08:00,0.0472657959908247
2026-08-30 14:09:00,0.0472657959908247
2026-08-30 14:10:00,0.04610068164765835
2026-08-30 14:11:00,0.04610068164765835
2026-08-30 14:12:00,0.04610068164765835
2026-08-30 14:13:00,0.04610068164765835
2026-08-30 14:14:00,0.04610068164765835
2026-08-30 14:15:00,0.04537228215485811
2026-08-30 14:16:00,0.04537228215485811
2026-08-30 14:17:00,0.04537228215485811
2026-08-30 14:18:00,0.04537228215485811
2026-08-30 14:19:00,0.04537228215485811
2026-08-30 14:20:00,0.045687305741012096
2026-08-30 14:21:00,0.045687305741012096
2026-08-30 14:22:00,0.045687305741012096
2026-08-30 14:23:00,0.045687305741012096
2026-08-30 14:24:00,0.045687305741012096
2026-08-30 14:25:00,0.044621589593589306
2026-08-30 14:26:00,0.044621589593589306
2026-08-30 14:27:00,0.044621589593589306
2026-08-30 14:28:00,0.044621589593589306
2026-08-30 14:29:00,0.044621589593589306
2026-08-30 14:30:00,0.042766088619828224
2026-08-30 14:31:00,0.042766088619828224
2026-08-30 14:32:00,0.042766088619828224
2026-08-30 14:33:00,0.042766088619828224
2026-08-30 14:34:00,0.042766088619828224
2026-08-30 14:35:00,0.042914883233606815
2026-08-30 14:36:00,0.042914883233606815
2026-08-30 14:37:00,0.042914883233606815
2026-08-30 14:38:00,0.042914883233606815
2026-08-30 14:39:00,0.042914883233606815
2026-08-30 14:40:00,0.04746665060520172
2026-08-30 14:41:00,0.04746665060520172
2026-08-30 14:42:00,0.04746665060520172
2026-08-30 14:43:00,0.04746665060520172
2026-08-30 14:44:00,0.04746665060520172
2026-08-30 14:45:00,0.0510453162714839
2026-08-30 14:46:00,0.0510453162714839
2026-08-30 14:47:00,0.0510453162714839
2026-08-30 14:48:00,0.0510453162714839
2026-08-30 14:49:00,0.0510453162714839
2026-08-30 14:50:00,0.05126713868230581
2026-08-30 14:51:00,0.05126713868230581
2026-08-30 14:52:00,0.05126713868230581
2026-08-30 14:53:00,0.05126713868230581
2026-08-30 14:54:00,0.05126713868230581
2026-08-30 14:55:00,0.05089700687676668
2026-08-30 14:56:00,0.05089700687676668
2026-08-30 14:57:00,0.05089700687676668
2026-08-30 14:58:00,0.05089700687676668
2026-08-30 14:59:00,0.05089700687676668
2026-08-30 15:00:00,0.050594075582921505
2026-08-30 15:01:00,0.050594075582921505
2026-08-30 15:02:00,0.050594075582921505
2026-08-30 15:03:00,0.050594075582921505
2026-08-30 15:04:00,0.050594075582921505
2026-08-30 15:05:00,0.053500511683523655
2026-08-30 15:06:00,0.053500511683523655
2026-08-30 15:07:00,0.053500511683523655
2026-08-30 15:08:00,0.053500511683523655
2026-08-30 15:09:00,0.053500511683523655
2026-08-30 15:10:00,0.06045444682240486
2026-08-30 15:11:00,0.06045444682240486
2026-08-30 15:12:00,0.06045444682240486
2026-08-30 15:13:00,0.06045444682240486
2026-08-30 15:14:00,0.06045444682240486
2026-08-30 15:15:00,0.06331607140600681
2026-08-30 15:16:00,0.06331607140600681
2026-08-30 15:17:00,0.06331607140600681
2026-08-30 15:18:00,0.06331607140600681
2026-08-30 15:19:00,0.06331607140600681
2026-08-30 15:20:00,0.059958639554679394
2026-08-30 15:21:00,0.059958639554679394
2026-08-30 15:22:00,0.059958639554679394
2026-08-30 15:23:00,0.059958639554679394
2026-08-30 15:24:00,0.059958639554679394
2026-08-30 15:25:00,0.057259295135736465
2026-08-30 15:26:00,0.057259295135736465
2026-08-30 15:27:00,0.057259295135736465
2026-08-30 15:28:00,0.057259295135736465
2026-08-30 15:29:00,0.057259295135736465
2026-08-30 15:30:00,0.05375382211059332
2026-08-30 15:31:00,0.05375382211059332
2026-08-30 15:32:00,0.05375382211059332
2026-08-30 15:33:00,0.05375382211059332
2026-08-30 15:34:00,0.05375382211059332
2026-08-30 15:35:00,0.05456216726452112
2026-08-30 15:36:00,0.05456216726452112
2026-08-30 15:37:00,0.05456216726452112
2026-08-30 15:38:00,0.05456216726452112
2026-08-30 15:39:00,0.05456216726452112
2026-08-30 15:40:00,0.058189209550619125
2026-08-30 15:41:00,0.058189209550619125
2026-08-30 15:42:00,0.058189209550619125
2026-08-30 15:43:00,0.058189209550619125
2026-08-30 15:44:00,0.058189209550619125
2026-08-30 15:45:00,0.05589093267917633
2026-08-30 15:46:00,0.05589093267917633
2026-08-30 15:47:00,0.05589093267917633
2026-08-30 15:48:00,0.05589093267917633
2026-08-30 15:49:00,0.05589093267917633
2026-08-30 15:50:00,0.05328784603625536
2026-08-30 15:51:00,0.05328784603625536
2026-08-30 15:52:00,0.05328784603625536
2026-08-30 15:53:00,0.05328784603625536
2026-08-30 15:54:00,0.05328784603625536
2026-08-30 15:55:00,0.05067835934460163
2026-08-30 15:56:00,0.05067835934460163
2026-08-30 15:57:00,0.05067835934460163
2026-08-30 15:58:00,0.05067835934460163
2026-08-30 15:59:00,0.05067835934460163
2026-08-30 16:00:00,0.044875298626720905
2026-08-30 16:01:00,0.044875298626720905
2026-08-30 16:02:00,0.044875298626720905
2026-08-30 16:03:00,0.044875298626720905
2026-08-30 16:04:00,0.044875298626720905
2026-08-30 16:05:00,0.043564727529883385
2026-08-30 16:06:00,0.043564727529883385
2026-08-30 16:07:00,0.043564727529883385
2026-08-30 16:08:00,0.043564727529883385
2026-08-30 16:09:00,0.043564727529883385
2026-08-30 16:10:00,0.04444247577339411
2026-08-30 16:11:00,0.04444247577339411
2026-08-30 16:12:00,0.04444247577339411
2026-08-30 16:13:00,0.04444247577339411
2026-08-30 16:14:00,0.04444247577339411
2026-08-30 16:15:00,0.045759872533380985
2026-08-30 16:16:00,0.045759872533380985
2026-08-30 16:17:00,0.045759872533380985
2026-08-30 16:18:00,0.045759872533380985
2026-08-30 16:19:00,0.045759872533380985
2026-08-30 16:20:00,0.05479072220623493
2026-08-30 16:21:00,0.05479072220623493
2026-08-30 16:22:00,0.05479072220623493
2026-08-30 16:23:00,0.05479072220623493
2026-08-30 16:24:00,0.05479072220623493
2026-08-30 16:25:00,0.33865212090313435
2026-08-30 16:26:00,0.33865212090313435
2026-08-30 16:27:00,0.33865212090313435
2026-08-30 16:28:00,0.33865212090313435
2026-08-30 16:29:00,0.33865212090313435
2026-08-30 16:30:00,0.6219486379995942
2026-08-30 16:31:00,0.6219486379995942
2026-08-30 16:32:00,0.6219486379995942
2026-08-30 16:33:00,0.6219486379995942
2026-08-30 16:34:00,0.6219486379995942
2026-08-30 16:35:00,0.9039375316351652
2026-08-30 16:36:00,0.9039375316351652
2026-08-30 16:37:00,0.9039375316351652
2026-08-30 16:38:00,0.9039375316351652
2026-08-30 16:39:00,0.9039375316351652
2026-08-30 16:40:00,1.1801526248455048
2026-08-30 16:41:00,1.1801526248455048
2026-08-30 16:42:00,1.1801526248455048
2026-08-30 16:43:00,1.1801526248455048
2026-08-30 16:44:00,1.1801526248455048
2026-08-30 16:45:00,0.9307626225054264
2026-08-30 16:46:00,0.9307626225054264
2026-08-30 16:47:00,0.9307626225054264
2026-08-30 16:48:00,0.9307626225054264
2026-08-30 16:49:00,0.9307626225054264
2026-08-30 16:50:00,0.6549882087856531
2026-08-30 16:51:00,0.6549882087856531
2026-08-30 16:52:00,0.6549882087856531
2026-08-30 16:53:00,0.6549882087856531
2026-08-30 16:54:00,0.6549882087856531
2026-08-30 16:55:00,0.3910572063177824
2026-08-30 16:56:00,0.3910572063177824
2026-08-30 16:57:00,0.3910572063177824
2026-08-30 16:58:00,0.3910572063177824
2026-08-30 16:59:00,0.3910572063177824
2026-08-30 17:00:00,0.12631118670105934
2026-08-30 17:01:00,0.12631118670105934
2026-08-30 17:02:00,0.12631118670105934
2026-08-30 17:03:00,0.12631118670105934
2026-08-30 17:04:00,0.12631118670105934
2026-08-30 17:05:00,0.11209272593259811
2026-08-30 17:06:00,0.11209272593259811
2026-08-30 17:07:00,0.11209272593259811
2026-08-30 17:08:00,0.11209272593259811
2026-08-30 17:09:00,0.11209272593259811
2026-08-30 17:10:00,0.11088868975639343
2026-08-30 17:11:00,0.11088868975639343
2026-08-30 17:12:00,0.11088868975639343
2026-08-30 17:13:00,0.11088868975639343
2026-08-30 17:14:00,0.11088868975639343
2026-08-30 17:15:00,0.11799167841672897
2026-08-30 17:16:00,0.11799167841672897
2026-08-30 17:17:00,0.11799167841672897
2026-08-30 17:18:00,0.11799167841672897
2026-08-30 17:19:00,0.11799167841672897
2026-08-30 17:20:00,0.1251793596893549
2026-08-30 17:21:00,0.1251793596893549
2026-08-30 17:22:00,0.1251793596893549
2026-08-30 17:23:00,0.1251793596893549
2026-08-30 17:24:00,0.1251793596893549
2026-08-30 17:25:00,0.13184321112930775
2026-08-30 17:26:00,0.13184321112930775
2026-08-30 17:27:00,0.13184321112930775
2026-08-30 17:28:00,0.13184321112930775
2026-08-30 17:29:00,0.13184321112930775
2026-08-30 17:30:00,0.15024852007627487
2026-08-30 17:31:00,0.15024852007627487
2026-08-30 17:32:00,0.15024852007627487
2026-08-30 17:33:00,0.15024852007627487
2026-08-30 17:34:00,0.15024852007627487
2026-08-30 17:35:00,0.14813413843512535
2026-08-30 17:36:00,0.14813413843512535
2026-08-30 17:37:00,0.14813413843512535
2026-08-30 17:38:00,0.14813413843512535
2026-08-30 17:39:00,0.14813413843512535
2026-08-30 17:40:00,0.1470910869538784
2026-08-30 17:41:00,0.1470910869538784
2026-08-30 17:42:00,0.1470910869538784
2026-08-30 17:43:00,0.1470910869538784
2026-08-30 17:44:00,0.1470910869538784
2026-08-30 17:45:00,0.12363935261964798
2026-08-30 17:46:00,0.12363935261964798
2026-08-30 17:47:00,0.12363935261964798
2026-08-30 17:48:00,0.12363935261964798
2026-08-30 17:49:00,0.12363935261964798
2026-08-30 17:50:00,0.10223716590553522
2026-08-30 17:51:00,0.10223716590553522
2026-08-30 17:52:00,0.10223716590553522
2026-08-30 17:53:00,0.10223716590553522
2026-08-30 17:54:00,0.10223716590553522
2026-08-30 17:55:00,0.07936328928917646
2026-08-30 17:56:00,0.07936328928917646
2026-08-30 17:57:00,0.07936328928917646
2026-08-30 17:58:00,0.07936328928917646
2026-08-30 17:59:00,0.07936328928917646
2026-08-30 18:00:00,0.05876475106924772
2026-08-30 18:01:00,0.05876475106924772
2026-08-30 18:02:00,0.05876475106924772
2026-08-30 18:03:00,0.05876475106924772
2026-08-30 18:04:00,0.05876475106924772
2026-08-30 18:05:00,0.06159400474280119
2026-08-30 18:06:00,0.06159400474280119
2026-08-30 18:07:00,0.06159400474280119
2026-08-30 18:08:00,0.06159400474280119
2026-08-30 18:09:00,0.06159400474280119
2026-08-30 18:10:00,0.06286706030368805
2026-08-30 18:11:00,0.06286706030368805
2026-08-30 18:12:00,0.06286706030368805
2026-08-30 18:13:00,0.06286706030368805
2026-08-30 18:14:00,0.06286706030368805
2026-08-30 18:15:00,0.06317151617258787
2026-08-30 18:16:00,0.06317151617258787
2026-08-30 18:17:00,0.06317151617258787
2026-08-30 18:18:00,0.06317151617258787
2026-08-30 18:19:00,0.06317151617258787
2026-08-30 18:20:00,0.05753757432103157
2026-08-30 18:21:00,0.05753757432103157
2026-08-30 18:22:00,0.05753757432103157
2026-08-30 18:23:00,0.05753757432103157
2026-08-30 18:24:00,0.05753757432103157
2026-08-30 18:25:00,0.04993672855198383
2026-08-30 18:26:00,0.04993672855198383
2026-08-30 18:27:00,0.04993672855198383
2026-08-30 18:28:00,0.04993672855198383
2026-08-30 18:29:00,0.04993672855198383
2026-08-30 18:30:00,0.04294363968074322
2026-08-30 18:31:00,0.04294363968074322
2026-08-30 18:32:00,0.04294363968074322
2026-08-30 18:33:00,0.04294363968074322
2026-08-30 18:34:00,0.04294363968074322
2026-08-30 18:35:00,0.03938331175595522
2026-08-30 18:36:00,0.03938331175595522
2026-08-30 18:37:00,0.03938331175595522
2026-08-30 18:38:00,0.03938331175595522
2026-08-30 18:39:00,0.03938331175595522
2026-08-30 18:40:00,0.040323163382709026
2026-08-30 18:41:00,0.040323163382709026
2026-08-30 18:42:00,0.040323163382709026
2026-08-30 18:43:00,0.040323163382709026
2026-08-30 18:44:00,0.040323163382709026
2026-08-30 18:45:00,0.041179013438522816
2026-08-30 18:46:00,0.041179013438522816
2026-08-30 18:47:00,0.041179013438522816
2026-08-30 18:48:00,0.041179013438522816
2026-08-30 18:49:00,0.041179013438522816
2026-08-30 18:50:00,0.041771985590457916
2026-08-30 18:51:00,0.041771985590457916
2026-08-30 18:52:00,0.041771985590457916
2026-08-30 18:53:00,0.041771985590457916
2026-08-30 18:54:00,0.041771985590457916
2026-08-30 18:55:00,0.04235420562326908
2026-08-30 18:56:00,0.04235420562326908
2026-08-30 18:57:00,0.04235420562326908
2026-08-30 18:58:00,0.04235420562326908
2026-08-30 18:59:00,0.04235420562326908
2026-08-30 19:00:00,0.041829624213278294
2026-08-30 19:01:00,0.041829624213278294
2026-08-30 19:02:00,0.041829624213278294
2026-08-30 19:03:00,0.041829624213278294
2026-08-30 19:04:00,0.041829624213278294
2026-08-30 19:05:00,0.042672064155340195
2026-08-30 19:06:00,0.042672064155340195
2026-08-30 19:07:00,0.042672064155340195
2026-08-30 19:08:00,0.042672064155340195
2026-08-30 19:09:00,0.042672064155340195
2026-08-30 19:10:00,0.04519962519407272
2026-08-30 19:11:00,0.04519962519407272
2026-08-30 19:12:00,0.04519962519407272
2026-08-30 19:13:00,0.04519962519407272
2026-08-30 19:14:00,0.04519962519407272
2026-08-30 19:15:00,0.045680514536798
2026-08-30 19:16:00,0.045680514536798
2026-08-30 19:17:00,0.045680514536798
2026-08-30 19:18:00,0.045680514536798
2026-08-30 19:19:00,0.045680514536798
2026-08-30 19:20:00,0.046742004342377186
2026-08-30 19:21:00,0.046742004342377186
2026-08-30 19:22:00,0.046742004342377186
2026-08-30 19:23:00,0.046742004342377186
2026-08-30 19:24:00,0.046742004342377186
2026-08-30 19:25:00,0.06539218872785568
2026-08-30 19:26:00,0.06539218872785568
2026-08-30 19:27:00,0.06539218872785568
2026-08-30 19:28:00,0.06539218872785568
2026-08-30 19:29:00,0.06539218872785568
2026-08-30 19:30:00,0.08110763970762491
2026-08-30 19:31:00,0.08110763970762491
2026-08-30 19:32:00,0.08110763970762491
2026-08-30 19:33:00,0.08110763970762491
2026-08-30 19:34:00,0.08110763970762491
2026-08-30 19:35:00,0.09805545955896378
2026-08-30 19:36:00,0.09805545955896378
2026-08-30 19:37:00,0.09805545955896378
2026-08-30 19:38:00,0.09805545955896378
2026-08-30 19:39:00,0.09805545955896378
2026-08-30 19:40:00,0.11438184976577759
2026-08-30 19:41:00,0.11438184976577759
2026-08-30 19:42:00,0.11438184976577759
2026-08-30 19:43:00,0.11438184976577759
2026-08-30 19:44:00,0.11438184976577759
2026-08-30 19:45:00,0.09815778024494648
2026-08-30 19:46:00,0.09815778024494648
2026-08-30 19:47:00,0.09815778024494648
2026-08-30 19:48:00,0.09815778024494648
2026-08-30 19:49:00,0.09815778024494648
2026-08-30 19:50:00,0.08378467988222837
2026-08-30 19:51:00,0.08378467988222837
2026-08-30 19:52:00,0.08378467988222837
2026-08-30 19:53:00,0.08378467988222837
2026-08-30 19:54:00,0.08378467988222837
2026-08-30 19:55:00,0.06787221040576696
2026-08-30 19:56:00,0.06787221040576696
2026-08-30 19:57:00,0.06787221040576696
2026-08-30 19:58:00,0.06787221040576696
2026-08-30 19:59:00,0.06787221040576696
2026-08-30 20:00:00,0.051088156178593636
2026-08-30 20:01:00,0.051088156178593636
2026-08-30 20:02:00,0.051088156178593636
2026-08-30 20:03:00,0.051088156178593636
2026-08-30 20:04:00,0.051088156178593636
2026-08-30 20:05:00,0.04887731093913317
2026-08-30 20:06:00,0.04887731093913317
2026-08-30 20:07:00,0.04887731093913317
2026-08-30 20:08:00,0.04887731093913317
2026-08-30 20:09:00,0.04887731093913317
2026-08-30 20:10:00,0.049508445896208286
2026-08-30 20:11:00,0.049508445896208286
2026-08-30 20:12:00,0.049508445896208286
2026-08-30 20:13:00,0.049508445896208286
2026-08-30 20:14:00,0.049508445896208286
2026-08-30 20:15:00,0.0528167774900794
2026-08-30 20:16:00,0.0528167774900794
2026-08-30 20:17:00,0.0528167774900794
2026-08-30 20:18:00,0.0528167774900794
2026-08-30 20:19:00,0.0528167774900794
2026-08-30 20:20:00,0.05584891606122255
2026-08-30 20:21:00,0.05584891606122255
2026-08-30 20:22:00,0.05584891606122255
2026-08-30 20:23:00,0.05584891606122255
2026-08-30 20:24:00,0.05584891606122255
2026-08-30 20:25:00,0.05818140599876642
2026-08-30 20:26:00,0.05818140599876642
2026-08-30 20:27:00,0.05818140599876642
2026-08-30 20:28:00,0.05818140599876642
2026-08-30 20:29:00,0.05818140599876642
2026-08-30 20:30:00,0.05648070201277733
2026-08-30 20:31:00,0.05648070201277733
2026-08-30 20:32:00,0.05648070201277733
2026-08-30 20:33:00,0.05648070201277733
2026-08-30 20:34:00,0.05648070201277733
2026-08-30 20:35:00,0.05386918503791094
2026-08-30 20:36:00,0.05386918503791094
2026-08-30 20:37:00,0.05386918503791094
2026-08-30 20:38:00,0.05386918503791094
2026-08-30 20:39:00,0.05386918503791094
2026-08-30 20:40:00,0.056043755263090134
2026-08-30 20:41:00,0.056043755263090134
2026-08-30 20:42:00,0.056043755263090134
2026-08-30 20:43:00,0.056043755263090134
2026-08-30 20:44:00,0.056043755263090134
2026-08-30 20:45:00,0.05703761428594589
2026-08-30 20:46:00,0.05703761428594589
2026-08-30 20:47:00,0.05703761428594589
2026-08-30 20:48:00,0.05703761428594589
2026-08-30 20:49:00,0.05703761428594589
2026-08-30 20:50:00,0.05752961616963148
2026-08-30 20:51:00,0.05752961616963148
2026-08-30 20:52:00,0.05752961616963148
2026-08-30 20:53:00,0.05752961616963148
2026-08-30 20:54:00,0.05752961616963148
2026-08-30 20:55:00,0.05575946345925331
2026-08-30 20:56:00,0.05575946345925331
2026-08-30 20:57:00,0.05575946345925331
2026-08-30 20:58:00,0.05575946345925331
2026-08-30 20:59:00,0.05575946345925331
2026-08-30 21:00:00,0.05469474755227566
2026-08-30 21:01:00,0.05469474755227566
2026-08-30 21:02:00,0.05469474755227566
2026-08-30 21:03:00,0.05469474755227566
2026-08-30 21:04:00,0.05469474755227566
2026-08-30 21:05:00,0.057921125553548336
2026-08-30 21:06:00,0.057921125553548336
2026-08-30 21:07:00,0.057921125553548336
2026-08-30 21:08:00,0.057921125553548336
2026-08-30 21:09:00,0.057921125553548336
2026-08-30 21:10:00,0.06328386068344116
2026-08-30 21:11:00,0.06328386068344116
2026-08-30 21:12:00,0.06328386068344116
2026-08-30 21:13:00,0.06328386068344116
2026-08-30 21:14:00,0.06328386068344116
2026-08-30 21:15:00,0.06719241756945848
2026-08-30 21:16:00,0.06719241756945848
2026-08-30 21:17:00,0.06719241756945848
2026-08-30 21:18:00,0.06719241756945848
2026-08-30 21:19:00,0.06719241756945848
2026-08-30 21:20:00,0.06441678572446108
2026-08-30 21:21:00,0.06441678572446108
2026-08-30 21:22:00,0.06441678572446108
2026-08-30 21:23:00,0.06441678572446108
2026-08-30 21:24:00,0.06441678572446108
2026-08-30 21:25:00,0.05984480306506157
2026-08-30 21:26:00,0.05984480306506157
2026-08-30 21:27:00,0.05984480306506157
2026-08-30 21:28:00,0.05984480306506157
2026-08-30 21:29:00,0.05984480306506157
2026-08-30 21:30:00,0.055588808842003345
2026-08-30 21:31:00,0.055588808842003345
2026-08-30 21:32:00,0.055588808842003345
2026-08-30 21:33:00,0.055588808842003345
2026-08-30 21:34:00,0.055588808842003345
2026-08-30 21:35:00,0.05652101896703243
2026-08-30 21:36:00,0.05652101896703243
2026-08-30 21:37:00,0.05652101896703243
2026-08-30 21:38:00,0.05652101896703243
2026-08-30 21:39:00,0.05652101896703243
2026-08-30 21:40:00,0.05699736159294844
2026-08-30 21:41:00,0.05699736159294844
2026-08-30 21:42:00,0.05699736159294844
2026-08-30 21:43:00,0.05699736159294844
2026-08-30 21:44:00,0.05699736159294844
2026-08-30 21:45:00,0.056350150145590305
2026-08-30 21:46:00,0.056350150145590305
2026-08-30 21:47:00,0.056350150145590305
2026-08-30 21:48:00,0.056350150145590305
2026-08-30 21:49:00,0.056350150145590305
2026-08-30 21:50:00,0.05498166847974062
2026-08-30 21:51:00,0.05498166847974062
2026-08-30 21:52:00,0.05498166847974062
2026-08-30 21:53:00,0.05498166847974062
2026-08-30 21:54:00,0.05498166847974062
2026-08-30 21:55:00,0.05307722743600607
2026-08-30 21:56:00,0.05307722743600607
2026-08-30 21:57:00,0.05307722743600607
2026-08-30 21:58:00,0.05307722743600607
2026-08-30 21:59:00,0.05307722743600607
2026-08-30 22:00:00,0.052662928588688374
2026-08-30 22:01:00,0.052662928588688374
2026-08-30 22:02:00,0.052662928588688374
2026-08-30 22:03:00,0.052662928588688374
2026-08-30 22:04:00,0.052662928588688374
2026-08-30 22:05:00,0.054416791535913944
2026-08-30 22:06:00,0.054416791535913944
2026-08-30 22:07:00,0.054416791535913944
2026-08-30 22:08:00,0.054416791535913944
2026-08-30 22:09:00,0.054416791535913944
2026-08-30 22:10:00,0.05619017221033573
2026-08-30 22:11:00,0.05619017221033573
2026-08-30 22:12:00,0.05619017221033573
2026-08-30 22:13:00,0.05619017221033573
2026-08-30 22:14:00,0.05619017221033573
2026-08-30 22:15:00,0.05717004556208849
2026-08-30 22:16:00,0.05717004556208849
2026-08-30 22:17:00,0.05717004556208849
2026-08-30 22:18:00,0.05717004556208849
2026-08-30 22:19:00,0.05717004556208849
2026-08-30 22:20:00,0.0559933390468359
2026-08-30 22:21:00,0.0559933390468359
2026-08-30 22:22:00,0.0559933390468359
2026-08-30 22:23:00,0.0559933390468359
2026-08-30 22:24:00,0.0559933390468359
2026-08-30 22:25:00,0.05371540132910013
2026-08-30 22:26:00,0.05371540132910013
2026-08-30 22:27:00,0.05371540132910013
2026-08-30 22:28:00,0.05371540132910013
2026-08-30 22:29:00,0.05371540132910013
2026-08-30 22:30:00,0.05129513796418905
2026-08-30 22:31:00,0.05129513796418905
2026-08-30 22:32:00,0.05129513796418905
2026-08-30 22:33:00,0.05129513796418905
2026-08-30 22:34:00,0.05129513796418905
2026-08-30 22:35:00,0.049156008288264275
2026-08-30 22:36:00,0.049156008288264275
2026-08-30 22:37:00,0.049156008288264275
2026-08-30 22:38:00,0.049156008288264275
2026-08-30 22:39:00,0.049156008288264275
2026-08-30 22:40:00,0.0509967552497983
2026-08-30 22:41:00,0.0509967552497983
2026-08-30 22:42:00,0.0509967552497983
2026-08-30 22:43:00,0.0509967552497983
2026-08-30 22:44:00,0.0509967552497983
2026-08-30 22:45:00,0.05592367146164179
2026-08-30 22:46:00,0.05592367146164179
2026-08-30 22:47:00,0.05592367146164179
2026-08-30 22:48:00,0.05592367146164179
2026-08-30 22:49:00,0.05592367146164179
2026-08-30 22:50:00,0.06144274864345789
2026-08-30 22:51:00,0.06144274864345789
2026-08-30 22:52:00,0.06144274864345789
2026-08-30 22:53:00,0.06144274864345789
2026-08-30 22:54:00,0.06144274864345789
2026-08-30 22:55:00,0.06565399188548326
2026-08-30 22:56:00,0.06565399188548326
2026-08-30 22:57:00,0.06565399188548326
2026-08-30 22:58:00,0.06565399188548326
2026-08-30 22:59:00,0.06565399188548326
2026-08-30 23:00:00,0.06737294234335423
2026-08-30 23:01:00,0.06737294234335423
2026-08-30 23:02:00,0.06737294234335423
2026-08-30 23:03:00,0.06737294234335423
2026-08-30 23:04:00,0.06737294234335423
2026-08-30 23:05:00,0.062034809961915016
2026-08-30 23:06:00,0.062034809961915016
2026-08-30 23:07:00,0.062034809961915016
2026-08-30 23:08:00,0.062034809961915016
2026-08-30 23:09:00,0.062034809961915016
2026-08-30 23:10:00,0.054158227518200874
2026-08-30 23:11:00,0.054158227518200874
2026-08-30 23:12:00,0.054158227518200874
2026-08-30 23:13:00,0.054158227518200874
2026-08-30 23:14:00,0.054158227518200874
2026-08-30 23:15:00,0.04768912494182587
2026-08-30 23:16:00,0.04768912494182587
2026-08-30 23:17:00,0.04768912494182587
2026-08-30 23:18:00,0.04768912494182587
2026-08-30 23:19:00,0.04768912494182587
2026-08-30 23:20:00,0.045191588811576366
2026-08-30 23:21:00,0.045191588811576366
2026-08-30 23:22:00,0.045191588811576366
2026-08-30 23:23:00,0.045191588811576366
2026-08-30 23:24:00,0.045191588811576366
2026-08-30 23:25:00,0.04728752747178078
2026-08-30 23:26:00,0.04728752747178078
2026-08-30 23:27:00,0.04728752747178078
2026-08-30 23:28:00,0.04728752747178078
2026-08-30 23:29:00,0.04728752747178078
2026-08-30 23:30:00,0.05143467802554369
2026-08-30 23:31:00,0.05143467802554369
2026-08-30 23:32:00,0.05143467802554369
2026-08-30 23:33:00,0.05143467802554369
2026-08-30 23:34:00,0.05143467802554369
2026-08-30 23:35:00,0.05398231837898493
2026-08-30 23:36:00,0.05398231837898493
2026-08-30 23:37:00,0.05398231837898493
2026-08-30 23:38:00,0.05398231837898493
2026-08-30 23:39:00,0.05398231837898493
2026-08-30 23:40:00,0.05474538076668978
2026-08-30 23:41:00,0.05474538076668978
2026-08-30 23:42:00,0.05474538076668978
2026-08-30 23:43:00,0.05474538076668978
2026-08-30 23:44:00,0.05474538076668978
2026-08-30 23:45:00,0.05268839746713638
2026-08-30 23:46:00,0.05268839746713638
2026-08-30 23:47:00,0.05268839746713638
2026-08-30 23:48:00,0.05268839746713638
2026-08-30 23:49:00,0.05268839746713638
2026-08-30 23:50:00,0.05014984216541052
2026-08-30 23:51:00,0.05014984216541052
2026-08-30 23:52:00,0.05014984216541052
2026-08-30 23:53:00,0.05014984216541052
2026-08-30 23:54:00,0.05014984216541052
2026-08-30 23:55:00,0.06428319122642279
2026-08-30 23:56:00,0.06428319122642279
2026-08-30 23:57:00,0.06428319122642279
2026-08-30 23:58:00,0.06428319122642279
2026-08-30 23:59:00,0.06428319122642279
2026-08-31 00:00:00,0.07889110036194324
2026-08-31 00:01:00,0.07889110036194324
2026-08-31 00:02:00,0.07889110036194324
2026-08-31 00:03:00,0.07889110036194324
2026-08-31 00:04:00,0.07889110036194324
2026-08-31 00:05:00,0.0975740198045969
2026-08-31 00:06:00,0.0975740198045969
2026-08-31 00:07:00,0.0975740198045969
2026-08-31 00:08:00,0.0975740198045969
2026-08-31 00:09:00,0.0975740198045969
2026-08-31 00:10:00,0.11790765076875687
2026-08-31 00:11:00,0.11790765076875687
2026-08-31 00:12:00,0.11790765076875687
2026-08-31 00:13:00,0.11790765076875687
2026-08-31 00:14:00,0.11790765076875687
2026-08-31 00:15:00,0.10330821387469769
2026-08-31 00:16:00,0.10330821387469769
2026-08-31 00:17:00,0.10330821387469769
2026-08-31 00:18:00,0.10330821387469769
2026-08-31 00:19:00,0.10330821387469769
2026-08-31 00:20:00,0.0897298539057374
2026-08-31 00:21:00,0.0897298539057374
2026-08-31 00:22:00,0.0897298539057374
2026-08-31 00:23:00,0.0897298539057374
2026-08-31 00:24:00,0.0897298539057374
2026-08-31 00:25:00,0.08575854357331991
2026-08-31 00:26:00,0.08575854357331991
2026-08-31 00:27:00,0.08575854357331991
2026-08-31 00:28:00,0.08575854357331991
2026-08-31 00:29:00,0.08575854357331991
2026-08-31 00:30:00,0.08153287414461374
2026-08-31 00:31:00,0.08153287414461374
2026-08-31 00:32:00,0.08153287414461374
2026-08-31 00:33:00,0.08153287414461374
2026-08-31 00:34:00,0.08153287414461374
2026-08-31 00:35:00,0.09610229823738337
2026-08-31 00:36:00,0.09610229823738337
2026-08-31 00:37:00,0.09610229823738337
2026-08-31 00:38:00,0.09610229823738337
2026-08-31 00:39:00,0.09610229823738337
2026-08-31 00:40:00,0.10908851958811283
2026-08-31 00:41:00,0.10908851958811283
2026-08-31 00:42:00,0.10908851958811283
2026-08-31 00:43:00,0.10908851958811283
2026-08-31 00:44:00,0.10908851958811283
2026-08-31 00:45:00,0.09593328461050987
2026-08-31 00:46:00,0.09593328461050987
2026-08-31 00:47:00,0.09593328461050987
2026-08-31 00:48:00,0.09593328461050987
2026-08-31 00:49:00,0.09593328461050987
2026-08-31 00:50:00,0.08335337601602077
2026-08-31 00:51:00,0.08335337601602077
2026-08-31 00:52:00,0.08335337601602077
2026-08-31 00:53:00,0.08335337601602077
2026-08-31 00:54:00,0.08335337601602077
2026-08-31 00:55:00,0.07170064002275467
2026-08-31 00:56:00,0.07170064002275467
2026-08-31 00:57:00,0.07170064002275467
2026-08-31 00:58:00,0.07170064002275467
2026-08-31 00:59:00,0.07170064002275467
2026-08-31 01:00:00,0.05950642749667168
2026-08-31 01:01:00,0.05950642749667168
2026-08-31 01:02:00,0.05950642749667168
2026-08-31 01:03:00,0.05950642749667168
2026-08-31 01:04:00,0.05950642749667168
2026-08-31 01:05:00,0.061536576598882675
2026-08-31 01:06:00,0.061536576598882675
2026-08-31 01:07:00,0.061536576598882675
2026-08-31 01:08:00,0.061536576598882675
2026-08-31 01:09:00,0.061536576598882675
2026-08-31 01:10:00,0.10273230820894241
2026-08-31 01:11:00,0.10273230820894241
2026-08-31 01:12:00,0.10273230820894241
2026-08-31 01:13:00,0.10273230820894241
2026-08-31 01:14:00,0.10273230820894241
2026-08-31 01:15:00,0.14324916526675224
2026-08-31 01:16:00,0.14324916526675224
2026-08-31 01:17:00,0.14324916526675224
2026-08-31 01:18:00,0.14324916526675224
2026-08-31 01:19:00,0.14324916526675224
2026-08-31 01:20:00,0.1847989596426487
2026-08-31 01:21:00,0.1847989596426487
2026-08-31 01:22:00,0.1847989596426487
2026-08-31 01:23:00,0.1847989596426487
2026-08-31 01:24:00,0.1847989596426487
2026-08-31 01:25:00,0.22542963176965714
2026-08-31 01:26:00,0.22542963176965714
2026-08-31 01:27:00,0.22542963176965714
2026-08-31 01:28:00,0.22542963176965714
2026-08-31 01:29:00,0.22542963176965714
2026-08-31 01:30:00,0.1825108602643013
2026-08-31 01:31:00,0.1825108602643013
2026-08-31 01:32:00,0.1825108602643013
2026-08-31 01:33:00,0.1825108602643013
2026-08-31 01:34:00,0.1825108602643013
2026-08-31 01:35:00,0.13957041408866644
2026-08-31 01:36:00,0.13957041408866644
2026-08-31 01:37:00,0.13957041408866644
2026-08-31 01:38:00,0.13957041408866644
2026-08-31 01:39:00,0.13957041408866644
2026-08-31 01:40:00,0.0988043425604701
2026-08-31 01:41:00,0.0988043425604701
2026-08-31 01:42:00,0.0988043425604701
2026-08-31 01:43:00,0.0988043425604701
2026-08-31 01:44:00,0.0988043425604701
2026-08-31 01:45:00,0.05978009011596441
2026-08-31 01:46:00,0.05978009011596441
2026-08-31 01:47:00,0.05978009011596441
2026-08-31 01:48:00,0.05978009011596441
2026-08-31 01:49:00,0.05978009011596441
2026-08-31 01:50:00,0.06217510346323252
2026-08-31 01:51:00,0.06217510346323252
2026-08-31 01:52:00,0.06217510346323252
2026-08-31 01:53:00,0.06217510346323252
2026-08-31 01:54:00,0.06217510346323252
2026-08-31 01:55:00,0.06497280485928059
2026-08-31 01:56:00,0.06497280485928059
2026-08-31 01:57:00,0.06497280485928059
2026-08-31 01:58:00,0.06497280485928059
2026-08-31 01:59:00,0.06497280485928059
2026-08-31 02:00:00,0.06394833792001009
2026-08-31 02:01:00,0.06394833792001009
2026-08-31 02:02:00,0.06394833792001009
2026-08-31 02:03:00,0.06394833792001009
2026-08-31 02:04:00,0.06394833792001009
2026-08-31 02:05:00,0.059895750135183334
2026-08-31 02:06:00,0.059895750135183334
2026-08-31 02:07:00,0.059895750135183334
2026-08-31 02:08:00,0.059895750135183334
2026-08-31 02:09:00,0.059895750135183334
2026-08-31 02:10:00,0.05567138455808163
2026-08-31 02:11:00,0.05567138455808163
2026-08-31 02:12:00,0.05567138455808163
2026-08-31 02:13:00,0.05567138455808163
2026-08-31 02:14:00,0.05567138455808163
2026-08-31 02:15:00,0.051421004347503185
2026-08-31 02:16:00,0.051421004347503185
2026-08-31 02:17:00,0.051421004347503185
2026-08-31 02:18:00,0.051421004347503185
2026-08-31 02:19:00,0.051421004347503185
2026-08-31 02:20:00,0.051365611143410206
2026-08-31 02:21:00,0.051365611143410206
2026-08-31 02:22:00,0.051365611143410206
2026-08-31 02:23:00,0.051365611143410206
2026-08-31 02:24:00,0.051365611143410206
2026-08-31 02:25:00,0.05368948262184858
2026-08-31 02:26:00,0.05368948262184858
2026-08-31 02:27:00,0.05368948262184858
2026-08-31 02:28:00,0.05368948262184858
2026-08-31 02:29:00,0.05368948262184858
2026-08-31 02:30:00,0.05611075647175312
2026-08-31 02:31:00,0.05611075647175312
2026-08-31 02:32:00,0.05611075647175312
2026-08-31 02:33:00,0.05611075647175312
2026-08-31 02:34:00,0.05611075647175312
2026-08-31 02:35:00,0.055924844928085804
2026-08-31 02:36:00,0.055924844928085804
2026-08-31 02:37:00,0.055924844928085804
2026-08-31 02:38:00,0.055924844928085804
2026-08-31 02:39:00,0.055924844928085804
2026-08-31 02:40:00,0.05137581191956997
2026-08-31 02:41:00,0.05137581191956997
2026-08-31 02:42:00,0.05137581191956997
2026-08-31 02:43:00,0.05137581191956997
2026-08-31 02:44:00,0.05137581191956997
2026-08-31 02:45:00,0.048624906688928604
2026-08-31 02:46:00,0.048624906688928604
2026-08-31 02:47:00,0.048624906688928604
2026-08-31 02:48:00,0.048624906688928604
2026-08-31 02:49:00,0.048624906688928604
2026-08-31 02:50:00,0.04935681354254484
2026-08-31 02:51:00,0.04935681354254484
2026-08-31 02:52:00,0.04935681354254484
2026-08-31 02:53:00,0.04935681354254484
2026-08-31 02:54:00,0.04935681354254484
2026-08-31 02:55:00,0.0528233302757144
2026-08-31 02:56:00,0.0528233302757144
2026-08-31 02:57:00,0.0528233302757144
2026-08-31 02:58:00,0.0528233302757144
2026-08-31 02:59:00,0.0528233302757144
2026-08-31 03:00:00,0.0558758769184351
2026-08-31 03:01:00,0.0558758769184351
2026-08-31 03:02:00,0.0558758769184351
2026-08-31 03:03:00,0.0558758769184351
2026-08-31 03:04:00,0.0558758769184351
2026-08-31 03:05:00,0.054943693801760674
2026-08-31 03:06:00,0.054943693801760674
2026-08-31 03:07:00,0.054943693801760674
2026-08-31 03:08:00,0.054943693801760674
2026-08-31 03:09:00,0.054943693801760674
2026-08-31 03:10:00,0.051094021648168564
2026-08-31 03:11:00,0.051094021648168564
2026-08-31 03:12:00,0.051094021648168564
2026-08-31 03:13:00,0.051094021648168564
2026-08-31 03:14:00,0.051094021648168564
2026-08-31 03:15:00,0.04712496045976877
2026-08-31 03:16:00,0.04712496045976877
2026-08-31 03:17:00,0.04712496045976877
2026-08-31 03:18:00,0.04712496045976877
2026-08-31 03:19:00,0.04712496045976877
2026-08-31 03:20:00,0.0453546904027462
2026-08-31 03:21:00,0.0453546904027462
2026-08-31 03:22:00,0.0453546904027462
2026-08-31 03:23:00,0.0453546904027462
2026-08-31 03:24:00,0.0453546904027462
2026-08-31 03:25:00,0.04951805528253317
2026-08-31 03:26:00,0.04951805528253317
2026-08-31 03:27:00,0.04951805528253317
2026-08-31 03:28:00,0.04951805528253317
2026-08-31 03:29:00,0.04951805528253317
2026-08-31 03:30:00,0.05557994078844786
2026-08-31 03:31:00,0.05557994078844786
2026-08-31 03:32:00,0.05557994078844786
2026-08-31 03:33:00,0.05557994078844786
2026-08-31 03:34:00,0.05557994078844786
2026-08-31 03:35:00,0.0608209278434515
2026-08-31 03:36:00,0.0608209278434515
2026-08-31 03:37:00,0.0608209278434515
2026-08-31 03:38:00,0.0608209278434515
2026-08-31 03:39:00,0.0608209278434515
2026-08-31 03:40:00,0.06687487661838531
2026-08-31 03:41:00,0.06687487661838531
2026-08-31 03:42:00,0.06687487661838531
2026-08-31 03:43:00,0.06687487661838531
2026-08-31 03:44:00,0.06687487661838531
2026-08-31 03:45:00,0.07792266830801964
2026-08-31 03:46:00,0.07792266830801964
2026-08-31 03:47:00,0.07792266830801964
2026-08-31 03:48:00,0.07792266830801964
2026-08-31 03:49:00,0.07792266830801964
2026-08-31 03:50:00,0.08758077025413513
2026-08-31 03:51:00,0.08758077025413513
2026-08-31 03:52:00,0.08758077025413513
2026-08-31 03:53:00,0.08758077025413513
2026-08-31 03:54:00,0.08758077025413513
2026-08-31 03:55:00,0.0972210168838501
2026-08-31 03:56:00,0.0972210168838501
2026-08-31 03:57:00,0.0972210168838501
2026-08-31 03:58:00,0.0972210168838501
2026-08-31 03:59:00,0.0972210168838501
2026-08-31 04:00:00,0.10582979582250118
2026-08-31 04:01:00,0.10582979582250118
2026-08-31 04:02:00,0.10582979582250118
2026-08-31 04:03:00,0.10582979582250118
2026-08-31 04:04:00,0.10582979582250118
2026-08-31 04:05:00,0.09074493870139122
2026-08-31 04:06:00,0.09074493870139122
2026-08-31 04:07:00,0.09074493870139122
2026-08-31 04:08:00,0.09074493870139122
2026-08-31 04:09:00,0.09074493870139122
2026-08-31 04:10:00,0.07475844398140907
2026-08-31 04:11:00,0.07475844398140907
2026-08-31 04:12:00,0.07475844398140907
2026-08-31 04:13:00,0.07475844398140907
2026-08-31 04:14:00,0.07475844398140907
2026-08-31 04:15:00,0.10117266699671745
2026-08-31 04:16:00,0.10117266699671745
2026-08-31 04:17:00,0.10117266699671745
2026-08-31 04:18:00,0.10117266699671745
2026-08-31 04:19:00,0.10117266699671745
2026-08-31 04:20:00,0.12735095247626305
2026-08-31 04:21:00,0.12735095247626305
2026-08-31 04:22:00,0.12735095247626305
2026-08-31 04:23:00,0.12735095247626305
2026-08-31 04:24:00,0.12735095247626305
2026-08-31 04:25:00,0.1695629209280014
2026-08-31 04:26:00,0.1695629209280014
2026-08-31 04:27:00,0.1695629209280014
2026-08-31 04:28:00,0.1695629209280014
2026-08-31 04:29:00,0.1695629209280014
2026-08-31 04:30:00,0.21268273144960403
2026-08-31 04:31:00,0.21268273144960403
2026-08-31 04:32:00,0.21268273144960403
2026-08-31 04:33:00,0.21268273144960403
2026-08-31 04:34:00,0.21268273144960403
2026-08-31 04:35:00,0.17250785045325756
2026-08-31 04:36:00,0.17250785045325756
2026-08-31 04:37:00,0.17250785045325756
2026-08-31 04:38:00,0.17250785045325756
2026-08-31 04:39:00,0.17250785045325756
2026-08-31 04:40:00,0.16803819499909878
2026-08-31 04:41:00,0.16803819499909878
2026-08-31 04:42:00,0.16803819499909878
2026-08-31 04:43:00,0.16803819499909878
2026-08-31 04:44:00,0.16803819499909878
2026-08-31 04:45:00,0.16199524514377117
2026-08-31 04:46:00,0.16199524514377117
2026-08-31 04:47:00,0.16199524514377117
2026-08-31 04:48:00,0.16199524514377117
2026-08-31 04:49:00,0.16199524514377117
2026-08-31 04:50:00,0.15576261095702648
2026-08-31 04:51:00,0.15576261095702648
2026-08-31 04:52:00,0.15576261095702648
2026-08-31 04:53:00,0.15576261095702648
2026-08-31 04:54:00,0.15576261095702648
2026-08-31 04:55:00,0.1908973678946495
2026-08-31 04:56:00,0.1908973678946495
2026-08-31 04:57:00,0.1908973678946495
2026-08-31 04:58:00,0.1908973678946495
2026-08-31 04:59:00,0.1908973678946495
2026-08-31 05:00:00,0.15805701166391373
2026-08-31 05:01:00,0.15805701166391373
2026-08-31 05:02:00,0.15805701166391373
2026-08-31 05:03:00,0.15805701166391373
2026-08-31 05:04:00,0.15805701166391373
2026-08-31 05:05:00,0.12560712359845638
2026-08-31 05:06:00,0.12560712359845638
2026-08-31 05:07:00,0.12560712359845638
2026-08-31 05:08:00,0.12560712359845638
2026-08-31 05:09:00,0.12560712359845638
2026-08-31 05:10:00,0.09450967237353325
2026-08-31 05:11:00,0.09450967237353325
2026-08-31 05:12:00,0.09450967237353325
2026-08-31 05:13:00,0.09450967237353325
2026-08-31 05:14:00,0.09450967237353325
2026-08-31 05:15:00,0.06528778746724129
2026-08-31 05:16:00,0.06528778746724129
2026-08-31 05:17:00,0.06528778746724129
2026-08-31 05:18:00,0.06528778746724129
2026-08-31 05:19:00,0.06528778746724129
2026-08-31 05:20:00,0.0675977524369955
2026-08-31 05:21:00,0.0675977524369955
2026-08-31 05:22:00,0.0675977524369955
2026-08-31 05:23:00,0.0675977524369955
2026-08-31 05:24:00,0.0675977524369955
2026-08-31 05:25:00,0.06973636709153652
2026-08-31 05:26:00,0.06973636709153652
2026-08-31 05:27:00,0.06973636709153652
2026-08-31 05:28:00,0.06973636709153652
2026-08-31 05:29:00,0.06973636709153652
2026-08-31 05:30:00,0.0692119225859642
2026-08-31 05:31:00,0.0692119225859642
2026-08-31 05:32:00,0.0692119225859642
2026-08-31 05:33:00,0.0692119225859642
2026-08-31 05:34:00,0.0692119225859642
2026-08-31 05:35:00,0.06470468733459711
2026-08-31 05:36:00,0.06470468733459711
2026-08-31 05:37:00,0.06470468733459711
2026-08-31 05:38:00,0.06470468733459711
2026-08-31 05:39:00,0.06470468733459711
2026-08-31 05:40:00,0.06301177386194468
2026-08-31 05:41:00,0.06301177386194468
2026-08-31 05:42:00,0.06301177386194468
2026-08-31 05:43:00,0.06301177386194468
2026-08-31 05:44:00,0.06301177386194468
2026-08-31 05:45:00,0.06226976867765188
2026-08-31 05:46:00,0.06226976867765188
2026-08-31 05:47:00,0.06226976867765188
2026-08-31 05:48:00,0.06226976867765188
2026-08-31 05:49:00,0.06226976867765188
2026-08-31 05:50:00,0.06204279791563749
2026-08-31 05:51:00,0.06204279791563749
2026-08-31 05:52:00,0.06204279791563749
2026-08-31 05:53:00,0.06204279791563749
2026-08-31 05:54:00,0.06204279791563749
2026-08-31 05:55:00,0.06469542160630226
2026-08-31 05:56:00,0.06469542160630226
2026-08-31 05:57:00,0.06469542160630226
2026-08-31 05:58:00,0.06469542160630226
2026-08-31 05:59:00,0.06469542160630226
2026-08-31 06:00:00,0.061806014738976955
2026-08-31 06:01:00,0.061806014738976955
2026-08-31 06:02:00,0.061806014738976955
2026-08-31 06:03:00,0.061806014738976955
2026-08-31 06:04:00,0.061806014738976955
2026-08-31 06:05:00,0.05782110709697008
2026-08-31 06:06:00,0.05782110709697008
2026-08-31 06:07:00,0.05782110709697008
2026-08-31 06:08:00,0.05782110709697008
2026-08-31 06:09:00,0.05782110709697008
2026-08-31 06:10:00,0.05485441628843546
2026-08-31 06:11:00,0.05485441628843546
2026-08-31 06:12:00,0.05485441628843546
2026-08-31 06:13:00,0.05485441628843546
2026-08-31 06:14:00,0.05485441628843546
2026-08-31 06:15:00,0.05024998169392347
2026-08-31 06:16:00,0.05024998169392347
2026-08-31 06:17:00,0.05024998169392347
2026-08-31 06:18:00,0.05024998169392347
2026-08-31 06:19:00,0.05024998169392347
2026-08-31 06:20:00,0.04810964874923229
2026-08-31 06:21:00,0.04810964874923229
2026-08-31 06:22:00,0.04810964874923229
2026-08-31 06:23:00,0.04810964874923229
2026-08-31 06:24:00,0.04810964874923229
2026-08-31 06:25:00,0.046689155511558056
2026-08-31 06:26:00,0.046689155511558056
2026-08-31 06:27:00,0.046689155511558056
2026-08-31 06:28:00,0.046689155511558056
2026-08-31 06:29:00,0.046689155511558056
2026-08-31 06:30:00,0.04493246506899595
2026-08-31 06:31:00,0.04493246506899595
2026-08-31 06:32:00,0.04493246506899595
2026-08-31 06:33:00,0.04493246506899595
2026-08-31 06:34:00,0.04493246506899595
2026-08-31 06:35:00,0.04539858363568783
2026-08-31 06:36:00,0.04539858363568783
2026-08-31 06:37:00,0.04539858363568783
2026-08-31 06:38:00,0.04539858363568783
2026-08-31 06:39:00,0.04539858363568783
2026-08-31 06:40:00,0.047241829335689545
2026-08-31 06:41:00,0.047241829335689545
2026-08-31 06:42:00,0.047241829335689545
2026-08-31 06:43:00,0.047241829335689545
2026-08-31 06:44:00,0.047241829335689545
2026-08-31 06:45:00,0.051857939921319485
2026-08-31 06:46:00,0.051857939921319485
2026-08-31 06:47:00,0.051857939921319485
2026-08-31 06:48:00,0.051857939921319485
2026-08-31 06:49:00,0.051857939921319485
2026-08-31 06:50:00,0.05691367667168379
2026-08-31 06:51:00,0.05691367667168379
2026-08-31 06:52:00,0.05691367667168379
2026-08-31 06:53:00,0.05691367667168379
2026-08-31 06:54:00,0.05691367667168379
2026-08-31 06:55:00,0.059490712359547615
2026-08-31 06:56:00,0.059490712359547615
2026-08-31 06:57:00,0.059490712359547615
2026-08-31 06:58:00,0.059490712359547615
2026-08-31 06:59:00,0.059490712359547615
2026-08-31 07:00:00,0.05966745037585497
2026-08-31 07:01:00,0.05966745037585497
2026-08-31 07:02:00,0.05966745037585497
2026-08-31 07:03:00,0.05966745037585497
2026-08-31 07:04:00,0.05966745037585497
2026-08-31 07:05:00,0.056830164045095444
2026-08-31 07:06:00,0.056830164045095444
2026-08-31 07:07:00,0.056830164045095444
2026-08-31 07:08:00,0.056830164045095444
2026-08-31 07:09:00,0.056830164045095444
2026-08-31 07:10:00,0.054989634081721306
2026-08-31 07:11:00,0.054989634081721306
2026-08-31 07:12:00,0.054989634081721306
2026-08-31 07:13:00,0.054989634081721306
2026-08-31 07:14:00,0.054989634081721306
2026-08-31 07:15:00,0.05227391701191664
2026-08-31 07:16:00,0.05227391701191664
2026-08-31 07:17:00,0.05227391701191664
2026-08-31 07:18:00,0.05227391701191664
2026-08-31 07:19:00,0.05227391701191664
2026-08-31 07:20:00,0.051184216514229774
2026-08-31 07:21:00,0.051184216514229774
2026-08-31 07:22:00,0.051184216514229774
2026-08-31 07:23:00,0.051184216514229774
2026-08-31 07:24:00,0.051184216514229774
2026-08-31 07:25:00,0.04992679785937071
2026-08-31 07:26:00,0.04992679785937071
2026-08-31 07:27:00,0.04992679785937071
2026-08-31 07:28:00,0.04992679785937071
2026-08-31 07:29:00,0.04992679785937071
2026-08-31 07:30:00,0.04714024253189564
2026-08-31 07:31:00,0.04714024253189564
2026-08-31 07:32:00,0.04714024253189564
2026-08-31 07:33:00,0.04714024253189564
2026-08-31 07:34:00,0.04714024253189564
2026-08-31 07:35:00,0.046234059147536755
2026-08-31 07:36:00,0.046234059147536755
2026-08-31 07:37:00,0.046234059147536755
2026-08-31 07:38:00,0.046234059147536755
2026-08-31 07:39:00,0.046234059147536755
2026-08-31 07:40:00,0.04607071541249752
2026-08-31 07:41:00,0.04607071541249752
2026-08-31 07:42:00,0.04607071541249752
2026-08-31 07:43:00,0.04607071541249752
2026-08-31 07:44:00,0.04607071541249752
2026-08-31 07:45:00,0.045786033384501934
2026-08-31 07:46:00,0.045786033384501934
2026-08-31 07:47:00,0.045786033384501934
2026-08-31 07:48:00,0.045786033384501934
2026-08-31 07:49:00,0.045786033384501934
2026-08-31 07:50:00,0.04494493082165718
2026-08-31 07:51:00,0.04494493082165718
2026-08-31 07:52:00,0.04494493082165718
2026-08-31 07:53:00,0.04494493082165718
2026-08-31 07:54:00,0.04494493082165718
2026-08-31 07:55:00,0.04461666848510504
2026-08-31 07:56:00,0.04461666848510504
2026-08-31 07:57:00,0.04461666848510504
2026-08-31 07:58:00,0.04461666848510504
2026-08-31 07:59:00,0.04461666848510504
2026-08-31 08:00:00,0.045193374156951904
2026-08-31 08:01:00,0.045193374156951904
2026-08-31 08:02:00,0.045193374156951904
2026-08-31 08:03:00,0.045193374156951904
2026-08-31 08:04:00,0.045193374156951904
2026-08-31 08:05:00,0.04660873766988516
2026-08-31 08:06:00,0.04660873766988516
2026-08-31 08:07:00,0.04660873766988516
2026-08-31 08:08:00,0.04660873766988516
2026-08-31 08:09:00,0.04660873766988516
2026-08-31 08:10:00,0.051554957404732704
2026-08-31 08:11:00,0.051554957404732704
2026-08-31 08:12:00,0.051554957404732704
2026-08-31 08:13:00,0.051554957404732704
2026-08-31 08:14:00,0.051554957404732704
2026-08-31 08:15:00,0.052217246033251286
2026-08-31 08:16:00,0.052217246033251286
2026-08-31 08:17:00,0.052217246033251286
2026-08-31 08:18:00,0.052217246033251286
2026-08-31 08:19:00,0.052217246033251286
2026-08-31 08:20:00,0.05353757832199335
2026-08-31 08:21:00,0.05353757832199335
2026-08-31 08:22:00,0.05353757832199335
2026-08-31 08:23:00,0.05353757832199335
2026-08-31 08:24:00,0.05353757832199335
2026-08-31 08:25:00,0.05481825955212116
2026-08-31 08:26:00,0.05481825955212116
2026-08-31 08:27:00,0.05481825955212116
2026-08-31 08:28:00,0.05481825955212116
2026-08-31 08:29:00,0.05481825955212116
2026-08-31 08:30:00,0.05174350272864103
2026-08-31 08:31:00,0.05174350272864103
2026-08-31 08:32:00,0.05174350272864103
2026-08-31 08:33:00,0.05174350272864103
2026-08-31 08:34:00,0.05174350272864103
2026-08-31 08:35:00,0.050918576307594776
2026-08-31 08:36:00,0.050918576307594776
2026-08-31 08:37:00,0.050918576307594776
2026-08-31 08:38:00,0.050918576307594776
2026-08-31 08:39:00,0.050918576307594776
2026-08-31 08:40:00,0.051974683068692684
2026-08-31 08:41:00,0.051974683068692684
2026-08-31 08:42:00,0.051974683068692684
2026-08-31 08:43:00,0.051974683068692684
2026-08-31 08:44:00,0.051974683068692684
2026-08-31 08:45:00,0.054215943440794945
2026-08-31 08:46:00,0.054215943440794945
2026-08-31 08:47:00,0.054215943440794945
2026-08-31 08:48:00,0.054215943440794945
2026-08-31 08:49:00,0.054215943440794945
2026-08-31 08:50:00,0.05628264229744673
2026-08-31 08:51:00,0.05628264229744673
2026-08-31 08:52:00,0.05628264229744673
2026-08-31 08:53:00,0.05628264229744673
2026-08-31 08:54:00,0.05628264229744673
2026-08-31 08:55:00,0.060607907362282276
2026-08-31 08:56:00,0.060607907362282276
2026-08-31 08:57:00,0.060607907362282276
2026-08-31 08:58:00,0.060607907362282276
2026-08-31 08:59:00,0.060607907362282276
2026-08-31 09:00:00,0.057943955063819885
2026-08-31 09:01:00,0.057943955063819885
2026-08-31 09:02:00,0.057943955063819885
2026-08-31 09:03:00,0.057943955063819885
2026-08-31 09:04:00,0.057943955063819885
2026-08-31 09:05:00,0.05526597239077091
2026-08-31 09:06:00,0.05526597239077091
2026-08-31 09:07:00,0.05526597239077091
2026-08-31 09:08:00,0.05526597239077091
2026-08-31 09:09:00,0.05526597239077091
2026-08-31 09:10:00,0.053463337011635303
2026-08-31 09:11:00,0.053463337011635303
2026-08-31 09:12:00,0.053463337011635303
2026-08-31 09:13:00,0.053463337011635303
2026-08-31 09:14:00,0.053463337011635303
2026-08-31 09:15:00,0.05009953584522009
2026-08-31 09:16:00,0.05009953584522009
2026-08-31 09:17:00,0.05009953584522009
2026-08-31 09:18:00,0.05009953584522009
2026-08-31 09:19:00,0.05009953584522009
2026-08-31 09:20:00,0.0523523585870862
2026-08-31 09:21:00,0.0523523585870862
2026-08-31 09:22:00,0.0523523585870862
2026-08-31 09:23:00,0.0523523585870862
2026-08-31 09:24:00,0.0523523585870862
2026-08-31 09:25:00,0.05338107701390982
2026-08-31 09:26:00,0.05338107701390982
2026-08-31 09:27:00,0.05338107701390982
2026-08-31 09:28:00,0.05338107701390982
2026-08-31 09:29:00,0.05338107701390982
2026-08-31 09:30:00,0.0539155974984169
2026-08-31 09:31:00,0.0539155974984169
2026-08-31 09:32:00,0.0539155974984169
2026-08-31 09:33:00,0.0539155974984169
2026-08-31 09:34:00,0.0539155974984169
2026-08-31 09:35:00,0.05431312695145607
2026-08-31 09:36:00,0.05431312695145607
2026-08-31 09:37:00,0.05431312695145607
2026-08-31 09:38:00,0.05431312695145607
2026-08-31 09:39:00,0.05431312695145607
2026-08-31 09:40:00,0.05156144965440035
2026-08-31 09:41:00,0.05156144965440035
2026-08-31 09:42:00,0.05156144965440035
2026-08-31 09:43:00,0.05156144965440035
2026-08-31 09:44:00,0.05156144965440035
2026-08-31 09:45:00,0.0466959485784173
2026-08-31 09:46:00,0.0466959485784173
2026-08-31 09:47:00,0.0466959485784173
2026-08-31 09:48:00,0.0466959485784173
2026-08-31 09:49:00,0.0466959485784173
2026-08-31 09:50:00,0.043437049724161625
2026-08-31 09:51:00,0.043437049724161625
2026-08-31 09:52:00,0.043437049724161625
2026-08-31 09:53:00,0.043437049724161625
2026-08-31 09:54:00,0.043437049724161625
2026-08-31 09:55:00,0.04090059921145439
2026-08-31 09:56:00,0.04090059921145439
2026-08-31 09:57:00,0.04090059921145439
2026-08-31 09:58:00,0.04090059921145439
2026-08-31 09:59:00,0.04090059921145439
2026-08-31 10:00:00,0.04062021989375353
2026-08-31 10:01:00,0.04062021989375353
2026-08-31 10:02:00,0.04062021989375353
2026-08-31 10:03:00,0.04062021989375353
2026-08-31 10:04:00,0.04062021989375353
2026-08-31 10:05:00,0.042560829780995846
2026-08-31 10:06:00,0.042560829780995846
2026-08-31 10:07:00,0.042560829780995846
2026-08-31 10:08:00,0.042560829780995846
2026-08-31 10:09:00,0.042560829780995846
2026-08-31 10:10:00,0.044640724547207355
2026-08-31 10:11:00,0.044640724547207355
2026-08-31 10:12:00,0.044640724547207355
2026-08-31 10:13:00,0.044640724547207355
2026-08-31 10:14:00,0.044640724547207355
2026-08-31 10:15:00,0.046655078418552876
2026-08-31 10:16:00,0.046655078418552876
2026-08-31 10:17:00,0.046655078418552876
2026-08-31 10:18:00,0.046655078418552876
2026-08-31 10:19:00,0.046655078418552876
2026-08-31 10:20:00,0.04864327609539032
2026-08-31 10:21:00,0.04864327609539032
2026-08-31 10:22:00,0.04864327609539032
2026-08-31 10:23:00,0.04864327609539032
2026-08-31 10:24:00,0.04864327609539032
2026-08-31 10:25:00,0.05318034812808037
2026-08-31 10:26:00,0.05318034812808037
2026-08-31 10:27:00,0.05318034812808037
2026-08-31 10:28:00,0.05318034812808037
2026-08-31 10:29:00,0.05318034812808037
2026-08-31 10:30:00,0.05622192285954952
2026-08-31 10:31:00,0.05622192285954952
2026-08-31 10:32:00,0.05622192285954952
2026-08-31 10:33:00,0.05622192285954952
2026-08-31 10:34:00,0.05622192285954952
2026-08-31 10:35:00,0.058545541018247604
2026-08-31 10:36:00,0.058545541018247604
2026-08-31 10:37:00,0.058545541018247604
2026-08-31 10:38:00,0.058545541018247604
2026-08-31 10:39:00,0.058545541018247604
2026-08-31 10:40:00,0.058144984766840935
2026-08-31 10:41:00,0.058144984766840935
2026-08-31 10:42:00,0.058144984766840935
2026-08-31 10:43:00,0.058144984766840935
2026-08-31 10:44:00,0.058144984766840935
2026-08-31 10:45:00,0.054078408516943455
2026-08-31 10:46:00,0.054078408516943455
2026-08-31 10:47:00,0.054078408516943455
2026-08-31 10:48:00,0.054078408516943455
2026-08-31 10:49:00,0.054078408516943455
2026-08-31 10:50:00,0.051391731947660446
2026-08-31 10:51:00,0.051391731947660446
2026-08-31 10:52:00,0.051391731947660446
2026-08-31 10:53:00,0.051391731947660446
2026-08-31 10:54:00,0.051391731947660446
2026-08-31 10:55:00,0.048991819843649864
2026-08-31 10:56:00,0.048991819843649864
2026-08-31 10:57:00,0.048991819843649864
2026-08-31 10:58:00,0.048991819843649864
2026-08-31 10:59:00,0.048991819843649864
2026-08-31 11:00:00,0.04788258671760559
2026-08-31 11:01:00,0.04788258671760559
2026-08-31 11:02:00,0.04788258671760559
2026-08-31 11:03:00,0.04788258671760559
2026-08-31 11:04:00,0.04788258671760559
2026-08-31 11:05:00,0.047711255960166454
2026-08-31 11:06:00,0.047711255960166454
2026-08-31 11:07:00,0.047711255960166454
2026-08-31 11:08:00,0.047711255960166454
2026-08-31 11:09:00,0.047711255960166454
2026-08-31 11:10:00,0.04663317557424307
2026-08-31 11:11:00,0.04663317557424307
2026-08-31 11:12:00,0.04663317557424307
2026-08-31 11:13:00,0.04663317557424307
2026-08-31 11:14:00,0.04663317557424307
2026-08-31 11:15:00,0.0458882637321949
2026-08-31 11:16:00,0.0458882637321949
2026-08-31 11:17:00,0.0458882637321949
2026-08-31 11:18:00,0.0458882637321949
2026-08-31 11:19:00,0.0458882637321949
2026-08-31 11:20:00,0.046063460409641266
2026-08-31 11:21:00,0.046063460409641266
2026-08-31 11:22:00,0.046063460409641266
2026-08-31 11:23:00,0.046063460409641266
2026-08-31 11:24:00,0.046063460409641266
2026-08-31 11:25:00,0.0468203229829669
2026-08-31 11:26:00,0.0468203229829669
2026-08-31 11:27:00,0.0468203229829669
2026-08-31 11:28:00,0.0468203229829669
2026-08-31 11:29:00,0.0468203229829669
2026-08-31 11:30:00,0.04889189638197422
2026-08-31 11:31:00,0.04889189638197422
2026-08-31 11:32:00,0.04889189638197422
2026-08-31 11:33:00,0.04889189638197422
2026-08-31 11:34:00,0.04889189638197422
2026-08-31 11:35:00,0.05209423881024122
2026-08-31 11:36:00,0.05209423881024122
2026-08-31 11:37:00,0.05209423881024122
2026-08-31 11:38:00,0.05209423881024122
2026-08-31 11:39:00,0.05209423881024122
2026-08-31 11:40:00,0.053409647196531296
2026-08-31 11:41:00,0.053409647196531296
2026-08-31 11:42:00,0.053409647196531296
2026-08-31 11:43:00,0.053409647196531296
2026-08-31 11:44:00,0.053409647196531296
2026-08-31 11:45:00,0.05180759355425835
2026-08-31 11:46:00,0.05180759355425835
2026-08-31 11:47:00,0.05180759355425835
2026-08-31 11:48:00,0.05180759355425835
2026-08-31 11:49:00,0.05180759355425835
2026-08-31 11:50:00,0.04857792053371668
2026-08-31 11:51:00,0.04857792053371668
2026-08-31 11:52:00,0.04857792053371668
2026-08-31 11:53:00,0.04857792053371668
2026-08-31 11:54:00,0.04857792053371668
2026-08-31 11:55:00,0.04508415050804615
2026-08-31 11:56:00,0.04508415050804615
2026-08-31 11:57:00,0.04508415050804615
2026-08-31 11:58:00,0.04508415050804615
2026-08-31 11:59:00,0.04508415050804615
2026-08-31 12:00:00,0.044186283834278584
2026-08-31 12:01:00,0.044186283834278584
2026-08-31 12:02:00,0.044186283834278584
2026-08-31 12:03:00,0.044186283834278584
2026-08-31 12:04:00,0.044186283834278584
2026-08-31 12:05:00,0.046741328202188015
2026-08-31 12:06:00,0.046741328202188015
2026-08-31 12:07:00,0.046741328202188015
2026-08-31 12:08:00,0.046741328202188015
2026-08-31 12:09:00,0.046741328202188015
2026-08-31 12:10:00,0.04997139237821102
2026-08-31 12:11:00,0.04997139237821102
2026-08-31 12:12:00,0.04997139237821102
2026-08-31 12:13:00,0.04997139237821102
2026-08-31 12:14:00,0.04997139237821102
2026-08-31 12:15:00,0.09677622839808464
2026-08-31 12:16:00,0.09677622839808464
2026-08-31 12:17:00,0.09677622839808464
2026-08-31 12:18:00,0.09677622839808464
2026-08-31 12:19:00,0.09677622839808464
2026-08-31 12:20:00,0.14319026097655296
2026-08-31 12:21:00,0.14319026097655296
2026-08-31 12:22:00,0.14319026097655296
2026-08-31 12:23:00,0.14319026097655296
2026-08-31 12:24:00,0.14319026097655296
2026-08-31 12:25:00,0.19059731531888247
2026-08-31 12:26:00,0.19059731531888247
2026-08-31 12:27:00,0.19059731531888247
2026-08-31 12:28:00,0.19059731531888247
2026-08-31 12:29:00,0.19059731531888247
2026-08-31 12:30:00,0.2371365837752819
2026-08-31 12:31:00,0.2371365837752819
2026-08-31 12:32:00,0.2371365837752819
2026-08-31 12:33:00,0.2371365837752819
2026-08-31 12:34:00,0.2371365837752819
2026-08-31 12:35:00,0.19367294199764729
2026-08-31 12:36:00,0.19367294199764729
2026-08-31 12:37:00,0.19367294199764729
2026-08-31 12:38:00,0.19367294199764729
2026-08-31 12:39:00,0.19367294199764729
2026-08-31 12:40:00,0.1469352263957262
2026-08-31 12:41:00,0.1469352263957262
2026-08-31 12:42:00,0.1469352263957262
2026-08-31 12:43:00,0.1469352263957262
2026-08-31 12:44:00,0.1469352263957262
2026-08-31 12:45:00,0.09937189891934395
2026-08-31 12:46:00,0.09937189891934395
2026-08-31 12:47:00,0.09937189891934395
2026-08-31 12:48:00,0.09937189891934395
2026-08-31 12:49:00,0.09937189891934395
2026-08-31 12:50:00,0.05392666719853878
2026-08-31 12:51:00,0.05392666719853878
2026-08-31 12:52:00,0.05392666719853878
2026-08-31 12:53:00,0.05392666719853878
2026-08-31 12:54:00,0.05392666719853878
2026-08-31 12:55:00,0.054828803054988384
2026-08-31 12:56:00,0.054828803054988384
2026-08-31 12:57:00,0.054828803054988384
2026-08-31 12:58:00,0.054828803054988384
2026-08-31 12:59:00,0.054828803054988384
2026-08-31 13:00:00,0.060066631995141506
2026-08-31 13:01:00,0.060066631995141506
2026-08-31 13:02:00,0.060066631995141506
2026-08-31 13:03:00,0.060066631995141506
2026-08-31 13:04:00,0.060066631995141506
2026-08-31 13:05:00,0.062239683233201504
2026-08-31 13:06:00,0.062239683233201504
2026-08-31 13:07:00,0.062239683233201504
2026-08-31 13:08:00,0.062239683233201504
2026-08-31 13:09:00,0.062239683233201504
2026-08-31 13:10:00,0.06286721769720316
2026-08-31 13:11:00,0.06286721769720316
2026-08-31 13:12:00,0.06286721769720316
2026-08-31 13:13:00,0.06286721769720316
2026-08-31 13:14:00,0.06286721769720316
2026-08-31 13:15:00,0.06297500990331173
2026-08-31 13:16:00,0.06297500990331173
2026-08-31 13:17:00,0.06297500990331173
2026-08-31 13:18:00,0.06297500990331173
2026-08-31 13:19:00,0.06297500990331173
2026-08-31 13:20:00,0.05868044588714838
2026-08-31 13:21:00,0.05868044588714838
2026-08-31 13:22:00,0.05868044588714838
2026-08-31 13:23:00,0.05868044588714838
2026-08-31 13:24:00,0.05868044588714838
2026-08-31 13:25:00,0.05926291551440954
2026-08-31 13:26:00,0.05926291551440954
2026-08-31 13:27:00,0.05926291551440954
2026-08-31 13:28:00,0.05926291551440954
2026-08-31 13:29:00,0.05926291551440954
2026-08-31 13:30:00,0.06176751013845205
2026-08-31 13:31:00,0.06176751013845205
2026-08-31 13:32:00,0.06176751013845205
2026-08-31 13:33:00,0.06176751013845205
2026-08-31 13:34:00,0.06176751013845205
2026-08-31 13:35:00,0.05992989335209131
2026-08-31 13:36:00,0.05992989335209131
2026-08-31 13:37:00,0.05992989335209131
2026-08-31 13:38:00,0.05992989335209131
2026-08-31 13:39:00,0.05992989335209131
2026-08-31 13:40:00,0.05814799852669239
2026-08-31 13:41:00,0.05814799852669239
2026-08-31 13:42:00,0.05814799852669239
2026-08-31 13:43:00,0.05814799852669239
2026-08-31 13:44:00,0.05814799852669239
2026-08-31 13:45:00,0.05204432271420956
2026-08-31 13:46:00,0.05204432271420956
2026-08-31 13:47:00,0.05204432271420956
2026-08-31 13:48:00,0.05204432271420956
2026-08-31 13:49:00,0.05204432271420956
2026-08-31 13:50:00,0.045673877000808716
2026-08-31 13:51:00,0.045673877000808716
2026-08-31 13:52:00,0.045673877000808716
2026-08-31 13:53:00,0.045673877000808716
2026-08-31 13:54:00,0.045673877000808716
2026-08-31 13:55:00,0.04463330563157797
2026-08-31 13:56:00,0.04463330563157797
2026-08-31 13:57:00,0.04463330563157797
2026-08-31 13:58:00,0.04463330563157797
2026-08-31 13:59:00,0.04463330563157797
2026-08-31 14:00:00,0.04456334933638573
2026-08-31 14:01:00,0.04456334933638573
2026-08-31 14:02:00,0.04456334933638573
2026-08-31 14:03:00,0.04456334933638573
2026-08-31 14:04:00,0.04456334933638573
2026-08-31 14:05:00,0.04428610485047102
2026-08-31 14:06:00,0.04428610485047102
2026-08-31 14:07:00,0.04428610485047102
2026-08-31 14:08:00,0.04428610485047102
2026-08-31 14:09:00,0.04428610485047102
2026-08-31 14:10:00,0.04402300529181957
2026-08-31 14:11:00,0.04402300529181957
2026-08-31 14:12:00,0.04402300529181957
2026-08-31 14:13:00,0.04402300529181957
2026-08-31 14:14:00,0.04402300529181957
2026-08-31 14:15:00,0.04454554617404938
2026-08-31 14:16:00,0.04454554617404938
2026-08-31 14:17:00,0.04454554617404938
2026-08-31 14:18:00,0.04454554617404938
2026-08-31 14:19:00,0.04454554617404938
2026-08-31 14:20:00,0.04773570317775011
2026-08-31 14:21:00,0.04773570317775011
2026-08-31 14:22:00,0.04773570317775011
2026-08-31 14:23:00,0.04773570317775011
2026-08-31 14:24:00,0.04773570317775011
2026-08-31 14:25:00,0.05252032075077295
2026-08-31 14:26:00,0.05252032075077295
2026-08-31 14:27:00,0.05252032075077295
2026-08-31 14:28:00,0.05252032075077295
2026-08-31 14:29:00,0.05252032075077295
2026-08-31 14:30:00,0.05557053629308939
2026-08-31 14:31:00,0.05557053629308939
2026-08-31 14:32:00,0.05557053629308939
2026-08-31 14:33:00,0.05557053629308939
2026-08-31 14:34:00,0.05557053629308939
2026-08-31 14:35:00,0.05605688504874706
2026-08-31 14:36:00,0.05605688504874706
2026-08-31 14:37:00,0.05605688504874706
2026-08-31 14:38:00,0.05605688504874706
2026-08-31 14:39:00,0.05605688504874706
2026-08-31 14:40:00,0.053332106210291386
2026-08-31 14:41:00,0.053332106210291386
2026-08-31 14:42:00,0.053332106210291386
2026-08-31 14:43:00,0.053332106210291386
2026-08-31 14:44:00,0.053332106210291386
2026-08-31 14:45:00,0.05027277581393719
2026-08-31 14:46:00,0.05027277581393719
2026-08-31 14:47:00,0.05027277581393719
2026-08-31 14:48:00,0.05027277581393719
2026-08-31 14:49:00,0.05027277581393719
2026-08-31 14:50:00,0.0492084426805377
2026-08-31 14:51:00,0.0492084426805377
2026-08-31 14:52:00,0.0492084426805377
2026-08-31 14:53:00,0.0492084426805377
2026-08-31 14:54:00,0.0492084426805377
2026-08-31 14:55:00,0.04986379109323025
2026-08-31 14:56:00,0.04986379109323025
2026-08-31 14:57:00,0.04986379109323025
2026-08-31 14:58:00,0.04986379109323025
2026-08-31 14:59:00,0.04986379109323025
2026-08-31 15:00:00,0.05348713230341673
2026-08-31 15:01:00,0.05348713230341673
2026-08-31 15:02:00,0.05348713230341673
2026-08-31 15:03:00,0.05348713230341673
2026-08-31 15:04:00,0.05348713230341673
2026-08-31 15:05:00,0.055071030743420124
2026-08-31 15:06:00,0.055071030743420124
2026-08-31 15:07:00,0.055071030743420124
2026-08-31 15:08:00,0.055071030743420124
2026-08-31 15:09:00,0.055071030743420124
2026-08-31 15:10:00,0.05711587984114885
2026-08-31 15:11:00,0.05711587984114885
2026-08-31 15:12:00,0.05711587984114885
2026-08-31 15:13:00,0.05711587984114885
2026-08-31 15:14:00,0.05711587984114885
2026-08-31 15:15:00,0.05395033024251461
2026-08-31 15:16:00,0.05395033024251461
2026-08-31 15:17:00,0.05395033024251461
2026-08-31 15:18:00,0.05395033024251461
2026-08-31 15:19:00,0.05395033024251461
2026-08-31 15:20:00,0.0492838965728879
2026-08-31 15:21:00,0.0492838965728879
2026-08-31 15:22:00,0.0492838965728879
2026-08-31 15:23:00,0.0492838965728879
2026-08-31 15:24:00,0.0492838965728879
2026-08-31 15:25:00,0.06617267895489931
2026-08-31 15:26:00,0.06617267895489931
2026-08-31 15:27:00,0.06617267895489931
2026-08-31 15:28:00,0.06617267895489931
2026-08-31 15:29:00,0.06617267895489931
2026-08-31 15:30:00,0.08119203057140112
2026-08-31 15:31:00,0.08119203057140112
2026-08-31 15:32:00,0.08119203057140112
2026-08-31 15:33:00,0.08119203057140112
2026-08-31 15:34:00,0.08119203057140112
2026-08-31 15:35:00,0.10108708497136831
2026-08-31 15:36:00,0.10108708497136831
2026-08-31 15:37:00,0.10108708497136831
2026-08-31 15:38:00,0.10108708497136831
2026-08-31 15:39:00,0.10108708497136831
2026-08-31 15:40:00,0.12006633169949055
2026-08-31 15:41:00,0.12006633169949055
2026-08-31 15:42:00,0.12006633169949055
2026-08-31 15:43:00,0.12006633169949055
2026-08-31 15:44:00,0.12006633169949055
2026-08-31 15:45:00,0.10302686132490635
2026-08-31 15:46:00,0.10302686132490635
2026-08-31 15:47:00,0.10302686132490635
2026-08-31 15:48:00,0.10302686132490635
2026-08-31 15:49:00,0.10302686132490635
2026-08-31 15:50:00,0.08512670826166868
2026-08-31 15:51:00,0.08512670826166868
2026-08-31 15:52:00,0.08512670826166868
2026-08-31 15:53:00,0.08512670826166868
2026-08-31 15:54:00,0.08512670826166868
2026-08-31 15:55:00,0.06718860194087029
2026-08-31 15:56:00,0.06718860194087029
2026-08-31 15:57:00,0.06718860194087029
2026-08-31 15:58:00,0.06718860194087029
2026-08-31 15:59:00,0.06718860194087029
2026-08-31 16:00:00,0.050305645912885666
2026-08-31 16:01:00,0.050305645912885666
2026-08-31 16:02:00,0.050305645912885666
2026-08-31 16:03:00,0.050305645912885666
2026-08-31 16:04:00,0.050305645912885666
2026-08-31 16:05:00,0.05172611586749554
2026-08-31 16:06:00,0.05172611586749554
2026-08-31 16:07:00,0.05172611586749554
2026-08-31 16:08:00,0.05172611586749554
2026-08-31 16:09:00,0.05172611586749554
2026-08-31 16:10:00,0.05463503208011389
2026-08-31 16:11:00,0.05463503208011389
2026-08-31 16:12:00,0.05463503208011389
2026-08-31 16:13:00,0.05463503208011389
2026-08-31 16:14:00,0.05463503208011389
2026-08-31 16:15:00,0.056882201693952084
2026-08-31 16:16:00,0.056882201693952084
2026-08-31 16:17:00,0.056882201693952084
2026-08-31 16:18:00,0.056882201693952084
2026-08-31 16:19:00,0.056882201693952084
2026-08-31 16:20:00,0.05820582527667284
2026-08-31 16:21:00,0.05820582527667284
2026-08-31 16:22:00,0.05820582527667284
2026-08-31 16:23:00,0.05820582527667284
2026-08-31 16:24:00,0.05820582527667284
2026-08-31 16:25:00,0.05614672228693962
2026-08-31 16:26:00,0.05614672228693962
2026-08-31 16:27:00,0.05614672228693962
2026-08-31 16:28:00,0.05614672228693962
2026-08-31 16:29:00,0.05614672228693962
2026-08-31 16:30:00,0.055101314559578896
2026-08-31 16:31:00,0.055101314559578896
2026-08-31 16:32:00,0.055101314559578896
2026-08-31 16:33:00,0.055101314559578896
2026-08-31 16:34:00,0.055101314559578896
2026-08-31 16:35:00,0.0548075195401907
2026-08-31 16:36:00,0.0548075195401907
2026-08-31 16:37:00,0.0548075195401907
2026-08-31 16:38:00,0.0548075195401907
2026-08-31 16:39:00,0.0548075195401907
2026-08-31 16:40:00,0.057013919577002525
2026-08-31 16:41:00,0.057013919577002525
2026-08-31 16:42:00,0.057013919577002525
2026-08-31 16:43:00,0.057013919577002525
2026-08-31 16:44:00,0.057013919577002525
2026-08-31 16:45:00,0.06008640583604574
2026-08-31 16:46:00,0.06008640583604574
2026-08-31 16:47:00,0.06008640583604574
2026-08-31 16:48:00,0.06008640583604574
2026-08-31 16:49:00,0.06008640583604574
2026-08-31 16:50:00,0.0609459038823843
2026-08-31 16:51:00,0.0609459038823843
2026-08-31 16:52:00,0.0609459038823843
2026-08-31 16:53:00,0.0609459038823843
2026-08-31 16:54:00,0.0609459038823843
2026-08-31 16:55:00,0.05971379019320011
2026-08-31 16:56:00,0.05971379019320011
2026-08-31 16:57:00,0.05971379019320011
2026-08-31 16:58:00,0.05971379019320011
2026-08-31 16:59:00,0.05971379019320011
2026-08-31 17:00:00,0.05525626614689827
2026-08-31 17:01:00,0.05525626614689827
2026-08-31 17:02:00,0.05525626614689827
2026-08-31 17:03:00,0.05525626614689827
2026-08-31 17:04:00,0.05525626614689827
2026-08-31 17:05:00,0.05071602575480938
2026-08-31 17:06:00,0.05071602575480938
2026-08-31 17:07:00,0.05071602575480938
2026-08-31 17:08:00,0.05071602575480938
2026-08-31 17:09:00,0.05071602575480938
2026-08-31 17:10:00,0.04740407504141331
2026-08-31 17:11:00,0.04740407504141331
2026-08-31 17:12:00,0.04740407504141331
2026-08-31 17:13:00,0.04740407504141331
2026-08-31 17:14:00,0.04740407504141331
2026-08-31 17:15:00,0.04663341771811247
2026-08-31 17:16:00,0.04663341771811247
2026-08-31 17:17:00,0.04663341771811247
2026-08-31 17:18:00,0.04663341771811247
2026-08-31 17:19:00,0.04663341771811247
2026-08-31 17:20:00,0.04772787354886532
2026-08-31 17:21:00,0.04772787354886532
2026-08-31 17:22:00,0.04772787354886532
2026-08-31 17:23:00,0.04772787354886532
2026-08-31 17:24:00,0.04772787354886532
2026-08-31 17:25:00,0.05055423639714718
2026-08-31 17:26:00,0.05055423639714718
2026-08-31 17:27:00,0.05055423639714718
2026-08-31 17:28:00,0.05055423639714718
2026-08-31 17:29:00,0.05055423639714718
2026-08-31 17:30:00,0.05192873813211918
2026-08-31 17:31:00,0.05192873813211918
2026-08-31 17:32:00,0.05192873813211918
2026-08-31 17:33:00,0.05192873813211918
2026-08-31 17:34:00,0.05192873813211918
2026-08-31 17:35:00,0.05137443542480469
2026-08-31 17:36:00,0.05137443542480469
2026-08-31 17:37:00,0.05137443542480469
2026-08-31 17:38:00,0.05137443542480469
2026-08-31 17:39:00,0.05137443542480469
2026-08-31 17:40:00,0.050861761905252934
2026-08-31 17:41:00,0.050861761905252934
2026-08-31 17:42:00,0.050861761905252934
2026-08-31 17:43:00,0.050861761905252934
2026-08-31 17:44:00,0.050861761905252934
2026-08-31 17:45:00,0.04760424233973026
2026-08-31 17:46:00,0.04760424233973026
2026-08-31 17:47:00,0.04760424233973026
2026-08-31 17:48:00,0.04760424233973026
2026-08-31 17:49:00,0.04760424233973026
2026-08-31 17:50:00,0.045770395547151566
2026-08-31 17:51:00,0.045770395547151566
2026-08-31 17:52:00,0.045770395547151566
2026-08-31 17:53:00,0.045770395547151566
2026-08-31 17:54:00,0.045770395547151566
2026-08-31 17:55:00,0.045168022625148296
2026-08-31 17:56:00,0.045168022625148296
2026-08-31 17:57:00,0.045168022625148296
2026-08-31 17:58:00,0.045168022625148296
2026-08-31 17:59:00,0.045168022625148296
2026-08-31 18:00:00,0.04320553597062826
2026-08-31 18:01:00,0.04320553597062826
2026-08-31 18:02:00,0.04320553597062826
2026-08-31 18:03:00,0.04320553597062826
2026-08-31 18:04:00,0.04320553597062826
2026-08-31 18:05:00,0.043962523341178894
2026-08-31 18:06:00,0.043962523341178894
2026-08-31 18:07:00,0.043962523341178894
2026-08-31 18:08:00,0.043962523341178894
2026-08-31 18:09:00,0.043962523341178894
2026-08-31 18:10:00,0.044861432164907455
2026-08-31 18:11:00,0.044861432164907455
2026-08-31 18:12:00,0.044861432164907455
2026-08-31 18:13:00,0.044861432164907455
2026-08-31 18:14:00,0.044861432164907455
2026-08-31 18:15:00,0.045952675864100456
2026-08-31 18:16:00,0.045952675864100456
2026-08-31 18:17:00,0.045952675864100456
2026-08-31 18:18:00,0.045952675864100456
2026-08-31 18:19:00,0.045952675864100456
2026-08-31 18:20:00,0.046430266462266445
2026-08-31 18:21:00,0.046430266462266445
2026-08-31 18:22:00,0.046430266462266445
2026-08-31 18:23:00,0.046430266462266445
2026-08-31 18:24:00,0.046430266462266445
2026-08-31 18:25:00,0.046044533140957355
2026-08-31 18:26:00,0.046044533140957355
2026-08-31 18:27:00,0.046044533140957355
2026-08-31 18:28:00,0.046044533140957355
2026-08-31 18:29:00,0.046044533140957355
2026-08-31 18:30:00,0.044738152995705605
2026-08-31 18:31:00,0.044738152995705605
2026-08-31 18:32:00,0.044738152995705605
2026-08-31 18:33:00,0.044738152995705605
2026-08-31 18:34:00,0.044738152995705605
2026-08-31 18:35:00,0.04314512759447098
2026-08-31 18:36:00,0.04314512759447098
2026-08-31 18:37:00,0.04314512759447098
2026-08-31 18:38:00,0.04314512759447098
2026-08-31 18:39:00,0.04314512759447098
2026-08-31 18:40:00,0.044382463209331036
2026-08-31 18:41:00,0.044382463209331036
2026-08-31 18:42:00,0.044382463209331036
2026-08-31 18:43:00,0.044382463209331036
2026-08-31 18:44:00,0.044382463209331036
2026-08-31 18:45:00,0.04385190363973379
2026-08-31 18:46:00,0.04385190363973379
2026-08-31 18:47:00,0.04385190363973379
2026-08-31 18:48:00,0.04385190363973379
2026-08-31 18:49:00,0.04385190363973379
2026-08-31 18:50:00,0.04284888319671154
2026-08-31 18:51:00,0.04284888319671154
2026-08-31 18:52:00,0.04284888319671154
2026-08-31 18:53:00,0.04284888319671154
2026-08-31 18:54:00,0.04284888319671154
2026-08-31 18:55:00,0.041631750762462616
2026-08-31 18:56:00,0.041631750762462616
2026-08-31 18:57:00,0.041631750762462616
2026-08-31 18:58:00,0.041631750762462616
2026-08-31 18:59:00,0.041631750762462616
2026-08-31 19:00:00,0.04279820807278156
2026-08-31 19:01:00,0.04279820807278156
2026-08-31 19:02:00,0.04279820807278156
2026-08-31 19:03:00,0.04279820807278156
2026-08-31 19:04:00,0.04279820807278156
2026-08-31 19:05:00,0.04687041696161032
2026-08-31 19:06:00,0.04687041696161032
2026-08-31 19:07:00,0.04687041696161032
2026-08-31 19:08:00,0.04687041696161032
2026-08-31 19:09:00,0.04687041696161032
2026-08-31 19:10:00,0.04973664227873087
2026-08-31 19:11:00,0.04973664227873087
2026-08-31 19:12:00,0.04973664227873087
2026-08-31 19:13:00,0.04973664227873087
2026-08-31 19:14:00,0.04973664227873087
2026-08-31 19:15:00,0.05171032343059778
2026-08-31 19:16:00,0.05171032343059778
2026-08-31 19:17:00,0.05171032343059778
2026-08-31 19:18:00,0.05171032343059778
2026-08-31 19:19:00,0.05171032343059778
2026-08-31 19:20:00,0.049611685797572136
2026-08-31 19:21:00,0.049611685797572136
2026-08-31 19:22:00,0.049611685797572136
2026-08-31 19:23:00,0.049611685797572136
2026-08-31 19:24:00,0.049611685797572136
2026-08-31 19:25:00,0.04785582795739174
2026-08-31 19:26:00,0.04785582795739174
2026-08-31 19:27:00,0.04785582795739174
2026-08-31 19:28:00,0.04785582795739174
2026-08-31 19:29:00,0.04785582795739174
2026-08-31 19:30:00,0.047145514748990536
2026-08-31 19:31:00,0.047145514748990536
2026-08-31 19:32:00,0.047145514748990536
2026-08-31 19:33:00,0.047145514748990536
2026-08-31 19:34:00,0.047145514748990536
2026-08-31 19:35:00,0.047382766380906105
2026-08-31 19:36:00,0.047382766380906105
2026-08-31 19:37:00,0.047382766380906105
2026-08-31 19:38:00,0.047382766380906105
2026-08-31 19:39:00,0.047382766380906105
2026-08-31 19:40:00,0.047917433083057404
2026-08-31 19:41:00,0.047917433083057404
2026-08-31 19:42:00,0.047917433083057404
2026-08-31 19:43:00,0.047917433083057404
2026-08-31 19:44:00,0.047917433083057404
2026-08-31 19:45:00,0.04702599812299013
2026-08-31 19:46:00,0.04702599812299013
2026-08-31 19:47:00,0.04702599812299013
2026-08-31 19:48:00,0.04702599812299013
2026-08-31 19:49:00,0.04702599812299013
2026-08-31 19:50:00,0.04791742004454136
2026-08-31 19:51:00,0.04791742004454136
2026-08-31 19:52:00,0.04791742004454136
2026-08-31 19:53:00,0.04791742004454136
2026-08-31 19:54:00,0.04791742004454136
2026-08-31 19:55:00,0.05138470511883497
2026-08-31 19:56:00,0.05138470511883497
2026-08-31 19:57:00,0.05138470511883497
2026-08-31 19:58:00,0.05138470511883497
2026-08-31 19:59:00,0.05138470511883497
2026-08-31 20:00:00,0.055161853320896626
2026-08-31 20:01:00,0.055161853320896626
2026-08-31 20:02:00,0.055161853320896626
2026-08-31 20:03:00,0.055161853320896626
2026-08-31 20:04:00,0.055161853320896626
2026-08-31 20:05:00,0.059895497746765614
2026-08-31 20:06:00,0.059895497746765614
2026-08-31 20:07:00,0.059895497746765614
2026-08-31 20:08:00,0.059895497746765614
2026-08-31 20:09:00,0.059895497746765614
2026-08-31 20:10:00,0.06361594796180725
2026-08-31 20:11:00,0.06361594796180725
2026-08-31 20:12:00,0.06361594796180725
2026-08-31 20:13:00,0.06361594796180725
2026-08-31 20:14:00,0.06361594796180725
2026-08-31 20:15:00,0.06362103018909693
2026-08-31 20:16:00,0.06362103018909693
2026-08-31 20:17:00,0.06362103018909693
2026-08-31 20:18:00,0.06362103018909693
2026-08-31 20:19:00,0.06362103018909693
2026-08-31 20:20:00,0.06358948908746243
2026-08-31 20:21:00,0.06358948908746243
2026-08-31 20:22:00,0.06358948908746243
2026-08-31 20:23:00,0.06358948908746243
2026-08-31 20:24:00,0.06358948908746243
2026-08-31 20:25:00,0.06032823212444782
2026-08-31 20:26:00,0.06032823212444782
2026-08-31 20:27:00,0.06032823212444782
2026-08-31 20:28:00,0.06032823212444782
2026-08-31 20:29:00,0.06032823212444782
2026-08-31 20:30:00,0.055533154867589474
2026-08-31 20:31:00,0.055533154867589474
2026-08-31 20:32:00,0.055533154867589474
2026-08-31 20:33:00,0.055533154867589474
2026-08-31 20:34:00,0.055533154867589474
2026-08-31 20:35:00,0.053361400961875916
2026-08-31 20:36:00,0.053361400961875916
2026-08-31 20:37:00,0.053361400961875916
2026-08-31 20:38:00,0.053361400961875916
2026-08-31 20:39:00,0.053361400961875916
2026-08-31 20:40:00,0.05480418726801872
2026-08-31 20:41:00,0.05480418726801872
2026-08-31 20:42:00,0.05480418726801872
2026-08-31 20:43:00,0.05480418726801872
2026-08-31 20:44:00,0.05480418726801872
2026-08-31 20:45:00,0.058206453919410706
2026-08-31 20:46:00,0.058206453919410706
2026-08-31 20:47:00,0.058206453919410706
2026-08-31 20:48:00,0.058206453919410706
2026-08-31 20:49:00,0.058206453919410706
2026-08-31 20:50:00,0.06206096801906824
2026-08-31 20:51:00,0.06206096801906824
2026-08-31 20:52:00,0.06206096801906824
2026-08-31 20:53:00,0.06206096801906824
2026-08-31 20:54:00,0.06206096801906824
2026-08-31 20:55:00,0.06384592410176992
2026-08-31 20:56:00,0.06384592410176992
2026-08-31 20:57:00,0.06384592410176992
2026-08-31 20:58:00,0.06384592410176992
2026-08-31 20:59:00,0.06384592410176992
2026-08-31 21:00:00,0.058437082916498184
2026-08-31 21:01:00,0.058437082916498184
2026-08-31 21:02:00,0.058437082916498184
2026-08-31 21:03:00,0.058437082916498184
2026-08-31 21:04:00,0.058437082916498184
2026-08-31 21:05:00,0.052364224568009377
2026-08-31 21:06:00,0.052364224568009377
2026-08-31 21:07:00,0.052364224568009377
2026-08-31 21:08:00,0.052364224568009377
2026-08-31 21:09:00,0.052364224568009377
2026-08-31 21:10:00,0.04788282327353954
2026-08-31 21:11:00,0.04788282327353954
2026-08-31 21:12:00,0.04788282327353954
2026-08-31 21:13:00,0.04788282327353954
2026-08-31 21:14:00,0.04788282327353954
2026-08-31 21:15:00,0.04697528015822172
2026-08-31 21:16:00,0.04697528015822172
2026-08-31 21:17:00,0.04697528015822172
2026-08-31 21:18:00,0.04697528015822172
2026-08-31 21:19:00,0.04697528015822172
2026-08-31 21:20:00,0.048052070662379265
2026-08-31 21:21:00,0.048052070662379265
2026-08-31 21:22:00,0.048052070662379265
2026-08-31 21:23:00,0.048052070662379265
2026-08-31 21:24:00,0.048052070662379265
2026-08-31 21:25:00,0.05004062317311764
2026-08-31 21:26:00,0.05004062317311764
2026-08-31 21:27:00,0.05004062317311764
2026-08-31 21:28:00,0.05004062317311764
2026-08-31 21:29:00,0.05004062317311764
2026-08-31 21:30:00,0.05240163207054138
2026-08-31 21:31:00,0.05240163207054138
2026-08-31 21:32:00,0.05240163207054138
2026-08-31 21:33:00,0.05240163207054138
2026-08-31 21:34:00,0.05240163207054138
2026-08-31 21:35:00,0.050620163790881634
2026-08-31 21:36:00,0.050620163790881634
2026-08-31 21:37:00,0.050620163790881634
2026-08-31 21:38:00,0.050620163790881634
2026-08-31 21:39:00,0.050620163790881634
2026-08-31 21:40:00,0.05105036683380604
2026-08-31 21:41:00,0.05105036683380604
2026-08-31 21:42:00,0.05105036683380604
2026-08-31 21:43:00,0.05105036683380604
2026-08-31 21:44:00,0.05105036683380604
2026-08-31 21:45:00,0.0527309812605381
2026-08-31 21:46:00,0.0527309812605381
2026-08-31 21:47:00,0.0527309812605381
2026-08-31 21:48:00,0.0527309812605381
2026-08-31 21:49:00,0.0527309812605381
2026-08-31 21:50:00,0.05328807607293129
2026-08-31 21:51:00,0.05328807607293129
2026-08-31 21:52:00,0.05328807607293129
2026-08-31 21:53:00,0.05328807607293129
2026-08-31 21:54:00,0.05328807607293129
2026-08-31 21:55:00,0.055357346311211586
2026-08-31 21:56:00,0.055357346311211586
2026-08-31 21:57:00,0.055357346311211586
2026-08-31 21:58:00,0.055357346311211586
2026-08-31 21:59:00,0.055357346311211586
2026-08-31 22:00:00,0.05542322713881731
2026-08-31 22:01:00,0.05542322713881731
2026-08-31 22:02:00,0.05542322713881731
2026-08-31 22:03:00,0.05542322713881731
2026-08-31 22:04:00,0.05542322713881731
2026-08-31 22:05:00,0.054397168569266796
2026-08-31 22:06:00,0.054397168569266796
2026-08-31 22:07:00,0.054397168569266796
2026-08-31 22:08:00,0.054397168569266796
2026-08-31 22:09:00,0.054397168569266796
2026-08-31 22:10:00,0.05246788263320923
2026-08-31 22:11:00,0.05246788263320923
2026-08-31 22:12:00,0.05246788263320923
2026-08-31 22:13:00,0.05246788263320923
2026-08-31 22:14:00,0.05246788263320923
2026-08-31 22:15:00,0.04785485379397869
2026-08-31 22:16:00,0.04785485379397869
2026-08-31 22:17:00,0.04785485379397869
2026-08-31 22:18:00,0.04785485379397869
2026-08-31 22:19:00,0.04785485379397869
2026-08-31 22:20:00,0.04422047920525074
2026-08-31 22:21:00,0.04422047920525074
2026-08-31 22:22:00,0.04422047920525074
2026-08-31 22:23:00,0.04422047920525074
2026-08-31 22:24:00,0.04422047920525074
2026-08-31 22:25:00,0.04276018124073744
2026-08-31 22:26:00,0.04276018124073744
2026-08-31 22:27:00,0.04276018124073744
2026-08-31 22:28:00,0.04276018124073744
2026-08-31 22:29:00,0.04276018124073744
2026-08-31 22:30:00,0.0427887262776494
2026-08-31 22:31:00,0.0427887262776494
2026-08-31 22:32:00,0.0427887262776494
2026-08-31 22:33:00,0.0427887262776494
2026-08-31 22:34:00,0.0427887262776494
2026-08-31 22:35:00,0.04682447109371424
2026-08-31 22:36:00,0.04682447109371424
2026-08-31 22:37:00,0.04682447109371424
2026-08-31 22:38:00,0.04682447109371424
2026-08-31 22:39:00,0.04682447109371424
2026-08-31 22:40:00,0.05221879016608
2026-08-31 22:41:00,0.05221879016608
2026-08-31 22:42:00,0.05221879016608
2026-08-31 22:43:00,0.05221879016608
2026-08-31 22:44:00,0.05221879016608
2026-08-31 22:45:00,0.055464282631874084
2026-08-31 22:46:00,0.055464282631874084
2026-08-31 22:47:00,0.055464282631874084
2026-08-31 22:48:00,0.055464282631874084
2026-08-31 22:49:00,0.055464282631874084
2026-08-31 22:50:00,0.05462600104510784
2026-08-31 22:51:00,0.05462600104510784
2026-08-31 22:52:00,0.05462600104510784
2026-08-31 22:53:00,0.05462600104510784
2026-08-31 22:54:00,0.05462600104510784
2026-08-31 22:55:00,0.05420857109129429
2026-08-31 22:56:00,0.05420857109129429
2026-08-31 22:57:00,0.05420857109129429
2026-08-31 22:58:00,0.05420857109129429
2026-08-31 22:59:00,0.05420857109129429
2026-08-31 23:00:00,0.054096661508083344
2026-08-31 23:01:00,0.054096661508083344
2026-08-31 23:02:00,0.054096661508083344
2026-08-31 23:03:00,0.054096661508083344
2026-08-31 23:04:00,0.054096661508083344
2026-08-31 23:05:00,0.05289586167782545
2026-08-31 23:06:00,0.05289586167782545
2026-08-31 23:07:00,0.05289586167782545
2026-08-31 23:08:00,0.05289586167782545
2026-08-31 23:09:00,0.05289586167782545
2026-08-31 23:10:00,0.056953953579068184
2026-08-31 23:11:00,0.056953953579068184
2026-08-31 23:12:00,0.056953953579068184
2026-08-31 23:13:00,0.056953953579068184
2026-08-31 23:14:00,0.056953953579068184
2026-08-31 23:15:00,0.0612926771864295
2026-08-31 23:16:00,0.0612926771864295
2026-08-31 23:17:00,0.0612926771864295
2026-08-31 23:18:00,0.0612926771864295
2026-08-31 23:19:00,0.0612926771864295
2026-08-31 23:20:00,0.06193033792078495
2026-08-31 23:21:00,0.06193033792078495
2026-08-31 23:22:00,0.06193033792078495
2026-08-31 23:23:00,0.06193033792078495
2026-08-31 23:24:00,0.06193033792078495
2026-08-31 23:25:00,0.060259388759732246
2026-08-31 23:26:00,0.060259388759732246
2026-08-31 23:27:00,0.060259388759732246
2026-08-31 23:28:00,0.060259388759732246
2026-08-31 23:29:00,0.060259388759732246
2026-08-31 23:30:00,0.05559604801237583
2026-08-31 23:31:00,0.05559604801237583
2026-08-31 23:32:00,0.05559604801237583
2026-08-31 23:33:00,0.05559604801237583
2026-08-31 23:34:00,0.05559604801237583
2026-08-31 23:35:00,0.05178921949118376
2026-08-31 23:36:00,0.05178921949118376
2026-08-31 23:37:00,0.05178921949118376
2026-08-31 23:38:00,0.05178921949118376
2026-08-31 23:39:00,0.05178921949118376
2026-08-31 23:40:00,0.05072314664721489
2026-08-31 23:41:00,0.05072314664721489
2026-08-31 23:42:00,0.05072314664721489
2026-08-31 23:43:00,0.05072314664721489
2026-08-31 23:44:00,0.05072314664721489
2026-08-31 23:45:00,0.052931156009435654
2026-08-31 23:46:00,0.052931156009435654
2026-08-31 23:47:00,0.052931156009435654
2026-08-31 23:48:00,0.052931156009435654
2026-08-31 23:49:00,0.052931156009435654
2026-08-31 23:50:00,0.056646691635251045
2026-08-31 23:51:00,0.056646691635251045
2026-08-31 23:52:00,0.056646691635251045
2026-08-31 23:53:00,0.056646691635251045
2026-08-31 23:54:00,0.056646691635251045
2026-08-31 23:55:00,0.055874050594866276
2026-08-31 23:56:00,0.055874050594866276
2026-08-31 23:57:00,0.055874050594866276
2026-08-31 23:58:00,0.055874050594866276
2026-08-31 23:59:00,0.055874050594866276
2026-09-01 00:00:00,0.05355689860880375
2026-09-01 00:01:00,0.05355689860880375
2026-09-01 00:02:00,0.05355689860880375
2026-09-01 00:03:00,0.05355689860880375
2026-09-01 00:04:00,0.05355689860880375
2026-09-01 00:05:00,0.05007539689540863
2026-09-01 00:06:00,0.05007539689540863
2026-09-01 00:07:00,0.05007539689540863
2026-09-01 00:08:00,0.05007539689540863
2026-09-01 00:09:00,0.05007539689540863
2026-09-01 00:10:00,0.04489429946988821
2026-09-01 00:11:00,0.04489429946988821
2026-09-01 00:12:00,0.04489429946988821
2026-09-01 00:13:00,0.04489429946988821
2026-09-01 00:14:00,0.04489429946988821
2026-09-01 00:15:00,0.07236829865723848
2026-09-01 00:16:00,0.07236829865723848
2026-09-01 00:17:00,0.07236829865723848
2026-09-01 00:18:00,0.07236829865723848
2026-09-01 00:19:00,0.07236829865723848
2026-09-01 00:20:00,0.10049070231616497
2026-09-01 00:21:00,0.10049070231616497
2026-09-01 00:22:00,0.10049070231616497
2026-09-01 00:23:00,0.10049070231616497
2026-09-01 00:24:00,0.10049070231616497
2026-09-01 00:25:00,0.12849621381610632
2026-09-01 00:26:00,0.12849621381610632
2026-09-01 00:27:00,0.12849621381610632
2026-09-01 00:28:00,0.12849621381610632
2026-09-01 00:29:00,0.12849621381610632
2026-09-01 00:30:00,0.15796608105301857
2026-09-01 00:31:00,0.15796608105301857
2026-09-01 00:32:00,0.15796608105301857
2026-09-01 00:33:00,0.15796608105301857
2026-09-01 00:34:00,0.15796608105301857
2026-09-01 00:35:00,0.13289011176675558
2026-09-01 00:36:00,0.13289011176675558
2026-09-01 00:37:00,0.13289011176675558
2026-09-01 00:38:00,0.13289011176675558
2026-09-01 00:39:00,0.13289011176675558
2026-09-01 00:40:00,0.10794605780392885
2026-09-01 00:41:00,0.10794605780392885
2026-09-01 00:42:00,0.10794605780392885
2026-09-01 00:43:00,0.10794605780392885
2026-09-01 00:44:00,0.10794605780392885
2026-09-01 00:45:00,0.08479766827076674
2026-09-01 00:46:00,0.08479766827076674
2026-09-01 00:47:00,0.08479766827076674
2026-09-01 00:48:00,0.08479766827076674
2026-09-01 00:49:00,0.08479766827076674
2026-09-01 00:50:00,0.06399878393858671
2026-09-01 00:51:00,0.06399878393858671
2026-09-01 00:52:00,0.06399878393858671
2026-09-01 00:53:00,0.06399878393858671
2026-09-01 00:54:00,0.06399878393858671
2026-09-01 00:55:00,0.0634697349742055
2026-09-01 00:56:00,0.0634697349742055
2026-09-01 00:57:00,0.0634697349742055
2026-09-01 00:58:00,0.0634697349742055
2026-09-01 00:59:00,0.0634697349742055
2026-09-01 01:00:00,0.061288182623684406
2026-09-01 01:01:00,0.061288182623684406
2026-09-01 01:02:00,0.061288182623684406
2026-09-01 01:03:00,0.061288182623684406
2026-09-01 01:04:00,0.061288182623684406
2026-09-01 01:05:00,0.057130830362439156
2026-09-01 01:06:00,0.057130830362439156
2026-09-01 01:07:00,0.057130830362439156
2026-09-01 01:08:00,0.057130830362439156
2026-09-01 01:09:00,0.057130830362439156
2026-09-01 01:10:00,0.0510916979983449
2026-09-01 01:11:00,0.0510916979983449
2026-09-01 01:12:00,0.0510916979983449
2026-09-01 01:13:00,0.0510916979983449
2026-09-01 01:14:00,0.0510916979983449
2026-09-01 01:15:00,0.047799077816307545
2026-09-01 01:16:00,0.047799077816307545
2026-09-01 01:17:00,0.047799077816307545
2026-09-01 01:18:00,0.047799077816307545
2026-09-01 01:19:00,0.047799077816307545
2026-09-01 01:20:00,0.04660032503306866
2026-09-01 01:21:00,0.04660032503306866
2026-09-01 01:22:00,0.04660032503306866
2026-09-01 01:23:00,0.04660032503306866
2026-09-01 01:24:00,0.04660032503306866
2026-09-01 01:25:00,0.045049128122627735
2026-09-01 01:26:00,0.045049128122627735
2026-09-01 01:27:00,0.045049128122627735
2026-09-01 01:28:00,0.045049128122627735
2026-09-01 01:29:00,0.045049128122627735
2026-09-01 01:30:00,0.04313189536333084
2026-09-01 01:31:00,0.04313189536333084
2026-09-01 01:32:00,0.04313189536333084
2026-09-01 01:33:00,0.04313189536333084
2026-09-01 01:34:00,0.04313189536333084
2026-09-01 01:35:00,0.041939775459468365
2026-09-01 01:36:00,0.041939775459468365
2026-09-01 01:37:00,0.041939775459468365
2026-09-01 01:38:00,0.041939775459468365
2026-09-01 01:39:00,0.041939775459468365
2026-09-01 01:40:00,0.04161184560507536
2026-09-01 01:41:00,0.04161184560507536
2026-09-01 01:42:00,0.04161184560507536
2026-09-01 01:43:00,0.04161184560507536
2026-09-01 01:44:00,0.04161184560507536
2026-09-01 01:45:00,0.042045813985168934
2026-09-01 01:46:00,0.042045813985168934
2026-09-01 01:47:00,0.042045813985168934
2026-09-01 01:48:00,0.042045813985168934
2026-09-01 01:49:00,0.042045813985168934
2026-09-01 01:50:00,0.04174945782870054
2026-09-01 01:51:00,0.04174945782870054
2026-09-01 01:52:00,0.04174945782870054
2026-09-01 01:53:00,0.04174945782870054
2026-09-01 01:54:00,0.04174945782870054
2026-09-01 01:55:00,0.04154848866164684
2026-09-01 01:56:00,0.04154848866164684
2026-09-01 01:57:00,0.04154848866164684
2026-09-01 01:58:00,0.04154848866164684
2026-09-01 01:59:00,0.04154848866164684
2026-09-01 02:00:00,0.04293510038405657
2026-09-01 02:01:00,0.04293510038405657
2026-09-01 02:02:00,0.04293510038405657
2026-09-01 02:03:00,0.04293510038405657
2026-09-01 02:04:00,0.04293510038405657
2026-09-01 02:05:00,0.04670912865549326
2026-09-01 02:06:00,0.04670912865549326
2026-09-01 02:07:00,0.04670912865549326
2026-09-01 02:08:00,0.04670912865549326
2026-09-01 02:09:00,0.04670912865549326
2026-09-01 02:10:00,0.05166947375983
2026-09-01 02:11:00,0.05166947375983
2026-09-01 02:12:00,0.05166947375983
2026-09-01 02:13:00,0.05166947375983
2026-09-01 02:14:00,0.05166947375983
2026-09-01 02:15:00,0.055318789556622505
2026-09-01 02:16:00,0.055318789556622505
2026-09-01 02:17:00,0.055318789556622505
2026-09-01 02:18:00,0.055318789556622505
2026-09-01 02:19:00,0.055318789556622505
2026-09-01 02:20:00,0.055402496829628944
2026-09-01 02:21:00,0.055402496829628944
2026-09-01 02:22:00,0.055402496829628944
2026-09-01 02:23:00,0.055402496829628944
2026-09-01 02:24:00,0.055402496829628944
2026-09-01 02:25:00,0.055462378077208996
2026-09-01 02:26:00,0.055462378077208996
2026-09-01 02:27:00,0.055462378077208996
2026-09-01 02:28:00,0.055462378077208996
2026-09-01 02:29:00,0.055462378077208996
2026-09-01 02:30:00,0.057648359797894955
2026-09-01 02:31:00,0.057648359797894955
2026-09-01 02:32:00,0.057648359797894955
2026-09-01 02:33:00,0.057648359797894955
2026-09-01 02:34:00,0.057648359797894955
2026-09-01 02:35:00,0.06016987469047308
2026-09-01 02:36:00,0.06016987469047308
2026-09-01 02:37:00,0.06016987469047308
2026-09-01 02:38:00,0.06016987469047308
2026-09-01 02:39:00,0.06016987469047308
2026-09-01 02:40:00,0.06568393390625715
2026-09-01 02:41:00,0.06568393390625715
2026-09-01 02:42:00,0.06568393390625715
2026-09-01 02:43:00,0.06568393390625715
2026-09-01 02:44:00,0.06568393390625715
2026-09-01 02:45:00,0.06597648374736309
2026-09-01 02:46:00,0.06597648374736309
2026-09-01 02:47:00,0.06597648374736309
2026-09-01 02:48:00,0.06597648374736309
2026-09-01 02:49:00,0.06597648374736309
2026-09-01 02:50:00,0.060620701871812344
2026-09-01 02:51:00,0.060620701871812344
2026-09-01 02:52:00,0.060620701871812344
2026-09-01 02:53:00,0.060620701871812344
2026-09-01 02:54:00,0.060620701871812344
2026-09-01 02:55:00,0.05535983480513096
2026-09-01 02:56:00,0.05535983480513096
2026-09-01 02:57:00,0.05535983480513096
2026-09-01 02:58:00,0.05535983480513096
2026-09-01 02:59:00,0.05535983480513096
2026-09-01 03:00:00,0.05156019330024719
2026-09-01 03:01:00,0.05156019330024719
2026-09-01 03:02:00,0.05156019330024719
2026-09-01 03:03:00,0.05156019330024719
2026-09-01 03:04:00,0.05156019330024719
2026-09-01 03:05:00,0.051321711391210556
2026-09-01 03:06:00,0.051321711391210556
2026-09-01 03:07:00,0.051321711391210556
2026-09-01 03:08:00,0.051321711391210556
2026-09-01 03:09:00,0.051321711391210556
2026-09-01 03:10:00,0.054775429889559746
2026-09-01 03:11:00,0.054775429889559746
2026-09-01 03:12:00,0.054775429889559746
2026-09-01 03:13:00,0.054775429889559746
2026-09-01 03:14:00,0.054775429889559746
2026-09-01 03:15:00,0.06025648396462202
2026-09-01 03:16:00,0.06025648396462202
2026-09-01 03:17:00,0.06025648396462202
2026-09-01 03:18:00,0.06025648396462202
2026-09-01 03:19:00,0.06025648396462202
2026-09-01 03:20:00,0.058756119571626186
2026-09-01 03:21:00,0.058756119571626186
2026-09-01 03:22:00,0.058756119571626186
2026-09-01 03:23:00,0.058756119571626186
2026-09-01 03:24:00,0.058756119571626186
2026-09-01 03:25:00,0.0571132292971015
2026-09-01 03:26:00,0.0571132292971015
2026-09-01 03:27:00,0.0571132292971015
2026-09-01 03:28:00,0.0571132292971015
2026-09-01 03:29:00,0.0571132292971015
2026-09-01 03:30:00,0.05523579753935337
2026-09-01 03:31:00,0.05523579753935337
2026-09-01 03:32:00,0.05523579753935337
2026-09-01 03:33:00,0.05523579753935337
2026-09-01 03:34:00,0.05523579753935337
2026-09-01 03:35:00,0.05038114823400974
2026-09-01 03:36:00,0.05038114823400974
2026-09-01 03:37:00,0.05038114823400974
2026-09-01 03:38:00,0.05038114823400974
2026-09-01 03:39:00,0.05038114823400974
2026-09-01 03:40:00,0.049617561511695385
2026-09-01 03:41:00,0.049617561511695385
2026-09-01 03:42:00,0.049617561511695385
2026-09-01 03:43:00,0.049617561511695385
2026-09-01 03:44:00,0.049617561511695385
2026-09-01 03:45:00,0.05005404260009527
2026-09-01 03:46:00,0.05005404260009527
2026-09-01 03:47:00,0.05005404260009527
2026-09-01 03:48:00,0.05005404260009527
2026-09-01 03:49:00,0.05005404260009527
2026-09-01 03:50:00,0.05282330419868231
2026-09-01 03:51:00,0.05282330419868231
2026-09-01 03:52:00,0.05282330419868231
2026-09-01 03:53:00,0.05282330419868231
2026-09-01 03:54:00,0.05282330419868231
2026-09-01 03:55:00,0.057083078660070896
2026-09-01 03:56:00,0.057083078660070896
2026-09-01 03:57:00,0.057083078660070896
2026-09-01 03:58:00,0.057083078660070896
2026-09-01 03:59:00,0.057083078660070896
2026-09-01 04:00:00,0.06162666156888008
2026-09-01 04:01:00,0.06162666156888008
2026-09-01 04:02:00,0.06162666156888008
2026-09-01 04:03:00,0.06162666156888008
2026-09-01 04:04:00,0.06162666156888008
2026-09-01 04:05:00,0.06488722935318947
2026-09-01 04:06:00,0.06488722935318947
2026-09-01 04:07:00,0.06488722935318947
2026-09-01 04:08:00,0.06488722935318947
2026-09-01 04:09:00,0.06488722935318947
2026-09-01 04:10:00,0.06243524979799986
2026-09-01 04:11:00,0.06243524979799986
2026-09-01 04:12:00,0.06243524979799986
2026-09-01 04:13:00,0.06243524979799986
2026-09-01 04:14:00,0.06243524979799986
2026-09-01 04:15:00,0.05983178224414587
2026-09-01 04:16:00,0.05983178224414587
2026-09-01 04:17:00,0.05983178224414587
2026-09-01 04:18:00,0.05983178224414587
2026-09-01 04:19:00,0.05983178224414587
2026-09-01 04:20:00,0.0549918906763196
2026-09-01 04:21:00,0.0549918906763196
2026-09-01 04:22:00,0.0549918906763196
2026-09-01 04:23:00,0.0549918906763196
2026-09-01 04:24:00,0.0549918906763196
2026-09-01 04:25:00,0.050636581145226955
2026-09-01 04:26:00,0.050636581145226955
2026-09-01 04:27:00,0.050636581145226955
2026-09-01 04:28:00,0.050636581145226955
2026-09-01 04:29:00,0.050636581145226955
2026-09-01 04:30:00,0.048982562497258186
2026-09-01 04:31:00,0.048982562497258186
2026-09-01 04:32:00,0.048982562497258186
2026-09-01 04:33:00,0.048982562497258186
2026-09-01 04:34:00,0.048982562497258186
2026-09-01 04:35:00,0.046408768743276596
2026-09-01 04:36:00,0.046408768743276596
2026-09-01 04:37:00,0.046408768743276596
2026-09-01 04:38:00,0.046408768743276596
2026-09-01 04:39:00,0.046408768743276596
2026-09-01 04:40:00,0.04685761407017708
2026-09-01 04:41:00,0.04685761407017708
2026-09-01 04:42:00,0.04685761407017708
2026-09-01 04:43:00,0.04685761407017708
2026-09-01 04:44:00,0.04685761407017708
2026-09-01 04:45:00,0.04652479849755764
2026-09-01 04:46:00,0.04652479849755764
2026-09-01 04:47:00,0.04652479849755764
2026-09-01 04:48:00,0.04652479849755764
2026-09-01 04:49:00,0.04652479849755764
2026-09-01 04:50:00,0.07609649375081062
2026-09-01 04:51:00,0.07609649375081062
2026-09-01 04:52:00,0.07609649375081062
2026-09-01 04:53:00,0.07609649375081062
2026-09-01 04:54:00,0.07609649375081062
2026-09-01 04:55:00,0.10660846717655659
2026-09-01 04:56:00,0.10660846717655659
2026-09-01 04:57:00,0.10660846717655659
2026-09-01 04:58:00,0.10660846717655659
2026-09-01 04:59:00,0.10660846717655659
2026-09-01 05:00:00,0.13581742718815804
2026-09-01 05:01:00,0.13581742718815804
2026-09-01 05:02:00,0.13581742718815804
2026-09-01 05:03:00,0.13581742718815804
2026-09-01 05:04:00,0.13581742718815804
2026-09-01 05:05:00,0.1660582199692726
2026-09-01 05:06:00,0.1660582199692726
2026-09-01 05:07:00,0.1660582199692726
2026-09-01 05:08:00,0.1660582199692726
2026-09-01 05:09:00,0.1660582199692726
2026-09-01 05:10:00,0.1372789368033409
2026-09-01 05:11:00,0.1372789368033409
2026-09-01 05:12:00,0.1372789368033409
2026-09-01 05:13:00,0.1372789368033409
2026-09-01 05:14:00,0.1372789368033409
2026-09-01 05:15:00,0.10894456412643194
2026-09-01 05:16:00,0.10894456412643194
2026-09-01 05:17:00,0.10894456412643194
2026-09-01 05:18:00,0.10894456412643194
2026-09-01 05:19:00,0.10894456412643194
2026-09-01 05:20:00,0.08214439358562231
2026-09-01 05:21:00,0.08214439358562231
2026-09-01 05:22:00,0.08214439358562231
2026-09-01 05:23:00,0.08214439358562231
2026-09-01 05:24:00,0.08214439358562231
2026-09-01 05:25:00,0.0561734726652503
2026-09-01 05:26:00,0.0561734726652503
2026-09-01 05:27:00,0.0561734726652503
2026-09-01 05:28:00,0.0561734726652503
2026-09-01 05:29:00,0.0561734726652503
2026-09-01 05:30:00,0.06014405842870474
2026-09-01 05:31:00,0.06014405842870474
2026-09-01 05:32:00,0.06014405842870474
2026-09-01 05:33:00,0.06014405842870474
2026-09-01 05:34:00,0.06014405842870474
2026-09-01 05:35:00,0.06234164349734783
2026-09-01 05:36:00,0.06234164349734783
2026-09-01 05:37:00,0.06234164349734783
2026-09-01 05:38:00,0.06234164349734783
2026-09-01 05:39:00,0.06234164349734783
2026-09-01 05:40:00,0.062210166826844215
2026-09-01 05:41:00,0.062210166826844215
2026-09-01 05:42:00,0.062210166826844215
2026-09-01 05:43:00,0.062210166826844215
2026-09-01 05:44:00,0.062210166826844215
2026-09-01 05:45:00,0.06113488506525755
2026-09-01 05:46:00,0.06113488506525755
2026-09-01 05:47:00,0.06113488506525755
2026-09-01 05:48:00,0.06113488506525755
2026-09-01 05:49:00,0.06113488506525755
2026-09-01 05:50:00,0.06254825834184885
2026-09-01 05:51:00,0.06254825834184885
2026-09-01 05:52:00,0.06254825834184885
2026-09-01 05:53:00,0.06254825834184885
2026-09-01 05:54:00,0.06254825834184885
2026-09-01 05:55:00,0.27441982086747885
2026-09-01 05:56:00,0.27441982086747885
2026-09-01 05:57:00,0.27441982086747885
2026-09-01 05:58:00,0.27441982086747885
2026-09-01 05:59:00,0.27441982086747885
2026-09-01 06:00:00,0.5463245203718543
2026-09-01 06:01:00,0.5463245203718543
2026-09-01 06:02:00,0.5463245203718543
2026-09-01 06:03:00,0.5463245203718543
2026-09-01 06:04:00,0.5463245203718543
2026-09-01 06:05:00,0.8179224114865065
2026-09-01 06:06:00,0.8179224114865065
2026-09-01 06:07:00,0.8179224114865065
2026-09-01 06:08:00,0.8179224114865065
2026-09-01 06:09:00,0.8179224114865065
2026-09-01 06:10:00,1.088888719677925
2026-09-01 06:11:00,1.088888719677925
2026-09-01 06:12:00,1.088888719677925
2026-09-01 06:13:00,1.088888719677925
2026-09-01 06:14:00,1.088888719677925
2026-09-01 06:15:00,1.1501685082912445
2026-09-01 06:16:00,1.1501685082912445
2026-09-01 06:17:00,1.1501685082912445
2026-09-01 06:18:00,1.1501685082912445
2026-09-01 06:19:00,1.1501685082912445
2026-09-01 06:20:00,1.1593107283115387
2026-09-01 06:21:00,1.1593107283115387
2026-09-01 06:22:00,1.1593107283115387
2026-09-01 06:23:00,1.1593107283115387
2026-09-01 06:24:00,1.1593107283115387
2026-09-01 06:25:00,1.168236881494522
2026-09-01 06:26:00,1.168236881494522
2026-09-01 06:27:00,1.168236881494522
2026-09-01 06:28:00,1.168236881494522
2026-09-01 06:29:00,1.168236881494522
2026-09-01 06:30:00,1.158771961927414
2026-09-01 06:31:00,1.158771961927414
2026-09-01 06:32:00,1.158771961927414
2026-09-01 06:33:00,1.158771961927414
2026-09-01 06:34:00,1.158771961927414
2026-09-01 06:35:00,1.1843765377998352
2026-09-01 06:36:00,1.1843765377998352
2026-09-01 06:37:00,1.1843765377998352
2026-09-01 06:38:00,1.1843765377998352
2026-09-01 06:39:00,1.1843765377998352
2026-09-01 06:40:00,1.2024787962436676
2026-09-01 06:41:00,1.2024787962436676
2026-09-01 06:42:00,1.2024787962436676
2026-09-01 06:43:00,1.2024787962436676
2026-09-01 06:44:00,1.2024787962436676
2026-09-01 06:45:00,1.220699280500412
2026-09-01 06:46:00,1.220699280500412
2026-09-01 06:47:00,1.220699280500412
2026-09-01 06:48:00,1.220699280500412
2026-09-01 06:49:00,1.220699280500412
2026-09-01 06:50:00,1.0025667324662209
2026-09-01 06:51:00,1.0025667324662209
2026-09-01 06:52:00,1.0025667324662209
2026-09-01 06:53:00,1.0025667324662209
2026-09-01 06:54:00,1.0025667324662209
2026-09-01 06:55:00,0.7503241896629333
2026-09-01 06:56:00,0.7503241896629333
2026-09-01 06:57:00,0.7503241896629333
2026-09-01 06:58:00,0.7503241896629333
2026-09-01 06:59:00,0.7503241896629333
2026-09-01 07:00:00,0.49907711148262024
2026-09-01 07:01:00,0.49907711148262024
2026-09-01 07:02:00,0.49907711148262024
2026-09-01 07:03:00,0.49907711148262024
2026-09-01 07:04:00,0.49907711148262024
2026-09-01 07:05:00,0.24680723249912262
2026-09-01 07:06:00,0.24680723249912262
2026-09-01 07:07:00,0.24680723249912262
2026-09-01 07:08:00,0.24680723249912262
2026-09-01 07:09:00,0.24680723249912262
2026-09-01 07:10:00,0.24794475734233856
2026-09-01 07:11:00,0.24794475734233856
2026-09-01 07:12:00,0.24794475734233856
2026-09-01 07:13:00,0.24794475734233856
2026-09-01 07:14:00,0.24794475734233856
2026-09-01 07:15:00,0.24741458147764206
2026-09-01 07:16:00,0.24741458147764206
2026-09-01 07:17:00,0.24741458147764206
2026-09-01 07:18:00,0.24741458147764206
2026-09-01 07:19:00,0.24741458147764206
2026-09-01 07:20:00,0.2397492155432701
2026-09-01 07:21:00,0.2397492155432701
2026-09-01 07:22:00,0.2397492155432701
2026-09-01 07:23:00,0.2397492155432701
2026-09-01 07:24:00,0.2397492155432701
2026-09-01 07:25:00,0.2329467497766018
2026-09-01 07:26:00,0.2329467497766018
2026-09-01 07:27:00,0.2329467497766018
2026-09-01 07:28:00,0.2329467497766018
2026-09-01 07:29:00,0.2329467497766018
2026-09-01 07:30:00,0.22727452963590622
2026-09-01 07:31:00,0.22727452963590622
2026-09-01 07:32:00,0.22727452963590622
2026-09-01 07:33:00,0.22727452963590622
2026-09-01 07:34:00,0.22727452963590622
2026-09-01 07:35:00,0.25381193310022354
2026-09-01 07:36:00,0.25381193310022354
2026-09-01 07:37:00,0.25381193310022354
2026-09-01 07:38:00,0.25381193310022354
2026-09-01 07:39:00,0.25381193310022354
2026-09-01 07:40:00,0.28491514921188354
2026-09-01 07:41:00,0.28491514921188354
2026-09-01 07:42:00,0.28491514921188354
2026-09-01 07:43:00,0.28491514921188354
2026-09-01 07:44:00,0.28491514921188354
2026-09-01 07:45:00,0.3154958225786686
2026-09-01 07:46:00,0.3154958225786686
2026-09-01 07:47:00,0.3154958225786686
2026-09-01 07:48:00,0.3154958225786686
2026-09-01 07:49:00,0.3154958225786686
2026-09-01 07:50:00,0.26891141571104527
2026-09-01 07:51:00,0.26891141571104527
2026-09-01 07:52:00,0.26891141571104527
2026-09-01 07:53:00,0.26891141571104527
2026-09-01 07:54:00,0.26891141571104527
2026-09-01 07:55:00,0.19202667009085417
2026-09-01 07:56:00,0.19202667009085417
2026-09-01 07:57:00,0.19202667009085417
2026-09-01 07:58:00,0.19202667009085417
2026-09-01 07:59:00,0.19202667009085417
2026-09-01 08:00:00,0.11745537910610437
2026-09-01 08:01:00,0.11745537910610437
2026-09-01 08:02:00,0.11745537910610437
2026-09-01 08:03:00,0.11745537910610437
2026-09-01 08:04:00,0.11745537910610437
2026-09-01 08:05:00,0.04358717892318964
2026-09-01 08:06:00,0.04358717892318964
2026-09-01 08:07:00,0.04358717892318964
2026-09-01 08:08:00,0.04358717892318964
2026-09-01 08:09:00,0.04358717892318964
2026-09-01 08:10:00,0.04524847958236933
2026-09-01 08:11:00,0.04524847958236933
2026-09-01 08:12:00,0.04524847958236933
2026-09-01 08:13:00,0.04524847958236933
2026-09-01 08:14:00,0.04524847958236933
2026-09-01 08:15:00,0.0478402404114604
2026-09-01 08:16:00,0.0478402404114604
2026-09-01 08:17:00,0.0478402404114604
2026-09-01 08:18:00,0.0478402404114604
2026-09-01 08:19:00,0.0478402404114604
2026-09-01 08:20:00,0.05410572234541178
2026-09-01 08:21:00,0.05410572234541178
2026-09-01 08:22:00,0.05410572234541178
2026-09-01 08:23:00,0.05410572234541178
2026-09-01 08:24:00,0.05410572234541178
2026-09-01 08:25:00,0.06032451521605253
2026-09-01 08:26:00,0.06032451521605253
2026-09-01 08:27:00,0.06032451521605253
2026-09-01 08:28:00,0.06032451521605253
2026-09-01 08:29:00,0.06032451521605253
2026-09-01 08:30:00,0.06156797520816326
2026-09-01 08:31:00,0.06156797520816326
2026-09-01 08:32:00,0.06156797520816326
2026-09-01 08:33:00,0.06156797520816326
2026-09-01 08:34:00,0.06156797520816326
2026-09-01 08:35:00,0.060474653728306293
2026-09-01 08:36:00,0.060474653728306293
2026-09-01 08:37:00,0.060474653728306293
2026-09-01 08:38:00,0.060474653728306293
2026-09-01 08:39:00,0.060474653728306293
2026-09-01 08:40:00,0.05323039088398218
2026-09-01 08:41:00,0.05323039088398218
2026-09-01 08:42:00,0.05323039088398218
2026-09-01 08:43:00,0.05323039088398218
2026-09-01 08:44:00,0.05323039088398218
2026-09-01 08:45:00,0.04722936172038317
2026-09-01 08:46:00,0.04722936172038317
2026-09-01 08:47:00,0.04722936172038317
2026-09-01 08:48:00,0.04722936172038317
2026-09-01 08:49:00,0.04722936172038317
2026-09-01 08:50:00,0.048969767056405544
2026-09-01 08:51:00,0.048969767056405544
2026-09-01 08:52:00,0.048969767056405544
2026-09-01 08:53:00,0.048969767056405544
2026-09-01 08:54:00,0.048969767056405544
2026-09-01 08:55:00,0.05145692080259323
2026-09-01 08:56:00,0.05145692080259323
2026-09-01 08:57:00,0.05145692080259323
2026-09-01 08:58:00,0.05145692080259323
2026-09-01 08:59:00,0.05145692080259323
2026-09-01 09:00:00,0.057472437620162964
2026-09-01 09:01:00,0.057472437620162964
2026-09-01 09:02:00,0.057472437620162964
2026-09-01 09:03:00,0.057472437620162964
2026-09-01 09:04:00,0.057472437620162964
2026-09-01 09:05:00,0.06385171599686146
2026-09-01 09:06:00,0.06385171599686146
2026-09-01 09:07:00,0.06385171599686146
2026-09-01 09:08:00,0.06385171599686146
2026-09-01 09:09:00,0.06385171599686146
2026-09-01 09:10:00,0.06624318193644285
2026-09-01 09:11:00,0.06624318193644285
2026-09-01 09:12:00,0.06624318193644285
2026-09-01 09:13:00,0.06624318193644285
2026-09-01 09:14:00,0.06624318193644285
2026-09-01 09:15:00,0.06704812776297331
2026-09-01 09:16:00,0.06704812776297331
2026-09-01 09:17:00,0.06704812776297331
2026-09-01 09:18:00,0.06704812776297331
2026-09-01 09:19:00,0.06704812776297331
2026-09-01 09:20:00,0.06633726600557566
2026-09-01 09:21:00,0.06633726600557566
2026-09-01 09:22:00,0.06633726600557566
2026-09-01 09:23:00,0.06633726600557566
2026-09-01 09:24:00,0.06633726600557566
2026-09-01 09:25:00,0.06120133865624666
2026-09-01 09:26:00,0.06120133865624666
2026-09-01 09:27:00,0.06120133865624666
2026-09-01 09:28:00,0.06120133865624666
2026-09-01 09:29:00,0.06120133865624666
2026-09-01 09:30:00,0.054708185605704784
2026-09-01 09:31:00,0.054708185605704784
2026-09-01 09:32:00,0.054708185605704784
2026-09-01 09:33:00,0.054708185605704784
2026-09-01 09:34:00,0.054708185605704784
2026-09-01 09:35:00,0.05138895846903324
2026-09-01 09:36:00,0.05138895846903324
2026-09-01 09:37:00,0.05138895846903324
2026-09-01 09:38:00,0.05138895846903324
2026-09-01 09:39:00,0.05138895846903324
2026-09-01 09:40:00,0.04846524354070425
2026-09-01 09:41:00,0.04846524354070425
2026-09-01 09:42:00,0.04846524354070425
2026-09-01 09:43:00,0.04846524354070425
2026-09-01 09:44:00,0.04846524354070425
2026-09-01 09:45:00,0.04868930671364069
2026-09-01 09:46:00,0.04868930671364069
2026-09-01 09:47:00,0.04868930671364069
2026-09-01 09:48:00,0.04868930671364069
2026-09-01 09:49:00,0.04868930671364069
2026-09-01 09:50:00,0.052377467043697834
2026-09-01 09:51:00,0.052377467043697834
2026-09-01 09:52:00,0.052377467043697834
2026-09-01 09:53:00,0.052377467043697834
2026-09-01 09:54:00,0.052377467043697834
2026-09-01 09:55:00,0.052059341222047806
2026-09-01 09:56:00,0.052059341222047806
2026-09-01 09:57:00,0.052059341222047806
2026-09-01 09:58:00,0.052059341222047806
2026-09-01 09:59:00,0.052059341222047806
2026-09-01 10:00:00,0.04979333654046059
2026-09-01 10:01:00,0.04979333654046059
2026-09-01 10:02:00,0.04979333654046059
2026-09-01 10:03:00,0.04979333654046059
2026-09-01 10:04:00,0.04979333654046059
2026-09-01 10:05:00,0.04808376170694828
2026-09-01 10:06:00,0.04808376170694828
2026-09-01 10:07:00,0.04808376170694828
2026-09-01 10:08:00,0.04808376170694828
2026-09-01 10:09:00,0.04808376170694828
2026-09-01 10:10:00,0.04498094134032726
2026-09-01 10:11:00,0.04498094134032726
2026-09-01 10:12:00,0.04498094134032726
2026-09-01 10:13:00,0.04498094134032726
2026-09-01 10:14:00,0.04498094134032726
2026-09-01 10:15:00,0.04538722336292267
2026-09-01 10:16:00,0.04538722336292267
2026-09-01 10:17:00,0.04538722336292267
2026-09-01 10:18:00,0.04538722336292267
2026-09-01 10:19:00,0.04538722336292267
2026-09-01 10:20:00,0.048802005127072334
2026-09-01 10:21:00,0.048802005127072334
2026-09-01 10:22:00,0.048802005127072334
2026-09-01 10:23:00,0.048802005127072334
2026-09-01 10:24:00,0.048802005127072334
2026-09-01 10:25:00,0.05090381670743227
2026-09-01 10:26:00,0.05090381670743227
2026-09-01 10:27:00,0.05090381670743227
2026-09-01 10:28:00,0.05090381670743227
2026-09-01 10:29:00,0.05090381670743227
2026-09-01 10:30:00,0.052307358011603355
2026-09-01 10:31:00,0.052307358011603355
2026-09-01 10:32:00,0.052307358011603355
2026-09-01 10:33:00,0.052307358011603355
2026-09-01 10:34:00,0.052307358011603355
2026-09-01 10:35:00,0.05329423025250435
2026-09-01 10:36:00,0.05329423025250435
2026-09-01 10:37:00,0.05329423025250435
2026-09-01 10:38:00,0.05329423025250435
2026-09-01 10:39:00,0.05329423025250435
2026-09-01 10:40:00,0.0538660129532218
2026-09-01 10:41:00,0.0538660129532218
2026-09-01 10:42:00,0.0538660129532218
2026-09-01 10:43:00,0.0538660129532218
2026-09-01 10:44:00,0.0538660129532218
2026-09-01 10:45:00,0.053415436297655106
2026-09-01 10:46:00,0.053415436297655106
2026-09-01 10:47:00,0.053415436297655106
2026-09-01 10:48:00,0.053415436297655106
2026-09-01 10:49:00,0.053415436297655106
2026-09-01 10:50:00,0.05384387169033289
2026-09-01 10:51:00,0.05384387169033289
2026-09-01 10:52:00,0.05384387169033289
2026-09-01 10:53:00,0.05384387169033289
2026-09-01 10:54:00,0.05384387169033289
2026-09-01 10:55:00,0.052394503727555275
2026-09-01 10:56:00,0.052394503727555275
2026-09-01 10:57:00,0.052394503727555275
2026-09-01 10:58:00,0.052394503727555275
2026-09-01 10:59:00,0.052394503727555275
2026-09-01 11:00:00,0.0503899659961462
2026-09-01 11:01:00,0.0503899659961462
2026-09-01 11:02:00,0.0503899659961462
2026-09-01 11:03:00,0.0503899659961462
2026-09-01 11:04:00,0.0503899659961462
2026-09-01 11:05:00,0.05194445978850126
2026-09-01 11:06:00,0.05194445978850126
2026-09-01 11:07:00,0.05194445978850126
2026-09-01 11:08:00,0.05194445978850126
2026-09-01 11:09:00,0.05194445978850126
2026-09-01 11:10:00,0.052593376487493515
2026-09-01 11:11:00,0.052593376487493515
2026-09-01 11:12:00,0.052593376487493515
2026-09-01 11:13:00,0.052593376487493515
2026-09-01 11:14:00,0.052593376487493515
2026-09-01 11:15:00,0.05465049669146538
2026-09-01 11:16:00,0.05465049669146538
2026-09-01 11:17:00,0.05465049669146538
2026-09-01 11:18:00,0.05465049669146538
2026-09-01 11:19:00,0.05465049669146538
2026-09-01 11:20:00,0.053576999343931675
2026-09-01 11:21:00,0.053576999343931675
2026-09-01 11:22:00,0.053576999343931675
2026-09-01 11:23:00,0.053576999343931675
2026-09-01 11:24:00,0.053576999343931675
2026-09-01 11:25:00,0.05075761768966913
2026-09-01 11:26:00,0.05075761768966913
2026-09-01 11:27:00,0.05075761768966913
2026-09-01 11:28:00,0.05075761768966913
2026-09-01 11:29:00,0.05075761768966913
2026-09-01 11:30:00,0.05022785905748606
2026-09-01 11:31:00,0.05022785905748606
2026-09-01 11:32:00,0.05022785905748606
2026-09-01 11:33:00,0.05022785905748606
2026-09-01 11:34:00,0.05022785905748606
2026-09-01 11:35:00,0.050236377865076065
2026-09-01 11:36:00,0.050236377865076065
2026-09-01 11:37:00,0.050236377865076065
2026-09-01 11:38:00,0.050236377865076065
2026-09-01 11:39:00,0.050236377865076065
2026-09-01 11:40:00,0.05109219904989004
2026-09-01 11:41:00,0.05109219904989004
2026-09-01 11:42:00,0.05109219904989004
2026-09-01 11:43:00,0.05109219904989004
2026-09-01 11:44:00,0.05109219904989004
2026-09-01 11:45:00,0.05148058570921421
2026-09-01 11:46:00,0.05148058570921421
2026-09-01 11:47:00,0.05148058570921421
2026-09-01 11:48:00,0.05148058570921421
2026-09-01 11:49:00,0.05148058570921421
2026-09-01 11:50:00,0.05326667707413435
2026-09-01 11:51:00,0.05326667707413435
2026-09-01 11:52:00,0.05326667707413435
2026-09-01 11:53:00,0.05326667707413435
2026-09-01 11:54:00,0.05326667707413435
2026-09-01 11:55:00,0.05536220967769623
2026-09-01 11:56:00,0.05536220967769623
2026-09-01 11:57:00,0.05536220967769623
2026-09-01 11:58:00,0.05536220967769623
2026-09-01 11:59:00,0.05536220967769623
2026-09-01 12:00:00,0.05704583879560232
2026-09-01 12:01:00,0.05704583879560232
2026-09-01 12:02:00,0.05704583879560232
2026-09-01 12:03:00,0.05704583879560232
2026-09-01 12:04:00,0.05704583879560232
2026-09-01 12:05:00,0.058439092710614204
2026-09-01 12:06:00,0.058439092710614204
2026-09-01 12:07:00,0.058439092710614204
2026-09-01 12:08:00,0.058439092710614204
2026-09-01 12:09:00,0.058439092710614204
2026-09-01 12:10:00,0.05847284756600857
2026-09-01 12:11:00,0.05847284756600857
2026-09-01 12:12:00,0.05847284756600857
2026-09-01 12:13:00,0.05847284756600857
2026-09-01 12:14:00,0.05847284756600857
2026-09-01 12:15:00,0.05890139564871788
2026-09-01 12:16:00,0.05890139564871788
2026-09-01 12:17:00,0.05890139564871788
2026-09-01 12:18:00,0.05890139564871788
2026-09-01 12:19:00,0.05890139564871788
2026-09-01 12:20:00,0.05972553417086601
2026-09-01 12:21:00,0.05972553417086601
2026-09-01 12:22:00,0.05972553417086601
2026-09-01 12:23:00,0.05972553417086601
2026-09-01 12:24:00,0.05972553417086601
2026-09-01 12:25:00,0.059629932045936584
2026-09-01 12:26:00,0.059629932045936584
2026-09-01 12:27:00,0.059629932045936584
2026-09-01 12:28:00,0.059629932045936584
2026-09-01 12:29:00,0.059629932045936584
2026-09-01 12:30:00,0.05774212907999754
2026-09-01 12:31:00,0.05774212907999754
2026-09-01 12:32:00,0.05774212907999754
2026-09-01 12:33:00,0.05774212907999754
2026-09-01 12:34:00,0.05774212907999754
2026-09-01 12:35:00,0.05538025684654713
2026-09-01 12:36:00,0.05538025684654713
2026-09-01 12:37:00,0.05538025684654713
2026-09-01 12:38:00,0.05538025684654713
2026-09-01 12:39:00,0.05538025684654713
2026-09-01 12:40:00,0.05658863764256239
2026-09-01 12:41:00,0.05658863764256239
2026-09-01 12:42:00,0.05658863764256239
2026-09-01 12:43:00,0.05658863764256239
2026-09-01 12:44:00,0.05658863764256239
2026-09-01 12:45:00,0.05878507345914841
2026-09-01 12:46:00,0.05878507345914841
2026-09-01 12:47:00,0.05878507345914841
2026-09-01 12:48:00,0.05878507345914841
2026-09-01 12:49:00,0.05878507345914841
2026-09-01 12:50:00,0.060577935539186
2026-09-01 12:51:00,0.060577935539186
2026-09-01 12:52:00,0.060577935539186
2026-09-01 12:53:00,0.060577935539186
2026-09-01 12:54:00,0.060577935539186
2026-09-01 12:55:00,0.06180497910827398
2026-09-01 12:56:00,0.06180497910827398
2026-09-01 12:57:00,0.06180497910827398
2026-09-01 12:58:00,0.06180497910827398
2026-09-01 12:59:00,0.06180497910827398
2026-09-01 13:00:00,0.1461017532274127
2026-09-01 13:01:00,0.1461017532274127
2026-09-01 13:02:00,0.1461017532274127
2026-09-01 13:03:00,0.1461017532274127
2026-09-01 13:04:00,0.1461017532274127
2026-09-01 13:05:00,0.2321165455505252
2026-09-01 13:06:00,0.2321165455505252
2026-09-01 13:07:00,0.2321165455505252
2026-09-01 13:08:00,0.2321165455505252
2026-09-01 13:09:00,0.2321165455505252
2026-09-01 13:10:00,0.32845265325158834
2026-09-01 13:11:00,0.32845265325158834
2026-09-01 13:12:00,0.32845265325158834
2026-09-01 13:13:00,0.32845265325158834
2026-09-01 13:14:00,0.32845265325158834
2026-09-01 13:15:00,0.4249025955796242
2026-09-01 13:16:00,0.4249025955796242
2026-09-01 13:17:00,0.4249025955796242
2026-09-01 13:18:00,0.4249025955796242
2026-09-01 13:19:00,0.4249025955796242
2026-09-01 13:20:00,0.35335117392241955
2026-09-01 13:21:00,0.35335117392241955
2026-09-01 13:22:00,0.35335117392241955
2026-09-01 13:23:00,0.35335117392241955
2026-09-01 13:24:00,0.35335117392241955
2026-09-01 13:25:00,0.27912804298102856
2026-09-01 13:26:00,0.27912804298102856
2026-09-01 13:27:00,0.27912804298102856
2026-09-01 13:28:00,0.27912804298102856
2026-09-01 13:29:00,0.27912804298102856
2026-09-01 13:30:00,0.1821578461676836
2026-09-01 13:31:00,0.1821578461676836
2026-09-01 13:32:00,0.1821578461676836
2026-09-01 13:33:00,0.1821578461676836
2026-09-01 13:34:00,0.1821578461676836
2026-09-01 13:35:00,0.08561484329402447
2026-09-01 13:36:00,0.08561484329402447
2026-09-01 13:37:00,0.08561484329402447
2026-09-01 13:38:00,0.08561484329402447
2026-09-01 13:39:00,0.08561484329402447
2026-09-01 13:40:00,0.07406812347471714
2026-09-01 13:41:00,0.07406812347471714
2026-09-01 13:42:00,0.07406812347471714
2026-09-01 13:43:00,0.07406812347471714
2026-09-01 13:44:00,0.07406812347471714
2026-09-01 13:45:00,0.06448114104568958
2026-09-01 13:46:00,0.06448114104568958
2026-09-01 13:47:00,0.06448114104568958
2026-09-01 13:48:00,0.06448114104568958
2026-09-01 13:49:00,0.06448114104568958
2026-09-01 13:50:00,0.07057461887598038
2026-09-01 13:51:00,0.07057461887598038
2026-09-01 13:52:00,0.07057461887598038
2026-09-01 13:53:00,0.07057461887598038
2026-09-01 13:54:00,0.07057461887598038
2026-09-01 13:55:00,0.07344552129507065
2026-09-01 13:56:00,0.07344552129507065
2026-09-01 13:57:00,0.07344552129507065
2026-09-01 13:58:00,0.07344552129507065
2026-09-01 13:59:00,0.07344552129507065
2026-09-01 14:00:00,0.073579216375947
2026-09-01 14:01:00,0.073579216375947
2026-09-01 14:02:00,0.073579216375947
2026-09-01 14:03:00,0.073579216375947
2026-09-01 14:04:00,0.073579216375947
2026-09-01 14:05:00,0.07449745386838913
2026-09-01 14:06:00,0.07449745386838913
2026-09-01 14:07:00,0.07449745386838913
2026-09-01 14:08:00,0.07449745386838913
2026-09-01 14:09:00,0.07449745386838913
2026-09-01 14:10:00,0.07463969476521015
2026-09-01 14:11:00,0.07463969476521015
2026-09-01 14:12:00,0.07463969476521015
2026-09-01 14:13:00,0.07463969476521015
2026-09-01 14:14:00,0.07463969476521015
2026-09-01 14:15:00,0.08068822883069515
2026-09-01 14:16:00,0.08068822883069515
2026-09-01 14:17:00,0.08068822883069515
2026-09-01 14:18:00,0.08068822883069515
2026-09-01 14:19:00,0.08068822883069515
2026-09-01 14:20:00,0.08310204558074474
2026-09-01 14:21:00,0.08310204558074474
2026-09-01 14:22:00,0.08310204558074474
2026-09-01 14:23:00,0.08310204558074474
2026-09-01 14:24:00,0.08310204558074474
2026-09-01 14:25:00,0.11926237493753433
2026-09-01 14:26:00,0.11926237493753433
2026-09-01 14:27:00,0.11926237493753433
2026-09-01 14:28:00,0.11926237493753433
2026-09-01 14:29:00,0.11926237493753433
2026-09-01 14:30:00,0.15255305543541908
2026-09-01 14:31:00,0.15255305543541908
2026-09-01 14:32:00,0.15255305543541908
2026-09-01 14:33:00,0.15255305543541908
2026-09-01 14:34:00,0.15255305543541908
2026-09-01 14:35:00,0.18225368484854698
2026-09-01 14:36:00,0.18225368484854698
2026-09-01 14:37:00,0.18225368484854698
2026-09-01 14:38:00,0.18225368484854698
2026-09-01 14:39:00,0.18225368484854698
2026-09-01 14:40:00,0.21616384014487267
2026-09-01 14:41:00,0.21616384014487267
2026-09-01 14:42:00,0.21616384014487267
2026-09-01 14:43:00,0.21616384014487267
2026-09-01 14:44:00,0.21616384014487267
2026-09-01 14:45:00,0.17530261725187302
2026-09-01 14:46:00,0.17530261725187302
2026-09-01 14:47:00,0.17530261725187302
2026-09-01 14:48:00,0.17530261725187302
2026-09-01 14:49:00,0.17530261725187302
2026-09-01 14:50:00,0.13511695247143507
2026-09-01 14:51:00,0.13511695247143507
2026-09-01 14:52:00,0.13511695247143507
2026-09-01 14:53:00,0.13511695247143507
2026-09-01 14:54:00,0.13511695247143507
2026-09-01 14:55:00,0.09478244371712208
2026-09-01 14:56:00,0.09478244371712208
2026-09-01 14:57:00,0.09478244371712208
2026-09-01 14:58:00,0.09478244371712208
2026-09-01 14:59:00,0.09478244371712208
2026-09-01 15:00:00,0.05421004258096218
2026-09-01 15:01:00,0.05421004258096218
2026-09-01 15:02:00,0.05421004258096218
2026-09-01 15:03:00,0.05421004258096218
2026-09-01 15:04:00,0.05421004258096218
2026-09-01 15:05:00,0.05250706896185875
2026-09-01 15:06:00,0.05250706896185875
2026-09-01 15:07:00,0.05250706896185875
2026-09-01 15:08:00,0.05250706896185875
2026-09-01 15:09:00,0.05250706896185875
2026-09-01 15:10:00,0.051677413284778595
2026-09-01 15:11:00,0.051677413284778595
2026-09-01 15:12:00,0.051677413284778595
2026-09-01 15:13:00,0.051677413284778595
2026-09-01 15:14:00,0.051677413284778595
2026-09-01 15:15:00,0.05246485956013203
2026-09-01 15:16:00,0.05246485956013203
2026-09-01 15:17:00,0.05246485956013203
2026-09-01 15:18:00,0.05246485956013203
2026-09-01 15:19:00,0.05246485956013203
2026-09-01 15:20:00,0.054630269296467304
2026-09-01 15:21:00,0.054630269296467304
2026-09-01 15:22:00,0.054630269296467304
2026-09-01 15:23:00,0.054630269296467304
2026-09-01 15:24:00,0.054630269296467304
2026-09-01 15:25:00,0.06036959309130907
2026-09-01 15:26:00,0.06036959309130907
2026-09-01 15:27:00,0.06036959309130907
2026-09-01 15:28:00,0.06036959309130907
2026-09-01 15:29:00,0.06036959309130907
2026-09-01 15:30:00,0.06092185899615288
2026-09-01 15:31:00,0.06092185899615288
2026-09-01 15:32:00,0.06092185899615288
2026-09-01 15:33:00,0.06092185899615288
2026-09-01 15:34:00,0.06092185899615288
2026-09-01 15:35:00,0.060185122303664684
2026-09-01 15:36:00,0.060185122303664684
2026-09-01 15:37:00,0.060185122303664684
2026-09-01 15:38:00,0.060185122303664684
2026-09-01 15:39:00,0.060185122303664684
2026-09-01 15:40:00,0.059546307660639286
2026-09-01 15:41:00,0.059546307660639286
2026-09-01 15:42:00,0.059546307660639286
2026-09-01 15:43:00,0.059546307660639286
2026-09-01 15:44:00,0.059546307660639286
2026-09-01 15:45:00,0.05565678235143423
2026-09-01 15:46:00,0.05565678235143423
2026-09-01 15:47:00,0.05565678235143423
2026-09-01 15:48:00,0.05565678235143423
2026-09-01 15:49:00,0.05565678235143423
2026-09-01 15:50:00,0.05634455382823944
2026-09-01 15:51:00,0.05634455382823944
2026-09-01 15:52:00,0.05634455382823944
2026-09-01 15:53:00,0.05634455382823944
2026-09-01 15:54:00,0.05634455382823944
2026-09-01 15:55:00,0.057374450378119946
2026-09-01 15:56:00,0.057374450378119946
2026-09-01 15:57:00,0.057374450378119946
2026-09-01 15:58:00,0.057374450378119946
2026-09-01 15:59:00,0.057374450378119946
2026-09-01 16:00:00,0.060318900272250175
2026-09-01 16:01:00,0.060318900272250175
2026-09-01 16:02:00,0.060318900272250175
2026-09-01 16:03:00,0.060318900272250175
2026-09-01 16:04:00,0.060318900272250175
2026-09-01 16:05:00,0.06528173573315144
2026-09-01 16:06:00,0.06528173573315144
2026-09-01 16:07:00,0.06528173573315144
2026-09-01 16:08:00,0.06528173573315144
2026-09-01 16:09:00,0.06528173573315144
2026-09-01 16:10:00,0.06792757008224726
2026-09-01 16:11:00,0.06792757008224726
2026-09-01 16:12:00,0.06792757008224726
2026-09-01 16:13:00,0.06792757008224726
2026-09-01 16:14:00,0.06792757008224726
2026-09-01 16:15:00,0.06843223515897989
2026-09-01 16:16:00,0.06843223515897989
2026-09-01 16:17:00,0.06843223515897989
2026-09-01 16:18:00,0.06843223515897989
2026-09-01 16:19:00,0.06843223515897989
2026-09-01 16:20:00,0.06471012998372316
2026-09-01 16:21:00,0.06471012998372316
2026-09-01 16:22:00,0.06471012998372316
2026-09-01 16:23:00,0.06471012998372316
2026-09-01 16:24:00,0.06471012998372316
2026-09-01 16:25:00,0.06145948078483343
2026-09-01 16:26:00,0.06145948078483343
2026-09-01 16:27:00,0.06145948078483343
2026-09-01 16:28:00,0.06145948078483343
2026-09-01 16:29:00,0.06145948078483343
2026-09-01 16:30:00,0.06051188241690397
2026-09-01 16:31:00,0.06051188241690397
2026-09-01 16:32:00,0.06051188241690397
2026-09-01 16:33:00,0.06051188241690397
2026-09-01 16:34:00,0.06051188241690397
2026-09-01 16:35:00,0.05905494652688503
2026-09-01 16:36:00,0.05905494652688503
2026-09-01 16:37:00,0.05905494652688503
2026-09-01 16:38:00,0.05905494652688503
2026-09-01 16:39:00,0.05905494652688503
2026-09-01 16:40:00,0.11082511208951473
2026-09-01 16:41:00,0.11082511208951473
2026-09-01 16:42:00,0.11082511208951473
2026-09-01 16:43:00,0.11082511208951473
2026-09-01 16:44:00,0.11082511208951473
2026-09-01 16:45:00,0.1592128723859787
2026-09-01 16:46:00,0.1592128723859787
2026-09-01 16:47:00,0.1592128723859787
2026-09-01 16:48:00,0.1592128723859787
2026-09-01 16:49:00,0.1592128723859787
2026-09-01 16:50:00,0.208406588062644
2026-09-01 16:51:00,0.208406588062644
2026-09-01 16:52:00,0.208406588062644
2026-09-01 16:53:00,0.208406588062644
2026-09-01 16:54:00,0.208406588062644
2026-09-01 16:55:00,0.261072039604187
2026-09-01 16:56:00,0.261072039604187
2026-09-01 16:57:00,0.261072039604187
2026-09-01 16:58:00,0.261072039604187
2026-09-01 16:59:00,0.261072039604187
2026-09-01 17:00:00,0.20901266112923622
2026-09-01 17:01:00,0.20901266112923622
2026-09-01 17:02:00,0.20901266112923622
2026-09-01 17:03:00,0.20901266112923622
2026-09-01 17:04:00,0.20901266112923622
2026-09-01 17:05:00,0.1569851953536272
2026-09-01 17:06:00,0.1569851953536272
2026-09-01 17:07:00,0.1569851953536272
2026-09-01 17:08:00,0.1569851953536272
2026-09-01 17:09:00,0.1569851953536272
2026-09-01 17:10:00,0.10668430011719465
2026-09-01 17:11:00,0.10668430011719465
2026-09-01 17:12:00,0.10668430011719465
2026-09-01 17:13:00,0.10668430011719465
2026-09-01 17:14:00,0.10668430011719465
2026-09-01 17:15:00,0.05736794229596853
2026-09-01 17:16:00,0.05736794229596853
2026-09-01 17:17:00,0.05736794229596853
2026-09-01 17:18:00,0.05736794229596853
2026-09-01 17:19:00,0.05736794229596853
2026-09-01 17:20:00,0.06064924318343401
2026-09-01 17:21:00,0.06064924318343401
2026-09-01 17:22:00,0.06064924318343401
2026-09-01 17:23:00,0.06064924318343401
2026-09-01 17:24:00,0.06064924318343401
2026-09-01 17:25:00,0.06484828796237707
2026-09-01 17:26:00,0.06484828796237707
2026-09-01 17:27:00,0.06484828796237707
2026-09-01 17:28:00,0.06484828796237707
2026-09-01 17:29:00,0.06484828796237707
2026-09-01 17:30:00,0.0673877727240324
2026-09-01 17:31:00,0.0673877727240324
2026-09-01 17:32:00,0.0673877727240324
2026-09-01 17:33:00,0.0673877727240324
2026-09-01 17:34:00,0.0673877727240324
2026-09-01 17:35:00,0.0674334242939949
2026-09-01 17:36:00,0.0674334242939949
2026-09-01 17:37:00,0.0674334242939949
2026-09-01 17:38:00,0.0674334242939949
2026-09-01 17:39:00,0.0674334242939949
2026-09-01 17:40:00,0.0664250049740076
2026-09-01 17:41:00,0.0664250049740076
2026-09-01 17:42:00,0.0664250049740076
2026-09-01 17:43:00,0.0664250049740076
2026-09-01 17:44:00,0.0664250049740076
2026-09-01 17:45:00,0.0648636631667614
2026-09-01 17:46:00,0.0648636631667614
2026-09-01 17:47:00,0.0648636631667614
2026-09-01 17:48:00,0.0648636631667614
2026-09-01 17:49:00,0.0648636631667614
2026-09-01 17:50:00,0.0666103158146143
2026-09-01 17:51:00,0.0666103158146143
2026-09-01 17:52:00,0.0666103158146143
2026-09-01 17:53:00,0.0666103158146143
2026-09-01 17:54:00,0.0666103158146143
2026-09-01 17:55:00,0.06936323642730713
2026-09-01 17:56:00,0.06936323642730713
2026-09-01 17:57:00,0.06936323642730713
2026-09-01 17:58:00,0.06936323642730713
2026-09-01 17:59:00,0.06936323642730713
2026-09-01 18:00:00,0.07228703610599041
2026-09-01 18:01:00,0.07228703610599041
2026-09-01 18:02:00,0.07228703610599041
2026-09-01 18:03:00,0.07228703610599041
2026-09-01 18:04:00,0.07228703610599041
2026-09-01 18:05:00,0.07584105245769024
2026-09-01 18:06:00,0.07584105245769024
2026-09-01 18:07:00,0.07584105245769024
2026-09-01 18:08:00,0.07584105245769024
2026-09-01 18:09:00,0.07584105245769024
2026-09-01 18:10:00,0.0731243658810854
2026-09-01 18:11:00,0.0731243658810854
2026-09-01 18:12:00,0.0731243658810854
2026-09-01 18:13:00,0.0731243658810854
2026-09-01 18:14:00,0.0731243658810854
2026-09-01 18:15:00,0.0678955102339387
2026-09-01 18:16:00,0.0678955102339387
2026-09-01 18:17:00,0.0678955102339387
2026-09-01 18:18:00,0.0678955102339387
2026-09-01 18:19:00,0.0678955102339387
2026-09-01 18:20:00,0.06142450496554375
2026-09-01 18:21:00,0.06142450496554375
2026-09-01 18:22:00,0.06142450496554375
2026-09-01 18:23:00,0.06142450496554375
2026-09-01 18:24:00,0.06142450496554375
2026-09-01 18:25:00,0.05314900912344456
2026-09-01 18:26:00,0.05314900912344456
2026-09-01 18:27:00,0.05314900912344456
2026-09-01 18:28:00,0.05314900912344456
2026-09-01 18:29:00,0.05314900912344456
2026-09-01 18:30:00,0.04710741247981787
2026-09-01 18:31:00,0.04710741247981787
2026-09-01 18:32:00,0.04710741247981787
2026-09-01 18:33:00,0.04710741247981787
2026-09-01 18:34:00,0.04710741247981787
2026-09-01 18:35:00,0.04231353010982275
2026-09-01 18:36:00,0.04231353010982275
2026-09-01 18:37:00,0.04231353010982275
2026-09-01 18:38:00,0.04231353010982275
2026-09-01 18:39:00,0.04231353010982275
2026-09-01 18:40:00,0.04169813822954893
2026-09-01 18:41:00,0.04169813822954893
2026-09-01 18:42:00,0.04169813822954893
2026-09-01 18:43:00,0.04169813822954893
2026-09-01 18:44:00,0.04169813822954893
2026-09-01 18:45:00,0.0430360184982419
2026-09-01 18:46:00,0.0430360184982419
2026-09-01 18:47:00,0.0430360184982419
2026-09-01 18:48:00,0.0430360184982419
2026-09-01 18:49:00,0.0430360184982419
2026-09-01 18:50:00,0.045437839813530445
2026-09-01 18:51:00,0.045437839813530445
2026-09-01 18:52:00,0.045437839813530445
2026-09-01 18:53:00,0.045437839813530445
2026-09-01 18:54:00,0.045437839813530445
2026-09-01 18:55:00,0.0482444204390049
2026-09-01 18:56:00,0.0482444204390049
2026-09-01 18:57:00,0.0482444204390049
2026-09-01 18:58:00,0.0482444204390049
2026-09-01 18:59:00,0.0482444204390049
2026-09-01 19:00:00,0.04907291941344738
2026-09-01 19:01:00,0.04907291941344738
2026-09-01 19:02:00,0.04907291941344738
2026-09-01 19:03:00,0.04907291941344738
2026-09-01 19:04:00,0.04907291941344738
2026-09-01 19:05:00,0.05097796302288771
2026-09-01 19:06:00,0.05097796302288771
2026-09-01 19:07:00,0.05097796302288771
2026-09-01 19:08:00,0.05097796302288771
2026-09-01 19:09:00,0.05097796302288771
2026-09-01 19:10:00,0.05150624271482229
2026-09-01 19:11:00,0.05150624271482229
2026-09-01 19:12:00,0.05150624271482229
2026-09-01 19:13:00,0.05150624271482229
2026-09-01 19:14:00,0.05150624271482229
2026-09-01 19:15:00,0.05111535266041756
2026-09-01 19:16:00,0.05111535266041756
2026-09-01 19:17:00,0.05111535266041756
2026-09-01 19:18:00,0.05111535266041756
2026-09-01 19:19:00,0.05111535266041756
2026-09-01 19:20:00,0.05159532465040684
2026-09-01 19:21:00,0.05159532465040684
2026-09-01 19:22:00,0.05159532465040684
2026-09-01 19:23:00,0.05159532465040684
2026-09-01 19:24:00,0.05159532465040684
2026-09-01 19:25:00,0.05103176087141037
2026-09-01 19:26:00,0.05103176087141037
2026-09-01 19:27:00,0.05103176087141037
2026-09-01 19:28:00,0.05103176087141037
2026-09-01 19:29:00,0.05103176087141037
2026-09-01 19:30:00,0.053253740072250366
2026-09-01 19:31:00,0.053253740072250366
2026-09-01 19:32:00,0.053253740072250366
2026-09-01 19:33:00,0.053253740072250366
2026-09-01 19:34:00,0.053253740072250366
2026-09-01 19:35:00,0.05657021049410105
2026-09-01 19:36:00,0.05657021049410105
2026-09-01 19:37:00,0.05657021049410105
2026-09-01 19:38:00,0.05657021049410105
2026-09-01 19:39:00,0.05657021049410105
2026-09-01 19:40:00,0.057772877626121044
2026-09-01 19:41:00,0.057772877626121044
2026-09-01 19:42:00,0.057772877626121044
2026-09-01 19:43:00,0.057772877626121044
2026-09-01 19:44:00,0.057772877626121044
2026-09-01 19:45:00,0.05970523972064257
2026-09-01 19:46:00,0.05970523972064257
2026-09-01 19:47:00,0.05970523972064257
2026-09-01 19:48:00,0.05970523972064257
2026-09-01 19:49:00,0.05970523972064257
2026-09-01 19:50:00,0.057374260388314724
2026-09-01 19:51:00,0.057374260388314724
2026-09-01 19:52:00,0.057374260388314724
2026-09-01 19:53:00,0.057374260388314724
2026-09-01 19:54:00,0.057374260388314724
2026-09-01 19:55:00,0.05378945358097553
2026-09-01 19:56:00,0.05378945358097553
2026-09-01 19:57:00,0.05378945358097553
2026-09-01 19:58:00,0.05378945358097553
2026-09-01 19:59:00,0.05378945358097553
2026-09-01 20:00:00,0.05302000418305397
2026-09-01 20:01:00,0.05302000418305397
2026-09-01 20:02:00,0.05302000418305397
2026-09-01 20:03:00,0.05302000418305397
2026-09-01 20:04:00,0.05302000418305397
2026-09-01 20:05:00,0.04973912611603737
2026-09-01 20:06:00,0.04973912611603737
2026-09-01 20:07:00,0.04973912611603737
2026-09-01 20:08:00,0.04973912611603737
2026-09-01 20:09:00,0.04973912611603737
2026-09-01 20:10:00,0.0462986109778285
2026-09-01 20:11:00,0.0462986109778285
2026-09-01 20:12:00,0.0462986109778285
2026-09-01 20:13:00,0.0462986109778285
2026-09-01 20:14:00,0.0462986109778285
2026-09-01 20:15:00,0.0433771014213562
2026-09-01 20:16:00,0.0433771014213562
2026-09-01 20:17:00,0.0433771014213562
2026-09-01 20:18:00,0.0433771014213562
2026-09-01 20:19:00,0.0433771014213562
2026-09-01 20:20:00,0.040558815002441406
2026-09-01 20:21:00,0.040558815002441406
2026-09-01 20:22:00,0.040558815002441406
2026-09-01 20:23:00,0.040558815002441406
2026-09-01 20:24:00,0.040558815002441406
2026-09-01 20:25:00,0.041225128807127476
2026-09-01 20:26:00,0.041225128807127476
2026-09-01 20:27:00,0.041225128807127476
2026-09-01 20:28:00,0.041225128807127476
2026-09-01 20:29:00,0.041225128807127476
2026-09-01 20:30:00,0.0449711587280035
2026-09-01 20:31:00,0.0449711587280035
2026-09-01 20:32:00,0.0449711587280035
2026-09-01 20:33:00,0.0449711587280035
2026-09-01 20:34:00,0.0449711587280035
2026-09-01 20:35:00,0.048604974523186684
2026-09-01 20:36:00,0.048604974523186684
2026-09-01 20:37:00,0.048604974523186684
2026-09-01 20:38:00,0.048604974523186684
2026-09-01 20:39:00,0.048604974523186684
2026-09-01 20:40:00,0.04930025339126587
2026-09-01 20:41:00,0.04930025339126587
2026-09-01 20:42:00,0.04930025339126587
2026-09-01 20:43:00,0.04930025339126587
2026-09-01 20:44:00,0.04930025339126587
2026-09-01 20:45:00,0.049226829782128334
2026-09-01 20:46:00,0.049226829782128334
2026-09-01 20:47:00,0.049226829782128334
2026-09-01 20:48:00,0.049226829782128334
2026-09-01 20:49:00,0.049226829782128334
2026-09-01 20:50:00,0.04893501568585634
2026-09-01 20:51:00,0.04893501568585634
2026-09-01 20:52:00,0.04893501568585634
2026-09-01 20:53:00,0.04893501568585634
2026-09-01 20:54:00,0.04893501568585634
2026-09-01 20:55:00,0.049975751899182796
2026-09-01 20:56:00,0.049975751899182796
2026-09-01 20:57:00,0.049975751899182796
2026-09-01 20:58:00,0.049975751899182796
2026-09-01 20:59:00,0.049975751899182796
2026-09-01 21:00:00,0.05384521372616291
2026-09-01 21:01:00,0.05384521372616291
2026-09-01 21:02:00,0.05384521372616291
2026-09-01 21:03:00,0.05384521372616291
2026-09-01 21:04:00,0.05384521372616291
2026-09-01 21:05:00,0.0573454275727272
2026-09-01 21:06:00,0.0573454275727272
2026-09-01 21:07:00,0.0573454275727272
2026-09-01 21:08:00,0.0573454275727272
2026-09-01 21:09:00,0.0573454275727272
2026-09-01 21:10:00,0.05964157357811928
2026-09-01 21:11:00,0.05964157357811928
2026-09-01 21:12:00,0.05964157357811928
2026-09-01 21:13:00,0.05964157357811928
2026-09-01 21:14:00,0.05964157357811928
2026-09-01 21:15:00,0.06060697976499796
2026-09-01 21:16:00,0.06060697976499796
2026-09-01 21:17:00,0.06060697976499796
2026-09-01 21:18:00,0.06060697976499796
2026-09-01 21:19:00,0.06060697976499796
2026-09-01 21:20:00,0.05936810001730919
2026-09-01 21:21:00,0.05936810001730919
2026-09-01 21:22:00,0.05936810001730919
2026-09-01 21:23:00,0.05936810001730919
2026-09-01 21:24:00,0.05936810001730919
2026-09-01 21:25:00,0.05701189395040274
2026-09-01 21:26:00,0.05701189395040274
2026-09-01 21:27:00,0.05701189395040274
2026-09-01 21:28:00,0.05701189395040274
2026-09-01 21:29:00,0.05701189395040274
2026-09-01 21:30:00,0.0541634252294898
2026-09-01 21:31:00,0.0541634252294898
2026-09-01 21:32:00,0.0541634252294898
2026-09-01 21:33:00,0.0541634252294898
2026-09-01 21:34:00,0.0541634252294898
2026-09-01 21:35:00,0.05155600979924202
2026-09-01 21:36:00,0.05155600979924202
2026-09-01 21:37:00,0.05155600979924202
2026-09-01 21:38:00,0.05155600979924202
2026-09-01 21:39:00,0.05155600979924202
2026-09-01 21:40:00,0.048082088120281696
2026-09-01 21:41:00,0.048082088120281696
2026-09-01 21:42:00,0.048082088120281696
2026-09-01 21:43:00,0.048082088120281696
2026-09-01 21:44:00,0.048082088120281696
2026-09-01 21:45:00,0.0452034892514348
2026-09-01 21:46:00,0.0452034892514348
2026-09-01 21:47:00,0.0452034892514348
2026-09-01 21:48:00,0.0452034892514348
2026-09-01 21:49:00,0.0452034892514348
2026-09-01 21:50:00,0.04343036003410816
2026-09-01 21:51:00,0.04343036003410816
2026-09-01 21:52:00,0.04343036003410816
2026-09-01 21:53:00,0.04343036003410816
2026-09-01 21:54:00,0.04343036003410816
2026-09-01 21:55:00,0.0441002557054162
2026-09-01 21:56:00,0.0441002557054162
2026-09-01 21:57:00,0.0441002557054162
2026-09-01 21:58:00,0.0441002557054162
2026-09-01 21:59:00,0.0441002557054162
2026-09-01 22:00:00,0.04729784466326237
2026-09-01 22:01:00,0.04729784466326237
2026-09-01 22:02:00,0.04729784466326237
2026-09-01 22:03:00,0.04729784466326237
2026-09-01 22:04:00,0.04729784466326237
2026-09-01 22:05:00,0.050003817304968834
2026-09-01 22:06:00,0.050003817304968834
2026-09-01 22:07:00,0.050003817304968834
2026-09-01 22:08:00,0.050003817304968834
2026-09-01 22:09:00,0.050003817304968834
2026-09-01 22:10:00,0.05284561961889267
2026-09-01 22:11:00,0.05284561961889267
2026-09-01 22:12:00,0.05284561961889267
2026-09-01 22:13:00,0.05284561961889267
2026-09-01 22:14:00,0.05284561961889267
2026-09-01 22:15:00,0.05243170354515314
2026-09-01 22:16:00,0.05243170354515314
2026-09-01 22:17:00,0.05243170354515314
2026-09-01 22:18:00,0.05243170354515314
2026-09-01 22:19:00,0.05243170354515314
2026-09-01 22:20:00,0.0495217302814126
2026-09-01 22:21:00,0.0495217302814126
2026-09-01 22:22:00,0.0495217302814126
2026-09-01 22:23:00,0.0495217302814126
2026-09-01 22:24:00,0.0495217302814126
2026-09-01 22:25:00,0.04721705708652735
2026-09-01 22:26:00,0.04721705708652735
2026-09-01 22:27:00,0.04721705708652735
2026-09-01 22:28:00,0.04721705708652735
2026-09-01 22:29:00,0.04721705708652735
2026-09-01 22:30:00,0.045992545783519745
2026-09-01 22:31:00,0.045992545783519745
2026-09-01 22:32:00,0.045992545783519745
2026-09-01 22:33:00,0.045992545783519745
2026-09-01 22:34:00,0.045992545783519745
2026-09-01 22:35:00,0.04645477421581745
2026-09-01 22:36:00,0.04645477421581745
2026-09-01 22:37:00,0.04645477421581745
2026-09-01 22:38:00,0.04645477421581745
2026-09-01 22:39:00,0.04645477421581745
2026-09-01 22:40:00,0.04706630855798721
2026-09-01 22:41:00,0.04706630855798721
2026-09-01 22:42:00,0.04706630855798721
2026-09-01 22:43:00,0.04706630855798721
2026-09-01 22:44:00,0.04706630855798721
2026-09-01 22:45:00,0.048236812464892864
2026-09-01 22:46:00,0.048236812464892864
2026-09-01 22:47:00,0.048236812464892864
2026-09-01 22:48:00,0.048236812464892864
2026-09-01 22:49:00,0.048236812464892864
2026-09-01 22:50:00,0.04786781407892704
2026-09-01 22:51:00,0.04786781407892704
2026-09-01 22:52:00,0.04786781407892704
2026-09-01 22:53:00,0.04786781407892704
2026-09-01 22:54:00,0.04786781407892704
2026-09-01 22:55:00,0.048714195378124714
2026-09-01 22:56:00,0.048714195378124714
2026-09-01 22:57:00,0.048714195378124714
2026-09-01 22:58:00,0.048714195378124714
2026-09-01 22:59:00,0.048714195378124714
2026-09-01 23:00:00,0.052808367647230625
2026-09-01 23:01:00,0.052808367647230625
2026-09-01 23:02:00,0.052808367647230625
2026-09-01 23:03:00,0.052808367647230625
2026-09-01 23:04:00,0.052808367647230625
2026-09-01 23:05:00,0.05524577107280493
2026-09-01 23:06:00,0.05524577107280493
2026-09-01 23:07:00,0.05524577107280493
2026-09-01 23:08:00,0.05524577107280493
2026-09-01 23:09:00,0.05524577107280493
2026-09-01 23:10:00,0.05670939199626446
2026-09-01 23:11:00,0.05670939199626446
2026-09-01 23:12:00,0.05670939199626446
2026-09-01 23:13:00,0.05670939199626446
2026-09-01 23:14:00,0.05670939199626446
2026-09-01 23:15:00,0.056174260564148426
2026-09-01 23:16:00,0.056174260564148426
2026-09-01 23:17:00,0.056174260564148426
2026-09-01 23:18:00,0.056174260564148426
2026-09-01 23:19:00,0.056174260564148426
2026-09-01 23:20:00,0.05337140057235956
2026-09-01 23:21:00,0.05337140057235956
2026-09-01 23:22:00,0.05337140057235956
2026-09-01 23:23:00,0.05337140057235956
2026-09-01 23:24:00,0.05337140057235956
2026-09-01 23:25:00,0.05226015951484442
2026-09-01 23:26:00,0.05226015951484442
2026-09-01 23:27:00,0.05226015951484442
2026-09-01 23:28:00,0.05226015951484442
2026-09-01 23:29:00,0.05226015951484442
2026-09-01 23:30:00,0.052283414639532566
2026-09-01 23:31:00,0.052283414639532566
2026-09-01 23:32:00,0.052283414639532566
2026-09-01 23:33:00,0.052283414639532566
2026-09-01 23:34:00,0.052283414639532566
2026-09-01 23:35:00,0.05413774028420448
2026-09-01 23:36:00,0.05413774028420448
2026-09-01 23:37:00,0.05413774028420448
2026-09-01 23:38:00,0.05413774028420448
2026-09-01 23:39:00,0.05413774028420448
2026-09-01 23:40:00,0.05457848962396383
2026-09-01 23:41:00,0.05457848962396383
2026-09-01 23:42:00,0.05457848962396383
2026-09-01 23:43:00,0.05457848962396383
2026-09-01 23:44:00,0.05457848962396383
2026-09-01 23:45:00,0.054470568895339966
2026-09-01 23:46:00,0.054470568895339966
2026-09-01 23:47:00,0.054470568895339966
2026-09-01 23:48:00,0.054470568895339966
2026-09-01 23:49:00,0.054470568895339966
2026-09-01 23:50:00,0.05460471473634243
2026-09-01 23:51:00,0.05460471473634243
2026-09-01 23:52:00,0.05460471473634243
2026-09-01 23:53:00,0.05460471473634243
2026-09-01 23:54:00,0.05460471473634243
2026-09-01 23:55:00,0.054066640324890614
2026-09-01 23:56:00,0.054066640324890614
2026-09-01 23:57:00,0.054066640324890614
2026-09-01 23:58:00,0.054066640324890614
2026-09-01 23:59:00,0.054066640324890614
2026-09-02 00:00:00,0.055590408854186535
2026-09-02 00:01:00,0.055590408854186535
2026-09-02 00:02:00,0.055590408854186535
2026-09-02 00:03:00,0.055590408854186535
2026-09-02 00:04:00,0.055590408854186535
2026-09-02 00:05:00,0.057679034769535065
2026-09-02 00:06:00,0.057679034769535065
2026-09-02 00:07:00,0.057679034769535065
2026-09-02 00:08:00,0.057679034769535065
2026-09-02 00:09:00,0.057679034769535065
2026-09-02 00:10:00,0.05865954142063856
2026-09-02 00:11:00,0.05865954142063856
2026-09-02 00:12:00,0.05865954142063856
2026-09-02 00:13:00,0.05865954142063856
2026-09-02 00:14:00,0.05865954142063856
2026-09-02 00:15:00,0.05724765732884407
2026-09-02 00:16:00,0.05724765732884407
2026-09-02 00:17:00,0.05724765732884407
2026-09-02 00:18:00,0.05724765732884407
2026-09-02 00:19:00,0.05724765732884407
2026-09-02 00:20:00,0.05605233833193779
2026-09-02 00:21:00,0.05605233833193779
2026-09-02 00:22:00,0.05605233833193779
2026-09-02 00:23:00,0.05605233833193779
2026-09-02 00:24:00,0.05605233833193779
2026-09-02 00:25:00,0.05330854933708906
2026-09-02 00:26:00,0.05330854933708906
2026-09-02 00:27:00,0.05330854933708906
2026-09-02 00:28:00,0.05330854933708906
2026-09-02 00:29:00,0.05330854933708906
2026-09-02 00:30:00,0.05235101282596588
2026-09-02 00:31:00,0.05235101282596588
2026-09-02 00:32:00,0.05235101282596588
2026-09-02 00:33:00,0.05235101282596588
2026-09-02 00:34:00,0.05235101282596588
2026-09-02 00:35:00,0.05518209096044302
2026-09-02 00:36:00,0.05518209096044302
2026-09-02 00:37:00,0.05518209096044302
2026-09-02 00:38:00,0.05518209096044302
2026-09-02 00:39:00,0.05518209096044302
2026-09-02 00:40:00,0.05933011416345835
2026-09-02 00:41:00,0.05933011416345835
2026-09-02 00:42:00,0.05933011416345835
2026-09-02 00:43:00,0.05933011416345835
2026-09-02 00:44:00,0.05933011416345835
2026-09-02 00:45:00,0.06582585349678993
2026-09-02 00:46:00,0.06582585349678993
2026-09-02 00:47:00,0.06582585349678993
2026-09-02 00:48:00,0.06582585349678993
2026-09-02 00:49:00,0.06582585349678993
2026-09-02 00:50:00,0.07076934911310673
2026-09-02 00:51:00,0.07076934911310673
2026-09-02 00:52:00,0.07076934911310673
2026-09-02 00:53:00,0.07076934911310673
2026-09-02 00:54:00,0.07076934911310673
2026-09-02 00:55:00,0.07255509868264198
2026-09-02 00:56:00,0.07255509868264198
2026-09-02 00:57:00,0.07255509868264198
2026-09-02 00:58:00,0.07255509868264198
2026-09-02 00:59:00,0.07255509868264198
2026-09-02 01:00:00,0.07021071203052998
2026-09-02 01:01:00,0.07021071203052998
2026-09-02 01:02:00,0.07021071203052998
2026-09-02 01:03:00,0.07021071203052998
2026-09-02 01:04:00,0.07021071203052998
2026-09-02 01:05:00,0.06469630636274815
2026-09-02 01:06:00,0.06469630636274815
2026-09-02 01:07:00,0.06469630636274815
2026-09-02 01:08:00,0.06469630636274815
2026-09-02 01:09:00,0.06469630636274815
2026-09-02 01:10:00,0.05845288094133139
2026-09-02 01:11:00,0.05845288094133139
2026-09-02 01:12:00,0.05845288094133139
2026-09-02 01:13:00,0.05845288094133139
2026-09-02 01:14:00,0.05845288094133139
2026-09-02 01:15:00,0.05336052551865578
2026-09-02 01:16:00,0.05336052551865578
2026-09-02 01:17:00,0.05336052551865578
2026-09-02 01:18:00,0.05336052551865578
2026-09-02 01:19:00,0.05336052551865578
2026-09-02 01:20:00,0.08249983377754688
2026-09-02 01:21:00,0.08249983377754688
2026-09-02 01:22:00,0.08249983377754688
2026-09-02 01:23:00,0.08249983377754688
2026-09-02 01:24:00,0.08249983377754688
2026-09-02 01:25:00,0.12228371202945709
2026-09-02 01:26:00,0.12228371202945709
2026-09-02 01:27:00,0.12228371202945709
2026-09-02 01:28:00,0.12228371202945709
2026-09-02 01:29:00,0.12228371202945709
2026-09-02 01:30:00,0.16479712817817926
2026-09-02 01:31:00,0.16479712817817926
2026-09-02 01:32:00,0.16479712817817926
2026-09-02 01:33:00,0.16479712817817926
2026-09-02 01:34:00,0.16479712817817926
2026-09-02 01:35:00,0.20613308995962143
2026-09-02 01:36:00,0.20613308995962143
2026-09-02 01:37:00,0.20613308995962143
2026-09-02 01:38:00,0.20613308995962143
2026-09-02 01:39:00,0.20613308995962143
2026-09-02 01:40:00,0.19079243391752243
2026-09-02 01:41:00,0.19079243391752243
2026-09-02 01:42:00,0.19079243391752243
2026-09-02 01:43:00,0.19079243391752243
2026-09-02 01:44:00,0.19079243391752243
2026-09-02 01:45:00,0.14917458780109882
2026-09-02 01:46:00,0.14917458780109882
2026-09-02 01:47:00,0.14917458780109882
2026-09-02 01:48:00,0.14917458780109882
2026-09-02 01:49:00,0.14917458780109882
2026-09-02 01:50:00,0.10408521723002195
2026-09-02 01:51:00,0.10408521723002195
2026-09-02 01:52:00,0.10408521723002195
2026-09-02 01:53:00,0.10408521723002195
2026-09-02 01:54:00,0.10408521723002195
2026-09-02 01:55:00,0.06262166053056717
2026-09-02 01:56:00,0.06262166053056717
2026-09-02 01:57:00,0.06262166053056717
2026-09-02 01:58:00,0.06262166053056717
2026-09-02 01:59:00,0.06262166053056717
2026-09-02 02:00:00,0.09471505880355835
2026-09-02 02:01:00,0.09471505880355835
2026-09-02 02:02:00,0.09471505880355835
2026-09-02 02:03:00,0.09471505880355835
2026-09-02 02:04:00,0.09471505880355835
2026-09-02 02:05:00,0.14472167752683163
2026-09-02 02:06:00,0.14472167752683163
2026-09-02 02:07:00,0.14472167752683163
2026-09-02 02:08:00,0.14472167752683163
2026-09-02 02:09:00,0.14472167752683163
2026-09-02 02:10:00,0.19581224117428064
2026-09-02 02:11:00,0.19581224117428064
2026-09-02 02:12:00,0.19581224117428064
2026-09-02 02:13:00,0.19581224117428064
2026-09-02 02:14:00,0.19581224117428064
2026-09-02 02:15:00,0.24419457837939262
2026-09-02 02:16:00,0.24419457837939262
2026-09-02 02:17:00,0.24419457837939262
2026-09-02 02:18:00,0.24419457837939262
2026-09-02 02:19:00,0.24419457837939262
2026-09-02 02:20:00,0.19762388709932566
2026-09-02 02:21:00,0.19762388709932566
2026-09-02 02:22:00,0.19762388709932566
2026-09-02 02:23:00,0.19762388709932566
2026-09-02 02:24:00,0.19762388709932566
2026-09-02 02:25:00,0.151626436971128
2026-09-02 02:26:00,0.151626436971128
2026-09-02 02:27:00,0.151626436971128
2026-09-02 02:28:00,0.151626436971128
2026-09-02 02:29:00,0.151626436971128
2026-09-02 02:30:00,0.10739572439342737
2026-09-02 02:31:00,0.10739572439342737
2026-09-02 02:32:00,0.10739572439342737
2026-09-02 02:33:00,0.10739572439342737
2026-09-02 02:34:00,0.10739572439342737
2026-09-02 02:35:00,0.06332009006291628
2026-09-02 02:36:00,0.06332009006291628
2026-09-02 02:37:00,0.06332009006291628
2026-09-02 02:38:00,0.06332009006291628
2026-09-02 02:39:00,0.06332009006291628
2026-09-02 02:40:00,0.06433696672320366
2026-09-02 02:41:00,0.06433696672320366
2026-09-02 02:42:00,0.06433696672320366
2026-09-02 02:43:00,0.06433696672320366
2026-09-02 02:44:00,0.06433696672320366
2026-09-02 02:45:00,0.06456644646823406
2026-09-02 02:46:00,0.06456644646823406
2026-09-02 02:47:00,0.06456644646823406
2026-09-02 02:48:00,0.06456644646823406
2026-09-02 02:49:00,0.06456644646823406
2026-09-02 02:50:00,0.06417239643633366
2026-09-02 02:51:00,0.06417239643633366
2026-09-02 02:52:00,0.06417239643633366
2026-09-02 02:53:00,0.06417239643633366
2026-09-02 02:54:00,0.06417239643633366
2026-09-02 02:55:00,0.06286926660686731
2026-09-02 02:56:00,0.06286926660686731
2026-09-02 02:57:00,0.06286926660686731
2026-09-02 02:58:00,0.06286926660686731
2026-09-02 02:59:00,0.06286926660686731
2026-09-02 03:00:00,0.06231816578656435
2026-09-02 03:01:00,0.06231816578656435
2026-09-02 03:02:00,0.06231816578656435
2026-09-02 03:03:00,0.06231816578656435
2026-09-02 03:04:00,0.06231816578656435
2026-09-02 03:05:00,0.0601184256374836
2026-09-02 03:06:00,0.0601184256374836
2026-09-02 03:07:00,0.0601184256374836
2026-09-02 03:08:00,0.0601184256374836
2026-09-02 03:09:00,0.0601184256374836
2026-09-02 03:10:00,0.060093048959970474
2026-09-02 03:11:00,0.060093048959970474
2026-09-02 03:12:00,0.060093048959970474
2026-09-02 03:13:00,0.060093048959970474
2026-09-02 03:14:00,0.060093048959970474
2026-09-02 03:15:00,0.06250513810664415
2026-09-02 03:16:00,0.06250513810664415
2026-09-02 03:17:00,0.06250513810664415
2026-09-02 03:18:00,0.06250513810664415
2026-09-02 03:19:00,0.06250513810664415
2026-09-02 03:20:00,0.06234245095402002
2026-09-02 03:21:00,0.06234245095402002
2026-09-02 03:22:00,0.06234245095402002
2026-09-02 03:23:00,0.06234245095402002
2026-09-02 03:24:00,0.06234245095402002
2026-09-02 03:25:00,0.06165902130305767
2026-09-02 03:26:00,0.06165902130305767
2026-09-02 03:27:00,0.06165902130305767
2026-09-02 03:28:00,0.06165902130305767
2026-09-02 03:29:00,0.06165902130305767
2026-09-02 03:30:00,0.0570623055100441
2026-09-02 03:31:00,0.0570623055100441
2026-09-02 03:32:00,0.0570623055100441
2026-09-02 03:33:00,0.0570623055100441
2026-09-02 03:34:00,0.0570623055100441
2026-09-02 03:35:00,0.05090522672981024
2026-09-02 03:36:00,0.05090522672981024
2026-09-02 03:37:00,0.05090522672981024
2026-09-02 03:38:00,0.05090522672981024
2026-09-02 03:39:00,0.05090522672981024
2026-09-02 03:40:00,0.048414137214422226
2026-09-02 03:41:00,0.048414137214422226
2026-09-02 03:42:00,0.048414137214422226
2026-09-02 03:43:00,0.048414137214422226
2026-09-02 03:44:00,0.048414137214422226
2026-09-02 03:45:00,0.0471943070491155
2026-09-02 03:46:00,0.0471943070491155
2026-09-02 03:47:00,0.0471943070491155
2026-09-02 03:48:00,0.0471943070491155
2026-09-02 03:49:00,0.0471943070491155
2026-09-02 03:50:00,0.04773470759391785
2026-09-02 03:51:00,0.04773470759391785
2026-09-02 03:52:00,0.04773470759391785
2026-09-02 03:53:00,0.04773470759391785
2026-09-02 03:54:00,0.04773470759391785
2026-09-02 03:55:00,0.04925674572587013
2026-09-02 03:56:00,0.04925674572587013
2026-09-02 03:57:00,0.04925674572587013
2026-09-02 03:58:00,0.04925674572587013
2026-09-02 03:59:00,0.04925674572587013
