timestamp,jepa_score
2026-08-19 04:00:00,0.0
2026-08-19 04:01:00,0.0
2026-08-19 04:02:00,0.0
2026-08-19 04:03:00,0.0
2026-08-19 04:04:00,0.0
2026-08-19 04:05:00,0.0
2026-08-19 04:06:00,0.0
2026-08-19 04:07:00,0.0
2026-08-19 04:08:00,0.0
2026-08-19 04:09:00,0.0
2026-08-19 04:10:00,0.0
2026-08-19 04:11:00,0.0
2026-08-19 04:12:00,0.0
2026-08-19 04:13:00,0.0
2026-08-19 04:14:00,0.0
2026-08-19 04:15:00,0.0
2026-08-19 04:16:00,0.0
2026-08-19 04:17:00,0.0
2026-08-19 04:18:00,0.0
2026-08-19 04:19:00,0.0
2026-08-19 04:20:00,0.0
2026-08-19 04:21:00,0.0
2026-08-19 04:22:00,0.0
2026-08-19 04:23:00,0.0
2026-08-19 04:24:00,0.0
2026-08-19 04:25:00,0.0
2026-08-19 04:26:00,0.0
2026-08-19 04:27:00,0.0
2026-08-19 04:28:00,0.0
2026-08-19 04:29:00,0.0
2026-08-19 04:30:00,0.0
2026-08-19 04:31:00,0.0
2026-08-19 04:32:00,0.0
2026-08-19 04:33:00,0.0
2026-08-19 04:34:00,0.0
2026-08-19 04:35:00,0.0
2026-08-19 04:36:00,0.0
2026-08-19 04:37:00,0.0
2026-08-19 04:38:00,0.0
2026-08-19 04:39:00,0.0
2026-08-19 04:40:00,0.0
2026-08-19 04:41:00,0.0
2026-08-19 04:42:00,0.0
2026-08-19 04:43:00,0.0
2026-08-19 04:44:00,0.0
2026-08-19 04:45:00,0.0
2026-08-19 04:46:00,0.0
2026-08-19 04:47:00,0.0
2026-08-19 04:48:00,0.0
2026-08-19 04:49:00,0.0
2026-08-19 04:50:00,0.0
2026-08-19 04:51:00,0.0
2026-08-19 04:52:00,0.0
2026-08-19 04:53:00,0.0
2026-08-19 04:54:00,0.0
2026-08-19 04:55:00,0.0
2026-08-19 04:56:00,0.0
2026-08-19 04:57:00,0.0
2026-08-19 04:58:00,0.0
2026-08-19 04:59:00,0.0
2026-08-19 05:00:00,0.12595005333423615
2026-08-19 05:01:00,0.12595005333423615
2026-08-19 05:02:00,0.12595005333423615
2026-08-19 05:03:00,0.12595005333423615
2026-08-19 05:04:00,0.12595005333423615
2026-08-19 05:05:00,0.12600133568048477
2026-08-19 05:06:00,0.12600133568048477
2026-08-19 05:07:00,0.12600133568048477
2026-08-19 05:08:00,0.12600133568048477
2026-08-19 05:09:00,0.12600133568048477
2026-08-19 05:10:00,0.12381638834873836
2026-08-19 05:11:00,0.12381638834873836
2026-08-19 05:12:00,0.12381638834873836
2026-08-19 05:13:00,0.12381638834873836
2026-08-19 05:14:00,0.12381638834873836
2026-08-19 05:15:00,0.10945908911526203
2026-08-19 05:16:00,0.10945908911526203
2026-08-19 05:17:00,0.10945908911526203
2026-08-19 05:18:00,0.10945908911526203
2026-08-19 05:19:00,0.10945908911526203
2026-08-19 05:20:00,0.08867194876074791
2026-08-19 05:21:00,0.08867194876074791
2026-08-19 05:22:00,0.08867194876074791
2026-08-19 05:23:00,0.08867194876074791
2026-08-19 05:24:00,0.08867194876074791
2026-08-19 05:25:00,0.0694987690076232
2026-08-19 05:26:00,0.0694987690076232
2026-08-19 05:27:00,0.0694987690076232
2026-08-19 05:28:00,0.0694987690076232
2026-08-19 05:29:00,0.0694987690076232
2026-08-19 05:30:00,0.054101322777569294
2026-08-19 05:31:00,0.054101322777569294
2026-08-19 05:32:00,0.054101322777569294
2026-08-19 05:33:00,0.054101322777569294
2026-08-19 05:34:00,0.054101322777569294
2026-08-19 05:35:00,0.05836979392915964
2026-08-19 05:36:00,0.05836979392915964
2026-08-19 05:37:00,0.05836979392915964
2026-08-19 05:38:00,0.05836979392915964
2026-08-19 05:39:00,0.05836979392915964
2026-08-19 05:40:00,0.06799160409718752
2026-08-19 05:41:00,0.06799160409718752
2026-08-19 05:42:00,0.06799160409718752
2026-08-19 05:43:00,0.06799160409718752
2026-08-19 05:44:00,0.06799160409718752
2026-08-19 05:45:00,0.07198868878185749
2026-08-19 05:46:00,0.07198868878185749
2026-08-19 05:47:00,0.07198868878185749
2026-08-19 05:48:00,0.07198868878185749
2026-08-19 05:49:00,0.07198868878185749
2026-08-19 05:50:00,0.07092533074319363
2026-08-19 05:51:00,0.07092533074319363
2026-08-19 05:52:00,0.07092533074319363
2026-08-19 05:53:00,0.07092533074319363
2026-08-19 05:54:00,0.07092533074319363
2026-08-19 05:55:00,0.0646271975710988
2026-08-19 05:56:00,0.0646271975710988
2026-08-19 05:57:00,0.0646271975710988
2026-08-19 05:58:00,0.0646271975710988
2026-08-19 05:59:00,0.0646271975710988
2026-08-19 06:00:00,0.06283966917544603
2026-08-19 06:01:00,0.06283966917544603
2026-08-19 06:02:00,0.06283966917544603
2026-08-19 06:03:00,0.06283966917544603
2026-08-19 06:04:00,0.06283966917544603
2026-08-19 06:05:00,0.07454588729888201
2026-08-19 06:06:00,0.07454588729888201
2026-08-19 06:07:00,0.07454588729888201
2026-08-19 06:08:00,0.07454588729888201
2026-08-19 06:09:00,0.07454588729888201
2026-08-19 06:10:00,0.08709137048572302
2026-08-19 06:11:00,0.08709137048572302
2026-08-19 06:12:00,0.08709137048572302
2026-08-19 06:13:00,0.08709137048572302
2026-08-19 06:14:00,0.08709137048572302
2026-08-19 06:15:00,0.09647787734866142
2026-08-19 06:16:00,0.09647787734866142
2026-08-19 06:17:00,0.09647787734866142
2026-08-19 06:18:00,0.09647787734866142
2026-08-19 06:19:00,0.09647787734866142
2026-08-19 06:20:00,0.10499312728643417
2026-08-19 06:21:00,0.10499312728643417
2026-08-19 06:22:00,0.10499312728643417
2026-08-19 06:23:00,0.10499312728643417
2026-08-19 06:24:00,0.10499312728643417
2026-08-19 06:25:00,0.0972894486039877
2026-08-19 06:26:00,0.0972894486039877
2026-08-19 06:27:00,0.0972894486039877
2026-08-19 06:28:00,0.0972894486039877
2026-08-19 06:29:00,0.0972894486039877
2026-08-19 06:30:00,0.10811755433678627
2026-08-19 06:31:00,0.10811755433678627
2026-08-19 06:32:00,0.10811755433678627
2026-08-19 06:33:00,0.10811755433678627
2026-08-19 06:34:00,0.10811755433678627
2026-08-19 06:35:00,0.13880574703216553
2026-08-19 06:36:00,0.13880574703216553
2026-08-19 06:37:00,0.13880574703216553
2026-08-19 06:38:00,0.13880574703216553
2026-08-19 06:39:00,0.13880574703216553
2026-08-19 06:40:00,0.16577436216175556
2026-08-19 06:41:00,0.16577436216175556
2026-08-19 06:42:00,0.16577436216175556
2026-08-19 06:43:00,0.16577436216175556
2026-08-19 06:44:00,0.16577436216175556
2026-08-19 06:45:00,0.20322595536708832
2026-08-19 06:46:00,0.20322595536708832
2026-08-19 06:47:00,0.20322595536708832
2026-08-19 06:48:00,0.20322595536708832
2026-08-19 06:49:00,0.20322595536708832
2026-08-19 06:50:00,0.2099013812839985
2026-08-19 06:51:00,0.2099013812839985
2026-08-19 06:52:00,0.2099013812839985
2026-08-19 06:53:00,0.2099013812839985
2026-08-19 06:54:00,0.2099013812839985
2026-08-19 06:55:00,0.1685063075274229
2026-08-19 06:56:00,0.1685063075274229
2026-08-19 06:57:00,0.1685063075274229
2026-08-19 06:58:00,0.1685063075274229
2026-08-19 06:59:00,0.1685063075274229
2026-08-19 07:00:00,0.12982830964028835
2026-08-19 07:01:00,0.12982830964028835
2026-08-19 07:02:00,0.12982830964028835
2026-08-19 07:03:00,0.12982830964028835
2026-08-19 07:04:00,0.12982830964028835
2026-08-19 07:05:00,0.08507343381643295
2026-08-19 07:06:00,0.08507343381643295
2026-08-19 07:07:00,0.08507343381643295
2026-08-19 07:08:00,0.08507343381643295
2026-08-19 07:09:00,0.08507343381643295
2026-08-19 07:10:00,0.05774115212261677
2026-08-19 07:11:00,0.05774115212261677
2026-08-19 07:12:00,0.05774115212261677
2026-08-19 07:13:00,0.05774115212261677
2026-08-19 07:14:00,0.05774115212261677
2026-08-19 07:15:00,0.09808932989835739
2026-08-19 07:16:00,0.09808932989835739
2026-08-19 07:17:00,0.09808932989835739
2026-08-19 07:18:00,0.09808932989835739
2026-08-19 07:19:00,0.09808932989835739
2026-08-19 07:20:00,0.1366698332130909
2026-08-19 07:21:00,0.1366698332130909
2026-08-19 07:22:00,0.1366698332130909
2026-08-19 07:23:00,0.1366698332130909
2026-08-19 07:24:00,0.1366698332130909
2026-08-19 07:25:00,0.17787165753543377
2026-08-19 07:26:00,0.17787165753543377
2026-08-19 07:27:00,0.17787165753543377
2026-08-19 07:28:00,0.17787165753543377
2026-08-19 07:29:00,0.17787165753543377
2026-08-19 07:30:00,0.2161342389881611
2026-08-19 07:31:00,0.2161342389881611
2026-08-19 07:32:00,0.2161342389881611
2026-08-19 07:33:00,0.2161342389881611
2026-08-19 07:34:00,0.2161342389881611
2026-08-19 07:35:00,0.1781793273985386
2026-08-19 07:36:00,0.1781793273985386
2026-08-19 07:37:00,0.1781793273985386
2026-08-19 07:38:00,0.1781793273985386
2026-08-19 07:39:00,0.1781793273985386
2026-08-19 07:40:00,0.13883400615304708
2026-08-19 07:41:00,0.13883400615304708
2026-08-19 07:42:00,0.13883400615304708
2026-08-19 07:43:00,0.13883400615304708
2026-08-19 07:44:00,0.13883400615304708
2026-08-19 07:45:00,0.10379019100219011
2026-08-19 07:46:00,0.10379019100219011
2026-08-19 07:47:00,0.10379019100219011
2026-08-19 07:48:00,0.10379019100219011
2026-08-19 07:49:00,0.10379019100219011
2026-08-19 07:50:00,0.06895652506500483
2026-08-19 07:51:00,0.06895652506500483
2026-08-19 07:52:00,0.06895652506500483
2026-08-19 07:53:00,0.06895652506500483
2026-08-19 07:54:00,0.06895652506500483
2026-08-19 07:55:00,0.07456073630601168
2026-08-19 07:56:00,0.07456073630601168
2026-08-19 07:57:00,0.07456073630601168
2026-08-19 07:58:00,0.07456073630601168
2026-08-19 07:59:00,0.07456073630601168
2026-08-19 08:00:00,0.08194457553327084
2026-08-19 08:01:00,0.08194457553327084
2026-08-19 08:02:00,0.08194457553327084
2026-08-19 08:03:00,0.08194457553327084
2026-08-19 08:04:00,0.08194457553327084
2026-08-19 08:05:00,0.08041588962078094
2026-08-19 08:06:00,0.08041588962078094
2026-08-19 08:07:00,0.08041588962078094
2026-08-19 08:08:00,0.08041588962078094
2026-08-19 08:09:00,0.08041588962078094
2026-08-19 08:10:00,0.07476912997663021
2026-08-19 08:11:00,0.07476912997663021
2026-08-19 08:12:00,0.07476912997663021
2026-08-19 08:13:00,0.07476912997663021
2026-08-19 08:14:00,0.07476912997663021
2026-08-19 08:15:00,0.06872313749045134
2026-08-19 08:16:00,0.06872313749045134
2026-08-19 08:17:00,0.06872313749045134
2026-08-19 08:18:00,0.06872313749045134
2026-08-19 08:19:00,0.06872313749045134
2026-08-19 08:20:00,0.06195550877600908
2026-08-19 08:21:00,0.06195550877600908
2026-08-19 08:22:00,0.06195550877600908
2026-08-19 08:23:00,0.06195550877600908
2026-08-19 08:24:00,0.06195550877600908
2026-08-19 08:25:00,0.0572776710614562
2026-08-19 08:26:00,0.0572776710614562
2026-08-19 08:27:00,0.0572776710614562
2026-08-19 08:28:00,0.0572776710614562
2026-08-19 08:29:00,0.0572776710614562
2026-08-19 08:30:00,0.05694105848670006
2026-08-19 08:31:00,0.05694105848670006
2026-08-19 08:32:00,0.05694105848670006
2026-08-19 08:33:00,0.05694105848670006
2026-08-19 08:34:00,0.05694105848670006
2026-08-19 08:35:00,0.05440020654350519
2026-08-19 08:36:00,0.05440020654350519
2026-08-19 08:37:00,0.05440020654350519
2026-08-19 08:38:00,0.05440020654350519
2026-08-19 08:39:00,0.05440020654350519
2026-08-19 08:40:00,0.052521295845508575
2026-08-19 08:41:00,0.052521295845508575
2026-08-19 08:42:00,0.052521295845508575
2026-08-19 08:43:00,0.052521295845508575
2026-08-19 08:44:00,0.052521295845508575
2026-08-19 08:45:00,0.0553810466080904
2026-08-19 08:46:00,0.0553810466080904
2026-08-19 08:47:00,0.0553810466080904
2026-08-19 08:48:00,0.0553810466080904
2026-08-19 08:49:00,0.0553810466080904
2026-08-19 08:50:00,0.0571241807192564
2026-08-19 08:51:00,0.0571241807192564
2026-08-19 08:52:00,0.0571241807192564
2026-08-19 08:53:00,0.0571241807192564
2026-08-19 08:54:00,0.0571241807192564
2026-08-19 08:55:00,0.06095715053379536
2026-08-19 08:56:00,0.06095715053379536
2026-08-19 08:57:00,0.06095715053379536
2026-08-19 08:58:00,0.06095715053379536
2026-08-19 08:59:00,0.06095715053379536
2026-08-19 09:00:00,0.06624448392540216
2026-08-19 09:01:00,0.06624448392540216
2026-08-19 09:02:00,0.06624448392540216
2026-08-19 09:03:00,0.06624448392540216
2026-08-19 09:04:00,0.06624448392540216
2026-08-19 09:05:00,0.06628266628831625
2026-08-19 09:06:00,0.06628266628831625
2026-08-19 09:07:00,0.06628266628831625
2026-08-19 09:08:00,0.06628266628831625
2026-08-19 09:09:00,0.06628266628831625
2026-08-19 09:10:00,0.062320901080965996
2026-08-19 09:11:00,0.062320901080965996
2026-08-19 09:12:00,0.062320901080965996
2026-08-19 09:13:00,0.062320901080965996
2026-08-19 09:14:00,0.062320901080965996
2026-08-19 09:15:00,0.057990891858935356
2026-08-19 09:16:00,0.057990891858935356
2026-08-19 09:17:00,0.057990891858935356
2026-08-19 09:18:00,0.057990891858935356
2026-08-19 09:19:00,0.057990891858935356
2026-08-19 09:20:00,0.05384956579655409
2026-08-19 09:21:00,0.05384956579655409
2026-08-19 09:22:00,0.05384956579655409
2026-08-19 09:23:00,0.05384956579655409
2026-08-19 09:24:00,0.05384956579655409
2026-08-19 09:25:00,0.05026405677199364
2026-08-19 09:26:00,0.05026405677199364
2026-08-19 09:27:00,0.05026405677199364
2026-08-19 09:28:00,0.05026405677199364
2026-08-19 09:29:00,0.05026405677199364
2026-08-19 09:30:00,0.051727281883358955
2026-08-19 09:31:00,0.051727281883358955
2026-08-19 09:32:00,0.051727281883358955
2026-08-19 09:33:00,0.051727281883358955
2026-08-19 09:34:00,0.051727281883358955
2026-08-19 09:35:00,0.05370975658297539
2026-08-19 09:36:00,0.05370975658297539
2026-08-19 09:37:00,0.05370975658297539
2026-08-19 09:38:00,0.05370975658297539
2026-08-19 09:39:00,0.05370975658297539
2026-08-19 09:40:00,0.051456877030432224
2026-08-19 09:41:00,0.051456877030432224
2026-08-19 09:42:00,0.051456877030432224
2026-08-19 09:43:00,0.051456877030432224
2026-08-19 09:44:00,0.051456877030432224
2026-08-19 09:45:00,0.050995705649256706
2026-08-19 09:46:00,0.050995705649256706
2026-08-19 09:47:00,0.050995705649256706
2026-08-19 09:48:00,0.050995705649256706
2026-08-19 09:49:00,0.050995705649256706
2026-08-19 09:50:00,0.18205771408975124
2026-08-19 09:51:00,0.18205771408975124
2026-08-19 09:52:00,0.18205771408975124
2026-08-19 09:53:00,0.18205771408975124
2026-08-19 09:54:00,0.18205771408975124
2026-08-19 09:55:00,0.3143600095063448
2026-08-19 09:56:00,0.3143600095063448
2026-08-19 09:57:00,0.3143600095063448
2026-08-19 09:58:00,0.3143600095063448
2026-08-19 09:59:00,0.3143600095063448
2026-08-19 10:00:00,0.4531364366412163
2026-08-19 10:01:00,0.4531364366412163
2026-08-19 10:02:00,0.4531364366412163
2026-08-19 10:03:00,0.4531364366412163
2026-08-19 10:04:00,0.4531364366412163
2026-08-19 10:05:00,0.5893709808588028
2026-08-19 10:06:00,0.5893709808588028
2026-08-19 10:07:00,0.5893709808588028
2026-08-19 10:08:00,0.5893709808588028
2026-08-19 10:09:00,0.5893709808588028
2026-08-19 10:10:00,0.4695147816091776
2026-08-19 10:11:00,0.4695147816091776
2026-08-19 10:12:00,0.4695147816091776
2026-08-19 10:13:00,0.4695147816091776
2026-08-19 10:14:00,0.4695147816091776
2026-08-19 10:15:00,0.3439069464802742
2026-08-19 10:16:00,0.3439069464802742
2026-08-19 10:17:00,0.3439069464802742
2026-08-19 10:18:00,0.3439069464802742
2026-08-19 10:19:00,0.3439069464802742
2026-08-19 10:20:00,0.21126065216958523
2026-08-19 10:21:00,0.21126065216958523
2026-08-19 10:22:00,0.21126065216958523
2026-08-19 10:23:00,0.21126065216958523
2026-08-19 10:24:00,0.21126065216958523
2026-08-19 10:25:00,0.081742774695158
2026-08-19 10:26:00,0.081742774695158
2026-08-19 10:27:00,0.081742774695158
2026-08-19 10:28:00,0.081742774695158
2026-08-19 10:29:00,0.081742774695158
2026-08-19 10:30:00,0.07650146819651127
2026-08-19 10:31:00,0.07650146819651127
2026-08-19 10:32:00,0.07650146819651127
2026-08-19 10:33:00,0.07650146819651127
2026-08-19 10:34:00,0.07650146819651127
2026-08-19 10:35:00,0.07367539964616299
2026-08-19 10:36:00,0.07367539964616299
2026-08-19 10:37:00,0.07367539964616299
2026-08-19 10:38:00,0.07367539964616299
2026-08-19 10:39:00,0.07367539964616299
2026-08-19 10:40:00,0.07216104306280613
2026-08-19 10:41:00,0.07216104306280613
2026-08-19 10:42:00,0.07216104306280613
2026-08-19 10:43:00,0.07216104306280613
2026-08-19 10:44:00,0.07216104306280613
2026-08-19 10:45:00,0.0736564863473177
2026-08-19 10:46:00,0.0736564863473177
2026-08-19 10:47:00,0.0736564863473177
2026-08-19 10:48:00,0.0736564863473177
2026-08-19 10:49:00,0.0736564863473177
2026-08-19 10:50:00,0.07085487991571426
2026-08-19 10:51:00,0.07085487991571426
2026-08-19 10:52:00,0.07085487991571426
2026-08-19 10:53:00,0.07085487991571426
2026-08-19 10:54:00,0.07085487991571426
2026-08-19 10:55:00,0.06653787009418011
2026-08-19 10:56:00,0.06653787009418011
2026-08-19 10:57:00,0.06653787009418011
2026-08-19 10:58:00,0.06653787009418011
2026-08-19 10:59:00,0.06653787009418011
2026-08-19 11:00:00,0.0648797582834959
2026-08-19 11:01:00,0.0648797582834959
2026-08-19 11:02:00,0.0648797582834959
2026-08-19 11:03:00,0.0648797582834959
2026-08-19 11:04:00,0.0648797582834959
2026-08-19 11:05:00,0.06518767587840557
2026-08-19 11:06:00,0.06518767587840557
2026-08-19 11:07:00,0.06518767587840557
2026-08-19 11:08:00,0.06518767587840557
2026-08-19 11:09:00,0.06518767587840557
2026-08-19 11:10:00,0.06940380483865738
2026-08-19 11:11:00,0.06940380483865738
2026-08-19 11:12:00,0.06940380483865738
2026-08-19 11:13:00,0.06940380483865738
2026-08-19 11:14:00,0.06940380483865738
2026-08-19 11:15:00,0.07574961706995964
2026-08-19 11:16:00,0.07574961706995964
2026-08-19 11:17:00,0.07574961706995964
2026-08-19 11:18:00,0.07574961706995964
2026-08-19 11:19:00,0.07574961706995964
2026-08-19 11:20:00,0.08015361987054348
2026-08-19 11:21:00,0.08015361987054348
2026-08-19 11:22:00,0.08015361987054348
2026-08-19 11:23:00,0.08015361987054348
2026-08-19 11:24:00,0.08015361987054348
2026-08-19 11:25:00,0.07479172945022583
2026-08-19 11:26:00,0.07479172945022583
2026-08-19 11:27:00,0.07479172945022583
2026-08-19 11:28:00,0.07479172945022583
2026-08-19 11:29:00,0.07479172945022583
2026-08-19 11:30:00,0.07417362183332443
2026-08-19 11:31:00,0.07417362183332443
2026-08-19 11:32:00,0.07417362183332443
2026-08-19 11:33:00,0.07417362183332443
2026-08-19 11:34:00,0.07417362183332443
2026-08-19 11:35:00,0.07268642261624336
2026-08-19 11:36:00,0.07268642261624336
2026-08-19 11:37:00,0.07268642261624336
2026-08-19 11:38:00,0.07268642261624336
2026-08-19 11:39:00,0.07268642261624336
2026-08-19 11:40:00,0.06694670580327511
2026-08-19 11:41:00,0.06694670580327511
2026-08-19 11:42:00,0.06694670580327511
2026-08-19 11:43:00,0.06694670580327511
2026-08-19 11:44:00,0.06694670580327511
2026-08-19 11:45:00,0.06764944456517696
2026-08-19 11:46:00,0.06764944456517696
2026-08-19 11:47:00,0.06764944456517696
2026-08-19 11:48:00,0.06764944456517696
2026-08-19 11:49:00,0.06764944456517696
2026-08-19 11:50:00,0.06308988854289055
2026-08-19 11:51:00,0.06308988854289055
2026-08-19 11:52:00,0.06308988854289055
2026-08-19 11:53:00,0.06308988854289055
2026-08-19 11:54:00,0.06308988854289055
2026-08-19 11:55:00,0.06438429653644562
2026-08-19 11:56:00,0.06438429653644562
2026-08-19 11:57:00,0.06438429653644562
2026-08-19 11:58:00,0.06438429653644562
2026-08-19 11:59:00,0.06438429653644562
2026-08-19 12:00:00,0.07600534148514271
2026-08-19 12:01:00,0.07600534148514271
2026-08-19 12:02:00,0.07600534148514271
2026-08-19 12:03:00,0.07600534148514271
2026-08-19 12:04:00,0.07600534148514271
2026-08-19 12:05:00,0.08500907197594643
2026-08-19 12:06:00,0.08500907197594643
2026-08-19 12:07:00,0.08500907197594643
2026-08-19 12:08:00,0.08500907197594643
2026-08-19 12:09:00,0.08500907197594643
2026-08-19 12:10:00,0.0860608983784914
2026-08-19 12:11:00,0.0860608983784914
2026-08-19 12:12:00,0.0860608983784914
2026-08-19 12:13:00,0.0860608983784914
2026-08-19 12:14:00,0.0860608983784914
2026-08-19 12:15:00,0.0773003064095974
2026-08-19 12:16:00,0.0773003064095974
2026-08-19 12:17:00,0.0773003064095974
2026-08-19 12:18:00,0.0773003064095974
2026-08-19 12:19:00,0.0773003064095974
2026-08-19 12:20:00,0.06362906470894814
2026-08-19 12:21:00,0.06362906470894814
2026-08-19 12:22:00,0.06362906470894814
2026-08-19 12:23:00,0.06362906470894814
2026-08-19 12:24:00,0.06362906470894814
2026-08-19 12:25:00,0.05419616773724556
2026-08-19 12:26:00,0.05419616773724556
2026-08-19 12:27:00,0.05419616773724556
2026-08-19 12:28:00,0.05419616773724556
2026-08-19 12:29:00,0.05419616773724556
2026-08-19 12:30:00,0.0558241568505764
2026-08-19 12:31:00,0.0558241568505764
2026-08-19 12:32:00,0.0558241568505764
2026-08-19 12:33:00,0.0558241568505764
2026-08-19 12:34:00,0.0558241568505764
2026-08-19 12:35:00,0.06587421707808971
2026-08-19 12:36:00,0.06587421707808971
2026-08-19 12:37:00,0.06587421707808971
2026-08-19 12:38:00,0.06587421707808971
2026-08-19 12:39:00,0.06587421707808971
2026-08-19 12:40:00,0.07420282624661922
2026-08-19 12:41:00,0.07420282624661922
2026-08-19 12:42:00,0.07420282624661922
2026-08-19 12:43:00,0.07420282624661922
2026-08-19 12:44:00,0.07420282624661922
2026-08-19 12:45:00,0.10989825427532196
2026-08-19 12:46:00,0.10989825427532196
2026-08-19 12:47:00,0.10989825427532196
2026-08-19 12:48:00,0.10989825427532196
2026-08-19 12:49:00,0.10989825427532196
2026-08-19 12:50:00,0.14193211868405342
2026-08-19 12:51:00,0.14193211868405342
2026-08-19 12:52:00,0.14193211868405342
2026-08-19 12:53:00,0.14193211868405342
2026-08-19 12:54:00,0.14193211868405342
2026-08-19 12:55:00,0.1686483509838581
2026-08-19 12:56:00,0.1686483509838581
2026-08-19 12:57:00,0.1686483509838581
2026-08-19 12:58:00,0.1686483509838581
2026-08-19 12:59:00,0.1686483509838581
2026-08-19 13:00:00,0.1971498243510723
2026-08-19 13:01:00,0.1971498243510723
2026-08-19 13:02:00,0.1971498243510723
2026-08-19 13:03:00,0.1971498243510723
2026-08-19 13:04:00,0.1971498243510723
2026-08-19 13:05:00,0.16446290723979473
2026-08-19 13:06:00,0.16446290723979473
2026-08-19 13:07:00,0.16446290723979473
2026-08-19 13:08:00,0.16446290723979473
2026-08-19 13:09:00,0.16446290723979473
2026-08-19 13:10:00,0.12829495687037706
2026-08-19 13:11:00,0.12829495687037706
2026-08-19 13:12:00,0.12829495687037706
2026-08-19 13:13:00,0.12829495687037706
2026-08-19 13:14:00,0.12829495687037706
2026-08-19 13:15:00,0.09142432920634747
2026-08-19 13:16:00,0.09142432920634747
2026-08-19 13:17:00,0.09142432920634747
2026-08-19 13:18:00,0.09142432920634747
2026-08-19 13:19:00,0.09142432920634747
2026-08-19 13:20:00,0.05411950685083866
2026-08-19 13:21:00,0.05411950685083866
2026-08-19 13:22:00,0.05411950685083866
2026-08-19 13:23:00,0.05411950685083866
2026-08-19 13:24:00,0.05411950685083866
2026-08-19 13:25:00,0.05303823575377464
2026-08-19 13:26:00,0.05303823575377464
2026-08-19 13:27:00,0.05303823575377464
2026-08-19 13:28:00,0.05303823575377464
2026-08-19 13:29:00,0.05303823575377464
2026-08-19 13:30:00,0.054314592853188515
2026-08-19 13:31:00,0.054314592853188515
2026-08-19 13:32:00,0.054314592853188515
2026-08-19 13:33:00,0.054314592853188515
2026-08-19 13:34:00,0.054314592853188515
2026-08-19 13:35:00,0.053496197797358036
2026-08-19 13:36:00,0.053496197797358036
2026-08-19 13:37:00,0.053496197797358036
2026-08-19 13:38:00,0.053496197797358036
2026-08-19 13:39:00,0.053496197797358036
2026-08-19 13:40:00,0.05173284187912941
2026-08-19 13:41:00,0.05173284187912941
2026-08-19 13:42:00,0.05173284187912941
2026-08-19 13:43:00,0.05173284187912941
2026-08-19 13:44:00,0.05173284187912941
2026-08-19 13:45:00,0.047176782973110676
2026-08-19 13:46:00,0.047176782973110676
2026-08-19 13:47:00,0.047176782973110676
2026-08-19 13:48:00,0.047176782973110676
2026-08-19 13:49:00,0.047176782973110676
2026-08-19 13:50:00,0.048571592196822166
2026-08-19 13:51:00,0.048571592196822166
2026-08-19 13:52:00,0.048571592196822166
2026-08-19 13:53:00,0.048571592196822166
2026-08-19 13:54:00,0.048571592196822166
2026-08-19 13:55:00,0.32551088742911816
2026-08-19 13:56:00,0.32551088742911816
2026-08-19 13:57:00,0.32551088742911816
2026-08-19 13:58:00,0.32551088742911816
2026-08-19 13:59:00,0.32551088742911816
2026-08-19 14:00:00,0.6311543798074126
2026-08-19 14:01:00,0.6311543798074126
2026-08-19 14:02:00,0.6311543798074126
2026-08-19 14:03:00,0.6311543798074126
2026-08-19 14:04:00,0.6311543798074126
2026-08-19 14:05:00,0.9369114767760038
2026-08-19 14:06:00,0.9369114767760038
2026-08-19 14:07:00,0.9369114767760038
2026-08-19 14:08:00,0.9369114767760038
2026-08-19 14:09:00,0.9369114767760038
2026-08-19 14:10:00,1.2393503189086914
2026-08-19 14:11:00,1.2393503189086914
2026-08-19 14:12:00,1.2393503189086914
2026-08-19 14:13:00,1.2393503189086914
2026-08-19 14:14:00,1.2393503189086914
2026-08-19 14:15:00,1.2190992832183838
2026-08-19 14:16:00,1.2190992832183838
2026-08-19 14:17:00,1.2190992832183838
2026-08-19 14:18:00,1.2190992832183838
2026-08-19 14:19:00,1.2190992832183838
2026-08-19 14:20:00,1.1169334948062897
2026-08-19 14:21:00,1.1169334948062897
2026-08-19 14:22:00,1.1169334948062897
2026-08-19 14:23:00,1.1169334948062897
2026-08-19 14:24:00,1.1169334948062897
2026-08-19 14:25:00,0.9985029995441437
2026-08-19 14:26:00,0.9985029995441437
2026-08-19 14:27:00,0.9985029995441437
2026-08-19 14:28:00,0.9985029995441437
2026-08-19 14:29:00,0.9985029995441437
2026-08-19 14:30:00,0.8747762441635132
2026-08-19 14:31:00,0.8747762441635132
2026-08-19 14:32:00,0.8747762441635132
2026-08-19 14:33:00,0.8747762441635132
2026-08-19 14:34:00,0.8747762441635132
2026-08-19 14:35:00,0.7848663777112961
2026-08-19 14:36:00,0.7848663777112961
2026-08-19 14:37:00,0.7848663777112961
2026-08-19 14:38:00,0.7848663777112961
2026-08-19 14:39:00,0.7848663777112961
2026-08-19 14:40:00,0.6798039674758911
2026-08-19 14:41:00,0.6798039674758911
2026-08-19 14:42:00,0.6798039674758911
2026-08-19 14:43:00,0.6798039674758911
2026-08-19 14:44:00,0.6798039674758911
2026-08-19 14:45:00,0.5427463054656982
2026-08-19 14:46:00,0.5427463054656982
2026-08-19 14:47:00,0.5427463054656982
2026-08-19 14:48:00,0.5427463054656982
2026-08-19 14:49:00,0.5427463054656982
2026-08-19 14:50:00,0.45027315616607666
2026-08-19 14:51:00,0.45027315616607666
2026-08-19 14:52:00,0.45027315616607666
2026-08-19 14:53:00,0.45027315616607666
2026-08-19 14:54:00,0.45027315616607666
2026-08-19 14:55:00,0.3934909850358963
2026-08-19 14:56:00,0.3934909850358963
2026-08-19 14:57:00,0.3934909850358963
2026-08-19 14:58:00,0.3934909850358963
2026-08-19 14:59:00,0.3934909850358963
2026-08-19 15:00:00,0.41531629860401154
2026-08-19 15:01:00,0.41531629860401154
2026-08-19 15:02:00,0.41531629860401154
2026-08-19 15:03:00,0.41531629860401154
2026-08-19 15:04:00,0.41531629860401154
2026-08-19 15:05:00,0.4833024591207504
2026-08-19 15:06:00,0.4833024591207504
2026-08-19 15:07:00,0.4833024591207504
2026-08-19 15:08:00,0.4833024591207504
2026-08-19 15:09:00,0.4833024591207504
2026-08-19 15:10:00,0.5095923095941544
2026-08-19 15:11:00,0.5095923095941544
2026-08-19 15:12:00,0.5095923095941544
2026-08-19 15:13:00,0.5095923095941544
2026-08-19 15:14:00,0.5095923095941544
2026-08-19 15:15:00,0.5157615542411804
2026-08-19 15:16:00,0.5157615542411804
2026-08-19 15:17:00,0.5157615542411804
2026-08-19 15:18:00,0.5157615542411804
2026-08-19 15:19:00,0.5157615542411804
2026-08-19 15:20:00,0.4882935658097267
2026-08-19 15:21:00,0.4882935658097267
2026-08-19 15:22:00,0.4882935658097267
2026-08-19 15:23:00,0.4882935658097267
2026-08-19 15:24:00,0.4882935658097267
2026-08-19 15:25:00,0.43665292859077454
2026-08-19 15:26:00,0.43665292859077454
2026-08-19 15:27:00,0.43665292859077454
2026-08-19 15:28:00,0.43665292859077454
2026-08-19 15:29:00,0.43665292859077454
2026-08-19 15:30:00,0.35719985887408257
2026-08-19 15:31:00,0.35719985887408257
2026-08-19 15:32:00,0.35719985887408257
2026-08-19 15:33:00,0.35719985887408257
2026-08-19 15:34:00,0.35719985887408257
2026-08-19 15:35:00,0.2643050402402878
2026-08-19 15:36:00,0.2643050402402878
2026-08-19 15:37:00,0.2643050402402878
2026-08-19 15:38:00,0.2643050402402878
2026-08-19 15:39:00,0.2643050402402878
2026-08-19 15:40:00,0.19156061671674252
2026-08-19 15:41:00,0.19156061671674252
2026-08-19 15:42:00,0.19156061671674252
2026-08-19 15:43:00,0.19156061671674252
2026-08-19 15:44:00,0.19156061671674252
2026-08-19 15:45:00,0.14326506108045578
2026-08-19 15:46:00,0.14326506108045578
2026-08-19 15:47:00,0.14326506108045578
2026-08-19 15:48:00,0.14326506108045578
2026-08-19 15:49:00,0.14326506108045578
2026-08-19 15:50:00,0.12319020554423332
2026-08-19 15:51:00,0.12319020554423332
2026-08-19 15:52:00,0.12319020554423332
2026-08-19 15:53:00,0.12319020554423332
2026-08-19 15:54:00,0.12319020554423332
2026-08-19 15:55:00,0.1156203281134367
2026-08-19 15:56:00,0.1156203281134367
2026-08-19 15:57:00,0.1156203281134367
2026-08-19 15:58:00,0.1156203281134367
2026-08-19 15:59:00,0.1156203281134367
2026-08-19 16:00:00,0.10789727419614792
2026-08-19 16:01:00,0.10789727419614792
2026-08-19 16:02:00,0.10789727419614792
2026-08-19 16:03:00,0.10789727419614792
2026-08-19 16:04:00,0.10789727419614792
2026-08-19 16:05:00,0.09321342036128044
2026-08-19 16:06:00,0.09321342036128044
2026-08-19 16:07:00,0.09321342036128044
2026-08-19 16:08:00,0.09321342036128044
2026-08-19 16:09:00,0.09321342036128044
2026-08-19 16:10:00,0.07777992263436317
2026-08-19 16:11:00,0.07777992263436317
2026-08-19 16:12:00,0.07777992263436317
2026-08-19 16:13:00,0.07777992263436317
2026-08-19 16:14:00,0.07777992263436317
2026-08-19 16:15:00,0.0688210241496563
2026-08-19 16:16:00,0.0688210241496563
2026-08-19 16:17:00,0.0688210241496563
2026-08-19 16:18:00,0.0688210241496563
2026-08-19 16:19:00,0.0688210241496563
2026-08-19 16:20:00,0.06328854896128178
2026-08-19 16:21:00,0.06328854896128178
2026-08-19 16:22:00,0.06328854896128178
2026-08-19 16:23:00,0.06328854896128178
2026-08-19 16:24:00,0.06328854896128178
2026-08-19 16:25:00,0.06366902962327003
2026-08-19 16:26:00,0.06366902962327003
2026-08-19 16:27:00,0.06366902962327003
2026-08-19 16:28:00,0.06366902962327003
2026-08-19 16:29:00,0.06366902962327003
2026-08-19 16:30:00,0.06591671332716942
2026-08-19 16:31:00,0.06591671332716942
2026-08-19 16:32:00,0.06591671332716942
2026-08-19 16:33:00,0.06591671332716942
2026-08-19 16:34:00,0.06591671332716942
2026-08-19 16:35:00,0.0623078690841794
2026-08-19 16:36:00,0.0623078690841794
2026-08-19 16:37:00,0.0623078690841794
2026-08-19 16:38:00,0.0623078690841794
2026-08-19 16:39:00,0.0623078690841794
2026-08-19 16:40:00,0.05865876190364361
2026-08-19 16:41:00,0.05865876190364361
2026-08-19 16:42:00,0.05865876190364361
2026-08-19 16:43:00,0.05865876190364361
2026-08-19 16:44:00,0.05865876190364361
2026-08-19 16:45:00,0.05644756928086281
2026-08-19 16:46:00,0.05644756928086281
2026-08-19 16:47:00,0.05644756928086281
2026-08-19 16:48:00,0.05644756928086281
2026-08-19 16:49:00,0.05644756928086281
2026-08-19 16:50:00,0.05463943723589182
2026-08-19 16:51:00,0.05463943723589182
2026-08-19 16:52:00,0.05463943723589182
2026-08-19 16:53:00,0.05463943723589182
2026-08-19 16:54:00,0.05463943723589182
2026-08-19 16:55:00,0.05337312072515488
2026-08-19 16:56:00,0.05337312072515488
2026-08-19 16:57:00,0.05337312072515488
2026-08-19 16:58:00,0.05337312072515488
2026-08-19 16:59:00,0.05337312072515488
2026-08-19 17:00:00,0.056214858777821064
2026-08-19 17:01:00,0.056214858777821064
2026-08-19 17:02:00,0.056214858777821064
2026-08-19 17:03:00,0.056214858777821064
2026-08-19 17:04:00,0.056214858777821064
2026-08-19 17:05:00,0.055916162207722664
2026-08-19 17:06:00,0.055916162207722664
2026-08-19 17:07:00,0.055916162207722664
2026-08-19 17:08:00,0.055916162207722664
2026-08-19 17:09:00,0.055916162207722664
2026-08-19 17:10:00,0.056479704566299915
2026-08-19 17:11:00,0.056479704566299915
2026-08-19 17:12:00,0.056479704566299915
2026-08-19 17:13:00,0.056479704566299915
2026-08-19 17:14:00,0.056479704566299915
2026-08-19 17:15:00,0.06389808002859354
2026-08-19 17:16:00,0.06389808002859354
2026-08-19 17:17:00,0.06389808002859354
2026-08-19 17:18:00,0.06389808002859354
2026-08-19 17:19:00,0.06389808002859354
2026-08-19 17:20:00,0.07127452362328768
2026-08-19 17:21:00,0.07127452362328768
2026-08-19 17:22:00,0.07127452362328768
2026-08-19 17:23:00,0.07127452362328768
2026-08-19 17:24:00,0.07127452362328768
2026-08-19 17:25:00,0.08196700364351273
2026-08-19 17:26:00,0.08196700364351273
2026-08-19 17:27:00,0.08196700364351273
2026-08-19 17:28:00,0.08196700364351273
2026-08-19 17:29:00,0.08196700364351273
2026-08-19 17:30:00,0.08811047486960888
2026-08-19 17:31:00,0.08811047486960888
2026-08-19 17:32:00,0.08811047486960888
2026-08-19 17:33:00,0.08811047486960888
2026-08-19 17:34:00,0.08811047486960888
2026-08-19 17:35:00,0.09025546535849571
2026-08-19 17:36:00,0.09025546535849571
2026-08-19 17:37:00,0.09025546535849571
2026-08-19 17:38:00,0.09025546535849571
2026-08-19 17:39:00,0.09025546535849571
2026-08-19 17:40:00,0.08838516846299171
2026-08-19 17:41:00,0.08838516846299171
2026-08-19 17:42:00,0.08838516846299171
2026-08-19 17:43:00,0.08838516846299171
2026-08-19 17:44:00,0.08838516846299171
2026-08-19 17:45:00,0.07779133133590221
2026-08-19 17:46:00,0.07779133133590221
2026-08-19 17:47:00,0.07779133133590221
2026-08-19 17:48:00,0.07779133133590221
2026-08-19 17:49:00,0.07779133133590221
2026-08-19 17:50:00,0.07335400953888893
2026-08-19 17:51:00,0.07335400953888893
2026-08-19 17:52:00,0.07335400953888893
2026-08-19 17:53:00,0.07335400953888893
2026-08-19 17:54:00,0.07335400953888893
2026-08-19 17:55:00,0.07143161445856094
2026-08-19 17:56:00,0.07143161445856094
2026-08-19 17:57:00,0.07143161445856094
2026-08-19 17:58:00,0.07143161445856094
2026-08-19 17:59:00,0.07143161445856094
2026-08-19 18:00:00,0.07282598875463009
2026-08-19 18:01:00,0.07282598875463009
2026-08-19 18:02:00,0.07282598875463009
2026-08-19 18:03:00,0.07282598875463009
2026-08-19 18:04:00,0.07282598875463009
2026-08-19 18:05:00,0.0827914122492075
2026-08-19 18:06:00,0.0827914122492075
2026-08-19 18:07:00,0.0827914122492075
2026-08-19 18:08:00,0.0827914122492075
2026-08-19 18:09:00,0.0827914122492075
2026-08-19 18:10:00,0.08767124265432358
2026-08-19 18:11:00,0.08767124265432358
2026-08-19 18:12:00,0.08767124265432358
2026-08-19 18:13:00,0.08767124265432358
2026-08-19 18:14:00,0.08767124265432358
2026-08-19 18:15:00,0.08619200624525547
2026-08-19 18:16:00,0.08619200624525547
2026-08-19 18:17:00,0.08619200624525547
2026-08-19 18:18:00,0.08619200624525547
2026-08-19 18:19:00,0.08619200624525547
2026-08-19 18:20:00,0.08209786005318165
2026-08-19 18:21:00,0.08209786005318165
2026-08-19 18:22:00,0.08209786005318165
2026-08-19 18:23:00,0.08209786005318165
2026-08-19 18:24:00,0.08209786005318165
2026-08-19 18:25:00,0.07858630828559399
2026-08-19 18:26:00,0.07858630828559399
2026-08-19 18:27:00,0.07858630828559399
2026-08-19 18:28:00,0.07858630828559399
2026-08-19 18:29:00,0.07858630828559399
2026-08-19 18:30:00,0.07730391807854176
2026-08-19 18:31:00,0.07730391807854176
2026-08-19 18:32:00,0.07730391807854176
2026-08-19 18:33:00,0.07730391807854176
2026-08-19 18:34:00,0.07730391807854176
2026-08-19 18:35:00,0.07598436623811722
2026-08-19 18:36:00,0.07598436623811722
2026-08-19 18:37:00,0.07598436623811722
2026-08-19 18:38:00,0.07598436623811722
2026-08-19 18:39:00,0.07598436623811722
2026-08-19 18:40:00,0.07504120841622353
2026-08-19 18:41:00,0.07504120841622353
2026-08-19 18:42:00,0.07504120841622353
2026-08-19 18:43:00,0.07504120841622353
2026-08-19 18:44:00,0.07504120841622353
2026-08-19 18:45:00,0.0696481978520751
2026-08-19 18:46:00,0.0696481978520751
2026-08-19 18:47:00,0.0696481978520751
2026-08-19 18:48:00,0.0696481978520751
2026-08-19 18:49:00,0.0696481978520751
2026-08-19 18:50:00,0.06429312378168106
2026-08-19 18:51:00,0.06429312378168106
2026-08-19 18:52:00,0.06429312378168106
2026-08-19 18:53:00,0.06429312378168106
2026-08-19 18:54:00,0.06429312378168106
2026-08-19 18:55:00,0.061618613079190254
2026-08-19 18:56:00,0.061618613079190254
2026-08-19 18:57:00,0.061618613079190254
2026-08-19 18:58:00,0.061618613079190254
2026-08-19 18:59:00,0.061618613079190254
2026-08-19 19:00:00,0.05936822388321161
2026-08-19 19:01:00,0.05936822388321161
2026-08-19 19:02:00,0.05936822388321161
2026-08-19 19:03:00,0.05936822388321161
2026-08-19 19:04:00,0.05936822388321161
2026-08-19 19:05:00,0.06038895808160305
2026-08-19 19:06:00,0.06038895808160305
2026-08-19 19:07:00,0.06038895808160305
2026-08-19 19:08:00,0.06038895808160305
2026-08-19 19:09:00,0.06038895808160305
2026-08-19 19:10:00,0.06567337270826101
2026-08-19 19:11:00,0.06567337270826101
2026-08-19 19:12:00,0.06567337270826101
2026-08-19 19:13:00,0.06567337270826101
2026-08-19 19:14:00,0.06567337270826101
2026-08-19 19:15:00,0.07168806064873934
2026-08-19 19:16:00,0.07168806064873934
2026-08-19 19:17:00,0.07168806064873934
2026-08-19 19:18:00,0.07168806064873934
2026-08-19 19:19:00,0.07168806064873934
2026-08-19 19:20:00,0.07704377733170986
2026-08-19 19:21:00,0.07704377733170986
2026-08-19 19:22:00,0.07704377733170986
2026-08-19 19:23:00,0.07704377733170986
2026-08-19 19:24:00,0.07704377733170986
2026-08-19 19:25:00,0.07576935738325119
2026-08-19 19:26:00,0.07576935738325119
2026-08-19 19:27:00,0.07576935738325119
2026-08-19 19:28:00,0.07576935738325119
2026-08-19 19:29:00,0.07576935738325119
2026-08-19 19:30:00,0.06536257360130548
2026-08-19 19:31:00,0.06536257360130548
2026-08-19 19:32:00,0.06536257360130548
2026-08-19 19:33:00,0.06536257360130548
2026-08-19 19:34:00,0.06536257360130548
2026-08-19 19:35:00,0.05789513327181339
2026-08-19 19:36:00,0.05789513327181339
2026-08-19 19:37:00,0.05789513327181339
2026-08-19 19:38:00,0.05789513327181339
2026-08-19 19:39:00,0.05789513327181339
2026-08-19 19:40:00,0.049660081043839455
2026-08-19 19:41:00,0.049660081043839455
2026-08-19 19:42:00,0.049660081043839455
2026-08-19 19:43:00,0.049660081043839455
2026-08-19 19:44:00,0.049660081043839455
2026-08-19 19:45:00,0.05051700212061405
2026-08-19 19:46:00,0.05051700212061405
2026-08-19 19:47:00,0.05051700212061405
2026-08-19 19:48:00,0.05051700212061405
2026-08-19 19:49:00,0.05051700212061405
2026-08-19 19:50:00,0.06261531170457602
2026-08-19 19:51:00,0.06261531170457602
2026-08-19 19:52:00,0.06261531170457602
2026-08-19 19:53:00,0.06261531170457602
2026-08-19 19:54:00,0.06261531170457602
2026-08-19 19:55:00,0.07078118808567524
2026-08-19 19:56:00,0.07078118808567524
2026-08-19 19:57:00,0.07078118808567524
2026-08-19 19:58:00,0.07078118808567524
2026-08-19 19:59:00,0.07078118808567524
2026-08-19 20:00:00,0.07778380624949932
2026-08-19 20:01:00,0.07778380624949932
2026-08-19 20:02:00,0.07778380624949932
2026-08-19 20:03:00,0.07778380624949932
2026-08-19 20:04:00,0.07778380624949932
2026-08-19 20:05:00,0.08102232776582241
2026-08-19 20:06:00,0.08102232776582241
2026-08-19 20:07:00,0.08102232776582241
2026-08-19 20:08:00,0.08102232776582241
2026-08-19 20:09:00,0.08102232776582241
2026-08-19 20:10:00,0.07192510087043047
2026-08-19 20:11:00,0.07192510087043047
2026-08-19 20:12:00,0.07192510087043047
2026-08-19 20:13:00,0.07192510087043047
2026-08-19 20:14:00,0.07192510087043047
2026-08-19 20:15:00,0.06074080988764763
2026-08-19 20:16:00,0.06074080988764763
2026-08-19 20:17:00,0.06074080988764763
2026-08-19 20:18:00,0.06074080988764763
2026-08-19 20:19:00,0.06074080988764763
2026-08-19 20:20:00,0.0507391644641757
2026-08-19 20:21:00,0.0507391644641757
2026-08-19 20:22:00,0.0507391644641757
2026-08-19 20:23:00,0.0507391644641757
2026-08-19 20:24:00,0.0507391644641757
2026-08-19 20:25:00,0.04343788791447878
2026-08-19 20:26:00,0.04343788791447878
2026-08-19 20:27:00,0.04343788791447878
2026-08-19 20:28:00,0.04343788791447878
2026-08-19 20:29:00,0.04343788791447878
2026-08-19 20:30:00,0.04731668159365654
2026-08-19 20:31:00,0.04731668159365654
2026-08-19 20:32:00,0.04731668159365654
2026-08-19 20:33:00,0.04731668159365654
2026-08-19 20:34:00,0.04731668159365654
2026-08-19 20:35:00,0.05264053400605917
2026-08-19 20:36:00,0.05264053400605917
2026-08-19 20:37:00,0.05264053400605917
2026-08-19 20:38:00,0.05264053400605917
2026-08-19 20:39:00,0.05264053400605917
2026-08-19 20:40:00,0.05694740358740091
2026-08-19 20:41:00,0.05694740358740091
2026-08-19 20:42:00,0.05694740358740091
2026-08-19 20:43:00,0.05694740358740091
2026-08-19 20:44:00,0.05694740358740091
2026-08-19 20:45:00,0.060029514133930206
2026-08-19 20:46:00,0.060029514133930206
2026-08-19 20:47:00,0.060029514133930206
2026-08-19 20:48:00,0.060029514133930206
2026-08-19 20:49:00,0.060029514133930206
2026-08-19 20:50:00,0.06176760606467724
2026-08-19 20:51:00,0.06176760606467724
2026-08-19 20:52:00,0.06176760606467724
2026-08-19 20:53:00,0.06176760606467724
2026-08-19 20:54:00,0.06176760606467724
2026-08-19 20:55:00,0.06611908785998821
2026-08-19 20:56:00,0.06611908785998821
2026-08-19 20:57:00,0.06611908785998821
2026-08-19 20:58:00,0.06611908785998821
2026-08-19 20:59:00,0.06611908785998821
2026-08-19 21:00:00,0.07008943241089582
2026-08-19 21:01:00,0.07008943241089582
2026-08-19 21:02:00,0.07008943241089582
2026-08-19 21:03:00,0.07008943241089582
2026-08-19 21:04:00,0.07008943241089582
2026-08-19 21:05:00,0.07242301106452942
2026-08-19 21:06:00,0.07242301106452942
2026-08-19 21:07:00,0.07242301106452942
2026-08-19 21:08:00,0.07242301106452942
2026-08-19 21:09:00,0.07242301106452942
2026-08-19 21:10:00,0.07165304198861122
2026-08-19 21:11:00,0.07165304198861122
2026-08-19 21:12:00,0.07165304198861122
2026-08-19 21:13:00,0.07165304198861122
2026-08-19 21:14:00,0.07165304198861122
2026-08-19 21:15:00,0.07625963725149632
2026-08-19 21:16:00,0.07625963725149632
2026-08-19 21:17:00,0.07625963725149632
2026-08-19 21:18:00,0.07625963725149632
2026-08-19 21:19:00,0.07625963725149632
2026-08-19 21:20:00,0.08149522542953491
2026-08-19 21:21:00,0.08149522542953491
2026-08-19 21:22:00,0.08149522542953491
2026-08-19 21:23:00,0.08149522542953491
2026-08-19 21:24:00,0.08149522542953491
2026-08-19 21:25:00,0.08099906705319881
2026-08-19 21:26:00,0.08099906705319881
2026-08-19 21:27:00,0.08099906705319881
2026-08-19 21:28:00,0.08099906705319881
2026-08-19 21:29:00,0.08099906705319881
2026-08-19 21:30:00,0.07585471868515015
2026-08-19 21:31:00,0.07585471868515015
2026-08-19 21:32:00,0.07585471868515015
2026-08-19 21:33:00,0.07585471868515015
2026-08-19 21:34:00,0.07585471868515015
2026-08-19 21:35:00,0.06260082591325045
2026-08-19 21:36:00,0.06260082591325045
2026-08-19 21:37:00,0.06260082591325045
2026-08-19 21:38:00,0.06260082591325045
2026-08-19 21:39:00,0.06260082591325045
2026-08-19 21:40:00,0.052399720065295696
2026-08-19 21:41:00,0.052399720065295696
2026-08-19 21:42:00,0.052399720065295696
2026-08-19 21:43:00,0.052399720065295696
2026-08-19 21:44:00,0.052399720065295696
2026-08-19 21:45:00,0.05045113433152437
2026-08-19 21:46:00,0.05045113433152437
2026-08-19 21:47:00,0.05045113433152437
2026-08-19 21:48:00,0.05045113433152437
2026-08-19 21:49:00,0.05045113433152437
2026-08-19 21:50:00,0.050974602811038494
2026-08-19 21:51:00,0.050974602811038494
2026-08-19 21:52:00,0.050974602811038494
2026-08-19 21:53:00,0.050974602811038494
2026-08-19 21:54:00,0.050974602811038494
2026-08-19 21:55:00,0.051696596667170525
2026-08-19 21:56:00,0.051696596667170525
2026-08-19 21:57:00,0.051696596667170525
2026-08-19 21:58:00,0.051696596667170525
2026-08-19 21:59:00,0.051696596667170525
2026-08-19 22:00:00,0.0515127582475543
2026-08-19 22:01:00,0.0515127582475543
2026-08-19 22:02:00,0.0515127582475543
2026-08-19 22:03:00,0.0515127582475543
2026-08-19 22:04:00,0.0515127582475543
2026-08-19 22:05:00,0.04867338389158249
2026-08-19 22:06:00,0.04867338389158249
2026-08-19 22:07:00,0.04867338389158249
2026-08-19 22:08:00,0.04867338389158249
2026-08-19 22:09:00,0.04867338389158249
2026-08-19 22:10:00,0.047093999572098255
2026-08-19 22:11:00,0.047093999572098255
2026-08-19 22:12:00,0.047093999572098255
2026-08-19 22:13:00,0.047093999572098255
2026-08-19 22:14:00,0.047093999572098255
2026-08-19 22:15:00,0.05090029537677765
2026-08-19 22:16:00,0.05090029537677765
2026-08-19 22:17:00,0.05090029537677765
2026-08-19 22:18:00,0.05090029537677765
2026-08-19 22:19:00,0.05090029537677765
2026-08-19 22:20:00,0.052128986455500126
2026-08-19 22:21:00,0.052128986455500126
2026-08-19 22:22:00,0.052128986455500126
2026-08-19 22:23:00,0.052128986455500126
2026-08-19 22:24:00,0.052128986455500126
2026-08-19 22:25:00,0.05473228916525841
2026-08-19 22:26:00,0.05473228916525841
2026-08-19 22:27:00,0.05473228916525841
2026-08-19 22:28:00,0.05473228916525841
2026-08-19 22:29:00,0.05473228916525841
2026-08-19 22:30:00,0.059649077244102955
2026-08-19 22:31:00,0.059649077244102955
2026-08-19 22:32:00,0.059649077244102955
2026-08-19 22:33:00,0.059649077244102955
2026-08-19 22:34:00,0.059649077244102955
2026-08-19 22:35:00,0.06197221204638481
2026-08-19 22:36:00,0.06197221204638481
2026-08-19 22:37:00,0.06197221204638481
2026-08-19 22:38:00,0.06197221204638481
2026-08-19 22:39:00,0.06197221204638481
2026-08-19 22:40:00,0.06738920696079731
2026-08-19 22:41:00,0.06738920696079731
2026-08-19 22:42:00,0.06738920696079731
2026-08-19 22:43:00,0.06738920696079731
2026-08-19 22:44:00,0.06738920696079731
2026-08-19 22:45:00,0.07220190018415451
2026-08-19 22:46:00,0.07220190018415451
2026-08-19 22:47:00,0.07220190018415451
2026-08-19 22:48:00,0.07220190018415451
2026-08-19 22:49:00,0.07220190018415451
2026-08-19 22:50:00,0.07543283142149448
2026-08-19 22:51:00,0.07543283142149448
2026-08-19 22:52:00,0.07543283142149448
2026-08-19 22:53:00,0.07543283142149448
2026-08-19 22:54:00,0.07543283142149448
2026-08-19 22:55:00,0.07528402283787727
2026-08-19 22:56:00,0.07528402283787727
2026-08-19 22:57:00,0.07528402283787727
2026-08-19 22:58:00,0.07528402283787727
2026-08-19 22:59:00,0.07528402283787727
2026-08-19 23:00:00,0.07238292135298252
2026-08-19 23:01:00,0.07238292135298252
2026-08-19 23:02:00,0.07238292135298252
2026-08-19 23:03:00,0.07238292135298252
2026-08-19 23:04:00,0.07238292135298252
2026-08-19 23:05:00,0.07154063880443573
2026-08-19 23:06:00,0.07154063880443573
2026-08-19 23:07:00,0.07154063880443573
2026-08-19 23:08:00,0.07154063880443573
2026-08-19 23:09:00,0.07154063880443573
2026-08-19 23:10:00,0.07436785660684109
2026-08-19 23:11:00,0.07436785660684109
2026-08-19 23:12:00,0.07436785660684109
2026-08-19 23:13:00,0.07436785660684109
2026-08-19 23:14:00,0.07436785660684109
2026-08-19 23:15:00,0.08262470364570618
2026-08-19 23:16:00,0.08262470364570618
2026-08-19 23:17:00,0.08262470364570618
2026-08-19 23:18:00,0.08262470364570618
2026-08-19 23:19:00,0.08262470364570618
2026-08-19 23:20:00,0.0911723393946886
2026-08-19 23:21:00,0.0911723393946886
2026-08-19 23:22:00,0.0911723393946886
2026-08-19 23:23:00,0.0911723393946886
2026-08-19 23:24:00,0.0911723393946886
2026-08-19 23:25:00,0.09278109669685364
2026-08-19 23:26:00,0.09278109669685364
2026-08-19 23:27:00,0.09278109669685364
2026-08-19 23:28:00,0.09278109669685364
2026-08-19 23:29:00,0.09278109669685364
2026-08-19 23:30:00,0.08399564772844315
2026-08-19 23:31:00,0.08399564772844315
2026-08-19 23:32:00,0.08399564772844315
2026-08-19 23:33:00,0.08399564772844315
2026-08-19 23:34:00,0.08399564772844315
2026-08-19 23:35:00,0.07370843458920717
2026-08-19 23:36:00,0.07370843458920717
2026-08-19 23:37:00,0.07370843458920717
2026-08-19 23:38:00,0.07370843458920717
2026-08-19 23:39:00,0.07370843458920717
2026-08-19 23:40:00,0.06400341913104057
2026-08-19 23:41:00,0.06400341913104057
2026-08-19 23:42:00,0.06400341913104057
2026-08-19 23:43:00,0.06400341913104057
2026-08-19 23:44:00,0.06400341913104057
2026-08-19 23:45:00,0.05843182932585478
2026-08-19 23:46:00,0.05843182932585478
2026-08-19 23:47:00,0.05843182932585478
2026-08-19 23:48:00,0.05843182932585478
2026-08-19 23:49:00,0.05843182932585478
2026-08-19 23:50:00,0.06070628669112921
2026-08-19 23:51:00,0.06070628669112921
2026-08-19 23:52:00,0.06070628669112921
2026-08-19 23:53:00,0.06070628669112921
2026-08-19 23:54:00,0.06070628669112921
2026-08-19 23:55:00,0.05902616307139397
2026-08-19 23:56:00,0.05902616307139397
2026-08-19 23:57:00,0.05902616307139397
2026-08-19 23:58:00,0.05902616307139397
2026-08-19 23:59:00,0.05902616307139397
2026-08-20 00:00:00,0.05781349819153547
2026-08-20 00:01:00,0.05781349819153547
2026-08-20 00:02:00,0.05781349819153547
2026-08-20 00:03:00,0.05781349819153547
2026-08-20 00:04:00,0.05781349819153547
2026-08-20 00:05:00,0.05647051241248846
2026-08-20 00:06:00,0.05647051241248846
2026-08-20 00:07:00,0.05647051241248846
2026-08-20 00:08:00,0.05647051241248846
2026-08-20 00:09:00,0.05647051241248846
2026-08-20 00:10:00,0.052968984469771385
2026-08-20 00:11:00,0.052968984469771385
2026-08-20 00:12:00,0.052968984469771385
2026-08-20 00:13:00,0.052968984469771385
2026-08-20 00:14:00,0.052968984469771385
2026-08-20 00:15:00,0.054042073898017406
2026-08-20 00:16:00,0.054042073898017406
2026-08-20 00:17:00,0.054042073898017406
2026-08-20 00:18:00,0.054042073898017406
2026-08-20 00:19:00,0.054042073898017406
2026-08-20 00:20:00,0.05696280766278505
2026-08-20 00:21:00,0.05696280766278505
2026-08-20 00:22:00,0.05696280766278505
2026-08-20 00:23:00,0.05696280766278505
2026-08-20 00:24:00,0.05696280766278505
2026-08-20 00:25:00,0.06432117149233818
2026-08-20 00:26:00,0.06432117149233818
2026-08-20 00:27:00,0.06432117149233818
2026-08-20 00:28:00,0.06432117149233818
2026-08-20 00:29:00,0.06432117149233818
2026-08-20 00:30:00,0.08129218500107527
2026-08-20 00:31:00,0.08129218500107527
2026-08-20 00:32:00,0.08129218500107527
2026-08-20 00:33:00,0.08129218500107527
2026-08-20 00:34:00,0.08129218500107527
2026-08-20 00:35:00,0.09894721396267414
2026-08-20 00:36:00,0.09894721396267414
2026-08-20 00:37:00,0.09894721396267414
2026-08-20 00:38:00,0.09894721396267414
2026-08-20 00:39:00,0.09894721396267414
2026-08-20 00:40:00,0.11508389748632908
2026-08-20 00:41:00,0.11508389748632908
2026-08-20 00:42:00,0.11508389748632908
2026-08-20 00:43:00,0.11508389748632908
2026-08-20 00:44:00,0.11508389748632908
2026-08-20 00:45:00,0.11988464370369911
2026-08-20 00:46:00,0.11988464370369911
2026-08-20 00:47:00,0.11988464370369911
2026-08-20 00:48:00,0.11988464370369911
2026-08-20 00:49:00,0.11988464370369911
2026-08-20 00:50:00,0.108692716807127
2026-08-20 00:51:00,0.108692716807127
2026-08-20 00:52:00,0.108692716807127
2026-08-20 00:53:00,0.108692716807127
2026-08-20 00:54:00,0.108692716807127
2026-08-20 00:55:00,0.08995907660573721
2026-08-20 00:56:00,0.08995907660573721
2026-08-20 00:57:00,0.08995907660573721
2026-08-20 00:58:00,0.08995907660573721
2026-08-20 00:59:00,0.08995907660573721
2026-08-20 01:00:00,0.06848752032965422
2026-08-20 01:01:00,0.06848752032965422
2026-08-20 01:02:00,0.06848752032965422
2026-08-20 01:03:00,0.06848752032965422
2026-08-20 01:04:00,0.06848752032965422
2026-08-20 01:05:00,0.05802149139344692
2026-08-20 01:06:00,0.05802149139344692
2026-08-20 01:07:00,0.05802149139344692
2026-08-20 01:08:00,0.05802149139344692
2026-08-20 01:09:00,0.05802149139344692
2026-08-20 01:10:00,0.05517533142119646
2026-08-20 01:11:00,0.05517533142119646
2026-08-20 01:12:00,0.05517533142119646
2026-08-20 01:13:00,0.05517533142119646
2026-08-20 01:14:00,0.05517533142119646
2026-08-20 01:15:00,0.0547057231888175
2026-08-20 01:16:00,0.0547057231888175
2026-08-20 01:17:00,0.0547057231888175
2026-08-20 01:18:00,0.0547057231888175
2026-08-20 01:19:00,0.0547057231888175
2026-08-20 01:20:00,0.05511949025094509
2026-08-20 01:21:00,0.05511949025094509
2026-08-20 01:22:00,0.05511949025094509
2026-08-20 01:23:00,0.05511949025094509
2026-08-20 01:24:00,0.05511949025094509
2026-08-20 01:25:00,0.05505021661520004
2026-08-20 01:26:00,0.05505021661520004
2026-08-20 01:27:00,0.05505021661520004
2026-08-20 01:28:00,0.05505021661520004
2026-08-20 01:29:00,0.05505021661520004
2026-08-20 01:30:00,0.059320409782230854
2026-08-20 01:31:00,0.059320409782230854
2026-08-20 01:32:00,0.059320409782230854
2026-08-20 01:33:00,0.059320409782230854
2026-08-20 01:34:00,0.059320409782230854
2026-08-20 01:35:00,0.1179770790040493
2026-08-20 01:36:00,0.1179770790040493
2026-08-20 01:37:00,0.1179770790040493
2026-08-20 01:38:00,0.1179770790040493
2026-08-20 01:39:00,0.1179770790040493
2026-08-20 01:40:00,0.1751328157261014
2026-08-20 01:41:00,0.1751328157261014
2026-08-20 01:42:00,0.1751328157261014
2026-08-20 01:43:00,0.1751328157261014
2026-08-20 01:44:00,0.1751328157261014
2026-08-20 01:45:00,0.2304170448333025
2026-08-20 01:46:00,0.2304170448333025
2026-08-20 01:47:00,0.2304170448333025
2026-08-20 01:48:00,0.2304170448333025
2026-08-20 01:49:00,0.2304170448333025
2026-08-20 01:50:00,0.28072402626276016
2026-08-20 01:51:00,0.28072402626276016
2026-08-20 01:52:00,0.28072402626276016
2026-08-20 01:53:00,0.28072402626276016
2026-08-20 01:54:00,0.28072402626276016
2026-08-20 01:55:00,0.2237552059814334
2026-08-20 01:56:00,0.2237552059814334
2026-08-20 01:57:00,0.2237552059814334
2026-08-20 01:58:00,0.2237552059814334
2026-08-20 01:59:00,0.2237552059814334
2026-08-20 02:00:00,0.1741385804489255
2026-08-20 02:01:00,0.1741385804489255
2026-08-20 02:02:00,0.1741385804489255
2026-08-20 02:03:00,0.1741385804489255
2026-08-20 02:04:00,0.1741385804489255
2026-08-20 02:05:00,0.1218529948964715
2026-08-20 02:06:00,0.1218529948964715
2026-08-20 02:07:00,0.1218529948964715
2026-08-20 02:08:00,0.1218529948964715
2026-08-20 02:09:00,0.1218529948964715
2026-08-20 02:10:00,0.06974068190902472
2026-08-20 02:11:00,0.06974068190902472
2026-08-20 02:12:00,0.06974068190902472
2026-08-20 02:13:00,0.06974068190902472
2026-08-20 02:14:00,0.06974068190902472
2026-08-20 02:15:00,0.18318432196974754
2026-08-20 02:16:00,0.18318432196974754
2026-08-20 02:17:00,0.18318432196974754
2026-08-20 02:18:00,0.18318432196974754
2026-08-20 02:19:00,0.18318432196974754
2026-08-20 02:20:00,0.2921685818582773
2026-08-20 02:21:00,0.2921685818582773
2026-08-20 02:22:00,0.2921685818582773
2026-08-20 02:23:00,0.2921685818582773
2026-08-20 02:24:00,0.2921685818582773
2026-08-20 02:25:00,0.4049201216548681
2026-08-20 02:26:00,0.4049201216548681
2026-08-20 02:27:00,0.4049201216548681
2026-08-20 02:28:00,0.4049201216548681
2026-08-20 02:29:00,0.4049201216548681
2026-08-20 02:30:00,0.520052969455719
2026-08-20 02:31:00,0.520052969455719
2026-08-20 02:32:00,0.520052969455719
2026-08-20 02:33:00,0.520052969455719
2026-08-20 02:34:00,0.520052969455719
2026-08-20 02:35:00,0.41193161346018314
2026-08-20 02:36:00,0.41193161346018314
2026-08-20 02:37:00,0.41193161346018314
2026-08-20 02:38:00,0.41193161346018314
2026-08-20 02:39:00,0.41193161346018314
2026-08-20 02:40:00,0.302633099257946
2026-08-20 02:41:00,0.302633099257946
2026-08-20 02:42:00,0.302633099257946
2026-08-20 02:43:00,0.302633099257946
2026-08-20 02:44:00,0.302633099257946
2026-08-20 02:45:00,0.18582876306027174
2026-08-20 02:46:00,0.18582876306027174
2026-08-20 02:47:00,0.18582876306027174
2026-08-20 02:48:00,0.18582876306027174
2026-08-20 02:49:00,0.18582876306027174
2026-08-20 02:50:00,0.0662041325122118
2026-08-20 02:51:00,0.0662041325122118
2026-08-20 02:52:00,0.0662041325122118
2026-08-20 02:53:00,0.0662041325122118
2026-08-20 02:54:00,0.0662041325122118
2026-08-20 02:55:00,0.05765095166862011
2026-08-20 02:56:00,0.05765095166862011
2026-08-20 02:57:00,0.05765095166862011
2026-08-20 02:58:00,0.05765095166862011
2026-08-20 02:59:00,0.05765095166862011
2026-08-20 03:00:00,0.053204312920570374
2026-08-20 03:01:00,0.053204312920570374
2026-08-20 03:02:00,0.053204312920570374
2026-08-20 03:03:00,0.053204312920570374
2026-08-20 03:04:00,0.053204312920570374
2026-08-20 03:05:00,0.05050668399780989
2026-08-20 03:06:00,0.05050668399780989
2026-08-20 03:07:00,0.05050668399780989
2026-08-20 03:08:00,0.05050668399780989
2026-08-20 03:09:00,0.05050668399780989
2026-08-20 03:10:00,0.048987084068357944
2026-08-20 03:11:00,0.048987084068357944
2026-08-20 03:12:00,0.048987084068357944
2026-08-20 03:13:00,0.048987084068357944
2026-08-20 03:14:00,0.048987084068357944
2026-08-20 03:15:00,0.05262436717748642
2026-08-20 03:16:00,0.05262436717748642
2026-08-20 03:17:00,0.05262436717748642
2026-08-20 03:18:00,0.05262436717748642
2026-08-20 03:19:00,0.05262436717748642
2026-08-20 03:20:00,0.052935791201889515
2026-08-20 03:21:00,0.052935791201889515
2026-08-20 03:22:00,0.052935791201889515
2026-08-20 03:23:00,0.052935791201889515
2026-08-20 03:24:00,0.052935791201889515
2026-08-20 03:25:00,0.057265348732471466
2026-08-20 03:26:00,0.057265348732471466
2026-08-20 03:27:00,0.057265348732471466
2026-08-20 03:28:00,0.057265348732471466
2026-08-20 03:29:00,0.057265348732471466
2026-08-20 03:30:00,0.05947249475866556
2026-08-20 03:31:00,0.05947249475866556
2026-08-20 03:32:00,0.05947249475866556
2026-08-20 03:33:00,0.05947249475866556
2026-08-20 03:34:00,0.05947249475866556
2026-08-20 03:35:00,0.05806877836585045
2026-08-20 03:36:00,0.05806877836585045
2026-08-20 03:37:00,0.05806877836585045
2026-08-20 03:38:00,0.05806877836585045
2026-08-20 03:39:00,0.05806877836585045
2026-08-20 03:40:00,0.05659254360944033
2026-08-20 03:41:00,0.05659254360944033
2026-08-20 03:42:00,0.05659254360944033
2026-08-20 03:43:00,0.05659254360944033
2026-08-20 03:44:00,0.05659254360944033
2026-08-20 03:45:00,0.056379251182079315
2026-08-20 03:46:00,0.056379251182079315
2026-08-20 03:47:00,0.056379251182079315
2026-08-20 03:48:00,0.056379251182079315
2026-08-20 03:49:00,0.056379251182079315
2026-08-20 03:50:00,0.05619923584163189
2026-08-20 03:51:00,0.05619923584163189
2026-08-20 03:52:00,0.05619923584163189
2026-08-20 03:53:00,0.05619923584163189
2026-08-20 03:54:00,0.05619923584163189
2026-08-20 03:55:00,0.05500379391014576
2026-08-20 03:56:00,0.05500379391014576
2026-08-20 03:57:00,0.05500379391014576
2026-08-20 03:58:00,0.05500379391014576
2026-08-20 03:59:00,0.05500379391014576
2026-08-20 04:00:00,0.15499762818217278
2026-08-20 04:01:00,0.15499762818217278
2026-08-20 04:02:00,0.15499762818217278
2026-08-20 04:03:00,0.15499762818217278
2026-08-20 04:04:00,0.15499762818217278
2026-08-20 04:05:00,0.2530871331691742
2026-08-20 04:06:00,0.2530871331691742
2026-08-20 04:07:00,0.2530871331691742
2026-08-20 04:08:00,0.2530871331691742
2026-08-20 04:09:00,0.2530871331691742
2026-08-20 04:10:00,0.3530590571463108
2026-08-20 04:11:00,0.3530590571463108
2026-08-20 04:12:00,0.3530590571463108
2026-08-20 04:13:00,0.3530590571463108
2026-08-20 04:14:00,0.3530590571463108
2026-08-20 04:15:00,0.45459939539432526
2026-08-20 04:16:00,0.45459939539432526
2026-08-20 04:17:00,0.45459939539432526
2026-08-20 04:18:00,0.45459939539432526
2026-08-20 04:19:00,0.45459939539432526
2026-08-20 04:20:00,0.3572064284235239
2026-08-20 04:21:00,0.3572064284235239
2026-08-20 04:22:00,0.3572064284235239
2026-08-20 04:23:00,0.3572064284235239
2026-08-20 04:24:00,0.3572064284235239
2026-08-20 04:25:00,0.2612013407051563
2026-08-20 04:26:00,0.2612013407051563
2026-08-20 04:27:00,0.2612013407051563
2026-08-20 04:28:00,0.2612013407051563
2026-08-20 04:29:00,0.2612013407051563
2026-08-20 04:30:00,0.16847070306539536
2026-08-20 04:31:00,0.16847070306539536
2026-08-20 04:32:00,0.16847070306539536
2026-08-20 04:33:00,0.16847070306539536
2026-08-20 04:34:00,0.16847070306539536
2026-08-20 04:35:00,0.07883208058774471
2026-08-20 04:36:00,0.07883208058774471
2026-08-20 04:37:00,0.07883208058774471
2026-08-20 04:38:00,0.07883208058774471
2026-08-20 04:39:00,0.07883208058774471
2026-08-20 04:40:00,0.0873629841953516
2026-08-20 04:41:00,0.0873629841953516
2026-08-20 04:42:00,0.0873629841953516
2026-08-20 04:43:00,0.0873629841953516
2026-08-20 04:44:00,0.0873629841953516
2026-08-20 04:45:00,0.09316112659871578
2026-08-20 04:46:00,0.09316112659871578
2026-08-20 04:47:00,0.09316112659871578
2026-08-20 04:48:00,0.09316112659871578
2026-08-20 04:49:00,0.09316112659871578
2026-08-20 04:50:00,0.09325895644724369
2026-08-20 04:51:00,0.09325895644724369
2026-08-20 04:52:00,0.09325895644724369
2026-08-20 04:53:00,0.09325895644724369
2026-08-20 04:54:00,0.09325895644724369
2026-08-20 04:55:00,0.08648362569510937
2026-08-20 04:56:00,0.08648362569510937
2026-08-20 04:57:00,0.08648362569510937
2026-08-20 04:58:00,0.08648362569510937
2026-08-20 04:59:00,0.08648362569510937
2026-08-20 05:00:00,0.12089076638221741
2026-08-20 05:01:00,0.12089076638221741
2026-08-20 05:02:00,0.12089076638221741
2026-08-20 05:03:00,0.12089076638221741
2026-08-20 05:04:00,0.12089076638221741
2026-08-20 05:05:00,0.15795435197651386
2026-08-20 05:06:00,0.15795435197651386
2026-08-20 05:07:00,0.15795435197651386
2026-08-20 05:08:00,0.15795435197651386
2026-08-20 05:09:00,0.15795435197651386
2026-08-20 05:10:00,0.19875246472656727
2026-08-20 05:11:00,0.19875246472656727
2026-08-20 05:12:00,0.19875246472656727
2026-08-20 05:13:00,0.19875246472656727
2026-08-20 05:14:00,0.19875246472656727
2026-08-20 05:15:00,0.24302906543016434
2026-08-20 05:16:00,0.24302906543016434
2026-08-20 05:17:00,0.24302906543016434
2026-08-20 05:18:00,0.24302906543016434
2026-08-20 05:19:00,0.24302906543016434
2026-08-20 05:20:00,0.20150627195835114
2026-08-20 05:21:00,0.20150627195835114
2026-08-20 05:22:00,0.20150627195835114
2026-08-20 05:23:00,0.20150627195835114
2026-08-20 05:24:00,0.20150627195835114
2026-08-20 05:25:00,0.15922791697084904
2026-08-20 05:26:00,0.15922791697084904
2026-08-20 05:27:00,0.15922791697084904
2026-08-20 05:28:00,0.15922791697084904
2026-08-20 05:29:00,0.15922791697084904
2026-08-20 05:30:00,0.11608449183404446
2026-08-20 05:31:00,0.11608449183404446
2026-08-20 05:32:00,0.11608449183404446
2026-08-20 05:33:00,0.11608449183404446
2026-08-20 05:34:00,0.11608449183404446
2026-08-20 05:35:00,0.0731897410005331
2026-08-20 05:36:00,0.0731897410005331
2026-08-20 05:37:00,0.0731897410005331
2026-08-20 05:38:00,0.0731897410005331
2026-08-20 05:39:00,0.0731897410005331
2026-08-20 05:40:00,0.07433853857219219
2026-08-20 05:41:00,0.07433853857219219
2026-08-20 05:42:00,0.07433853857219219
2026-08-20 05:43:00,0.07433853857219219
2026-08-20 05:44:00,0.07433853857219219
2026-08-20 05:45:00,0.07326185517013073
2026-08-20 05:46:00,0.07326185517013073
2026-08-20 05:47:00,0.07326185517013073
2026-08-20 05:48:00,0.07326185517013073
2026-08-20 05:49:00,0.07326185517013073
2026-08-20 05:50:00,0.24840042926371098
2026-08-20 05:51:00,0.24840042926371098
2026-08-20 05:52:00,0.24840042926371098
2026-08-20 05:53:00,0.24840042926371098
2026-08-20 05:54:00,0.24840042926371098
2026-08-20 05:55:00,0.4231418613344431
2026-08-20 05:56:00,0.4231418613344431
2026-08-20 05:57:00,0.4231418613344431
2026-08-20 05:58:00,0.4231418613344431
2026-08-20 05:59:00,0.4231418613344431
2026-08-20 06:00:00,0.599218862131238
2026-08-20 06:01:00,0.599218862131238
2026-08-20 06:02:00,0.599218862131238
2026-08-20 06:03:00,0.599218862131238
2026-08-20 06:04:00,0.599218862131238
2026-08-20 06:05:00,0.7793224900960922
2026-08-20 06:06:00,0.7793224900960922
2026-08-20 06:07:00,0.7793224900960922
2026-08-20 06:08:00,0.7793224900960922
2026-08-20 06:09:00,0.7793224900960922
2026-08-20 06:10:00,0.7226556092500687
2026-08-20 06:11:00,0.7226556092500687
2026-08-20 06:12:00,0.7226556092500687
2026-08-20 06:13:00,0.7226556092500687
2026-08-20 06:14:00,0.7226556092500687
2026-08-20 06:15:00,0.666470006108284
2026-08-20 06:16:00,0.666470006108284
2026-08-20 06:17:00,0.666470006108284
2026-08-20 06:18:00,0.666470006108284
2026-08-20 06:19:00,0.666470006108284
2026-08-20 06:20:00,0.6095711141824722
2026-08-20 06:21:00,0.6095711141824722
2026-08-20 06:22:00,0.6095711141824722
2026-08-20 06:23:00,0.6095711141824722
2026-08-20 06:24:00,0.6095711141824722
2026-08-20 06:25:00,0.5824938714504242
2026-08-20 06:26:00,0.5824938714504242
2026-08-20 06:27:00,0.5824938714504242
2026-08-20 06:28:00,0.5824938714504242
2026-08-20 06:29:00,0.5824938714504242
2026-08-20 06:30:00,0.6071981191635132
2026-08-20 06:31:00,0.6071981191635132
2026-08-20 06:32:00,0.6071981191635132
2026-08-20 06:33:00,0.6071981191635132
2026-08-20 06:34:00,0.6071981191635132
2026-08-20 06:35:00,0.6304057389497757
2026-08-20 06:36:00,0.6304057389497757
2026-08-20 06:37:00,0.6304057389497757
2026-08-20 06:38:00,0.6304057389497757
2026-08-20 06:39:00,0.6304057389497757
2026-08-20 06:40:00,0.6664983183145523
2026-08-20 06:41:00,0.6664983183145523
2026-08-20 06:42:00,0.6664983183145523
2026-08-20 06:43:00,0.6664983183145523
2026-08-20 06:44:00,0.6664983183145523
2026-08-20 06:45:00,0.6797070354223251
2026-08-20 06:46:00,0.6797070354223251
2026-08-20 06:47:00,0.6797070354223251
2026-08-20 06:48:00,0.6797070354223251
2026-08-20 06:49:00,0.6797070354223251
2026-08-20 06:50:00,0.7012897878885269
2026-08-20 06:51:00,0.7012897878885269
2026-08-20 06:52:00,0.7012897878885269
2026-08-20 06:53:00,0.7012897878885269
2026-08-20 06:54:00,0.7012897878885269
2026-08-20 06:55:00,0.7234987318515778
2026-08-20 06:56:00,0.7234987318515778
2026-08-20 06:57:00,0.7234987318515778
2026-08-20 06:58:00,0.7234987318515778
2026-08-20 06:59:00,0.7234987318515778
2026-08-20 07:00:00,0.5759752746671438
2026-08-20 07:01:00,0.5759752746671438
2026-08-20 07:02:00,0.5759752746671438
2026-08-20 07:03:00,0.5759752746671438
2026-08-20 07:04:00,0.5759752746671438
2026-08-20 07:05:00,0.41651020757853985
2026-08-20 07:06:00,0.41651020757853985
2026-08-20 07:07:00,0.41651020757853985
2026-08-20 07:08:00,0.41651020757853985
2026-08-20 07:09:00,0.41651020757853985
2026-08-20 07:10:00,0.2520906422287226
2026-08-20 07:11:00,0.2520906422287226
2026-08-20 07:12:00,0.2520906422287226
2026-08-20 07:13:00,0.2520906422287226
2026-08-20 07:14:00,0.2520906422287226
2026-08-20 07:15:00,0.08867272734642029
2026-08-20 07:16:00,0.08867272734642029
2026-08-20 07:17:00,0.08867272734642029
2026-08-20 07:18:00,0.08867272734642029
2026-08-20 07:19:00,0.08867272734642029
2026-08-20 07:20:00,0.08195919916033745
2026-08-20 07:21:00,0.08195919916033745
2026-08-20 07:22:00,0.08195919916033745
2026-08-20 07:23:00,0.08195919916033745
2026-08-20 07:24:00,0.08195919916033745
2026-08-20 07:25:00,0.07974489964544773
2026-08-20 07:26:00,0.07974489964544773
2026-08-20 07:27:00,0.07974489964544773
2026-08-20 07:28:00,0.07974489964544773
2026-08-20 07:29:00,0.07974489964544773
2026-08-20 07:30:00,0.08589772321283817
2026-08-20 07:31:00,0.08589772321283817
2026-08-20 07:32:00,0.08589772321283817
2026-08-20 07:33:00,0.08589772321283817
2026-08-20 07:34:00,0.08589772321283817
2026-08-20 07:35:00,0.0914410911500454
2026-08-20 07:36:00,0.0914410911500454
2026-08-20 07:37:00,0.0914410911500454
2026-08-20 07:38:00,0.0914410911500454
2026-08-20 07:39:00,0.0914410911500454
2026-08-20 07:40:00,0.0974727775901556
2026-08-20 07:41:00,0.0974727775901556
2026-08-20 07:42:00,0.0974727775901556
2026-08-20 07:43:00,0.0974727775901556
2026-08-20 07:44:00,0.0974727775901556
2026-08-20 07:45:00,0.10015705041587353
2026-08-20 07:46:00,0.10015705041587353
2026-08-20 07:47:00,0.10015705041587353
2026-08-20 07:48:00,0.10015705041587353
2026-08-20 07:49:00,0.10015705041587353
2026-08-20 07:50:00,0.1015838123857975
2026-08-20 07:51:00,0.1015838123857975
2026-08-20 07:52:00,0.1015838123857975
2026-08-20 07:53:00,0.1015838123857975
2026-08-20 07:54:00,0.1015838123857975
2026-08-20 07:55:00,0.10297508910298347
2026-08-20 07:56:00,0.10297508910298347
2026-08-20 07:57:00,0.10297508910298347
2026-08-20 07:58:00,0.10297508910298347
2026-08-20 07:59:00,0.10297508910298347
2026-08-20 08:00:00,0.10207407735288143
2026-08-20 08:01:00,0.10207407735288143
2026-08-20 08:02:00,0.10207407735288143
2026-08-20 08:03:00,0.10207407735288143
2026-08-20 08:04:00,0.10207407735288143
2026-08-20 08:05:00,0.09720234014093876
2026-08-20 08:06:00,0.09720234014093876
2026-08-20 08:07:00,0.09720234014093876
2026-08-20 08:08:00,0.09720234014093876
2026-08-20 08:09:00,0.09720234014093876
2026-08-20 08:10:00,0.08597239013761282
2026-08-20 08:11:00,0.08597239013761282
2026-08-20 08:12:00,0.08597239013761282
2026-08-20 08:13:00,0.08597239013761282
2026-08-20 08:14:00,0.08597239013761282
2026-08-20 08:15:00,0.07504767458885908
2026-08-20 08:16:00,0.07504767458885908
2026-08-20 08:17:00,0.07504767458885908
2026-08-20 08:18:00,0.07504767458885908
2026-08-20 08:19:00,0.07504767458885908
2026-08-20 08:20:00,0.06663673836737871
2026-08-20 08:21:00,0.06663673836737871
2026-08-20 08:22:00,0.06663673836737871
2026-08-20 08:23:00,0.06663673836737871
2026-08-20 08:24:00,0.06663673836737871
2026-08-20 08:25:00,0.06755960080772638
2026-08-20 08:26:00,0.06755960080772638
2026-08-20 08:27:00,0.06755960080772638
2026-08-20 08:28:00,0.06755960080772638
2026-08-20 08:29:00,0.06755960080772638
2026-08-20 08:30:00,0.07282541319727898
2026-08-20 08:31:00,0.07282541319727898
2026-08-20 08:32:00,0.07282541319727898
2026-08-20 08:33:00,0.07282541319727898
2026-08-20 08:34:00,0.07282541319727898
2026-08-20 08:35:00,0.0742159653455019
2026-08-20 08:36:00,0.0742159653455019
2026-08-20 08:37:00,0.0742159653455019
2026-08-20 08:38:00,0.0742159653455019
2026-08-20 08:39:00,0.0742159653455019
2026-08-20 08:40:00,0.07227309793233871
2026-08-20 08:41:00,0.07227309793233871
2026-08-20 08:42:00,0.07227309793233871
2026-08-20 08:43:00,0.07227309793233871
2026-08-20 08:44:00,0.07227309793233871
2026-08-20 08:45:00,0.0647055571898818
2026-08-20 08:46:00,0.0647055571898818
2026-08-20 08:47:00,0.0647055571898818
2026-08-20 08:48:00,0.0647055571898818
2026-08-20 08:49:00,0.0647055571898818
2026-08-20 08:50:00,0.05839460343122482
2026-08-20 08:51:00,0.05839460343122482
2026-08-20 08:52:00,0.05839460343122482
2026-08-20 08:53:00,0.05839460343122482
2026-08-20 08:54:00,0.05839460343122482
2026-08-20 08:55:00,0.055618129670619965
2026-08-20 08:56:00,0.055618129670619965
2026-08-20 08:57:00,0.055618129670619965
2026-08-20 08:58:00,0.055618129670619965
2026-08-20 08:59:00,0.055618129670619965
2026-08-20 09:00:00,0.05491838697344065
2026-08-20 09:01:00,0.05491838697344065
2026-08-20 09:02:00,0.05491838697344065
2026-08-20 09:03:00,0.05491838697344065
2026-08-20 09:04:00,0.05491838697344065
2026-08-20 09:05:00,0.05368316639214754
2026-08-20 09:06:00,0.05368316639214754
2026-08-20 09:07:00,0.05368316639214754
2026-08-20 09:08:00,0.05368316639214754
2026-08-20 09:09:00,0.05368316639214754
2026-08-20 09:10:00,0.05140990763902664
2026-08-20 09:11:00,0.05140990763902664
2026-08-20 09:12:00,0.05140990763902664
2026-08-20 09:13:00,0.05140990763902664
2026-08-20 09:14:00,0.05140990763902664
2026-08-20 09:15:00,0.04946034401655197
2026-08-20 09:16:00,0.04946034401655197
2026-08-20 09:17:00,0.04946034401655197
2026-08-20 09:18:00,0.04946034401655197
2026-08-20 09:19:00,0.04946034401655197
2026-08-20 09:20:00,0.048005894757807255
2026-08-20 09:21:00,0.048005894757807255
2026-08-20 09:22:00,0.048005894757807255
2026-08-20 09:23:00,0.048005894757807255
2026-08-20 09:24:00,0.048005894757807255
2026-08-20 09:25:00,0.05129237938672304
2026-08-20 09:26:00,0.05129237938672304
2026-08-20 09:27:00,0.05129237938672304
2026-08-20 09:28:00,0.05129237938672304
2026-08-20 09:29:00,0.05129237938672304
2026-08-20 09:30:00,0.053468952886760235
2026-08-20 09:31:00,0.053468952886760235
2026-08-20 09:32:00,0.053468952886760235
2026-08-20 09:33:00,0.053468952886760235
2026-08-20 09:34:00,0.053468952886760235
2026-08-20 09:35:00,0.05489775724709034
2026-08-20 09:36:00,0.05489775724709034
2026-08-20 09:37:00,0.05489775724709034
2026-08-20 09:38:00,0.05489775724709034
2026-08-20 09:39:00,0.05489775724709034
2026-08-20 09:40:00,0.05983140878379345
2026-08-20 09:41:00,0.05983140878379345
2026-08-20 09:42:00,0.05983140878379345
2026-08-20 09:43:00,0.05983140878379345
2026-08-20 09:44:00,0.05983140878379345
2026-08-20 09:45:00,0.06378900166600943
2026-08-20 09:46:00,0.06378900166600943
2026-08-20 09:47:00,0.06378900166600943
2026-08-20 09:48:00,0.06378900166600943
2026-08-20 09:49:00,0.06378900166600943
2026-08-20 09:50:00,0.06819575000554323
2026-08-20 09:51:00,0.06819575000554323
2026-08-20 09:52:00,0.06819575000554323
2026-08-20 09:53:00,0.06819575000554323
2026-08-20 09:54:00,0.06819575000554323
2026-08-20 09:55:00,0.07396538555622101
2026-08-20 09:56:00,0.07396538555622101
2026-08-20 09:57:00,0.07396538555622101
2026-08-20 09:58:00,0.07396538555622101
2026-08-20 09:59:00,0.07396538555622101
2026-08-20 10:00:00,0.07251857034862041
2026-08-20 10:01:00,0.07251857034862041
2026-08-20 10:02:00,0.07251857034862041
2026-08-20 10:03:00,0.07251857034862041
2026-08-20 10:04:00,0.07251857034862041
2026-08-20 10:05:00,0.06916467007249594
2026-08-20 10:06:00,0.06916467007249594
2026-08-20 10:07:00,0.06916467007249594
2026-08-20 10:08:00,0.06916467007249594
2026-08-20 10:09:00,0.06916467007249594
2026-08-20 10:10:00,0.06659368705004454
2026-08-20 10:11:00,0.06659368705004454
2026-08-20 10:12:00,0.06659368705004454
2026-08-20 10:13:00,0.06659368705004454
2026-08-20 10:14:00,0.06659368705004454
2026-08-20 10:15:00,0.06512057315558195
2026-08-20 10:16:00,0.06512057315558195
2026-08-20 10:17:00,0.06512057315558195
2026-08-20 10:18:00,0.06512057315558195
2026-08-20 10:19:00,0.06512057315558195
2026-08-20 10:20:00,0.06506120134145021
2026-08-20 10:21:00,0.06506120134145021
2026-08-20 10:22:00,0.06506120134145021
2026-08-20 10:23:00,0.06506120134145021
2026-08-20 10:24:00,0.06506120134145021
2026-08-20 10:25:00,0.06298820115625858
2026-08-20 10:26:00,0.06298820115625858
2026-08-20 10:27:00,0.06298820115625858
2026-08-20 10:28:00,0.06298820115625858
2026-08-20 10:29:00,0.06298820115625858
2026-08-20 10:30:00,0.06161289568990469
2026-08-20 10:31:00,0.06161289568990469
2026-08-20 10:32:00,0.06161289568990469
2026-08-20 10:33:00,0.06161289568990469
2026-08-20 10:34:00,0.06161289568990469
2026-08-20 10:35:00,0.060261902399361134
2026-08-20 10:36:00,0.060261902399361134
2026-08-20 10:37:00,0.060261902399361134
2026-08-20 10:38:00,0.060261902399361134
2026-08-20 10:39:00,0.060261902399361134
2026-08-20 10:40:00,0.06081301998347044
2026-08-20 10:41:00,0.06081301998347044
2026-08-20 10:42:00,0.06081301998347044
2026-08-20 10:43:00,0.06081301998347044
2026-08-20 10:44:00,0.06081301998347044
2026-08-20 10:45:00,0.061791989021003246
2026-08-20 10:46:00,0.061791989021003246
2026-08-20 10:47:00,0.061791989021003246
2026-08-20 10:48:00,0.061791989021003246
2026-08-20 10:49:00,0.061791989021003246
2026-08-20 10:50:00,0.05956364795565605
2026-08-20 10:51:00,0.05956364795565605
2026-08-20 10:52:00,0.05956364795565605
2026-08-20 10:53:00,0.05956364795565605
2026-08-20 10:54:00,0.05956364795565605
2026-08-20 10:55:00,0.05591960251331329
2026-08-20 10:56:00,0.05591960251331329
2026-08-20 10:57:00,0.05591960251331329
2026-08-20 10:58:00,0.05591960251331329
2026-08-20 10:59:00,0.05591960251331329
2026-08-20 11:00:00,0.05892824940383434
2026-08-20 11:01:00,0.05892824940383434
2026-08-20 11:02:00,0.05892824940383434
2026-08-20 11:03:00,0.05892824940383434
2026-08-20 11:04:00,0.05892824940383434
2026-08-20 11:05:00,0.06346582621335983
2026-08-20 11:06:00,0.06346582621335983
2026-08-20 11:07:00,0.06346582621335983
2026-08-20 11:08:00,0.06346582621335983
2026-08-20 11:09:00,0.06346582621335983
2026-08-20 11:10:00,0.0681348592042923
2026-08-20 11:11:00,0.0681348592042923
2026-08-20 11:12:00,0.0681348592042923
2026-08-20 11:13:00,0.0681348592042923
2026-08-20 11:14:00,0.0681348592042923
2026-08-20 11:15:00,0.07042063120752573
2026-08-20 11:16:00,0.07042063120752573
2026-08-20 11:17:00,0.07042063120752573
2026-08-20 11:18:00,0.07042063120752573
2026-08-20 11:19:00,0.07042063120752573
2026-08-20 11:20:00,0.06556663475930691
2026-08-20 11:21:00,0.06556663475930691
2026-08-20 11:22:00,0.06556663475930691
2026-08-20 11:23:00,0.06556663475930691
2026-08-20 11:24:00,0.06556663475930691
2026-08-20 11:25:00,0.061424946412444115
2026-08-20 11:26:00,0.061424946412444115
2026-08-20 11:27:00,0.061424946412444115
2026-08-20 11:28:00,0.061424946412444115
2026-08-20 11:29:00,0.061424946412444115
2026-08-20 11:30:00,0.057854125276207924
2026-08-20 11:31:00,0.057854125276207924
2026-08-20 11:32:00,0.057854125276207924
2026-08-20 11:33:00,0.057854125276207924
2026-08-20 11:34:00,0.057854125276207924
2026-08-20 11:35:00,0.05621470045298338
2026-08-20 11:36:00,0.05621470045298338
2026-08-20 11:37:00,0.05621470045298338
2026-08-20 11:38:00,0.05621470045298338
2026-08-20 11:39:00,0.05621470045298338
2026-08-20 11:40:00,0.05727500282227993
2026-08-20 11:41:00,0.05727500282227993
2026-08-20 11:42:00,0.05727500282227993
2026-08-20 11:43:00,0.05727500282227993
2026-08-20 11:44:00,0.05727500282227993
2026-08-20 11:45:00,0.056740593165159225
2026-08-20 11:46:00,0.056740593165159225
2026-08-20 11:47:00,0.056740593165159225
2026-08-20 11:48:00,0.056740593165159225
2026-08-20 11:49:00,0.056740593165159225
2026-08-20 11:50:00,0.058274964801967144
2026-08-20 11:51:00,0.058274964801967144
2026-08-20 11:52:00,0.058274964801967144
2026-08-20 11:53:00,0.058274964801967144
2026-08-20 11:54:00,0.058274964801967144
2026-08-20 11:55:00,0.062158466316759586
2026-08-20 11:56:00,0.062158466316759586
2026-08-20 11:57:00,0.062158466316759586
2026-08-20 11:58:00,0.062158466316759586
2026-08-20 11:59:00,0.062158466316759586
2026-08-20 12:00:00,0.06348326336592436
2026-08-20 12:01:00,0.06348326336592436
2026-08-20 12:02:00,0.06348326336592436
2026-08-20 12:03:00,0.06348326336592436
2026-08-20 12:04:00,0.06348326336592436
2026-08-20 12:05:00,0.06421910226345062
2026-08-20 12:06:00,0.06421910226345062
2026-08-20 12:07:00,0.06421910226345062
2026-08-20 12:08:00,0.06421910226345062
2026-08-20 12:09:00,0.06421910226345062
2026-08-20 12:10:00,0.060284318402409554
2026-08-20 12:11:00,0.060284318402409554
2026-08-20 12:12:00,0.060284318402409554
2026-08-20 12:13:00,0.060284318402409554
2026-08-20 12:14:00,0.060284318402409554
2026-08-20 12:15:00,0.052706001326441765
2026-08-20 12:16:00,0.052706001326441765
2026-08-20 12:17:00,0.052706001326441765
2026-08-20 12:18:00,0.052706001326441765
2026-08-20 12:19:00,0.052706001326441765
2026-08-20 12:20:00,0.04614474531263113
2026-08-20 12:21:00,0.04614474531263113
2026-08-20 12:22:00,0.04614474531263113
2026-08-20 12:23:00,0.04614474531263113
2026-08-20 12:24:00,0.04614474531263113
2026-08-20 12:25:00,0.04548294749110937
2026-08-20 12:26:00,0.04548294749110937
2026-08-20 12:27:00,0.04548294749110937
2026-08-20 12:28:00,0.04548294749110937
2026-08-20 12:29:00,0.04548294749110937
2026-08-20 12:30:00,0.05013376101851463
2026-08-20 12:31:00,0.05013376101851463
2026-08-20 12:32:00,0.05013376101851463
2026-08-20 12:33:00,0.05013376101851463
2026-08-20 12:34:00,0.05013376101851463
2026-08-20 12:35:00,0.05783556215465069
2026-08-20 12:36:00,0.05783556215465069
2026-08-20 12:37:00,0.05783556215465069
2026-08-20 12:38:00,0.05783556215465069
2026-08-20 12:39:00,0.05783556215465069
2026-08-20 12:40:00,0.06828635279089212
2026-08-20 12:41:00,0.06828635279089212
2026-08-20 12:42:00,0.06828635279089212
2026-08-20 12:43:00,0.06828635279089212
2026-08-20 12:44:00,0.06828635279089212
2026-08-20 12:45:00,0.0781199298799038
2026-08-20 12:46:00,0.0781199298799038
2026-08-20 12:47:00,0.0781199298799038
2026-08-20 12:48:00,0.0781199298799038
2026-08-20 12:49:00,0.0781199298799038
2026-08-20 12:50:00,0.08166938088834286
2026-08-20 12:51:00,0.08166938088834286
2026-08-20 12:52:00,0.08166938088834286
2026-08-20 12:53:00,0.08166938088834286
2026-08-20 12:54:00,0.08166938088834286
2026-08-20 12:55:00,0.07783473003655672
2026-08-20 12:56:00,0.07783473003655672
2026-08-20 12:57:00,0.07783473003655672
2026-08-20 12:58:00,0.07783473003655672
2026-08-20 12:59:00,0.07783473003655672
2026-08-20 13:00:00,0.07109025493264198
2026-08-20 13:01:00,0.07109025493264198
2026-08-20 13:02:00,0.07109025493264198
2026-08-20 13:03:00,0.07109025493264198
2026-08-20 13:04:00,0.07109025493264198
2026-08-20 13:05:00,0.05841943062841892
2026-08-20 13:06:00,0.05841943062841892
2026-08-20 13:07:00,0.05841943062841892
2026-08-20 13:08:00,0.05841943062841892
2026-08-20 13:09:00,0.05841943062841892
2026-08-20 13:10:00,0.051001968793570995
2026-08-20 13:11:00,0.051001968793570995
2026-08-20 13:12:00,0.051001968793570995
2026-08-20 13:13:00,0.051001968793570995
2026-08-20 13:14:00,0.051001968793570995
2026-08-20 13:15:00,0.04896732233464718
2026-08-20 13:16:00,0.04896732233464718
2026-08-20 13:17:00,0.04896732233464718
2026-08-20 13:18:00,0.04896732233464718
2026-08-20 13:19:00,0.04896732233464718
2026-08-20 13:20:00,0.04769915621727705
2026-08-20 13:21:00,0.04769915621727705
2026-08-20 13:22:00,0.04769915621727705
2026-08-20 13:23:00,0.04769915621727705
2026-08-20 13:24:00,0.04769915621727705
2026-08-20 13:25:00,0.05318830255419016
2026-08-20 13:26:00,0.05318830255419016
2026-08-20 13:27:00,0.05318830255419016
2026-08-20 13:28:00,0.05318830255419016
2026-08-20 13:29:00,0.05318830255419016
2026-08-20 13:30:00,0.05639955494552851
2026-08-20 13:31:00,0.05639955494552851
2026-08-20 13:32:00,0.05639955494552851
2026-08-20 13:33:00,0.05639955494552851
2026-08-20 13:34:00,0.05639955494552851
2026-08-20 13:35:00,0.061144609935581684
2026-08-20 13:36:00,0.061144609935581684
2026-08-20 13:37:00,0.061144609935581684
2026-08-20 13:38:00,0.061144609935581684
2026-08-20 13:39:00,0.061144609935581684
2026-08-20 13:40:00,0.06610975507646799
2026-08-20 13:41:00,0.06610975507646799
2026-08-20 13:42:00,0.06610975507646799
2026-08-20 13:43:00,0.06610975507646799
2026-08-20 13:44:00,0.06610975507646799
2026-08-20 13:45:00,0.06542294193059206
2026-08-20 13:46:00,0.06542294193059206
2026-08-20 13:47:00,0.06542294193059206
2026-08-20 13:48:00,0.06542294193059206
2026-08-20 13:49:00,0.06542294193059206
2026-08-20 13:50:00,0.06495962012559175
2026-08-20 13:51:00,0.06495962012559175
2026-08-20 13:52:00,0.06495962012559175
2026-08-20 13:53:00,0.06495962012559175
2026-08-20 13:54:00,0.06495962012559175
2026-08-20 13:55:00,0.06282518245279789
2026-08-20 13:56:00,0.06282518245279789
2026-08-20 13:57:00,0.06282518245279789
2026-08-20 13:58:00,0.06282518245279789
2026-08-20 13:59:00,0.06282518245279789
2026-08-20 14:00:00,0.058656943030655384
2026-08-20 14:01:00,0.058656943030655384
2026-08-20 14:02:00,0.058656943030655384
2026-08-20 14:03:00,0.058656943030655384
2026-08-20 14:04:00,0.058656943030655384
2026-08-20 14:05:00,0.057030027732253075
2026-08-20 14:06:00,0.057030027732253075
2026-08-20 14:07:00,0.057030027732253075
2026-08-20 14:08:00,0.057030027732253075
2026-08-20 14:09:00,0.057030027732253075
2026-08-20 14:10:00,0.05655983742326498
2026-08-20 14:11:00,0.05655983742326498
2026-08-20 14:12:00,0.05655983742326498
2026-08-20 14:13:00,0.05655983742326498
2026-08-20 14:14:00,0.05655983742326498
2026-08-20 14:15:00,0.05676744971424341
2026-08-20 14:16:00,0.05676744971424341
2026-08-20 14:17:00,0.05676744971424341
2026-08-20 14:18:00,0.05676744971424341
2026-08-20 14:19:00,0.05676744971424341
2026-08-20 14:20:00,0.057489738799631596
2026-08-20 14:21:00,0.057489738799631596
2026-08-20 14:22:00,0.057489738799631596
2026-08-20 14:23:00,0.057489738799631596
2026-08-20 14:24:00,0.057489738799631596
2026-08-20 14:25:00,0.05834276881068945
2026-08-20 14:26:00,0.05834276881068945
2026-08-20 14:27:00,0.05834276881068945
2026-08-20 14:28:00,0.05834276881068945
2026-08-20 14:29:00,0.05834276881068945
2026-08-20 14:30:00,0.06318215373903513
2026-08-20 14:31:00,0.06318215373903513
2026-08-20 14:32:00,0.06318215373903513
2026-08-20 14:33:00,0.06318215373903513
2026-08-20 14:34:00,0.06318215373903513
2026-08-20 14:35:00,0.06869819015264511
2026-08-20 14:36:00,0.06869819015264511
2026-08-20 14:37:00,0.06869819015264511
2026-08-20 14:38:00,0.06869819015264511
2026-08-20 14:39:00,0.06869819015264511
2026-08-20 14:40:00,0.07563512679189444
2026-08-20 14:41:00,0.07563512679189444
2026-08-20 14:42:00,0.07563512679189444
2026-08-20 14:43:00,0.07563512679189444
2026-08-20 14:44:00,0.07563512679189444
2026-08-20 14:45:00,0.07833787612617016
2026-08-20 14:46:00,0.07833787612617016
2026-08-20 14:47:00,0.07833787612617016
2026-08-20 14:48:00,0.07833787612617016
2026-08-20 14:49:00,0.07833787612617016
2026-08-20 14:50:00,0.07335348427295685
2026-08-20 14:51:00,0.07335348427295685
2026-08-20 14:52:00,0.07335348427295685
2026-08-20 14:53:00,0.07335348427295685
2026-08-20 14:54:00,0.07335348427295685
2026-08-20 14:55:00,0.06936268880963326
2026-08-20 14:56:00,0.06936268880963326
2026-08-20 14:57:00,0.06936268880963326
2026-08-20 14:58:00,0.06936268880963326
2026-08-20 14:59:00,0.06936268880963326
2026-08-20 15:00:00,0.06807288900017738
2026-08-20 15:01:00,0.06807288900017738
2026-08-20 15:02:00,0.06807288900017738
2026-08-20 15:03:00,0.06807288900017738
2026-08-20 15:04:00,0.06807288900017738
2026-08-20 15:05:00,0.07489992119371891
2026-08-20 15:06:00,0.07489992119371891
2026-08-20 15:07:00,0.07489992119371891
2026-08-20 15:08:00,0.07489992119371891
2026-08-20 15:09:00,0.07489992119371891
2026-08-20 15:10:00,0.08923517167568207
2026-08-20 15:11:00,0.08923517167568207
2026-08-20 15:12:00,0.08923517167568207
2026-08-20 15:13:00,0.08923517167568207
2026-08-20 15:14:00,0.08923517167568207
2026-08-20 15:15:00,0.10285154171288013
2026-08-20 15:16:00,0.10285154171288013
2026-08-20 15:17:00,0.10285154171288013
2026-08-20 15:18:00,0.10285154171288013
2026-08-20 15:19:00,0.10285154171288013
2026-08-20 15:20:00,0.10926062241196632
2026-08-20 15:21:00,0.10926062241196632
2026-08-20 15:22:00,0.10926062241196632
2026-08-20 15:23:00,0.10926062241196632
2026-08-20 15:24:00,0.10926062241196632
2026-08-20 15:25:00,0.1063370555639267
2026-08-20 15:26:00,0.1063370555639267
2026-08-20 15:27:00,0.1063370555639267
2026-08-20 15:28:00,0.1063370555639267
2026-08-20 15:29:00,0.1063370555639267
2026-08-20 15:30:00,0.09630915336310863
2026-08-20 15:31:00,0.09630915336310863
2026-08-20 15:32:00,0.09630915336310863
2026-08-20 15:33:00,0.09630915336310863
2026-08-20 15:34:00,0.09630915336310863
2026-08-20 15:35:00,0.07913588732481003
2026-08-20 15:36:00,0.07913588732481003
2026-08-20 15:37:00,0.07913588732481003
2026-08-20 15:38:00,0.07913588732481003
2026-08-20 15:39:00,0.07913588732481003
2026-08-20 15:40:00,0.06797069404274225
2026-08-20 15:41:00,0.06797069404274225
2026-08-20 15:42:00,0.06797069404274225
2026-08-20 15:43:00,0.06797069404274225
2026-08-20 15:44:00,0.06797069404274225
2026-08-20 15:45:00,0.05771052371710539
2026-08-20 15:46:00,0.05771052371710539
2026-08-20 15:47:00,0.05771052371710539
2026-08-20 15:48:00,0.05771052371710539
2026-08-20 15:49:00,0.05771052371710539
2026-08-20 15:50:00,0.051950675435364246
2026-08-20 15:51:00,0.051950675435364246
2026-08-20 15:52:00,0.051950675435364246
2026-08-20 15:53:00,0.051950675435364246
2026-08-20 15:54:00,0.051950675435364246
2026-08-20 15:55:00,0.05058862641453743
2026-08-20 15:56:00,0.05058862641453743
2026-08-20 15:57:00,0.05058862641453743
2026-08-20 15:58:00,0.05058862641453743
2026-08-20 15:59:00,0.05058862641453743
2026-08-20 16:00:00,0.04715775139629841
2026-08-20 16:01:00,0.04715775139629841
2026-08-20 16:02:00,0.04715775139629841
2026-08-20 16:03:00,0.04715775139629841
2026-08-20 16:04:00,0.04715775139629841
2026-08-20 16:05:00,0.04712694976478815
2026-08-20 16:06:00,0.04712694976478815
2026-08-20 16:07:00,0.04712694976478815
2026-08-20 16:08:00,0.04712694976478815
2026-08-20 16:09:00,0.04712694976478815
2026-08-20 16:10:00,0.04919444117695093
2026-08-20 16:11:00,0.04919444117695093
2026-08-20 16:12:00,0.04919444117695093
2026-08-20 16:13:00,0.04919444117695093
2026-08-20 16:14:00,0.04919444117695093
2026-08-20 16:15:00,0.055690186098217964
2026-08-20 16:16:00,0.055690186098217964
2026-08-20 16:17:00,0.055690186098217964
2026-08-20 16:18:00,0.055690186098217964
2026-08-20 16:19:00,0.055690186098217964
2026-08-20 16:20:00,0.056789093650877476
2026-08-20 16:21:00,0.056789093650877476
2026-08-20 16:22:00,0.056789093650877476
2026-08-20 16:23:00,0.056789093650877476
2026-08-20 16:24:00,0.056789093650877476
2026-08-20 16:25:00,0.05691006779670715
2026-08-20 16:26:00,0.05691006779670715
2026-08-20 16:27:00,0.05691006779670715
2026-08-20 16:28:00,0.05691006779670715
2026-08-20 16:29:00,0.05691006779670715
2026-08-20 16:30:00,0.056359960697591305
2026-08-20 16:31:00,0.056359960697591305
2026-08-20 16:32:00,0.056359960697591305
2026-08-20 16:33:00,0.056359960697591305
2026-08-20 16:34:00,0.056359960697591305
2026-08-20 16:35:00,0.059850853867828846
2026-08-20 16:36:00,0.059850853867828846
2026-08-20 16:37:00,0.059850853867828846
2026-08-20 16:38:00,0.059850853867828846
2026-08-20 16:39:00,0.059850853867828846
2026-08-20 16:40:00,0.06853567343205214
2026-08-20 16:41:00,0.06853567343205214
2026-08-20 16:42:00,0.06853567343205214
2026-08-20 16:43:00,0.06853567343205214
2026-08-20 16:44:00,0.06853567343205214
2026-08-20 16:45:00,0.06785780377686024
2026-08-20 16:46:00,0.06785780377686024
2026-08-20 16:47:00,0.06785780377686024
2026-08-20 16:48:00,0.06785780377686024
2026-08-20 16:49:00,0.06785780377686024
2026-08-20 16:50:00,0.06526924669742584
2026-08-20 16:51:00,0.06526924669742584
2026-08-20 16:52:00,0.06526924669742584
2026-08-20 16:53:00,0.06526924669742584
2026-08-20 16:54:00,0.06526924669742584
2026-08-20 16:55:00,0.058293879963457584
2026-08-20 16:56:00,0.058293879963457584
2026-08-20 16:57:00,0.058293879963457584
2026-08-20 16:58:00,0.058293879963457584
2026-08-20 16:59:00,0.058293879963457584
2026-08-20 17:00:00,0.05481523182243109
2026-08-20 17:01:00,0.05481523182243109
2026-08-20 17:02:00,0.05481523182243109
2026-08-20 17:03:00,0.05481523182243109
2026-08-20 17:04:00,0.05481523182243109
2026-08-20 17:05:00,0.06374549120664597
2026-08-20 17:06:00,0.06374549120664597
2026-08-20 17:07:00,0.06374549120664597
2026-08-20 17:08:00,0.06374549120664597
2026-08-20 17:09:00,0.06374549120664597
2026-08-20 17:10:00,0.07824054639786482
2026-08-20 17:11:00,0.07824054639786482
2026-08-20 17:12:00,0.07824054639786482
2026-08-20 17:13:00,0.07824054639786482
2026-08-20 17:14:00,0.07824054639786482
2026-08-20 17:15:00,0.0832852479070425
2026-08-20 17:16:00,0.0832852479070425
2026-08-20 17:17:00,0.0832852479070425
2026-08-20 17:18:00,0.0832852479070425
2026-08-20 17:19:00,0.0832852479070425
2026-08-20 17:20:00,0.08053307794034481
2026-08-20 17:21:00,0.08053307794034481
2026-08-20 17:22:00,0.08053307794034481
2026-08-20 17:23:00,0.08053307794034481
2026-08-20 17:24:00,0.08053307794034481
2026-08-20 17:25:00,0.07413558382540941
2026-08-20 17:26:00,0.07413558382540941
2026-08-20 17:27:00,0.07413558382540941
2026-08-20 17:28:00,0.07413558382540941
2026-08-20 17:29:00,0.07413558382540941
2026-08-20 17:30:00,0.05929339863359928
2026-08-20 17:31:00,0.05929339863359928
2026-08-20 17:32:00,0.05929339863359928
2026-08-20 17:33:00,0.05929339863359928
2026-08-20 17:34:00,0.05929339863359928
2026-08-20 17:35:00,0.053580944426357746
2026-08-20 17:36:00,0.053580944426357746
2026-08-20 17:37:00,0.053580944426357746
2026-08-20 17:38:00,0.053580944426357746
2026-08-20 17:39:00,0.053580944426357746
2026-08-20 17:40:00,0.053686571307480335
2026-08-20 17:41:00,0.053686571307480335
2026-08-20 17:42:00,0.053686571307480335
2026-08-20 17:43:00,0.053686571307480335
2026-08-20 17:44:00,0.053686571307480335
2026-08-20 17:45:00,0.052647911943495274
2026-08-20 17:46:00,0.052647911943495274
2026-08-20 17:47:00,0.052647911943495274
2026-08-20 17:48:00,0.052647911943495274
2026-08-20 17:49:00,0.052647911943495274
2026-08-20 17:50:00,0.05452145077288151
2026-08-20 17:51:00,0.05452145077288151
2026-08-20 17:52:00,0.05452145077288151
2026-08-20 17:53:00,0.05452145077288151
2026-08-20 17:54:00,0.05452145077288151
2026-08-20 17:55:00,0.061182803474366665
2026-08-20 17:56:00,0.061182803474366665
2026-08-20 17:57:00,0.061182803474366665
2026-08-20 17:58:00,0.061182803474366665
2026-08-20 17:59:00,0.061182803474366665
2026-08-20 18:00:00,0.07641154248267412
2026-08-20 18:01:00,0.07641154248267412
2026-08-20 18:02:00,0.07641154248267412
2026-08-20 18:03:00,0.07641154248267412
2026-08-20 18:04:00,0.07641154248267412
2026-08-20 18:05:00,0.09079486131668091
2026-08-20 18:06:00,0.09079486131668091
2026-08-20 18:07:00,0.09079486131668091
2026-08-20 18:08:00,0.09079486131668091
2026-08-20 18:09:00,0.09079486131668091
2026-08-20 18:10:00,0.10756310448050499
2026-08-20 18:11:00,0.10756310448050499
2026-08-20 18:12:00,0.10756310448050499
2026-08-20 18:13:00,0.10756310448050499
2026-08-20 18:14:00,0.10756310448050499
2026-08-20 18:15:00,0.10610037297010422
2026-08-20 18:16:00,0.10610037297010422
2026-08-20 18:17:00,0.10610037297010422
2026-08-20 18:18:00,0.10610037297010422
2026-08-20 18:19:00,0.10610037297010422
2026-08-20 18:20:00,0.08985871076583862
2026-08-20 18:21:00,0.08985871076583862
2026-08-20 18:22:00,0.08985871076583862
2026-08-20 18:23:00,0.08985871076583862
2026-08-20 18:24:00,0.08985871076583862
2026-08-20 18:25:00,0.0809848252683878
2026-08-20 18:26:00,0.0809848252683878
2026-08-20 18:27:00,0.0809848252683878
2026-08-20 18:28:00,0.0809848252683878
2026-08-20 18:29:00,0.0809848252683878
2026-08-20 18:30:00,0.0724286288022995
2026-08-20 18:31:00,0.0724286288022995
2026-08-20 18:32:00,0.0724286288022995
2026-08-20 18:33:00,0.0724286288022995
2026-08-20 18:34:00,0.0724286288022995
2026-08-20 18:35:00,0.07134219259023666
2026-08-20 18:36:00,0.07134219259023666
2026-08-20 18:37:00,0.07134219259023666
2026-08-20 18:38:00,0.07134219259023666
2026-08-20 18:39:00,0.07134219259023666
2026-08-20 18:40:00,0.07319857738912106
2026-08-20 18:41:00,0.07319857738912106
2026-08-20 18:42:00,0.07319857738912106
2026-08-20 18:43:00,0.07319857738912106
2026-08-20 18:44:00,0.07319857738912106
2026-08-20 18:45:00,0.06708117853850126
2026-08-20 18:46:00,0.06708117853850126
2026-08-20 18:47:00,0.06708117853850126
2026-08-20 18:48:00,0.06708117853850126
2026-08-20 18:49:00,0.06708117853850126
2026-08-20 18:50:00,0.055362231098115444
2026-08-20 18:51:00,0.055362231098115444
2026-08-20 18:52:00,0.055362231098115444
2026-08-20 18:53:00,0.055362231098115444
2026-08-20 18:54:00,0.055362231098115444
2026-08-20 18:55:00,0.04880813602358103
2026-08-20 18:56:00,0.04880813602358103
2026-08-20 18:57:00,0.04880813602358103
2026-08-20 18:58:00,0.04880813602358103
2026-08-20 18:59:00,0.04880813602358103
2026-08-20 19:00:00,0.043160743080079556
2026-08-20 19:01:00,0.043160743080079556
2026-08-20 19:02:00,0.043160743080079556
2026-08-20 19:03:00,0.043160743080079556
2026-08-20 19:04:00,0.043160743080079556
2026-08-20 19:05:00,0.04517990816384554
2026-08-20 19:06:00,0.04517990816384554
2026-08-20 19:07:00,0.04517990816384554
2026-08-20 19:08:00,0.04517990816384554
2026-08-20 19:09:00,0.04517990816384554
2026-08-20 19:10:00,0.051820601336658
2026-08-20 19:11:00,0.051820601336658
2026-08-20 19:12:00,0.051820601336658
2026-08-20 19:13:00,0.051820601336658
2026-08-20 19:14:00,0.051820601336658
2026-08-20 19:15:00,0.05603122524917126
2026-08-20 19:16:00,0.05603122524917126
2026-08-20 19:17:00,0.05603122524917126
2026-08-20 19:18:00,0.05603122524917126
2026-08-20 19:19:00,0.05603122524917126
2026-08-20 19:20:00,0.06579095311462879
2026-08-20 19:21:00,0.06579095311462879
2026-08-20 19:22:00,0.06579095311462879
2026-08-20 19:23:00,0.06579095311462879
2026-08-20 19:24:00,0.06579095311462879
2026-08-20 19:25:00,0.06764973606914282
2026-08-20 19:26:00,0.06764973606914282
2026-08-20 19:27:00,0.06764973606914282
2026-08-20 19:28:00,0.06764973606914282
2026-08-20 19:29:00,0.06764973606914282
2026-08-20 19:30:00,0.06812344957143068
2026-08-20 19:31:00,0.06812344957143068
2026-08-20 19:32:00,0.06812344957143068
2026-08-20 19:33:00,0.06812344957143068
2026-08-20 19:34:00,0.06812344957143068
2026-08-20 19:35:00,0.07002595625817776
2026-08-20 19:36:00,0.07002595625817776
2026-08-20 19:37:00,0.07002595625817776
2026-08-20 19:38:00,0.07002595625817776
2026-08-20 19:39:00,0.07002595625817776
2026-08-20 19:40:00,0.06706184148788452
2026-08-20 19:41:00,0.06706184148788452
2026-08-20 19:42:00,0.06706184148788452
2026-08-20 19:43:00,0.06706184148788452
2026-08-20 19:44:00,0.06706184148788452
2026-08-20 19:45:00,0.0722329169511795
2026-08-20 19:46:00,0.0722329169511795
2026-08-20 19:47:00,0.0722329169511795
2026-08-20 19:48:00,0.0722329169511795
2026-08-20 19:49:00,0.0722329169511795
2026-08-20 19:50:00,0.07433845475316048
2026-08-20 19:51:00,0.07433845475316048
2026-08-20 19:52:00,0.07433845475316048
2026-08-20 19:53:00,0.07433845475316048
2026-08-20 19:54:00,0.07433845475316048
2026-08-20 19:55:00,0.08079306595027447
2026-08-20 19:56:00,0.08079306595027447
2026-08-20 19:57:00,0.08079306595027447
2026-08-20 19:58:00,0.08079306595027447
2026-08-20 19:59:00,0.08079306595027447
2026-08-20 20:00:00,0.08402810245752335
2026-08-20 20:01:00,0.08402810245752335
2026-08-20 20:02:00,0.08402810245752335
2026-08-20 20:03:00,0.08402810245752335
2026-08-20 20:04:00,0.08402810245752335
2026-08-20 20:05:00,0.07790126744657755
2026-08-20 20:06:00,0.07790126744657755
2026-08-20 20:07:00,0.07790126744657755
2026-08-20 20:08:00,0.07790126744657755
2026-08-20 20:09:00,0.07790126744657755
2026-08-20 20:10:00,0.0713867750018835
2026-08-20 20:11:00,0.0713867750018835
2026-08-20 20:12:00,0.0713867750018835
2026-08-20 20:13:00,0.0713867750018835
2026-08-20 20:14:00,0.0713867750018835
2026-08-20 20:15:00,0.06159446761012077
2026-08-20 20:16:00,0.06159446761012077
2026-08-20 20:17:00,0.06159446761012077
2026-08-20 20:18:00,0.06159446761012077
2026-08-20 20:19:00,0.06159446761012077
2026-08-20 20:20:00,0.06475615315139294
2026-08-20 20:21:00,0.06475615315139294
2026-08-20 20:22:00,0.06475615315139294
2026-08-20 20:23:00,0.06475615315139294
2026-08-20 20:24:00,0.06475615315139294
2026-08-20 20:25:00,0.06803897302597761
2026-08-20 20:26:00,0.06803897302597761
2026-08-20 20:27:00,0.06803897302597761
2026-08-20 20:28:00,0.06803897302597761
2026-08-20 20:29:00,0.06803897302597761
2026-08-20 20:30:00,0.06834998074918985
2026-08-20 20:31:00,0.06834998074918985
2026-08-20 20:32:00,0.06834998074918985
2026-08-20 20:33:00,0.06834998074918985
2026-08-20 20:34:00,0.06834998074918985
2026-08-20 20:35:00,0.06661228556185961
2026-08-20 20:36:00,0.06661228556185961
2026-08-20 20:37:00,0.06661228556185961
2026-08-20 20:38:00,0.06661228556185961
2026-08-20 20:39:00,0.06661228556185961
2026-08-20 20:40:00,0.058072177693247795
2026-08-20 20:41:00,0.058072177693247795
2026-08-20 20:42:00,0.058072177693247795
2026-08-20 20:43:00,0.058072177693247795
2026-08-20 20:44:00,0.058072177693247795
2026-08-20 20:45:00,0.060677411034703255
2026-08-20 20:46:00,0.060677411034703255
2026-08-20 20:47:00,0.060677411034703255
2026-08-20 20:48:00,0.060677411034703255
2026-08-20 20:49:00,0.060677411034703255
2026-08-20 20:50:00,0.0719367628917098
2026-08-20 20:51:00,0.0719367628917098
2026-08-20 20:52:00,0.0719367628917098
2026-08-20 20:53:00,0.0719367628917098
2026-08-20 20:54:00,0.0719367628917098
2026-08-20 20:55:00,0.08067987207323313
2026-08-20 20:56:00,0.08067987207323313
2026-08-20 20:57:00,0.08067987207323313
2026-08-20 20:58:00,0.08067987207323313
2026-08-20 20:59:00,0.08067987207323313
2026-08-20 21:00:00,0.08106169942766428
2026-08-20 21:01:00,0.08106169942766428
2026-08-20 21:02:00,0.08106169942766428
2026-08-20 21:03:00,0.08106169942766428
2026-08-20 21:04:00,0.08106169942766428
2026-08-20 21:05:00,0.07064879219979048
2026-08-20 21:06:00,0.07064879219979048
2026-08-20 21:07:00,0.07064879219979048
2026-08-20 21:08:00,0.07064879219979048
2026-08-20 21:09:00,0.07064879219979048
2026-08-20 21:10:00,0.0563028734177351
2026-08-20 21:11:00,0.0563028734177351
2026-08-20 21:12:00,0.0563028734177351
2026-08-20 21:13:00,0.0563028734177351
2026-08-20 21:14:00,0.0563028734177351
2026-08-20 21:15:00,0.0479911845177412
2026-08-20 21:16:00,0.0479911845177412
2026-08-20 21:17:00,0.0479911845177412
2026-08-20 21:18:00,0.0479911845177412
2026-08-20 21:19:00,0.0479911845177412
2026-08-20 21:20:00,0.04370457585901022
2026-08-20 21:21:00,0.04370457585901022
2026-08-20 21:22:00,0.04370457585901022
2026-08-20 21:23:00,0.04370457585901022
2026-08-20 21:24:00,0.04370457585901022
2026-08-20 21:25:00,0.050972954370081425
2026-08-20 21:26:00,0.050972954370081425
2026-08-20 21:27:00,0.050972954370081425
2026-08-20 21:28:00,0.050972954370081425
2026-08-20 21:29:00,0.050972954370081425
2026-08-20 21:30:00,0.06259008124470711
2026-08-20 21:31:00,0.06259008124470711
2026-08-20 21:32:00,0.06259008124470711
2026-08-20 21:33:00,0.06259008124470711
2026-08-20 21:34:00,0.06259008124470711
2026-08-20 21:35:00,0.06716971658170223
2026-08-20 21:36:00,0.06716971658170223
2026-08-20 21:37:00,0.06716971658170223
2026-08-20 21:38:00,0.06716971658170223
2026-08-20 21:39:00,0.06716971658170223
2026-08-20 21:40:00,0.07072182279080153
2026-08-20 21:41:00,0.07072182279080153
2026-08-20 21:42:00,0.07072182279080153
2026-08-20 21:43:00,0.07072182279080153
2026-08-20 21:44:00,0.07072182279080153
2026-08-20 21:45:00,0.06134726665914059
2026-08-20 21:46:00,0.06134726665914059
2026-08-20 21:47:00,0.06134726665914059
2026-08-20 21:48:00,0.06134726665914059
2026-08-20 21:49:00,0.06134726665914059
2026-08-20 21:50:00,0.051490919664502144
2026-08-20 21:51:00,0.051490919664502144
2026-08-20 21:52:00,0.051490919664502144
2026-08-20 21:53:00,0.051490919664502144
2026-08-20 21:54:00,0.051490919664502144
2026-08-20 21:55:00,0.047059303149580956
2026-08-20 21:56:00,0.047059303149580956
2026-08-20 21:57:00,0.047059303149580956
2026-08-20 21:58:00,0.047059303149580956
2026-08-20 21:59:00,0.047059303149580956
2026-08-20 22:00:00,0.04793669190257788
2026-08-20 22:01:00,0.04793669190257788
2026-08-20 22:02:00,0.04793669190257788
2026-08-20 22:03:00,0.04793669190257788
2026-08-20 22:04:00,0.04793669190257788
2026-08-20 22:05:00,0.05750507675111294
2026-08-20 22:06:00,0.05750507675111294
2026-08-20 22:07:00,0.05750507675111294
2026-08-20 22:08:00,0.05750507675111294
2026-08-20 22:09:00,0.05750507675111294
2026-08-20 22:10:00,0.06817124597728252
2026-08-20 22:11:00,0.06817124597728252
2026-08-20 22:12:00,0.06817124597728252
2026-08-20 22:13:00,0.06817124597728252
2026-08-20 22:14:00,0.06817124597728252
2026-08-20 22:15:00,0.07413076423108578
2026-08-20 22:16:00,0.07413076423108578
2026-08-20 22:17:00,0.07413076423108578
2026-08-20 22:18:00,0.07413076423108578
2026-08-20 22:19:00,0.07413076423108578
2026-08-20 22:20:00,0.07761333137750626
2026-08-20 22:21:00,0.07761333137750626
2026-08-20 22:22:00,0.07761333137750626
2026-08-20 22:23:00,0.07761333137750626
2026-08-20 22:24:00,0.07761333137750626
2026-08-20 22:25:00,0.08153257519006729
2026-08-20 22:26:00,0.08153257519006729
2026-08-20 22:27:00,0.08153257519006729
2026-08-20 22:28:00,0.08153257519006729
2026-08-20 22:29:00,0.08153257519006729
2026-08-20 22:30:00,0.08250357210636139
2026-08-20 22:31:00,0.08250357210636139
2026-08-20 22:32:00,0.08250357210636139
2026-08-20 22:33:00,0.08250357210636139
2026-08-20 22:34:00,0.08250357210636139
2026-08-20 22:35:00,0.08169787749648094
2026-08-20 22:36:00,0.08169787749648094
2026-08-20 22:37:00,0.08169787749648094
2026-08-20 22:38:00,0.08169787749648094
2026-08-20 22:39:00,0.08169787749648094
2026-08-20 22:40:00,0.07966819033026695
2026-08-20 22:41:00,0.07966819033026695
2026-08-20 22:42:00,0.07966819033026695
2026-08-20 22:43:00,0.07966819033026695
2026-08-20 22:44:00,0.07966819033026695
2026-08-20 22:45:00,0.07352072652429342
2026-08-20 22:46:00,0.07352072652429342
2026-08-20 22:47:00,0.07352072652429342
2026-08-20 22:48:00,0.07352072652429342
2026-08-20 22:49:00,0.07352072652429342
2026-08-20 22:50:00,0.06385961547493935
2026-08-20 22:51:00,0.06385961547493935
2026-08-20 22:52:00,0.06385961547493935
2026-08-20 22:53:00,0.06385961547493935
2026-08-20 22:54:00,0.06385961547493935
2026-08-20 22:55:00,0.060896653681993484
2026-08-20 22:56:00,0.060896653681993484
2026-08-20 22:57:00,0.060896653681993484
2026-08-20 22:58:00,0.060896653681993484
2026-08-20 22:59:00,0.060896653681993484
2026-08-20 23:00:00,0.06098201684653759
2026-08-20 23:01:00,0.06098201684653759
2026-08-20 23:02:00,0.06098201684653759
2026-08-20 23:03:00,0.06098201684653759
2026-08-20 23:04:00,0.06098201684653759
2026-08-20 23:05:00,0.06778441090136766
2026-08-20 23:06:00,0.06778441090136766
2026-08-20 23:07:00,0.06778441090136766
2026-08-20 23:08:00,0.06778441090136766
2026-08-20 23:09:00,0.06778441090136766
2026-08-20 23:10:00,0.07399269193410873
2026-08-20 23:11:00,0.07399269193410873
2026-08-20 23:12:00,0.07399269193410873
2026-08-20 23:13:00,0.07399269193410873
2026-08-20 23:14:00,0.07399269193410873
2026-08-20 23:15:00,0.0785975307226181
2026-08-20 23:16:00,0.0785975307226181
2026-08-20 23:17:00,0.0785975307226181
2026-08-20 23:18:00,0.0785975307226181
2026-08-20 23:19:00,0.0785975307226181
2026-08-20 23:20:00,0.07470237649977207
2026-08-20 23:21:00,0.07470237649977207
2026-08-20 23:22:00,0.07470237649977207
2026-08-20 23:23:00,0.07470237649977207
2026-08-20 23:24:00,0.07470237649977207
2026-08-20 23:25:00,0.0643971273675561
2026-08-20 23:26:00,0.0643971273675561
2026-08-20 23:27:00,0.0643971273675561
2026-08-20 23:28:00,0.0643971273675561
2026-08-20 23:29:00,0.0643971273675561
2026-08-20 23:30:00,0.05926885176450014
2026-08-20 23:31:00,0.05926885176450014
2026-08-20 23:32:00,0.05926885176450014
2026-08-20 23:33:00,0.05926885176450014
2026-08-20 23:34:00,0.05926885176450014
2026-08-20 23:35:00,0.04876075126230717
2026-08-20 23:36:00,0.04876075126230717
2026-08-20 23:37:00,0.04876075126230717
2026-08-20 23:38:00,0.04876075126230717
2026-08-20 23:39:00,0.04876075126230717
2026-08-20 23:40:00,0.04806792549788952
2026-08-20 23:41:00,0.04806792549788952
2026-08-20 23:42:00,0.04806792549788952
2026-08-20 23:43:00,0.04806792549788952
2026-08-20 23:44:00,0.04806792549788952
2026-08-20 23:45:00,0.04683020990341902
2026-08-20 23:46:00,0.04683020990341902
2026-08-20 23:47:00,0.04683020990341902
2026-08-20 23:48:00,0.04683020990341902
2026-08-20 23:49:00,0.04683020990341902
2026-08-20 23:50:00,0.04108413774520159
2026-08-20 23:51:00,0.04108413774520159
2026-08-20 23:52:00,0.04108413774520159
2026-08-20 23:53:00,0.04108413774520159
2026-08-20 23:54:00,0.04108413774520159
2026-08-20 23:55:00,0.0414037574082613
2026-08-20 23:56:00,0.0414037574082613
2026-08-20 23:57:00,0.0414037574082613
2026-08-20 23:58:00,0.0414037574082613
2026-08-20 23:59:00,0.0414037574082613
2026-08-21 00:00:00,0.03847259655594826
2026-08-21 00:01:00,0.03847259655594826
2026-08-21 00:02:00,0.03847259655594826
2026-08-21 00:03:00,0.03847259655594826
2026-08-21 00:04:00,0.03847259655594826
2026-08-21 00:05:00,0.03632510360330343
2026-08-21 00:06:00,0.03632510360330343
2026-08-21 00:07:00,0.03632510360330343
2026-08-21 00:08:00,0.03632510360330343
2026-08-21 00:09:00,0.03632510360330343
2026-08-21 00:10:00,0.039875734597444534
2026-08-21 00:11:00,0.039875734597444534
2026-08-21 00:12:00,0.039875734597444534
2026-08-21 00:13:00,0.039875734597444534
2026-08-21 00:14:00,0.039875734597444534
2026-08-21 00:15:00,0.048751190304756165
2026-08-21 00:16:00,0.048751190304756165
2026-08-21 00:17:00,0.048751190304756165
2026-08-21 00:18:00,0.048751190304756165
2026-08-21 00:19:00,0.048751190304756165
2026-08-21 00:20:00,0.05674591660499573
2026-08-21 00:21:00,0.05674591660499573
2026-08-21 00:22:00,0.05674591660499573
2026-08-21 00:23:00,0.05674591660499573
2026-08-21 00:24:00,0.05674591660499573
2026-08-21 00:25:00,0.06729333940893412
2026-08-21 00:26:00,0.06729333940893412
2026-08-21 00:27:00,0.06729333940893412
2026-08-21 00:28:00,0.06729333940893412
2026-08-21 00:29:00,0.06729333940893412
2026-08-21 00:30:00,0.07070748880505562
2026-08-21 00:31:00,0.07070748880505562
2026-08-21 00:32:00,0.07070748880505562
2026-08-21 00:33:00,0.07070748880505562
2026-08-21 00:34:00,0.07070748880505562
2026-08-21 00:35:00,0.06497399974614382
2026-08-21 00:36:00,0.06497399974614382
2026-08-21 00:37:00,0.06497399974614382
2026-08-21 00:38:00,0.06497399974614382
2026-08-21 00:39:00,0.06497399974614382
2026-08-21 00:40:00,0.0582845751196146
2026-08-21 00:41:00,0.0582845751196146
2026-08-21 00:42:00,0.0582845751196146
2026-08-21 00:43:00,0.0582845751196146
2026-08-21 00:44:00,0.0582845751196146
2026-08-21 00:45:00,0.04899375606328249
2026-08-21 00:46:00,0.04899375606328249
2026-08-21 00:47:00,0.04899375606328249
2026-08-21 00:48:00,0.04899375606328249
2026-08-21 00:49:00,0.04899375606328249
2026-08-21 00:50:00,0.046692341566085815
2026-08-21 00:51:00,0.046692341566085815
2026-08-21 00:52:00,0.046692341566085815
2026-08-21 00:53:00,0.046692341566085815
2026-08-21 00:54:00,0.046692341566085815
2026-08-21 00:55:00,0.049215096049010754
2026-08-21 00:56:00,0.049215096049010754
2026-08-21 00:57:00,0.049215096049010754
2026-08-21 00:58:00,0.049215096049010754
2026-08-21 00:59:00,0.049215096049010754
2026-08-21 01:00:00,0.05439925193786621
2026-08-21 01:01:00,0.05439925193786621
2026-08-21 01:02:00,0.05439925193786621
2026-08-21 01:03:00,0.05439925193786621
2026-08-21 01:04:00,0.05439925193786621
2026-08-21 01:05:00,0.06114246975630522
2026-08-21 01:06:00,0.06114246975630522
2026-08-21 01:07:00,0.06114246975630522
2026-08-21 01:08:00,0.06114246975630522
2026-08-21 01:09:00,0.06114246975630522
2026-08-21 01:10:00,0.06483888253569603
2026-08-21 01:11:00,0.06483888253569603
2026-08-21 01:12:00,0.06483888253569603
2026-08-21 01:13:00,0.06483888253569603
2026-08-21 01:14:00,0.06483888253569603
2026-08-21 01:15:00,0.06766201741993427
2026-08-21 01:16:00,0.06766201741993427
2026-08-21 01:17:00,0.06766201741993427
2026-08-21 01:18:00,0.06766201741993427
2026-08-21 01:19:00,0.06766201741993427
2026-08-21 01:20:00,0.06744524650275707
2026-08-21 01:21:00,0.06744524650275707
2026-08-21 01:22:00,0.06744524650275707
2026-08-21 01:23:00,0.06744524650275707
2026-08-21 01:24:00,0.06744524650275707
2026-08-21 01:25:00,0.06421702820807695
2026-08-21 01:26:00,0.06421702820807695
2026-08-21 01:27:00,0.06421702820807695
2026-08-21 01:28:00,0.06421702820807695
2026-08-21 01:29:00,0.06421702820807695
2026-08-21 01:30:00,0.05824452266097069
2026-08-21 01:31:00,0.05824452266097069
2026-08-21 01:32:00,0.05824452266097069
2026-08-21 01:33:00,0.05824452266097069
2026-08-21 01:34:00,0.05824452266097069
2026-08-21 01:35:00,0.05442897044122219
2026-08-21 01:36:00,0.05442897044122219
2026-08-21 01:37:00,0.05442897044122219
2026-08-21 01:38:00,0.05442897044122219
2026-08-21 01:39:00,0.05442897044122219
2026-08-21 01:40:00,0.05759222060441971
2026-08-21 01:41:00,0.05759222060441971
2026-08-21 01:42:00,0.05759222060441971
2026-08-21 01:43:00,0.05759222060441971
2026-08-21 01:44:00,0.05759222060441971
2026-08-21 01:45:00,0.06681484635919333
2026-08-21 01:46:00,0.06681484635919333
2026-08-21 01:47:00,0.06681484635919333
2026-08-21 01:48:00,0.06681484635919333
2026-08-21 01:49:00,0.06681484635919333
2026-08-21 01:50:00,0.07459679245948792
2026-08-21 01:51:00,0.07459679245948792
2026-08-21 01:52:00,0.07459679245948792
2026-08-21 01:53:00,0.07459679245948792
2026-08-21 01:54:00,0.07459679245948792
2026-08-21 01:55:00,0.08044556342065334
2026-08-21 01:56:00,0.08044556342065334
2026-08-21 01:57:00,0.08044556342065334
2026-08-21 01:58:00,0.08044556342065334
2026-08-21 01:59:00,0.08044556342065334
2026-08-21 02:00:00,0.0802195593714714
2026-08-21 02:01:00,0.0802195593714714
2026-08-21 02:02:00,0.0802195593714714
2026-08-21 02:03:00,0.0802195593714714
2026-08-21 02:04:00,0.0802195593714714
2026-08-21 02:05:00,0.07573934085667133
2026-08-21 02:06:00,0.07573934085667133
2026-08-21 02:07:00,0.07573934085667133
2026-08-21 02:08:00,0.07573934085667133
2026-08-21 02:09:00,0.07573934085667133
2026-08-21 02:10:00,0.06855413410812616
2026-08-21 02:11:00,0.06855413410812616
2026-08-21 02:12:00,0.06855413410812616
2026-08-21 02:13:00,0.06855413410812616
2026-08-21 02:14:00,0.06855413410812616
2026-08-21 02:15:00,0.06045022513717413
2026-08-21 02:16:00,0.06045022513717413
2026-08-21 02:17:00,0.06045022513717413
2026-08-21 02:18:00,0.06045022513717413
2026-08-21 02:19:00,0.06045022513717413
2026-08-21 02:20:00,0.0545379938557744
2026-08-21 02:21:00,0.0545379938557744
2026-08-21 02:22:00,0.0545379938557744
2026-08-21 02:23:00,0.0545379938557744
2026-08-21 02:24:00,0.0545379938557744
2026-08-21 02:25:00,0.049783697351813316
2026-08-21 02:26:00,0.049783697351813316
2026-08-21 02:27:00,0.049783697351813316
2026-08-21 02:28:00,0.049783697351813316
2026-08-21 02:29:00,0.049783697351813316
2026-08-21 02:30:00,0.04986933898180723
2026-08-21 02:31:00,0.04986933898180723
2026-08-21 02:32:00,0.04986933898180723
2026-08-21 02:33:00,0.04986933898180723
2026-08-21 02:34:00,0.04986933898180723
2026-08-21 02:35:00,0.05276582669466734
2026-08-21 02:36:00,0.05276582669466734
2026-08-21 02:37:00,0.05276582669466734
2026-08-21 02:38:00,0.05276582669466734
2026-08-21 02:39:00,0.05276582669466734
2026-08-21 02:40:00,0.05531399417668581
2026-08-21 02:41:00,0.05531399417668581
2026-08-21 02:42:00,0.05531399417668581
2026-08-21 02:43:00,0.05531399417668581
2026-08-21 02:44:00,0.05531399417668581
2026-08-21 02:45:00,0.05870065465569496
2026-08-21 02:46:00,0.05870065465569496
2026-08-21 02:47:00,0.05870065465569496
2026-08-21 02:48:00,0.05870065465569496
2026-08-21 02:49:00,0.05870065465569496
2026-08-21 02:50:00,0.06057674624025822
2026-08-21 02:51:00,0.06057674624025822
2026-08-21 02:52:00,0.06057674624025822
2026-08-21 02:53:00,0.06057674624025822
2026-08-21 02:54:00,0.06057674624025822
2026-08-21 02:55:00,0.05946889612823725
2026-08-21 02:56:00,0.05946889612823725
2026-08-21 02:57:00,0.05946889612823725
2026-08-21 02:58:00,0.05946889612823725
2026-08-21 02:59:00,0.05946889612823725
2026-08-21 03:00:00,0.05799388140439987
2026-08-21 03:01:00,0.05799388140439987
2026-08-21 03:02:00,0.05799388140439987
2026-08-21 03:03:00,0.05799388140439987
2026-08-21 03:04:00,0.05799388140439987
2026-08-21 03:05:00,0.057603105902671814
2026-08-21 03:06:00,0.057603105902671814
2026-08-21 03:07:00,0.057603105902671814
2026-08-21 03:08:00,0.057603105902671814
2026-08-21 03:09:00,0.057603105902671814
2026-08-21 03:10:00,0.05910607986152172
2026-08-21 03:11:00,0.05910607986152172
2026-08-21 03:12:00,0.05910607986152172
2026-08-21 03:13:00,0.05910607986152172
2026-08-21 03:14:00,0.05910607986152172
2026-08-21 03:15:00,0.05868938285857439
2026-08-21 03:16:00,0.05868938285857439
2026-08-21 03:17:00,0.05868938285857439
2026-08-21 03:18:00,0.05868938285857439
2026-08-21 03:19:00,0.05868938285857439
2026-08-21 03:20:00,0.054901658557355404
2026-08-21 03:21:00,0.054901658557355404
2026-08-21 03:22:00,0.054901658557355404
2026-08-21 03:23:00,0.054901658557355404
2026-08-21 03:24:00,0.054901658557355404
2026-08-21 03:25:00,0.04804119374603033
2026-08-21 03:26:00,0.04804119374603033
2026-08-21 03:27:00,0.04804119374603033
2026-08-21 03:28:00,0.04804119374603033
2026-08-21 03:29:00,0.04804119374603033
2026-08-21 03:30:00,0.04360944405198097
2026-08-21 03:31:00,0.04360944405198097
2026-08-21 03:32:00,0.04360944405198097
2026-08-21 03:33:00,0.04360944405198097
2026-08-21 03:34:00,0.04360944405198097
2026-08-21 03:35:00,0.04062218964099884
2026-08-21 03:36:00,0.04062218964099884
2026-08-21 03:37:00,0.04062218964099884
2026-08-21 03:38:00,0.04062218964099884
2026-08-21 03:39:00,0.04062218964099884
2026-08-21 03:40:00,0.04174385778605938
2026-08-21 03:41:00,0.04174385778605938
2026-08-21 03:42:00,0.04174385778605938
2026-08-21 03:43:00,0.04174385778605938
2026-08-21 03:44:00,0.04174385778605938
2026-08-21 03:45:00,0.045147187076509
2026-08-21 03:46:00,0.045147187076509
2026-08-21 03:47:00,0.045147187076509
2026-08-21 03:48:00,0.045147187076509
2026-08-21 03:49:00,0.045147187076509
2026-08-21 03:50:00,0.04870886821299791
2026-08-21 03:51:00,0.04870886821299791
2026-08-21 03:52:00,0.04870886821299791
2026-08-21 03:53:00,0.04870886821299791
2026-08-21 03:54:00,0.04870886821299791
2026-08-21 03:55:00,0.05054112616926432
2026-08-21 03:56:00,0.05054112616926432
2026-08-21 03:57:00,0.05054112616926432
2026-08-21 03:58:00,0.05054112616926432
2026-08-21 03:59:00,0.05054112616926432
2026-08-21 04:00:00,0.052805159240961075
2026-08-21 04:01:00,0.052805159240961075
2026-08-21 04:02:00,0.052805159240961075
2026-08-21 04:03:00,0.052805159240961075
2026-08-21 04:04:00,0.052805159240961075
2026-08-21 04:05:00,0.049875928089022636
2026-08-21 04:06:00,0.049875928089022636
2026-08-21 04:07:00,0.049875928089022636
2026-08-21 04:08:00,0.049875928089022636
2026-08-21 04:09:00,0.049875928089022636
2026-08-21 04:10:00,0.04448554292321205
2026-08-21 04:11:00,0.04448554292321205
2026-08-21 04:12:00,0.04448554292321205
2026-08-21 04:13:00,0.04448554292321205
2026-08-21 04:14:00,0.04448554292321205
2026-08-21 04:15:00,0.04202571511268616
2026-08-21 04:16:00,0.04202571511268616
2026-08-21 04:17:00,0.04202571511268616
2026-08-21 04:18:00,0.04202571511268616
2026-08-21 04:19:00,0.04202571511268616
2026-08-21 04:20:00,0.03992408514022827
2026-08-21 04:21:00,0.03992408514022827
2026-08-21 04:22:00,0.03992408514022827
2026-08-21 04:23:00,0.03992408514022827
2026-08-21 04:24:00,0.03992408514022827
2026-08-21 04:25:00,0.04247576929628849
2026-08-21 04:26:00,0.04247576929628849
2026-08-21 04:27:00,0.04247576929628849
2026-08-21 04:28:00,0.04247576929628849
2026-08-21 04:29:00,0.04247576929628849
2026-08-21 04:30:00,0.16927086282521486
2026-08-21 04:31:00,0.16927086282521486
2026-08-21 04:32:00,0.16927086282521486
2026-08-21 04:33:00,0.16927086282521486
2026-08-21 04:34:00,0.16927086282521486
2026-08-21 04:35:00,0.3609749684110284
2026-08-21 04:36:00,0.3609749684110284
2026-08-21 04:37:00,0.3609749684110284
2026-08-21 04:38:00,0.3609749684110284
2026-08-21 04:39:00,0.3609749684110284
2026-08-21 04:40:00,0.5514246011152864
2026-08-21 04:41:00,0.5514246011152864
2026-08-21 04:42:00,0.5514246011152864
2026-08-21 04:43:00,0.5514246011152864
2026-08-21 04:44:00,0.5514246011152864
2026-08-21 04:45:00,0.7427300065755844
2026-08-21 04:46:00,0.7427300065755844
2026-08-21 04:47:00,0.7427300065755844
2026-08-21 04:48:00,0.7427300065755844
2026-08-21 04:49:00,0.7427300065755844
2026-08-21 04:50:00,0.7931180745363235
2026-08-21 04:51:00,0.7931180745363235
2026-08-21 04:52:00,0.7931180745363235
2026-08-21 04:53:00,0.7931180745363235
2026-08-21 04:54:00,0.7931180745363235
2026-08-21 04:55:00,0.6098014153540134
2026-08-21 04:56:00,0.6098014153540134
2026-08-21 04:57:00,0.6098014153540134
2026-08-21 04:58:00,0.6098014153540134
2026-08-21 04:59:00,0.6098014153540134
2026-08-21 05:00:00,0.4253725316375494
2026-08-21 05:01:00,0.4253725316375494
2026-08-21 05:02:00,0.4253725316375494
2026-08-21 05:03:00,0.4253725316375494
2026-08-21 05:04:00,0.4253725316375494
2026-08-21 05:05:00,0.2387655433267355
2026-08-21 05:06:00,0.2387655433267355
2026-08-21 05:07:00,0.2387655433267355
2026-08-21 05:08:00,0.2387655433267355
2026-08-21 05:09:00,0.2387655433267355
2026-08-21 05:10:00,0.07007964514195919
2026-08-21 05:11:00,0.07007964514195919
2026-08-21 05:12:00,0.07007964514195919
2026-08-21 05:13:00,0.07007964514195919
2026-08-21 05:14:00,0.07007964514195919
2026-08-21 05:15:00,0.06961836479604244
2026-08-21 05:16:00,0.06961836479604244
2026-08-21 05:17:00,0.06961836479604244
2026-08-21 05:18:00,0.06961836479604244
2026-08-21 05:19:00,0.06961836479604244
2026-08-21 05:20:00,0.06821986474096775
2026-08-21 05:21:00,0.06821986474096775
2026-08-21 05:22:00,0.06821986474096775
2026-08-21 05:23:00,0.06821986474096775
2026-08-21 05:24:00,0.06821986474096775
2026-08-21 05:25:00,0.06894238851964474
2026-08-21 05:26:00,0.06894238851964474
2026-08-21 05:27:00,0.06894238851964474
2026-08-21 05:28:00,0.06894238851964474
2026-08-21 05:29:00,0.06894238851964474
2026-08-21 05:30:00,0.06984624452888966
2026-08-21 05:31:00,0.06984624452888966
2026-08-21 05:32:00,0.06984624452888966
2026-08-21 05:33:00,0.06984624452888966
2026-08-21 05:34:00,0.06984624452888966
2026-08-21 05:35:00,0.07325268164277077
2026-08-21 05:36:00,0.07325268164277077
2026-08-21 05:37:00,0.07325268164277077
2026-08-21 05:38:00,0.07325268164277077
2026-08-21 05:39:00,0.07325268164277077
2026-08-21 05:40:00,0.08200841583311558
2026-08-21 05:41:00,0.08200841583311558
2026-08-21 05:42:00,0.08200841583311558
2026-08-21 05:43:00,0.08200841583311558
2026-08-21 05:44:00,0.08200841583311558
2026-08-21 05:45:00,0.08613383397459984
2026-08-21 05:46:00,0.08613383397459984
2026-08-21 05:47:00,0.08613383397459984
2026-08-21 05:48:00,0.08613383397459984
2026-08-21 05:49:00,0.08613383397459984
2026-08-21 05:50:00,0.08844195865094662
2026-08-21 05:51:00,0.08844195865094662
2026-08-21 05:52:00,0.08844195865094662
2026-08-21 05:53:00,0.08844195865094662
2026-08-21 05:54:00,0.08844195865094662
2026-08-21 05:55:00,0.08447766676545143
2026-08-21 05:56:00,0.08447766676545143
2026-08-21 05:57:00,0.08447766676545143
2026-08-21 05:58:00,0.08447766676545143
2026-08-21 05:59:00,0.08447766676545143
2026-08-21 06:00:00,0.0828989464789629
2026-08-21 06:01:00,0.0828989464789629
2026-08-21 06:02:00,0.0828989464789629
2026-08-21 06:03:00,0.0828989464789629
2026-08-21 06:04:00,0.0828989464789629
2026-08-21 06:05:00,0.08244992606341839
2026-08-21 06:06:00,0.08244992606341839
2026-08-21 06:07:00,0.08244992606341839
2026-08-21 06:08:00,0.08244992606341839
2026-08-21 06:09:00,0.08244992606341839
2026-08-21 06:10:00,0.08726066909730434
2026-08-21 06:11:00,0.08726066909730434
2026-08-21 06:12:00,0.08726066909730434
2026-08-21 06:13:00,0.08726066909730434
2026-08-21 06:14:00,0.08726066909730434
2026-08-21 06:15:00,0.09623486176133156
2026-08-21 06:16:00,0.09623486176133156
2026-08-21 06:17:00,0.09623486176133156
2026-08-21 06:18:00,0.09623486176133156
2026-08-21 06:19:00,0.09623486176133156
2026-08-21 06:20:00,0.09102298133075237
2026-08-21 06:21:00,0.09102298133075237
2026-08-21 06:22:00,0.09102298133075237
2026-08-21 06:23:00,0.09102298133075237
2026-08-21 06:24:00,0.09102298133075237
2026-08-21 06:25:00,0.08147005178034306
2026-08-21 06:26:00,0.08147005178034306
2026-08-21 06:27:00,0.08147005178034306
2026-08-21 06:28:00,0.08147005178034306
2026-08-21 06:29:00,0.08147005178034306
2026-08-21 06:30:00,0.3636819086968899
2026-08-21 06:31:00,0.3636819086968899
2026-08-21 06:32:00,0.3636819086968899
2026-08-21 06:33:00,0.3636819086968899
2026-08-21 06:34:00,0.3636819086968899
2026-08-21 06:35:00,0.6142868939787149
2026-08-21 06:36:00,0.6142868939787149
2026-08-21 06:37:00,0.6142868939787149
2026-08-21 06:38:00,0.6142868939787149
2026-08-21 06:39:00,0.6142868939787149
2026-08-21 06:40:00,0.8729160185903311
2026-08-21 06:41:00,0.8729160185903311
2026-08-21 06:42:00,0.8729160185903311
2026-08-21 06:43:00,0.8729160185903311
2026-08-21 06:44:00,0.8729160185903311
2026-08-21 06:45:00,1.1374814212322235
2026-08-21 06:46:00,1.1374814212322235
2026-08-21 06:47:00,1.1374814212322235
2026-08-21 06:48:00,1.1374814212322235
2026-08-21 06:49:00,1.1374814212322235
2026-08-21 06:50:00,1.0751942843198776
2026-08-21 06:51:00,1.0751942843198776
2026-08-21 06:52:00,1.0751942843198776
2026-08-21 06:53:00,1.0751942843198776
2026-08-21 06:54:00,1.0751942843198776
2026-08-21 06:55:00,0.8236312661319971
2026-08-21 06:56:00,0.8236312661319971
2026-08-21 06:57:00,0.8236312661319971
2026-08-21 06:58:00,0.8236312661319971
2026-08-21 06:59:00,0.8236312661319971
2026-08-21 07:00:00,0.5713796373456717
2026-08-21 07:01:00,0.5713796373456717
2026-08-21 07:02:00,0.5713796373456717
2026-08-21 07:03:00,0.5713796373456717
2026-08-21 07:04:00,0.5713796373456717
2026-08-21 07:05:00,0.31873701326549053
2026-08-21 07:06:00,0.31873701326549053
2026-08-21 07:07:00,0.31873701326549053
2026-08-21 07:08:00,0.31873701326549053
2026-08-21 07:09:00,0.31873701326549053
2026-08-21 07:10:00,0.09794844314455986
2026-08-21 07:11:00,0.09794844314455986
2026-08-21 07:12:00,0.09794844314455986
2026-08-21 07:13:00,0.09794844314455986
2026-08-21 07:14:00,0.09794844314455986
2026-08-21 07:15:00,0.09953523799777031
2026-08-21 07:16:00,0.09953523799777031
2026-08-21 07:17:00,0.09953523799777031
2026-08-21 07:18:00,0.09953523799777031
2026-08-21 07:19:00,0.09953523799777031
2026-08-21 07:20:00,0.10347220860421658
2026-08-21 07:21:00,0.10347220860421658
2026-08-21 07:22:00,0.10347220860421658
2026-08-21 07:23:00,0.10347220860421658
2026-08-21 07:24:00,0.10347220860421658
2026-08-21 07:25:00,0.10814994387328625
2026-08-21 07:26:00,0.10814994387328625
2026-08-21 07:27:00,0.10814994387328625
2026-08-21 07:28:00,0.10814994387328625
2026-08-21 07:29:00,0.10814994387328625
2026-08-21 07:30:00,0.11178219877183437
2026-08-21 07:31:00,0.11178219877183437
2026-08-21 07:32:00,0.11178219877183437
2026-08-21 07:33:00,0.11178219877183437
2026-08-21 07:34:00,0.11178219877183437
2026-08-21 07:35:00,0.11177119426429272
2026-08-21 07:36:00,0.11177119426429272
2026-08-21 07:37:00,0.11177119426429272
2026-08-21 07:38:00,0.11177119426429272
2026-08-21 07:39:00,0.11177119426429272
2026-08-21 07:40:00,0.10893188789486885
2026-08-21 07:41:00,0.10893188789486885
2026-08-21 07:42:00,0.10893188789486885
2026-08-21 07:43:00,0.10893188789486885
2026-08-21 07:44:00,0.10893188789486885
2026-08-21 07:45:00,0.10283577628433704
2026-08-21 07:46:00,0.10283577628433704
2026-08-21 07:47:00,0.10283577628433704
2026-08-21 07:48:00,0.10283577628433704
2026-08-21 07:49:00,0.10283577628433704
2026-08-21 07:50:00,0.09726477973163128
2026-08-21 07:51:00,0.09726477973163128
2026-08-21 07:52:00,0.09726477973163128
2026-08-21 07:53:00,0.09726477973163128
2026-08-21 07:54:00,0.09726477973163128
2026-08-21 07:55:00,0.07929015718400478
2026-08-21 07:56:00,0.07929015718400478
2026-08-21 07:57:00,0.07929015718400478
2026-08-21 07:58:00,0.07929015718400478
2026-08-21 07:59:00,0.07929015718400478
2026-08-21 08:00:00,0.06712757050991058
2026-08-21 08:01:00,0.06712757050991058
2026-08-21 08:02:00,0.06712757050991058
2026-08-21 08:03:00,0.06712757050991058
2026-08-21 08:04:00,0.06712757050991058
2026-08-21 08:05:00,0.05892783496528864
2026-08-21 08:06:00,0.05892783496528864
2026-08-21 08:07:00,0.05892783496528864
2026-08-21 08:08:00,0.05892783496528864
2026-08-21 08:09:00,0.05892783496528864
2026-08-21 08:10:00,0.05114862695336342
2026-08-21 08:11:00,0.05114862695336342
2026-08-21 08:12:00,0.05114862695336342
2026-08-21 08:13:00,0.05114862695336342
2026-08-21 08:14:00,0.05114862695336342
2026-08-21 08:15:00,0.059173233807086945
2026-08-21 08:16:00,0.059173233807086945
2026-08-21 08:17:00,0.059173233807086945
2026-08-21 08:18:00,0.059173233807086945
2026-08-21 08:19:00,0.059173233807086945
2026-08-21 08:20:00,0.06062422599643469
2026-08-21 08:21:00,0.06062422599643469
2026-08-21 08:22:00,0.06062422599643469
2026-08-21 08:23:00,0.06062422599643469
2026-08-21 08:24:00,0.06062422599643469
2026-08-21 08:25:00,0.06171815283596516
2026-08-21 08:26:00,0.06171815283596516
2026-08-21 08:27:00,0.06171815283596516
2026-08-21 08:28:00,0.06171815283596516
2026-08-21 08:29:00,0.06171815283596516
2026-08-21 08:30:00,0.06096934247761965
2026-08-21 08:31:00,0.06096934247761965
2026-08-21 08:32:00,0.06096934247761965
2026-08-21 08:33:00,0.06096934247761965
2026-08-21 08:34:00,0.06096934247761965
2026-08-21 08:35:00,0.05863441899418831
2026-08-21 08:36:00,0.05863441899418831
2026-08-21 08:37:00,0.05863441899418831
2026-08-21 08:38:00,0.05863441899418831
2026-08-21 08:39:00,0.05863441899418831
2026-08-21 08:40:00,0.055914935655891895
2026-08-21 08:41:00,0.055914935655891895
2026-08-21 08:42:00,0.055914935655891895
2026-08-21 08:43:00,0.055914935655891895
2026-08-21 08:44:00,0.055914935655891895
2026-08-21 08:45:00,0.051488093100488186
2026-08-21 08:46:00,0.051488093100488186
2026-08-21 08:47:00,0.051488093100488186
2026-08-21 08:48:00,0.051488093100488186
2026-08-21 08:49:00,0.051488093100488186
2026-08-21 08:50:00,0.04754861257970333
2026-08-21 08:51:00,0.04754861257970333
2026-08-21 08:52:00,0.04754861257970333
2026-08-21 08:53:00,0.04754861257970333
2026-08-21 08:54:00,0.04754861257970333
2026-08-21 08:55:00,0.04169102944433689
2026-08-21 08:56:00,0.04169102944433689
2026-08-21 08:57:00,0.04169102944433689
2026-08-21 08:58:00,0.04169102944433689
2026-08-21 08:59:00,0.04169102944433689
2026-08-21 09:00:00,0.0384316137060523
2026-08-21 09:01:00,0.0384316137060523
2026-08-21 09:02:00,0.0384316137060523
2026-08-21 09:03:00,0.0384316137060523
2026-08-21 09:04:00,0.0384316137060523
2026-08-21 09:05:00,0.036401270888745785
2026-08-21 09:06:00,0.036401270888745785
2026-08-21 09:07:00,0.036401270888745785
2026-08-21 09:08:00,0.036401270888745785
2026-08-21 09:09:00,0.036401270888745785
2026-08-21 09:10:00,0.034291443414986134
2026-08-21 09:11:00,0.034291443414986134
2026-08-21 09:12:00,0.034291443414986134
2026-08-21 09:13:00,0.034291443414986134
2026-08-21 09:14:00,0.034291443414986134
2026-08-21 09:15:00,0.03492728527635336
2026-08-21 09:16:00,0.03492728527635336
2026-08-21 09:17:00,0.03492728527635336
2026-08-21 09:18:00,0.03492728527635336
2026-08-21 09:19:00,0.03492728527635336
2026-08-21 09:20:00,0.039557929150760174
2026-08-21 09:21:00,0.039557929150760174
2026-08-21 09:22:00,0.039557929150760174
2026-08-21 09:23:00,0.039557929150760174
2026-08-21 09:24:00,0.039557929150760174
2026-08-21 09:25:00,0.04339463822543621
2026-08-21 09:26:00,0.04339463822543621
2026-08-21 09:27:00,0.04339463822543621
2026-08-21 09:28:00,0.04339463822543621
2026-08-21 09:29:00,0.04339463822543621
2026-08-21 09:30:00,0.04700737539678812
2026-08-21 09:31:00,0.04700737539678812
2026-08-21 09:32:00,0.04700737539678812
2026-08-21 09:33:00,0.04700737539678812
2026-08-21 09:34:00,0.04700737539678812
2026-08-21 09:35:00,0.047913127578794956
2026-08-21 09:36:00,0.047913127578794956
2026-08-21 09:37:00,0.047913127578794956
2026-08-21 09:38:00,0.047913127578794956
2026-08-21 09:39:00,0.047913127578794956
2026-08-21 09:40:00,0.04675851669162512
2026-08-21 09:41:00,0.04675851669162512
2026-08-21 09:42:00,0.04675851669162512
2026-08-21 09:43:00,0.04675851669162512
2026-08-21 09:44:00,0.04675851669162512
2026-08-21 09:45:00,0.047022043727338314
2026-08-21 09:46:00,0.047022043727338314
2026-08-21 09:47:00,0.047022043727338314
2026-08-21 09:48:00,0.047022043727338314
2026-08-21 09:49:00,0.047022043727338314
2026-08-21 09:50:00,0.05039713438600302
2026-08-21 09:51:00,0.05039713438600302
2026-08-21 09:52:00,0.05039713438600302
2026-08-21 09:53:00,0.05039713438600302
2026-08-21 09:54:00,0.05039713438600302
2026-08-21 09:55:00,0.05899583362042904
2026-08-21 09:56:00,0.05899583362042904
2026-08-21 09:57:00,0.05899583362042904
2026-08-21 09:58:00,0.05899583362042904
2026-08-21 09:59:00,0.05899583362042904
2026-08-21 10:00:00,0.06617932859808207
2026-08-21 10:01:00,0.06617932859808207
2026-08-21 10:02:00,0.06617932859808207
2026-08-21 10:03:00,0.06617932859808207
2026-08-21 10:04:00,0.06617932859808207
2026-08-21 10:05:00,0.07154439948499203
2026-08-21 10:06:00,0.07154439948499203
2026-08-21 10:07:00,0.07154439948499203
2026-08-21 10:08:00,0.07154439948499203
2026-08-21 10:09:00,0.07154439948499203
2026-08-21 10:10:00,0.07530790381133556
2026-08-21 10:11:00,0.07530790381133556
2026-08-21 10:12:00,0.07530790381133556
2026-08-21 10:13:00,0.07530790381133556
2026-08-21 10:14:00,0.07530790381133556
2026-08-21 10:15:00,0.06838123593479395
2026-08-21 10:16:00,0.06838123593479395
2026-08-21 10:17:00,0.06838123593479395
2026-08-21 10:18:00,0.06838123593479395
2026-08-21 10:19:00,0.06838123593479395
2026-08-21 10:20:00,0.05833893362432718
2026-08-21 10:21:00,0.05833893362432718
2026-08-21 10:22:00,0.05833893362432718
2026-08-21 10:23:00,0.05833893362432718
2026-08-21 10:24:00,0.05833893362432718
2026-08-21 10:25:00,0.04985761735588312
2026-08-21 10:26:00,0.04985761735588312
2026-08-21 10:27:00,0.04985761735588312
2026-08-21 10:28:00,0.04985761735588312
2026-08-21 10:29:00,0.04985761735588312
2026-08-21 10:30:00,0.04272081609815359
2026-08-21 10:31:00,0.04272081609815359
2026-08-21 10:32:00,0.04272081609815359
2026-08-21 10:33:00,0.04272081609815359
2026-08-21 10:34:00,0.04272081609815359
2026-08-21 10:35:00,0.041518294252455235
2026-08-21 10:36:00,0.041518294252455235
2026-08-21 10:37:00,0.041518294252455235
2026-08-21 10:38:00,0.041518294252455235
2026-08-21 10:39:00,0.041518294252455235
2026-08-21 10:40:00,0.04420134983956814
2026-08-21 10:41:00,0.04420134983956814
2026-08-21 10:42:00,0.04420134983956814
2026-08-21 10:43:00,0.04420134983956814
2026-08-21 10:44:00,0.04420134983956814
2026-08-21 10:45:00,0.04853782057762146
2026-08-21 10:46:00,0.04853782057762146
2026-08-21 10:47:00,0.04853782057762146
2026-08-21 10:48:00,0.04853782057762146
2026-08-21 10:49:00,0.04853782057762146
2026-08-21 10:50:00,0.17900335229933262
2026-08-21 10:51:00,0.17900335229933262
2026-08-21 10:52:00,0.17900335229933262
2026-08-21 10:53:00,0.17900335229933262
2026-08-21 10:54:00,0.17900335229933262
2026-08-21 10:55:00,0.3094930900260806
2026-08-21 10:56:00,0.3094930900260806
2026-08-21 10:57:00,0.3094930900260806
2026-08-21 10:58:00,0.3094930900260806
2026-08-21 10:59:00,0.3094930900260806
2026-08-21 11:00:00,0.4383400660008192
2026-08-21 11:01:00,0.4383400660008192
2026-08-21 11:02:00,0.4383400660008192
2026-08-21 11:03:00,0.4383400660008192
2026-08-21 11:04:00,0.4383400660008192
2026-08-21 11:05:00,0.5640360116958618
2026-08-21 11:06:00,0.5640360116958618
2026-08-21 11:07:00,0.5640360116958618
2026-08-21 11:08:00,0.5640360116958618
2026-08-21 11:09:00,0.5640360116958618
2026-08-21 11:10:00,0.43506373278796673
2026-08-21 11:11:00,0.43506373278796673
2026-08-21 11:12:00,0.43506373278796673
2026-08-21 11:13:00,0.43506373278796673
2026-08-21 11:14:00,0.43506373278796673
2026-08-21 11:15:00,0.3091467823833227
2026-08-21 11:16:00,0.3091467823833227
2026-08-21 11:17:00,0.3091467823833227
2026-08-21 11:18:00,0.3091467823833227
2026-08-21 11:19:00,0.3091467823833227
2026-08-21 11:20:00,0.18317857012152672
2026-08-21 11:21:00,0.18317857012152672
2026-08-21 11:22:00,0.18317857012152672
2026-08-21 11:23:00,0.18317857012152672
2026-08-21 11:24:00,0.18317857012152672
2026-08-21 11:25:00,0.06131947413086891
2026-08-21 11:26:00,0.06131947413086891
2026-08-21 11:27:00,0.06131947413086891
2026-08-21 11:28:00,0.06131947413086891
2026-08-21 11:29:00,0.06131947413086891
2026-08-21 11:30:00,0.161057835444808
2026-08-21 11:31:00,0.161057835444808
2026-08-21 11:32:00,0.161057835444808
2026-08-21 11:33:00,0.161057835444808
2026-08-21 11:34:00,0.161057835444808
2026-08-21 11:35:00,0.25578690879046917
2026-08-21 11:36:00,0.25578690879046917
2026-08-21 11:37:00,0.25578690879046917
2026-08-21 11:38:00,0.25578690879046917
2026-08-21 11:39:00,0.25578690879046917
2026-08-21 11:40:00,0.35159432888031006
2026-08-21 11:41:00,0.35159432888031006
2026-08-21 11:42:00,0.35159432888031006
2026-08-21 11:43:00,0.35159432888031006
2026-08-21 11:44:00,0.35159432888031006
2026-08-21 11:45:00,0.4462834745645523
2026-08-21 11:46:00,0.4462834745645523
2026-08-21 11:47:00,0.4462834745645523
2026-08-21 11:48:00,0.4462834745645523
2026-08-21 11:49:00,0.4462834745645523
2026-08-21 11:50:00,0.3571873903274536
2026-08-21 11:51:00,0.3571873903274536
2026-08-21 11:52:00,0.3571873903274536
2026-08-21 11:53:00,0.3571873903274536
2026-08-21 11:54:00,0.3571873903274536
2026-08-21 11:55:00,0.2704620473086834
2026-08-21 11:56:00,0.2704620473086834
2026-08-21 11:57:00,0.2704620473086834
2026-08-21 11:58:00,0.2704620473086834
2026-08-21 11:59:00,0.2704620473086834
2026-08-21 12:00:00,0.17962642386555672
2026-08-21 12:01:00,0.17962642386555672
2026-08-21 12:02:00,0.17962642386555672
2026-08-21 12:03:00,0.17962642386555672
2026-08-21 12:04:00,0.17962642386555672
2026-08-21 12:05:00,0.08170544169843197
2026-08-21 12:06:00,0.08170544169843197
2026-08-21 12:07:00,0.08170544169843197
2026-08-21 12:08:00,0.08170544169843197
2026-08-21 12:09:00,0.08170544169843197
2026-08-21 12:10:00,0.07092775125056505
2026-08-21 12:11:00,0.07092775125056505
2026-08-21 12:12:00,0.07092775125056505
2026-08-21 12:13:00,0.07092775125056505
2026-08-21 12:14:00,0.07092775125056505
2026-08-21 12:15:00,0.062268394976854324
2026-08-21 12:16:00,0.062268394976854324
2026-08-21 12:17:00,0.062268394976854324
2026-08-21 12:18:00,0.062268394976854324
2026-08-21 12:19:00,0.062268394976854324
2026-08-21 12:20:00,0.05356567818671465
2026-08-21 12:21:00,0.05356567818671465
2026-08-21 12:22:00,0.05356567818671465
2026-08-21 12:23:00,0.05356567818671465
2026-08-21 12:24:00,0.05356567818671465
2026-08-21 12:25:00,0.04930210951715708
2026-08-21 12:26:00,0.04930210951715708
2026-08-21 12:27:00,0.04930210951715708
2026-08-21 12:28:00,0.04930210951715708
2026-08-21 12:29:00,0.04930210951715708
2026-08-21 12:30:00,0.04945473279803991
2026-08-21 12:31:00,0.04945473279803991
2026-08-21 12:32:00,0.04945473279803991
2026-08-21 12:33:00,0.04945473279803991
2026-08-21 12:34:00,0.04945473279803991
2026-08-21 12:35:00,0.04791143164038658
2026-08-21 12:36:00,0.04791143164038658
2026-08-21 12:37:00,0.04791143164038658
2026-08-21 12:38:00,0.04791143164038658
2026-08-21 12:39:00,0.04791143164038658
2026-08-21 12:40:00,0.04987079929560423
2026-08-21 12:41:00,0.04987079929560423
2026-08-21 12:42:00,0.04987079929560423
2026-08-21 12:43:00,0.04987079929560423
2026-08-21 12:44:00,0.04987079929560423
2026-08-21 12:45:00,0.053429474122822285
2026-08-21 12:46:00,0.053429474122822285
2026-08-21 12:47:00,0.053429474122822285
2026-08-21 12:48:00,0.053429474122822285
2026-08-21 12:49:00,0.053429474122822285
2026-08-21 12:50:00,0.06017165258526802
2026-08-21 12:51:00,0.06017165258526802
2026-08-21 12:52:00,0.06017165258526802
2026-08-21 12:53:00,0.06017165258526802
2026-08-21 12:54:00,0.06017165258526802
2026-08-21 12:55:00,0.070632079616189
2026-08-21 12:56:00,0.070632079616189
2026-08-21 12:57:00,0.070632079616189
2026-08-21 12:58:00,0.070632079616189
2026-08-21 12:59:00,0.070632079616189
2026-08-21 13:00:00,0.08088657818734646
2026-08-21 13:01:00,0.08088657818734646
2026-08-21 13:02:00,0.08088657818734646
2026-08-21 13:03:00,0.08088657818734646
2026-08-21 13:04:00,0.08088657818734646
2026-08-21 13:05:00,0.08795220032334328
2026-08-21 13:06:00,0.08795220032334328
2026-08-21 13:07:00,0.08795220032334328
2026-08-21 13:08:00,0.08795220032334328
2026-08-21 13:09:00,0.08795220032334328
2026-08-21 13:10:00,0.08486499451100826
2026-08-21 13:11:00,0.08486499451100826
2026-08-21 13:12:00,0.08486499451100826
2026-08-21 13:13:00,0.08486499451100826
2026-08-21 13:14:00,0.08486499451100826
2026-08-21 13:15:00,0.22785305976867676
2026-08-21 13:16:00,0.22785305976867676
2026-08-21 13:17:00,0.22785305976867676
2026-08-21 13:18:00,0.22785305976867676
2026-08-21 13:19:00,0.22785305976867676
2026-08-21 13:20:00,0.3673473112285137
2026-08-21 13:21:00,0.3673473112285137
2026-08-21 13:22:00,0.3673473112285137
2026-08-21 13:23:00,0.3673473112285137
2026-08-21 13:24:00,0.3673473112285137
2026-08-21 13:25:00,0.5111198555678129
2026-08-21 13:26:00,0.5111198555678129
2026-08-21 13:27:00,0.5111198555678129
2026-08-21 13:28:00,0.5111198555678129
2026-08-21 13:29:00,0.5111198555678129
2026-08-21 13:30:00,0.6629893034696579
2026-08-21 13:31:00,0.6629893034696579
2026-08-21 13:32:00,0.6629893034696579
2026-08-21 13:33:00,0.6629893034696579
2026-08-21 13:34:00,0.6629893034696579
2026-08-21 13:35:00,0.5137161202728748
2026-08-21 13:36:00,0.5137161202728748
2026-08-21 13:37:00,0.5137161202728748
2026-08-21 13:38:00,0.5137161202728748
2026-08-21 13:39:00,0.5137161202728748
2026-08-21 13:40:00,0.36810646019876003
2026-08-21 13:41:00,0.36810646019876003
2026-08-21 13:42:00,0.36810646019876003
2026-08-21 13:43:00,0.36810646019876003
2026-08-21 13:44:00,0.36810646019876003
2026-08-21 13:45:00,0.21901995316147804
2026-08-21 13:46:00,0.21901995316147804
2026-08-21 13:47:00,0.21901995316147804
2026-08-21 13:48:00,0.21901995316147804
2026-08-21 13:49:00,0.21901995316147804
2026-08-21 13:50:00,0.06614899821579456
2026-08-21 13:51:00,0.06614899821579456
2026-08-21 13:52:00,0.06614899821579456
2026-08-21 13:53:00,0.06614899821579456
2026-08-21 13:54:00,0.06614899821579456
2026-08-21 13:55:00,0.06695875339210033
2026-08-21 13:56:00,0.06695875339210033
2026-08-21 13:57:00,0.06695875339210033
2026-08-21 13:58:00,0.06695875339210033
2026-08-21 13:59:00,0.06695875339210033
2026-08-21 14:00:00,0.06454072706401348
2026-08-21 14:01:00,0.06454072706401348
2026-08-21 14:02:00,0.06454072706401348
2026-08-21 14:03:00,0.06454072706401348
2026-08-21 14:04:00,0.06454072706401348
2026-08-21 14:05:00,0.0633225254714489
2026-08-21 14:06:00,0.0633225254714489
2026-08-21 14:07:00,0.0633225254714489
2026-08-21 14:08:00,0.0633225254714489
2026-08-21 14:09:00,0.0633225254714489
2026-08-21 14:10:00,0.06357618421316147
2026-08-21 14:11:00,0.06357618421316147
2026-08-21 14:12:00,0.06357618421316147
2026-08-21 14:13:00,0.06357618421316147
2026-08-21 14:14:00,0.06357618421316147
2026-08-21 14:15:00,0.06257670931518078
2026-08-21 14:16:00,0.06257670931518078
2026-08-21 14:17:00,0.06257670931518078
2026-08-21 14:18:00,0.06257670931518078
2026-08-21 14:19:00,0.06257670931518078
2026-08-21 14:20:00,0.06798296049237251
2026-08-21 14:21:00,0.06798296049237251
2026-08-21 14:22:00,0.06798296049237251
2026-08-21 14:23:00,0.06798296049237251
2026-08-21 14:24:00,0.06798296049237251
2026-08-21 14:25:00,0.07263044454157352
2026-08-21 14:26:00,0.07263044454157352
2026-08-21 14:27:00,0.07263044454157352
2026-08-21 14:28:00,0.07263044454157352
2026-08-21 14:29:00,0.07263044454157352
2026-08-21 14:30:00,0.07713882625102997
2026-08-21 14:31:00,0.07713882625102997
2026-08-21 14:32:00,0.07713882625102997
2026-08-21 14:33:00,0.07713882625102997
2026-08-21 14:34:00,0.07713882625102997
2026-08-21 14:35:00,0.07280479557812214
2026-08-21 14:36:00,0.07280479557812214
2026-08-21 14:37:00,0.07280479557812214
2026-08-21 14:38:00,0.07280479557812214
2026-08-21 14:39:00,0.07280479557812214
2026-08-21 14:40:00,0.06477365549653769
2026-08-21 14:41:00,0.06477365549653769
2026-08-21 14:42:00,0.06477365549653769
2026-08-21 14:43:00,0.06477365549653769
2026-08-21 14:44:00,0.06477365549653769
2026-08-21 14:45:00,0.057642593048512936
2026-08-21 14:46:00,0.057642593048512936
2026-08-21 14:47:00,0.057642593048512936
2026-08-21 14:48:00,0.057642593048512936
2026-08-21 14:49:00,0.057642593048512936
2026-08-21 14:50:00,0.051937809213995934
2026-08-21 14:51:00,0.051937809213995934
2026-08-21 14:52:00,0.051937809213995934
2026-08-21 14:53:00,0.051937809213995934
2026-08-21 14:54:00,0.051937809213995934
2026-08-21 14:55:00,0.0580443199723959
2026-08-21 14:56:00,0.0580443199723959
2026-08-21 14:57:00,0.0580443199723959
2026-08-21 14:58:00,0.0580443199723959
2026-08-21 14:59:00,0.0580443199723959
2026-08-21 15:00:00,0.06808097008615732
2026-08-21 15:01:00,0.06808097008615732
2026-08-21 15:02:00,0.06808097008615732
2026-08-21 15:03:00,0.06808097008615732
2026-08-21 15:04:00,0.06808097008615732
2026-08-21 15:05:00,0.0740596940740943
2026-08-21 15:06:00,0.0740596940740943
2026-08-21 15:07:00,0.0740596940740943
2026-08-21 15:08:00,0.0740596940740943
2026-08-21 15:09:00,0.0740596940740943
2026-08-21 15:10:00,0.07419845834374428
2026-08-21 15:11:00,0.07419845834374428
2026-08-21 15:12:00,0.07419845834374428
2026-08-21 15:13:00,0.07419845834374428
2026-08-21 15:14:00,0.07419845834374428
2026-08-21 15:15:00,0.07273750752210617
2026-08-21 15:16:00,0.07273750752210617
2026-08-21 15:17:00,0.07273750752210617
2026-08-21 15:18:00,0.07273750752210617
2026-08-21 15:19:00,0.07273750752210617
2026-08-21 15:20:00,0.06781002879142761
2026-08-21 15:21:00,0.06781002879142761
2026-08-21 15:22:00,0.06781002879142761
2026-08-21 15:23:00,0.06781002879142761
2026-08-21 15:24:00,0.06781002879142761
2026-08-21 15:25:00,0.06719129346311092
2026-08-21 15:26:00,0.06719129346311092
2026-08-21 15:27:00,0.06719129346311092
2026-08-21 15:28:00,0.06719129346311092
2026-08-21 15:29:00,0.06719129346311092
2026-08-21 15:30:00,0.06790919601917267
2026-08-21 15:31:00,0.06790919601917267
2026-08-21 15:32:00,0.06790919601917267
2026-08-21 15:33:00,0.06790919601917267
2026-08-21 15:34:00,0.06790919601917267
2026-08-21 15:35:00,0.06513534765690565
2026-08-21 15:36:00,0.06513534765690565
2026-08-21 15:37:00,0.06513534765690565
2026-08-21 15:38:00,0.06513534765690565
2026-08-21 15:39:00,0.06513534765690565
2026-08-21 15:40:00,0.06337142456322908
2026-08-21 15:41:00,0.06337142456322908
2026-08-21 15:42:00,0.06337142456322908
2026-08-21 15:43:00,0.06337142456322908
2026-08-21 15:44:00,0.06337142456322908
2026-08-21 15:45:00,0.056406968273222446
2026-08-21 15:46:00,0.056406968273222446
2026-08-21 15:47:00,0.056406968273222446
2026-08-21 15:48:00,0.056406968273222446
2026-08-21 15:49:00,0.056406968273222446
2026-08-21 15:50:00,0.0503765307366848
2026-08-21 15:51:00,0.0503765307366848
2026-08-21 15:52:00,0.0503765307366848
2026-08-21 15:53:00,0.0503765307366848
2026-08-21 15:54:00,0.0503765307366848
2026-08-21 15:55:00,0.04623303469270468
2026-08-21 15:56:00,0.04623303469270468
2026-08-21 15:57:00,0.04623303469270468
2026-08-21 15:58:00,0.04623303469270468
2026-08-21 15:59:00,0.04623303469270468
2026-08-21 16:00:00,0.04202829673886299
2026-08-21 16:01:00,0.04202829673886299
2026-08-21 16:02:00,0.04202829673886299
2026-08-21 16:03:00,0.04202829673886299
2026-08-21 16:04:00,0.04202829673886299
2026-08-21 16:05:00,0.047091469168663025
2026-08-21 16:06:00,0.047091469168663025
2026-08-21 16:07:00,0.047091469168663025
2026-08-21 16:08:00,0.047091469168663025
2026-08-21 16:09:00,0.047091469168663025
2026-08-21 16:10:00,0.05292586702853441
2026-08-21 16:11:00,0.05292586702853441
2026-08-21 16:12:00,0.05292586702853441
2026-08-21 16:13:00,0.05292586702853441
2026-08-21 16:14:00,0.05292586702853441
2026-08-21 16:15:00,0.055512950755655766
2026-08-21 16:16:00,0.055512950755655766
2026-08-21 16:17:00,0.055512950755655766
2026-08-21 16:18:00,0.055512950755655766
2026-08-21 16:19:00,0.055512950755655766
2026-08-21 16:20:00,0.05594918504357338
2026-08-21 16:21:00,0.05594918504357338
2026-08-21 16:22:00,0.05594918504357338
2026-08-21 16:23:00,0.05594918504357338
2026-08-21 16:24:00,0.05594918504357338
2026-08-21 16:25:00,0.052946390584111214
2026-08-21 16:26:00,0.052946390584111214
2026-08-21 16:27:00,0.052946390584111214
2026-08-21 16:28:00,0.052946390584111214
2026-08-21 16:29:00,0.052946390584111214
2026-08-21 16:30:00,0.04941572714596987
2026-08-21 16:31:00,0.04941572714596987
2026-08-21 16:32:00,0.04941572714596987
2026-08-21 16:33:00,0.04941572714596987
2026-08-21 16:34:00,0.04941572714596987
2026-08-21 16:35:00,0.04681325703859329
2026-08-21 16:36:00,0.04681325703859329
2026-08-21 16:37:00,0.04681325703859329
2026-08-21 16:38:00,0.04681325703859329
2026-08-21 16:39:00,0.04681325703859329
2026-08-21 16:40:00,0.04674001969397068
2026-08-21 16:41:00,0.04674001969397068
2026-08-21 16:42:00,0.04674001969397068
2026-08-21 16:43:00,0.04674001969397068
2026-08-21 16:44:00,0.04674001969397068
2026-08-21 16:45:00,0.048056469298899174
2026-08-21 16:46:00,0.048056469298899174
2026-08-21 16:47:00,0.048056469298899174
2026-08-21 16:48:00,0.048056469298899174
2026-08-21 16:49:00,0.048056469298899174
2026-08-21 16:50:00,0.05469646118581295
2026-08-21 16:51:00,0.05469646118581295
2026-08-21 16:52:00,0.05469646118581295
2026-08-21 16:53:00,0.05469646118581295
2026-08-21 16:54:00,0.05469646118581295
2026-08-21 16:55:00,0.06326339486986399
2026-08-21 16:56:00,0.06326339486986399
2026-08-21 16:57:00,0.06326339486986399
2026-08-21 16:58:00,0.06326339486986399
2026-08-21 16:59:00,0.06326339486986399
2026-08-21 17:00:00,0.07325562741607428
2026-08-21 17:01:00,0.07325562741607428
2026-08-21 17:02:00,0.07325562741607428
2026-08-21 17:03:00,0.07325562741607428
2026-08-21 17:04:00,0.07325562741607428
2026-08-21 17:05:00,0.07589545287191868
2026-08-21 17:06:00,0.07589545287191868
2026-08-21 17:07:00,0.07589545287191868
2026-08-21 17:08:00,0.07589545287191868
2026-08-21 17:09:00,0.07589545287191868
2026-08-21 17:10:00,0.07605378329753876
2026-08-21 17:11:00,0.07605378329753876
2026-08-21 17:12:00,0.07605378329753876
2026-08-21 17:13:00,0.07605378329753876
2026-08-21 17:14:00,0.07605378329753876
2026-08-21 17:15:00,0.07158453669399023
2026-08-21 17:16:00,0.07158453669399023
2026-08-21 17:17:00,0.07158453669399023
2026-08-21 17:18:00,0.07158453669399023
2026-08-21 17:19:00,0.07158453669399023
2026-08-21 17:20:00,0.06514583248645067
2026-08-21 17:21:00,0.06514583248645067
2026-08-21 17:22:00,0.06514583248645067
2026-08-21 17:23:00,0.06514583248645067
2026-08-21 17:24:00,0.06514583248645067
2026-08-21 17:25:00,0.0625344691798091
2026-08-21 17:26:00,0.0625344691798091
2026-08-21 17:27:00,0.0625344691798091
2026-08-21 17:28:00,0.0625344691798091
2026-08-21 17:29:00,0.0625344691798091
2026-08-21 17:30:00,0.057963160797953606
2026-08-21 17:31:00,0.057963160797953606
2026-08-21 17:32:00,0.057963160797953606
2026-08-21 17:33:00,0.057963160797953606
2026-08-21 17:34:00,0.057963160797953606
2026-08-21 17:35:00,0.05652048531919718
2026-08-21 17:36:00,0.05652048531919718
2026-08-21 17:37:00,0.05652048531919718
2026-08-21 17:38:00,0.05652048531919718
2026-08-21 17:39:00,0.05652048531919718
2026-08-21 17:40:00,0.055296859703958035
2026-08-21 17:41:00,0.055296859703958035
2026-08-21 17:42:00,0.055296859703958035
2026-08-21 17:43:00,0.055296859703958035
2026-08-21 17:44:00,0.055296859703958035
2026-08-21 17:45:00,0.055842773988842964
2026-08-21 17:46:00,0.055842773988842964
2026-08-21 17:47:00,0.055842773988842964
2026-08-21 17:48:00,0.055842773988842964
2026-08-21 17:49:00,0.055842773988842964
2026-08-21 17:50:00,0.05544327199459076
2026-08-21 17:51:00,0.05544327199459076
2026-08-21 17:52:00,0.05544327199459076
2026-08-21 17:53:00,0.05544327199459076
2026-08-21 17:54:00,0.05544327199459076
2026-08-21 17:55:00,0.05341244488954544
2026-08-21 17:56:00,0.05341244488954544
2026-08-21 17:57:00,0.05341244488954544
2026-08-21 17:58:00,0.05341244488954544
2026-08-21 17:59:00,0.05341244488954544
2026-08-21 18:00:00,0.05418642610311508
2026-08-21 18:01:00,0.05418642610311508
2026-08-21 18:02:00,0.05418642610311508
2026-08-21 18:03:00,0.05418642610311508
2026-08-21 18:04:00,0.05418642610311508
2026-08-21 18:05:00,0.05472475662827492
2026-08-21 18:06:00,0.05472475662827492
2026-08-21 18:07:00,0.05472475662827492
2026-08-21 18:08:00,0.05472475662827492
2026-08-21 18:09:00,0.05472475662827492
2026-08-21 18:10:00,0.05909398291260004
2026-08-21 18:11:00,0.05909398291260004
2026-08-21 18:12:00,0.05909398291260004
2026-08-21 18:13:00,0.05909398291260004
2026-08-21 18:14:00,0.05909398291260004
2026-08-21 18:15:00,0.06557709258049726
2026-08-21 18:16:00,0.06557709258049726
2026-08-21 18:17:00,0.06557709258049726
2026-08-21 18:18:00,0.06557709258049726
2026-08-21 18:19:00,0.06557709258049726
2026-08-21 18:20:00,0.06339204497635365
2026-08-21 18:21:00,0.06339204497635365
2026-08-21 18:22:00,0.06339204497635365
2026-08-21 18:23:00,0.06339204497635365
2026-08-21 18:24:00,0.06339204497635365
2026-08-21 18:25:00,0.06095133628696203
2026-08-21 18:26:00,0.06095133628696203
2026-08-21 18:27:00,0.06095133628696203
2026-08-21 18:28:00,0.06095133628696203
2026-08-21 18:29:00,0.06095133628696203
2026-08-21 18:30:00,0.05884991865605116
2026-08-21 18:31:00,0.05884991865605116
2026-08-21 18:32:00,0.05884991865605116
2026-08-21 18:33:00,0.05884991865605116
2026-08-21 18:34:00,0.05884991865605116
2026-08-21 18:35:00,0.06061255652457476
2026-08-21 18:36:00,0.06061255652457476
2026-08-21 18:37:00,0.06061255652457476
2026-08-21 18:38:00,0.06061255652457476
2026-08-21 18:39:00,0.06061255652457476
2026-08-21 18:40:00,0.06304239481687546
2026-08-21 18:41:00,0.06304239481687546
2026-08-21 18:42:00,0.06304239481687546
2026-08-21 18:43:00,0.06304239481687546
2026-08-21 18:44:00,0.06304239481687546
2026-08-21 18:45:00,0.0610845610499382
2026-08-21 18:46:00,0.0610845610499382
2026-08-21 18:47:00,0.0610845610499382
2026-08-21 18:48:00,0.0610845610499382
2026-08-21 18:49:00,0.0610845610499382
2026-08-21 18:50:00,0.05545120593160391
2026-08-21 18:51:00,0.05545120593160391
2026-08-21 18:52:00,0.05545120593160391
2026-08-21 18:53:00,0.05545120593160391
2026-08-21 18:54:00,0.05545120593160391
2026-08-21 18:55:00,0.046723583713173866
2026-08-21 18:56:00,0.046723583713173866
2026-08-21 18:57:00,0.046723583713173866
2026-08-21 18:58:00,0.046723583713173866
2026-08-21 18:59:00,0.046723583713173866
2026-08-21 19:00:00,0.04132617823779583
2026-08-21 19:01:00,0.04132617823779583
2026-08-21 19:02:00,0.04132617823779583
2026-08-21 19:03:00,0.04132617823779583
2026-08-21 19:04:00,0.04132617823779583
2026-08-21 19:05:00,0.09995578788220882
2026-08-21 19:06:00,0.09995578788220882
2026-08-21 19:07:00,0.09995578788220882
2026-08-21 19:08:00,0.09995578788220882
2026-08-21 19:09:00,0.09995578788220882
2026-08-21 19:10:00,0.16167754773050547
2026-08-21 19:11:00,0.16167754773050547
2026-08-21 19:12:00,0.16167754773050547
2026-08-21 19:13:00,0.16167754773050547
2026-08-21 19:14:00,0.16167754773050547
2026-08-21 19:15:00,0.2234731800854206
2026-08-21 19:16:00,0.2234731800854206
2026-08-21 19:17:00,0.2234731800854206
2026-08-21 19:18:00,0.2234731800854206
2026-08-21 19:19:00,0.2234731800854206
2026-08-21 19:20:00,0.2874005064368248
2026-08-21 19:21:00,0.2874005064368248
2026-08-21 19:22:00,0.2874005064368248
2026-08-21 19:23:00,0.2874005064368248
2026-08-21 19:24:00,0.2874005064368248
2026-08-21 19:25:00,0.23573664389550686
2026-08-21 19:26:00,0.23573664389550686
2026-08-21 19:27:00,0.23573664389550686
2026-08-21 19:28:00,0.23573664389550686
2026-08-21 19:29:00,0.23573664389550686
2026-08-21 19:30:00,0.1809519100934267
2026-08-21 19:31:00,0.1809519100934267
2026-08-21 19:32:00,0.1809519100934267
2026-08-21 19:33:00,0.1809519100934267
2026-08-21 19:34:00,0.1809519100934267
2026-08-21 19:35:00,0.12176939938217402
2026-08-21 19:36:00,0.12176939938217402
2026-08-21 19:37:00,0.12176939938217402
2026-08-21 19:38:00,0.12176939938217402
2026-08-21 19:39:00,0.12176939938217402
2026-08-21 19:40:00,0.061724450439214706
2026-08-21 19:41:00,0.061724450439214706
2026-08-21 19:42:00,0.061724450439214706
2026-08-21 19:43:00,0.061724450439214706
2026-08-21 19:44:00,0.061724450439214706
2026-08-21 19:45:00,0.0562713909894228
2026-08-21 19:46:00,0.0562713909894228
2026-08-21 19:47:00,0.0562713909894228
2026-08-21 19:48:00,0.0562713909894228
2026-08-21 19:49:00,0.0562713909894228
2026-08-21 19:50:00,0.049377236515283585
2026-08-21 19:51:00,0.049377236515283585
2026-08-21 19:52:00,0.049377236515283585
2026-08-21 19:53:00,0.049377236515283585
2026-08-21 19:54:00,0.049377236515283585
2026-08-21 19:55:00,0.04749452322721481
2026-08-21 19:56:00,0.04749452322721481
2026-08-21 19:57:00,0.04749452322721481
2026-08-21 19:58:00,0.04749452322721481
2026-08-21 19:59:00,0.04749452322721481
2026-08-21 20:00:00,0.04513716511428356
2026-08-21 20:01:00,0.04513716511428356
2026-08-21 20:02:00,0.04513716511428356
2026-08-21 20:03:00,0.04513716511428356
2026-08-21 20:04:00,0.04513716511428356
2026-08-21 20:05:00,0.0528086181730032
2026-08-21 20:06:00,0.0528086181730032
2026-08-21 20:07:00,0.0528086181730032
2026-08-21 20:08:00,0.0528086181730032
2026-08-21 20:09:00,0.0528086181730032
2026-08-21 20:10:00,0.06545699015259743
2026-08-21 20:11:00,0.06545699015259743
2026-08-21 20:12:00,0.06545699015259743
2026-08-21 20:13:00,0.06545699015259743
2026-08-21 20:14:00,0.06545699015259743
2026-08-21 20:15:00,0.08222306985408068
2026-08-21 20:16:00,0.08222306985408068
2026-08-21 20:17:00,0.08222306985408068
2026-08-21 20:18:00,0.08222306985408068
2026-08-21 20:19:00,0.08222306985408068
2026-08-21 20:20:00,0.1009715236723423
2026-08-21 20:21:00,0.1009715236723423
2026-08-21 20:22:00,0.1009715236723423
2026-08-21 20:23:00,0.1009715236723423
2026-08-21 20:24:00,0.1009715236723423
2026-08-21 20:25:00,0.10185637883841991
2026-08-21 20:26:00,0.10185637883841991
2026-08-21 20:27:00,0.10185637883841991
2026-08-21 20:28:00,0.10185637883841991
2026-08-21 20:29:00,0.10185637883841991
2026-08-21 20:30:00,0.10155386850237846
2026-08-21 20:31:00,0.10155386850237846
2026-08-21 20:32:00,0.10155386850237846
2026-08-21 20:33:00,0.10155386850237846
2026-08-21 20:34:00,0.10155386850237846
2026-08-21 20:35:00,0.0901818796992302
2026-08-21 20:36:00,0.0901818796992302
2026-08-21 20:37:00,0.0901818796992302
2026-08-21 20:38:00,0.0901818796992302
2026-08-21 20:39:00,0.0901818796992302
2026-08-21 20:40:00,0.0782829038798809
2026-08-21 20:41:00,0.0782829038798809
2026-08-21 20:42:00,0.0782829038798809
2026-08-21 20:43:00,0.0782829038798809
2026-08-21 20:44:00,0.0782829038798809
2026-08-21 20:45:00,0.0759288240224123
2026-08-21 20:46:00,0.0759288240224123
2026-08-21 20:47:00,0.0759288240224123
2026-08-21 20:48:00,0.0759288240224123
2026-08-21 20:49:00,0.0759288240224123
2026-08-21 20:50:00,0.07421758770942688
2026-08-21 20:51:00,0.07421758770942688
2026-08-21 20:52:00,0.07421758770942688
2026-08-21 20:53:00,0.07421758770942688
2026-08-21 20:54:00,0.07421758770942688
2026-08-21 20:55:00,0.08285989984869957
2026-08-21 20:56:00,0.08285989984869957
2026-08-21 20:57:00,0.08285989984869957
2026-08-21 20:58:00,0.08285989984869957
2026-08-21 20:59:00,0.08285989984869957
2026-08-21 21:00:00,0.08729222230613232
2026-08-21 21:01:00,0.08729222230613232
2026-08-21 21:02:00,0.08729222230613232
2026-08-21 21:03:00,0.08729222230613232
2026-08-21 21:04:00,0.08729222230613232
2026-08-21 21:05:00,0.08960581757128239
2026-08-21 21:06:00,0.08960581757128239
2026-08-21 21:07:00,0.08960581757128239
2026-08-21 21:08:00,0.08960581757128239
2026-08-21 21:09:00,0.08960581757128239
2026-08-21 21:10:00,0.08274153526872396
2026-08-21 21:11:00,0.08274153526872396
2026-08-21 21:12:00,0.08274153526872396
2026-08-21 21:13:00,0.08274153526872396
2026-08-21 21:14:00,0.08274153526872396
2026-08-21 21:15:00,0.06819549947977066
2026-08-21 21:16:00,0.06819549947977066
2026-08-21 21:17:00,0.06819549947977066
2026-08-21 21:18:00,0.06819549947977066
2026-08-21 21:19:00,0.06819549947977066
2026-08-21 21:20:00,0.05732712987810373
2026-08-21 21:21:00,0.05732712987810373
2026-08-21 21:22:00,0.05732712987810373
2026-08-21 21:23:00,0.05732712987810373
2026-08-21 21:24:00,0.05732712987810373
2026-08-21 21:25:00,0.053196671418845654
2026-08-21 21:26:00,0.053196671418845654
2026-08-21 21:27:00,0.053196671418845654
2026-08-21 21:28:00,0.053196671418845654
2026-08-21 21:29:00,0.053196671418845654
2026-08-21 21:30:00,0.058036260306835175
2026-08-21 21:31:00,0.058036260306835175
2026-08-21 21:32:00,0.058036260306835175
2026-08-21 21:33:00,0.058036260306835175
2026-08-21 21:34:00,0.058036260306835175
2026-08-21 21:35:00,0.059850435703992844
2026-08-21 21:36:00,0.059850435703992844
2026-08-21 21:37:00,0.059850435703992844
2026-08-21 21:38:00,0.059850435703992844
2026-08-21 21:39:00,0.059850435703992844
2026-08-21 21:40:00,0.05973256751894951
2026-08-21 21:41:00,0.05973256751894951
2026-08-21 21:42:00,0.05973256751894951
2026-08-21 21:43:00,0.05973256751894951
2026-08-21 21:44:00,0.05973256751894951
2026-08-21 21:45:00,0.053823417983949184
2026-08-21 21:46:00,0.053823417983949184
2026-08-21 21:47:00,0.053823417983949184
2026-08-21 21:48:00,0.053823417983949184
2026-08-21 21:49:00,0.053823417983949184
2026-08-21 21:50:00,0.04516737349331379
2026-08-21 21:51:00,0.04516737349331379
2026-08-21 21:52:00,0.04516737349331379
2026-08-21 21:53:00,0.04516737349331379
2026-08-21 21:54:00,0.04516737349331379
2026-08-21 21:55:00,0.04365465324372053
2026-08-21 21:56:00,0.04365465324372053
2026-08-21 21:57:00,0.04365465324372053
2026-08-21 21:58:00,0.04365465324372053
2026-08-21 21:59:00,0.04365465324372053
2026-08-21 22:00:00,0.049840740859508514
2026-08-21 22:01:00,0.049840740859508514
2026-08-21 22:02:00,0.049840740859508514
2026-08-21 22:03:00,0.049840740859508514
2026-08-21 22:04:00,0.049840740859508514
2026-08-21 22:05:00,0.061034795828163624
2026-08-21 22:06:00,0.061034795828163624
2026-08-21 22:07:00,0.061034795828163624
2026-08-21 22:08:00,0.061034795828163624
2026-08-21 22:09:00,0.061034795828163624
2026-08-21 22:10:00,0.0693295318633318
2026-08-21 22:11:00,0.0693295318633318
2026-08-21 22:12:00,0.0693295318633318
2026-08-21 22:13:00,0.0693295318633318
2026-08-21 22:14:00,0.0693295318633318
2026-08-21 22:15:00,0.07874039560556412
2026-08-21 22:16:00,0.07874039560556412
2026-08-21 22:17:00,0.07874039560556412
2026-08-21 22:18:00,0.07874039560556412
2026-08-21 22:19:00,0.07874039560556412
2026-08-21 22:20:00,0.07219341583549976
2026-08-21 22:21:00,0.07219341583549976
2026-08-21 22:22:00,0.07219341583549976
2026-08-21 22:23:00,0.07219341583549976
2026-08-21 22:24:00,0.07219341583549976
2026-08-21 22:25:00,0.06229381263256073
2026-08-21 22:26:00,0.06229381263256073
2026-08-21 22:27:00,0.06229381263256073
2026-08-21 22:28:00,0.06229381263256073
2026-08-21 22:29:00,0.06229381263256073
2026-08-21 22:30:00,0.06008803844451904
2026-08-21 22:31:00,0.06008803844451904
2026-08-21 22:32:00,0.06008803844451904
2026-08-21 22:33:00,0.06008803844451904
2026-08-21 22:34:00,0.06008803844451904
2026-08-21 22:35:00,0.05082894396036863
2026-08-21 22:36:00,0.05082894396036863
2026-08-21 22:37:00,0.05082894396036863
2026-08-21 22:38:00,0.05082894396036863
2026-08-21 22:39:00,0.05082894396036863
2026-08-21 22:40:00,0.05104611348360777
2026-08-21 22:41:00,0.05104611348360777
2026-08-21 22:42:00,0.05104611348360777
2026-08-21 22:43:00,0.05104611348360777
2026-08-21 22:44:00,0.05104611348360777
2026-08-21 22:45:00,0.05252757761627436
2026-08-21 22:46:00,0.05252757761627436
2026-08-21 22:47:00,0.05252757761627436
2026-08-21 22:48:00,0.05252757761627436
2026-08-21 22:49:00,0.05252757761627436
2026-08-21 22:50:00,0.0501756789162755
2026-08-21 22:51:00,0.0501756789162755
2026-08-21 22:52:00,0.0501756789162755
2026-08-21 22:53:00,0.0501756789162755
2026-08-21 22:54:00,0.0501756789162755
2026-08-21 22:55:00,0.04933637659996748
2026-08-21 22:56:00,0.04933637659996748
2026-08-21 22:57:00,0.04933637659996748
2026-08-21 22:58:00,0.04933637659996748
2026-08-21 22:59:00,0.04933637659996748
2026-08-21 23:00:00,0.05265519302338362
2026-08-21 23:01:00,0.05265519302338362
2026-08-21 23:02:00,0.05265519302338362
2026-08-21 23:03:00,0.05265519302338362
2026-08-21 23:04:00,0.05265519302338362
2026-08-21 23:05:00,0.05900020990520716
2026-08-21 23:06:00,0.05900020990520716
2026-08-21 23:07:00,0.05900020990520716
2026-08-21 23:08:00,0.05900020990520716
2026-08-21 23:09:00,0.05900020990520716
2026-08-21 23:10:00,0.062347025610506535
2026-08-21 23:11:00,0.062347025610506535
2026-08-21 23:12:00,0.062347025610506535
2026-08-21 23:13:00,0.062347025610506535
2026-08-21 23:14:00,0.062347025610506535
2026-08-21 23:15:00,0.06954012252390385
2026-08-21 23:16:00,0.06954012252390385
2026-08-21 23:17:00,0.06954012252390385
2026-08-21 23:18:00,0.06954012252390385
2026-08-21 23:19:00,0.06954012252390385
2026-08-21 23:20:00,0.07701082713901997
2026-08-21 23:21:00,0.07701082713901997
2026-08-21 23:22:00,0.07701082713901997
2026-08-21 23:23:00,0.07701082713901997
2026-08-21 23:24:00,0.07701082713901997
2026-08-21 23:25:00,0.07593696005642414
2026-08-21 23:26:00,0.07593696005642414
2026-08-21 23:27:00,0.07593696005642414
2026-08-21 23:28:00,0.07593696005642414
2026-08-21 23:29:00,0.07593696005642414
2026-08-21 23:30:00,0.07574804499745369
2026-08-21 23:31:00,0.07574804499745369
2026-08-21 23:32:00,0.07574804499745369
2026-08-21 23:33:00,0.07574804499745369
2026-08-21 23:34:00,0.07574804499745369
2026-08-21 23:35:00,0.06970137543976307
2026-08-21 23:36:00,0.06970137543976307
2026-08-21 23:37:00,0.06970137543976307
2026-08-21 23:38:00,0.06970137543976307
2026-08-21 23:39:00,0.06970137543976307
2026-08-21 23:40:00,0.058717917650938034
2026-08-21 23:41:00,0.058717917650938034
2026-08-21 23:42:00,0.058717917650938034
2026-08-21 23:43:00,0.058717917650938034
2026-08-21 23:44:00,0.058717917650938034
2026-08-21 23:45:00,0.05264432728290558
2026-08-21 23:46:00,0.05264432728290558
2026-08-21 23:47:00,0.05264432728290558
2026-08-21 23:48:00,0.05264432728290558
2026-08-21 23:49:00,0.05264432728290558
2026-08-21 23:50:00,0.049919493496418
2026-08-21 23:51:00,0.049919493496418
2026-08-21 23:52:00,0.049919493496418
2026-08-21 23:53:00,0.049919493496418
2026-08-21 23:54:00,0.049919493496418
2026-08-21 23:55:00,0.048054552637040615
2026-08-21 23:56:00,0.048054552637040615
2026-08-21 23:57:00,0.048054552637040615
2026-08-21 23:58:00,0.048054552637040615
2026-08-21 23:59:00,0.048054552637040615
2026-08-22 00:00:00,0.048891826532781124
2026-08-22 00:01:00,0.048891826532781124
2026-08-22 00:02:00,0.048891826532781124
2026-08-22 00:03:00,0.048891826532781124
2026-08-22 00:04:00,0.048891826532781124
2026-08-22 00:05:00,0.05120420455932617
2026-08-22 00:06:00,0.05120420455932617
2026-08-22 00:07:00,0.05120420455932617
2026-08-22 00:08:00,0.05120420455932617
2026-08-22 00:09:00,0.05120420455932617
2026-08-22 00:10:00,0.05379503034055233
2026-08-22 00:11:00,0.05379503034055233
2026-08-22 00:12:00,0.05379503034055233
2026-08-22 00:13:00,0.05379503034055233
2026-08-22 00:14:00,0.05379503034055233
2026-08-22 00:15:00,0.05696594621986151
2026-08-22 00:16:00,0.05696594621986151
2026-08-22 00:17:00,0.05696594621986151
2026-08-22 00:18:00,0.05696594621986151
2026-08-22 00:19:00,0.05696594621986151
2026-08-22 00:20:00,0.05506788846105337
2026-08-22 00:21:00,0.05506788846105337
2026-08-22 00:22:00,0.05506788846105337
2026-08-22 00:23:00,0.05506788846105337
2026-08-22 00:24:00,0.05506788846105337
2026-08-22 00:25:00,0.05333338212221861
2026-08-22 00:26:00,0.05333338212221861
2026-08-22 00:27:00,0.05333338212221861
2026-08-22 00:28:00,0.05333338212221861
2026-08-22 00:29:00,0.05333338212221861
2026-08-22 00:30:00,0.0532448710873723
2026-08-22 00:31:00,0.0532448710873723
2026-08-22 00:32:00,0.0532448710873723
2026-08-22 00:33:00,0.0532448710873723
2026-08-22 00:34:00,0.0532448710873723
2026-08-22 00:35:00,0.10332056600600481
2026-08-22 00:36:00,0.10332056600600481
2026-08-22 00:37:00,0.10332056600600481
2026-08-22 00:38:00,0.10332056600600481
2026-08-22 00:39:00,0.10332056600600481
2026-08-22 00:40:00,0.15445565525442362
2026-08-22 00:41:00,0.15445565525442362
2026-08-22 00:42:00,0.15445565525442362
2026-08-22 00:43:00,0.15445565525442362
2026-08-22 00:44:00,0.15445565525442362
2026-08-22 00:45:00,0.2011319063603878
2026-08-22 00:46:00,0.2011319063603878
2026-08-22 00:47:00,0.2011319063603878
2026-08-22 00:48:00,0.2011319063603878
2026-08-22 00:49:00,0.2011319063603878
2026-08-22 00:50:00,0.24372432753443718
2026-08-22 00:51:00,0.24372432753443718
2026-08-22 00:52:00,0.24372432753443718
2026-08-22 00:53:00,0.24372432753443718
2026-08-22 00:54:00,0.24372432753443718
2026-08-22 00:55:00,0.19170520082116127
2026-08-22 00:56:00,0.19170520082116127
2026-08-22 00:57:00,0.19170520082116127
2026-08-22 00:58:00,0.19170520082116127
2026-08-22 00:59:00,0.19170520082116127
2026-08-22 01:00:00,0.1428895639255643
2026-08-22 01:01:00,0.1428895639255643
2026-08-22 01:02:00,0.1428895639255643
2026-08-22 01:03:00,0.1428895639255643
2026-08-22 01:04:00,0.1428895639255643
2026-08-22 01:05:00,0.09871363919228315
2026-08-22 01:06:00,0.09871363919228315
2026-08-22 01:07:00,0.09871363919228315
2026-08-22 01:08:00,0.09871363919228315
2026-08-22 01:09:00,0.09871363919228315
2026-08-22 01:10:00,0.053748673759400845
2026-08-22 01:11:00,0.053748673759400845
2026-08-22 01:12:00,0.053748673759400845
2026-08-22 01:13:00,0.053748673759400845
2026-08-22 01:14:00,0.053748673759400845
2026-08-22 01:15:00,0.05447180662304163
2026-08-22 01:16:00,0.05447180662304163
2026-08-22 01:17:00,0.05447180662304163
2026-08-22 01:18:00,0.05447180662304163
2026-08-22 01:19:00,0.05447180662304163
2026-08-22 01:20:00,0.05382913537323475
2026-08-22 01:21:00,0.05382913537323475
2026-08-22 01:22:00,0.05382913537323475
2026-08-22 01:23:00,0.05382913537323475
2026-08-22 01:24:00,0.05382913537323475
2026-08-22 01:25:00,0.048728154972195625
2026-08-22 01:26:00,0.048728154972195625
2026-08-22 01:27:00,0.048728154972195625
2026-08-22 01:28:00,0.048728154972195625
2026-08-22 01:29:00,0.048728154972195625
2026-08-22 01:30:00,0.04687643051147461
2026-08-22 01:31:00,0.04687643051147461
2026-08-22 01:32:00,0.04687643051147461
2026-08-22 01:33:00,0.04687643051147461
2026-08-22 01:34:00,0.04687643051147461
2026-08-22 01:35:00,0.05061406455934048
2026-08-22 01:36:00,0.05061406455934048
2026-08-22 01:37:00,0.05061406455934048
2026-08-22 01:38:00,0.05061406455934048
2026-08-22 01:39:00,0.05061406455934048
2026-08-22 01:40:00,0.054328774102032185
2026-08-22 01:41:00,0.054328774102032185
2026-08-22 01:42:00,0.054328774102032185
2026-08-22 01:43:00,0.054328774102032185
2026-08-22 01:44:00,0.054328774102032185
2026-08-22 01:45:00,0.06147561129182577
2026-08-22 01:46:00,0.06147561129182577
2026-08-22 01:47:00,0.06147561129182577
2026-08-22 01:48:00,0.06147561129182577
2026-08-22 01:49:00,0.06147561129182577
2026-08-22 01:50:00,0.06402020063251257
2026-08-22 01:51:00,0.06402020063251257
2026-08-22 01:52:00,0.06402020063251257
2026-08-22 01:53:00,0.06402020063251257
2026-08-22 01:54:00,0.06402020063251257
2026-08-22 01:55:00,0.06515479739755392
2026-08-22 01:56:00,0.06515479739755392
2026-08-22 01:57:00,0.06515479739755392
2026-08-22 01:58:00,0.06515479739755392
2026-08-22 01:59:00,0.06515479739755392
2026-08-22 02:00:00,0.07145872712135315
2026-08-22 02:01:00,0.07145872712135315
2026-08-22 02:02:00,0.07145872712135315
2026-08-22 02:03:00,0.07145872712135315
2026-08-22 02:04:00,0.07145872712135315
2026-08-22 02:05:00,0.07316233776509762
2026-08-22 02:06:00,0.07316233776509762
2026-08-22 02:07:00,0.07316233776509762
2026-08-22 02:08:00,0.07316233776509762
2026-08-22 02:09:00,0.07316233776509762
2026-08-22 02:10:00,0.07297375798225403
2026-08-22 02:11:00,0.07297375798225403
2026-08-22 02:12:00,0.07297375798225403
2026-08-22 02:13:00,0.07297375798225403
2026-08-22 02:14:00,0.07297375798225403
2026-08-22 02:15:00,0.0705348514020443
2026-08-22 02:16:00,0.0705348514020443
2026-08-22 02:17:00,0.0705348514020443
2026-08-22 02:18:00,0.0705348514020443
2026-08-22 02:19:00,0.0705348514020443
2026-08-22 02:20:00,0.06765751354396343
2026-08-22 02:21:00,0.06765751354396343
2026-08-22 02:22:00,0.06765751354396343
2026-08-22 02:23:00,0.06765751354396343
2026-08-22 02:24:00,0.06765751354396343
2026-08-22 02:25:00,0.06743581220507622
2026-08-22 02:26:00,0.06743581220507622
2026-08-22 02:27:00,0.06743581220507622
2026-08-22 02:28:00,0.06743581220507622
2026-08-22 02:29:00,0.06743581220507622
2026-08-22 02:30:00,0.06890674121677876
2026-08-22 02:31:00,0.06890674121677876
2026-08-22 02:32:00,0.06890674121677876
2026-08-22 02:33:00,0.06890674121677876
2026-08-22 02:34:00,0.06890674121677876
2026-08-22 02:35:00,0.06790345348417759
2026-08-22 02:36:00,0.06790345348417759
2026-08-22 02:37:00,0.06790345348417759
2026-08-22 02:38:00,0.06790345348417759
2026-08-22 02:39:00,0.06790345348417759
2026-08-22 02:40:00,0.059583283960819244
2026-08-22 02:41:00,0.059583283960819244
2026-08-22 02:42:00,0.059583283960819244
2026-08-22 02:43:00,0.059583283960819244
2026-08-22 02:44:00,0.059583283960819244
2026-08-22 02:45:00,0.04875561688095331
2026-08-22 02:46:00,0.04875561688095331
2026-08-22 02:47:00,0.04875561688095331
2026-08-22 02:48:00,0.04875561688095331
2026-08-22 02:49:00,0.04875561688095331
2026-08-22 02:50:00,0.04196321498602629
2026-08-22 02:51:00,0.04196321498602629
2026-08-22 02:52:00,0.04196321498602629
2026-08-22 02:53:00,0.04196321498602629
2026-08-22 02:54:00,0.04196321498602629
2026-08-22 02:55:00,0.04179988242685795
2026-08-22 02:56:00,0.04179988242685795
2026-08-22 02:57:00,0.04179988242685795
2026-08-22 02:58:00,0.04179988242685795
2026-08-22 02:59:00,0.04179988242685795
2026-08-22 03:00:00,0.04491938278079033
2026-08-22 03:01:00,0.04491938278079033
2026-08-22 03:02:00,0.04491938278079033
2026-08-22 03:03:00,0.04491938278079033
2026-08-22 03:04:00,0.04491938278079033
2026-08-22 03:05:00,0.05242347810417414
2026-08-22 03:06:00,0.05242347810417414
2026-08-22 03:07:00,0.05242347810417414
2026-08-22 03:08:00,0.05242347810417414
2026-08-22 03:09:00,0.05242347810417414
2026-08-22 03:10:00,0.056314317509531975
2026-08-22 03:11:00,0.056314317509531975
2026-08-22 03:12:00,0.056314317509531975
2026-08-22 03:13:00,0.056314317509531975
2026-08-22 03:14:00,0.056314317509531975
2026-08-22 03:15:00,0.06288574729114771
2026-08-22 03:16:00,0.06288574729114771
2026-08-22 03:17:00,0.06288574729114771
2026-08-22 03:18:00,0.06288574729114771
2026-08-22 03:19:00,0.06288574729114771
2026-08-22 03:20:00,0.07514567766338587
2026-08-22 03:21:00,0.07514567766338587
2026-08-22 03:22:00,0.07514567766338587
2026-08-22 03:23:00,0.07514567766338587
2026-08-22 03:24:00,0.07514567766338587
2026-08-22 03:25:00,0.08667296450585127
2026-08-22 03:26:00,0.08667296450585127
2026-08-22 03:27:00,0.08667296450585127
2026-08-22 03:28:00,0.08667296450585127
2026-08-22 03:29:00,0.08667296450585127
2026-08-22 03:30:00,0.10161984711885452
2026-08-22 03:31:00,0.10161984711885452
2026-08-22 03:32:00,0.10161984711885452
2026-08-22 03:33:00,0.10161984711885452
2026-08-22 03:34:00,0.10161984711885452
2026-08-22 03:35:00,0.11090704426169395
2026-08-22 03:36:00,0.11090704426169395
2026-08-22 03:37:00,0.11090704426169395
2026-08-22 03:38:00,0.11090704426169395
2026-08-22 03:39:00,0.11090704426169395
2026-08-22 03:40:00,0.10822238400578499
2026-08-22 03:41:00,0.10822238400578499
2026-08-22 03:42:00,0.10822238400578499
2026-08-22 03:43:00,0.10822238400578499
2026-08-22 03:44:00,0.10822238400578499
2026-08-22 03:45:00,0.10650122538208961
2026-08-22 03:46:00,0.10650122538208961
2026-08-22 03:47:00,0.10650122538208961
2026-08-22 03:48:00,0.10650122538208961
2026-08-22 03:49:00,0.10650122538208961
2026-08-22 03:50:00,0.09734238311648369
2026-08-22 03:51:00,0.09734238311648369
2026-08-22 03:52:00,0.09734238311648369
2026-08-22 03:53:00,0.09734238311648369
2026-08-22 03:54:00,0.09734238311648369
2026-08-22 03:55:00,0.08319249283522367
2026-08-22 03:56:00,0.08319249283522367
2026-08-22 03:57:00,0.08319249283522367
2026-08-22 03:58:00,0.08319249283522367
2026-08-22 03:59:00,0.08319249283522367
2026-08-22 04:00:00,0.07153601851314306
2026-08-22 04:01:00,0.07153601851314306
2026-08-22 04:02:00,0.07153601851314306
2026-08-22 04:03:00,0.07153601851314306
2026-08-22 04:04:00,0.07153601851314306
2026-08-22 04:05:00,0.05804645922034979
2026-08-22 04:06:00,0.05804645922034979
2026-08-22 04:07:00,0.05804645922034979
2026-08-22 04:08:00,0.05804645922034979
2026-08-22 04:09:00,0.05804645922034979
2026-08-22 04:10:00,0.050892213359475136
2026-08-22 04:11:00,0.050892213359475136
2026-08-22 04:12:00,0.050892213359475136
2026-08-22 04:13:00,0.050892213359475136
2026-08-22 04:14:00,0.050892213359475136
2026-08-22 04:15:00,0.049229661002755165
2026-08-22 04:16:00,0.049229661002755165
2026-08-22 04:17:00,0.049229661002755165
2026-08-22 04:18:00,0.049229661002755165
2026-08-22 04:19:00,0.049229661002755165
2026-08-22 04:20:00,0.049452077597379684
2026-08-22 04:21:00,0.049452077597379684
2026-08-22 04:22:00,0.049452077597379684
2026-08-22 04:23:00,0.049452077597379684
2026-08-22 04:24:00,0.049452077597379684
2026-08-22 04:25:00,0.051702409982681274
2026-08-22 04:26:00,0.051702409982681274
2026-08-22 04:27:00,0.051702409982681274
2026-08-22 04:28:00,0.051702409982681274
2026-08-22 04:29:00,0.051702409982681274
2026-08-22 04:30:00,0.05290454253554344
2026-08-22 04:31:00,0.05290454253554344
2026-08-22 04:32:00,0.05290454253554344
2026-08-22 04:33:00,0.05290454253554344
2026-08-22 04:34:00,0.05290454253554344
2026-08-22 04:35:00,0.05829147156327963
2026-08-22 04:36:00,0.05829147156327963
2026-08-22 04:37:00,0.05829147156327963
2026-08-22 04:38:00,0.05829147156327963
2026-08-22 04:39:00,0.05829147156327963
2026-08-22 04:40:00,0.1376620763912797
2026-08-22 04:41:00,0.1376620763912797
2026-08-22 04:42:00,0.1376620763912797
2026-08-22 04:43:00,0.1376620763912797
2026-08-22 04:44:00,0.1376620763912797
2026-08-22 04:45:00,0.21498838160187006
2026-08-22 04:46:00,0.21498838160187006
2026-08-22 04:47:00,0.21498838160187006
2026-08-22 04:48:00,0.21498838160187006
2026-08-22 04:49:00,0.21498838160187006
2026-08-22 04:50:00,0.29414571449160576
2026-08-22 04:51:00,0.29414571449160576
2026-08-22 04:52:00,0.29414571449160576
2026-08-22 04:53:00,0.29414571449160576
2026-08-22 04:54:00,0.29414571449160576
2026-08-22 04:55:00,0.3682766854763031
2026-08-22 04:56:00,0.3682766854763031
2026-08-22 04:57:00,0.3682766854763031
2026-08-22 04:58:00,0.3682766854763031
2026-08-22 04:59:00,0.3682766854763031
2026-08-22 05:00:00,0.29243793338537216
2026-08-22 05:01:00,0.29243793338537216
2026-08-22 05:02:00,0.29243793338537216
2026-08-22 05:03:00,0.29243793338537216
2026-08-22 05:04:00,0.29243793338537216
2026-08-22 05:05:00,0.2145158713683486
2026-08-22 05:06:00,0.2145158713683486
2026-08-22 05:07:00,0.2145158713683486
2026-08-22 05:08:00,0.2145158713683486
2026-08-22 05:09:00,0.2145158713683486
2026-08-22 05:10:00,0.13244894426316023
2026-08-22 05:11:00,0.13244894426316023
2026-08-22 05:12:00,0.13244894426316023
2026-08-22 05:13:00,0.13244894426316023
2026-08-22 05:14:00,0.13244894426316023
2026-08-22 05:15:00,0.05576991755515337
2026-08-22 05:16:00,0.05576991755515337
2026-08-22 05:17:00,0.05576991755515337
2026-08-22 05:18:00,0.05576991755515337
2026-08-22 05:19:00,0.05576991755515337
2026-08-22 05:20:00,0.061929709278047085
2026-08-22 05:21:00,0.061929709278047085
2026-08-22 05:22:00,0.061929709278047085
2026-08-22 05:23:00,0.061929709278047085
2026-08-22 05:24:00,0.061929709278047085
2026-08-22 05:25:00,0.13989302515983582
2026-08-22 05:26:00,0.13989302515983582
2026-08-22 05:27:00,0.13989302515983582
2026-08-22 05:28:00,0.13989302515983582
2026-08-22 05:29:00,0.13989302515983582
2026-08-22 05:30:00,0.22229400649666786
2026-08-22 05:31:00,0.22229400649666786
2026-08-22 05:32:00,0.22229400649666786
2026-08-22 05:33:00,0.22229400649666786
2026-08-22 05:34:00,0.22229400649666786
2026-08-22 05:35:00,0.2967776898294687
2026-08-22 05:36:00,0.2967776898294687
2026-08-22 05:37:00,0.2967776898294687
2026-08-22 05:38:00,0.2967776898294687
2026-08-22 05:39:00,0.2967776898294687
2026-08-22 05:40:00,0.3648946136236191
2026-08-22 05:41:00,0.3648946136236191
2026-08-22 05:42:00,0.3648946136236191
2026-08-22 05:43:00,0.3648946136236191
2026-08-22 05:44:00,0.3648946136236191
2026-08-22 05:45:00,0.43691661953926086
2026-08-22 05:46:00,0.43691661953926086
2026-08-22 05:47:00,0.43691661953926086
2026-08-22 05:48:00,0.43691661953926086
2026-08-22 05:49:00,0.43691661953926086
2026-08-22 05:50:00,0.6879928335547447
2026-08-22 05:51:00,0.6879928335547447
2026-08-22 05:52:00,0.6879928335547447
2026-08-22 05:53:00,0.6879928335547447
2026-08-22 05:54:00,0.6879928335547447
2026-08-22 05:55:00,0.9215202331542969
2026-08-22 05:56:00,0.9215202331542969
2026-08-22 05:57:00,0.9215202331542969
2026-08-22 05:58:00,0.9215202331542969
2026-08-22 05:59:00,0.9215202331542969
2026-08-22 06:00:00,1.156409114599228
2026-08-22 06:01:00,1.156409114599228
2026-08-22 06:02:00,1.156409114599228
2026-08-22 06:03:00,1.156409114599228
2026-08-22 06:04:00,1.156409114599228
2026-08-22 06:05:00,1.3154552578926086
2026-08-22 06:06:00,1.3154552578926086
2026-08-22 06:07:00,1.3154552578926086
2026-08-22 06:08:00,1.3154552578926086
2026-08-22 06:09:00,1.3154552578926086
2026-08-22 06:10:00,1.222180038690567
2026-08-22 06:11:00,1.222180038690567
2026-08-22 06:12:00,1.222180038690567
2026-08-22 06:13:00,1.222180038690567
2026-08-22 06:14:00,1.222180038690567
2026-08-22 06:15:00,1.1299887895584106
2026-08-22 06:16:00,1.1299887895584106
2026-08-22 06:17:00,1.1299887895584106
2026-08-22 06:18:00,1.1299887895584106
2026-08-22 06:19:00,1.1299887895584106
2026-08-22 06:20:00,1.036865547299385
2026-08-22 06:21:00,1.036865547299385
2026-08-22 06:22:00,1.036865547299385
2026-08-22 06:23:00,1.036865547299385
2026-08-22 06:24:00,1.036865547299385
2026-08-22 06:25:00,0.9453821033239365
2026-08-22 06:26:00,0.9453821033239365
2026-08-22 06:27:00,0.9453821033239365
2026-08-22 06:28:00,0.9453821033239365
2026-08-22 06:29:00,0.9453821033239365
2026-08-22 06:30:00,0.926152229309082
2026-08-22 06:31:00,0.926152229309082
2026-08-22 06:32:00,0.926152229309082
2026-08-22 06:33:00,0.926152229309082
2026-08-22 06:34:00,0.926152229309082
2026-08-22 06:35:00,0.9392460584640503
2026-08-22 06:36:00,0.9392460584640503
2026-08-22 06:37:00,0.9392460584640503
2026-08-22 06:38:00,0.9392460584640503
2026-08-22 06:39:00,0.9392460584640503
2026-08-22 06:40:00,0.7425875961780548
2026-08-22 06:41:00,0.7425875961780548
2026-08-22 06:42:00,0.7425875961780548
2026-08-22 06:43:00,0.7425875961780548
2026-08-22 06:44:00,0.7425875961780548
2026-08-22 06:45:00,0.5460755378007889
2026-08-22 06:46:00,0.5460755378007889
2026-08-22 06:47:00,0.5460755378007889
2026-08-22 06:48:00,0.5460755378007889
2026-08-22 06:49:00,0.5460755378007889
2026-08-22 06:50:00,0.3472650833427906
2026-08-22 06:51:00,0.3472650833427906
2026-08-22 06:52:00,0.3472650833427906
2026-08-22 06:53:00,0.3472650833427906
2026-08-22 06:54:00,0.3472650833427906
2026-08-22 06:55:00,0.1337080467492342
2026-08-22 06:56:00,0.1337080467492342
2026-08-22 06:57:00,0.1337080467492342
2026-08-22 06:58:00,0.1337080467492342
2026-08-22 06:59:00,0.1337080467492342
2026-08-22 07:00:00,0.13030587695538998
2026-08-22 07:01:00,0.13030587695538998
2026-08-22 07:02:00,0.13030587695538998
2026-08-22 07:03:00,0.13030587695538998
2026-08-22 07:04:00,0.13030587695538998
2026-08-22 07:05:00,0.12737091071903706
2026-08-22 07:06:00,0.12737091071903706
2026-08-22 07:07:00,0.12737091071903706
2026-08-22 07:08:00,0.12737091071903706
2026-08-22 07:09:00,0.12737091071903706
2026-08-22 07:10:00,0.11627463065087795
2026-08-22 07:11:00,0.11627463065087795
2026-08-22 07:12:00,0.11627463065087795
2026-08-22 07:13:00,0.11627463065087795
2026-08-22 07:14:00,0.11627463065087795
2026-08-22 07:15:00,0.10141717083752155
2026-08-22 07:16:00,0.10141717083752155
2026-08-22 07:17:00,0.10141717083752155
2026-08-22 07:18:00,0.10141717083752155
2026-08-22 07:19:00,0.10141717083752155
2026-08-22 07:20:00,0.09388103894889355
2026-08-22 07:21:00,0.09388103894889355
2026-08-22 07:22:00,0.09388103894889355
2026-08-22 07:23:00,0.09388103894889355
2026-08-22 07:24:00,0.09388103894889355
2026-08-22 07:25:00,0.0883729699999094
2026-08-22 07:26:00,0.0883729699999094
2026-08-22 07:27:00,0.0883729699999094
2026-08-22 07:28:00,0.0883729699999094
2026-08-22 07:29:00,0.0883729699999094
2026-08-22 07:30:00,0.09358596988022327
2026-08-22 07:31:00,0.09358596988022327
2026-08-22 07:32:00,0.09358596988022327
2026-08-22 07:33:00,0.09358596988022327
2026-08-22 07:34:00,0.09358596988022327
2026-08-22 07:35:00,0.10786694660782814
2026-08-22 07:36:00,0.10786694660782814
2026-08-22 07:37:00,0.10786694660782814
2026-08-22 07:38:00,0.10786694660782814
2026-08-22 07:39:00,0.10786694660782814
2026-08-22 07:40:00,0.10379985347390175
2026-08-22 07:41:00,0.10379985347390175
2026-08-22 07:42:00,0.10379985347390175
2026-08-22 07:43:00,0.10379985347390175
2026-08-22 07:44:00,0.10379985347390175
2026-08-22 07:45:00,0.09423747099936008
2026-08-22 07:46:00,0.09423747099936008
2026-08-22 07:47:00,0.09423747099936008
2026-08-22 07:48:00,0.09423747099936008
2026-08-22 07:49:00,0.09423747099936008
2026-08-22 07:50:00,0.0803940948098898
2026-08-22 07:51:00,0.0803940948098898
2026-08-22 07:52:00,0.0803940948098898
2026-08-22 07:53:00,0.0803940948098898
2026-08-22 07:54:00,0.0803940948098898
2026-08-22 07:55:00,0.06337839923799038
2026-08-22 07:56:00,0.06337839923799038
2026-08-22 07:57:00,0.06337839923799038
2026-08-22 07:58:00,0.06337839923799038
2026-08-22 07:59:00,0.06337839923799038
2026-08-22 08:00:00,0.05497179180383682
2026-08-22 08:01:00,0.05497179180383682
2026-08-22 08:02:00,0.05497179180383682
2026-08-22 08:03:00,0.05497179180383682
2026-08-22 08:04:00,0.05497179180383682
2026-08-22 08:05:00,0.13887830264866352
2026-08-22 08:06:00,0.13887830264866352
2026-08-22 08:07:00,0.13887830264866352
2026-08-22 08:08:00,0.13887830264866352
2026-08-22 08:09:00,0.13887830264866352
2026-08-22 08:10:00,0.2255792822688818
2026-08-22 08:11:00,0.2255792822688818
2026-08-22 08:12:00,0.2255792822688818
2026-08-22 08:13:00,0.2255792822688818
2026-08-22 08:14:00,0.2255792822688818
2026-08-22 08:15:00,0.41183499433100224
2026-08-22 08:16:00,0.41183499433100224
2026-08-22 08:17:00,0.41183499433100224
2026-08-22 08:18:00,0.41183499433100224
2026-08-22 08:19:00,0.41183499433100224
2026-08-22 08:20:00,0.6001684591174126
2026-08-22 08:21:00,0.6001684591174126
2026-08-22 08:22:00,0.6001684591174126
2026-08-22 08:23:00,0.6001684591174126
2026-08-22 08:24:00,0.6001684591174126
2026-08-22 08:25:00,0.6996355056762695
2026-08-22 08:26:00,0.6996355056762695
2026-08-22 08:27:00,0.6996355056762695
2026-08-22 08:28:00,0.6996355056762695
2026-08-22 08:29:00,0.6996355056762695
2026-08-22 08:30:00,0.8001682013273239
2026-08-22 08:31:00,0.8001682013273239
2026-08-22 08:32:00,0.8001682013273239
2026-08-22 08:33:00,0.8001682013273239
2026-08-22 08:34:00,0.8001682013273239
2026-08-22 08:35:00,0.6166957747191191
2026-08-22 08:36:00,0.6166957747191191
2026-08-22 08:37:00,0.6166957747191191
2026-08-22 08:38:00,0.6166957747191191
2026-08-22 08:39:00,0.6166957747191191
2026-08-22 08:40:00,0.4366483334451914
2026-08-22 08:41:00,0.4366483334451914
2026-08-22 08:42:00,0.4366483334451914
2026-08-22 08:43:00,0.4366483334451914
2026-08-22 08:44:00,0.4366483334451914
2026-08-22 08:45:00,0.25255594588816166
2026-08-22 08:46:00,0.25255594588816166
2026-08-22 08:47:00,0.25255594588816166
2026-08-22 08:48:00,0.25255594588816166
2026-08-22 08:49:00,0.25255594588816166
2026-08-22 08:50:00,0.06928418576717377
2026-08-22 08:51:00,0.06928418576717377
2026-08-22 08:52:00,0.06928418576717377
2026-08-22 08:53:00,0.06928418576717377
2026-08-22 08:54:00,0.06928418576717377
2026-08-22 08:55:00,0.06933418288826942
2026-08-22 08:56:00,0.06933418288826942
2026-08-22 08:57:00,0.06933418288826942
2026-08-22 08:58:00,0.06933418288826942
2026-08-22 08:59:00,0.06933418288826942
2026-08-22 09:00:00,0.06522064842283726
2026-08-22 09:01:00,0.06522064842283726
2026-08-22 09:02:00,0.06522064842283726
2026-08-22 09:03:00,0.06522064842283726
2026-08-22 09:04:00,0.06522064842283726
2026-08-22 09:05:00,0.06477659568190575
2026-08-22 09:06:00,0.06477659568190575
2026-08-22 09:07:00,0.06477659568190575
2026-08-22 09:08:00,0.06477659568190575
2026-08-22 09:09:00,0.06477659568190575
2026-08-22 09:10:00,0.06547428108751774
2026-08-22 09:11:00,0.06547428108751774
2026-08-22 09:12:00,0.06547428108751774
2026-08-22 09:13:00,0.06547428108751774
2026-08-22 09:14:00,0.06547428108751774
2026-08-22 09:15:00,0.06841756962239742
2026-08-22 09:16:00,0.06841756962239742
2026-08-22 09:17:00,0.06841756962239742
2026-08-22 09:18:00,0.06841756962239742
2026-08-22 09:19:00,0.06841756962239742
2026-08-22 09:20:00,0.07441730611026287
2026-08-22 09:21:00,0.07441730611026287
2026-08-22 09:22:00,0.07441730611026287
2026-08-22 09:23:00,0.07441730611026287
2026-08-22 09:24:00,0.07441730611026287
2026-08-22 09:25:00,0.07517664507031441
2026-08-22 09:26:00,0.07517664507031441
2026-08-22 09:27:00,0.07517664507031441
2026-08-22 09:28:00,0.07517664507031441
2026-08-22 09:29:00,0.07517664507031441
2026-08-22 09:30:00,0.07172500062733889
2026-08-22 09:31:00,0.07172500062733889
2026-08-22 09:32:00,0.07172500062733889
2026-08-22 09:33:00,0.07172500062733889
2026-08-22 09:34:00,0.07172500062733889
2026-08-22 09:35:00,0.06646206229925156
2026-08-22 09:36:00,0.06646206229925156
2026-08-22 09:37:00,0.06646206229925156
2026-08-22 09:38:00,0.06646206229925156
2026-08-22 09:39:00,0.06646206229925156
2026-08-22 09:40:00,0.0608980655670166
2026-08-22 09:41:00,0.0608980655670166
2026-08-22 09:42:00,0.0608980655670166
2026-08-22 09:43:00,0.0608980655670166
2026-08-22 09:44:00,0.0608980655670166
2026-08-22 09:45:00,0.0570130730047822
2026-08-22 09:46:00,0.0570130730047822
2026-08-22 09:47:00,0.0570130730047822
2026-08-22 09:48:00,0.0570130730047822
2026-08-22 09:49:00,0.0570130730047822
2026-08-22 09:50:00,0.05438193306326866
2026-08-22 09:51:00,0.05438193306326866
2026-08-22 09:52:00,0.05438193306326866
2026-08-22 09:53:00,0.05438193306326866
2026-08-22 09:54:00,0.05438193306326866
2026-08-22 09:55:00,0.05097707360982895
2026-08-22 09:56:00,0.05097707360982895
2026-08-22 09:57:00,0.05097707360982895
2026-08-22 09:58:00,0.05097707360982895
2026-08-22 09:59:00,0.05097707360982895
2026-08-22 10:00:00,0.04494491219520569
2026-08-22 10:01:00,0.04494491219520569
2026-08-22 10:02:00,0.04494491219520569
2026-08-22 10:03:00,0.04494491219520569
2026-08-22 10:04:00,0.04494491219520569
2026-08-22 10:05:00,0.04099802486598492
2026-08-22 10:06:00,0.04099802486598492
2026-08-22 10:07:00,0.04099802486598492
2026-08-22 10:08:00,0.04099802486598492
2026-08-22 10:09:00,0.04099802486598492
2026-08-22 10:10:00,0.03965744748711586
2026-08-22 10:11:00,0.03965744748711586
2026-08-22 10:12:00,0.03965744748711586
2026-08-22 10:13:00,0.03965744748711586
2026-08-22 10:14:00,0.03965744748711586
2026-08-22 10:15:00,0.040433851070702076
2026-08-22 10:16:00,0.040433851070702076
2026-08-22 10:17:00,0.040433851070702076
2026-08-22 10:18:00,0.040433851070702076
2026-08-22 10:19:00,0.040433851070702076
2026-08-22 10:20:00,0.04279257729649544
2026-08-22 10:21:00,0.04279257729649544
2026-08-22 10:22:00,0.04279257729649544
2026-08-22 10:23:00,0.04279257729649544
2026-08-22 10:24:00,0.04279257729649544
2026-08-22 10:25:00,0.047508470714092255
2026-08-22 10:26:00,0.047508470714092255
2026-08-22 10:27:00,0.047508470714092255
2026-08-22 10:28:00,0.047508470714092255
2026-08-22 10:29:00,0.047508470714092255
2026-08-22 10:30:00,0.05215740017592907
2026-08-22 10:31:00,0.05215740017592907
2026-08-22 10:32:00,0.05215740017592907
2026-08-22 10:33:00,0.05215740017592907
2026-08-22 10:34:00,0.05215740017592907
2026-08-22 10:35:00,0.058516766875982285
2026-08-22 10:36:00,0.058516766875982285
2026-08-22 10:37:00,0.058516766875982285
2026-08-22 10:38:00,0.058516766875982285
2026-08-22 10:39:00,0.058516766875982285
2026-08-22 10:40:00,0.06527927983552217
2026-08-22 10:41:00,0.06527927983552217
2026-08-22 10:42:00,0.06527927983552217
2026-08-22 10:43:00,0.06527927983552217
2026-08-22 10:44:00,0.06527927983552217
2026-08-22 10:45:00,0.07576128467917442
2026-08-22 10:46:00,0.07576128467917442
2026-08-22 10:47:00,0.07576128467917442
2026-08-22 10:48:00,0.07576128467917442
2026-08-22 10:49:00,0.07576128467917442
2026-08-22 10:50:00,0.08465852029621601
2026-08-22 10:51:00,0.08465852029621601
2026-08-22 10:52:00,0.08465852029621601
2026-08-22 10:53:00,0.08465852029621601
2026-08-22 10:54:00,0.08465852029621601
2026-08-22 10:55:00,0.08339841850101948
2026-08-22 10:56:00,0.08339841850101948
2026-08-22 10:57:00,0.08339841850101948
2026-08-22 10:58:00,0.08339841850101948
2026-08-22 10:59:00,0.08339841850101948
2026-08-22 11:00:00,0.07902230508625507
2026-08-22 11:01:00,0.07902230508625507
2026-08-22 11:02:00,0.07902230508625507
2026-08-22 11:03:00,0.07902230508625507
2026-08-22 11:04:00,0.07902230508625507
2026-08-22 11:05:00,0.07033219002187252
2026-08-22 11:06:00,0.07033219002187252
2026-08-22 11:07:00,0.07033219002187252
2026-08-22 11:08:00,0.07033219002187252
2026-08-22 11:09:00,0.07033219002187252
2026-08-22 11:10:00,0.06233888864517212
2026-08-22 11:11:00,0.06233888864517212
2026-08-22 11:12:00,0.06233888864517212
2026-08-22 11:13:00,0.06233888864517212
2026-08-22 11:14:00,0.06233888864517212
2026-08-22 11:15:00,0.059629470109939575
2026-08-22 11:16:00,0.059629470109939575
2026-08-22 11:17:00,0.059629470109939575
2026-08-22 11:18:00,0.059629470109939575
2026-08-22 11:19:00,0.059629470109939575
2026-08-22 11:20:00,0.055041590705513954
2026-08-22 11:21:00,0.055041590705513954
2026-08-22 11:22:00,0.055041590705513954
2026-08-22 11:23:00,0.055041590705513954
2026-08-22 11:24:00,0.055041590705513954
2026-08-22 11:25:00,0.04907142370939255
2026-08-22 11:26:00,0.04907142370939255
2026-08-22 11:27:00,0.04907142370939255
2026-08-22 11:28:00,0.04907142370939255
2026-08-22 11:29:00,0.04907142370939255
2026-08-22 11:30:00,0.04428531788289547
2026-08-22 11:31:00,0.04428531788289547
2026-08-22 11:32:00,0.04428531788289547
2026-08-22 11:33:00,0.04428531788289547
2026-08-22 11:34:00,0.04428531788289547
2026-08-22 11:35:00,0.041277206502854824
2026-08-22 11:36:00,0.041277206502854824
2026-08-22 11:37:00,0.041277206502854824
2026-08-22 11:38:00,0.041277206502854824
2026-08-22 11:39:00,0.041277206502854824
2026-08-22 11:40:00,0.04414243530482054
2026-08-22 11:41:00,0.04414243530482054
2026-08-22 11:42:00,0.04414243530482054
2026-08-22 11:43:00,0.04414243530482054
2026-08-22 11:44:00,0.04414243530482054
2026-08-22 11:45:00,0.04701655451208353
2026-08-22 11:46:00,0.04701655451208353
2026-08-22 11:47:00,0.04701655451208353
2026-08-22 11:48:00,0.04701655451208353
2026-08-22 11:49:00,0.04701655451208353
2026-08-22 11:50:00,0.04639216233044863
2026-08-22 11:51:00,0.04639216233044863
2026-08-22 11:52:00,0.04639216233044863
2026-08-22 11:53:00,0.04639216233044863
2026-08-22 11:54:00,0.04639216233044863
2026-08-22 11:55:00,0.04874356463551521
2026-08-22 11:56:00,0.04874356463551521
2026-08-22 11:57:00,0.04874356463551521
2026-08-22 11:58:00,0.04874356463551521
2026-08-22 11:59:00,0.04874356463551521
2026-08-22 12:00:00,0.05392196960747242
2026-08-22 12:01:00,0.05392196960747242
2026-08-22 12:02:00,0.05392196960747242
2026-08-22 12:03:00,0.05392196960747242
2026-08-22 12:04:00,0.05392196960747242
2026-08-22 12:05:00,0.06247434951364994
2026-08-22 12:06:00,0.06247434951364994
2026-08-22 12:07:00,0.06247434951364994
2026-08-22 12:08:00,0.06247434951364994
2026-08-22 12:09:00,0.06247434951364994
2026-08-22 12:10:00,0.07242964766919613
2026-08-22 12:11:00,0.07242964766919613
2026-08-22 12:12:00,0.07242964766919613
2026-08-22 12:13:00,0.07242964766919613
2026-08-22 12:14:00,0.07242964766919613
2026-08-22 12:15:00,0.07231682725250721
2026-08-22 12:16:00,0.07231682725250721
2026-08-22 12:17:00,0.07231682725250721
2026-08-22 12:18:00,0.07231682725250721
2026-08-22 12:19:00,0.07231682725250721
2026-08-22 12:20:00,0.06813451368361712
2026-08-22 12:21:00,0.06813451368361712
2026-08-22 12:22:00,0.06813451368361712
2026-08-22 12:23:00,0.06813451368361712
2026-08-22 12:24:00,0.06813451368361712
2026-08-22 12:25:00,0.1501036612316966
2026-08-22 12:26:00,0.1501036612316966
2026-08-22 12:27:00,0.1501036612316966
2026-08-22 12:28:00,0.1501036612316966
2026-08-22 12:29:00,0.1501036612316966
2026-08-22 12:30:00,0.23502484802156687
2026-08-22 12:31:00,0.23502484802156687
2026-08-22 12:32:00,0.23502484802156687
2026-08-22 12:33:00,0.23502484802156687
2026-08-22 12:34:00,0.23502484802156687
2026-08-22 12:35:00,0.3280714759603143
2026-08-22 12:36:00,0.3280714759603143
2026-08-22 12:37:00,0.3280714759603143
2026-08-22 12:38:00,0.3280714759603143
2026-08-22 12:39:00,0.3280714759603143
2026-08-22 12:40:00,0.41986823827028275
2026-08-22 12:41:00,0.41986823827028275
2026-08-22 12:42:00,0.41986823827028275
2026-08-22 12:43:00,0.41986823827028275
2026-08-22 12:44:00,0.41986823827028275
2026-08-22 12:45:00,0.33911767415702343
2026-08-22 12:46:00,0.33911767415702343
2026-08-22 12:47:00,0.33911767415702343
2026-08-22 12:48:00,0.33911767415702343
2026-08-22 12:49:00,0.33911767415702343
2026-08-22 12:50:00,0.25138575583696365
2026-08-22 12:51:00,0.25138575583696365
2026-08-22 12:52:00,0.25138575583696365
2026-08-22 12:53:00,0.25138575583696365
2026-08-22 12:54:00,0.25138575583696365
2026-08-22 12:55:00,0.16090304870158434
2026-08-22 12:56:00,0.16090304870158434
2026-08-22 12:57:00,0.16090304870158434
2026-08-22 12:58:00,0.16090304870158434
2026-08-22 12:59:00,0.16090304870158434
2026-08-22 13:00:00,0.06950218975543976
2026-08-22 13:01:00,0.06950218975543976
2026-08-22 13:02:00,0.06950218975543976
2026-08-22 13:03:00,0.06950218975543976
2026-08-22 13:04:00,0.06950218975543976
2026-08-22 13:05:00,0.06281804665923119
2026-08-22 13:06:00,0.06281804665923119
2026-08-22 13:07:00,0.06281804665923119
2026-08-22 13:08:00,0.06281804665923119
2026-08-22 13:09:00,0.06281804665923119
2026-08-22 13:10:00,0.06004235614091158
2026-08-22 13:11:00,0.06004235614091158
2026-08-22 13:12:00,0.06004235614091158
2026-08-22 13:13:00,0.06004235614091158
2026-08-22 13:14:00,0.06004235614091158
2026-08-22 13:15:00,0.05744171515107155
2026-08-22 13:16:00,0.05744171515107155
2026-08-22 13:17:00,0.05744171515107155
2026-08-22 13:18:00,0.05744171515107155
2026-08-22 13:19:00,0.05744171515107155
2026-08-22 13:20:00,0.052134137600660324
2026-08-22 13:21:00,0.052134137600660324
2026-08-22 13:22:00,0.052134137600660324
2026-08-22 13:23:00,0.052134137600660324
2026-08-22 13:24:00,0.052134137600660324
2026-08-22 13:25:00,0.04720305185765028
2026-08-22 13:26:00,0.04720305185765028
2026-08-22 13:27:00,0.04720305185765028
2026-08-22 13:28:00,0.04720305185765028
2026-08-22 13:29:00,0.04720305185765028
2026-08-22 13:30:00,0.04188433941453695
2026-08-22 13:31:00,0.04188433941453695
2026-08-22 13:32:00,0.04188433941453695
2026-08-22 13:33:00,0.04188433941453695
2026-08-22 13:34:00,0.04188433941453695
2026-08-22 13:35:00,0.04134180583059788
2026-08-22 13:36:00,0.04134180583059788
2026-08-22 13:37:00,0.04134180583059788
2026-08-22 13:38:00,0.04134180583059788
2026-08-22 13:39:00,0.04134180583059788
2026-08-22 13:40:00,0.044147659093141556
2026-08-22 13:41:00,0.044147659093141556
2026-08-22 13:42:00,0.044147659093141556
2026-08-22 13:43:00,0.044147659093141556
2026-08-22 13:44:00,0.044147659093141556
2026-08-22 13:45:00,0.04774429276585579
2026-08-22 13:46:00,0.04774429276585579
2026-08-22 13:47:00,0.04774429276585579
2026-08-22 13:48:00,0.04774429276585579
2026-08-22 13:49:00,0.04774429276585579
2026-08-22 13:50:00,0.05637702997773886
2026-08-22 13:51:00,0.05637702997773886
2026-08-22 13:52:00,0.05637702997773886
2026-08-22 13:53:00,0.05637702997773886
2026-08-22 13:54:00,0.05637702997773886
2026-08-22 13:55:00,0.06181037425994873
2026-08-22 13:56:00,0.06181037425994873
2026-08-22 13:57:00,0.06181037425994873
2026-08-22 13:58:00,0.06181037425994873
2026-08-22 13:59:00,0.06181037425994873
2026-08-22 14:00:00,0.06689827237278223
2026-08-22 14:01:00,0.06689827237278223
2026-08-22 14:02:00,0.06689827237278223
2026-08-22 14:03:00,0.06689827237278223
2026-08-22 14:04:00,0.06689827237278223
2026-08-22 14:05:00,0.06929363682866096
2026-08-22 14:06:00,0.06929363682866096
2026-08-22 14:07:00,0.06929363682866096
2026-08-22 14:08:00,0.06929363682866096
2026-08-22 14:09:00,0.06929363682866096
2026-08-22 14:10:00,0.06787324696779251
2026-08-22 14:11:00,0.06787324696779251
2026-08-22 14:12:00,0.06787324696779251
2026-08-22 14:13:00,0.06787324696779251
2026-08-22 14:14:00,0.06787324696779251
2026-08-22 14:15:00,0.10261959210038185
2026-08-22 14:16:00,0.10261959210038185
2026-08-22 14:17:00,0.10261959210038185
2026-08-22 14:18:00,0.10261959210038185
2026-08-22 14:19:00,0.10261959210038185
2026-08-22 14:20:00,0.13659448362886906
2026-08-22 14:21:00,0.13659448362886906
2026-08-22 14:22:00,0.13659448362886906
2026-08-22 14:23:00,0.13659448362886906
2026-08-22 14:24:00,0.13659448362886906
2026-08-22 14:25:00,0.16907201893627644
2026-08-22 14:26:00,0.16907201893627644
2026-08-22 14:27:00,0.16907201893627644
2026-08-22 14:28:00,0.16907201893627644
2026-08-22 14:29:00,0.16907201893627644
2026-08-22 14:30:00,0.20218918845057487
2026-08-22 14:31:00,0.20218918845057487
2026-08-22 14:32:00,0.20218918845057487
2026-08-22 14:33:00,0.20218918845057487
2026-08-22 14:34:00,0.20218918845057487
2026-08-22 14:35:00,0.15878551825881004
2026-08-22 14:36:00,0.15878551825881004
2026-08-22 14:37:00,0.15878551825881004
2026-08-22 14:38:00,0.15878551825881004
2026-08-22 14:39:00,0.15878551825881004
2026-08-22 14:40:00,0.11726094223558903
2026-08-22 14:41:00,0.11726094223558903
2026-08-22 14:42:00,0.11726094223558903
2026-08-22 14:43:00,0.11726094223558903
2026-08-22 14:44:00,0.11726094223558903
2026-08-22 14:45:00,0.07726958114653826
2026-08-22 14:46:00,0.07726958114653826
2026-08-22 14:47:00,0.07726958114653826
2026-08-22 14:48:00,0.07726958114653826
2026-08-22 14:49:00,0.07726958114653826
2026-08-22 14:50:00,0.037685299292206764
2026-08-22 14:51:00,0.037685299292206764
2026-08-22 14:52:00,0.037685299292206764
2026-08-22 14:53:00,0.037685299292206764
2026-08-22 14:54:00,0.037685299292206764
2026-08-22 14:55:00,0.04042052198201418
2026-08-22 14:56:00,0.04042052198201418
2026-08-22 14:57:00,0.04042052198201418
2026-08-22 14:58:00,0.04042052198201418
2026-08-22 14:59:00,0.04042052198201418
2026-08-22 15:00:00,0.04240661393851042
2026-08-22 15:01:00,0.04240661393851042
2026-08-22 15:02:00,0.04240661393851042
2026-08-22 15:03:00,0.04240661393851042
2026-08-22 15:04:00,0.04240661393851042
2026-08-22 15:05:00,0.04945896752178669
2026-08-22 15:06:00,0.04945896752178669
2026-08-22 15:07:00,0.04945896752178669
2026-08-22 15:08:00,0.04945896752178669
2026-08-22 15:09:00,0.04945896752178669
2026-08-22 15:10:00,0.055745611898601055
2026-08-22 15:11:00,0.055745611898601055
2026-08-22 15:12:00,0.055745611898601055
2026-08-22 15:13:00,0.055745611898601055
2026-08-22 15:14:00,0.055745611898601055
2026-08-22 15:15:00,0.06348109617829323
2026-08-22 15:16:00,0.06348109617829323
2026-08-22 15:17:00,0.06348109617829323
2026-08-22 15:18:00,0.06348109617829323
2026-08-22 15:19:00,0.06348109617829323
2026-08-22 15:20:00,0.0724112968891859
2026-08-22 15:21:00,0.0724112968891859
2026-08-22 15:22:00,0.0724112968891859
2026-08-22 15:23:00,0.0724112968891859
2026-08-22 15:24:00,0.0724112968891859
2026-08-22 15:25:00,0.07629055716097355
2026-08-22 15:26:00,0.07629055716097355
2026-08-22 15:27:00,0.07629055716097355
2026-08-22 15:28:00,0.07629055716097355
2026-08-22 15:29:00,0.07629055716097355
2026-08-22 15:30:00,0.07701496966183186
2026-08-22 15:31:00,0.07701496966183186
2026-08-22 15:32:00,0.07701496966183186
2026-08-22 15:33:00,0.07701496966183186
2026-08-22 15:34:00,0.07701496966183186
2026-08-22 15:35:00,0.07348582334816456
2026-08-22 15:36:00,0.07348582334816456
2026-08-22 15:37:00,0.07348582334816456
2026-08-22 15:38:00,0.07348582334816456
2026-08-22 15:39:00,0.07348582334816456
2026-08-22 15:40:00,0.07223181240260601
2026-08-22 15:41:00,0.07223181240260601
2026-08-22 15:42:00,0.07223181240260601
2026-08-22 15:43:00,0.07223181240260601
2026-08-22 15:44:00,0.07223181240260601
2026-08-22 15:45:00,0.06761350482702255
2026-08-22 15:46:00,0.06761350482702255
2026-08-22 15:47:00,0.06761350482702255
2026-08-22 15:48:00,0.06761350482702255
2026-08-22 15:49:00,0.06761350482702255
2026-08-22 15:50:00,0.061644366942346096
2026-08-22 15:51:00,0.061644366942346096
2026-08-22 15:52:00,0.061644366942346096
2026-08-22 15:53:00,0.061644366942346096
2026-08-22 15:54:00,0.061644366942346096
2026-08-22 15:55:00,0.05535914655774832
2026-08-22 15:56:00,0.05535914655774832
2026-08-22 15:57:00,0.05535914655774832
2026-08-22 15:58:00,0.05535914655774832
2026-08-22 15:59:00,0.05535914655774832
2026-08-22 16:00:00,0.04448814317584038
2026-08-22 16:01:00,0.04448814317584038
2026-08-22 16:02:00,0.04448814317584038
2026-08-22 16:03:00,0.04448814317584038
2026-08-22 16:04:00,0.04448814317584038
2026-08-22 16:05:00,0.042572989128530025
2026-08-22 16:06:00,0.042572989128530025
2026-08-22 16:07:00,0.042572989128530025
2026-08-22 16:08:00,0.042572989128530025
2026-08-22 16:09:00,0.042572989128530025
2026-08-22 16:10:00,0.04374327324330807
2026-08-22 16:11:00,0.04374327324330807
2026-08-22 16:12:00,0.04374327324330807
2026-08-22 16:13:00,0.04374327324330807
2026-08-22 16:14:00,0.04374327324330807
2026-08-22 16:15:00,0.04588565044105053
2026-08-22 16:16:00,0.04588565044105053
2026-08-22 16:17:00,0.04588565044105053
2026-08-22 16:18:00,0.04588565044105053
2026-08-22 16:19:00,0.04588565044105053
2026-08-22 16:20:00,0.05186441354453564
2026-08-22 16:21:00,0.05186441354453564
2026-08-22 16:22:00,0.05186441354453564
2026-08-22 16:23:00,0.05186441354453564
2026-08-22 16:24:00,0.05186441354453564
2026-08-22 16:25:00,0.05865528341382742
2026-08-22 16:26:00,0.05865528341382742
2026-08-22 16:27:00,0.05865528341382742
2026-08-22 16:28:00,0.05865528341382742
2026-08-22 16:29:00,0.05865528341382742
2026-08-22 16:30:00,0.07014298904687166
2026-08-22 16:31:00,0.07014298904687166
2026-08-22 16:32:00,0.07014298904687166
2026-08-22 16:33:00,0.07014298904687166
2026-08-22 16:34:00,0.07014298904687166
2026-08-22 16:35:00,0.08965202514082193
2026-08-22 16:36:00,0.08965202514082193
2026-08-22 16:37:00,0.08965202514082193
2026-08-22 16:38:00,0.08965202514082193
2026-08-22 16:39:00,0.08965202514082193
2026-08-22 16:40:00,0.10465910844504833
2026-08-22 16:41:00,0.10465910844504833
2026-08-22 16:42:00,0.10465910844504833
2026-08-22 16:43:00,0.10465910844504833
2026-08-22 16:44:00,0.10465910844504833
2026-08-22 16:45:00,0.10339574702084064
2026-08-22 16:46:00,0.10339574702084064
2026-08-22 16:47:00,0.10339574702084064
2026-08-22 16:48:00,0.10339574702084064
2026-08-22 16:49:00,0.10339574702084064
2026-08-22 16:50:00,0.09267565235495567
2026-08-22 16:51:00,0.09267565235495567
2026-08-22 16:52:00,0.09267565235495567
2026-08-22 16:53:00,0.09267565235495567
2026-08-22 16:54:00,0.09267565235495567
2026-08-22 16:55:00,0.07189244218170643
2026-08-22 16:56:00,0.07189244218170643
2026-08-22 16:57:00,0.07189244218170643
2026-08-22 16:58:00,0.07189244218170643
2026-08-22 16:59:00,0.07189244218170643
2026-08-22 17:00:00,0.05505783669650555
2026-08-22 17:01:00,0.05505783669650555
2026-08-22 17:02:00,0.05505783669650555
2026-08-22 17:03:00,0.05505783669650555
2026-08-22 17:04:00,0.05505783669650555
2026-08-22 17:05:00,0.050172329880297184
2026-08-22 17:06:00,0.050172329880297184
2026-08-22 17:07:00,0.050172329880297184
2026-08-22 17:08:00,0.050172329880297184
2026-08-22 17:09:00,0.050172329880297184
2026-08-22 17:10:00,0.05366753879934549
2026-08-22 17:11:00,0.05366753879934549
2026-08-22 17:12:00,0.05366753879934549
2026-08-22 17:13:00,0.05366753879934549
2026-08-22 17:14:00,0.05366753879934549
2026-08-22 17:15:00,0.06138136889785528
2026-08-22 17:16:00,0.06138136889785528
2026-08-22 17:17:00,0.06138136889785528
2026-08-22 17:18:00,0.06138136889785528
2026-08-22 17:19:00,0.06138136889785528
2026-08-22 17:20:00,0.0648768050596118
2026-08-22 17:21:00,0.0648768050596118
2026-08-22 17:22:00,0.0648768050596118
2026-08-22 17:23:00,0.0648768050596118
2026-08-22 17:24:00,0.0648768050596118
2026-08-22 17:25:00,0.31010542437434196
2026-08-22 17:26:00,0.31010542437434196
2026-08-22 17:27:00,0.31010542437434196
2026-08-22 17:28:00,0.31010542437434196
2026-08-22 17:29:00,0.31010542437434196
2026-08-22 17:30:00,0.5525003224611282
2026-08-22 17:31:00,0.5525003224611282
2026-08-22 17:32:00,0.5525003224611282
2026-08-22 17:33:00,0.5525003224611282
2026-08-22 17:34:00,0.5525003224611282
2026-08-22 17:35:00,0.7931599020957947
2026-08-22 17:36:00,0.7931599020957947
2026-08-22 17:37:00,0.7931599020957947
2026-08-22 17:38:00,0.7931599020957947
2026-08-22 17:39:00,0.7931599020957947
2026-08-22 17:40:00,1.036218374967575
2026-08-22 17:41:00,1.036218374967575
2026-08-22 17:42:00,1.036218374967575
2026-08-22 17:43:00,1.036218374967575
2026-08-22 17:44:00,1.036218374967575
2026-08-22 17:45:00,0.7928758002817631
2026-08-22 17:46:00,0.7928758002817631
2026-08-22 17:47:00,0.7928758002817631
2026-08-22 17:48:00,0.7928758002817631
2026-08-22 17:49:00,0.7928758002817631
2026-08-22 17:50:00,0.5531995482742786
2026-08-22 17:51:00,0.5531995482742786
2026-08-22 17:52:00,0.5531995482742786
2026-08-22 17:53:00,0.5531995482742786
2026-08-22 17:54:00,0.5531995482742786
2026-08-22 17:55:00,0.3181021325290203
2026-08-22 17:56:00,0.3181021325290203
2026-08-22 17:57:00,0.3181021325290203
2026-08-22 17:58:00,0.3181021325290203
2026-08-22 17:59:00,0.3181021325290203
2026-08-22 18:00:00,0.08488047681748867
2026-08-22 18:01:00,0.08488047681748867
2026-08-22 18:02:00,0.08488047681748867
2026-08-22 18:03:00,0.08488047681748867
2026-08-22 18:04:00,0.08488047681748867
2026-08-22 18:05:00,0.09781200811266899
2026-08-22 18:06:00,0.09781200811266899
2026-08-22 18:07:00,0.09781200811266899
2026-08-22 18:08:00,0.09781200811266899
2026-08-22 18:09:00,0.09781200811266899
2026-08-22 18:10:00,0.10053819976747036
2026-08-22 18:11:00,0.10053819976747036
2026-08-22 18:12:00,0.10053819976747036
2026-08-22 18:13:00,0.10053819976747036
2026-08-22 18:14:00,0.10053819976747036
2026-08-22 18:15:00,0.0985107347369194
2026-08-22 18:16:00,0.0985107347369194
2026-08-22 18:17:00,0.0985107347369194
2026-08-22 18:18:00,0.0985107347369194
2026-08-22 18:19:00,0.0985107347369194
2026-08-22 18:20:00,0.09433776699006557
2026-08-22 18:21:00,0.09433776699006557
2026-08-22 18:22:00,0.09433776699006557
2026-08-22 18:23:00,0.09433776699006557
2026-08-22 18:24:00,0.09433776699006557
2026-08-22 18:25:00,0.08500859327614307
2026-08-22 18:26:00,0.08500859327614307
2026-08-22 18:27:00,0.08500859327614307
2026-08-22 18:28:00,0.08500859327614307
2026-08-22 18:29:00,0.08500859327614307
2026-08-22 18:30:00,0.07755868416279554
2026-08-22 18:31:00,0.07755868416279554
2026-08-22 18:32:00,0.07755868416279554
2026-08-22 18:33:00,0.07755868416279554
2026-08-22 18:34:00,0.07755868416279554
2026-08-22 18:35:00,0.06803926639258862
2026-08-22 18:36:00,0.06803926639258862
2026-08-22 18:37:00,0.06803926639258862
2026-08-22 18:38:00,0.06803926639258862
2026-08-22 18:39:00,0.06803926639258862
2026-08-22 18:40:00,0.06182609964162111
2026-08-22 18:41:00,0.06182609964162111
2026-08-22 18:42:00,0.06182609964162111
2026-08-22 18:43:00,0.06182609964162111
2026-08-22 18:44:00,0.06182609964162111
2026-08-22 18:45:00,0.054319762624800205
2026-08-22 18:46:00,0.054319762624800205
2026-08-22 18:47:00,0.054319762624800205
2026-08-22 18:48:00,0.054319762624800205
2026-08-22 18:49:00,0.054319762624800205
2026-08-22 18:50:00,0.052460500970482826
2026-08-22 18:51:00,0.052460500970482826
2026-08-22 18:52:00,0.052460500970482826
2026-08-22 18:53:00,0.052460500970482826
2026-08-22 18:54:00,0.052460500970482826
2026-08-22 18:55:00,0.05151361785829067
2026-08-22 18:56:00,0.05151361785829067
2026-08-22 18:57:00,0.05151361785829067
2026-08-22 18:58:00,0.05151361785829067
2026-08-22 18:59:00,0.05151361785829067
2026-08-22 19:00:00,0.0477975532412529
2026-08-22 19:01:00,0.0477975532412529
2026-08-22 19:02:00,0.0477975532412529
2026-08-22 19:03:00,0.0477975532412529
2026-08-22 19:04:00,0.0477975532412529
2026-08-22 19:05:00,0.04805304668843746
2026-08-22 19:06:00,0.04805304668843746
2026-08-22 19:07:00,0.04805304668843746
2026-08-22 19:08:00,0.04805304668843746
2026-08-22 19:09:00,0.04805304668843746
2026-08-22 19:10:00,0.04920069966465235
2026-08-22 19:11:00,0.04920069966465235
2026-08-22 19:12:00,0.04920069966465235
2026-08-22 19:13:00,0.04920069966465235
2026-08-22 19:14:00,0.04920069966465235
2026-08-22 19:15:00,0.05479514226317406
2026-08-22 19:16:00,0.05479514226317406
2026-08-22 19:17:00,0.05479514226317406
2026-08-22 19:18:00,0.05479514226317406
2026-08-22 19:19:00,0.05479514226317406
2026-08-22 19:20:00,0.05636017117649317
2026-08-22 19:21:00,0.05636017117649317
2026-08-22 19:22:00,0.05636017117649317
2026-08-22 19:23:00,0.05636017117649317
2026-08-22 19:24:00,0.05636017117649317
2026-08-22 19:25:00,0.0612733094021678
2026-08-22 19:26:00,0.0612733094021678
2026-08-22 19:27:00,0.0612733094021678
2026-08-22 19:28:00,0.0612733094021678
2026-08-22 19:29:00,0.0612733094021678
2026-08-22 19:30:00,0.0653745960444212
2026-08-22 19:31:00,0.0653745960444212
2026-08-22 19:32:00,0.0653745960444212
2026-08-22 19:33:00,0.0653745960444212
2026-08-22 19:34:00,0.0653745960444212
2026-08-22 19:35:00,0.06398182548582554
2026-08-22 19:36:00,0.06398182548582554
2026-08-22 19:37:00,0.06398182548582554
2026-08-22 19:38:00,0.06398182548582554
2026-08-22 19:39:00,0.06398182548582554
2026-08-22 19:40:00,0.06950760260224342
2026-08-22 19:41:00,0.06950760260224342
2026-08-22 19:42:00,0.06950760260224342
2026-08-22 19:43:00,0.06950760260224342
2026-08-22 19:44:00,0.06950760260224342
2026-08-22 19:45:00,0.07222914882004261
2026-08-22 19:46:00,0.07222914882004261
2026-08-22 19:47:00,0.07222914882004261
2026-08-22 19:48:00,0.07222914882004261
2026-08-22 19:49:00,0.07222914882004261
2026-08-22 19:50:00,0.0785674974322319
2026-08-22 19:51:00,0.0785674974322319
2026-08-22 19:52:00,0.0785674974322319
2026-08-22 19:53:00,0.0785674974322319
2026-08-22 19:54:00,0.0785674974322319
2026-08-22 19:55:00,0.08758987486362457
2026-08-22 19:56:00,0.08758987486362457
2026-08-22 19:57:00,0.08758987486362457
2026-08-22 19:58:00,0.08758987486362457
2026-08-22 19:59:00,0.08758987486362457
2026-08-22 20:00:00,0.09710618667304516
2026-08-22 20:01:00,0.09710618667304516
2026-08-22 20:02:00,0.09710618667304516
2026-08-22 20:03:00,0.09710618667304516
2026-08-22 20:04:00,0.09710618667304516
2026-08-22 20:05:00,0.09724134393036366
2026-08-22 20:06:00,0.09724134393036366
2026-08-22 20:07:00,0.09724134393036366
2026-08-22 20:08:00,0.09724134393036366
2026-08-22 20:09:00,0.09724134393036366
2026-08-22 20:10:00,0.08714811038225889
2026-08-22 20:11:00,0.08714811038225889
2026-08-22 20:12:00,0.08714811038225889
2026-08-22 20:13:00,0.08714811038225889
2026-08-22 20:14:00,0.08714811038225889
2026-08-22 20:15:00,0.07473485451191664
2026-08-22 20:16:00,0.07473485451191664
2026-08-22 20:17:00,0.07473485451191664
2026-08-22 20:18:00,0.07473485451191664
2026-08-22 20:19:00,0.07473485451191664
2026-08-22 20:20:00,0.058613588102161884
2026-08-22 20:21:00,0.058613588102161884
2026-08-22 20:22:00,0.058613588102161884
2026-08-22 20:23:00,0.058613588102161884
2026-08-22 20:24:00,0.058613588102161884
2026-08-22 20:25:00,0.051210902631282806
2026-08-22 20:26:00,0.051210902631282806
2026-08-22 20:27:00,0.051210902631282806
2026-08-22 20:28:00,0.051210902631282806
2026-08-22 20:29:00,0.051210902631282806
2026-08-22 20:30:00,0.048576255328953266
2026-08-22 20:31:00,0.048576255328953266
2026-08-22 20:32:00,0.048576255328953266
2026-08-22 20:33:00,0.048576255328953266
2026-08-22 20:34:00,0.048576255328953266
2026-08-22 20:35:00,0.04763140622526407
2026-08-22 20:36:00,0.04763140622526407
2026-08-22 20:37:00,0.04763140622526407
2026-08-22 20:38:00,0.04763140622526407
2026-08-22 20:39:00,0.04763140622526407
2026-08-22 20:40:00,0.04422858450561762
2026-08-22 20:41:00,0.04422858450561762
2026-08-22 20:42:00,0.04422858450561762
2026-08-22 20:43:00,0.04422858450561762
2026-08-22 20:44:00,0.04422858450561762
2026-08-22 20:45:00,0.04509129095822573
2026-08-22 20:46:00,0.04509129095822573
2026-08-22 20:47:00,0.04509129095822573
2026-08-22 20:48:00,0.04509129095822573
2026-08-22 20:49:00,0.04509129095822573
2026-08-22 20:50:00,0.04812059365212917
2026-08-22 20:51:00,0.04812059365212917
2026-08-22 20:52:00,0.04812059365212917
2026-08-22 20:53:00,0.04812059365212917
2026-08-22 20:54:00,0.04812059365212917
2026-08-22 20:55:00,0.05317294783890247
2026-08-22 20:56:00,0.05317294783890247
2026-08-22 20:57:00,0.05317294783890247
2026-08-22 20:58:00,0.05317294783890247
2026-08-22 20:59:00,0.05317294783890247
2026-08-22 21:00:00,0.06209390424191952
2026-08-22 21:01:00,0.06209390424191952
2026-08-22 21:02:00,0.06209390424191952
2026-08-22 21:03:00,0.06209390424191952
2026-08-22 21:04:00,0.06209390424191952
2026-08-22 21:05:00,0.06797176692634821
2026-08-22 21:06:00,0.06797176692634821
2026-08-22 21:07:00,0.06797176692634821
2026-08-22 21:08:00,0.06797176692634821
2026-08-22 21:09:00,0.06797176692634821
2026-08-22 21:10:00,0.06600681971758604
2026-08-22 21:11:00,0.06600681971758604
2026-08-22 21:12:00,0.06600681971758604
2026-08-22 21:13:00,0.06600681971758604
2026-08-22 21:14:00,0.06600681971758604
2026-08-22 21:15:00,0.060956873930990696
2026-08-22 21:16:00,0.060956873930990696
2026-08-22 21:17:00,0.060956873930990696
2026-08-22 21:18:00,0.060956873930990696
2026-08-22 21:19:00,0.060956873930990696
2026-08-22 21:20:00,0.05729443486779928
2026-08-22 21:21:00,0.05729443486779928
2026-08-22 21:22:00,0.05729443486779928
2026-08-22 21:23:00,0.05729443486779928
2026-08-22 21:24:00,0.05729443486779928
2026-08-22 21:25:00,0.057599195279181004
2026-08-22 21:26:00,0.057599195279181004
2026-08-22 21:27:00,0.057599195279181004
2026-08-22 21:28:00,0.057599195279181004
2026-08-22 21:29:00,0.057599195279181004
2026-08-22 21:30:00,0.06307215616106987
2026-08-22 21:31:00,0.06307215616106987
2026-08-22 21:32:00,0.06307215616106987
2026-08-22 21:33:00,0.06307215616106987
2026-08-22 21:34:00,0.06307215616106987
2026-08-22 21:35:00,0.07162907719612122
2026-08-22 21:36:00,0.07162907719612122
2026-08-22 21:37:00,0.07162907719612122
2026-08-22 21:38:00,0.07162907719612122
2026-08-22 21:39:00,0.07162907719612122
2026-08-22 21:40:00,0.07594471983611584
2026-08-22 21:41:00,0.07594471983611584
2026-08-22 21:42:00,0.07594471983611584
2026-08-22 21:43:00,0.07594471983611584
2026-08-22 21:44:00,0.07594471983611584
2026-08-22 21:45:00,0.06873341277241707
2026-08-22 21:46:00,0.06873341277241707
2026-08-22 21:47:00,0.06873341277241707
2026-08-22 21:48:00,0.06873341277241707
2026-08-22 21:49:00,0.06873341277241707
2026-08-22 21:50:00,0.062493194825947285
2026-08-22 21:51:00,0.062493194825947285
2026-08-22 21:52:00,0.062493194825947285
2026-08-22 21:53:00,0.062493194825947285
2026-08-22 21:54:00,0.062493194825947285
2026-08-22 21:55:00,0.05688410438597202
2026-08-22 21:56:00,0.05688410438597202
2026-08-22 21:57:00,0.05688410438597202
2026-08-22 21:58:00,0.05688410438597202
2026-08-22 21:59:00,0.05688410438597202
2026-08-22 22:00:00,0.052872948348522186
2026-08-22 22:01:00,0.052872948348522186
2026-08-22 22:02:00,0.052872948348522186
2026-08-22 22:03:00,0.052872948348522186
2026-08-22 22:04:00,0.052872948348522186
2026-08-22 22:05:00,0.054520150646567345
2026-08-22 22:06:00,0.054520150646567345
2026-08-22 22:07:00,0.054520150646567345
2026-08-22 22:08:00,0.054520150646567345
2026-08-22 22:09:00,0.054520150646567345
2026-08-22 22:10:00,0.05694278609007597
2026-08-22 22:11:00,0.05694278609007597
2026-08-22 22:12:00,0.05694278609007597
2026-08-22 22:13:00,0.05694278609007597
2026-08-22 22:14:00,0.05694278609007597
2026-08-22 22:15:00,0.05956623889505863
2026-08-22 22:16:00,0.05956623889505863
2026-08-22 22:17:00,0.05956623889505863
2026-08-22 22:18:00,0.05956623889505863
2026-08-22 22:19:00,0.05956623889505863
2026-08-22 22:20:00,0.06204626336693764
2026-08-22 22:21:00,0.06204626336693764
2026-08-22 22:22:00,0.06204626336693764
2026-08-22 22:23:00,0.06204626336693764
2026-08-22 22:24:00,0.06204626336693764
2026-08-22 22:25:00,0.06608999520540237
2026-08-22 22:26:00,0.06608999520540237
2026-08-22 22:27:00,0.06608999520540237
2026-08-22 22:28:00,0.06608999520540237
2026-08-22 22:29:00,0.06608999520540237
2026-08-22 22:30:00,0.07116459496319294
2026-08-22 22:31:00,0.07116459496319294
2026-08-22 22:32:00,0.07116459496319294
2026-08-22 22:33:00,0.07116459496319294
2026-08-22 22:34:00,0.07116459496319294
2026-08-22 22:35:00,0.07308030314743519
2026-08-22 22:36:00,0.07308030314743519
2026-08-22 22:37:00,0.07308030314743519
2026-08-22 22:38:00,0.07308030314743519
2026-08-22 22:39:00,0.07308030314743519
2026-08-22 22:40:00,0.07511929981410503
2026-08-22 22:41:00,0.07511929981410503
2026-08-22 22:42:00,0.07511929981410503
2026-08-22 22:43:00,0.07511929981410503
2026-08-22 22:44:00,0.07511929981410503
2026-08-22 22:45:00,0.07758325897157192
2026-08-22 22:46:00,0.07758325897157192
2026-08-22 22:47:00,0.07758325897157192
2026-08-22 22:48:00,0.07758325897157192
2026-08-22 22:49:00,0.07758325897157192
2026-08-22 22:50:00,0.07729260995984077
2026-08-22 22:51:00,0.07729260995984077
2026-08-22 22:52:00,0.07729260995984077
2026-08-22 22:53:00,0.07729260995984077
2026-08-22 22:54:00,0.07729260995984077
2026-08-22 22:55:00,0.07917126454412937
2026-08-22 22:56:00,0.07917126454412937
2026-08-22 22:57:00,0.07917126454412937
2026-08-22 22:58:00,0.07917126454412937
2026-08-22 22:59:00,0.07917126454412937
2026-08-22 23:00:00,0.07848918065428734
2026-08-22 23:01:00,0.07848918065428734
2026-08-22 23:02:00,0.07848918065428734
2026-08-22 23:03:00,0.07848918065428734
2026-08-22 23:04:00,0.07848918065428734
2026-08-22 23:05:00,0.07406974025070667
2026-08-22 23:06:00,0.07406974025070667
2026-08-22 23:07:00,0.07406974025070667
2026-08-22 23:08:00,0.07406974025070667
2026-08-22 23:09:00,0.07406974025070667
2026-08-22 23:10:00,0.06638345960527658
2026-08-22 23:11:00,0.06638345960527658
2026-08-22 23:12:00,0.06638345960527658
2026-08-22 23:13:00,0.06638345960527658
2026-08-22 23:14:00,0.06638345960527658
2026-08-22 23:15:00,0.0558959674090147
2026-08-22 23:16:00,0.0558959674090147
2026-08-22 23:17:00,0.0558959674090147
2026-08-22 23:18:00,0.0558959674090147
2026-08-22 23:19:00,0.0558959674090147
2026-08-22 23:20:00,0.0525556867942214
2026-08-22 23:21:00,0.0525556867942214
2026-08-22 23:22:00,0.0525556867942214
2026-08-22 23:23:00,0.0525556867942214
2026-08-22 23:24:00,0.0525556867942214
2026-08-22 23:25:00,0.053439910523593426
2026-08-22 23:26:00,0.053439910523593426
2026-08-22 23:27:00,0.053439910523593426
2026-08-22 23:28:00,0.053439910523593426
2026-08-22 23:29:00,0.053439910523593426
2026-08-22 23:30:00,0.056888909079134464
2026-08-22 23:31:00,0.056888909079134464
2026-08-22 23:32:00,0.056888909079134464
2026-08-22 23:33:00,0.056888909079134464
2026-08-22 23:34:00,0.056888909079134464
2026-08-22 23:35:00,0.06097016576677561
2026-08-22 23:36:00,0.06097016576677561
2026-08-22 23:37:00,0.06097016576677561
2026-08-22 23:38:00,0.06097016576677561
2026-08-22 23:39:00,0.06097016576677561
2026-08-22 23:40:00,0.060048085637390614
2026-08-22 23:41:00,0.060048085637390614
2026-08-22 23:42:00,0.060048085637390614
2026-08-22 23:43:00,0.060048085637390614
2026-08-22 23:44:00,0.060048085637390614
2026-08-22 23:45:00,0.060050602070987225
2026-08-22 23:46:00,0.060050602070987225
2026-08-22 23:47:00,0.060050602070987225
2026-08-22 23:48:00,0.060050602070987225
2026-08-22 23:49:00,0.060050602070987225
2026-08-22 23:50:00,0.06255443952977657
2026-08-22 23:51:00,0.06255443952977657
2026-08-22 23:52:00,0.06255443952977657
2026-08-22 23:53:00,0.06255443952977657
2026-08-22 23:54:00,0.06255443952977657
2026-08-22 23:55:00,0.06608634162694216
2026-08-22 23:56:00,0.06608634162694216
2026-08-22 23:57:00,0.06608634162694216
2026-08-22 23:58:00,0.06608634162694216
2026-08-22 23:59:00,0.06608634162694216
2026-08-23 00:00:00,0.06929326429963112
2026-08-23 00:01:00,0.06929326429963112
2026-08-23 00:02:00,0.06929326429963112
2026-08-23 00:03:00,0.06929326429963112
2026-08-23 00:04:00,0.06929326429963112
2026-08-23 00:05:00,0.06627705320715904
2026-08-23 00:06:00,0.06627705320715904
2026-08-23 00:07:00,0.06627705320715904
2026-08-23 00:08:00,0.06627705320715904
2026-08-23 00:09:00,0.06627705320715904
2026-08-23 00:10:00,0.14932929165661335
2026-08-23 00:11:00,0.14932929165661335
2026-08-23 00:12:00,0.14932929165661335
2026-08-23 00:13:00,0.14932929165661335
2026-08-23 00:14:00,0.14932929165661335
2026-08-23 00:15:00,0.23331418819725513
2026-08-23 00:16:00,0.23331418819725513
2026-08-23 00:17:00,0.23331418819725513
2026-08-23 00:18:00,0.23331418819725513
2026-08-23 00:19:00,0.23331418819725513
2026-08-23 00:20:00,0.32429947704076767
2026-08-23 00:21:00,0.32429947704076767
2026-08-23 00:22:00,0.32429947704076767
2026-08-23 00:23:00,0.32429947704076767
2026-08-23 00:24:00,0.32429947704076767
2026-08-23 00:25:00,0.42261943221092224
2026-08-23 00:26:00,0.42261943221092224
2026-08-23 00:27:00,0.42261943221092224
2026-08-23 00:28:00,0.42261943221092224
2026-08-23 00:29:00,0.42261943221092224
2026-08-23 00:30:00,0.35228281281888485
2026-08-23 00:31:00,0.35228281281888485
2026-08-23 00:32:00,0.35228281281888485
2026-08-23 00:33:00,0.35228281281888485
2026-08-23 00:34:00,0.35228281281888485
2026-08-23 00:35:00,0.27633102983236313
2026-08-23 00:36:00,0.27633102983236313
2026-08-23 00:37:00,0.27633102983236313
2026-08-23 00:38:00,0.27633102983236313
2026-08-23 00:39:00,0.27633102983236313
2026-08-23 00:40:00,0.18761338666081429
2026-08-23 00:41:00,0.18761338666081429
2026-08-23 00:42:00,0.18761338666081429
2026-08-23 00:43:00,0.18761338666081429
2026-08-23 00:44:00,0.18761338666081429
2026-08-23 00:45:00,0.09235237911343575
2026-08-23 00:46:00,0.09235237911343575
2026-08-23 00:47:00,0.09235237911343575
2026-08-23 00:48:00,0.09235237911343575
2026-08-23 00:49:00,0.09235237911343575
2026-08-23 00:50:00,0.08036782033741474
2026-08-23 00:51:00,0.08036782033741474
2026-08-23 00:52:00,0.08036782033741474
2026-08-23 00:53:00,0.08036782033741474
2026-08-23 00:54:00,0.08036782033741474
2026-08-23 00:55:00,0.06629480700939894
2026-08-23 00:56:00,0.06629480700939894
2026-08-23 00:57:00,0.06629480700939894
2026-08-23 00:58:00,0.06629480700939894
2026-08-23 00:59:00,0.06629480700939894
2026-08-23 01:00:00,0.06588515918701887
2026-08-23 01:01:00,0.06588515918701887
2026-08-23 01:02:00,0.06588515918701887
2026-08-23 01:03:00,0.06588515918701887
2026-08-23 01:04:00,0.06588515918701887
2026-08-23 01:05:00,0.07663104217499495
2026-08-23 01:06:00,0.07663104217499495
2026-08-23 01:07:00,0.07663104217499495
2026-08-23 01:08:00,0.07663104217499495
2026-08-23 01:09:00,0.07663104217499495
2026-08-23 01:10:00,0.09346244391053915
2026-08-23 01:11:00,0.09346244391053915
2026-08-23 01:12:00,0.09346244391053915
2026-08-23 01:13:00,0.09346244391053915
2026-08-23 01:14:00,0.09346244391053915
2026-08-23 01:15:00,0.11388613283634186
2026-08-23 01:16:00,0.11388613283634186
2026-08-23 01:17:00,0.11388613283634186
2026-08-23 01:18:00,0.11388613283634186
2026-08-23 01:19:00,0.11388613283634186
2026-08-23 01:20:00,0.1256721355021
2026-08-23 01:21:00,0.1256721355021
2026-08-23 01:22:00,0.1256721355021
2026-08-23 01:23:00,0.1256721355021
2026-08-23 01:24:00,0.1256721355021
2026-08-23 01:25:00,0.12427029572427273
2026-08-23 01:26:00,0.12427029572427273
2026-08-23 01:27:00,0.12427029572427273
2026-08-23 01:28:00,0.12427029572427273
2026-08-23 01:29:00,0.12427029572427273
2026-08-23 01:30:00,0.11306035332381725
2026-08-23 01:31:00,0.11306035332381725
2026-08-23 01:32:00,0.11306035332381725
2026-08-23 01:33:00,0.11306035332381725
2026-08-23 01:34:00,0.11306035332381725
2026-08-23 01:35:00,0.10625183582305908
2026-08-23 01:36:00,0.10625183582305908
2026-08-23 01:37:00,0.10625183582305908
2026-08-23 01:38:00,0.10625183582305908
2026-08-23 01:39:00,0.10625183582305908
2026-08-23 01:40:00,0.0913214161992073
2026-08-23 01:41:00,0.0913214161992073
2026-08-23 01:42:00,0.0913214161992073
2026-08-23 01:43:00,0.0913214161992073
2026-08-23 01:44:00,0.0913214161992073
2026-08-23 01:45:00,0.07664471305906773
2026-08-23 01:46:00,0.07664471305906773
2026-08-23 01:47:00,0.07664471305906773
2026-08-23 01:48:00,0.07664471305906773
2026-08-23 01:49:00,0.07664471305906773
2026-08-23 01:50:00,0.06486571859568357
2026-08-23 01:51:00,0.06486571859568357
2026-08-23 01:52:00,0.06486571859568357
2026-08-23 01:53:00,0.06486571859568357
2026-08-23 01:54:00,0.06486571859568357
2026-08-23 01:55:00,0.05394010152667761
2026-08-23 01:56:00,0.05394010152667761
2026-08-23 01:57:00,0.05394010152667761
2026-08-23 01:58:00,0.05394010152667761
2026-08-23 01:59:00,0.05394010152667761
2026-08-23 02:00:00,0.05578103382140398
2026-08-23 02:01:00,0.05578103382140398
2026-08-23 02:02:00,0.05578103382140398
2026-08-23 02:03:00,0.05578103382140398
2026-08-23 02:04:00,0.05578103382140398
2026-08-23 02:05:00,0.06238896679133177
2026-08-23 02:06:00,0.06238896679133177
2026-08-23 02:07:00,0.06238896679133177
2026-08-23 02:08:00,0.06238896679133177
2026-08-23 02:09:00,0.06238896679133177
2026-08-23 02:10:00,0.06815531104803085
2026-08-23 02:11:00,0.06815531104803085
2026-08-23 02:12:00,0.06815531104803085
2026-08-23 02:13:00,0.06815531104803085
2026-08-23 02:14:00,0.06815531104803085
2026-08-23 02:15:00,0.06841867882758379
2026-08-23 02:16:00,0.06841867882758379
2026-08-23 02:17:00,0.06841867882758379
2026-08-23 02:18:00,0.06841867882758379
2026-08-23 02:19:00,0.06841867882758379
2026-08-23 02:20:00,0.06186380796134472
2026-08-23 02:21:00,0.06186380796134472
2026-08-23 02:22:00,0.06186380796134472
2026-08-23 02:23:00,0.06186380796134472
2026-08-23 02:24:00,0.06186380796134472
2026-08-23 02:25:00,0.05554237123578787
2026-08-23 02:26:00,0.05554237123578787
2026-08-23 02:27:00,0.05554237123578787
2026-08-23 02:28:00,0.05554237123578787
2026-08-23 02:29:00,0.05554237123578787
2026-08-23 02:30:00,0.052011401392519474
2026-08-23 02:31:00,0.052011401392519474
2026-08-23 02:32:00,0.052011401392519474
2026-08-23 02:33:00,0.052011401392519474
2026-08-23 02:34:00,0.052011401392519474
2026-08-23 02:35:00,0.05074309557676315
2026-08-23 02:36:00,0.05074309557676315
2026-08-23 02:37:00,0.05074309557676315
2026-08-23 02:38:00,0.05074309557676315
2026-08-23 02:39:00,0.05074309557676315
2026-08-23 02:40:00,0.05293101444840431
2026-08-23 02:41:00,0.05293101444840431
2026-08-23 02:42:00,0.05293101444840431
2026-08-23 02:43:00,0.05293101444840431
2026-08-23 02:44:00,0.05293101444840431
2026-08-23 02:45:00,0.057150417007505894
2026-08-23 02:46:00,0.057150417007505894
2026-08-23 02:47:00,0.057150417007505894
2026-08-23 02:48:00,0.057150417007505894
2026-08-23 02:49:00,0.057150417007505894
2026-08-23 02:50:00,0.05891726445406675
2026-08-23 02:51:00,0.05891726445406675
2026-08-23 02:52:00,0.05891726445406675
2026-08-23 02:53:00,0.05891726445406675
2026-08-23 02:54:00,0.05891726445406675
2026-08-23 02:55:00,0.05698209907859564
2026-08-23 02:56:00,0.05698209907859564
2026-08-23 02:57:00,0.05698209907859564
2026-08-23 02:58:00,0.05698209907859564
2026-08-23 02:59:00,0.05698209907859564
2026-08-23 03:00:00,0.05913782957941294
2026-08-23 03:01:00,0.05913782957941294
2026-08-23 03:02:00,0.05913782957941294
2026-08-23 03:03:00,0.05913782957941294
2026-08-23 03:04:00,0.05913782957941294
2026-08-23 03:05:00,0.06078278925269842
2026-08-23 03:06:00,0.06078278925269842
2026-08-23 03:07:00,0.06078278925269842
2026-08-23 03:08:00,0.06078278925269842
2026-08-23 03:09:00,0.06078278925269842
2026-08-23 03:10:00,0.0668771369382739
2026-08-23 03:11:00,0.0668771369382739
2026-08-23 03:12:00,0.0668771369382739
2026-08-23 03:13:00,0.0668771369382739
2026-08-23 03:14:00,0.0668771369382739
2026-08-23 03:15:00,0.0741473576053977
2026-08-23 03:16:00,0.0741473576053977
2026-08-23 03:17:00,0.0741473576053977
2026-08-23 03:18:00,0.0741473576053977
2026-08-23 03:19:00,0.0741473576053977
2026-08-23 03:20:00,0.07241210248321295
2026-08-23 03:21:00,0.07241210248321295
2026-08-23 03:22:00,0.07241210248321295
2026-08-23 03:23:00,0.07241210248321295
2026-08-23 03:24:00,0.07241210248321295
2026-08-23 03:25:00,0.06581798754632473
2026-08-23 03:26:00,0.06581798754632473
2026-08-23 03:27:00,0.06581798754632473
2026-08-23 03:28:00,0.06581798754632473
2026-08-23 03:29:00,0.06581798754632473
2026-08-23 03:30:00,0.05458232667297125
2026-08-23 03:31:00,0.05458232667297125
2026-08-23 03:32:00,0.05458232667297125
2026-08-23 03:33:00,0.05458232667297125
2026-08-23 03:34:00,0.05458232667297125
2026-08-23 03:35:00,0.04754358530044556
2026-08-23 03:36:00,0.04754358530044556
2026-08-23 03:37:00,0.04754358530044556
2026-08-23 03:38:00,0.04754358530044556
2026-08-23 03:39:00,0.04754358530044556
2026-08-23 03:40:00,0.04504699818789959
2026-08-23 03:41:00,0.04504699818789959
2026-08-23 03:42:00,0.04504699818789959
2026-08-23 03:43:00,0.04504699818789959
2026-08-23 03:44:00,0.04504699818789959
2026-08-23 03:45:00,0.04824778903275728
2026-08-23 03:46:00,0.04824778903275728
2026-08-23 03:47:00,0.04824778903275728
2026-08-23 03:48:00,0.04824778903275728
2026-08-23 03:49:00,0.04824778903275728
2026-08-23 03:50:00,0.05653679557144642
2026-08-23 03:51:00,0.05653679557144642
2026-08-23 03:52:00,0.05653679557144642
2026-08-23 03:53:00,0.05653679557144642
2026-08-23 03:54:00,0.05653679557144642
2026-08-23 03:55:00,0.06242027785629034
2026-08-23 03:56:00,0.06242027785629034
2026-08-23 03:57:00,0.06242027785629034
2026-08-23 03:58:00,0.06242027785629034
2026-08-23 03:59:00,0.06242027785629034
2026-08-23 04:00:00,0.07133293151855469
2026-08-23 04:01:00,0.07133293151855469
2026-08-23 04:02:00,0.07133293151855469
2026-08-23 04:03:00,0.07133293151855469
2026-08-23 04:04:00,0.07133293151855469
2026-08-23 04:05:00,0.07358932308852673
2026-08-23 04:06:00,0.07358932308852673
2026-08-23 04:07:00,0.07358932308852673
2026-08-23 04:08:00,0.07358932308852673
2026-08-23 04:09:00,0.07358932308852673
2026-08-23 04:10:00,0.07012580335140228
2026-08-23 04:11:00,0.07012580335140228
2026-08-23 04:12:00,0.07012580335140228
2026-08-23 04:13:00,0.07012580335140228
2026-08-23 04:14:00,0.07012580335140228
2026-08-23 04:15:00,0.06673325318843126
2026-08-23 04:16:00,0.06673325318843126
2026-08-23 04:17:00,0.06673325318843126
2026-08-23 04:18:00,0.06673325318843126
2026-08-23 04:19:00,0.06673325318843126
2026-08-23 04:20:00,0.0598247405141592
2026-08-23 04:21:00,0.0598247405141592
2026-08-23 04:22:00,0.0598247405141592
2026-08-23 04:23:00,0.0598247405141592
2026-08-23 04:24:00,0.0598247405141592
2026-08-23 04:25:00,0.05845537222921848
2026-08-23 04:26:00,0.05845537222921848
2026-08-23 04:27:00,0.05845537222921848
2026-08-23 04:28:00,0.05845537222921848
2026-08-23 04:29:00,0.05845537222921848
2026-08-23 04:30:00,0.06035310961306095
2026-08-23 04:31:00,0.06035310961306095
2026-08-23 04:32:00,0.06035310961306095
2026-08-23 04:33:00,0.06035310961306095
2026-08-23 04:34:00,0.06035310961306095
2026-08-23 04:35:00,0.06704290490597486
2026-08-23 04:36:00,0.06704290490597486
2026-08-23 04:37:00,0.06704290490597486
2026-08-23 04:38:00,0.06704290490597486
2026-08-23 04:39:00,0.06704290490597486
2026-08-23 04:40:00,0.07351457513868809
2026-08-23 04:41:00,0.07351457513868809
2026-08-23 04:42:00,0.07351457513868809
2026-08-23 04:43:00,0.07351457513868809
2026-08-23 04:44:00,0.07351457513868809
2026-08-23 04:45:00,0.079326581209898
2026-08-23 04:46:00,0.079326581209898
2026-08-23 04:47:00,0.079326581209898
2026-08-23 04:48:00,0.079326581209898
2026-08-23 04:49:00,0.079326581209898
2026-08-23 04:50:00,0.08138989098370075
2026-08-23 04:51:00,0.08138989098370075
2026-08-23 04:52:00,0.08138989098370075
2026-08-23 04:53:00,0.08138989098370075
2026-08-23 04:54:00,0.08138989098370075
2026-08-23 04:55:00,0.07787963189184666
2026-08-23 04:56:00,0.07787963189184666
2026-08-23 04:57:00,0.07787963189184666
2026-08-23 04:58:00,0.07787963189184666
2026-08-23 04:59:00,0.07787963189184666
2026-08-23 05:00:00,0.07559907250106335
2026-08-23 05:01:00,0.07559907250106335
2026-08-23 05:02:00,0.07559907250106335
2026-08-23 05:03:00,0.07559907250106335
2026-08-23 05:04:00,0.07559907250106335
2026-08-23 05:05:00,0.06760718021541834
2026-08-23 05:06:00,0.06760718021541834
2026-08-23 05:07:00,0.06760718021541834
2026-08-23 05:08:00,0.06760718021541834
2026-08-23 05:09:00,0.06760718021541834
2026-08-23 05:10:00,0.1419919179752469
2026-08-23 05:11:00,0.1419919179752469
2026-08-23 05:12:00,0.1419919179752469
2026-08-23 05:13:00,0.1419919179752469
2026-08-23 05:14:00,0.1419919179752469
2026-08-23 05:15:00,0.21791246067732573
2026-08-23 05:16:00,0.21791246067732573
2026-08-23 05:17:00,0.21791246067732573
2026-08-23 05:18:00,0.21791246067732573
2026-08-23 05:19:00,0.21791246067732573
2026-08-23 05:20:00,0.2951490608975291
2026-08-23 05:21:00,0.2951490608975291
2026-08-23 05:22:00,0.2951490608975291
2026-08-23 05:23:00,0.2951490608975291
2026-08-23 05:24:00,0.2951490608975291
2026-08-23 05:25:00,0.37589072436094284
2026-08-23 05:26:00,0.37589072436094284
2026-08-23 05:27:00,0.37589072436094284
2026-08-23 05:28:00,0.37589072436094284
2026-08-23 05:29:00,0.37589072436094284
2026-08-23 05:30:00,0.29693920351564884
2026-08-23 05:31:00,0.29693920351564884
2026-08-23 05:32:00,0.29693920351564884
2026-08-23 05:33:00,0.29693920351564884
2026-08-23 05:34:00,0.29693920351564884
2026-08-23 05:35:00,0.21933899447321892
2026-08-23 05:36:00,0.21933899447321892
2026-08-23 05:37:00,0.21933899447321892
2026-08-23 05:38:00,0.21933899447321892
2026-08-23 05:39:00,0.21933899447321892
2026-08-23 05:40:00,0.18452364578843117
2026-08-23 05:41:00,0.18452364578843117
2026-08-23 05:42:00,0.18452364578843117
2026-08-23 05:43:00,0.18452364578843117
2026-08-23 05:44:00,0.18452364578843117
2026-08-23 05:45:00,0.15162910148501396
2026-08-23 05:46:00,0.15162910148501396
2026-08-23 05:47:00,0.15162910148501396
2026-08-23 05:48:00,0.15162910148501396
2026-08-23 05:49:00,0.15162910148501396
2026-08-23 05:50:00,0.19600983895361423
2026-08-23 05:51:00,0.19600983895361423
2026-08-23 05:52:00,0.19600983895361423
2026-08-23 05:53:00,0.19600983895361423
2026-08-23 05:54:00,0.19600983895361423
2026-08-23 05:55:00,0.24160823598504066
2026-08-23 05:56:00,0.24160823598504066
2026-08-23 05:57:00,0.24160823598504066
2026-08-23 05:58:00,0.24160823598504066
2026-08-23 05:59:00,0.24160823598504066
2026-08-23 06:00:00,0.20014627650380135
2026-08-23 06:01:00,0.20014627650380135
2026-08-23 06:02:00,0.20014627650380135
2026-08-23 06:03:00,0.20014627650380135
2026-08-23 06:04:00,0.20014627650380135
2026-08-23 06:05:00,0.15635123290121555
2026-08-23 06:06:00,0.15635123290121555
2026-08-23 06:07:00,0.15635123290121555
2026-08-23 06:08:00,0.15635123290121555
2026-08-23 06:09:00,0.15635123290121555
2026-08-23 06:10:00,0.11227154638618231
2026-08-23 06:11:00,0.11227154638618231
2026-08-23 06:12:00,0.11227154638618231
2026-08-23 06:13:00,0.11227154638618231
2026-08-23 06:14:00,0.11227154638618231
2026-08-23 06:15:00,0.09993221145123243
2026-08-23 06:16:00,0.09993221145123243
2026-08-23 06:17:00,0.09993221145123243
2026-08-23 06:18:00,0.09993221145123243
2026-08-23 06:19:00,0.09993221145123243
2026-08-23 06:20:00,0.13121783267706633
2026-08-23 06:21:00,0.13121783267706633
2026-08-23 06:22:00,0.13121783267706633
2026-08-23 06:23:00,0.13121783267706633
2026-08-23 06:24:00,0.13121783267706633
2026-08-23 06:25:00,0.16679101902991533
2026-08-23 06:26:00,0.16679101902991533
2026-08-23 06:27:00,0.16679101902991533
2026-08-23 06:28:00,0.16679101902991533
2026-08-23 06:29:00,0.16679101902991533
2026-08-23 06:30:00,0.2048390805721283
2026-08-23 06:31:00,0.2048390805721283
2026-08-23 06:32:00,0.2048390805721283
2026-08-23 06:33:00,0.2048390805721283
2026-08-23 06:34:00,0.2048390805721283
2026-08-23 06:35:00,0.17667623236775398
2026-08-23 06:36:00,0.17667623236775398
2026-08-23 06:37:00,0.17667623236775398
2026-08-23 06:38:00,0.17667623236775398
2026-08-23 06:39:00,0.17667623236775398
2026-08-23 06:40:00,0.14329268224537373
2026-08-23 06:41:00,0.14329268224537373
2026-08-23 06:42:00,0.14329268224537373
2026-08-23 06:43:00,0.14329268224537373
2026-08-23 06:44:00,0.14329268224537373
2026-08-23 06:45:00,0.10570026095956564
2026-08-23 06:46:00,0.10570026095956564
2026-08-23 06:47:00,0.10570026095956564
2026-08-23 06:48:00,0.10570026095956564
2026-08-23 06:49:00,0.10570026095956564
2026-08-23 06:50:00,0.0641648331657052
2026-08-23 06:51:00,0.0641648331657052
2026-08-23 06:52:00,0.0641648331657052
2026-08-23 06:53:00,0.0641648331657052
2026-08-23 06:54:00,0.0641648331657052
2026-08-23 06:55:00,0.05808868911117315
2026-08-23 06:56:00,0.05808868911117315
2026-08-23 06:57:00,0.05808868911117315
2026-08-23 06:58:00,0.05808868911117315
2026-08-23 06:59:00,0.05808868911117315
2026-08-23 07:00:00,0.1323435613885522
2026-08-23 07:01:00,0.1323435613885522
2026-08-23 07:02:00,0.1323435613885522
2026-08-23 07:03:00,0.1323435613885522
2026-08-23 07:04:00,0.1323435613885522
2026-08-23 07:05:00,0.2067941315472126
2026-08-23 07:06:00,0.2067941315472126
2026-08-23 07:07:00,0.2067941315472126
2026-08-23 07:08:00,0.2067941315472126
2026-08-23 07:09:00,0.2067941315472126
2026-08-23 07:10:00,0.28516542352735996
2026-08-23 07:11:00,0.28516542352735996
2026-08-23 07:12:00,0.28516542352735996
2026-08-23 07:13:00,0.28516542352735996
2026-08-23 07:14:00,0.28516542352735996
2026-08-23 07:15:00,0.35905851423740387
2026-08-23 07:16:00,0.35905851423740387
2026-08-23 07:17:00,0.35905851423740387
2026-08-23 07:18:00,0.35905851423740387
2026-08-23 07:19:00,0.35905851423740387
2026-08-23 07:20:00,0.28497727401554585
2026-08-23 07:21:00,0.28497727401554585
2026-08-23 07:22:00,0.28497727401554585
2026-08-23 07:23:00,0.28497727401554585
2026-08-23 07:24:00,0.28497727401554585
2026-08-23 07:25:00,0.21575799398124218
2026-08-23 07:26:00,0.21575799398124218
2026-08-23 07:27:00,0.21575799398124218
2026-08-23 07:28:00,0.21575799398124218
2026-08-23 07:29:00,0.21575799398124218
2026-08-23 07:30:00,0.1499831508845091
2026-08-23 07:31:00,0.1499831508845091
2026-08-23 07:32:00,0.1499831508845091
2026-08-23 07:33:00,0.1499831508845091
2026-08-23 07:34:00,0.1499831508845091
2026-08-23 07:35:00,0.08625844866037369
2026-08-23 07:36:00,0.08625844866037369
2026-08-23 07:37:00,0.08625844866037369
2026-08-23 07:38:00,0.08625844866037369
2026-08-23 07:39:00,0.08625844866037369
2026-08-23 07:40:00,0.09224598668515682
2026-08-23 07:41:00,0.09224598668515682
2026-08-23 07:42:00,0.09224598668515682
2026-08-23 07:43:00,0.09224598668515682
2026-08-23 07:44:00,0.09224598668515682
2026-08-23 07:45:00,0.08886672742664814
2026-08-23 07:46:00,0.08886672742664814
2026-08-23 07:47:00,0.08886672742664814
2026-08-23 07:48:00,0.08886672742664814
2026-08-23 07:49:00,0.08886672742664814
2026-08-23 07:50:00,0.08413583971560001
2026-08-23 07:51:00,0.08413583971560001
2026-08-23 07:52:00,0.08413583971560001
2026-08-23 07:53:00,0.08413583971560001
2026-08-23 07:54:00,0.08413583971560001
2026-08-23 07:55:00,0.08007068000733852
2026-08-23 07:56:00,0.08007068000733852
2026-08-23 07:57:00,0.08007068000733852
2026-08-23 07:58:00,0.08007068000733852
2026-08-23 07:59:00,0.08007068000733852
2026-08-23 08:00:00,0.07470473647117615
2026-08-23 08:01:00,0.07470473647117615
2026-08-23 08:02:00,0.07470473647117615
2026-08-23 08:03:00,0.07470473647117615
2026-08-23 08:04:00,0.07470473647117615
2026-08-23 08:05:00,0.0736915934830904
2026-08-23 08:06:00,0.0736915934830904
2026-08-23 08:07:00,0.0736915934830904
2026-08-23 08:08:00,0.0736915934830904
2026-08-23 08:09:00,0.0736915934830904
2026-08-23 08:10:00,0.06716766115278006
2026-08-23 08:11:00,0.06716766115278006
2026-08-23 08:12:00,0.06716766115278006
2026-08-23 08:13:00,0.06716766115278006
2026-08-23 08:14:00,0.06716766115278006
2026-08-23 08:15:00,0.05970840994268656
2026-08-23 08:16:00,0.05970840994268656
2026-08-23 08:17:00,0.05970840994268656
2026-08-23 08:18:00,0.05970840994268656
2026-08-23 08:19:00,0.05970840994268656
2026-08-23 08:20:00,0.06127856578677893
2026-08-23 08:21:00,0.06127856578677893
2026-08-23 08:22:00,0.06127856578677893
2026-08-23 08:23:00,0.06127856578677893
2026-08-23 08:24:00,0.06127856578677893
2026-08-23 08:25:00,0.06887146551162004
2026-08-23 08:26:00,0.06887146551162004
2026-08-23 08:27:00,0.06887146551162004
2026-08-23 08:28:00,0.06887146551162004
2026-08-23 08:29:00,0.06887146551162004
2026-08-23 08:30:00,0.08447239175438881
2026-08-23 08:31:00,0.08447239175438881
2026-08-23 08:32:00,0.08447239175438881
2026-08-23 08:33:00,0.08447239175438881
2026-08-23 08:34:00,0.08447239175438881
2026-08-23 08:35:00,0.09931931458413601
2026-08-23 08:36:00,0.09931931458413601
2026-08-23 08:37:00,0.09931931458413601
2026-08-23 08:38:00,0.09931931458413601
2026-08-23 08:39:00,0.09931931458413601
2026-08-23 08:40:00,0.10447476804256439
2026-08-23 08:41:00,0.10447476804256439
2026-08-23 08:42:00,0.10447476804256439
2026-08-23 08:43:00,0.10447476804256439
2026-08-23 08:44:00,0.10447476804256439
2026-08-23 08:45:00,0.09675576351583004
2026-08-23 08:46:00,0.09675576351583004
2026-08-23 08:47:00,0.09675576351583004
2026-08-23 08:48:00,0.09675576351583004
2026-08-23 08:49:00,0.09675576351583004
2026-08-23 08:50:00,0.08309389557689428
2026-08-23 08:51:00,0.08309389557689428
2026-08-23 08:52:00,0.08309389557689428
2026-08-23 08:53:00,0.08309389557689428
2026-08-23 08:54:00,0.08309389557689428
2026-08-23 08:55:00,0.06599820125848055
2026-08-23 08:56:00,0.06599820125848055
2026-08-23 08:57:00,0.06599820125848055
2026-08-23 08:58:00,0.06599820125848055
2026-08-23 08:59:00,0.06599820125848055
2026-08-23 09:00:00,0.054735613986849785
2026-08-23 09:01:00,0.054735613986849785
2026-08-23 09:02:00,0.054735613986849785
2026-08-23 09:03:00,0.054735613986849785
2026-08-23 09:04:00,0.054735613986849785
2026-08-23 09:05:00,0.053541919216513634
2026-08-23 09:06:00,0.053541919216513634
2026-08-23 09:07:00,0.053541919216513634
2026-08-23 09:08:00,0.053541919216513634
2026-08-23 09:09:00,0.053541919216513634
2026-08-23 09:10:00,0.061193292029201984
2026-08-23 09:11:00,0.061193292029201984
2026-08-23 09:12:00,0.061193292029201984
2026-08-23 09:13:00,0.061193292029201984
2026-08-23 09:14:00,0.061193292029201984
2026-08-23 09:15:00,0.07381657790392637
2026-08-23 09:16:00,0.07381657790392637
2026-08-23 09:17:00,0.07381657790392637
2026-08-23 09:18:00,0.07381657790392637
2026-08-23 09:19:00,0.07381657790392637
2026-08-23 09:20:00,0.11261168122291565
2026-08-23 09:21:00,0.11261168122291565
2026-08-23 09:22:00,0.11261168122291565
2026-08-23 09:23:00,0.11261168122291565
2026-08-23 09:24:00,0.11261168122291565
2026-08-23 09:25:00,0.14940393157303333
2026-08-23 09:26:00,0.14940393157303333
2026-08-23 09:27:00,0.14940393157303333
2026-08-23 09:28:00,0.14940393157303333
2026-08-23 09:29:00,0.14940393157303333
2026-08-23 09:30:00,0.17776173539459705
2026-08-23 09:31:00,0.17776173539459705
2026-08-23 09:32:00,0.17776173539459705
2026-08-23 09:33:00,0.17776173539459705
2026-08-23 09:34:00,0.17776173539459705
2026-08-23 09:35:00,0.20517797395586967
2026-08-23 09:36:00,0.20517797395586967
2026-08-23 09:37:00,0.20517797395586967
2026-08-23 09:38:00,0.20517797395586967
2026-08-23 09:39:00,0.20517797395586967
2026-08-23 09:40:00,0.17161602899432182
2026-08-23 09:41:00,0.17161602899432182
2026-08-23 09:42:00,0.17161602899432182
2026-08-23 09:43:00,0.17161602899432182
2026-08-23 09:44:00,0.17161602899432182
2026-08-23 09:45:00,0.1333217453211546
2026-08-23 09:46:00,0.1333217453211546
2026-08-23 09:47:00,0.1333217453211546
2026-08-23 09:48:00,0.1333217453211546
2026-08-23 09:49:00,0.1333217453211546
2026-08-23 09:50:00,0.09523926209658384
2026-08-23 09:51:00,0.09523926209658384
2026-08-23 09:52:00,0.09523926209658384
2026-08-23 09:53:00,0.09523926209658384
2026-08-23 09:54:00,0.09523926209658384
2026-08-23 09:55:00,0.05798590648919344
2026-08-23 09:56:00,0.05798590648919344
2026-08-23 09:57:00,0.05798590648919344
2026-08-23 09:58:00,0.05798590648919344
2026-08-23 09:59:00,0.05798590648919344
2026-08-23 10:00:00,0.05255693756043911
2026-08-23 10:01:00,0.05255693756043911
2026-08-23 10:02:00,0.05255693756043911
2026-08-23 10:03:00,0.05255693756043911
2026-08-23 10:04:00,0.05255693756043911
2026-08-23 10:05:00,0.049073731526732445
2026-08-23 10:06:00,0.049073731526732445
2026-08-23 10:07:00,0.049073731526732445
2026-08-23 10:08:00,0.049073731526732445
2026-08-23 10:09:00,0.049073731526732445
2026-08-23 10:10:00,0.04812496807426214
2026-08-23 10:11:00,0.04812496807426214
2026-08-23 10:12:00,0.04812496807426214
2026-08-23 10:13:00,0.04812496807426214
2026-08-23 10:14:00,0.04812496807426214
2026-08-23 10:15:00,0.047094639390707016
2026-08-23 10:16:00,0.047094639390707016
2026-08-23 10:17:00,0.047094639390707016
2026-08-23 10:18:00,0.047094639390707016
2026-08-23 10:19:00,0.047094639390707016
2026-08-23 10:20:00,0.04901349823921919
2026-08-23 10:21:00,0.04901349823921919
2026-08-23 10:22:00,0.04901349823921919
2026-08-23 10:23:00,0.04901349823921919
2026-08-23 10:24:00,0.04901349823921919
2026-08-23 10:25:00,0.05533644091337919
2026-08-23 10:26:00,0.05533644091337919
2026-08-23 10:27:00,0.05533644091337919
2026-08-23 10:28:00,0.05533644091337919
2026-08-23 10:29:00,0.05533644091337919
2026-08-23 10:30:00,0.0587987145408988
2026-08-23 10:31:00,0.0587987145408988
2026-08-23 10:32:00,0.0587987145408988
2026-08-23 10:33:00,0.0587987145408988
2026-08-23 10:34:00,0.0587987145408988
2026-08-23 10:35:00,0.06124403700232506
2026-08-23 10:36:00,0.06124403700232506
2026-08-23 10:37:00,0.06124403700232506
2026-08-23 10:38:00,0.06124403700232506
2026-08-23 10:39:00,0.06124403700232506
2026-08-23 10:40:00,0.0585810923948884
2026-08-23 10:41:00,0.0585810923948884
2026-08-23 10:42:00,0.0585810923948884
2026-08-23 10:43:00,0.0585810923948884
2026-08-23 10:44:00,0.0585810923948884
2026-08-23 10:45:00,0.3027104651555419
2026-08-23 10:46:00,0.3027104651555419
2026-08-23 10:47:00,0.3027104651555419
2026-08-23 10:48:00,0.3027104651555419
2026-08-23 10:49:00,0.3027104651555419
2026-08-23 10:50:00,0.5471782172098756
2026-08-23 10:51:00,0.5471782172098756
2026-08-23 10:52:00,0.5471782172098756
2026-08-23 10:53:00,0.5471782172098756
2026-08-23 10:54:00,0.5471782172098756
2026-08-23 10:55:00,0.7918762313202024
2026-08-23 10:56:00,0.7918762313202024
2026-08-23 10:57:00,0.7918762313202024
2026-08-23 10:58:00,0.7918762313202024
2026-08-23 10:59:00,0.7918762313202024
2026-08-23 11:00:00,1.0402918457984924
2026-08-23 11:01:00,1.0402918457984924
2026-08-23 11:02:00,1.0402918457984924
2026-08-23 11:03:00,1.0402918457984924
2026-08-23 11:04:00,1.0402918457984924
2026-08-23 11:05:00,0.7987670619040728
2026-08-23 11:06:00,0.7987670619040728
2026-08-23 11:07:00,0.7987670619040728
2026-08-23 11:08:00,0.7987670619040728
2026-08-23 11:09:00,0.7987670619040728
2026-08-23 11:10:00,0.5534268897026777
2026-08-23 11:11:00,0.5534268897026777
2026-08-23 11:12:00,0.5534268897026777
2026-08-23 11:13:00,0.5534268897026777
2026-08-23 11:14:00,0.5534268897026777
2026-08-23 11:15:00,0.30701896641403437
2026-08-23 11:16:00,0.30701896641403437
2026-08-23 11:17:00,0.30701896641403437
2026-08-23 11:18:00,0.30701896641403437
2026-08-23 11:19:00,0.30701896641403437
2026-08-23 11:20:00,0.06132056284695864
2026-08-23 11:21:00,0.06132056284695864
2026-08-23 11:22:00,0.06132056284695864
2026-08-23 11:23:00,0.06132056284695864
2026-08-23 11:24:00,0.06132056284695864
2026-08-23 11:25:00,0.059631009586155415
2026-08-23 11:26:00,0.059631009586155415
2026-08-23 11:27:00,0.059631009586155415
2026-08-23 11:28:00,0.059631009586155415
2026-08-23 11:29:00,0.059631009586155415
2026-08-23 11:30:00,0.059797114692628384
2026-08-23 11:31:00,0.059797114692628384
2026-08-23 11:32:00,0.059797114692628384
2026-08-23 11:33:00,0.059797114692628384
2026-08-23 11:34:00,0.059797114692628384
2026-08-23 11:35:00,0.06088015530258417
2026-08-23 11:36:00,0.06088015530258417
2026-08-23 11:37:00,0.06088015530258417
2026-08-23 11:38:00,0.06088015530258417
2026-08-23 11:39:00,0.06088015530258417
2026-08-23 11:40:00,0.06018423568457365
2026-08-23 11:41:00,0.06018423568457365
2026-08-23 11:42:00,0.06018423568457365
2026-08-23 11:43:00,0.06018423568457365
2026-08-23 11:44:00,0.06018423568457365
2026-08-23 11:45:00,0.056327564641833305
2026-08-23 11:46:00,0.056327564641833305
2026-08-23 11:47:00,0.056327564641833305
2026-08-23 11:48:00,0.056327564641833305
2026-08-23 11:49:00,0.056327564641833305
2026-08-23 11:50:00,0.053047144785523415
2026-08-23 11:51:00,0.053047144785523415
2026-08-23 11:52:00,0.053047144785523415
2026-08-23 11:53:00,0.053047144785523415
2026-08-23 11:54:00,0.053047144785523415
2026-08-23 11:55:00,0.05227629840373993
2026-08-23 11:56:00,0.05227629840373993
2026-08-23 11:57:00,0.05227629840373993
2026-08-23 11:58:00,0.05227629840373993
2026-08-23 11:59:00,0.05227629840373993
2026-08-23 12:00:00,0.05511610396206379
2026-08-23 12:01:00,0.05511610396206379
2026-08-23 12:02:00,0.05511610396206379
2026-08-23 12:03:00,0.05511610396206379
2026-08-23 12:04:00,0.05511610396206379
2026-08-23 12:05:00,0.06023579929023981
2026-08-23 12:06:00,0.06023579929023981
2026-08-23 12:07:00,0.06023579929023981
2026-08-23 12:08:00,0.06023579929023981
2026-08-23 12:09:00,0.06023579929023981
2026-08-23 12:10:00,0.06376342009752989
2026-08-23 12:11:00,0.06376342009752989
2026-08-23 12:12:00,0.06376342009752989
2026-08-23 12:13:00,0.06376342009752989
2026-08-23 12:14:00,0.06376342009752989
2026-08-23 12:15:00,0.06255519483238459
2026-08-23 12:16:00,0.06255519483238459
2026-08-23 12:17:00,0.06255519483238459
2026-08-23 12:18:00,0.06255519483238459
2026-08-23 12:19:00,0.06255519483238459
2026-08-23 12:20:00,0.05994970630854368
2026-08-23 12:21:00,0.05994970630854368
2026-08-23 12:22:00,0.05994970630854368
2026-08-23 12:23:00,0.05994970630854368
2026-08-23 12:24:00,0.05994970630854368
2026-08-23 12:25:00,0.053821541368961334
2026-08-23 12:26:00,0.053821541368961334
2026-08-23 12:27:00,0.053821541368961334
2026-08-23 12:28:00,0.053821541368961334
2026-08-23 12:29:00,0.053821541368961334
2026-08-23 12:30:00,0.05484207719564438
2026-08-23 12:31:00,0.05484207719564438
2026-08-23 12:32:00,0.05484207719564438
2026-08-23 12:33:00,0.05484207719564438
2026-08-23 12:34:00,0.05484207719564438
2026-08-23 12:35:00,0.05933551583439112
2026-08-23 12:36:00,0.05933551583439112
2026-08-23 12:37:00,0.05933551583439112
2026-08-23 12:38:00,0.05933551583439112
2026-08-23 12:39:00,0.05933551583439112
2026-08-23 12:40:00,0.05842878483235836
2026-08-23 12:41:00,0.05842878483235836
2026-08-23 12:42:00,0.05842878483235836
2026-08-23 12:43:00,0.05842878483235836
2026-08-23 12:44:00,0.05842878483235836
2026-08-23 12:45:00,0.06050248071551323
2026-08-23 12:46:00,0.06050248071551323
2026-08-23 12:47:00,0.06050248071551323
2026-08-23 12:48:00,0.06050248071551323
2026-08-23 12:49:00,0.06050248071551323
2026-08-23 12:50:00,0.06068616360425949
2026-08-23 12:51:00,0.06068616360425949
2026-08-23 12:52:00,0.06068616360425949
2026-08-23 12:53:00,0.06068616360425949
2026-08-23 12:54:00,0.06068616360425949
2026-08-23 12:55:00,0.06367639265954494
2026-08-23 12:56:00,0.06367639265954494
2026-08-23 12:57:00,0.06367639265954494
2026-08-23 12:58:00,0.06367639265954494
2026-08-23 12:59:00,0.06367639265954494
2026-08-23 13:00:00,0.06813480239361525
2026-08-23 13:01:00,0.06813480239361525
2026-08-23 13:02:00,0.06813480239361525
2026-08-23 13:03:00,0.06813480239361525
2026-08-23 13:04:00,0.06813480239361525
2026-08-23 13:05:00,0.07045703753829002
2026-08-23 13:06:00,0.07045703753829002
2026-08-23 13:07:00,0.07045703753829002
2026-08-23 13:08:00,0.07045703753829002
2026-08-23 13:09:00,0.07045703753829002
2026-08-23 13:10:00,0.07035249471664429
2026-08-23 13:11:00,0.07035249471664429
2026-08-23 13:12:00,0.07035249471664429
2026-08-23 13:13:00,0.07035249471664429
2026-08-23 13:14:00,0.07035249471664429
2026-08-23 13:15:00,0.06818816997110844
2026-08-23 13:16:00,0.06818816997110844
2026-08-23 13:17:00,0.06818816997110844
2026-08-23 13:18:00,0.06818816997110844
2026-08-23 13:19:00,0.06818816997110844
2026-08-23 13:20:00,0.07332360744476318
2026-08-23 13:21:00,0.07332360744476318
2026-08-23 13:22:00,0.07332360744476318
2026-08-23 13:23:00,0.07332360744476318
2026-08-23 13:24:00,0.07332360744476318
2026-08-23 13:25:00,0.071833954192698
2026-08-23 13:26:00,0.071833954192698
2026-08-23 13:27:00,0.071833954192698
2026-08-23 13:28:00,0.071833954192698
2026-08-23 13:29:00,0.071833954192698
2026-08-23 13:30:00,0.06589686963707209
2026-08-23 13:31:00,0.06589686963707209
2026-08-23 13:32:00,0.06589686963707209
2026-08-23 13:33:00,0.06589686963707209
2026-08-23 13:34:00,0.06589686963707209
2026-08-23 13:35:00,0.05823613237589598
2026-08-23 13:36:00,0.05823613237589598
2026-08-23 13:37:00,0.05823613237589598
2026-08-23 13:38:00,0.05823613237589598
2026-08-23 13:39:00,0.05823613237589598
2026-08-23 13:40:00,0.048432725481688976
2026-08-23 13:41:00,0.048432725481688976
2026-08-23 13:42:00,0.048432725481688976
2026-08-23 13:43:00,0.048432725481688976
2026-08-23 13:44:00,0.048432725481688976
2026-08-23 13:45:00,0.045467459596693516
2026-08-23 13:46:00,0.045467459596693516
2026-08-23 13:47:00,0.045467459596693516
2026-08-23 13:48:00,0.045467459596693516
2026-08-23 13:49:00,0.045467459596693516
2026-08-23 13:50:00,0.04772938136011362
2026-08-23 13:51:00,0.04772938136011362
2026-08-23 13:52:00,0.04772938136011362
2026-08-23 13:53:00,0.04772938136011362
2026-08-23 13:54:00,0.04772938136011362
2026-08-23 13:55:00,0.04919619299471378
2026-08-23 13:56:00,0.04919619299471378
2026-08-23 13:57:00,0.04919619299471378
2026-08-23 13:58:00,0.04919619299471378
2026-08-23 13:59:00,0.04919619299471378
2026-08-23 14:00:00,0.047891655936837196
2026-08-23 14:01:00,0.047891655936837196
2026-08-23 14:02:00,0.047891655936837196
2026-08-23 14:03:00,0.047891655936837196
2026-08-23 14:04:00,0.047891655936837196
2026-08-23 14:05:00,0.04816008638590574
2026-08-23 14:06:00,0.04816008638590574
2026-08-23 14:07:00,0.04816008638590574
2026-08-23 14:08:00,0.04816008638590574
2026-08-23 14:09:00,0.04816008638590574
2026-08-23 14:10:00,0.051964293234050274
2026-08-23 14:11:00,0.051964293234050274
2026-08-23 14:12:00,0.051964293234050274
2026-08-23 14:13:00,0.051964293234050274
2026-08-23 14:14:00,0.051964293234050274
2026-08-23 14:15:00,0.05776038579642773
2026-08-23 14:16:00,0.05776038579642773
2026-08-23 14:17:00,0.05776038579642773
2026-08-23 14:18:00,0.05776038579642773
2026-08-23 14:19:00,0.05776038579642773
2026-08-23 14:20:00,0.064209945499897
2026-08-23 14:21:00,0.064209945499897
2026-08-23 14:22:00,0.064209945499897
2026-08-23 14:23:00,0.064209945499897
2026-08-23 14:24:00,0.064209945499897
2026-08-23 14:25:00,0.07116873934864998
2026-08-23 14:26:00,0.07116873934864998
2026-08-23 14:27:00,0.07116873934864998
2026-08-23 14:28:00,0.07116873934864998
2026-08-23 14:29:00,0.07116873934864998
2026-08-23 14:30:00,0.07631872780621052
2026-08-23 14:31:00,0.07631872780621052
2026-08-23 14:32:00,0.07631872780621052
2026-08-23 14:33:00,0.07631872780621052
2026-08-23 14:34:00,0.07631872780621052
2026-08-23 14:35:00,0.07365782652050257
2026-08-23 14:36:00,0.07365782652050257
2026-08-23 14:37:00,0.07365782652050257
2026-08-23 14:38:00,0.07365782652050257
2026-08-23 14:39:00,0.07365782652050257
2026-08-23 14:40:00,0.07106726616621017
2026-08-23 14:41:00,0.07106726616621017
2026-08-23 14:42:00,0.07106726616621017
2026-08-23 14:43:00,0.07106726616621017
2026-08-23 14:44:00,0.07106726616621017
2026-08-23 14:45:00,0.06493306998163462
2026-08-23 14:46:00,0.06493306998163462
2026-08-23 14:47:00,0.06493306998163462
2026-08-23 14:48:00,0.06493306998163462
2026-08-23 14:49:00,0.06493306998163462
2026-08-23 14:50:00,0.05618767719715834
2026-08-23 14:51:00,0.05618767719715834
2026-08-23 14:52:00,0.05618767719715834
2026-08-23 14:53:00,0.05618767719715834
2026-08-23 14:54:00,0.05618767719715834
2026-08-23 14:55:00,0.05573786236345768
2026-08-23 14:56:00,0.05573786236345768
2026-08-23 14:57:00,0.05573786236345768
2026-08-23 14:58:00,0.05573786236345768
2026-08-23 14:59:00,0.05573786236345768
2026-08-23 15:00:00,0.05310877691954374
2026-08-23 15:01:00,0.05310877691954374
2026-08-23 15:02:00,0.05310877691954374
2026-08-23 15:03:00,0.05310877691954374
2026-08-23 15:04:00,0.05310877691954374
2026-08-23 15:05:00,0.054786757566034794
2026-08-23 15:06:00,0.054786757566034794
2026-08-23 15:07:00,0.054786757566034794
2026-08-23 15:08:00,0.054786757566034794
2026-08-23 15:09:00,0.054786757566034794
2026-08-23 15:10:00,0.05708606168627739
2026-08-23 15:11:00,0.05708606168627739
2026-08-23 15:12:00,0.05708606168627739
2026-08-23 15:13:00,0.05708606168627739
2026-08-23 15:14:00,0.05708606168627739
2026-08-23 15:15:00,0.054315466433763504
2026-08-23 15:16:00,0.054315466433763504
2026-08-23 15:17:00,0.054315466433763504
2026-08-23 15:18:00,0.054315466433763504
2026-08-23 15:19:00,0.054315466433763504
2026-08-23 15:20:00,0.05558513384312391
2026-08-23 15:21:00,0.05558513384312391
2026-08-23 15:22:00,0.05558513384312391
2026-08-23 15:23:00,0.05558513384312391
2026-08-23 15:24:00,0.05558513384312391
2026-08-23 15:25:00,0.062002869322896004
2026-08-23 15:26:00,0.062002869322896004
2026-08-23 15:27:00,0.062002869322896004
2026-08-23 15:28:00,0.062002869322896004
2026-08-23 15:29:00,0.062002869322896004
2026-08-23 15:30:00,0.06725845579057932
2026-08-23 15:31:00,0.06725845579057932
2026-08-23 15:32:00,0.06725845579057932
2026-08-23 15:33:00,0.06725845579057932
2026-08-23 15:34:00,0.06725845579057932
2026-08-23 15:35:00,0.07082257326692343
2026-08-23 15:36:00,0.07082257326692343
2026-08-23 15:37:00,0.07082257326692343
2026-08-23 15:38:00,0.07082257326692343
2026-08-23 15:39:00,0.07082257326692343
2026-08-23 15:40:00,0.07398568652570248
2026-08-23 15:41:00,0.07398568652570248
2026-08-23 15:42:00,0.07398568652570248
2026-08-23 15:43:00,0.07398568652570248
2026-08-23 15:44:00,0.07398568652570248
2026-08-23 15:45:00,0.07554461807012558
2026-08-23 15:46:00,0.07554461807012558
2026-08-23 15:47:00,0.07554461807012558
2026-08-23 15:48:00,0.07554461807012558
2026-08-23 15:49:00,0.07554461807012558
2026-08-23 15:50:00,0.08050840720534325
2026-08-23 15:51:00,0.08050840720534325
2026-08-23 15:52:00,0.08050840720534325
2026-08-23 15:53:00,0.08050840720534325
2026-08-23 15:54:00,0.08050840720534325
2026-08-23 15:55:00,0.08747375756502151
2026-08-23 15:56:00,0.08747375756502151
2026-08-23 15:57:00,0.08747375756502151
2026-08-23 15:58:00,0.08747375756502151
2026-08-23 15:59:00,0.08747375756502151
2026-08-23 16:00:00,0.09166633524000645
2026-08-23 16:01:00,0.09166633524000645
2026-08-23 16:02:00,0.09166633524000645
2026-08-23 16:03:00,0.09166633524000645
2026-08-23 16:04:00,0.09166633524000645
2026-08-23 16:05:00,0.09247179515659809
2026-08-23 16:06:00,0.09247179515659809
2026-08-23 16:07:00,0.09247179515659809
2026-08-23 16:08:00,0.09247179515659809
2026-08-23 16:09:00,0.09247179515659809
2026-08-23 16:10:00,0.08698704838752747
2026-08-23 16:11:00,0.08698704838752747
2026-08-23 16:12:00,0.08698704838752747
2026-08-23 16:13:00,0.08698704838752747
2026-08-23 16:14:00,0.08698704838752747
2026-08-23 16:15:00,0.08566385135054588
2026-08-23 16:16:00,0.08566385135054588
2026-08-23 16:17:00,0.08566385135054588
2026-08-23 16:18:00,0.08566385135054588
2026-08-23 16:19:00,0.08566385135054588
2026-08-23 16:20:00,0.07665716204792261
2026-08-23 16:21:00,0.07665716204792261
2026-08-23 16:22:00,0.07665716204792261
2026-08-23 16:23:00,0.07665716204792261
2026-08-23 16:24:00,0.07665716204792261
2026-08-23 16:25:00,0.06324374582618475
2026-08-23 16:26:00,0.06324374582618475
2026-08-23 16:27:00,0.06324374582618475
2026-08-23 16:28:00,0.06324374582618475
2026-08-23 16:29:00,0.06324374582618475
2026-08-23 16:30:00,0.05586483050137758
2026-08-23 16:31:00,0.05586483050137758
2026-08-23 16:32:00,0.05586483050137758
2026-08-23 16:33:00,0.05586483050137758
2026-08-23 16:34:00,0.05586483050137758
2026-08-23 16:35:00,0.0493717435747385
2026-08-23 16:36:00,0.0493717435747385
2026-08-23 16:37:00,0.0493717435747385
2026-08-23 16:38:00,0.0493717435747385
2026-08-23 16:39:00,0.0493717435747385
2026-08-23 16:40:00,0.05264456570148468
2026-08-23 16:41:00,0.05264456570148468
2026-08-23 16:42:00,0.05264456570148468
2026-08-23 16:43:00,0.05264456570148468
2026-08-23 16:44:00,0.05264456570148468
2026-08-23 16:45:00,0.0537170534953475
2026-08-23 16:46:00,0.0537170534953475
2026-08-23 16:47:00,0.0537170534953475
2026-08-23 16:48:00,0.0537170534953475
2026-08-23 16:49:00,0.0537170534953475
2026-08-23 16:50:00,0.051637121476233006
2026-08-23 16:51:00,0.051637121476233006
2026-08-23 16:52:00,0.051637121476233006
2026-08-23 16:53:00,0.051637121476233006
2026-08-23 16:54:00,0.051637121476233006
2026-08-23 16:55:00,0.047007909044623375
2026-08-23 16:56:00,0.047007909044623375
2026-08-23 16:57:00,0.047007909044623375
2026-08-23 16:58:00,0.047007909044623375
2026-08-23 16:59:00,0.047007909044623375
2026-08-23 17:00:00,0.042125833220779896
2026-08-23 17:01:00,0.042125833220779896
2026-08-23 17:02:00,0.042125833220779896
2026-08-23 17:03:00,0.042125833220779896
2026-08-23 17:04:00,0.042125833220779896
2026-08-23 17:05:00,0.042182305827736855
2026-08-23 17:06:00,0.042182305827736855
2026-08-23 17:07:00,0.042182305827736855
2026-08-23 17:08:00,0.042182305827736855
2026-08-23 17:09:00,0.042182305827736855
2026-08-23 17:10:00,0.042310730554163456
2026-08-23 17:11:00,0.042310730554163456
2026-08-23 17:12:00,0.042310730554163456
2026-08-23 17:13:00,0.042310730554163456
2026-08-23 17:14:00,0.042310730554163456
2026-08-23 17:15:00,0.04310326837003231
2026-08-23 17:16:00,0.04310326837003231
2026-08-23 17:17:00,0.04310326837003231
2026-08-23 17:18:00,0.04310326837003231
2026-08-23 17:19:00,0.04310326837003231
2026-08-23 17:20:00,0.04324951954185963
2026-08-23 17:21:00,0.04324951954185963
2026-08-23 17:22:00,0.04324951954185963
2026-08-23 17:23:00,0.04324951954185963
2026-08-23 17:24:00,0.04324951954185963
2026-08-23 17:25:00,0.04123858828097582
2026-08-23 17:26:00,0.04123858828097582
2026-08-23 17:27:00,0.04123858828097582
2026-08-23 17:28:00,0.04123858828097582
2026-08-23 17:29:00,0.04123858828097582
2026-08-23 17:30:00,0.040775843895971775
2026-08-23 17:31:00,0.040775843895971775
2026-08-23 17:32:00,0.040775843895971775
2026-08-23 17:33:00,0.040775843895971775
2026-08-23 17:34:00,0.040775843895971775
2026-08-23 17:35:00,0.04532110225409269
2026-08-23 17:36:00,0.04532110225409269
2026-08-23 17:37:00,0.04532110225409269
2026-08-23 17:38:00,0.04532110225409269
2026-08-23 17:39:00,0.04532110225409269
2026-08-23 17:40:00,0.05518271308392286
2026-08-23 17:41:00,0.05518271308392286
2026-08-23 17:42:00,0.05518271308392286
2026-08-23 17:43:00,0.05518271308392286
2026-08-23 17:44:00,0.05518271308392286
2026-08-23 17:45:00,0.07111506909132004
2026-08-23 17:46:00,0.07111506909132004
2026-08-23 17:47:00,0.07111506909132004
2026-08-23 17:48:00,0.07111506909132004
2026-08-23 17:49:00,0.07111506909132004
2026-08-23 17:50:00,0.08171755354851484
2026-08-23 17:51:00,0.08171755354851484
2026-08-23 17:52:00,0.08171755354851484
2026-08-23 17:53:00,0.08171755354851484
2026-08-23 17:54:00,0.08171755354851484
2026-08-23 17:55:00,0.07940098736435175
2026-08-23 17:56:00,0.07940098736435175
2026-08-23 17:57:00,0.07940098736435175
2026-08-23 17:58:00,0.07940098736435175
2026-08-23 17:59:00,0.07940098736435175
2026-08-23 18:00:00,0.07436288055032492
2026-08-23 18:01:00,0.07436288055032492
2026-08-23 18:02:00,0.07436288055032492
2026-08-23 18:03:00,0.07436288055032492
2026-08-23 18:04:00,0.07436288055032492
2026-08-23 18:05:00,0.06574298720806837
2026-08-23 18:06:00,0.06574298720806837
2026-08-23 18:07:00,0.06574298720806837
2026-08-23 18:08:00,0.06574298720806837
2026-08-23 18:09:00,0.06574298720806837
2026-08-23 18:10:00,0.06350588705390692
2026-08-23 18:11:00,0.06350588705390692
2026-08-23 18:12:00,0.06350588705390692
2026-08-23 18:13:00,0.06350588705390692
2026-08-23 18:14:00,0.06350588705390692
2026-08-23 18:15:00,0.06925187446177006
2026-08-23 18:16:00,0.06925187446177006
2026-08-23 18:17:00,0.06925187446177006
2026-08-23 18:18:00,0.06925187446177006
2026-08-23 18:19:00,0.06925187446177006
2026-08-23 18:20:00,0.07110144011676311
2026-08-23 18:21:00,0.07110144011676311
2026-08-23 18:22:00,0.07110144011676311
2026-08-23 18:23:00,0.07110144011676311
2026-08-23 18:24:00,0.07110144011676311
2026-08-23 18:25:00,0.07647761330008507
2026-08-23 18:26:00,0.07647761330008507
2026-08-23 18:27:00,0.07647761330008507
2026-08-23 18:28:00,0.07647761330008507
2026-08-23 18:29:00,0.07647761330008507
2026-08-23 18:30:00,0.07053145859390497
2026-08-23 18:31:00,0.07053145859390497
2026-08-23 18:32:00,0.07053145859390497
2026-08-23 18:33:00,0.07053145859390497
2026-08-23 18:34:00,0.07053145859390497
2026-08-23 18:35:00,0.062421075999736786
2026-08-23 18:36:00,0.062421075999736786
2026-08-23 18:37:00,0.062421075999736786
2026-08-23 18:38:00,0.062421075999736786
2026-08-23 18:39:00,0.062421075999736786
2026-08-23 18:40:00,0.054358383640646935
2026-08-23 18:41:00,0.054358383640646935
2026-08-23 18:42:00,0.054358383640646935
2026-08-23 18:43:00,0.054358383640646935
2026-08-23 18:44:00,0.054358383640646935
2026-08-23 18:45:00,0.04043140448629856
2026-08-23 18:46:00,0.04043140448629856
2026-08-23 18:47:00,0.04043140448629856
2026-08-23 18:48:00,0.04043140448629856
2026-08-23 18:49:00,0.04043140448629856
2026-08-23 18:50:00,0.03711398225277662
2026-08-23 18:51:00,0.03711398225277662
2026-08-23 18:52:00,0.03711398225277662
2026-08-23 18:53:00,0.03711398225277662
2026-08-23 18:54:00,0.03711398225277662
2026-08-23 18:55:00,0.036343359388411045
2026-08-23 18:56:00,0.036343359388411045
2026-08-23 18:57:00,0.036343359388411045
2026-08-23 18:58:00,0.036343359388411045
2026-08-23 18:59:00,0.036343359388411045
2026-08-23 19:00:00,0.037944938987493515
2026-08-23 19:01:00,0.037944938987493515
2026-08-23 19:02:00,0.037944938987493515
2026-08-23 19:03:00,0.037944938987493515
2026-08-23 19:04:00,0.037944938987493515
2026-08-23 19:05:00,0.04493914544582367
2026-08-23 19:06:00,0.04493914544582367
2026-08-23 19:07:00,0.04493914544582367
2026-08-23 19:08:00,0.04493914544582367
2026-08-23 19:09:00,0.04493914544582367
2026-08-23 19:10:00,0.05093615688383579
2026-08-23 19:11:00,0.05093615688383579
2026-08-23 19:12:00,0.05093615688383579
2026-08-23 19:13:00,0.05093615688383579
2026-08-23 19:14:00,0.05093615688383579
2026-08-23 19:15:00,0.05596107058227062
2026-08-23 19:16:00,0.05596107058227062
2026-08-23 19:17:00,0.05596107058227062
2026-08-23 19:18:00,0.05596107058227062
2026-08-23 19:19:00,0.05596107058227062
2026-08-23 19:20:00,0.05821523256599903
2026-08-23 19:21:00,0.05821523256599903
2026-08-23 19:22:00,0.05821523256599903
2026-08-23 19:23:00,0.05821523256599903
2026-08-23 19:24:00,0.05821523256599903
2026-08-23 19:25:00,0.0540161170065403
2026-08-23 19:26:00,0.0540161170065403
2026-08-23 19:27:00,0.0540161170065403
2026-08-23 19:28:00,0.0540161170065403
2026-08-23 19:29:00,0.0540161170065403
2026-08-23 19:30:00,0.049125561490654945
2026-08-23 19:31:00,0.049125561490654945
2026-08-23 19:32:00,0.049125561490654945
2026-08-23 19:33:00,0.049125561490654945
2026-08-23 19:34:00,0.049125561490654945
2026-08-23 19:35:00,0.045628173276782036
2026-08-23 19:36:00,0.045628173276782036
2026-08-23 19:37:00,0.045628173276782036
2026-08-23 19:38:00,0.045628173276782036
2026-08-23 19:39:00,0.045628173276782036
2026-08-23 19:40:00,0.04879601765424013
2026-08-23 19:41:00,0.04879601765424013
2026-08-23 19:42:00,0.04879601765424013
2026-08-23 19:43:00,0.04879601765424013
2026-08-23 19:44:00,0.04879601765424013
2026-08-23 19:45:00,0.0565304895862937
2026-08-23 19:46:00,0.0565304895862937
2026-08-23 19:47:00,0.0565304895862937
2026-08-23 19:48:00,0.0565304895862937
2026-08-23 19:49:00,0.0565304895862937
2026-08-23 19:50:00,0.06464773695915937
2026-08-23 19:51:00,0.06464773695915937
2026-08-23 19:52:00,0.06464773695915937
2026-08-23 19:53:00,0.06464773695915937
2026-08-23 19:54:00,0.06464773695915937
2026-08-23 19:55:00,0.07450656034052372
2026-08-23 19:56:00,0.07450656034052372
2026-08-23 19:57:00,0.07450656034052372
2026-08-23 19:58:00,0.07450656034052372
2026-08-23 19:59:00,0.07450656034052372
2026-08-23 20:00:00,0.08197768218815327
2026-08-23 20:01:00,0.08197768218815327
2026-08-23 20:02:00,0.08197768218815327
2026-08-23 20:03:00,0.08197768218815327
2026-08-23 20:04:00,0.08197768218815327
2026-08-23 20:05:00,0.08419464156031609
2026-08-23 20:06:00,0.08419464156031609
2026-08-23 20:07:00,0.08419464156031609
2026-08-23 20:08:00,0.08419464156031609
2026-08-23 20:09:00,0.08419464156031609
2026-08-23 20:10:00,0.08432806842029095
2026-08-23 20:11:00,0.08432806842029095
2026-08-23 20:12:00,0.08432806842029095
2026-08-23 20:13:00,0.08432806842029095
2026-08-23 20:14:00,0.08432806842029095
2026-08-23 20:15:00,0.07643749751150608
2026-08-23 20:16:00,0.07643749751150608
2026-08-23 20:17:00,0.07643749751150608
2026-08-23 20:18:00,0.07643749751150608
2026-08-23 20:19:00,0.07643749751150608
2026-08-23 20:20:00,0.0649763597175479
2026-08-23 20:21:00,0.0649763597175479
2026-08-23 20:22:00,0.0649763597175479
2026-08-23 20:23:00,0.0649763597175479
2026-08-23 20:24:00,0.0649763597175479
2026-08-23 20:25:00,0.05473419651389122
2026-08-23 20:26:00,0.05473419651389122
2026-08-23 20:27:00,0.05473419651389122
2026-08-23 20:28:00,0.05473419651389122
2026-08-23 20:29:00,0.05473419651389122
2026-08-23 20:30:00,0.0478311525657773
2026-08-23 20:31:00,0.0478311525657773
2026-08-23 20:32:00,0.0478311525657773
2026-08-23 20:33:00,0.0478311525657773
2026-08-23 20:34:00,0.0478311525657773
2026-08-23 20:35:00,0.048137458972632885
2026-08-23 20:36:00,0.048137458972632885
2026-08-23 20:37:00,0.048137458972632885
2026-08-23 20:38:00,0.048137458972632885
2026-08-23 20:39:00,0.048137458972632885
2026-08-23 20:40:00,0.05035721603780985
2026-08-23 20:41:00,0.05035721603780985
2026-08-23 20:42:00,0.05035721603780985
2026-08-23 20:43:00,0.05035721603780985
2026-08-23 20:44:00,0.05035721603780985
2026-08-23 20:45:00,0.05554197169840336
2026-08-23 20:46:00,0.05554197169840336
2026-08-23 20:47:00,0.05554197169840336
2026-08-23 20:48:00,0.05554197169840336
2026-08-23 20:49:00,0.05554197169840336
2026-08-23 20:50:00,0.057978988625109196
2026-08-23 20:51:00,0.057978988625109196
2026-08-23 20:52:00,0.057978988625109196
2026-08-23 20:53:00,0.057978988625109196
2026-08-23 20:54:00,0.057978988625109196
2026-08-23 20:55:00,0.05691690184175968
2026-08-23 20:56:00,0.05691690184175968
2026-08-23 20:57:00,0.05691690184175968
2026-08-23 20:58:00,0.05691690184175968
2026-08-23 20:59:00,0.05691690184175968
2026-08-23 21:00:00,0.053702132776379585
2026-08-23 21:01:00,0.053702132776379585
2026-08-23 21:02:00,0.053702132776379585
2026-08-23 21:03:00,0.053702132776379585
2026-08-23 21:04:00,0.053702132776379585
2026-08-23 21:05:00,0.04989176709204912
2026-08-23 21:06:00,0.04989176709204912
2026-08-23 21:07:00,0.04989176709204912
2026-08-23 21:08:00,0.04989176709204912
2026-08-23 21:09:00,0.04989176709204912
2026-08-23 21:10:00,0.04882298316806555
2026-08-23 21:11:00,0.04882298316806555
2026-08-23 21:12:00,0.04882298316806555
2026-08-23 21:13:00,0.04882298316806555
2026-08-23 21:14:00,0.04882298316806555
2026-08-23 21:15:00,0.048562949523329735
2026-08-23 21:16:00,0.048562949523329735
2026-08-23 21:17:00,0.048562949523329735
2026-08-23 21:18:00,0.048562949523329735
2026-08-23 21:19:00,0.048562949523329735
2026-08-23 21:20:00,0.047252653166651726
2026-08-23 21:21:00,0.047252653166651726
2026-08-23 21:22:00,0.047252653166651726
2026-08-23 21:23:00,0.047252653166651726
2026-08-23 21:24:00,0.047252653166651726
2026-08-23 21:25:00,0.047261384315788746
2026-08-23 21:26:00,0.047261384315788746
2026-08-23 21:27:00,0.047261384315788746
2026-08-23 21:28:00,0.047261384315788746
2026-08-23 21:29:00,0.047261384315788746
2026-08-23 21:30:00,0.051929655484855175
2026-08-23 21:31:00,0.051929655484855175
2026-08-23 21:32:00,0.051929655484855175
2026-08-23 21:33:00,0.051929655484855175
2026-08-23 21:34:00,0.051929655484855175
2026-08-23 21:35:00,0.058195373974740505
2026-08-23 21:36:00,0.058195373974740505
2026-08-23 21:37:00,0.058195373974740505
2026-08-23 21:38:00,0.058195373974740505
2026-08-23 21:39:00,0.058195373974740505
2026-08-23 21:40:00,0.06606872379779816
2026-08-23 21:41:00,0.06606872379779816
2026-08-23 21:42:00,0.06606872379779816
2026-08-23 21:43:00,0.06606872379779816
2026-08-23 21:44:00,0.06606872379779816
2026-08-23 21:45:00,0.06954991072416306
2026-08-23 21:46:00,0.06954991072416306
2026-08-23 21:47:00,0.06954991072416306
2026-08-23 21:48:00,0.06954991072416306
2026-08-23 21:49:00,0.06954991072416306
2026-08-23 21:50:00,0.06591659504920244
2026-08-23 21:51:00,0.06591659504920244
2026-08-23 21:52:00,0.06591659504920244
2026-08-23 21:53:00,0.06591659504920244
2026-08-23 21:54:00,0.06591659504920244
2026-08-23 21:55:00,0.06261669844388962
2026-08-23 21:56:00,0.06261669844388962
2026-08-23 21:57:00,0.06261669844388962
2026-08-23 21:58:00,0.06261669844388962
2026-08-23 21:59:00,0.06261669844388962
2026-08-23 22:00:00,0.061030181124806404
2026-08-23 22:01:00,0.061030181124806404
2026-08-23 22:02:00,0.061030181124806404
2026-08-23 22:03:00,0.061030181124806404
2026-08-23 22:04:00,0.061030181124806404
2026-08-23 22:05:00,0.06533843092620373
2026-08-23 22:06:00,0.06533843092620373
2026-08-23 22:07:00,0.06533843092620373
2026-08-23 22:08:00,0.06533843092620373
2026-08-23 22:09:00,0.06533843092620373
2026-08-23 22:10:00,0.07454394828528166
2026-08-23 22:11:00,0.07454394828528166
2026-08-23 22:12:00,0.07454394828528166
2026-08-23 22:13:00,0.07454394828528166
2026-08-23 22:14:00,0.07454394828528166
2026-08-23 22:15:00,0.07921651750802994
2026-08-23 22:16:00,0.07921651750802994
2026-08-23 22:17:00,0.07921651750802994
2026-08-23 22:18:00,0.07921651750802994
2026-08-23 22:19:00,0.07921651750802994
2026-08-23 22:20:00,0.08010535687208176
2026-08-23 22:21:00,0.08010535687208176
2026-08-23 22:22:00,0.08010535687208176
2026-08-23 22:23:00,0.08010535687208176
2026-08-23 22:24:00,0.08010535687208176
2026-08-23 22:25:00,0.07488827500492334
2026-08-23 22:26:00,0.07488827500492334
2026-08-23 22:27:00,0.07488827500492334
2026-08-23 22:28:00,0.07488827500492334
2026-08-23 22:29:00,0.07488827500492334
2026-08-23 22:30:00,0.06329503655433655
2026-08-23 22:31:00,0.06329503655433655
2026-08-23 22:32:00,0.06329503655433655
2026-08-23 22:33:00,0.06329503655433655
2026-08-23 22:34:00,0.06329503655433655
2026-08-23 22:35:00,0.05655952636152506
2026-08-23 22:36:00,0.05655952636152506
2026-08-23 22:37:00,0.05655952636152506
2026-08-23 22:38:00,0.05655952636152506
2026-08-23 22:39:00,0.05655952636152506
2026-08-23 22:40:00,0.05228903703391552
2026-08-23 22:41:00,0.05228903703391552
2026-08-23 22:42:00,0.05228903703391552
2026-08-23 22:43:00,0.05228903703391552
2026-08-23 22:44:00,0.05228903703391552
2026-08-23 22:45:00,0.049806940369307995
2026-08-23 22:46:00,0.049806940369307995
2026-08-23 22:47:00,0.049806940369307995
2026-08-23 22:48:00,0.049806940369307995
2026-08-23 22:49:00,0.049806940369307995
2026-08-23 22:50:00,0.0491035720333457
2026-08-23 22:51:00,0.0491035720333457
2026-08-23 22:52:00,0.0491035720333457
2026-08-23 22:53:00,0.0491035720333457
2026-08-23 22:54:00,0.0491035720333457
2026-08-23 22:55:00,0.050619387067854404
2026-08-23 22:56:00,0.050619387067854404
2026-08-23 22:57:00,0.050619387067854404
2026-08-23 22:58:00,0.050619387067854404
2026-08-23 22:59:00,0.050619387067854404
2026-08-23 23:00:00,0.05792391672730446
2026-08-23 23:01:00,0.05792391672730446
2026-08-23 23:02:00,0.05792391672730446
2026-08-23 23:03:00,0.05792391672730446
2026-08-23 23:04:00,0.05792391672730446
2026-08-23 23:05:00,0.06889824010431767
2026-08-23 23:06:00,0.06889824010431767
2026-08-23 23:07:00,0.06889824010431767
2026-08-23 23:08:00,0.06889824010431767
2026-08-23 23:09:00,0.06889824010431767
2026-08-23 23:10:00,0.08456221129745245
2026-08-23 23:11:00,0.08456221129745245
2026-08-23 23:12:00,0.08456221129745245
2026-08-23 23:13:00,0.08456221129745245
2026-08-23 23:14:00,0.08456221129745245
2026-08-23 23:15:00,0.08995525725185871
2026-08-23 23:16:00,0.08995525725185871
2026-08-23 23:17:00,0.08995525725185871
2026-08-23 23:18:00,0.08995525725185871
2026-08-23 23:19:00,0.08995525725185871
2026-08-23 23:20:00,0.08591915667057037
2026-08-23 23:21:00,0.08591915667057037
2026-08-23 23:22:00,0.08591915667057037
2026-08-23 23:23:00,0.08591915667057037
2026-08-23 23:24:00,0.08591915667057037
2026-08-23 23:25:00,0.07896008528769016
2026-08-23 23:26:00,0.07896008528769016
2026-08-23 23:27:00,0.07896008528769016
2026-08-23 23:28:00,0.07896008528769016
2026-08-23 23:29:00,0.07896008528769016
2026-08-23 23:30:00,0.07107837870717049
2026-08-23 23:31:00,0.07107837870717049
2026-08-23 23:32:00,0.07107837870717049
2026-08-23 23:33:00,0.07107837870717049
2026-08-23 23:34:00,0.07107837870717049
2026-08-23 23:35:00,0.07041247561573982
2026-08-23 23:36:00,0.07041247561573982
2026-08-23 23:37:00,0.07041247561573982
2026-08-23 23:38:00,0.07041247561573982
2026-08-23 23:39:00,0.07041247561573982
2026-08-23 23:40:00,0.07464269176125526
2026-08-23 23:41:00,0.07464269176125526
2026-08-23 23:42:00,0.07464269176125526
2026-08-23 23:43:00,0.07464269176125526
2026-08-23 23:44:00,0.07464269176125526
2026-08-23 23:45:00,0.07242205645889044
2026-08-23 23:46:00,0.07242205645889044
2026-08-23 23:47:00,0.07242205645889044
2026-08-23 23:48:00,0.07242205645889044
2026-08-23 23:49:00,0.07242205645889044
2026-08-23 23:50:00,0.06528023816645145
2026-08-23 23:51:00,0.06528023816645145
2026-08-23 23:52:00,0.06528023816645145
2026-08-23 23:53:00,0.06528023816645145
2026-08-23 23:54:00,0.06528023816645145
2026-08-23 23:55:00,0.09226127341389656
2026-08-23 23:56:00,0.09226127341389656
2026-08-23 23:57:00,0.09226127341389656
2026-08-23 23:58:00,0.09226127341389656
2026-08-23 23:59:00,0.09226127341389656
2026-08-24 00:00:00,0.16585898771882057
2026-08-24 00:01:00,0.16585898771882057
2026-08-24 00:02:00,0.16585898771882057
2026-08-24 00:03:00,0.16585898771882057
2026-08-24 00:04:00,0.16585898771882057
2026-08-24 00:05:00,0.24485875386744738
2026-08-24 00:06:00,0.24485875386744738
2026-08-24 00:07:00,0.24485875386744738
2026-08-24 00:08:00,0.24485875386744738
2026-08-24 00:09:00,0.24485875386744738
2026-08-24 00:10:00,0.32648172229528427
2026-08-24 00:11:00,0.32648172229528427
2026-08-24 00:12:00,0.32648172229528427
2026-08-24 00:13:00,0.32648172229528427
2026-08-24 00:14:00,0.32648172229528427
2026-08-24 00:15:00,0.32853612303733826
2026-08-24 00:16:00,0.32853612303733826
2026-08-24 00:17:00,0.32853612303733826
2026-08-24 00:18:00,0.32853612303733826
2026-08-24 00:19:00,0.32853612303733826
2026-08-24 00:20:00,0.2492773411795497
2026-08-24 00:21:00,0.2492773411795497
2026-08-24 00:22:00,0.2492773411795497
2026-08-24 00:23:00,0.2492773411795497
2026-08-24 00:24:00,0.2492773411795497
2026-08-24 00:25:00,0.17269353847950697
2026-08-24 00:26:00,0.17269353847950697
2026-08-24 00:27:00,0.17269353847950697
2026-08-24 00:28:00,0.17269353847950697
2026-08-24 00:29:00,0.17269353847950697
2026-08-24 00:30:00,0.09303993079811335
2026-08-24 00:31:00,0.09303993079811335
2026-08-24 00:32:00,0.09303993079811335
2026-08-24 00:33:00,0.09303993079811335
2026-08-24 00:34:00,0.09303993079811335
2026-08-24 00:35:00,0.05947053898125887
2026-08-24 00:36:00,0.05947053898125887
2026-08-24 00:37:00,0.05947053898125887
2026-08-24 00:38:00,0.05947053898125887
2026-08-24 00:39:00,0.05947053898125887
2026-08-24 00:40:00,0.05787231121212244
2026-08-24 00:41:00,0.05787231121212244
2026-08-24 00:42:00,0.05787231121212244
2026-08-24 00:43:00,0.05787231121212244
2026-08-24 00:44:00,0.05787231121212244
2026-08-24 00:45:00,0.05271281115710735
2026-08-24 00:46:00,0.05271281115710735
2026-08-24 00:47:00,0.05271281115710735
2026-08-24 00:48:00,0.05271281115710735
2026-08-24 00:49:00,0.05271281115710735
2026-08-24 00:50:00,0.05486689321696758
2026-08-24 00:51:00,0.05486689321696758
2026-08-24 00:52:00,0.05486689321696758
2026-08-24 00:53:00,0.05486689321696758
2026-08-24 00:54:00,0.05486689321696758
2026-08-24 00:55:00,0.06497816555202007
2026-08-24 00:56:00,0.06497816555202007
2026-08-24 00:57:00,0.06497816555202007
2026-08-24 00:58:00,0.06497816555202007
2026-08-24 00:59:00,0.06497816555202007
2026-08-24 01:00:00,0.0808247597888112
2026-08-24 01:01:00,0.0808247597888112
2026-08-24 01:02:00,0.0808247597888112
2026-08-24 01:03:00,0.0808247597888112
2026-08-24 01:04:00,0.0808247597888112
2026-08-24 01:05:00,0.1003938764333725
2026-08-24 01:06:00,0.1003938764333725
2026-08-24 01:07:00,0.1003938764333725
2026-08-24 01:08:00,0.1003938764333725
2026-08-24 01:09:00,0.1003938764333725
2026-08-24 01:10:00,0.11778243072330952
2026-08-24 01:11:00,0.11778243072330952
2026-08-24 01:12:00,0.11778243072330952
2026-08-24 01:13:00,0.11778243072330952
2026-08-24 01:14:00,0.11778243072330952
2026-08-24 01:15:00,0.12221681140363216
2026-08-24 01:16:00,0.12221681140363216
2026-08-24 01:17:00,0.12221681140363216
2026-08-24 01:18:00,0.12221681140363216
2026-08-24 01:19:00,0.12221681140363216
2026-08-24 01:20:00,0.12112581543624401
2026-08-24 01:21:00,0.12112581543624401
2026-08-24 01:22:00,0.12112581543624401
2026-08-24 01:23:00,0.12112581543624401
2026-08-24 01:24:00,0.12112581543624401
2026-08-24 01:25:00,0.14818636141717434
2026-08-24 01:26:00,0.14818636141717434
2026-08-24 01:27:00,0.14818636141717434
2026-08-24 01:28:00,0.14818636141717434
2026-08-24 01:29:00,0.14818636141717434
2026-08-24 01:30:00,0.20962302945554256
2026-08-24 01:31:00,0.20962302945554256
2026-08-24 01:32:00,0.20962302945554256
2026-08-24 01:33:00,0.20962302945554256
2026-08-24 01:34:00,0.20962302945554256
2026-08-24 01:35:00,0.2742398511618376
2026-08-24 01:36:00,0.2742398511618376
2026-08-24 01:37:00,0.2742398511618376
2026-08-24 01:38:00,0.2742398511618376
2026-08-24 01:39:00,0.2742398511618376
2026-08-24 01:40:00,0.3381221666932106
2026-08-24 01:41:00,0.3381221666932106
2026-08-24 01:42:00,0.3381221666932106
2026-08-24 01:43:00,0.3381221666932106
2026-08-24 01:44:00,0.3381221666932106
2026-08-24 01:45:00,0.3333112262189388
2026-08-24 01:46:00,0.3333112262189388
2026-08-24 01:47:00,0.3333112262189388
2026-08-24 01:48:00,0.3333112262189388
2026-08-24 01:49:00,0.3333112262189388
2026-08-24 01:50:00,0.25707053020596504
2026-08-24 01:51:00,0.25707053020596504
2026-08-24 01:52:00,0.25707053020596504
2026-08-24 01:53:00,0.25707053020596504
2026-08-24 01:54:00,0.25707053020596504
2026-08-24 01:55:00,0.18204151466488838
2026-08-24 01:56:00,0.18204151466488838
2026-08-24 01:57:00,0.18204151466488838
2026-08-24 01:58:00,0.18204151466488838
2026-08-24 01:59:00,0.18204151466488838
2026-08-24 02:00:00,0.11287289299070835
2026-08-24 02:01:00,0.11287289299070835
2026-08-24 02:02:00,0.11287289299070835
2026-08-24 02:03:00,0.11287289299070835
2026-08-24 02:04:00,0.11287289299070835
2026-08-24 02:05:00,0.08261302299797535
2026-08-24 02:06:00,0.08261302299797535
2026-08-24 02:07:00,0.08261302299797535
2026-08-24 02:08:00,0.08261302299797535
2026-08-24 02:09:00,0.08261302299797535
2026-08-24 02:10:00,0.08539514802396297
2026-08-24 02:11:00,0.08539514802396297
2026-08-24 02:12:00,0.08539514802396297
2026-08-24 02:13:00,0.08539514802396297
2026-08-24 02:14:00,0.08539514802396297
2026-08-24 02:15:00,0.08767039887607098
2026-08-24 02:16:00,0.08767039887607098
2026-08-24 02:17:00,0.08767039887607098
2026-08-24 02:18:00,0.08767039887607098
2026-08-24 02:19:00,0.08767039887607098
2026-08-24 02:20:00,0.08346937224268913
2026-08-24 02:21:00,0.08346937224268913
2026-08-24 02:22:00,0.08346937224268913
2026-08-24 02:23:00,0.08346937224268913
2026-08-24 02:24:00,0.08346937224268913
2026-08-24 02:25:00,0.07472643908113241
2026-08-24 02:26:00,0.07472643908113241
2026-08-24 02:27:00,0.07472643908113241
2026-08-24 02:28:00,0.07472643908113241
2026-08-24 02:29:00,0.07472643908113241
2026-08-24 02:30:00,0.06820601690560579
2026-08-24 02:31:00,0.06820601690560579
2026-08-24 02:32:00,0.06820601690560579
2026-08-24 02:33:00,0.06820601690560579
2026-08-24 02:34:00,0.06820601690560579
2026-08-24 02:35:00,0.0620973901823163
2026-08-24 02:36:00,0.0620973901823163
2026-08-24 02:37:00,0.0620973901823163
2026-08-24 02:38:00,0.0620973901823163
2026-08-24 02:39:00,0.0620973901823163
2026-08-24 02:40:00,0.06078578811138868
2026-08-24 02:41:00,0.06078578811138868
2026-08-24 02:42:00,0.06078578811138868
2026-08-24 02:43:00,0.06078578811138868
2026-08-24 02:44:00,0.06078578811138868
2026-08-24 02:45:00,0.07005279138684273
2026-08-24 02:46:00,0.07005279138684273
2026-08-24 02:47:00,0.07005279138684273
2026-08-24 02:48:00,0.07005279138684273
2026-08-24 02:49:00,0.07005279138684273
2026-08-24 02:50:00,0.07318724878132343
2026-08-24 02:51:00,0.07318724878132343
2026-08-24 02:52:00,0.07318724878132343
2026-08-24 02:53:00,0.07318724878132343
2026-08-24 02:54:00,0.07318724878132343
2026-08-24 02:55:00,0.06897117849439383
2026-08-24 02:56:00,0.06897117849439383
2026-08-24 02:57:00,0.06897117849439383
2026-08-24 02:58:00,0.06897117849439383
2026-08-24 02:59:00,0.06897117849439383
2026-08-24 03:00:00,0.06304228492081165
2026-08-24 03:01:00,0.06304228492081165
2026-08-24 03:02:00,0.06304228492081165
2026-08-24 03:03:00,0.06304228492081165
2026-08-24 03:04:00,0.06304228492081165
2026-08-24 03:05:00,0.04920392669737339
2026-08-24 03:06:00,0.04920392669737339
2026-08-24 03:07:00,0.04920392669737339
2026-08-24 03:08:00,0.04920392669737339
2026-08-24 03:09:00,0.04920392669737339
2026-08-24 03:10:00,0.04231308959424496
2026-08-24 03:11:00,0.04231308959424496
2026-08-24 03:12:00,0.04231308959424496
2026-08-24 03:13:00,0.04231308959424496
2026-08-24 03:14:00,0.04231308959424496
2026-08-24 03:15:00,0.042497994378209114
2026-08-24 03:16:00,0.042497994378209114
2026-08-24 03:17:00,0.042497994378209114
2026-08-24 03:18:00,0.042497994378209114
2026-08-24 03:19:00,0.042497994378209114
2026-08-24 03:20:00,0.04376145824790001
2026-08-24 03:21:00,0.04376145824790001
2026-08-24 03:22:00,0.04376145824790001
2026-08-24 03:23:00,0.04376145824790001
2026-08-24 03:24:00,0.04376145824790001
2026-08-24 03:25:00,0.04816206078976393
2026-08-24 03:26:00,0.04816206078976393
2026-08-24 03:27:00,0.04816206078976393
2026-08-24 03:28:00,0.04816206078976393
2026-08-24 03:29:00,0.04816206078976393
2026-08-24 03:30:00,0.05230465903878212
2026-08-24 03:31:00,0.05230465903878212
2026-08-24 03:32:00,0.05230465903878212
2026-08-24 03:33:00,0.05230465903878212
2026-08-24 03:34:00,0.05230465903878212
2026-08-24 03:35:00,0.055065969936549664
2026-08-24 03:36:00,0.055065969936549664
2026-08-24 03:37:00,0.055065969936549664
2026-08-24 03:38:00,0.055065969936549664
2026-08-24 03:39:00,0.055065969936549664
2026-08-24 03:40:00,0.05823928490281105
2026-08-24 03:41:00,0.05823928490281105
2026-08-24 03:42:00,0.05823928490281105
2026-08-24 03:43:00,0.05823928490281105
2026-08-24 03:44:00,0.05823928490281105
2026-08-24 03:45:00,0.06116314698010683
2026-08-24 03:46:00,0.06116314698010683
2026-08-24 03:47:00,0.06116314698010683
2026-08-24 03:48:00,0.06116314698010683
2026-08-24 03:49:00,0.06116314698010683
2026-08-24 03:50:00,0.06531152687966824
2026-08-24 03:51:00,0.06531152687966824
2026-08-24 03:52:00,0.06531152687966824
2026-08-24 03:53:00,0.06531152687966824
2026-08-24 03:54:00,0.06531152687966824
2026-08-24 03:55:00,0.06823643669486046
2026-08-24 03:56:00,0.06823643669486046
2026-08-24 03:57:00,0.06823643669486046
2026-08-24 03:58:00,0.06823643669486046
2026-08-24 03:59:00,0.06823643669486046
2026-08-24 04:00:00,0.06704248394817114
2026-08-24 04:01:00,0.06704248394817114
2026-08-24 04:02:00,0.06704248394817114
2026-08-24 04:03:00,0.06704248394817114
2026-08-24 04:04:00,0.06704248394817114
2026-08-24 04:05:00,0.062328954227268696
2026-08-24 04:06:00,0.062328954227268696
2026-08-24 04:07:00,0.062328954227268696
2026-08-24 04:08:00,0.062328954227268696
2026-08-24 04:09:00,0.062328954227268696
2026-08-24 04:10:00,0.05569026060402393
2026-08-24 04:11:00,0.05569026060402393
2026-08-24 04:12:00,0.05569026060402393
2026-08-24 04:13:00,0.05569026060402393
2026-08-24 04:14:00,0.05569026060402393
2026-08-24 04:15:00,0.05390840768814087
2026-08-24 04:16:00,0.05390840768814087
2026-08-24 04:17:00,0.05390840768814087
2026-08-24 04:18:00,0.05390840768814087
2026-08-24 04:19:00,0.05390840768814087
2026-08-24 04:20:00,0.05435228254646063
2026-08-24 04:21:00,0.05435228254646063
2026-08-24 04:22:00,0.05435228254646063
2026-08-24 04:23:00,0.05435228254646063
2026-08-24 04:24:00,0.05435228254646063
2026-08-24 04:25:00,0.058950127102434635
2026-08-24 04:26:00,0.058950127102434635
2026-08-24 04:27:00,0.058950127102434635
2026-08-24 04:28:00,0.058950127102434635
2026-08-24 04:29:00,0.058950127102434635
2026-08-24 04:30:00,0.06404352746903896
2026-08-24 04:31:00,0.06404352746903896
2026-08-24 04:32:00,0.06404352746903896
2026-08-24 04:33:00,0.06404352746903896
2026-08-24 04:34:00,0.06404352746903896
2026-08-24 04:35:00,0.06517337262630463
2026-08-24 04:36:00,0.06517337262630463
2026-08-24 04:37:00,0.06517337262630463
2026-08-24 04:38:00,0.06517337262630463
2026-08-24 04:39:00,0.06517337262630463
2026-08-24 04:40:00,0.0666919443756342
2026-08-24 04:41:00,0.0666919443756342
2026-08-24 04:42:00,0.0666919443756342
2026-08-24 04:43:00,0.0666919443756342
2026-08-24 04:44:00,0.0666919443756342
2026-08-24 04:45:00,0.07148810848593712
2026-08-24 04:46:00,0.07148810848593712
2026-08-24 04:47:00,0.07148810848593712
2026-08-24 04:48:00,0.07148810848593712
2026-08-24 04:49:00,0.07148810848593712
2026-08-24 04:50:00,0.06757212709635496
2026-08-24 04:51:00,0.06757212709635496
2026-08-24 04:52:00,0.06757212709635496
2026-08-24 04:53:00,0.06757212709635496
2026-08-24 04:54:00,0.06757212709635496
2026-08-24 04:55:00,0.06530790310353041
2026-08-24 04:56:00,0.06530790310353041
2026-08-24 04:57:00,0.06530790310353041
2026-08-24 04:58:00,0.06530790310353041
2026-08-24 04:59:00,0.06530790310353041
2026-08-24 05:00:00,0.06424879282712936
2026-08-24 05:01:00,0.06424879282712936
2026-08-24 05:02:00,0.06424879282712936
2026-08-24 05:03:00,0.06424879282712936
2026-08-24 05:04:00,0.06424879282712936
2026-08-24 05:05:00,0.05835041217505932
2026-08-24 05:06:00,0.05835041217505932
2026-08-24 05:07:00,0.05835041217505932
2026-08-24 05:08:00,0.05835041217505932
2026-08-24 05:09:00,0.05835041217505932
2026-08-24 05:10:00,0.055887941271066666
2026-08-24 05:11:00,0.055887941271066666
2026-08-24 05:12:00,0.055887941271066666
2026-08-24 05:13:00,0.055887941271066666
2026-08-24 05:14:00,0.055887941271066666
2026-08-24 05:15:00,0.055404309183359146
2026-08-24 05:16:00,0.055404309183359146
2026-08-24 05:17:00,0.055404309183359146
2026-08-24 05:18:00,0.055404309183359146
2026-08-24 05:19:00,0.055404309183359146
2026-08-24 05:20:00,0.05055212415754795
2026-08-24 05:21:00,0.05055212415754795
2026-08-24 05:22:00,0.05055212415754795
2026-08-24 05:23:00,0.05055212415754795
2026-08-24 05:24:00,0.05055212415754795
2026-08-24 05:25:00,0.047502932138741016
2026-08-24 05:26:00,0.047502932138741016
2026-08-24 05:27:00,0.047502932138741016
2026-08-24 05:28:00,0.047502932138741016
2026-08-24 05:29:00,0.047502932138741016
2026-08-24 05:30:00,0.14435503631830215
2026-08-24 05:31:00,0.14435503631830215
2026-08-24 05:32:00,0.14435503631830215
2026-08-24 05:33:00,0.14435503631830215
2026-08-24 05:34:00,0.14435503631830215
2026-08-24 05:35:00,0.23510670848190784
2026-08-24 05:36:00,0.23510670848190784
2026-08-24 05:37:00,0.23510670848190784
2026-08-24 05:38:00,0.23510670848190784
2026-08-24 05:39:00,0.23510670848190784
2026-08-24 05:40:00,0.3286142824217677
2026-08-24 05:41:00,0.3286142824217677
2026-08-24 05:42:00,0.3286142824217677
2026-08-24 05:43:00,0.3286142824217677
2026-08-24 05:44:00,0.3286142824217677
2026-08-24 05:45:00,0.4226660430431366
2026-08-24 05:46:00,0.4226660430431366
2026-08-24 05:47:00,0.4226660430431366
2026-08-24 05:48:00,0.4226660430431366
2026-08-24 05:49:00,0.4226660430431366
2026-08-24 05:50:00,0.3896280750632286
2026-08-24 05:51:00,0.3896280750632286
2026-08-24 05:52:00,0.3896280750632286
2026-08-24 05:53:00,0.3896280750632286
2026-08-24 05:54:00,0.3896280750632286
2026-08-24 05:55:00,0.3621205985546112
2026-08-24 05:56:00,0.3621205985546112
2026-08-24 05:57:00,0.3621205985546112
2026-08-24 05:58:00,0.3621205985546112
2026-08-24 05:59:00,0.3621205985546112
2026-08-24 06:00:00,0.3358246758580208
2026-08-24 06:01:00,0.3358246758580208
2026-08-24 06:02:00,0.3358246758580208
2026-08-24 06:03:00,0.3358246758580208
2026-08-24 06:04:00,0.3358246758580208
2026-08-24 06:05:00,0.3084935322403908
2026-08-24 06:06:00,0.3084935322403908
2026-08-24 06:07:00,0.3084935322403908
2026-08-24 06:08:00,0.3084935322403908
2026-08-24 06:09:00,0.3084935322403908
2026-08-24 06:10:00,0.2591613568365574
2026-08-24 06:11:00,0.2591613568365574
2026-08-24 06:12:00,0.2591613568365574
2026-08-24 06:13:00,0.2591613568365574
2026-08-24 06:14:00,0.2591613568365574
2026-08-24 06:15:00,0.2159619890153408
2026-08-24 06:16:00,0.2159619890153408
2026-08-24 06:17:00,0.2159619890153408
2026-08-24 06:18:00,0.2159619890153408
2026-08-24 06:19:00,0.2159619890153408
2026-08-24 06:20:00,0.17034225165843964
2026-08-24 06:21:00,0.17034225165843964
2026-08-24 06:22:00,0.17034225165843964
2026-08-24 06:23:00,0.17034225165843964
2026-08-24 06:24:00,0.17034225165843964
2026-08-24 06:25:00,0.12140735611319542
2026-08-24 06:26:00,0.12140735611319542
2026-08-24 06:27:00,0.12140735611319542
2026-08-24 06:28:00,0.12140735611319542
2026-08-24 06:29:00,0.12140735611319542
2026-08-24 06:30:00,0.119222367182374
2026-08-24 06:31:00,0.119222367182374
2026-08-24 06:32:00,0.119222367182374
2026-08-24 06:33:00,0.119222367182374
2026-08-24 06:34:00,0.119222367182374
2026-08-24 06:35:00,0.10719972662627697
2026-08-24 06:36:00,0.10719972662627697
2026-08-24 06:37:00,0.10719972662627697
2026-08-24 06:38:00,0.10719972662627697
2026-08-24 06:39:00,0.10719972662627697
2026-08-24 06:40:00,0.09271194785833359
2026-08-24 06:41:00,0.09271194785833359
2026-08-24 06:42:00,0.09271194785833359
2026-08-24 06:43:00,0.09271194785833359
2026-08-24 06:44:00,0.09271194785833359
2026-08-24 06:45:00,0.07686704583466053
2026-08-24 06:46:00,0.07686704583466053
2026-08-24 06:47:00,0.07686704583466053
2026-08-24 06:48:00,0.07686704583466053
2026-08-24 06:49:00,0.07686704583466053
2026-08-24 06:50:00,0.06496556662023067
2026-08-24 06:51:00,0.06496556662023067
2026-08-24 06:52:00,0.06496556662023067
2026-08-24 06:53:00,0.06496556662023067
2026-08-24 06:54:00,0.06496556662023067
2026-08-24 06:55:00,0.05452057160437107
2026-08-24 06:56:00,0.05452057160437107
2026-08-24 06:57:00,0.05452057160437107
2026-08-24 06:58:00,0.05452057160437107
2026-08-24 06:59:00,0.05452057160437107
2026-08-24 07:00:00,0.053363483399152756
2026-08-24 07:01:00,0.053363483399152756
2026-08-24 07:02:00,0.053363483399152756
2026-08-24 07:03:00,0.053363483399152756
2026-08-24 07:04:00,0.053363483399152756
2026-08-24 07:05:00,0.05699689872562885
2026-08-24 07:06:00,0.05699689872562885
2026-08-24 07:07:00,0.05699689872562885
2026-08-24 07:08:00,0.05699689872562885
2026-08-24 07:09:00,0.05699689872562885
2026-08-24 07:10:00,0.06170288473367691
2026-08-24 07:11:00,0.06170288473367691
2026-08-24 07:12:00,0.06170288473367691
2026-08-24 07:13:00,0.06170288473367691
2026-08-24 07:14:00,0.06170288473367691
2026-08-24 07:15:00,0.06314677372574806
2026-08-24 07:16:00,0.06314677372574806
2026-08-24 07:17:00,0.06314677372574806
2026-08-24 07:18:00,0.06314677372574806
2026-08-24 07:19:00,0.06314677372574806
2026-08-24 07:20:00,0.05808957200497389
2026-08-24 07:21:00,0.05808957200497389
2026-08-24 07:22:00,0.05808957200497389
2026-08-24 07:23:00,0.05808957200497389
2026-08-24 07:24:00,0.05808957200497389
2026-08-24 07:25:00,0.05143915023654699
2026-08-24 07:26:00,0.05143915023654699
2026-08-24 07:27:00,0.05143915023654699
2026-08-24 07:28:00,0.05143915023654699
2026-08-24 07:29:00,0.05143915023654699
2026-08-24 07:30:00,0.046680718660354614
2026-08-24 07:31:00,0.046680718660354614
2026-08-24 07:32:00,0.046680718660354614
2026-08-24 07:33:00,0.046680718660354614
2026-08-24 07:34:00,0.046680718660354614
2026-08-24 07:35:00,0.04655550327152014
2026-08-24 07:36:00,0.04655550327152014
2026-08-24 07:37:00,0.04655550327152014
2026-08-24 07:38:00,0.04655550327152014
2026-08-24 07:39:00,0.04655550327152014
2026-08-24 07:40:00,0.046445565298199654
2026-08-24 07:41:00,0.046445565298199654
2026-08-24 07:42:00,0.046445565298199654
2026-08-24 07:43:00,0.046445565298199654
2026-08-24 07:44:00,0.046445565298199654
2026-08-24 07:45:00,0.047995857894420624
2026-08-24 07:46:00,0.047995857894420624
2026-08-24 07:47:00,0.047995857894420624
2026-08-24 07:48:00,0.047995857894420624
2026-08-24 07:49:00,0.047995857894420624
2026-08-24 07:50:00,0.049005020409822464
2026-08-24 07:51:00,0.049005020409822464
2026-08-24 07:52:00,0.049005020409822464
2026-08-24 07:53:00,0.049005020409822464
2026-08-24 07:54:00,0.049005020409822464
2026-08-24 07:55:00,0.04832031577825546
2026-08-24 07:56:00,0.04832031577825546
2026-08-24 07:57:00,0.04832031577825546
2026-08-24 07:58:00,0.04832031577825546
2026-08-24 07:59:00,0.04832031577825546
2026-08-24 08:00:00,0.04917903058230877
2026-08-24 08:01:00,0.04917903058230877
2026-08-24 08:02:00,0.04917903058230877
2026-08-24 08:03:00,0.04917903058230877
2026-08-24 08:04:00,0.04917903058230877
2026-08-24 08:05:00,0.05217213183641434
2026-08-24 08:06:00,0.05217213183641434
2026-08-24 08:07:00,0.05217213183641434
2026-08-24 08:08:00,0.05217213183641434
2026-08-24 08:09:00,0.05217213183641434
2026-08-24 08:10:00,0.058016411028802395
2026-08-24 08:11:00,0.058016411028802395
2026-08-24 08:12:00,0.058016411028802395
2026-08-24 08:13:00,0.058016411028802395
2026-08-24 08:14:00,0.058016411028802395
2026-08-24 08:15:00,0.06690577790141106
2026-08-24 08:16:00,0.06690577790141106
2026-08-24 08:17:00,0.06690577790141106
2026-08-24 08:18:00,0.06690577790141106
2026-08-24 08:19:00,0.06690577790141106
2026-08-24 08:20:00,0.07446462102234364
2026-08-24 08:21:00,0.07446462102234364
2026-08-24 08:22:00,0.07446462102234364
2026-08-24 08:23:00,0.07446462102234364
2026-08-24 08:24:00,0.07446462102234364
2026-08-24 08:25:00,0.07351078744977713
2026-08-24 08:26:00,0.07351078744977713
2026-08-24 08:27:00,0.07351078744977713
2026-08-24 08:28:00,0.07351078744977713
2026-08-24 08:29:00,0.07351078744977713
2026-08-24 08:30:00,0.06707233749330044
2026-08-24 08:31:00,0.06707233749330044
2026-08-24 08:32:00,0.06707233749330044
2026-08-24 08:33:00,0.06707233749330044
2026-08-24 08:34:00,0.06707233749330044
2026-08-24 08:35:00,0.061048299074172974
2026-08-24 08:36:00,0.061048299074172974
2026-08-24 08:37:00,0.061048299074172974
2026-08-24 08:38:00,0.061048299074172974
2026-08-24 08:39:00,0.061048299074172974
2026-08-24 08:40:00,0.059777939692139626
2026-08-24 08:41:00,0.059777939692139626
2026-08-24 08:42:00,0.059777939692139626
2026-08-24 08:43:00,0.059777939692139626
2026-08-24 08:44:00,0.059777939692139626
2026-08-24 08:45:00,0.0661329822614789
2026-08-24 08:46:00,0.0661329822614789
2026-08-24 08:47:00,0.0661329822614789
2026-08-24 08:48:00,0.0661329822614789
2026-08-24 08:49:00,0.0661329822614789
2026-08-24 08:50:00,0.06825609412044287
2026-08-24 08:51:00,0.06825609412044287
2026-08-24 08:52:00,0.06825609412044287
2026-08-24 08:53:00,0.06825609412044287
2026-08-24 08:54:00,0.06825609412044287
2026-08-24 08:55:00,0.06709563545882702
2026-08-24 08:56:00,0.06709563545882702
2026-08-24 08:57:00,0.06709563545882702
2026-08-24 08:58:00,0.06709563545882702
2026-08-24 08:59:00,0.06709563545882702
2026-08-24 09:00:00,0.06236894056200981
2026-08-24 09:01:00,0.06236894056200981
2026-08-24 09:02:00,0.06236894056200981
2026-08-24 09:03:00,0.06236894056200981
2026-08-24 09:04:00,0.06236894056200981
2026-08-24 09:05:00,0.05518908519297838
2026-08-24 09:06:00,0.05518908519297838
2026-08-24 09:07:00,0.05518908519297838
2026-08-24 09:08:00,0.05518908519297838
2026-08-24 09:09:00,0.05518908519297838
2026-08-24 09:10:00,0.05553512182086706
2026-08-24 09:11:00,0.05553512182086706
2026-08-24 09:12:00,0.05553512182086706
2026-08-24 09:13:00,0.05553512182086706
2026-08-24 09:14:00,0.05553512182086706
2026-08-24 09:15:00,0.06010172329843044
2026-08-24 09:16:00,0.06010172329843044
2026-08-24 09:17:00,0.06010172329843044
2026-08-24 09:18:00,0.06010172329843044
2026-08-24 09:19:00,0.06010172329843044
2026-08-24 09:20:00,0.06268256157636642
2026-08-24 09:21:00,0.06268256157636642
2026-08-24 09:22:00,0.06268256157636642
2026-08-24 09:23:00,0.06268256157636642
2026-08-24 09:24:00,0.06268256157636642
2026-08-24 09:25:00,0.06067894771695137
2026-08-24 09:26:00,0.06067894771695137
2026-08-24 09:27:00,0.06067894771695137
2026-08-24 09:28:00,0.06067894771695137
2026-08-24 09:29:00,0.06067894771695137
2026-08-24 09:30:00,0.05831856373697519
2026-08-24 09:31:00,0.05831856373697519
2026-08-24 09:32:00,0.05831856373697519
2026-08-24 09:33:00,0.05831856373697519
2026-08-24 09:34:00,0.05831856373697519
2026-08-24 09:35:00,0.05442639347165823
2026-08-24 09:36:00,0.05442639347165823
2026-08-24 09:37:00,0.05442639347165823
2026-08-24 09:38:00,0.05442639347165823
2026-08-24 09:39:00,0.05442639347165823
2026-08-24 09:40:00,0.05308793485164642
2026-08-24 09:41:00,0.05308793485164642
2026-08-24 09:42:00,0.05308793485164642
2026-08-24 09:43:00,0.05308793485164642
2026-08-24 09:44:00,0.05308793485164642
2026-08-24 09:45:00,0.0576029634103179
2026-08-24 09:46:00,0.0576029634103179
2026-08-24 09:47:00,0.0576029634103179
2026-08-24 09:48:00,0.0576029634103179
2026-08-24 09:49:00,0.0576029634103179
2026-08-24 09:50:00,0.061591233126819134
2026-08-24 09:51:00,0.061591233126819134
2026-08-24 09:52:00,0.061591233126819134
2026-08-24 09:53:00,0.061591233126819134
2026-08-24 09:54:00,0.061591233126819134
2026-08-24 09:55:00,0.06497119087725878
2026-08-24 09:56:00,0.06497119087725878
2026-08-24 09:57:00,0.06497119087725878
2026-08-24 09:58:00,0.06497119087725878
2026-08-24 09:59:00,0.06497119087725878
2026-08-24 10:00:00,0.07039539329707623
2026-08-24 10:01:00,0.07039539329707623
2026-08-24 10:02:00,0.07039539329707623
2026-08-24 10:03:00,0.07039539329707623
2026-08-24 10:04:00,0.07039539329707623
2026-08-24 10:05:00,0.06681293435394764
2026-08-24 10:06:00,0.06681293435394764
2026-08-24 10:07:00,0.06681293435394764
2026-08-24 10:08:00,0.06681293435394764
2026-08-24 10:09:00,0.06681293435394764
2026-08-24 10:10:00,0.062456280924379826
2026-08-24 10:11:00,0.062456280924379826
2026-08-24 10:12:00,0.062456280924379826
2026-08-24 10:13:00,0.062456280924379826
2026-08-24 10:14:00,0.062456280924379826
2026-08-24 10:15:00,0.05885633360594511
2026-08-24 10:16:00,0.05885633360594511
2026-08-24 10:17:00,0.05885633360594511
2026-08-24 10:18:00,0.05885633360594511
2026-08-24 10:19:00,0.05885633360594511
2026-08-24 10:20:00,0.05427488964051008
2026-08-24 10:21:00,0.05427488964051008
2026-08-24 10:22:00,0.05427488964051008
2026-08-24 10:23:00,0.05427488964051008
2026-08-24 10:24:00,0.05427488964051008
2026-08-24 10:25:00,0.05349242500960827
2026-08-24 10:26:00,0.05349242500960827
2026-08-24 10:27:00,0.05349242500960827
2026-08-24 10:28:00,0.05349242500960827
2026-08-24 10:29:00,0.05349242500960827
2026-08-24 10:30:00,0.05364340636879206
2026-08-24 10:31:00,0.05364340636879206
2026-08-24 10:32:00,0.05364340636879206
2026-08-24 10:33:00,0.05364340636879206
2026-08-24 10:34:00,0.05364340636879206
2026-08-24 10:35:00,0.05156353395432234
2026-08-24 10:36:00,0.05156353395432234
2026-08-24 10:37:00,0.05156353395432234
2026-08-24 10:38:00,0.05156353395432234
2026-08-24 10:39:00,0.05156353395432234
2026-08-24 10:40:00,0.04551144316792488
2026-08-24 10:41:00,0.04551144316792488
2026-08-24 10:42:00,0.04551144316792488
2026-08-24 10:43:00,0.04551144316792488
2026-08-24 10:44:00,0.04551144316792488
2026-08-24 10:45:00,0.04810526967048645
2026-08-24 10:46:00,0.04810526967048645
2026-08-24 10:47:00,0.04810526967048645
2026-08-24 10:48:00,0.04810526967048645
2026-08-24 10:49:00,0.04810526967048645
2026-08-24 10:50:00,0.05242626927793026
2026-08-24 10:51:00,0.05242626927793026
2026-08-24 10:52:00,0.05242626927793026
2026-08-24 10:53:00,0.05242626927793026
2026-08-24 10:54:00,0.05242626927793026
2026-08-24 10:55:00,0.0573318675160408
2026-08-24 10:56:00,0.0573318675160408
2026-08-24 10:57:00,0.0573318675160408
2026-08-24 10:58:00,0.0573318675160408
2026-08-24 10:59:00,0.0573318675160408
2026-08-24 11:00:00,0.06358081568032503
2026-08-24 11:01:00,0.06358081568032503
2026-08-24 11:02:00,0.06358081568032503
2026-08-24 11:03:00,0.06358081568032503
2026-08-24 11:04:00,0.06358081568032503
2026-08-24 11:05:00,0.058139435946941376
2026-08-24 11:06:00,0.058139435946941376
2026-08-24 11:07:00,0.058139435946941376
2026-08-24 11:08:00,0.058139435946941376
2026-08-24 11:09:00,0.058139435946941376
2026-08-24 11:10:00,0.052774845622479916
2026-08-24 11:11:00,0.052774845622479916
2026-08-24 11:12:00,0.052774845622479916
2026-08-24 11:13:00,0.052774845622479916
2026-08-24 11:14:00,0.052774845622479916
2026-08-24 11:15:00,0.046970113180577755
2026-08-24 11:16:00,0.046970113180577755
2026-08-24 11:17:00,0.046970113180577755
2026-08-24 11:18:00,0.046970113180577755
2026-08-24 11:19:00,0.046970113180577755
2026-08-24 11:20:00,0.04204224515706301
2026-08-24 11:21:00,0.04204224515706301
2026-08-24 11:22:00,0.04204224515706301
2026-08-24 11:23:00,0.04204224515706301
2026-08-24 11:24:00,0.04204224515706301
2026-08-24 11:25:00,0.045800331979990005
2026-08-24 11:26:00,0.045800331979990005
2026-08-24 11:27:00,0.045800331979990005
2026-08-24 11:28:00,0.045800331979990005
2026-08-24 11:29:00,0.045800331979990005
2026-08-24 11:30:00,0.05147103685885668
2026-08-24 11:31:00,0.05147103685885668
2026-08-24 11:32:00,0.05147103685885668
2026-08-24 11:33:00,0.05147103685885668
2026-08-24 11:34:00,0.05147103685885668
2026-08-24 11:35:00,0.056000104174017906
2026-08-24 11:36:00,0.056000104174017906
2026-08-24 11:37:00,0.056000104174017906
2026-08-24 11:38:00,0.056000104174017906
2026-08-24 11:39:00,0.056000104174017906
2026-08-24 11:40:00,0.05826287250965834
2026-08-24 11:41:00,0.05826287250965834
2026-08-24 11:42:00,0.05826287250965834
2026-08-24 11:43:00,0.05826287250965834
2026-08-24 11:44:00,0.05826287250965834
2026-08-24 11:45:00,0.06114247255027294
2026-08-24 11:46:00,0.06114247255027294
2026-08-24 11:47:00,0.06114247255027294
2026-08-24 11:48:00,0.06114247255027294
2026-08-24 11:49:00,0.06114247255027294
2026-08-24 11:50:00,0.06244680471718311
2026-08-24 11:51:00,0.06244680471718311
2026-08-24 11:52:00,0.06244680471718311
2026-08-24 11:53:00,0.06244680471718311
2026-08-24 11:54:00,0.06244680471718311
2026-08-24 11:55:00,0.06728032883256674
2026-08-24 11:56:00,0.06728032883256674
2026-08-24 11:57:00,0.06728032883256674
2026-08-24 11:58:00,0.06728032883256674
2026-08-24 11:59:00,0.06728032883256674
2026-08-24 12:00:00,0.07100719399750233
2026-08-24 12:01:00,0.07100719399750233
2026-08-24 12:02:00,0.07100719399750233
2026-08-24 12:03:00,0.07100719399750233
2026-08-24 12:04:00,0.07100719399750233
2026-08-24 12:05:00,0.06804999522864819
2026-08-24 12:06:00,0.06804999522864819
2026-08-24 12:07:00,0.06804999522864819
2026-08-24 12:08:00,0.06804999522864819
2026-08-24 12:09:00,0.06804999522864819
2026-08-24 12:10:00,0.06290866900235415
2026-08-24 12:11:00,0.06290866900235415
2026-08-24 12:12:00,0.06290866900235415
2026-08-24 12:13:00,0.06290866900235415
2026-08-24 12:14:00,0.06290866900235415
2026-08-24 12:15:00,0.05687578767538071
2026-08-24 12:16:00,0.05687578767538071
2026-08-24 12:17:00,0.05687578767538071
2026-08-24 12:18:00,0.05687578767538071
2026-08-24 12:19:00,0.05687578767538071
2026-08-24 12:20:00,0.05353334918618202
2026-08-24 12:21:00,0.05353334918618202
2026-08-24 12:22:00,0.05353334918618202
2026-08-24 12:23:00,0.05353334918618202
2026-08-24 12:24:00,0.05353334918618202
2026-08-24 12:25:00,0.053649911656975746
2026-08-24 12:26:00,0.053649911656975746
2026-08-24 12:27:00,0.053649911656975746
2026-08-24 12:28:00,0.053649911656975746
2026-08-24 12:29:00,0.053649911656975746
2026-08-24 12:30:00,0.054340058006346226
2026-08-24 12:31:00,0.054340058006346226
2026-08-24 12:32:00,0.054340058006346226
2026-08-24 12:33:00,0.054340058006346226
2026-08-24 12:34:00,0.054340058006346226
2026-08-24 12:35:00,0.057245807722210884
2026-08-24 12:36:00,0.057245807722210884
2026-08-24 12:37:00,0.057245807722210884
2026-08-24 12:38:00,0.057245807722210884
2026-08-24 12:39:00,0.057245807722210884
2026-08-24 12:40:00,0.059463124722242355
2026-08-24 12:41:00,0.059463124722242355
2026-08-24 12:42:00,0.059463124722242355
2026-08-24 12:43:00,0.059463124722242355
2026-08-24 12:44:00,0.059463124722242355
2026-08-24 12:45:00,0.059513283893465996
2026-08-24 12:46:00,0.059513283893465996
2026-08-24 12:47:00,0.059513283893465996
2026-08-24 12:48:00,0.059513283893465996
2026-08-24 12:49:00,0.059513283893465996
2026-08-24 12:50:00,0.058790006674826145
2026-08-24 12:51:00,0.058790006674826145
2026-08-24 12:52:00,0.058790006674826145
2026-08-24 12:53:00,0.058790006674826145
2026-08-24 12:54:00,0.058790006674826145
2026-08-24 12:55:00,0.053360833786427975
2026-08-24 12:56:00,0.053360833786427975
2026-08-24 12:57:00,0.053360833786427975
2026-08-24 12:58:00,0.053360833786427975
2026-08-24 12:59:00,0.053360833786427975
2026-08-24 13:00:00,0.05082439351826906
2026-08-24 13:01:00,0.05082439351826906
2026-08-24 13:02:00,0.05082439351826906
2026-08-24 13:03:00,0.05082439351826906
2026-08-24 13:04:00,0.05082439351826906
2026-08-24 13:05:00,0.05479068402200937
2026-08-24 13:06:00,0.05479068402200937
2026-08-24 13:07:00,0.05479068402200937
2026-08-24 13:08:00,0.05479068402200937
2026-08-24 13:09:00,0.05479068402200937
2026-08-24 13:10:00,0.06039797328412533
2026-08-24 13:11:00,0.06039797328412533
2026-08-24 13:12:00,0.06039797328412533
2026-08-24 13:13:00,0.06039797328412533
2026-08-24 13:14:00,0.06039797328412533
2026-08-24 13:15:00,0.06747201830148697
2026-08-24 13:16:00,0.06747201830148697
2026-08-24 13:17:00,0.06747201830148697
2026-08-24 13:18:00,0.06747201830148697
2026-08-24 13:19:00,0.06747201830148697
2026-08-24 13:20:00,0.07438076287508011
2026-08-24 13:21:00,0.07438076287508011
2026-08-24 13:22:00,0.07438076287508011
2026-08-24 13:23:00,0.07438076287508011
2026-08-24 13:24:00,0.07438076287508011
2026-08-24 13:25:00,0.07143308874219656
2026-08-24 13:26:00,0.07143308874219656
2026-08-24 13:27:00,0.07143308874219656
2026-08-24 13:28:00,0.07143308874219656
2026-08-24 13:29:00,0.07143308874219656
2026-08-24 13:30:00,0.0760521786287427
2026-08-24 13:31:00,0.0760521786287427
2026-08-24 13:32:00,0.0760521786287427
2026-08-24 13:33:00,0.0760521786287427
2026-08-24 13:34:00,0.0760521786287427
2026-08-24 13:35:00,0.08532560523599386
2026-08-24 13:36:00,0.08532560523599386
2026-08-24 13:37:00,0.08532560523599386
2026-08-24 13:38:00,0.08532560523599386
2026-08-24 13:39:00,0.08532560523599386
2026-08-24 13:40:00,0.0967043424025178
2026-08-24 13:41:00,0.0967043424025178
2026-08-24 13:42:00,0.0967043424025178
2026-08-24 13:43:00,0.0967043424025178
2026-08-24 13:44:00,0.0967043424025178
2026-08-24 13:45:00,0.10643388703465462
2026-08-24 13:46:00,0.10643388703465462
2026-08-24 13:47:00,0.10643388703465462
2026-08-24 13:48:00,0.10643388703465462
2026-08-24 13:49:00,0.10643388703465462
2026-08-24 13:50:00,0.10258038341999054
2026-08-24 13:51:00,0.10258038341999054
2026-08-24 13:52:00,0.10258038341999054
2026-08-24 13:53:00,0.10258038341999054
2026-08-24 13:54:00,0.10258038341999054
2026-08-24 13:55:00,0.09213769808411598
2026-08-24 13:56:00,0.09213769808411598
2026-08-24 13:57:00,0.09213769808411598
2026-08-24 13:58:00,0.09213769808411598
2026-08-24 13:59:00,0.09213769808411598
2026-08-24 14:00:00,0.08170097693800926
2026-08-24 14:01:00,0.08170097693800926
2026-08-24 14:02:00,0.08170097693800926
2026-08-24 14:03:00,0.08170097693800926
2026-08-24 14:04:00,0.08170097693800926
2026-08-24 14:05:00,0.07939440943300724
2026-08-24 14:06:00,0.07939440943300724
2026-08-24 14:07:00,0.07939440943300724
2026-08-24 14:08:00,0.07939440943300724
2026-08-24 14:09:00,0.07939440943300724
2026-08-24 14:10:00,0.07597956340759993
2026-08-24 14:11:00,0.07597956340759993
2026-08-24 14:12:00,0.07597956340759993
2026-08-24 14:13:00,0.07597956340759993
2026-08-24 14:14:00,0.07597956340759993
2026-08-24 14:15:00,0.07064450904726982
2026-08-24 14:16:00,0.07064450904726982
2026-08-24 14:17:00,0.07064450904726982
2026-08-24 14:18:00,0.07064450904726982
2026-08-24 14:19:00,0.07064450904726982
2026-08-24 14:20:00,0.061090895906090736
2026-08-24 14:21:00,0.061090895906090736
2026-08-24 14:22:00,0.061090895906090736
2026-08-24 14:23:00,0.061090895906090736
2026-08-24 14:24:00,0.061090895906090736
2026-08-24 14:25:00,0.0504929069429636
2026-08-24 14:26:00,0.0504929069429636
2026-08-24 14:27:00,0.0504929069429636
2026-08-24 14:28:00,0.0504929069429636
2026-08-24 14:29:00,0.0504929069429636
2026-08-24 14:30:00,0.046020773239433765
2026-08-24 14:31:00,0.046020773239433765
2026-08-24 14:32:00,0.046020773239433765
2026-08-24 14:33:00,0.046020773239433765
2026-08-24 14:34:00,0.046020773239433765
2026-08-24 14:35:00,0.04328020662069321
2026-08-24 14:36:00,0.04328020662069321
2026-08-24 14:37:00,0.04328020662069321
2026-08-24 14:38:00,0.04328020662069321
2026-08-24 14:39:00,0.04328020662069321
2026-08-24 14:40:00,0.04412601515650749
2026-08-24 14:41:00,0.04412601515650749
2026-08-24 14:42:00,0.04412601515650749
2026-08-24 14:43:00,0.04412601515650749
2026-08-24 14:44:00,0.04412601515650749
2026-08-24 14:45:00,0.04622040502727032
2026-08-24 14:46:00,0.04622040502727032
2026-08-24 14:47:00,0.04622040502727032
2026-08-24 14:48:00,0.04622040502727032
2026-08-24 14:49:00,0.04622040502727032
2026-08-24 14:50:00,0.046777185052633286
2026-08-24 14:51:00,0.046777185052633286
2026-08-24 14:52:00,0.046777185052633286
2026-08-24 14:53:00,0.046777185052633286
2026-08-24 14:54:00,0.046777185052633286
2026-08-24 14:55:00,0.05131912976503372
2026-08-24 14:56:00,0.05131912976503372
2026-08-24 14:57:00,0.05131912976503372
2026-08-24 14:58:00,0.05131912976503372
2026-08-24 14:59:00,0.05131912976503372
2026-08-24 15:00:00,0.05321119911968708
2026-08-24 15:01:00,0.05321119911968708
2026-08-24 15:02:00,0.05321119911968708
2026-08-24 15:03:00,0.05321119911968708
2026-08-24 15:04:00,0.05321119911968708
2026-08-24 15:05:00,0.05865658260881901
2026-08-24 15:06:00,0.05865658260881901
2026-08-24 15:07:00,0.05865658260881901
2026-08-24 15:08:00,0.05865658260881901
2026-08-24 15:09:00,0.05865658260881901
2026-08-24 15:10:00,0.0637364573776722
2026-08-24 15:11:00,0.0637364573776722
2026-08-24 15:12:00,0.0637364573776722
2026-08-24 15:13:00,0.0637364573776722
2026-08-24 15:14:00,0.0637364573776722
2026-08-24 15:15:00,0.07005994021892548
2026-08-24 15:16:00,0.07005994021892548
2026-08-24 15:17:00,0.07005994021892548
2026-08-24 15:18:00,0.07005994021892548
2026-08-24 15:19:00,0.07005994021892548
2026-08-24 15:20:00,0.07884220033884048
2026-08-24 15:21:00,0.07884220033884048
2026-08-24 15:22:00,0.07884220033884048
2026-08-24 15:23:00,0.07884220033884048
2026-08-24 15:24:00,0.07884220033884048
2026-08-24 15:25:00,0.08388571068644524
2026-08-24 15:26:00,0.08388571068644524
2026-08-24 15:27:00,0.08388571068644524
2026-08-24 15:28:00,0.08388571068644524
2026-08-24 15:29:00,0.08388571068644524
2026-08-24 15:30:00,0.08995329961180687
2026-08-24 15:31:00,0.08995329961180687
2026-08-24 15:32:00,0.08995329961180687
2026-08-24 15:33:00,0.08995329961180687
2026-08-24 15:34:00,0.08995329961180687
2026-08-24 15:35:00,0.09130530245602131
2026-08-24 15:36:00,0.09130530245602131
2026-08-24 15:37:00,0.09130530245602131
2026-08-24 15:38:00,0.09130530245602131
2026-08-24 15:39:00,0.09130530245602131
2026-08-24 15:40:00,0.08223522454500198
2026-08-24 15:41:00,0.08223522454500198
2026-08-24 15:42:00,0.08223522454500198
2026-08-24 15:43:00,0.08223522454500198
2026-08-24 15:44:00,0.08223522454500198
2026-08-24 15:45:00,0.07405744958668947
2026-08-24 15:46:00,0.07405744958668947
2026-08-24 15:47:00,0.07405744958668947
2026-08-24 15:48:00,0.07405744958668947
2026-08-24 15:49:00,0.07405744958668947
2026-08-24 15:50:00,0.0675235828384757
2026-08-24 15:51:00,0.0675235828384757
2026-08-24 15:52:00,0.0675235828384757
2026-08-24 15:53:00,0.0675235828384757
2026-08-24 15:54:00,0.0675235828384757
2026-08-24 15:55:00,0.05806592479348183
2026-08-24 15:56:00,0.05806592479348183
2026-08-24 15:57:00,0.05806592479348183
2026-08-24 15:58:00,0.05806592479348183
2026-08-24 15:59:00,0.05806592479348183
2026-08-24 16:00:00,0.056208440102636814
2026-08-24 16:01:00,0.056208440102636814
2026-08-24 16:02:00,0.056208440102636814
2026-08-24 16:03:00,0.056208440102636814
2026-08-24 16:04:00,0.056208440102636814
2026-08-24 16:05:00,0.14692694135010242
2026-08-24 16:06:00,0.14692694135010242
2026-08-24 16:07:00,0.14692694135010242
2026-08-24 16:08:00,0.14692694135010242
2026-08-24 16:09:00,0.14692694135010242
2026-08-24 16:10:00,0.25874143466353416
2026-08-24 16:11:00,0.25874143466353416
2026-08-24 16:12:00,0.25874143466353416
2026-08-24 16:13:00,0.25874143466353416
2026-08-24 16:14:00,0.25874143466353416
2026-08-24 16:15:00,0.4004650516435504
2026-08-24 16:16:00,0.4004650516435504
2026-08-24 16:17:00,0.4004650516435504
2026-08-24 16:18:00,0.4004650516435504
2026-08-24 16:19:00,0.4004650516435504
2026-08-24 16:20:00,0.5425594076514244
2026-08-24 16:21:00,0.5425594076514244
2026-08-24 16:22:00,0.5425594076514244
2026-08-24 16:23:00,0.5425594076514244
2026-08-24 16:24:00,0.5425594076514244
2026-08-24 16:25:00,0.5142853036522865
2026-08-24 16:26:00,0.5142853036522865
2026-08-24 16:27:00,0.5142853036522865
2026-08-24 16:28:00,0.5142853036522865
2026-08-24 16:29:00,0.5142853036522865
2026-08-24 16:30:00,0.4532954692840576
2026-08-24 16:31:00,0.4532954692840576
2026-08-24 16:32:00,0.4532954692840576
2026-08-24 16:33:00,0.4532954692840576
2026-08-24 16:34:00,0.4532954692840576
2026-08-24 16:35:00,0.3573872447013855
2026-08-24 16:36:00,0.3573872447013855
2026-08-24 16:37:00,0.3573872447013855
2026-08-24 16:38:00,0.3573872447013855
2026-08-24 16:39:00,0.3573872447013855
2026-08-24 16:40:00,0.26338494196534157
2026-08-24 16:41:00,0.26338494196534157
2026-08-24 16:42:00,0.26338494196534157
2026-08-24 16:43:00,0.26338494196534157
2026-08-24 16:44:00,0.26338494196534157
2026-08-24 16:45:00,0.24393627047538757
2026-08-24 16:46:00,0.24393627047538757
2026-08-24 16:47:00,0.24393627047538757
2026-08-24 16:48:00,0.24393627047538757
2026-08-24 16:49:00,0.24393627047538757
2026-08-24 16:50:00,0.19990414567291737
2026-08-24 16:51:00,0.19990414567291737
2026-08-24 16:52:00,0.19990414567291737
2026-08-24 16:53:00,0.19990414567291737
2026-08-24 16:54:00,0.19990414567291737
2026-08-24 16:55:00,0.16121334582567215
2026-08-24 16:56:00,0.16121334582567215
2026-08-24 16:57:00,0.16121334582567215
2026-08-24 16:58:00,0.16121334582567215
2026-08-24 16:59:00,0.16121334582567215
2026-08-24 17:00:00,0.11757864058017731
2026-08-24 17:01:00,0.11757864058017731
2026-08-24 17:02:00,0.11757864058017731
2026-08-24 17:03:00,0.11757864058017731
2026-08-24 17:04:00,0.11757864058017731
2026-08-24 17:05:00,0.0783795565366745
2026-08-24 17:06:00,0.0783795565366745
2026-08-24 17:07:00,0.0783795565366745
2026-08-24 17:08:00,0.0783795565366745
2026-08-24 17:09:00,0.0783795565366745
2026-08-24 17:10:00,0.07456728629767895
2026-08-24 17:11:00,0.07456728629767895
2026-08-24 17:12:00,0.07456728629767895
2026-08-24 17:13:00,0.07456728629767895
2026-08-24 17:14:00,0.07456728629767895
2026-08-24 17:15:00,0.07308406569063663
2026-08-24 17:16:00,0.07308406569063663
2026-08-24 17:17:00,0.07308406569063663
2026-08-24 17:18:00,0.07308406569063663
2026-08-24 17:19:00,0.07308406569063663
2026-08-24 17:20:00,0.07494192011654377
2026-08-24 17:21:00,0.07494192011654377
2026-08-24 17:22:00,0.07494192011654377
2026-08-24 17:23:00,0.07494192011654377
2026-08-24 17:24:00,0.07494192011654377
2026-08-24 17:25:00,0.07164103537797928
2026-08-24 17:26:00,0.07164103537797928
2026-08-24 17:27:00,0.07164103537797928
2026-08-24 17:28:00,0.07164103537797928
2026-08-24 17:29:00,0.07164103537797928
2026-08-24 17:30:00,0.0674740057438612
2026-08-24 17:31:00,0.0674740057438612
2026-08-24 17:32:00,0.0674740057438612
2026-08-24 17:33:00,0.0674740057438612
2026-08-24 17:34:00,0.0674740057438612
2026-08-24 17:35:00,0.06188977602869272
2026-08-24 17:36:00,0.06188977602869272
2026-08-24 17:37:00,0.06188977602869272
2026-08-24 17:38:00,0.06188977602869272
2026-08-24 17:39:00,0.06188977602869272
2026-08-24 17:40:00,0.2814151542261243
2026-08-24 17:41:00,0.2814151542261243
2026-08-24 17:42:00,0.2814151542261243
2026-08-24 17:43:00,0.2814151542261243
2026-08-24 17:44:00,0.2814151542261243
2026-08-24 17:45:00,0.5037562055513263
2026-08-24 17:46:00,0.5037562055513263
2026-08-24 17:47:00,0.5037562055513263
2026-08-24 17:48:00,0.5037562055513263
2026-08-24 17:49:00,0.5037562055513263
2026-08-24 17:50:00,0.7273263903334737
2026-08-24 17:51:00,0.7273263903334737
2026-08-24 17:52:00,0.7273263903334737
2026-08-24 17:53:00,0.7273263903334737
2026-08-24 17:54:00,0.7273263903334737
2026-08-24 17:55:00,0.9540911912918091
2026-08-24 17:56:00,0.9540911912918091
2026-08-24 17:57:00,0.9540911912918091
2026-08-24 17:58:00,0.9540911912918091
2026-08-24 17:59:00,0.9540911912918091
2026-08-24 18:00:00,0.734297264367342
2026-08-24 18:01:00,0.734297264367342
2026-08-24 18:02:00,0.734297264367342
2026-08-24 18:03:00,0.734297264367342
2026-08-24 18:04:00,0.734297264367342
2026-08-24 18:05:00,0.5191391929984093
2026-08-24 18:06:00,0.5191391929984093
2026-08-24 18:07:00,0.5191391929984093
2026-08-24 18:08:00,0.5191391929984093
2026-08-24 18:09:00,0.5191391929984093
2026-08-24 18:10:00,0.30520336888730526
2026-08-24 18:11:00,0.30520336888730526
2026-08-24 18:12:00,0.30520336888730526
2026-08-24 18:13:00,0.30520336888730526
2026-08-24 18:14:00,0.30520336888730526
2026-08-24 18:15:00,0.08807213418185711
2026-08-24 18:16:00,0.08807213418185711
2026-08-24 18:17:00,0.08807213418185711
2026-08-24 18:18:00,0.08807213418185711
2026-08-24 18:19:00,0.08807213418185711
2026-08-24 18:20:00,0.08754135854542255
2026-08-24 18:21:00,0.08754135854542255
2026-08-24 18:22:00,0.08754135854542255
2026-08-24 18:23:00,0.08754135854542255
2026-08-24 18:24:00,0.08754135854542255
2026-08-24 18:25:00,0.07829052768647671
2026-08-24 18:26:00,0.07829052768647671
2026-08-24 18:27:00,0.07829052768647671
2026-08-24 18:28:00,0.07829052768647671
2026-08-24 18:29:00,0.07829052768647671
2026-08-24 18:30:00,0.06798245944082737
2026-08-24 18:31:00,0.06798245944082737
2026-08-24 18:32:00,0.06798245944082737
2026-08-24 18:33:00,0.06798245944082737
2026-08-24 18:34:00,0.06798245944082737
2026-08-24 18:35:00,0.06017886567860842
2026-08-24 18:36:00,0.06017886567860842
2026-08-24 18:37:00,0.06017886567860842
2026-08-24 18:38:00,0.06017886567860842
2026-08-24 18:39:00,0.06017886567860842
2026-08-24 18:40:00,0.05448676832020283
2026-08-24 18:41:00,0.05448676832020283
2026-08-24 18:42:00,0.05448676832020283
2026-08-24 18:43:00,0.05448676832020283
2026-08-24 18:44:00,0.05448676832020283
2026-08-24 18:45:00,0.05380678549408913
2026-08-24 18:46:00,0.05380678549408913
2026-08-24 18:47:00,0.05380678549408913
2026-08-24 18:48:00,0.05380678549408913
2026-08-24 18:49:00,0.05380678549408913
2026-08-24 18:50:00,0.05198224168270826
2026-08-24 18:51:00,0.05198224168270826
2026-08-24 18:52:00,0.05198224168270826
2026-08-24 18:53:00,0.05198224168270826
2026-08-24 18:54:00,0.05198224168270826
2026-08-24 18:55:00,0.05256394483149052
2026-08-24 18:56:00,0.05256394483149052
2026-08-24 18:57:00,0.05256394483149052
2026-08-24 18:58:00,0.05256394483149052
2026-08-24 18:59:00,0.05256394483149052
2026-08-24 19:00:00,0.2208464192226529
2026-08-24 19:01:00,0.2208464192226529
2026-08-24 19:02:00,0.2208464192226529
2026-08-24 19:03:00,0.2208464192226529
2026-08-24 19:04:00,0.2208464192226529
2026-08-24 19:05:00,0.38692843448370695
2026-08-24 19:06:00,0.38692843448370695
2026-08-24 19:07:00,0.38692843448370695
2026-08-24 19:08:00,0.38692843448370695
2026-08-24 19:09:00,0.38692843448370695
2026-08-24 19:10:00,0.5538435969501734
2026-08-24 19:11:00,0.5538435969501734
2026-08-24 19:12:00,0.5538435969501734
2026-08-24 19:13:00,0.5538435969501734
2026-08-24 19:14:00,0.5538435969501734
2026-08-24 19:15:00,0.7187010943889618
2026-08-24 19:16:00,0.7187010943889618
2026-08-24 19:17:00,0.7187010943889618
2026-08-24 19:18:00,0.7187010943889618
2026-08-24 19:19:00,0.7187010943889618
2026-08-24 19:20:00,0.5588195268064737
2026-08-24 19:21:00,0.5588195268064737
2026-08-24 19:22:00,0.5588195268064737
2026-08-24 19:23:00,0.5588195268064737
2026-08-24 19:24:00,0.5588195268064737
2026-08-24 19:25:00,0.3949790094047785
2026-08-24 19:26:00,0.3949790094047785
2026-08-24 19:27:00,0.3949790094047785
2026-08-24 19:28:00,0.3949790094047785
2026-08-24 19:29:00,0.3949790094047785
2026-08-24 19:30:00,0.228528025560081
2026-08-24 19:31:00,0.228528025560081
2026-08-24 19:32:00,0.228528025560081
2026-08-24 19:33:00,0.228528025560081
2026-08-24 19:34:00,0.228528025560081
2026-08-24 19:35:00,0.06284361891448498
2026-08-24 19:36:00,0.06284361891448498
2026-08-24 19:37:00,0.06284361891448498
2026-08-24 19:38:00,0.06284361891448498
2026-08-24 19:39:00,0.06284361891448498
2026-08-24 19:40:00,0.0549724567681551
2026-08-24 19:41:00,0.0549724567681551
2026-08-24 19:42:00,0.0549724567681551
2026-08-24 19:43:00,0.0549724567681551
2026-08-24 19:44:00,0.0549724567681551
2026-08-24 19:45:00,0.05195982847362757
2026-08-24 19:46:00,0.05195982847362757
2026-08-24 19:47:00,0.05195982847362757
2026-08-24 19:48:00,0.05195982847362757
2026-08-24 19:49:00,0.05195982847362757
2026-08-24 19:50:00,0.05285601131618023
2026-08-24 19:51:00,0.05285601131618023
2026-08-24 19:52:00,0.05285601131618023
2026-08-24 19:53:00,0.05285601131618023
2026-08-24 19:54:00,0.05285601131618023
2026-08-24 19:55:00,0.054272337816655636
2026-08-24 19:56:00,0.054272337816655636
2026-08-24 19:57:00,0.054272337816655636
2026-08-24 19:58:00,0.054272337816655636
2026-08-24 19:59:00,0.054272337816655636
2026-08-24 20:00:00,0.05849994998425245
2026-08-24 20:01:00,0.05849994998425245
2026-08-24 20:02:00,0.05849994998425245
2026-08-24 20:03:00,0.05849994998425245
2026-08-24 20:04:00,0.05849994998425245
2026-08-24 20:05:00,0.06350741349160671
2026-08-24 20:06:00,0.06350741349160671
2026-08-24 20:07:00,0.06350741349160671
2026-08-24 20:08:00,0.06350741349160671
2026-08-24 20:09:00,0.06350741349160671
2026-08-24 20:10:00,0.06892751529812813
2026-08-24 20:11:00,0.06892751529812813
2026-08-24 20:12:00,0.06892751529812813
2026-08-24 20:13:00,0.06892751529812813
2026-08-24 20:14:00,0.06892751529812813
2026-08-24 20:15:00,0.07732512801885605
2026-08-24 20:16:00,0.07732512801885605
2026-08-24 20:17:00,0.07732512801885605
2026-08-24 20:18:00,0.07732512801885605
2026-08-24 20:19:00,0.07732512801885605
2026-08-24 20:20:00,0.0834551677107811
2026-08-24 20:21:00,0.0834551677107811
2026-08-24 20:22:00,0.0834551677107811
2026-08-24 20:23:00,0.0834551677107811
2026-08-24 20:24:00,0.0834551677107811
2026-08-24 20:25:00,0.08703679218888283
2026-08-24 20:26:00,0.08703679218888283
2026-08-24 20:27:00,0.08703679218888283
2026-08-24 20:28:00,0.08703679218888283
2026-08-24 20:29:00,0.08703679218888283
2026-08-24 20:30:00,0.08377674967050552
2026-08-24 20:31:00,0.08377674967050552
2026-08-24 20:32:00,0.08377674967050552
2026-08-24 20:33:00,0.08377674967050552
2026-08-24 20:34:00,0.08377674967050552
2026-08-24 20:35:00,0.07353158667683601
2026-08-24 20:36:00,0.07353158667683601
2026-08-24 20:37:00,0.07353158667683601
2026-08-24 20:38:00,0.07353158667683601
2026-08-24 20:39:00,0.07353158667683601
2026-08-24 20:40:00,0.06798038259148598
2026-08-24 20:41:00,0.06798038259148598
2026-08-24 20:42:00,0.06798038259148598
2026-08-24 20:43:00,0.06798038259148598
2026-08-24 20:44:00,0.06798038259148598
2026-08-24 20:45:00,0.069098686799407
2026-08-24 20:46:00,0.069098686799407
2026-08-24 20:47:00,0.069098686799407
2026-08-24 20:48:00,0.069098686799407
2026-08-24 20:49:00,0.069098686799407
2026-08-24 20:50:00,0.07637091912329197
2026-08-24 20:51:00,0.07637091912329197
2026-08-24 20:52:00,0.07637091912329197
2026-08-24 20:53:00,0.07637091912329197
2026-08-24 20:54:00,0.07637091912329197
2026-08-24 20:55:00,0.08601435273885727
2026-08-24 20:56:00,0.08601435273885727
2026-08-24 20:57:00,0.08601435273885727
2026-08-24 20:58:00,0.08601435273885727
2026-08-24 20:59:00,0.08601435273885727
2026-08-24 21:00:00,0.08711669407784939
2026-08-24 21:01:00,0.08711669407784939
2026-08-24 21:02:00,0.08711669407784939
2026-08-24 21:03:00,0.08711669407784939
2026-08-24 21:04:00,0.08711669407784939
2026-08-24 21:05:00,0.08430615067481995
2026-08-24 21:06:00,0.08430615067481995
2026-08-24 21:07:00,0.08430615067481995
2026-08-24 21:08:00,0.08430615067481995
2026-08-24 21:09:00,0.08430615067481995
2026-08-24 21:10:00,0.08012953959405422
2026-08-24 21:11:00,0.08012953959405422
2026-08-24 21:12:00,0.08012953959405422
2026-08-24 21:13:00,0.08012953959405422
2026-08-24 21:14:00,0.08012953959405422
2026-08-24 21:15:00,0.07593085430562496
2026-08-24 21:16:00,0.07593085430562496
2026-08-24 21:17:00,0.07593085430562496
2026-08-24 21:18:00,0.07593085430562496
2026-08-24 21:19:00,0.07593085430562496
2026-08-24 21:20:00,0.0802378449589014
2026-08-24 21:21:00,0.0802378449589014
2026-08-24 21:22:00,0.0802378449589014
2026-08-24 21:23:00,0.0802378449589014
2026-08-24 21:24:00,0.0802378449589014
2026-08-24 21:25:00,0.08207257464528084
2026-08-24 21:26:00,0.08207257464528084
2026-08-24 21:27:00,0.08207257464528084
2026-08-24 21:28:00,0.08207257464528084
2026-08-24 21:29:00,0.08207257464528084
2026-08-24 21:30:00,0.08586615696549416
2026-08-24 21:31:00,0.08586615696549416
2026-08-24 21:32:00,0.08586615696549416
2026-08-24 21:33:00,0.08586615696549416
2026-08-24 21:34:00,0.08586615696549416
2026-08-24 21:35:00,0.08777408301830292
2026-08-24 21:36:00,0.08777408301830292
2026-08-24 21:37:00,0.08777408301830292
2026-08-24 21:38:00,0.08777408301830292
2026-08-24 21:39:00,0.08777408301830292
2026-08-24 21:40:00,0.08715452998876572
2026-08-24 21:41:00,0.08715452998876572
2026-08-24 21:42:00,0.08715452998876572
2026-08-24 21:43:00,0.08715452998876572
2026-08-24 21:44:00,0.08715452998876572
2026-08-24 21:45:00,0.07906479388475418
2026-08-24 21:46:00,0.07906479388475418
2026-08-24 21:47:00,0.07906479388475418
2026-08-24 21:48:00,0.07906479388475418
2026-08-24 21:49:00,0.07906479388475418
2026-08-24 21:50:00,0.06911601033061743
2026-08-24 21:51:00,0.06911601033061743
2026-08-24 21:52:00,0.06911601033061743
2026-08-24 21:53:00,0.06911601033061743
2026-08-24 21:54:00,0.06911601033061743
2026-08-24 21:55:00,0.06572686415165663
2026-08-24 21:56:00,0.06572686415165663
2026-08-24 21:57:00,0.06572686415165663
2026-08-24 21:58:00,0.06572686415165663
2026-08-24 21:59:00,0.06572686415165663
2026-08-24 22:00:00,0.06382653769105673
2026-08-24 22:01:00,0.06382653769105673
2026-08-24 22:02:00,0.06382653769105673
2026-08-24 22:03:00,0.06382653769105673
2026-08-24 22:04:00,0.06382653769105673
2026-08-24 22:05:00,0.06566366739571095
2026-08-24 22:06:00,0.06566366739571095
2026-08-24 22:07:00,0.06566366739571095
2026-08-24 22:08:00,0.06566366739571095
2026-08-24 22:09:00,0.06566366739571095
2026-08-24 22:10:00,0.06646024342626333
2026-08-24 22:11:00,0.06646024342626333
2026-08-24 22:12:00,0.06646024342626333
2026-08-24 22:13:00,0.06646024342626333
2026-08-24 22:14:00,0.06646024342626333
2026-08-24 22:15:00,0.06633736100047827
2026-08-24 22:16:00,0.06633736100047827
2026-08-24 22:17:00,0.06633736100047827
2026-08-24 22:18:00,0.06633736100047827
2026-08-24 22:19:00,0.06633736100047827
2026-08-24 22:20:00,0.0652357367798686
2026-08-24 22:21:00,0.0652357367798686
2026-08-24 22:22:00,0.0652357367798686
2026-08-24 22:23:00,0.0652357367798686
2026-08-24 22:24:00,0.0652357367798686
2026-08-24 22:25:00,0.07029774412512779
2026-08-24 22:26:00,0.07029774412512779
2026-08-24 22:27:00,0.07029774412512779
2026-08-24 22:28:00,0.07029774412512779
2026-08-24 22:29:00,0.07029774412512779
2026-08-24 22:30:00,0.07361790351569653
2026-08-24 22:31:00,0.07361790351569653
2026-08-24 22:32:00,0.07361790351569653
2026-08-24 22:33:00,0.07361790351569653
2026-08-24 22:34:00,0.07361790351569653
2026-08-24 22:35:00,0.06877188477665186
2026-08-24 22:36:00,0.06877188477665186
2026-08-24 22:37:00,0.06877188477665186
2026-08-24 22:38:00,0.06877188477665186
2026-08-24 22:39:00,0.06877188477665186
2026-08-24 22:40:00,0.06512534897774458
2026-08-24 22:41:00,0.06512534897774458
2026-08-24 22:42:00,0.06512534897774458
2026-08-24 22:43:00,0.06512534897774458
2026-08-24 22:44:00,0.06512534897774458
2026-08-24 22:45:00,0.06409081723541021
2026-08-24 22:46:00,0.06409081723541021
2026-08-24 22:47:00,0.06409081723541021
2026-08-24 22:48:00,0.06409081723541021
2026-08-24 22:49:00,0.06409081723541021
2026-08-24 22:50:00,0.06931438390165567
2026-08-24 22:51:00,0.06931438390165567
2026-08-24 22:52:00,0.06931438390165567
2026-08-24 22:53:00,0.06931438390165567
2026-08-24 22:54:00,0.06931438390165567
2026-08-24 22:55:00,0.07287478819489479
2026-08-24 22:56:00,0.07287478819489479
2026-08-24 22:57:00,0.07287478819489479
2026-08-24 22:58:00,0.07287478819489479
2026-08-24 22:59:00,0.07287478819489479
2026-08-24 23:00:00,0.07270117662847042
2026-08-24 23:01:00,0.07270117662847042
2026-08-24 23:02:00,0.07270117662847042
2026-08-24 23:03:00,0.07270117662847042
2026-08-24 23:04:00,0.07270117662847042
2026-08-24 23:05:00,0.06892461888492107
2026-08-24 23:06:00,0.06892461888492107
2026-08-24 23:07:00,0.06892461888492107
2026-08-24 23:08:00,0.06892461888492107
2026-08-24 23:09:00,0.06892461888492107
2026-08-24 23:10:00,0.06615565344691277
2026-08-24 23:11:00,0.06615565344691277
2026-08-24 23:12:00,0.06615565344691277
2026-08-24 23:13:00,0.06615565344691277
2026-08-24 23:14:00,0.06615565344691277
2026-08-24 23:15:00,0.06703539751470089
2026-08-24 23:16:00,0.06703539751470089
2026-08-24 23:17:00,0.06703539751470089
2026-08-24 23:18:00,0.06703539751470089
2026-08-24 23:19:00,0.06703539751470089
2026-08-24 23:20:00,0.06411643233150244
2026-08-24 23:21:00,0.06411643233150244
2026-08-24 23:22:00,0.06411643233150244
2026-08-24 23:23:00,0.06411643233150244
2026-08-24 23:24:00,0.06411643233150244
2026-08-24 23:25:00,0.06474908720701933
2026-08-24 23:26:00,0.06474908720701933
2026-08-24 23:27:00,0.06474908720701933
2026-08-24 23:28:00,0.06474908720701933
2026-08-24 23:29:00,0.06474908720701933
2026-08-24 23:30:00,0.06435247603803873
2026-08-24 23:31:00,0.06435247603803873
2026-08-24 23:32:00,0.06435247603803873
2026-08-24 23:33:00,0.06435247603803873
2026-08-24 23:34:00,0.06435247603803873
2026-08-24 23:35:00,0.06836462672799826
2026-08-24 23:36:00,0.06836462672799826
2026-08-24 23:37:00,0.06836462672799826
2026-08-24 23:38:00,0.06836462672799826
2026-08-24 23:39:00,0.06836462672799826
2026-08-24 23:40:00,0.0775265321135521
2026-08-24 23:41:00,0.0775265321135521
2026-08-24 23:42:00,0.0775265321135521
2026-08-24 23:43:00,0.0775265321135521
2026-08-24 23:44:00,0.0775265321135521
2026-08-24 23:45:00,0.07564405351877213
2026-08-24 23:46:00,0.07564405351877213
2026-08-24 23:47:00,0.07564405351877213
2026-08-24 23:48:00,0.07564405351877213
2026-08-24 23:49:00,0.07564405351877213
2026-08-24 23:50:00,0.06933736428618431
2026-08-24 23:51:00,0.06933736428618431
2026-08-24 23:52:00,0.06933736428618431
2026-08-24 23:53:00,0.06933736428618431
2026-08-24 23:54:00,0.06933736428618431
2026-08-24 23:55:00,0.059913636185228825
2026-08-24 23:56:00,0.059913636185228825
2026-08-24 23:57:00,0.059913636185228825
2026-08-24 23:58:00,0.059913636185228825
2026-08-24 23:59:00,0.059913636185228825
2026-08-25 00:00:00,0.050995190627872944
2026-08-25 00:01:00,0.050995190627872944
2026-08-25 00:02:00,0.050995190627872944
2026-08-25 00:03:00,0.050995190627872944
2026-08-25 00:04:00,0.050995190627872944
2026-08-25 00:05:00,0.05048918630927801
2026-08-25 00:06:00,0.05048918630927801
2026-08-25 00:07:00,0.05048918630927801
2026-08-25 00:08:00,0.05048918630927801
2026-08-25 00:09:00,0.05048918630927801
2026-08-25 00:10:00,0.052354178391397
2026-08-25 00:11:00,0.052354178391397
2026-08-25 00:12:00,0.052354178391397
2026-08-25 00:13:00,0.052354178391397
2026-08-25 00:14:00,0.052354178391397
2026-08-25 00:15:00,0.05900604836642742
2026-08-25 00:16:00,0.05900604836642742
2026-08-25 00:17:00,0.05900604836642742
2026-08-25 00:18:00,0.05900604836642742
2026-08-25 00:19:00,0.05900604836642742
2026-08-25 00:20:00,0.062308019027113914
2026-08-25 00:21:00,0.062308019027113914
2026-08-25 00:22:00,0.062308019027113914
2026-08-25 00:23:00,0.062308019027113914
2026-08-25 00:24:00,0.062308019027113914
2026-08-25 00:25:00,0.06233160104602575
2026-08-25 00:26:00,0.06233160104602575
2026-08-25 00:27:00,0.06233160104602575
2026-08-25 00:28:00,0.06233160104602575
2026-08-25 00:29:00,0.06233160104602575
2026-08-25 00:30:00,0.05876709707081318
2026-08-25 00:31:00,0.05876709707081318
2026-08-25 00:32:00,0.05876709707081318
2026-08-25 00:33:00,0.05876709707081318
2026-08-25 00:34:00,0.05876709707081318
2026-08-25 00:35:00,0.052054064348340034
2026-08-25 00:36:00,0.052054064348340034
2026-08-25 00:37:00,0.052054064348340034
2026-08-25 00:38:00,0.052054064348340034
2026-08-25 00:39:00,0.052054064348340034
2026-08-25 00:40:00,0.048015665262937546
2026-08-25 00:41:00,0.048015665262937546
2026-08-25 00:42:00,0.048015665262937546
2026-08-25 00:43:00,0.048015665262937546
2026-08-25 00:44:00,0.048015665262937546
2026-08-25 00:45:00,0.04707668535411358
2026-08-25 00:46:00,0.04707668535411358
2026-08-25 00:47:00,0.04707668535411358
2026-08-25 00:48:00,0.04707668535411358
2026-08-25 00:49:00,0.04707668535411358
2026-08-25 00:50:00,0.049368604086339474
2026-08-25 00:51:00,0.049368604086339474
2026-08-25 00:52:00,0.049368604086339474
2026-08-25 00:53:00,0.049368604086339474
2026-08-25 00:54:00,0.049368604086339474
2026-08-25 00:55:00,0.05375839676707983
2026-08-25 00:56:00,0.05375839676707983
2026-08-25 00:57:00,0.05375839676707983
2026-08-25 00:58:00,0.05375839676707983
2026-08-25 00:59:00,0.05375839676707983
2026-08-25 01:00:00,0.057531668804585934
2026-08-25 01:01:00,0.057531668804585934
2026-08-25 01:02:00,0.057531668804585934
2026-08-25 01:03:00,0.057531668804585934
2026-08-25 01:04:00,0.057531668804585934
2026-08-25 01:05:00,0.056866361759603024
2026-08-25 01:06:00,0.056866361759603024
2026-08-25 01:07:00,0.056866361759603024
2026-08-25 01:08:00,0.056866361759603024
2026-08-25 01:09:00,0.056866361759603024
2026-08-25 01:10:00,0.05678756255656481
2026-08-25 01:11:00,0.05678756255656481
2026-08-25 01:12:00,0.05678756255656481
2026-08-25 01:13:00,0.05678756255656481
2026-08-25 01:14:00,0.05678756255656481
2026-08-25 01:15:00,0.05810865666717291
2026-08-25 01:16:00,0.05810865666717291
2026-08-25 01:17:00,0.05810865666717291
2026-08-25 01:18:00,0.05810865666717291
2026-08-25 01:19:00,0.05810865666717291
2026-08-25 01:20:00,0.06070987228304148
2026-08-25 01:21:00,0.06070987228304148
2026-08-25 01:22:00,0.06070987228304148
2026-08-25 01:23:00,0.06070987228304148
2026-08-25 01:24:00,0.06070987228304148
2026-08-25 01:25:00,0.07417410239577293
2026-08-25 01:26:00,0.07417410239577293
2026-08-25 01:27:00,0.07417410239577293
2026-08-25 01:28:00,0.07417410239577293
2026-08-25 01:29:00,0.07417410239577293
2026-08-25 01:30:00,0.17401470988988876
2026-08-25 01:31:00,0.17401470988988876
2026-08-25 01:32:00,0.17401470988988876
2026-08-25 01:33:00,0.17401470988988876
2026-08-25 01:34:00,0.17401470988988876
2026-08-25 01:35:00,0.2901883441954851
2026-08-25 01:36:00,0.2901883441954851
2026-08-25 01:37:00,0.2901883441954851
2026-08-25 01:38:00,0.2901883441954851
2026-08-25 01:39:00,0.2901883441954851
2026-08-25 01:40:00,0.4721224457025528
2026-08-25 01:41:00,0.4721224457025528
2026-08-25 01:42:00,0.4721224457025528
2026-08-25 01:43:00,0.4721224457025528
2026-08-25 01:44:00,0.4721224457025528
2026-08-25 01:45:00,0.7116046398878098
2026-08-25 01:46:00,0.7116046398878098
2026-08-25 01:47:00,0.7116046398878098
2026-08-25 01:48:00,0.7116046398878098
2026-08-25 01:49:00,0.7116046398878098
2026-08-25 01:50:00,0.772188350558281
2026-08-25 01:51:00,0.772188350558281
2026-08-25 01:52:00,0.772188350558281
2026-08-25 01:53:00,0.772188350558281
2026-08-25 01:54:00,0.772188350558281
2026-08-25 01:55:00,0.7210027202963829
2026-08-25 01:56:00,0.7210027202963829
2026-08-25 01:57:00,0.7210027202963829
2026-08-25 01:58:00,0.7210027202963829
2026-08-25 01:59:00,0.7210027202963829
2026-08-25 02:00:00,0.5682967230677605
2026-08-25 02:01:00,0.5682967230677605
2026-08-25 02:02:00,0.5682967230677605
2026-08-25 02:03:00,0.5682967230677605
2026-08-25 02:04:00,0.5682967230677605
2026-08-25 02:05:00,0.3292468134313822
2026-08-25 02:06:00,0.3292468134313822
2026-08-25 02:07:00,0.3292468134313822
2026-08-25 02:08:00,0.3292468134313822
2026-08-25 02:09:00,0.3292468134313822
2026-08-25 02:10:00,0.16964299697428942
2026-08-25 02:11:00,0.16964299697428942
2026-08-25 02:12:00,0.16964299697428942
2026-08-25 02:13:00,0.16964299697428942
2026-08-25 02:14:00,0.16964299697428942
2026-08-25 02:15:00,0.09957187622785568
2026-08-25 02:16:00,0.09957187622785568
2026-08-25 02:17:00,0.09957187622785568
2026-08-25 02:18:00,0.09957187622785568
2026-08-25 02:19:00,0.09957187622785568
2026-08-25 02:20:00,0.06546512246131897
2026-08-25 02:21:00,0.06546512246131897
2026-08-25 02:22:00,0.06546512246131897
2026-08-25 02:23:00,0.06546512246131897
2026-08-25 02:24:00,0.06546512246131897
2026-08-25 02:25:00,0.053698801435530186
2026-08-25 02:26:00,0.053698801435530186
2026-08-25 02:27:00,0.053698801435530186
2026-08-25 02:28:00,0.053698801435530186
2026-08-25 02:29:00,0.053698801435530186
2026-08-25 02:30:00,0.05140182003378868
2026-08-25 02:31:00,0.05140182003378868
2026-08-25 02:32:00,0.05140182003378868
2026-08-25 02:33:00,0.05140182003378868
2026-08-25 02:34:00,0.05140182003378868
2026-08-25 02:35:00,0.0524346549063921
2026-08-25 02:36:00,0.0524346549063921
2026-08-25 02:37:00,0.0524346549063921
2026-08-25 02:38:00,0.0524346549063921
2026-08-25 02:39:00,0.0524346549063921
2026-08-25 02:40:00,0.053300523199141026
2026-08-25 02:41:00,0.053300523199141026
2026-08-25 02:42:00,0.053300523199141026
2026-08-25 02:43:00,0.053300523199141026
2026-08-25 02:44:00,0.053300523199141026
2026-08-25 02:45:00,0.05636467598378658
2026-08-25 02:46:00,0.05636467598378658
2026-08-25 02:47:00,0.05636467598378658
2026-08-25 02:48:00,0.05636467598378658
2026-08-25 02:49:00,0.05636467598378658
2026-08-25 02:50:00,0.05652998108416796
2026-08-25 02:51:00,0.05652998108416796
2026-08-25 02:52:00,0.05652998108416796
2026-08-25 02:53:00,0.05652998108416796
2026-08-25 02:54:00,0.05652998108416796
2026-08-25 02:55:00,0.0526617206633091
2026-08-25 02:56:00,0.0526617206633091
2026-08-25 02:57:00,0.0526617206633091
2026-08-25 02:58:00,0.0526617206633091
2026-08-25 02:59:00,0.0526617206633091
2026-08-25 03:00:00,0.04874545335769653
2026-08-25 03:01:00,0.04874545335769653
2026-08-25 03:02:00,0.04874545335769653
2026-08-25 03:03:00,0.04874545335769653
2026-08-25 03:04:00,0.04874545335769653
2026-08-25 03:05:00,0.04254241846501827
2026-08-25 03:06:00,0.04254241846501827
2026-08-25 03:07:00,0.04254241846501827
2026-08-25 03:08:00,0.04254241846501827
2026-08-25 03:09:00,0.04254241846501827
2026-08-25 03:10:00,0.04497390240430832
2026-08-25 03:11:00,0.04497390240430832
2026-08-25 03:12:00,0.04497390240430832
2026-08-25 03:13:00,0.04497390240430832
2026-08-25 03:14:00,0.04497390240430832
2026-08-25 03:15:00,0.055304473266005516
2026-08-25 03:16:00,0.055304473266005516
2026-08-25 03:17:00,0.055304473266005516
2026-08-25 03:18:00,0.055304473266005516
2026-08-25 03:19:00,0.055304473266005516
2026-08-25 03:20:00,0.06570751126855612
2026-08-25 03:21:00,0.06570751126855612
2026-08-25 03:22:00,0.06570751126855612
2026-08-25 03:23:00,0.06570751126855612
2026-08-25 03:24:00,0.06570751126855612
2026-08-25 03:25:00,0.07613252755254507
2026-08-25 03:26:00,0.07613252755254507
2026-08-25 03:27:00,0.07613252755254507
2026-08-25 03:28:00,0.07613252755254507
2026-08-25 03:29:00,0.07613252755254507
2026-08-25 03:30:00,0.08922331035137177
2026-08-25 03:31:00,0.08922331035137177
2026-08-25 03:32:00,0.08922331035137177
2026-08-25 03:33:00,0.08922331035137177
2026-08-25 03:34:00,0.08922331035137177
2026-08-25 03:35:00,0.09803243353962898
2026-08-25 03:36:00,0.09803243353962898
2026-08-25 03:37:00,0.09803243353962898
2026-08-25 03:38:00,0.09803243353962898
2026-08-25 03:39:00,0.09803243353962898
2026-08-25 03:40:00,0.1026377622038126
2026-08-25 03:41:00,0.1026377622038126
2026-08-25 03:42:00,0.1026377622038126
2026-08-25 03:43:00,0.1026377622038126
2026-08-25 03:44:00,0.1026377622038126
2026-08-25 03:45:00,0.10697589814662933
2026-08-25 03:46:00,0.10697589814662933
2026-08-25 03:47:00,0.10697589814662933
2026-08-25 03:48:00,0.10697589814662933
2026-08-25 03:49:00,0.10697589814662933
2026-08-25 03:50:00,0.09671140648424625
2026-08-25 03:51:00,0.09671140648424625
2026-08-25 03:52:00,0.09671140648424625
2026-08-25 03:53:00,0.09671140648424625
2026-08-25 03:54:00,0.09671140648424625
2026-08-25 03:55:00,0.08326307591050863
2026-08-25 03:56:00,0.08326307591050863
2026-08-25 03:57:00,0.08326307591050863
2026-08-25 03:58:00,0.08326307591050863
2026-08-25 03:59:00,0.08326307591050863
2026-08-25 04:00:00,0.2376197623088956
2026-08-25 04:01:00,0.2376197623088956
2026-08-25 04:02:00,0.2376197623088956
2026-08-25 04:03:00,0.2376197623088956
2026-08-25 04:04:00,0.2376197623088956
2026-08-25 04:05:00,0.3903420874848962
2026-08-25 04:06:00,0.3903420874848962
2026-08-25 04:07:00,0.3903420874848962
2026-08-25 04:08:00,0.3903420874848962
2026-08-25 04:09:00,0.3903420874848962
2026-08-25 04:10:00,0.5550488671287894
2026-08-25 04:11:00,0.5550488671287894
2026-08-25 04:12:00,0.5550488671287894
2026-08-25 04:13:00,0.5550488671287894
2026-08-25 04:14:00,0.5550488671287894
2026-08-25 04:15:00,0.717386782169342
2026-08-25 04:16:00,0.717386782169342
2026-08-25 04:17:00,0.717386782169342
2026-08-25 04:18:00,0.717386782169342
2026-08-25 04:19:00,0.717386782169342
2026-08-25 04:20:00,0.5578351095318794
2026-08-25 04:21:00,0.5578351095318794
2026-08-25 04:22:00,0.5578351095318794
2026-08-25 04:23:00,0.5578351095318794
2026-08-25 04:24:00,0.5578351095318794
2026-08-25 04:25:00,0.40042019076645374
2026-08-25 04:26:00,0.40042019076645374
2026-08-25 04:27:00,0.40042019076645374
2026-08-25 04:28:00,0.40042019076645374
2026-08-25 04:29:00,0.40042019076645374
2026-08-25 04:30:00,0.2360970415174961
2026-08-25 04:31:00,0.2360970415174961
2026-08-25 04:32:00,0.2360970415174961
2026-08-25 04:33:00,0.2360970415174961
2026-08-25 04:34:00,0.2360970415174961
2026-08-25 04:35:00,0.0738518787547946
2026-08-25 04:36:00,0.0738518787547946
2026-08-25 04:37:00,0.0738518787547946
2026-08-25 04:38:00,0.0738518787547946
2026-08-25 04:39:00,0.0738518787547946
2026-08-25 04:40:00,0.13639930170029402
2026-08-25 04:41:00,0.13639930170029402
2026-08-25 04:42:00,0.13639930170029402
2026-08-25 04:43:00,0.13639930170029402
2026-08-25 04:44:00,0.13639930170029402
2026-08-25 04:45:00,0.20055385772138834
2026-08-25 04:46:00,0.20055385772138834
2026-08-25 04:47:00,0.20055385772138834
2026-08-25 04:48:00,0.20055385772138834
2026-08-25 04:49:00,0.20055385772138834
2026-08-25 04:50:00,0.2652343502268195
2026-08-25 04:51:00,0.2652343502268195
2026-08-25 04:52:00,0.2652343502268195
2026-08-25 04:53:00,0.2652343502268195
2026-08-25 04:54:00,0.2652343502268195
2026-08-25 04:55:00,0.3327542692422867
2026-08-25 04:56:00,0.3327542692422867
2026-08-25 04:57:00,0.3327542692422867
2026-08-25 04:58:00,0.3327542692422867
2026-08-25 04:59:00,0.3327542692422867
2026-08-25 05:00:00,0.26562791503965855
2026-08-25 05:01:00,0.26562791503965855
2026-08-25 05:02:00,0.26562791503965855
2026-08-25 05:03:00,0.26562791503965855
2026-08-25 05:04:00,0.26562791503965855
2026-08-25 05:05:00,0.19847439974546432
2026-08-25 05:06:00,0.19847439974546432
2026-08-25 05:07:00,0.19847439974546432
2026-08-25 05:08:00,0.19847439974546432
2026-08-25 05:09:00,0.19847439974546432
2026-08-25 05:10:00,0.24291540682315826
2026-08-25 05:11:00,0.24291540682315826
2026-08-25 05:12:00,0.24291540682315826
2026-08-25 05:13:00,0.24291540682315826
2026-08-25 05:14:00,0.24291540682315826
2026-08-25 05:15:00,0.2859421744942665
2026-08-25 05:16:00,0.2859421744942665
2026-08-25 05:17:00,0.2859421744942665
2026-08-25 05:18:00,0.2859421744942665
2026-08-25 05:19:00,0.2859421744942665
2026-08-25 05:20:00,0.4483498018234968
2026-08-25 05:21:00,0.4483498018234968
2026-08-25 05:22:00,0.4483498018234968
2026-08-25 05:23:00,0.4483498018234968
2026-08-25 05:24:00,0.4483498018234968
2026-08-25 05:25:00,0.607805073261261
2026-08-25 05:26:00,0.607805073261261
2026-08-25 05:27:00,0.607805073261261
2026-08-25 05:28:00,0.607805073261261
2026-08-25 05:29:00,0.607805073261261
2026-08-25 05:30:00,0.632048562169075
2026-08-25 05:31:00,0.632048562169075
2026-08-25 05:32:00,0.632048562169075
2026-08-25 05:33:00,0.632048562169075
2026-08-25 05:34:00,0.632048562169075
2026-08-25 05:35:00,0.6581147611141205
2026-08-25 05:36:00,0.6581147611141205
2026-08-25 05:37:00,0.6581147611141205
2026-08-25 05:38:00,0.6581147611141205
2026-08-25 05:39:00,0.6581147611141205
2026-08-25 05:40:00,0.49469763319939375
2026-08-25 05:41:00,0.49469763319939375
2026-08-25 05:42:00,0.49469763319939375
2026-08-25 05:43:00,0.49469763319939375
2026-08-25 05:44:00,0.49469763319939375
2026-08-25 05:45:00,0.33550539519637823
2026-08-25 05:46:00,0.33550539519637823
2026-08-25 05:47:00,0.33550539519637823
2026-08-25 05:48:00,0.33550539519637823
2026-08-25 05:49:00,0.33550539519637823
2026-08-25 05:50:00,0.20317415613681078
2026-08-25 05:51:00,0.20317415613681078
2026-08-25 05:52:00,0.20317415613681078
2026-08-25 05:53:00,0.20317415613681078
2026-08-25 05:54:00,0.20317415613681078
2026-08-25 05:55:00,0.07449372950941324
2026-08-25 05:56:00,0.07449372950941324
2026-08-25 05:57:00,0.07449372950941324
2026-08-25 05:58:00,0.07449372950941324
2026-08-25 05:59:00,0.07449372950941324
2026-08-25 06:00:00,0.08076737262308598
2026-08-25 06:01:00,0.08076737262308598
2026-08-25 06:02:00,0.08076737262308598
2026-08-25 06:03:00,0.08076737262308598
2026-08-25 06:04:00,0.08076737262308598
2026-08-25 06:05:00,0.08278248086571693
2026-08-25 06:06:00,0.08278248086571693
2026-08-25 06:07:00,0.08278248086571693
2026-08-25 06:08:00,0.08278248086571693
2026-08-25 06:09:00,0.08278248086571693
2026-08-25 06:10:00,0.08132671937346458
2026-08-25 06:11:00,0.08132671937346458
2026-08-25 06:12:00,0.08132671937346458
2026-08-25 06:13:00,0.08132671937346458
2026-08-25 06:14:00,0.08132671937346458
2026-08-25 06:15:00,0.07333181984722614
2026-08-25 06:16:00,0.07333181984722614
2026-08-25 06:17:00,0.07333181984722614
2026-08-25 06:18:00,0.07333181984722614
2026-08-25 06:19:00,0.07333181984722614
2026-08-25 06:20:00,0.0656130313873291
2026-08-25 06:21:00,0.0656130313873291
2026-08-25 06:22:00,0.0656130313873291
2026-08-25 06:23:00,0.0656130313873291
2026-08-25 06:24:00,0.0656130313873291
2026-08-25 06:25:00,0.061358021572232246
2026-08-25 06:26:00,0.061358021572232246
2026-08-25 06:27:00,0.061358021572232246
2026-08-25 06:28:00,0.061358021572232246
2026-08-25 06:29:00,0.061358021572232246
2026-08-25 06:30:00,0.05809883214533329
2026-08-25 06:31:00,0.05809883214533329
2026-08-25 06:32:00,0.05809883214533329
2026-08-25 06:33:00,0.05809883214533329
2026-08-25 06:34:00,0.05809883214533329
2026-08-25 06:35:00,0.05784169118851423
2026-08-25 06:36:00,0.05784169118851423
2026-08-25 06:37:00,0.05784169118851423
2026-08-25 06:38:00,0.05784169118851423
2026-08-25 06:39:00,0.05784169118851423
2026-08-25 06:40:00,0.059843177907168865
2026-08-25 06:41:00,0.059843177907168865
2026-08-25 06:42:00,0.059843177907168865
2026-08-25 06:43:00,0.059843177907168865
2026-08-25 06:44:00,0.059843177907168865
2026-08-25 06:45:00,0.06709817703813314
2026-08-25 06:46:00,0.06709817703813314
2026-08-25 06:47:00,0.06709817703813314
2026-08-25 06:48:00,0.06709817703813314
2026-08-25 06:49:00,0.06709817703813314
2026-08-25 06:50:00,0.0844968305900693
2026-08-25 06:51:00,0.0844968305900693
2026-08-25 06:52:00,0.0844968305900693
2026-08-25 06:53:00,0.0844968305900693
2026-08-25 06:54:00,0.0844968305900693
2026-08-25 06:55:00,0.10231070034205914
2026-08-25 06:56:00,0.10231070034205914
2026-08-25 06:57:00,0.10231070034205914
2026-08-25 06:58:00,0.10231070034205914
2026-08-25 06:59:00,0.10231070034205914
2026-08-25 07:00:00,0.11123817972838879
2026-08-25 07:01:00,0.11123817972838879
2026-08-25 07:02:00,0.11123817972838879
2026-08-25 07:03:00,0.11123817972838879
2026-08-25 07:04:00,0.11123817972838879
2026-08-25 07:05:00,0.10636744648218155
2026-08-25 07:06:00,0.10636744648218155
2026-08-25 07:07:00,0.10636744648218155
2026-08-25 07:08:00,0.10636744648218155
2026-08-25 07:09:00,0.10636744648218155
2026-08-25 07:10:00,0.08564363978803158
2026-08-25 07:11:00,0.08564363978803158
2026-08-25 07:12:00,0.08564363978803158
2026-08-25 07:13:00,0.08564363978803158
2026-08-25 07:14:00,0.08564363978803158
2026-08-25 07:15:00,0.06645200215280056
2026-08-25 07:16:00,0.06645200215280056
2026-08-25 07:17:00,0.06645200215280056
2026-08-25 07:18:00,0.06645200215280056
2026-08-25 07:19:00,0.06645200215280056
2026-08-25 07:20:00,0.05384610500186682
2026-08-25 07:21:00,0.05384610500186682
2026-08-25 07:22:00,0.05384610500186682
2026-08-25 07:23:00,0.05384610500186682
2026-08-25 07:24:00,0.05384610500186682
2026-08-25 07:25:00,0.04909951612353325
2026-08-25 07:26:00,0.04909951612353325
2026-08-25 07:27:00,0.04909951612353325
2026-08-25 07:28:00,0.04909951612353325
2026-08-25 07:29:00,0.04909951612353325
2026-08-25 07:30:00,0.0564078651368618
2026-08-25 07:31:00,0.0564078651368618
2026-08-25 07:32:00,0.0564078651368618
2026-08-25 07:33:00,0.0564078651368618
2026-08-25 07:34:00,0.0564078651368618
2026-08-25 07:35:00,0.05665718484669924
2026-08-25 07:36:00,0.05665718484669924
2026-08-25 07:37:00,0.05665718484669924
2026-08-25 07:38:00,0.05665718484669924
2026-08-25 07:39:00,0.05665718484669924
2026-08-25 07:40:00,0.05649987980723381
2026-08-25 07:41:00,0.05649987980723381
2026-08-25 07:42:00,0.05649987980723381
2026-08-25 07:43:00,0.05649987980723381
2026-08-25 07:44:00,0.05649987980723381
2026-08-25 07:45:00,0.05299973767250776
2026-08-25 07:46:00,0.05299973767250776
2026-08-25 07:47:00,0.05299973767250776
2026-08-25 07:48:00,0.05299973767250776
2026-08-25 07:49:00,0.05299973767250776
2026-08-25 07:50:00,0.04402649775147438
2026-08-25 07:51:00,0.04402649775147438
2026-08-25 07:52:00,0.04402649775147438
2026-08-25 07:53:00,0.04402649775147438
2026-08-25 07:54:00,0.04402649775147438
2026-08-25 07:55:00,0.043164863251149654
2026-08-25 07:56:00,0.043164863251149654
2026-08-25 07:57:00,0.043164863251149654
2026-08-25 07:58:00,0.043164863251149654
2026-08-25 07:59:00,0.043164863251149654
2026-08-25 08:00:00,0.04623349290341139
2026-08-25 08:01:00,0.04623349290341139
2026-08-25 08:02:00,0.04623349290341139
2026-08-25 08:03:00,0.04623349290341139
2026-08-25 08:04:00,0.04623349290341139
2026-08-25 08:05:00,0.05438773427158594
2026-08-25 08:06:00,0.05438773427158594
2026-08-25 08:07:00,0.05438773427158594
2026-08-25 08:08:00,0.05438773427158594
2026-08-25 08:09:00,0.05438773427158594
2026-08-25 08:10:00,0.0646526925265789
2026-08-25 08:11:00,0.0646526925265789
2026-08-25 08:12:00,0.0646526925265789
2026-08-25 08:13:00,0.0646526925265789
2026-08-25 08:14:00,0.0646526925265789
2026-08-25 08:15:00,0.06369868200272322
2026-08-25 08:16:00,0.06369868200272322
2026-08-25 08:17:00,0.06369868200272322
2026-08-25 08:18:00,0.06369868200272322
2026-08-25 08:19:00,0.06369868200272322
2026-08-25 08:20:00,0.05940893106162548
2026-08-25 08:21:00,0.05940893106162548
2026-08-25 08:22:00,0.05940893106162548
2026-08-25 08:23:00,0.05940893106162548
2026-08-25 08:24:00,0.05940893106162548
2026-08-25 08:25:00,0.05234431568533182
2026-08-25 08:26:00,0.05234431568533182
2026-08-25 08:27:00,0.05234431568533182
2026-08-25 08:28:00,0.05234431568533182
2026-08-25 08:29:00,0.05234431568533182
2026-08-25 08:30:00,0.04611644521355629
2026-08-25 08:31:00,0.04611644521355629
2026-08-25 08:32:00,0.04611644521355629
2026-08-25 08:33:00,0.04611644521355629
2026-08-25 08:34:00,0.04611644521355629
2026-08-25 08:35:00,0.04828240908682346
2026-08-25 08:36:00,0.04828240908682346
2026-08-25 08:37:00,0.04828240908682346
2026-08-25 08:38:00,0.04828240908682346
2026-08-25 08:39:00,0.04828240908682346
2026-08-25 08:40:00,0.05315755680203438
2026-08-25 08:41:00,0.05315755680203438
2026-08-25 08:42:00,0.05315755680203438
2026-08-25 08:43:00,0.05315755680203438
2026-08-25 08:44:00,0.05315755680203438
2026-08-25 08:45:00,0.0580751383677125
2026-08-25 08:46:00,0.0580751383677125
2026-08-25 08:47:00,0.0580751383677125
2026-08-25 08:48:00,0.0580751383677125
2026-08-25 08:49:00,0.0580751383677125
2026-08-25 08:50:00,0.05991084035485983
2026-08-25 08:51:00,0.05991084035485983
2026-08-25 08:52:00,0.05991084035485983
2026-08-25 08:53:00,0.05991084035485983
2026-08-25 08:54:00,0.05991084035485983
2026-08-25 08:55:00,0.060088339261710644
2026-08-25 08:56:00,0.060088339261710644
2026-08-25 08:57:00,0.060088339261710644
2026-08-25 08:58:00,0.060088339261710644
2026-08-25 08:59:00,0.060088339261710644
2026-08-25 09:00:00,0.057942685671150684
2026-08-25 09:01:00,0.057942685671150684
2026-08-25 09:02:00,0.057942685671150684
2026-08-25 09:03:00,0.057942685671150684
2026-08-25 09:04:00,0.057942685671150684
2026-08-25 09:05:00,0.05287266056984663
2026-08-25 09:06:00,0.05287266056984663
2026-08-25 09:07:00,0.05287266056984663
2026-08-25 09:08:00,0.05287266056984663
2026-08-25 09:09:00,0.05287266056984663
2026-08-25 09:10:00,0.05090416315943003
2026-08-25 09:11:00,0.05090416315943003
2026-08-25 09:12:00,0.05090416315943003
2026-08-25 09:13:00,0.05090416315943003
2026-08-25 09:14:00,0.05090416315943003
2026-08-25 09:15:00,0.054641243070364
2026-08-25 09:16:00,0.054641243070364
2026-08-25 09:17:00,0.054641243070364
2026-08-25 09:18:00,0.054641243070364
2026-08-25 09:19:00,0.054641243070364
2026-08-25 09:20:00,0.06299993116408587
2026-08-25 09:21:00,0.06299993116408587
2026-08-25 09:22:00,0.06299993116408587
2026-08-25 09:23:00,0.06299993116408587
2026-08-25 09:24:00,0.06299993116408587
2026-08-25 09:25:00,0.0717862593010068
2026-08-25 09:26:00,0.0717862593010068
2026-08-25 09:27:00,0.0717862593010068
2026-08-25 09:28:00,0.0717862593010068
2026-08-25 09:29:00,0.0717862593010068
2026-08-25 09:30:00,0.07466351799666882
2026-08-25 09:31:00,0.07466351799666882
2026-08-25 09:32:00,0.07466351799666882
2026-08-25 09:33:00,0.07466351799666882
2026-08-25 09:34:00,0.07466351799666882
2026-08-25 09:35:00,0.06787170004099607
2026-08-25 09:36:00,0.06787170004099607
2026-08-25 09:37:00,0.06787170004099607
2026-08-25 09:38:00,0.06787170004099607
2026-08-25 09:39:00,0.06787170004099607
2026-08-25 09:40:00,0.057298666797578335
2026-08-25 09:41:00,0.057298666797578335
2026-08-25 09:42:00,0.057298666797578335
2026-08-25 09:43:00,0.057298666797578335
2026-08-25 09:44:00,0.057298666797578335
2026-08-25 09:45:00,0.04680035822093487
2026-08-25 09:46:00,0.04680035822093487
2026-08-25 09:47:00,0.04680035822093487
2026-08-25 09:48:00,0.04680035822093487
2026-08-25 09:49:00,0.04680035822093487
2026-08-25 09:50:00,0.039740278385579586
2026-08-25 09:51:00,0.039740278385579586
2026-08-25 09:52:00,0.039740278385579586
2026-08-25 09:53:00,0.039740278385579586
2026-08-25 09:54:00,0.039740278385579586
2026-08-25 09:55:00,0.03674248419702053
2026-08-25 09:56:00,0.03674248419702053
2026-08-25 09:57:00,0.03674248419702053
2026-08-25 09:58:00,0.03674248419702053
2026-08-25 09:59:00,0.03674248419702053
2026-08-25 10:00:00,0.03347362903878093
2026-08-25 10:01:00,0.03347362903878093
2026-08-25 10:02:00,0.03347362903878093
2026-08-25 10:03:00,0.03347362903878093
2026-08-25 10:04:00,0.03347362903878093
2026-08-25 10:05:00,0.033400125335901976
2026-08-25 10:06:00,0.033400125335901976
2026-08-25 10:07:00,0.033400125335901976
2026-08-25 10:08:00,0.033400125335901976
2026-08-25 10:09:00,0.033400125335901976
2026-08-25 10:10:00,0.038694601971656084
2026-08-25 10:11:00,0.038694601971656084
2026-08-25 10:12:00,0.038694601971656084
2026-08-25 10:13:00,0.038694601971656084
2026-08-25 10:14:00,0.038694601971656084
2026-08-25 10:15:00,0.04920026520267129
2026-08-25 10:16:00,0.04920026520267129
2026-08-25 10:17:00,0.04920026520267129
2026-08-25 10:18:00,0.04920026520267129
2026-08-25 10:19:00,0.04920026520267129
2026-08-25 10:20:00,0.06162635702639818
2026-08-25 10:21:00,0.06162635702639818
2026-08-25 10:22:00,0.06162635702639818
2026-08-25 10:23:00,0.06162635702639818
2026-08-25 10:24:00,0.06162635702639818
2026-08-25 10:25:00,0.07219722494482994
2026-08-25 10:26:00,0.07219722494482994
2026-08-25 10:27:00,0.07219722494482994
2026-08-25 10:28:00,0.07219722494482994
2026-08-25 10:29:00,0.07219722494482994
2026-08-25 10:30:00,0.07621650770306587
2026-08-25 10:31:00,0.07621650770306587
2026-08-25 10:32:00,0.07621650770306587
2026-08-25 10:33:00,0.07621650770306587
2026-08-25 10:34:00,0.07621650770306587
2026-08-25 10:35:00,0.07988550700247288
2026-08-25 10:36:00,0.07988550700247288
2026-08-25 10:37:00,0.07988550700247288
2026-08-25 10:38:00,0.07988550700247288
2026-08-25 10:39:00,0.07988550700247288
2026-08-25 10:40:00,0.08019234053790569
2026-08-25 10:41:00,0.08019234053790569
2026-08-25 10:42:00,0.08019234053790569
2026-08-25 10:43:00,0.08019234053790569
2026-08-25 10:44:00,0.08019234053790569
2026-08-25 10:45:00,0.08131284266710281
2026-08-25 10:46:00,0.08131284266710281
2026-08-25 10:47:00,0.08131284266710281
2026-08-25 10:48:00,0.08131284266710281
2026-08-25 10:49:00,0.08131284266710281
2026-08-25 10:50:00,0.08278771489858627
2026-08-25 10:51:00,0.08278771489858627
2026-08-25 10:52:00,0.08278771489858627
2026-08-25 10:53:00,0.08278771489858627
2026-08-25 10:54:00,0.08278771489858627
2026-08-25 10:55:00,0.07443610858172178
2026-08-25 10:56:00,0.07443610858172178
2026-08-25 10:57:00,0.07443610858172178
2026-08-25 10:58:00,0.07443610858172178
2026-08-25 10:59:00,0.07443610858172178
2026-08-25 11:00:00,0.06533282622694969
2026-08-25 11:01:00,0.06533282622694969
2026-08-25 11:02:00,0.06533282622694969
2026-08-25 11:03:00,0.06533282622694969
2026-08-25 11:04:00,0.06533282622694969
2026-08-25 11:05:00,0.05259668827056885
2026-08-25 11:06:00,0.05259668827056885
2026-08-25 11:07:00,0.05259668827056885
2026-08-25 11:08:00,0.05259668827056885
2026-08-25 11:09:00,0.05259668827056885
2026-08-25 11:10:00,0.04150618053972721
2026-08-25 11:11:00,0.04150618053972721
2026-08-25 11:12:00,0.04150618053972721
2026-08-25 11:13:00,0.04150618053972721
2026-08-25 11:14:00,0.04150618053972721
2026-08-25 11:15:00,0.04048129357397556
2026-08-25 11:16:00,0.04048129357397556
2026-08-25 11:17:00,0.04048129357397556
2026-08-25 11:18:00,0.04048129357397556
2026-08-25 11:19:00,0.04048129357397556
2026-08-25 11:20:00,0.04596878681331873
2026-08-25 11:21:00,0.04596878681331873
2026-08-25 11:22:00,0.04596878681331873
2026-08-25 11:23:00,0.04596878681331873
2026-08-25 11:24:00,0.04596878681331873
2026-08-25 11:25:00,0.05880975816398859
2026-08-25 11:26:00,0.05880975816398859
2026-08-25 11:27:00,0.05880975816398859
2026-08-25 11:28:00,0.05880975816398859
2026-08-25 11:29:00,0.05880975816398859
2026-08-25 11:30:00,0.07211808208376169
2026-08-25 11:31:00,0.07211808208376169
2026-08-25 11:32:00,0.07211808208376169
2026-08-25 11:33:00,0.07211808208376169
2026-08-25 11:34:00,0.07211808208376169
2026-08-25 11:35:00,0.07763359323143959
2026-08-25 11:36:00,0.07763359323143959
2026-08-25 11:37:00,0.07763359323143959
2026-08-25 11:38:00,0.07763359323143959
2026-08-25 11:39:00,0.07763359323143959
2026-08-25 11:40:00,0.08453904278576374
2026-08-25 11:41:00,0.08453904278576374
2026-08-25 11:42:00,0.08453904278576374
2026-08-25 11:43:00,0.08453904278576374
2026-08-25 11:44:00,0.08453904278576374
2026-08-25 11:45:00,0.08467762358486652
2026-08-25 11:46:00,0.08467762358486652
2026-08-25 11:47:00,0.08467762358486652
2026-08-25 11:48:00,0.08467762358486652
2026-08-25 11:49:00,0.08467762358486652
2026-08-25 11:50:00,0.08783132024109364
2026-08-25 11:51:00,0.08783132024109364
2026-08-25 11:52:00,0.08783132024109364
2026-08-25 11:53:00,0.08783132024109364
2026-08-25 11:54:00,0.08783132024109364
2026-08-25 11:55:00,0.09830197133123875
2026-08-25 11:56:00,0.09830197133123875
2026-08-25 11:57:00,0.09830197133123875
2026-08-25 11:58:00,0.09830197133123875
2026-08-25 11:59:00,0.09830197133123875
2026-08-25 12:00:00,0.10282617062330246
2026-08-25 12:01:00,0.10282617062330246
2026-08-25 12:02:00,0.10282617062330246
2026-08-25 12:03:00,0.10282617062330246
2026-08-25 12:04:00,0.10282617062330246
2026-08-25 12:05:00,0.10377720929682255
2026-08-25 12:06:00,0.10377720929682255
2026-08-25 12:07:00,0.10377720929682255
2026-08-25 12:08:00,0.10377720929682255
2026-08-25 12:09:00,0.10377720929682255
2026-08-25 12:10:00,0.09879101812839508
2026-08-25 12:11:00,0.09879101812839508
2026-08-25 12:12:00,0.09879101812839508
2026-08-25 12:13:00,0.09879101812839508
2026-08-25 12:14:00,0.09879101812839508
2026-08-25 12:15:00,0.08755853399634361
2026-08-25 12:16:00,0.08755853399634361
2026-08-25 12:17:00,0.08755853399634361
2026-08-25 12:18:00,0.08755853399634361
2026-08-25 12:19:00,0.08755853399634361
2026-08-25 12:20:00,0.08101044222712517
2026-08-25 12:21:00,0.08101044222712517
2026-08-25 12:22:00,0.08101044222712517
2026-08-25 12:23:00,0.08101044222712517
2026-08-25 12:24:00,0.08101044222712517
2026-08-25 12:25:00,0.08055161125957966
2026-08-25 12:26:00,0.08055161125957966
2026-08-25 12:27:00,0.08055161125957966
2026-08-25 12:28:00,0.08055161125957966
2026-08-25 12:29:00,0.08055161125957966
2026-08-25 12:30:00,0.08026839420199394
2026-08-25 12:31:00,0.08026839420199394
2026-08-25 12:32:00,0.08026839420199394
2026-08-25 12:33:00,0.08026839420199394
2026-08-25 12:34:00,0.08026839420199394
2026-08-25 12:35:00,0.07898012548685074
2026-08-25 12:36:00,0.07898012548685074
2026-08-25 12:37:00,0.07898012548685074
2026-08-25 12:38:00,0.07898012548685074
2026-08-25 12:39:00,0.07898012548685074
2026-08-25 12:40:00,0.07370234094560146
2026-08-25 12:41:00,0.07370234094560146
2026-08-25 12:42:00,0.07370234094560146
2026-08-25 12:43:00,0.07370234094560146
2026-08-25 12:44:00,0.07370234094560146
2026-08-25 12:45:00,0.07139142416417599
2026-08-25 12:46:00,0.07139142416417599
2026-08-25 12:47:00,0.07139142416417599
2026-08-25 12:48:00,0.07139142416417599
2026-08-25 12:49:00,0.07139142416417599
2026-08-25 12:50:00,0.07161305472254753
2026-08-25 12:51:00,0.07161305472254753
2026-08-25 12:52:00,0.07161305472254753
2026-08-25 12:53:00,0.07161305472254753
2026-08-25 12:54:00,0.07161305472254753
2026-08-25 12:55:00,0.07395484112203121
2026-08-25 12:56:00,0.07395484112203121
2026-08-25 12:57:00,0.07395484112203121
2026-08-25 12:58:00,0.07395484112203121
2026-08-25 12:59:00,0.07395484112203121
2026-08-25 13:00:00,0.07038904633373022
2026-08-25 13:01:00,0.07038904633373022
2026-08-25 13:02:00,0.07038904633373022
2026-08-25 13:03:00,0.07038904633373022
2026-08-25 13:04:00,0.07038904633373022
2026-08-25 13:05:00,0.062379905954003334
2026-08-25 13:06:00,0.062379905954003334
2026-08-25 13:07:00,0.062379905954003334
2026-08-25 13:08:00,0.062379905954003334
2026-08-25 13:09:00,0.062379905954003334
2026-08-25 13:10:00,0.059376154094934464
2026-08-25 13:11:00,0.059376154094934464
2026-08-25 13:12:00,0.059376154094934464
2026-08-25 13:13:00,0.059376154094934464
2026-08-25 13:14:00,0.059376154094934464
2026-08-25 13:15:00,0.061351459473371506
2026-08-25 13:16:00,0.061351459473371506
2026-08-25 13:17:00,0.061351459473371506
2026-08-25 13:18:00,0.061351459473371506
2026-08-25 13:19:00,0.061351459473371506
2026-08-25 13:20:00,0.06694997940212488
2026-08-25 13:21:00,0.06694997940212488
2026-08-25 13:22:00,0.06694997940212488
2026-08-25 13:23:00,0.06694997940212488
2026-08-25 13:24:00,0.06694997940212488
2026-08-25 13:25:00,0.07419361546635628
2026-08-25 13:26:00,0.07419361546635628
2026-08-25 13:27:00,0.07419361546635628
2026-08-25 13:28:00,0.07419361546635628
2026-08-25 13:29:00,0.07419361546635628
2026-08-25 13:30:00,0.07041952759027481
2026-08-25 13:31:00,0.07041952759027481
2026-08-25 13:32:00,0.07041952759027481
2026-08-25 13:33:00,0.07041952759027481
2026-08-25 13:34:00,0.07041952759027481
2026-08-25 13:35:00,0.06242743041366339
2026-08-25 13:36:00,0.06242743041366339
2026-08-25 13:37:00,0.06242743041366339
2026-08-25 13:38:00,0.06242743041366339
2026-08-25 13:39:00,0.06242743041366339
2026-08-25 13:40:00,0.056081559509038925
2026-08-25 13:41:00,0.056081559509038925
2026-08-25 13:42:00,0.056081559509038925
2026-08-25 13:43:00,0.056081559509038925
2026-08-25 13:44:00,0.056081559509038925
2026-08-25 13:45:00,0.052518388256430626
2026-08-25 13:46:00,0.052518388256430626
2026-08-25 13:47:00,0.052518388256430626
2026-08-25 13:48:00,0.052518388256430626
2026-08-25 13:49:00,0.052518388256430626
2026-08-25 13:50:00,0.056688325479626656
2026-08-25 13:51:00,0.056688325479626656
2026-08-25 13:52:00,0.056688325479626656
2026-08-25 13:53:00,0.056688325479626656
2026-08-25 13:54:00,0.056688325479626656
2026-08-25 13:55:00,0.06826786417514086
2026-08-25 13:56:00,0.06826786417514086
2026-08-25 13:57:00,0.06826786417514086
2026-08-25 13:58:00,0.06826786417514086
2026-08-25 13:59:00,0.06826786417514086
2026-08-25 14:00:00,0.0806608498096466
2026-08-25 14:01:00,0.0806608498096466
2026-08-25 14:02:00,0.0806608498096466
2026-08-25 14:03:00,0.0806608498096466
2026-08-25 14:04:00,0.0806608498096466
2026-08-25 14:05:00,0.08304294757544994
2026-08-25 14:06:00,0.08304294757544994
2026-08-25 14:07:00,0.08304294757544994
2026-08-25 14:08:00,0.08304294757544994
2026-08-25 14:09:00,0.08304294757544994
2026-08-25 14:10:00,0.08008653856813908
2026-08-25 14:11:00,0.08008653856813908
2026-08-25 14:12:00,0.08008653856813908
2026-08-25 14:13:00,0.08008653856813908
2026-08-25 14:14:00,0.08008653856813908
2026-08-25 14:15:00,0.06829562038183212
2026-08-25 14:16:00,0.06829562038183212
2026-08-25 14:17:00,0.06829562038183212
2026-08-25 14:18:00,0.06829562038183212
2026-08-25 14:19:00,0.06829562038183212
2026-08-25 14:20:00,0.05643382482230663
2026-08-25 14:21:00,0.05643382482230663
2026-08-25 14:22:00,0.05643382482230663
2026-08-25 14:23:00,0.05643382482230663
2026-08-25 14:24:00,0.05643382482230663
2026-08-25 14:25:00,0.05079902708530426
2026-08-25 14:26:00,0.05079902708530426
2026-08-25 14:27:00,0.05079902708530426
2026-08-25 14:28:00,0.05079902708530426
2026-08-25 14:29:00,0.05079902708530426
2026-08-25 14:30:00,0.05058141611516476
2026-08-25 14:31:00,0.05058141611516476
2026-08-25 14:32:00,0.05058141611516476
2026-08-25 14:33:00,0.05058141611516476
2026-08-25 14:34:00,0.05058141611516476
2026-08-25 14:35:00,0.0612613670527935
2026-08-25 14:36:00,0.0612613670527935
2026-08-25 14:37:00,0.0612613670527935
2026-08-25 14:38:00,0.0612613670527935
2026-08-25 14:39:00,0.0612613670527935
2026-08-25 14:40:00,0.07400807552039623
2026-08-25 14:41:00,0.07400807552039623
2026-08-25 14:42:00,0.07400807552039623
2026-08-25 14:43:00,0.07400807552039623
2026-08-25 14:44:00,0.07400807552039623
2026-08-25 14:45:00,0.08710676245391369
2026-08-25 14:46:00,0.08710676245391369
2026-08-25 14:47:00,0.08710676245391369
2026-08-25 14:48:00,0.08710676245391369
2026-08-25 14:49:00,0.08710676245391369
2026-08-25 14:50:00,0.09083547070622444
2026-08-25 14:51:00,0.09083547070622444
2026-08-25 14:52:00,0.09083547070622444
2026-08-25 14:53:00,0.09083547070622444
2026-08-25 14:54:00,0.09083547070622444
2026-08-25 14:55:00,0.08112858701497316
2026-08-25 14:56:00,0.08112858701497316
2026-08-25 14:57:00,0.08112858701497316
2026-08-25 14:58:00,0.08112858701497316
2026-08-25 14:59:00,0.08112858701497316
2026-08-25 15:00:00,0.06848603952676058
2026-08-25 15:01:00,0.06848603952676058
2026-08-25 15:02:00,0.06848603952676058
2026-08-25 15:03:00,0.06848603952676058
2026-08-25 15:04:00,0.06848603952676058
2026-08-25 15:05:00,0.05428819637745619
2026-08-25 15:06:00,0.05428819637745619
2026-08-25 15:07:00,0.05428819637745619
2026-08-25 15:08:00,0.05428819637745619
2026-08-25 15:09:00,0.05428819637745619
2026-08-25 15:10:00,0.04729010071605444
2026-08-25 15:11:00,0.04729010071605444
2026-08-25 15:12:00,0.04729010071605444
2026-08-25 15:13:00,0.04729010071605444
2026-08-25 15:14:00,0.04729010071605444
2026-08-25 15:15:00,0.04682791233062744
2026-08-25 15:16:00,0.04682791233062744
2026-08-25 15:17:00,0.04682791233062744
2026-08-25 15:18:00,0.04682791233062744
2026-08-25 15:19:00,0.04682791233062744
2026-08-25 15:20:00,0.04559036623686552
2026-08-25 15:21:00,0.04559036623686552
2026-08-25 15:22:00,0.04559036623686552
2026-08-25 15:23:00,0.04559036623686552
2026-08-25 15:24:00,0.04559036623686552
2026-08-25 15:25:00,0.04599788971245289
2026-08-25 15:26:00,0.04599788971245289
2026-08-25 15:27:00,0.04599788971245289
2026-08-25 15:28:00,0.04599788971245289
2026-08-25 15:29:00,0.04599788971245289
2026-08-25 15:30:00,0.051839955151081085
2026-08-25 15:31:00,0.051839955151081085
2026-08-25 15:32:00,0.051839955151081085
2026-08-25 15:33:00,0.051839955151081085
2026-08-25 15:34:00,0.051839955151081085
2026-08-25 15:35:00,0.060650283470749855
2026-08-25 15:36:00,0.060650283470749855
2026-08-25 15:37:00,0.060650283470749855
2026-08-25 15:38:00,0.060650283470749855
2026-08-25 15:39:00,0.060650283470749855
2026-08-25 15:40:00,0.07536386046558619
2026-08-25 15:41:00,0.07536386046558619
2026-08-25 15:42:00,0.07536386046558619
2026-08-25 15:43:00,0.07536386046558619
2026-08-25 15:44:00,0.07536386046558619
2026-08-25 15:45:00,0.08526310883462429
2026-08-25 15:46:00,0.08526310883462429
2026-08-25 15:47:00,0.08526310883462429
2026-08-25 15:48:00,0.08526310883462429
2026-08-25 15:49:00,0.08526310883462429
2026-08-25 15:50:00,0.08606840297579765
2026-08-25 15:51:00,0.08606840297579765
2026-08-25 15:52:00,0.08606840297579765
2026-08-25 15:53:00,0.08606840297579765
2026-08-25 15:54:00,0.08606840297579765
2026-08-25 15:55:00,0.08015877567231655
2026-08-25 15:56:00,0.08015877567231655
2026-08-25 15:57:00,0.08015877567231655
2026-08-25 15:58:00,0.08015877567231655
2026-08-25 15:59:00,0.08015877567231655
2026-08-25 16:00:00,0.0725546907633543
2026-08-25 16:01:00,0.0725546907633543
2026-08-25 16:02:00,0.0725546907633543
2026-08-25 16:03:00,0.0725546907633543
2026-08-25 16:04:00,0.0725546907633543
2026-08-25 16:05:00,0.06976533308625221
2026-08-25 16:06:00,0.06976533308625221
2026-08-25 16:07:00,0.06976533308625221
2026-08-25 16:08:00,0.06976533308625221
2026-08-25 16:09:00,0.06976533308625221
2026-08-25 16:10:00,0.06937554106116295
2026-08-25 16:11:00,0.06937554106116295
2026-08-25 16:12:00,0.06937554106116295
2026-08-25 16:13:00,0.06937554106116295
2026-08-25 16:14:00,0.06937554106116295
2026-08-25 16:15:00,0.07159834913909435
2026-08-25 16:16:00,0.07159834913909435
2026-08-25 16:17:00,0.07159834913909435
2026-08-25 16:18:00,0.07159834913909435
2026-08-25 16:19:00,0.07159834913909435
2026-08-25 16:20:00,0.07253572903573513
2026-08-25 16:21:00,0.07253572903573513
2026-08-25 16:22:00,0.07253572903573513
2026-08-25 16:23:00,0.07253572903573513
2026-08-25 16:24:00,0.07253572903573513
2026-08-25 16:25:00,0.06572716683149338
2026-08-25 16:26:00,0.06572716683149338
2026-08-25 16:27:00,0.06572716683149338
2026-08-25 16:28:00,0.06572716683149338
2026-08-25 16:29:00,0.06572716683149338
2026-08-25 16:30:00,0.06055451277643442
2026-08-25 16:31:00,0.06055451277643442
2026-08-25 16:32:00,0.06055451277643442
2026-08-25 16:33:00,0.06055451277643442
2026-08-25 16:34:00,0.06055451277643442
2026-08-25 16:35:00,0.05472274962812662
2026-08-25 16:36:00,0.05472274962812662
2026-08-25 16:37:00,0.05472274962812662
2026-08-25 16:38:00,0.05472274962812662
2026-08-25 16:39:00,0.05472274962812662
2026-08-25 16:40:00,0.04671874549239874
2026-08-25 16:41:00,0.04671874549239874
2026-08-25 16:42:00,0.04671874549239874
2026-08-25 16:43:00,0.04671874549239874
2026-08-25 16:44:00,0.04671874549239874
2026-08-25 16:45:00,0.04622109420597553
2026-08-25 16:46:00,0.04622109420597553
2026-08-25 16:47:00,0.04622109420597553
2026-08-25 16:48:00,0.04622109420597553
2026-08-25 16:49:00,0.04622109420597553
2026-08-25 16:50:00,0.04530222620815039
2026-08-25 16:51:00,0.04530222620815039
2026-08-25 16:52:00,0.04530222620815039
2026-08-25 16:53:00,0.04530222620815039
2026-08-25 16:54:00,0.04530222620815039
2026-08-25 16:55:00,0.045989771373569965
2026-08-25 16:56:00,0.045989771373569965
2026-08-25 16:57:00,0.045989771373569965
2026-08-25 16:58:00,0.045989771373569965
2026-08-25 16:59:00,0.045989771373569965
2026-08-25 17:00:00,0.047514635138213634
2026-08-25 17:01:00,0.047514635138213634
2026-08-25 17:02:00,0.047514635138213634
2026-08-25 17:03:00,0.047514635138213634
2026-08-25 17:04:00,0.047514635138213634
2026-08-25 17:05:00,0.04859628900885582
2026-08-25 17:06:00,0.04859628900885582
2026-08-25 17:07:00,0.04859628900885582
2026-08-25 17:08:00,0.04859628900885582
2026-08-25 17:09:00,0.04859628900885582
2026-08-25 17:10:00,0.05298858415335417
2026-08-25 17:11:00,0.05298858415335417
2026-08-25 17:12:00,0.05298858415335417
2026-08-25 17:13:00,0.05298858415335417
2026-08-25 17:14:00,0.05298858415335417
2026-08-25 17:15:00,0.0577349541708827
2026-08-25 17:16:00,0.0577349541708827
2026-08-25 17:17:00,0.0577349541708827
2026-08-25 17:18:00,0.0577349541708827
2026-08-25 17:19:00,0.0577349541708827
2026-08-25 17:20:00,0.062237088568508625
2026-08-25 17:21:00,0.062237088568508625
2026-08-25 17:22:00,0.062237088568508625
2026-08-25 17:23:00,0.062237088568508625
2026-08-25 17:24:00,0.062237088568508625
2026-08-25 17:25:00,0.06840317603200674
2026-08-25 17:26:00,0.06840317603200674
2026-08-25 17:27:00,0.06840317603200674
2026-08-25 17:28:00,0.06840317603200674
2026-08-25 17:29:00,0.06840317603200674
2026-08-25 17:30:00,0.06774723529815674
2026-08-25 17:31:00,0.06774723529815674
2026-08-25 17:32:00,0.06774723529815674
2026-08-25 17:33:00,0.06774723529815674
2026-08-25 17:34:00,0.06774723529815674
2026-08-25 17:35:00,0.06473911833018064
2026-08-25 17:36:00,0.06473911833018064
2026-08-25 17:37:00,0.06473911833018064
2026-08-25 17:38:00,0.06473911833018064
2026-08-25 17:39:00,0.06473911833018064
2026-08-25 17:40:00,0.05888221878558397
2026-08-25 17:41:00,0.05888221878558397
2026-08-25 17:42:00,0.05888221878558397
2026-08-25 17:43:00,0.05888221878558397
2026-08-25 17:44:00,0.05888221878558397
2026-08-25 17:45:00,0.05229883920401335
2026-08-25 17:46:00,0.05229883920401335
2026-08-25 17:47:00,0.05229883920401335
2026-08-25 17:48:00,0.05229883920401335
2026-08-25 17:49:00,0.05229883920401335
2026-08-25 17:50:00,0.05006186384707689
2026-08-25 17:51:00,0.05006186384707689
2026-08-25 17:52:00,0.05006186384707689
2026-08-25 17:53:00,0.05006186384707689
2026-08-25 17:54:00,0.05006186384707689
2026-08-25 17:55:00,0.046597713604569435
2026-08-25 17:56:00,0.046597713604569435
2026-08-25 17:57:00,0.046597713604569435
2026-08-25 17:58:00,0.046597713604569435
2026-08-25 17:59:00,0.046597713604569435
2026-08-25 18:00:00,0.046129913069307804
2026-08-25 18:01:00,0.046129913069307804
2026-08-25 18:02:00,0.046129913069307804
2026-08-25 18:03:00,0.046129913069307804
2026-08-25 18:04:00,0.046129913069307804
2026-08-25 18:05:00,0.044774251990020275
2026-08-25 18:06:00,0.044774251990020275
2026-08-25 18:07:00,0.044774251990020275
2026-08-25 18:08:00,0.044774251990020275
2026-08-25 18:09:00,0.044774251990020275
2026-08-25 18:10:00,0.043550253845751286
2026-08-25 18:11:00,0.043550253845751286
2026-08-25 18:12:00,0.043550253845751286
2026-08-25 18:13:00,0.043550253845751286
2026-08-25 18:14:00,0.043550253845751286
2026-08-25 18:15:00,0.044589064083993435
2026-08-25 18:16:00,0.044589064083993435
2026-08-25 18:17:00,0.044589064083993435
2026-08-25 18:18:00,0.044589064083993435
2026-08-25 18:19:00,0.044589064083993435
2026-08-25 18:20:00,0.04364765901118517
2026-08-25 18:21:00,0.04364765901118517
2026-08-25 18:22:00,0.04364765901118517
2026-08-25 18:23:00,0.04364765901118517
2026-08-25 18:24:00,0.04364765901118517
2026-08-25 18:25:00,0.04725148156285286
2026-08-25 18:26:00,0.04725148156285286
2026-08-25 18:27:00,0.04725148156285286
2026-08-25 18:28:00,0.04725148156285286
2026-08-25 18:29:00,0.04725148156285286
2026-08-25 18:30:00,0.061175672337412834
2026-08-25 18:31:00,0.061175672337412834
2026-08-25 18:32:00,0.061175672337412834
2026-08-25 18:33:00,0.061175672337412834
2026-08-25 18:34:00,0.061175672337412834
2026-08-25 18:35:00,0.0773205067962408
2026-08-25 18:36:00,0.0773205067962408
2026-08-25 18:37:00,0.0773205067962408
2026-08-25 18:38:00,0.0773205067962408
2026-08-25 18:39:00,0.0773205067962408
2026-08-25 18:40:00,0.09554069209843874
2026-08-25 18:41:00,0.09554069209843874
2026-08-25 18:42:00,0.09554069209843874
2026-08-25 18:43:00,0.09554069209843874
2026-08-25 18:44:00,0.09554069209843874
2026-08-25 18:45:00,0.1084529384970665
2026-08-25 18:46:00,0.1084529384970665
2026-08-25 18:47:00,0.1084529384970665
2026-08-25 18:48:00,0.1084529384970665
2026-08-25 18:49:00,0.1084529384970665
2026-08-25 18:50:00,0.09995032101869583
2026-08-25 18:51:00,0.09995032101869583
2026-08-25 18:52:00,0.09995032101869583
2026-08-25 18:53:00,0.09995032101869583
2026-08-25 18:54:00,0.09995032101869583
2026-08-25 18:55:00,0.08498074673116207
2026-08-25 18:56:00,0.08498074673116207
2026-08-25 18:57:00,0.08498074673116207
2026-08-25 18:58:00,0.08498074673116207
2026-08-25 18:59:00,0.08498074673116207
2026-08-25 19:00:00,0.06574941705912352
2026-08-25 19:01:00,0.06574941705912352
2026-08-25 19:02:00,0.06574941705912352
2026-08-25 19:03:00,0.06574941705912352
2026-08-25 19:04:00,0.06574941705912352
2026-08-25 19:05:00,0.3435529572889209
2026-08-25 19:06:00,0.3435529572889209
2026-08-25 19:07:00,0.3435529572889209
2026-08-25 19:08:00,0.3435529572889209
2026-08-25 19:09:00,0.3435529572889209
2026-08-25 19:10:00,0.6314313309267163
2026-08-25 19:11:00,0.6314313309267163
2026-08-25 19:12:00,0.6314313309267163
2026-08-25 19:13:00,0.6314313309267163
2026-08-25 19:14:00,0.6314313309267163
2026-08-25 19:15:00,0.9226133646443486
2026-08-25 19:16:00,0.9226133646443486
2026-08-25 19:17:00,0.9226133646443486
2026-08-25 19:18:00,0.9226133646443486
2026-08-25 19:19:00,0.9226133646443486
2026-08-25 19:20:00,1.218085616827011
2026-08-25 19:21:00,1.218085616827011
2026-08-25 19:22:00,1.218085616827011
2026-08-25 19:23:00,1.218085616827011
2026-08-25 19:24:00,1.218085616827011
2026-08-25 19:25:00,0.9577142186462879
2026-08-25 19:26:00,0.9577142186462879
2026-08-25 19:27:00,0.9577142186462879
2026-08-25 19:28:00,0.9577142186462879
2026-08-25 19:29:00,0.9577142186462879
2026-08-25 19:30:00,0.6941579058766365
2026-08-25 19:31:00,0.6941579058766365
2026-08-25 19:32:00,0.6941579058766365
2026-08-25 19:33:00,0.6941579058766365
2026-08-25 19:34:00,0.6941579058766365
2026-08-25 19:35:00,0.43107060715556145
2026-08-25 19:36:00,0.43107060715556145
2026-08-25 19:37:00,0.43107060715556145
2026-08-25 19:38:00,0.43107060715556145
2026-08-25 19:39:00,0.43107060715556145
2026-08-25 19:40:00,0.16687562316656113
2026-08-25 19:41:00,0.16687562316656113
2026-08-25 19:42:00,0.16687562316656113
2026-08-25 19:43:00,0.16687562316656113
2026-08-25 19:44:00,0.16687562316656113
2026-08-25 19:45:00,0.1612665355205536
2026-08-25 19:46:00,0.1612665355205536
2026-08-25 19:47:00,0.1612665355205536
2026-08-25 19:48:00,0.1612665355205536
2026-08-25 19:49:00,0.1612665355205536
2026-08-25 19:50:00,0.15862995758652687
2026-08-25 19:51:00,0.15862995758652687
2026-08-25 19:52:00,0.15862995758652687
2026-08-25 19:53:00,0.15862995758652687
2026-08-25 19:54:00,0.15862995758652687
2026-08-25 19:55:00,0.15503086894750595
2026-08-25 19:56:00,0.15503086894750595
2026-08-25 19:57:00,0.15503086894750595
2026-08-25 19:58:00,0.15503086894750595
2026-08-25 19:59:00,0.15503086894750595
2026-08-25 20:00:00,0.1511276699602604
2026-08-25 20:01:00,0.1511276699602604
2026-08-25 20:02:00,0.1511276699602604
2026-08-25 20:03:00,0.1511276699602604
2026-08-25 20:04:00,0.1511276699602604
2026-08-25 20:05:00,0.14947961643338203
2026-08-25 20:06:00,0.14947961643338203
2026-08-25 20:07:00,0.14947961643338203
2026-08-25 20:08:00,0.14947961643338203
2026-08-25 20:09:00,0.14947961643338203
2026-08-25 20:10:00,0.1475047655403614
2026-08-25 20:11:00,0.1475047655403614
2026-08-25 20:12:00,0.1475047655403614
2026-08-25 20:13:00,0.1475047655403614
2026-08-25 20:14:00,0.1475047655403614
2026-08-25 20:15:00,0.14603180065751076
2026-08-25 20:16:00,0.14603180065751076
2026-08-25 20:17:00,0.14603180065751076
2026-08-25 20:18:00,0.14603180065751076
2026-08-25 20:19:00,0.14603180065751076
2026-08-25 20:20:00,0.1469614841043949
2026-08-25 20:21:00,0.1469614841043949
2026-08-25 20:22:00,0.1469614841043949
2026-08-25 20:23:00,0.1469614841043949
2026-08-25 20:24:00,0.1469614841043949
2026-08-25 20:25:00,0.1263994798064232
2026-08-25 20:26:00,0.1263994798064232
2026-08-25 20:27:00,0.1263994798064232
2026-08-25 20:28:00,0.1263994798064232
2026-08-25 20:29:00,0.1263994798064232
2026-08-25 20:30:00,0.10996207781136036
2026-08-25 20:31:00,0.10996207781136036
2026-08-25 20:32:00,0.10996207781136036
2026-08-25 20:33:00,0.10996207781136036
2026-08-25 20:34:00,0.10996207781136036
2026-08-25 20:35:00,0.09646156430244446
2026-08-25 20:36:00,0.09646156430244446
2026-08-25 20:37:00,0.09646156430244446
2026-08-25 20:38:00,0.09646156430244446
2026-08-25 20:39:00,0.09646156430244446
2026-08-25 20:40:00,0.08658420667052269
2026-08-25 20:41:00,0.08658420667052269
2026-08-25 20:42:00,0.08658420667052269
2026-08-25 20:43:00,0.08658420667052269
2026-08-25 20:44:00,0.08658420667052269
2026-08-25 20:45:00,0.08982157707214355
2026-08-25 20:46:00,0.08982157707214355
2026-08-25 20:47:00,0.08982157707214355
2026-08-25 20:48:00,0.08982157707214355
2026-08-25 20:49:00,0.08982157707214355
2026-08-25 20:50:00,0.08664599619805813
2026-08-25 20:51:00,0.08664599619805813
2026-08-25 20:52:00,0.08664599619805813
2026-08-25 20:53:00,0.08664599619805813
2026-08-25 20:54:00,0.08664599619805813
2026-08-25 20:55:00,0.08174099028110504
2026-08-25 20:56:00,0.08174099028110504
2026-08-25 20:57:00,0.08174099028110504
2026-08-25 20:58:00,0.08174099028110504
2026-08-25 20:59:00,0.08174099028110504
2026-08-25 21:00:00,0.06908014137297869
2026-08-25 21:01:00,0.06908014137297869
2026-08-25 21:02:00,0.06908014137297869
2026-08-25 21:03:00,0.06908014137297869
2026-08-25 21:04:00,0.06908014137297869
2026-08-25 21:05:00,0.06504280399531126
2026-08-25 21:06:00,0.06504280399531126
2026-08-25 21:07:00,0.06504280399531126
2026-08-25 21:08:00,0.06504280399531126
2026-08-25 21:09:00,0.06504280399531126
2026-08-25 21:10:00,0.06388167198747396
2026-08-25 21:11:00,0.06388167198747396
2026-08-25 21:12:00,0.06388167198747396
2026-08-25 21:13:00,0.06388167198747396
2026-08-25 21:14:00,0.06388167198747396
2026-08-25 21:15:00,0.060552699491381645
2026-08-25 21:16:00,0.060552699491381645
2026-08-25 21:17:00,0.060552699491381645
2026-08-25 21:18:00,0.060552699491381645
2026-08-25 21:19:00,0.060552699491381645
2026-08-25 21:20:00,0.06163629796355963
2026-08-25 21:21:00,0.06163629796355963
2026-08-25 21:22:00,0.06163629796355963
2026-08-25 21:23:00,0.06163629796355963
2026-08-25 21:24:00,0.06163629796355963
2026-08-25 21:25:00,0.05753321759402752
2026-08-25 21:26:00,0.05753321759402752
2026-08-25 21:27:00,0.05753321759402752
2026-08-25 21:28:00,0.05753321759402752
2026-08-25 21:29:00,0.05753321759402752
2026-08-25 21:30:00,0.052047003991901875
2026-08-25 21:31:00,0.052047003991901875
2026-08-25 21:32:00,0.052047003991901875
2026-08-25 21:33:00,0.052047003991901875
2026-08-25 21:34:00,0.052047003991901875
2026-08-25 21:35:00,0.05065654870122671
2026-08-25 21:36:00,0.05065654870122671
2026-08-25 21:37:00,0.05065654870122671
2026-08-25 21:38:00,0.05065654870122671
2026-08-25 21:39:00,0.05065654870122671
2026-08-25 21:40:00,0.047559007070958614
2026-08-25 21:41:00,0.047559007070958614
2026-08-25 21:42:00,0.047559007070958614
2026-08-25 21:43:00,0.047559007070958614
2026-08-25 21:44:00,0.047559007070958614
2026-08-25 21:45:00,0.04747159406542778
2026-08-25 21:46:00,0.04747159406542778
2026-08-25 21:47:00,0.04747159406542778
2026-08-25 21:48:00,0.04747159406542778
2026-08-25 21:49:00,0.04747159406542778
2026-08-25 21:50:00,0.05114192236214876
2026-08-25 21:51:00,0.05114192236214876
2026-08-25 21:52:00,0.05114192236214876
2026-08-25 21:53:00,0.05114192236214876
2026-08-25 21:54:00,0.05114192236214876
2026-08-25 21:55:00,0.05406590551137924
2026-08-25 21:56:00,0.05406590551137924
2026-08-25 21:57:00,0.05406590551137924
2026-08-25 21:58:00,0.05406590551137924
2026-08-25 21:59:00,0.05406590551137924
2026-08-25 22:00:00,0.059005677700042725
2026-08-25 22:01:00,0.059005677700042725
2026-08-25 22:02:00,0.059005677700042725
2026-08-25 22:03:00,0.059005677700042725
2026-08-25 22:04:00,0.059005677700042725
2026-08-25 22:05:00,0.061863274313509464
2026-08-25 22:06:00,0.061863274313509464
2026-08-25 22:07:00,0.061863274313509464
2026-08-25 22:08:00,0.061863274313509464
2026-08-25 22:09:00,0.061863274313509464
2026-08-25 22:10:00,0.06346884742379189
2026-08-25 22:11:00,0.06346884742379189
2026-08-25 22:12:00,0.06346884742379189
2026-08-25 22:13:00,0.06346884742379189
2026-08-25 22:14:00,0.06346884742379189
2026-08-25 22:15:00,0.062051450833678246
2026-08-25 22:16:00,0.062051450833678246
2026-08-25 22:17:00,0.062051450833678246
2026-08-25 22:18:00,0.062051450833678246
2026-08-25 22:19:00,0.062051450833678246
2026-08-25 22:20:00,0.05794008821249008
2026-08-25 22:21:00,0.05794008821249008
2026-08-25 22:22:00,0.05794008821249008
2026-08-25 22:23:00,0.05794008821249008
2026-08-25 22:24:00,0.05794008821249008
2026-08-25 22:25:00,0.06021237466484308
2026-08-25 22:26:00,0.06021237466484308
2026-08-25 22:27:00,0.06021237466484308
2026-08-25 22:28:00,0.06021237466484308
2026-08-25 22:29:00,0.06021237466484308
2026-08-25 22:30:00,0.06238129548728466
2026-08-25 22:31:00,0.06238129548728466
2026-08-25 22:32:00,0.06238129548728466
2026-08-25 22:33:00,0.06238129548728466
2026-08-25 22:34:00,0.06238129548728466
2026-08-25 22:35:00,0.06635025702416897
2026-08-25 22:36:00,0.06635025702416897
2026-08-25 22:37:00,0.06635025702416897
2026-08-25 22:38:00,0.06635025702416897
2026-08-25 22:39:00,0.06635025702416897
2026-08-25 22:40:00,0.07414010539650917
2026-08-25 22:41:00,0.07414010539650917
2026-08-25 22:42:00,0.07414010539650917
2026-08-25 22:43:00,0.07414010539650917
2026-08-25 22:44:00,0.07414010539650917
2026-08-25 22:45:00,0.08128328248858452
2026-08-25 22:46:00,0.08128328248858452
2026-08-25 22:47:00,0.08128328248858452
2026-08-25 22:48:00,0.08128328248858452
2026-08-25 22:49:00,0.08128328248858452
2026-08-25 22:50:00,0.082731818780303
2026-08-25 22:51:00,0.082731818780303
2026-08-25 22:52:00,0.082731818780303
2026-08-25 22:53:00,0.082731818780303
2026-08-25 22:54:00,0.082731818780303
2026-08-25 22:55:00,0.08078133873641491
2026-08-25 22:56:00,0.08078133873641491
2026-08-25 22:57:00,0.08078133873641491
2026-08-25 22:58:00,0.08078133873641491
2026-08-25 22:59:00,0.08078133873641491
2026-08-25 23:00:00,0.0707386089488864
2026-08-25 23:01:00,0.0707386089488864
2026-08-25 23:02:00,0.0707386089488864
2026-08-25 23:03:00,0.0707386089488864
2026-08-25 23:04:00,0.0707386089488864
2026-08-25 23:05:00,0.059935730881989
2026-08-25 23:06:00,0.059935730881989
2026-08-25 23:07:00,0.059935730881989
2026-08-25 23:08:00,0.059935730881989
2026-08-25 23:09:00,0.059935730881989
2026-08-25 23:10:00,0.05574130732566118
2026-08-25 23:11:00,0.05574130732566118
2026-08-25 23:12:00,0.05574130732566118
2026-08-25 23:13:00,0.05574130732566118
2026-08-25 23:14:00,0.05574130732566118
2026-08-25 23:15:00,0.051752048544585705
2026-08-25 23:16:00,0.051752048544585705
2026-08-25 23:17:00,0.051752048544585705
2026-08-25 23:18:00,0.051752048544585705
2026-08-25 23:19:00,0.051752048544585705
2026-08-25 23:20:00,0.04931038245558739
2026-08-25 23:21:00,0.04931038245558739
2026-08-25 23:22:00,0.04931038245558739
2026-08-25 23:23:00,0.04931038245558739
2026-08-25 23:24:00,0.04931038245558739
2026-08-25 23:25:00,0.046719673089683056
2026-08-25 23:26:00,0.046719673089683056
2026-08-25 23:27:00,0.046719673089683056
2026-08-25 23:28:00,0.046719673089683056
2026-08-25 23:29:00,0.046719673089683056
2026-08-25 23:30:00,0.045074653811752796
2026-08-25 23:31:00,0.045074653811752796
2026-08-25 23:32:00,0.045074653811752796
2026-08-25 23:33:00,0.045074653811752796
2026-08-25 23:34:00,0.045074653811752796
2026-08-25 23:35:00,0.04959364887326956
2026-08-25 23:36:00,0.04959364887326956
2026-08-25 23:37:00,0.04959364887326956
2026-08-25 23:38:00,0.04959364887326956
2026-08-25 23:39:00,0.04959364887326956
2026-08-25 23:40:00,0.06320361699908972
2026-08-25 23:41:00,0.06320361699908972
2026-08-25 23:42:00,0.06320361699908972
2026-08-25 23:43:00,0.06320361699908972
2026-08-25 23:44:00,0.06320361699908972
2026-08-25 23:45:00,0.07509303279221058
2026-08-25 23:46:00,0.07509303279221058
2026-08-25 23:47:00,0.07509303279221058
2026-08-25 23:48:00,0.07509303279221058
2026-08-25 23:49:00,0.07509303279221058
2026-08-25 23:50:00,0.080117741599679
2026-08-25 23:51:00,0.080117741599679
2026-08-25 23:52:00,0.080117741599679
2026-08-25 23:53:00,0.080117741599679
2026-08-25 23:54:00,0.080117741599679
2026-08-25 23:55:00,0.08147774823009968
2026-08-25 23:56:00,0.08147774823009968
2026-08-25 23:57:00,0.08147774823009968
2026-08-25 23:58:00,0.08147774823009968
2026-08-25 23:59:00,0.08147774823009968
2026-08-26 00:00:00,0.07485864870250225
2026-08-26 00:01:00,0.07485864870250225
2026-08-26 00:02:00,0.07485864870250225
2026-08-26 00:03:00,0.07485864870250225
2026-08-26 00:04:00,0.07485864870250225
2026-08-26 00:05:00,0.06693971436470747
2026-08-26 00:06:00,0.06693971436470747
2026-08-26 00:07:00,0.06693971436470747
2026-08-26 00:08:00,0.06693971436470747
2026-08-26 00:09:00,0.06693971436470747
2026-08-26 00:10:00,0.060678851790726185
2026-08-26 00:11:00,0.060678851790726185
2026-08-26 00:12:00,0.060678851790726185
2026-08-26 00:13:00,0.060678851790726185
2026-08-26 00:14:00,0.060678851790726185
2026-08-26 00:15:00,0.054191275499761105
2026-08-26 00:16:00,0.054191275499761105
2026-08-26 00:17:00,0.054191275499761105
2026-08-26 00:18:00,0.054191275499761105
2026-08-26 00:19:00,0.054191275499761105
2026-08-26 00:20:00,0.11457750480622053
2026-08-26 00:21:00,0.11457750480622053
2026-08-26 00:22:00,0.11457750480622053
2026-08-26 00:23:00,0.11457750480622053
2026-08-26 00:24:00,0.11457750480622053
2026-08-26 00:25:00,0.1821433249861002
2026-08-26 00:26:00,0.1821433249861002
2026-08-26 00:27:00,0.1821433249861002
2026-08-26 00:28:00,0.1821433249861002
2026-08-26 00:29:00,0.1821433249861002
2026-08-26 00:30:00,0.2527678459882736
2026-08-26 00:31:00,0.2527678459882736
2026-08-26 00:32:00,0.2527678459882736
2026-08-26 00:33:00,0.2527678459882736
2026-08-26 00:34:00,0.2527678459882736
2026-08-26 00:35:00,0.31950514763593674
2026-08-26 00:36:00,0.31950514763593674
2026-08-26 00:37:00,0.31950514763593674
2026-08-26 00:38:00,0.31950514763593674
2026-08-26 00:39:00,0.31950514763593674
2026-08-26 00:40:00,0.2618069611489773
2026-08-26 00:41:00,0.2618069611489773
2026-08-26 00:42:00,0.2618069611489773
2026-08-26 00:43:00,0.2618069611489773
2026-08-26 00:44:00,0.2618069611489773
2026-08-26 00:45:00,0.19226358365267515
2026-08-26 00:46:00,0.19226358365267515
2026-08-26 00:47:00,0.19226358365267515
2026-08-26 00:48:00,0.19226358365267515
2026-08-26 00:49:00,0.19226358365267515
2026-08-26 00:50:00,0.12033287342637777
2026-08-26 00:51:00,0.12033287342637777
2026-08-26 00:52:00,0.12033287342637777
2026-08-26 00:53:00,0.12033287342637777
2026-08-26 00:54:00,0.12033287342637777
2026-08-26 00:55:00,0.09491281863301992
2026-08-26 00:56:00,0.09491281863301992
2026-08-26 00:57:00,0.09491281863301992
2026-08-26 00:58:00,0.09491281863301992
2026-08-26 00:59:00,0.09491281863301992
2026-08-26 01:00:00,0.12936654966324568
2026-08-26 01:01:00,0.12936654966324568
2026-08-26 01:02:00,0.12936654966324568
2026-08-26 01:03:00,0.12936654966324568
2026-08-26 01:04:00,0.12936654966324568
2026-08-26 01:05:00,0.17044083029031754
2026-08-26 01:06:00,0.17044083029031754
2026-08-26 01:07:00,0.17044083029031754
2026-08-26 01:08:00,0.17044083029031754
2026-08-26 01:09:00,0.17044083029031754
2026-08-26 01:10:00,0.212806586176157
2026-08-26 01:11:00,0.212806586176157
2026-08-26 01:12:00,0.212806586176157
2026-08-26 01:13:00,0.212806586176157
2026-08-26 01:14:00,0.212806586176157
2026-08-26 01:15:00,0.17186240572482347
2026-08-26 01:16:00,0.17186240572482347
2026-08-26 01:17:00,0.17186240572482347
2026-08-26 01:18:00,0.17186240572482347
2026-08-26 01:19:00,0.17186240572482347
2026-08-26 01:20:00,0.1321867173537612
2026-08-26 01:21:00,0.1321867173537612
2026-08-26 01:22:00,0.1321867173537612
2026-08-26 01:23:00,0.1321867173537612
2026-08-26 01:24:00,0.1321867173537612
2026-08-26 01:25:00,0.09547105152159929
2026-08-26 01:26:00,0.09547105152159929
2026-08-26 01:27:00,0.09547105152159929
2026-08-26 01:28:00,0.09547105152159929
2026-08-26 01:29:00,0.09547105152159929
2026-08-26 01:30:00,0.059428202919662
2026-08-26 01:31:00,0.059428202919662
2026-08-26 01:32:00,0.059428202919662
2026-08-26 01:33:00,0.059428202919662
2026-08-26 01:34:00,0.059428202919662
2026-08-26 01:35:00,0.06211194582283497
2026-08-26 01:36:00,0.06211194582283497
2026-08-26 01:37:00,0.06211194582283497
2026-08-26 01:38:00,0.06211194582283497
2026-08-26 01:39:00,0.06211194582283497
2026-08-26 01:40:00,0.06297164410352707
2026-08-26 01:41:00,0.06297164410352707
2026-08-26 01:42:00,0.06297164410352707
2026-08-26 01:43:00,0.06297164410352707
2026-08-26 01:44:00,0.06297164410352707
2026-08-26 01:45:00,0.06658633053302765
2026-08-26 01:46:00,0.06658633053302765
2026-08-26 01:47:00,0.06658633053302765
2026-08-26 01:48:00,0.06658633053302765
2026-08-26 01:49:00,0.06658633053302765
2026-08-26 01:50:00,0.11812989600002766
2026-08-26 01:51:00,0.11812989600002766
2026-08-26 01:52:00,0.11812989600002766
2026-08-26 01:53:00,0.11812989600002766
2026-08-26 01:54:00,0.11812989600002766
2026-08-26 01:55:00,0.17294874973595142
2026-08-26 01:56:00,0.17294874973595142
2026-08-26 01:57:00,0.17294874973595142
2026-08-26 01:58:00,0.17294874973595142
2026-08-26 01:59:00,0.17294874973595142
2026-08-26 02:00:00,0.22919812984764576
2026-08-26 02:01:00,0.22919812984764576
2026-08-26 02:02:00,0.22919812984764576
2026-08-26 02:03:00,0.22919812984764576
2026-08-26 02:04:00,0.22919812984764576
2026-08-26 02:05:00,0.2777765318751335
2026-08-26 02:06:00,0.2777765318751335
2026-08-26 02:07:00,0.2777765318751335
2026-08-26 02:08:00,0.2777765318751335
2026-08-26 02:09:00,0.2777765318751335
2026-08-26 02:10:00,0.27942199259996414
2026-08-26 02:11:00,0.27942199259996414
2026-08-26 02:12:00,0.27942199259996414
2026-08-26 02:13:00,0.27942199259996414
2026-08-26 02:14:00,0.27942199259996414
2026-08-26 02:15:00,0.28204064816236496
2026-08-26 02:16:00,0.28204064816236496
2026-08-26 02:17:00,0.28204064816236496
2026-08-26 02:18:00,0.28204064816236496
2026-08-26 02:19:00,0.28204064816236496
2026-08-26 02:20:00,0.28323373943567276
2026-08-26 02:21:00,0.28323373943567276
2026-08-26 02:22:00,0.28323373943567276
2026-08-26 02:23:00,0.28323373943567276
2026-08-26 02:24:00,0.28323373943567276
2026-08-26 02:25:00,0.29019714891910553
2026-08-26 02:26:00,0.29019714891910553
2026-08-26 02:27:00,0.29019714891910553
2026-08-26 02:28:00,0.29019714891910553
2026-08-26 02:29:00,0.29019714891910553
2026-08-26 02:30:00,0.2443081960082054
2026-08-26 02:31:00,0.2443081960082054
2026-08-26 02:32:00,0.2443081960082054
2026-08-26 02:33:00,0.2443081960082054
2026-08-26 02:34:00,0.2443081960082054
2026-08-26 02:35:00,0.19538655132055283
2026-08-26 02:36:00,0.19538655132055283
2026-08-26 02:37:00,0.19538655132055283
2026-08-26 02:38:00,0.19538655132055283
2026-08-26 02:39:00,0.19538655132055283
2026-08-26 02:40:00,0.14619078487157822
2026-08-26 02:41:00,0.14619078487157822
2026-08-26 02:42:00,0.14619078487157822
2026-08-26 02:43:00,0.14619078487157822
2026-08-26 02:44:00,0.14619078487157822
2026-08-26 02:45:00,0.08551296964287758
2026-08-26 02:46:00,0.08551296964287758
2026-08-26 02:47:00,0.08551296964287758
2026-08-26 02:48:00,0.08551296964287758
2026-08-26 02:49:00,0.08551296964287758
2026-08-26 02:50:00,0.07479988876730204
2026-08-26 02:51:00,0.07479988876730204
2026-08-26 02:52:00,0.07479988876730204
2026-08-26 02:53:00,0.07479988876730204
2026-08-26 02:54:00,0.07479988876730204
2026-08-26 02:55:00,0.06846134085208178
2026-08-26 02:56:00,0.06846134085208178
2026-08-26 02:57:00,0.06846134085208178
2026-08-26 02:58:00,0.06846134085208178
2026-08-26 02:59:00,0.06846134085208178
2026-08-26 03:00:00,0.0626341225579381
2026-08-26 03:01:00,0.0626341225579381
2026-08-26 03:02:00,0.0626341225579381
2026-08-26 03:03:00,0.0626341225579381
2026-08-26 03:04:00,0.0626341225579381
2026-08-26 03:05:00,0.06136681232601404
2026-08-26 03:06:00,0.06136681232601404
2026-08-26 03:07:00,0.06136681232601404
2026-08-26 03:08:00,0.06136681232601404
2026-08-26 03:09:00,0.06136681232601404
2026-08-26 03:10:00,0.06189529877156019
2026-08-26 03:11:00,0.06189529877156019
2026-08-26 03:12:00,0.06189529877156019
2026-08-26 03:13:00,0.06189529877156019
2026-08-26 03:14:00,0.06189529877156019
2026-08-26 03:15:00,0.06175724882632494
2026-08-26 03:16:00,0.06175724882632494
2026-08-26 03:17:00,0.06175724882632494
2026-08-26 03:18:00,0.06175724882632494
2026-08-26 03:19:00,0.06175724882632494
2026-08-26 03:20:00,0.0573520427569747
2026-08-26 03:21:00,0.0573520427569747
2026-08-26 03:22:00,0.0573520427569747
2026-08-26 03:23:00,0.0573520427569747
2026-08-26 03:24:00,0.0573520427569747
2026-08-26 03:25:00,0.05438189581036568
2026-08-26 03:26:00,0.05438189581036568
2026-08-26 03:27:00,0.05438189581036568
2026-08-26 03:28:00,0.05438189581036568
2026-08-26 03:29:00,0.05438189581036568
2026-08-26 03:30:00,0.05007749702781439
2026-08-26 03:31:00,0.05007749702781439
2026-08-26 03:32:00,0.05007749702781439
2026-08-26 03:33:00,0.05007749702781439
2026-08-26 03:34:00,0.05007749702781439
2026-08-26 03:35:00,0.042470610700547695
2026-08-26 03:36:00,0.042470610700547695
2026-08-26 03:37:00,0.042470610700547695
2026-08-26 03:38:00,0.042470610700547695
2026-08-26 03:39:00,0.042470610700547695
2026-08-26 03:40:00,0.048056007362902164
2026-08-26 03:41:00,0.048056007362902164
2026-08-26 03:42:00,0.048056007362902164
2026-08-26 03:43:00,0.048056007362902164
2026-08-26 03:44:00,0.048056007362902164
2026-08-26 03:45:00,0.058310357853770256
2026-08-26 03:46:00,0.058310357853770256
2026-08-26 03:47:00,0.058310357853770256
2026-08-26 03:48:00,0.058310357853770256
2026-08-26 03:49:00,0.058310357853770256
2026-08-26 03:50:00,0.07259856723248959
2026-08-26 03:51:00,0.07259856723248959
2026-08-26 03:52:00,0.07259856723248959
2026-08-26 03:53:00,0.07259856723248959
2026-08-26 03:54:00,0.07259856723248959
2026-08-26 03:55:00,0.08501637913286686
2026-08-26 03:56:00,0.08501637913286686
2026-08-26 03:57:00,0.08501637913286686
2026-08-26 03:58:00,0.08501637913286686
2026-08-26 03:59:00,0.08501637913286686
2026-08-26 04:00:00,0.29154095612466335
2026-08-26 04:01:00,0.29154095612466335
2026-08-26 04:02:00,0.29154095612466335
2026-08-26 04:03:00,0.29154095612466335
2026-08-26 04:04:00,0.29154095612466335
2026-08-26 04:05:00,0.49506785348057747
2026-08-26 04:06:00,0.49506785348057747
2026-08-26 04:07:00,0.49506785348057747
2026-08-26 04:08:00,0.49506785348057747
2026-08-26 04:09:00,0.49506785348057747
2026-08-26 04:10:00,0.6954992730170488
2026-08-26 04:11:00,0.6954992730170488
2026-08-26 04:12:00,0.6954992730170488
2026-08-26 04:13:00,0.6954992730170488
2026-08-26 04:14:00,0.6954992730170488
2026-08-26 04:15:00,0.8979378491640091
2026-08-26 04:16:00,0.8979378491640091
2026-08-26 04:17:00,0.8979378491640091
2026-08-26 04:18:00,0.8979378491640091
2026-08-26 04:19:00,0.8979378491640091
2026-08-26 04:20:00,0.7009122110903263
2026-08-26 04:21:00,0.7009122110903263
2026-08-26 04:22:00,0.7009122110903263
2026-08-26 04:23:00,0.7009122110903263
2026-08-26 04:24:00,0.7009122110903263
2026-08-26 04:25:00,0.49593562819063663
2026-08-26 04:26:00,0.49593562819063663
2026-08-26 04:27:00,0.49593562819063663
2026-08-26 04:28:00,0.49593562819063663
2026-08-26 04:29:00,0.49593562819063663
2026-08-26 04:30:00,0.2872723862528801
2026-08-26 04:31:00,0.2872723862528801
2026-08-26 04:32:00,0.2872723862528801
2026-08-26 04:33:00,0.2872723862528801
2026-08-26 04:34:00,0.2872723862528801
2026-08-26 04:35:00,0.07658654823899269
2026-08-26 04:36:00,0.07658654823899269
2026-08-26 04:37:00,0.07658654823899269
2026-08-26 04:38:00,0.07658654823899269
2026-08-26 04:39:00,0.07658654823899269
2026-08-26 04:40:00,0.06032373383641243
2026-08-26 04:41:00,0.06032373383641243
2026-08-26 04:42:00,0.06032373383641243
2026-08-26 04:43:00,0.06032373383641243
2026-08-26 04:44:00,0.06032373383641243
2026-08-26 04:45:00,0.050736796110868454
2026-08-26 04:46:00,0.050736796110868454
2026-08-26 04:47:00,0.050736796110868454
2026-08-26 04:48:00,0.050736796110868454
2026-08-26 04:49:00,0.050736796110868454
2026-08-26 04:50:00,0.04703136160969734
2026-08-26 04:51:00,0.04703136160969734
2026-08-26 04:52:00,0.04703136160969734
2026-08-26 04:53:00,0.04703136160969734
2026-08-26 04:54:00,0.04703136160969734
2026-08-26 04:55:00,0.04719085432589054
2026-08-26 04:56:00,0.04719085432589054
2026-08-26 04:57:00,0.04719085432589054
2026-08-26 04:58:00,0.04719085432589054
2026-08-26 04:59:00,0.04719085432589054
2026-08-26 05:00:00,0.04866503644734621
2026-08-26 05:01:00,0.04866503644734621
2026-08-26 05:02:00,0.04866503644734621
2026-08-26 05:03:00,0.04866503644734621
2026-08-26 05:04:00,0.04866503644734621
2026-08-26 05:05:00,0.051350513473153114
2026-08-26 05:06:00,0.051350513473153114
2026-08-26 05:07:00,0.051350513473153114
2026-08-26 05:08:00,0.051350513473153114
2026-08-26 05:09:00,0.051350513473153114
2026-08-26 05:10:00,0.05033363867551088
2026-08-26 05:11:00,0.05033363867551088
2026-08-26 05:12:00,0.05033363867551088
2026-08-26 05:13:00,0.05033363867551088
2026-08-26 05:14:00,0.05033363867551088
2026-08-26 05:15:00,0.047071076929569244
2026-08-26 05:16:00,0.047071076929569244
2026-08-26 05:17:00,0.047071076929569244
2026-08-26 05:18:00,0.047071076929569244
2026-08-26 05:19:00,0.047071076929569244
2026-08-26 05:20:00,0.04475384205579758
2026-08-26 05:21:00,0.04475384205579758
2026-08-26 05:22:00,0.04475384205579758
2026-08-26 05:23:00,0.04475384205579758
2026-08-26 05:24:00,0.04475384205579758
2026-08-26 05:25:00,0.0450922604650259
2026-08-26 05:26:00,0.0450922604650259
2026-08-26 05:27:00,0.0450922604650259
2026-08-26 05:28:00,0.0450922604650259
2026-08-26 05:29:00,0.0450922604650259
2026-08-26 05:30:00,0.04955819342285395
2026-08-26 05:31:00,0.04955819342285395
2026-08-26 05:32:00,0.04955819342285395
2026-08-26 05:33:00,0.04955819342285395
2026-08-26 05:34:00,0.04955819342285395
2026-08-26 05:35:00,0.05356956273317337
2026-08-26 05:36:00,0.05356956273317337
2026-08-26 05:37:00,0.05356956273317337
2026-08-26 05:38:00,0.05356956273317337
2026-08-26 05:39:00,0.05356956273317337
2026-08-26 05:40:00,0.057235950604081154
2026-08-26 05:41:00,0.057235950604081154
2026-08-26 05:42:00,0.057235950604081154
2026-08-26 05:43:00,0.057235950604081154
2026-08-26 05:44:00,0.057235950604081154
2026-08-26 05:45:00,0.22358738724142313
2026-08-26 05:46:00,0.22358738724142313
2026-08-26 05:47:00,0.22358738724142313
2026-08-26 05:48:00,0.22358738724142313
2026-08-26 05:49:00,0.22358738724142313
2026-08-26 05:50:00,0.5483531476929784
2026-08-26 05:51:00,0.5483531476929784
2026-08-26 05:52:00,0.5483531476929784
2026-08-26 05:53:00,0.5483531476929784
2026-08-26 05:54:00,0.5483531476929784
2026-08-26 05:55:00,0.8740673819556832
2026-08-26 05:56:00,0.8740673819556832
2026-08-26 05:57:00,0.8740673819556832
2026-08-26 05:58:00,0.8740673819556832
2026-08-26 05:59:00,0.8740673819556832
2026-08-26 06:00:00,1.2006680518388748
2026-08-26 06:01:00,1.2006680518388748
2026-08-26 06:02:00,1.2006680518388748
2026-08-26 06:03:00,1.2006680518388748
2026-08-26 06:04:00,1.2006680518388748
2026-08-26 06:05:00,1.3641924858093262
2026-08-26 06:06:00,1.3641924858093262
2026-08-26 06:07:00,1.3641924858093262
2026-08-26 06:08:00,1.3641924858093262
2026-08-26 06:09:00,1.3641924858093262
2026-08-26 06:10:00,1.1126234903931618
2026-08-26 06:11:00,1.1126234903931618
2026-08-26 06:12:00,1.1126234903931618
2026-08-26 06:13:00,1.1126234903931618
2026-08-26 06:14:00,1.1126234903931618
2026-08-26 06:15:00,0.8576214537024498
2026-08-26 06:16:00,0.8576214537024498
2026-08-26 06:17:00,0.8576214537024498
2026-08-26 06:18:00,0.8576214537024498
2026-08-26 06:19:00,0.8576214537024498
2026-08-26 06:20:00,0.7684958204627037
2026-08-26 06:21:00,0.7684958204627037
2026-08-26 06:22:00,0.7684958204627037
2026-08-26 06:23:00,0.7684958204627037
2026-08-26 06:24:00,0.7684958204627037
2026-08-26 06:25:00,0.6771909222006798
2026-08-26 06:26:00,0.6771909222006798
2026-08-26 06:27:00,0.6771909222006798
2026-08-26 06:28:00,0.6771909222006798
2026-08-26 06:29:00,0.6771909222006798
2026-08-26 06:30:00,0.8400168865919113
2026-08-26 06:31:00,0.8400168865919113
2026-08-26 06:32:00,0.8400168865919113
2026-08-26 06:33:00,0.8400168865919113
2026-08-26 06:34:00,0.8400168865919113
2026-08-26 06:35:00,1.0060967206954956
2026-08-26 06:36:00,1.0060967206954956
2026-08-26 06:37:00,1.0060967206954956
2026-08-26 06:38:00,1.0060967206954956
2026-08-26 06:39:00,1.0060967206954956
2026-08-26 06:40:00,0.9928618967533112
2026-08-26 06:41:00,0.9928618967533112
2026-08-26 06:42:00,0.9928618967533112
2026-08-26 06:43:00,0.9928618967533112
2026-08-26 06:44:00,0.9928618967533112
2026-08-26 06:45:00,0.9796663224697113
2026-08-26 06:46:00,0.9796663224697113
2026-08-26 06:47:00,0.9796663224697113
2026-08-26 06:48:00,0.9796663224697113
2026-08-26 06:49:00,0.9796663224697113
2026-08-26 06:50:00,0.9664708524942398
2026-08-26 06:51:00,0.9664708524942398
2026-08-26 06:52:00,0.9664708524942398
2026-08-26 06:53:00,0.9664708524942398
2026-08-26 06:54:00,0.9664708524942398
2026-08-26 06:55:00,0.953375443816185
2026-08-26 06:56:00,0.953375443816185
2026-08-26 06:57:00,0.953375443816185
2026-08-26 06:58:00,0.953375443816185
2026-08-26 06:59:00,0.953375443816185
2026-08-26 07:00:00,0.8095124140381813
2026-08-26 07:01:00,0.8095124140381813
2026-08-26 07:02:00,0.8095124140381813
2026-08-26 07:03:00,0.8095124140381813
2026-08-26 07:04:00,0.8095124140381813
2026-08-26 07:05:00,0.6283945105969906
2026-08-26 07:06:00,0.6283945105969906
2026-08-26 07:07:00,0.6283945105969906
2026-08-26 07:08:00,0.6283945105969906
2026-08-26 07:09:00,0.6283945105969906
2026-08-26 07:10:00,0.42232102900743484
2026-08-26 07:11:00,0.42232102900743484
2026-08-26 07:12:00,0.42232102900743484
2026-08-26 07:13:00,0.42232102900743484
2026-08-26 07:14:00,0.42232102900743484
2026-08-26 07:15:00,0.20881410129368305
2026-08-26 07:16:00,0.20881410129368305
2026-08-26 07:17:00,0.20881410129368305
2026-08-26 07:18:00,0.20881410129368305
2026-08-26 07:19:00,0.20881410129368305
2026-08-26 07:20:00,0.13974522054195404
2026-08-26 07:21:00,0.13974522054195404
2026-08-26 07:22:00,0.13974522054195404
2026-08-26 07:23:00,0.13974522054195404
2026-08-26 07:24:00,0.13974522054195404
2026-08-26 07:25:00,0.10721752606332302
2026-08-26 07:26:00,0.10721752606332302
2026-08-26 07:27:00,0.10721752606332302
2026-08-26 07:28:00,0.10721752606332302
2026-08-26 07:29:00,0.10721752606332302
2026-08-26 07:30:00,0.10328376851975918
2026-08-26 07:31:00,0.10328376851975918
2026-08-26 07:32:00,0.10328376851975918
2026-08-26 07:33:00,0.10328376851975918
2026-08-26 07:34:00,0.10328376851975918
2026-08-26 07:35:00,0.10496560111641884
2026-08-26 07:36:00,0.10496560111641884
2026-08-26 07:37:00,0.10496560111641884
2026-08-26 07:38:00,0.10496560111641884
2026-08-26 07:39:00,0.10496560111641884
2026-08-26 07:40:00,0.12255710177123547
2026-08-26 07:41:00,0.12255710177123547
2026-08-26 07:42:00,0.12255710177123547
2026-08-26 07:43:00,0.12255710177123547
2026-08-26 07:44:00,0.12255710177123547
2026-08-26 07:45:00,0.13995448127388954
2026-08-26 07:46:00,0.13995448127388954
2026-08-26 07:47:00,0.13995448127388954
2026-08-26 07:48:00,0.13995448127388954
2026-08-26 07:49:00,0.13995448127388954
2026-08-26 07:50:00,0.15331431105732918
2026-08-26 07:51:00,0.15331431105732918
2026-08-26 07:52:00,0.15331431105732918
2026-08-26 07:53:00,0.15331431105732918
2026-08-26 07:54:00,0.15331431105732918
2026-08-26 07:55:00,0.16871622949838638
2026-08-26 07:56:00,0.16871622949838638
2026-08-26 07:57:00,0.16871622949838638
2026-08-26 07:58:00,0.16871622949838638
2026-08-26 07:59:00,0.16871622949838638
2026-08-26 08:00:00,0.140311723574996
2026-08-26 08:01:00,0.140311723574996
2026-08-26 08:02:00,0.140311723574996
2026-08-26 08:03:00,0.140311723574996
2026-08-26 08:04:00,0.140311723574996
2026-08-26 08:05:00,0.11120511498302221
2026-08-26 08:06:00,0.11120511498302221
2026-08-26 08:07:00,0.11120511498302221
2026-08-26 08:08:00,0.11120511498302221
2026-08-26 08:09:00,0.11120511498302221
2026-08-26 08:10:00,0.08252527471631765
2026-08-26 08:11:00,0.08252527471631765
2026-08-26 08:12:00,0.08252527471631765
2026-08-26 08:13:00,0.08252527471631765
2026-08-26 08:14:00,0.08252527471631765
2026-08-26 08:15:00,0.05562672205269337
2026-08-26 08:16:00,0.05562672205269337
2026-08-26 08:17:00,0.05562672205269337
2026-08-26 08:18:00,0.05562672205269337
2026-08-26 08:19:00,0.05562672205269337
2026-08-26 08:20:00,0.052464406937360764
2026-08-26 08:21:00,0.052464406937360764
2026-08-26 08:22:00,0.052464406937360764
2026-08-26 08:23:00,0.052464406937360764
2026-08-26 08:24:00,0.052464406937360764
2026-08-26 08:25:00,0.38014461379498243
2026-08-26 08:26:00,0.38014461379498243
2026-08-26 08:27:00,0.38014461379498243
2026-08-26 08:28:00,0.38014461379498243
2026-08-26 08:29:00,0.38014461379498243
2026-08-26 08:30:00,0.70792883541435
2026-08-26 08:31:00,0.70792883541435
2026-08-26 08:32:00,0.70792883541435
2026-08-26 08:33:00,0.70792883541435
2026-08-26 08:34:00,0.70792883541435
2026-08-26 08:35:00,1.0336577519774437
2026-08-26 08:36:00,1.0336577519774437
2026-08-26 08:37:00,1.0336577519774437
2026-08-26 08:38:00,1.0336577519774437
2026-08-26 08:39:00,1.0336577519774437
2026-08-26 08:40:00,1.363162785768509
2026-08-26 08:41:00,1.363162785768509
2026-08-26 08:42:00,1.363162785768509
2026-08-26 08:43:00,1.363162785768509
2026-08-26 08:44:00,1.363162785768509
2026-08-26 08:45:00,1.107862152159214
2026-08-26 08:46:00,1.107862152159214
2026-08-26 08:47:00,1.107862152159214
2026-08-26 08:48:00,1.107862152159214
2026-08-26 08:49:00,1.107862152159214
2026-08-26 08:50:00,0.8514299765229225
2026-08-26 08:51:00,0.8514299765229225
2026-08-26 08:52:00,0.8514299765229225
2026-08-26 08:53:00,0.8514299765229225
2026-08-26 08:54:00,0.8514299765229225
2026-08-26 08:55:00,0.5946073234081268
2026-08-26 08:56:00,0.5946073234081268
2026-08-26 08:57:00,0.5946073234081268
2026-08-26 08:58:00,0.5946073234081268
2026-08-26 08:59:00,0.5946073234081268
2026-08-26 09:00:00,0.3363253176212311
2026-08-26 09:01:00,0.3363253176212311
2026-08-26 09:02:00,0.3363253176212311
2026-08-26 09:03:00,0.3363253176212311
2026-08-26 09:04:00,0.3363253176212311
2026-08-26 09:05:00,0.3328780457377434
2026-08-26 09:06:00,0.3328780457377434
2026-08-26 09:07:00,0.3328780457377434
2026-08-26 09:08:00,0.3328780457377434
2026-08-26 09:09:00,0.3328780457377434
2026-08-26 09:10:00,0.32940471917390823
2026-08-26 09:11:00,0.32940471917390823
2026-08-26 09:12:00,0.32940471917390823
2026-08-26 09:13:00,0.32940471917390823
2026-08-26 09:14:00,0.32940471917390823
2026-08-26 09:15:00,0.32649433612823486
2026-08-26 09:16:00,0.32649433612823486
2026-08-26 09:17:00,0.32649433612823486
2026-08-26 09:18:00,0.32649433612823486
2026-08-26 09:19:00,0.32649433612823486
2026-08-26 09:20:00,0.3264446407556534
2026-08-26 09:21:00,0.3264446407556534
2026-08-26 09:22:00,0.3264446407556534
2026-08-26 09:23:00,0.3264446407556534
2026-08-26 09:24:00,0.3264446407556534
2026-08-26 09:25:00,0.32945311814546585
2026-08-26 09:26:00,0.32945311814546585
2026-08-26 09:27:00,0.32945311814546585
2026-08-26 09:28:00,0.32945311814546585
2026-08-26 09:29:00,0.32945311814546585
2026-08-26 09:30:00,0.3346039950847626
2026-08-26 09:31:00,0.3346039950847626
2026-08-26 09:32:00,0.3346039950847626
2026-08-26 09:33:00,0.3346039950847626
2026-08-26 09:34:00,0.3346039950847626
2026-08-26 09:35:00,0.33975356817245483
2026-08-26 09:36:00,0.33975356817245483
2026-08-26 09:37:00,0.33975356817245483
2026-08-26 09:38:00,0.33975356817245483
2026-08-26 09:39:00,0.33975356817245483
2026-08-26 09:40:00,0.3419734239578247
2026-08-26 09:41:00,0.3419734239578247
2026-08-26 09:42:00,0.3419734239578247
2026-08-26 09:43:00,0.3419734239578247
2026-08-26 09:44:00,0.3419734239578247
2026-08-26 09:45:00,0.26796712074428797
2026-08-26 09:46:00,0.26796712074428797
2026-08-26 09:47:00,0.26796712074428797
2026-08-26 09:48:00,0.26796712074428797
2026-08-26 09:49:00,0.26796712074428797
2026-08-26 09:50:00,0.19242332223802805
2026-08-26 09:51:00,0.19242332223802805
2026-08-26 09:52:00,0.19242332223802805
2026-08-26 09:53:00,0.19242332223802805
2026-08-26 09:54:00,0.19242332223802805
2026-08-26 09:55:00,0.11977511737495661
2026-08-26 09:56:00,0.11977511737495661
2026-08-26 09:57:00,0.11977511737495661
2026-08-26 09:58:00,0.11977511737495661
2026-08-26 09:59:00,0.11977511737495661
2026-08-26 10:00:00,0.05270667839795351
2026-08-26 10:01:00,0.05270667839795351
2026-08-26 10:02:00,0.05270667839795351
2026-08-26 10:03:00,0.05270667839795351
2026-08-26 10:04:00,0.05270667839795351
2026-08-26 10:05:00,0.2672630660235882
2026-08-26 10:06:00,0.2672630660235882
2026-08-26 10:07:00,0.2672630660235882
2026-08-26 10:08:00,0.2672630660235882
2026-08-26 10:09:00,0.2672630660235882
2026-08-26 10:10:00,0.4859214536845684
2026-08-26 10:11:00,0.4859214536845684
2026-08-26 10:12:00,0.4859214536845684
2026-08-26 10:13:00,0.4859214536845684
2026-08-26 10:14:00,0.4859214536845684
2026-08-26 10:15:00,0.7064563371241093
2026-08-26 10:16:00,0.7064563371241093
2026-08-26 10:17:00,0.7064563371241093
2026-08-26 10:18:00,0.7064563371241093
2026-08-26 10:19:00,0.7064563371241093
2026-08-26 10:20:00,0.9287198185920715
2026-08-26 10:21:00,0.9287198185920715
2026-08-26 10:22:00,0.9287198185920715
2026-08-26 10:23:00,0.9287198185920715
2026-08-26 10:24:00,0.9287198185920715
2026-08-26 10:25:00,0.8254958540201187
2026-08-26 10:26:00,0.8254958540201187
2026-08-26 10:27:00,0.8254958540201187
2026-08-26 10:28:00,0.8254958540201187
2026-08-26 10:29:00,0.8254958540201187
2026-08-26 10:30:00,0.6711302772164345
2026-08-26 10:31:00,0.6711302772164345
2026-08-26 10:32:00,0.6711302772164345
2026-08-26 10:33:00,0.6711302772164345
2026-08-26 10:34:00,0.6711302772164345
2026-08-26 10:35:00,0.47781558334827423
2026-08-26 10:36:00,0.47781558334827423
2026-08-26 10:37:00,0.47781558334827423
2026-08-26 10:38:00,0.47781558334827423
2026-08-26 10:39:00,0.47781558334827423
2026-08-26 10:40:00,0.2616182416677475
2026-08-26 10:41:00,0.2616182416677475
2026-08-26 10:42:00,0.2616182416677475
2026-08-26 10:43:00,0.2616182416677475
2026-08-26 10:44:00,0.2616182416677475
2026-08-26 10:45:00,0.15607787482440472
2026-08-26 10:46:00,0.15607787482440472
2026-08-26 10:47:00,0.15607787482440472
2026-08-26 10:48:00,0.15607787482440472
2026-08-26 10:49:00,0.15607787482440472
2026-08-26 10:50:00,0.09651012625545263
2026-08-26 10:51:00,0.09651012625545263
2026-08-26 10:52:00,0.09651012625545263
2026-08-26 10:53:00,0.09651012625545263
2026-08-26 10:54:00,0.09651012625545263
2026-08-26 10:55:00,0.07751674484461546
2026-08-26 10:56:00,0.07751674484461546
2026-08-26 10:57:00,0.07751674484461546
2026-08-26 10:58:00,0.07751674484461546
2026-08-26 10:59:00,0.07751674484461546
2026-08-26 11:00:00,0.07868274580687284
2026-08-26 11:01:00,0.07868274580687284
2026-08-26 11:02:00,0.07868274580687284
2026-08-26 11:03:00,0.07868274580687284
2026-08-26 11:04:00,0.07868274580687284
2026-08-26 11:05:00,0.08625747729092836
2026-08-26 11:06:00,0.08625747729092836
2026-08-26 11:07:00,0.08625747729092836
2026-08-26 11:08:00,0.08625747729092836
2026-08-26 11:09:00,0.08625747729092836
2026-08-26 11:10:00,0.09766792692244053
2026-08-26 11:11:00,0.09766792692244053
2026-08-26 11:12:00,0.09766792692244053
2026-08-26 11:13:00,0.09766792692244053
2026-08-26 11:14:00,0.09766792692244053
2026-08-26 11:15:00,0.09353965520858765
2026-08-26 11:16:00,0.09353965520858765
2026-08-26 11:17:00,0.09353965520858765
2026-08-26 11:18:00,0.09353965520858765
2026-08-26 11:19:00,0.09353965520858765
2026-08-26 11:20:00,0.08244663290679455
2026-08-26 11:21:00,0.08244663290679455
2026-08-26 11:22:00,0.08244663290679455
2026-08-26 11:23:00,0.08244663290679455
2026-08-26 11:24:00,0.08244663290679455
2026-08-26 11:25:00,0.0719155091792345
2026-08-26 11:26:00,0.0719155091792345
2026-08-26 11:27:00,0.0719155091792345
2026-08-26 11:28:00,0.0719155091792345
2026-08-26 11:29:00,0.0719155091792345
2026-08-26 11:30:00,0.05800483375787735
2026-08-26 11:31:00,0.05800483375787735
2026-08-26 11:32:00,0.05800483375787735
2026-08-26 11:33:00,0.05800483375787735
2026-08-26 11:34:00,0.05800483375787735
2026-08-26 11:35:00,0.05228172056376934
2026-08-26 11:36:00,0.05228172056376934
2026-08-26 11:37:00,0.05228172056376934
2026-08-26 11:38:00,0.05228172056376934
2026-08-26 11:39:00,0.05228172056376934
2026-08-26 11:40:00,0.05297436285763979
2026-08-26 11:41:00,0.05297436285763979
2026-08-26 11:42:00,0.05297436285763979
2026-08-26 11:43:00,0.05297436285763979
2026-08-26 11:44:00,0.05297436285763979
2026-08-26 11:45:00,0.05247568245977163
2026-08-26 11:46:00,0.05247568245977163
2026-08-26 11:47:00,0.05247568245977163
2026-08-26 11:48:00,0.05247568245977163
2026-08-26 11:49:00,0.05247568245977163
2026-08-26 11:50:00,0.04961975384503603
2026-08-26 11:51:00,0.04961975384503603
2026-08-26 11:52:00,0.04961975384503603
2026-08-26 11:53:00,0.04961975384503603
2026-08-26 11:54:00,0.04961975384503603
2026-08-26 11:55:00,0.050807688385248184
2026-08-26 11:56:00,0.050807688385248184
2026-08-26 11:57:00,0.050807688385248184
2026-08-26 11:58:00,0.050807688385248184
2026-08-26 11:59:00,0.050807688385248184
2026-08-26 12:00:00,0.052016145549714565
2026-08-26 12:01:00,0.052016145549714565
2026-08-26 12:02:00,0.052016145549714565
2026-08-26 12:03:00,0.052016145549714565
2026-08-26 12:04:00,0.052016145549714565
2026-08-26 12:05:00,0.054530552588403225
2026-08-26 12:06:00,0.054530552588403225
2026-08-26 12:07:00,0.054530552588403225
2026-08-26 12:08:00,0.054530552588403225
2026-08-26 12:09:00,0.054530552588403225
2026-08-26 12:10:00,0.06410327833145857
2026-08-26 12:11:00,0.06410327833145857
2026-08-26 12:12:00,0.06410327833145857
2026-08-26 12:13:00,0.06410327833145857
2026-08-26 12:14:00,0.06410327833145857
2026-08-26 12:15:00,0.07411986961960793
2026-08-26 12:16:00,0.07411986961960793
2026-08-26 12:17:00,0.07411986961960793
2026-08-26 12:18:00,0.07411986961960793
2026-08-26 12:19:00,0.07411986961960793
2026-08-26 12:20:00,0.07564878277480602
2026-08-26 12:21:00,0.07564878277480602
2026-08-26 12:22:00,0.07564878277480602
2026-08-26 12:23:00,0.07564878277480602
2026-08-26 12:24:00,0.07564878277480602
2026-08-26 12:25:00,0.07370052579790354
2026-08-26 12:26:00,0.07370052579790354
2026-08-26 12:27:00,0.07370052579790354
2026-08-26 12:28:00,0.07370052579790354
2026-08-26 12:29:00,0.07370052579790354
2026-08-26 12:30:00,0.06292894762009382
2026-08-26 12:31:00,0.06292894762009382
2026-08-26 12:32:00,0.06292894762009382
2026-08-26 12:33:00,0.06292894762009382
2026-08-26 12:34:00,0.06292894762009382
2026-08-26 12:35:00,0.051297848112881184
2026-08-26 12:36:00,0.051297848112881184
2026-08-26 12:37:00,0.051297848112881184
2026-08-26 12:38:00,0.051297848112881184
2026-08-26 12:39:00,0.051297848112881184
2026-08-26 12:40:00,0.04797647055238485
2026-08-26 12:41:00,0.04797647055238485
2026-08-26 12:42:00,0.04797647055238485
2026-08-26 12:43:00,0.04797647055238485
2026-08-26 12:44:00,0.04797647055238485
2026-08-26 12:45:00,0.05155536159873009
2026-08-26 12:46:00,0.05155536159873009
2026-08-26 12:47:00,0.05155536159873009
2026-08-26 12:48:00,0.05155536159873009
2026-08-26 12:49:00,0.05155536159873009
2026-08-26 12:50:00,0.05984535813331604
2026-08-26 12:51:00,0.05984535813331604
2026-08-26 12:52:00,0.05984535813331604
2026-08-26 12:53:00,0.05984535813331604
2026-08-26 12:54:00,0.05984535813331604
2026-08-26 12:55:00,0.07106173597276211
2026-08-26 12:56:00,0.07106173597276211
2026-08-26 12:57:00,0.07106173597276211
2026-08-26 12:58:00,0.07106173597276211
2026-08-26 12:59:00,0.07106173597276211
2026-08-26 13:00:00,0.07725269719958305
2026-08-26 13:01:00,0.07725269719958305
2026-08-26 13:02:00,0.07725269719958305
2026-08-26 13:03:00,0.07725269719958305
2026-08-26 13:04:00,0.07725269719958305
2026-08-26 13:05:00,0.08035804517567158
2026-08-26 13:06:00,0.08035804517567158
2026-08-26 13:07:00,0.08035804517567158
2026-08-26 13:08:00,0.08035804517567158
2026-08-26 13:09:00,0.08035804517567158
2026-08-26 13:10:00,0.08274541422724724
2026-08-26 13:11:00,0.08274541422724724
2026-08-26 13:12:00,0.08274541422724724
2026-08-26 13:13:00,0.08274541422724724
2026-08-26 13:14:00,0.08274541422724724
2026-08-26 13:15:00,0.07543067540973425
2026-08-26 13:16:00,0.07543067540973425
2026-08-26 13:17:00,0.07543067540973425
2026-08-26 13:18:00,0.07543067540973425
2026-08-26 13:19:00,0.07543067540973425
2026-08-26 13:20:00,0.06629621237516403
2026-08-26 13:21:00,0.06629621237516403
2026-08-26 13:22:00,0.06629621237516403
2026-08-26 13:23:00,0.06629621237516403
2026-08-26 13:24:00,0.06629621237516403
2026-08-26 13:25:00,0.05519346706569195
2026-08-26 13:26:00,0.05519346706569195
2026-08-26 13:27:00,0.05519346706569195
2026-08-26 13:28:00,0.05519346706569195
2026-08-26 13:29:00,0.05519346706569195
2026-08-26 13:30:00,0.04589757788926363
2026-08-26 13:31:00,0.04589757788926363
2026-08-26 13:32:00,0.04589757788926363
2026-08-26 13:33:00,0.04589757788926363
2026-08-26 13:34:00,0.04589757788926363
2026-08-26 13:35:00,0.040978001430630684
2026-08-26 13:36:00,0.040978001430630684
2026-08-26 13:37:00,0.040978001430630684
2026-08-26 13:38:00,0.040978001430630684
2026-08-26 13:39:00,0.040978001430630684
2026-08-26 13:40:00,0.04022124223411083
2026-08-26 13:41:00,0.04022124223411083
2026-08-26 13:42:00,0.04022124223411083
2026-08-26 13:43:00,0.04022124223411083
2026-08-26 13:44:00,0.04022124223411083
2026-08-26 13:45:00,0.04122893791645765
2026-08-26 13:46:00,0.04122893791645765
2026-08-26 13:47:00,0.04122893791645765
2026-08-26 13:48:00,0.04122893791645765
2026-08-26 13:49:00,0.04122893791645765
2026-08-26 13:50:00,0.04548518266528845
2026-08-26 13:51:00,0.04548518266528845
2026-08-26 13:52:00,0.04548518266528845
2026-08-26 13:53:00,0.04548518266528845
2026-08-26 13:54:00,0.04548518266528845
2026-08-26 13:55:00,0.05206612218171358
2026-08-26 13:56:00,0.05206612218171358
2026-08-26 13:57:00,0.05206612218171358
2026-08-26 13:58:00,0.05206612218171358
2026-08-26 13:59:00,0.05206612218171358
2026-08-26 14:00:00,0.05432330910116434
2026-08-26 14:01:00,0.05432330910116434
2026-08-26 14:02:00,0.05432330910116434
2026-08-26 14:03:00,0.05432330910116434
2026-08-26 14:04:00,0.05432330910116434
2026-08-26 14:05:00,0.05898463446646929
2026-08-26 14:06:00,0.05898463446646929
2026-08-26 14:07:00,0.05898463446646929
2026-08-26 14:08:00,0.05898463446646929
2026-08-26 14:09:00,0.05898463446646929
2026-08-26 14:10:00,0.0593616496771574
2026-08-26 14:11:00,0.0593616496771574
2026-08-26 14:12:00,0.0593616496771574
2026-08-26 14:13:00,0.0593616496771574
2026-08-26 14:14:00,0.0593616496771574
2026-08-26 14:15:00,0.055275244638323784
2026-08-26 14:16:00,0.055275244638323784
2026-08-26 14:17:00,0.055275244638323784
2026-08-26 14:18:00,0.055275244638323784
2026-08-26 14:19:00,0.055275244638323784
2026-08-26 14:20:00,0.05707971937954426
2026-08-26 14:21:00,0.05707971937954426
2026-08-26 14:22:00,0.05707971937954426
2026-08-26 14:23:00,0.05707971937954426
2026-08-26 14:24:00,0.05707971937954426
2026-08-26 14:25:00,0.05442781001329422
2026-08-26 14:26:00,0.05442781001329422
2026-08-26 14:27:00,0.05442781001329422
2026-08-26 14:28:00,0.05442781001329422
2026-08-26 14:29:00,0.05442781001329422
2026-08-26 14:30:00,0.05281078442931175
2026-08-26 14:31:00,0.05281078442931175
2026-08-26 14:32:00,0.05281078442931175
2026-08-26 14:33:00,0.05281078442931175
2026-08-26 14:34:00,0.05281078442931175
2026-08-26 14:35:00,0.05329261068254709
2026-08-26 14:36:00,0.05329261068254709
2026-08-26 14:37:00,0.05329261068254709
2026-08-26 14:38:00,0.05329261068254709
2026-08-26 14:39:00,0.05329261068254709
2026-08-26 14:40:00,0.05106459744274616
2026-08-26 14:41:00,0.05106459744274616
2026-08-26 14:42:00,0.05106459744274616
2026-08-26 14:43:00,0.05106459744274616
2026-08-26 14:44:00,0.05106459744274616
2026-08-26 14:45:00,0.05191643722355366
2026-08-26 14:46:00,0.05191643722355366
2026-08-26 14:47:00,0.05191643722355366
2026-08-26 14:48:00,0.05191643722355366
2026-08-26 14:49:00,0.05191643722355366
2026-08-26 14:50:00,0.051149905659258366
2026-08-26 14:51:00,0.051149905659258366
2026-08-26 14:52:00,0.051149905659258366
2026-08-26 14:53:00,0.051149905659258366
2026-08-26 14:54:00,0.051149905659258366
2026-08-26 14:55:00,0.04840209987014532
2026-08-26 14:56:00,0.04840209987014532
2026-08-26 14:57:00,0.04840209987014532
2026-08-26 14:58:00,0.04840209987014532
2026-08-26 14:59:00,0.04840209987014532
2026-08-26 15:00:00,0.05042631924152374
2026-08-26 15:01:00,0.05042631924152374
2026-08-26 15:02:00,0.05042631924152374
2026-08-26 15:03:00,0.05042631924152374
2026-08-26 15:04:00,0.05042631924152374
2026-08-26 15:05:00,0.0538695165887475
2026-08-26 15:06:00,0.0538695165887475
2026-08-26 15:07:00,0.0538695165887475
2026-08-26 15:08:00,0.0538695165887475
2026-08-26 15:09:00,0.0538695165887475
2026-08-26 15:10:00,0.05876541882753372
2026-08-26 15:11:00,0.05876541882753372
2026-08-26 15:12:00,0.05876541882753372
2026-08-26 15:13:00,0.05876541882753372
2026-08-26 15:14:00,0.05876541882753372
2026-08-26 15:15:00,0.06272441614419222
2026-08-26 15:16:00,0.06272441614419222
2026-08-26 15:17:00,0.06272441614419222
2026-08-26 15:18:00,0.06272441614419222
2026-08-26 15:19:00,0.06272441614419222
2026-08-26 15:20:00,0.060717301443219185
2026-08-26 15:21:00,0.060717301443219185
2026-08-26 15:22:00,0.060717301443219185
2026-08-26 15:23:00,0.060717301443219185
2026-08-26 15:24:00,0.060717301443219185
2026-08-26 15:25:00,0.06050896644592285
2026-08-26 15:26:00,0.06050896644592285
2026-08-26 15:27:00,0.06050896644592285
2026-08-26 15:28:00,0.06050896644592285
2026-08-26 15:29:00,0.06050896644592285
2026-08-26 15:30:00,0.060128966346383095
2026-08-26 15:31:00,0.060128966346383095
2026-08-26 15:32:00,0.060128966346383095
2026-08-26 15:33:00,0.060128966346383095
2026-08-26 15:34:00,0.060128966346383095
2026-08-26 15:35:00,0.059617748484015465
2026-08-26 15:36:00,0.059617748484015465
2026-08-26 15:37:00,0.059617748484015465
2026-08-26 15:38:00,0.059617748484015465
2026-08-26 15:39:00,0.059617748484015465
2026-08-26 15:40:00,0.061372749507427216
2026-08-26 15:41:00,0.061372749507427216
2026-08-26 15:42:00,0.061372749507427216
2026-08-26 15:43:00,0.061372749507427216
2026-08-26 15:44:00,0.061372749507427216
2026-08-26 15:45:00,0.05555756762623787
2026-08-26 15:46:00,0.05555756762623787
2026-08-26 15:47:00,0.05555756762623787
2026-08-26 15:48:00,0.05555756762623787
2026-08-26 15:49:00,0.05555756762623787
2026-08-26 15:50:00,0.3623913135379553
2026-08-26 15:51:00,0.3623913135379553
2026-08-26 15:52:00,0.3623913135379553
2026-08-26 15:53:00,0.3623913135379553
2026-08-26 15:54:00,0.3623913135379553
2026-08-26 15:55:00,0.6718774922192097
2026-08-26 15:56:00,0.6718774922192097
2026-08-26 15:57:00,0.6718774922192097
2026-08-26 15:58:00,0.6718774922192097
2026-08-26 15:59:00,0.6718774922192097
2026-08-26 16:00:00,0.981904361397028
2026-08-26 16:01:00,0.981904361397028
2026-08-26 16:02:00,0.981904361397028
2026-08-26 16:03:00,0.981904361397028
2026-08-26 16:04:00,0.981904361397028
2026-08-26 16:05:00,1.2951319813728333
2026-08-26 16:06:00,1.2951319813728333
2026-08-26 16:07:00,1.2951319813728333
2026-08-26 16:08:00,1.2951319813728333
2026-08-26 16:09:00,1.2951319813728333
2026-08-26 16:10:00,1.0179361961781979
2026-08-26 16:11:00,1.0179361961781979
2026-08-26 16:12:00,1.0179361961781979
2026-08-26 16:13:00,1.0179361961781979
2026-08-26 16:14:00,1.0179361961781979
2026-08-26 16:15:00,0.743976566940546
2026-08-26 16:16:00,0.743976566940546
2026-08-26 16:17:00,0.743976566940546
2026-08-26 16:18:00,0.743976566940546
2026-08-26 16:19:00,0.743976566940546
2026-08-26 16:20:00,0.46885062381625175
2026-08-26 16:21:00,0.46885062381625175
2026-08-26 16:22:00,0.46885062381625175
2026-08-26 16:23:00,0.46885062381625175
2026-08-26 16:24:00,0.46885062381625175
2026-08-26 16:25:00,0.1945318877696991
2026-08-26 16:26:00,0.1945318877696991
2026-08-26 16:27:00,0.1945318877696991
2026-08-26 16:28:00,0.1945318877696991
2026-08-26 16:29:00,0.1945318877696991
2026-08-26 16:30:00,0.19853279739618301
2026-08-26 16:31:00,0.19853279739618301
2026-08-26 16:32:00,0.19853279739618301
2026-08-26 16:33:00,0.19853279739618301
2026-08-26 16:34:00,0.19853279739618301
2026-08-26 16:35:00,0.19524520635604858
2026-08-26 16:36:00,0.19524520635604858
2026-08-26 16:37:00,0.19524520635604858
2026-08-26 16:38:00,0.19524520635604858
2026-08-26 16:39:00,0.19524520635604858
2026-08-26 16:40:00,0.19256805256009102
2026-08-26 16:41:00,0.19256805256009102
2026-08-26 16:42:00,0.19256805256009102
2026-08-26 16:43:00,0.19256805256009102
2026-08-26 16:44:00,0.19256805256009102
2026-08-26 16:45:00,0.18680472299456596
2026-08-26 16:46:00,0.18680472299456596
2026-08-26 16:47:00,0.18680472299456596
2026-08-26 16:48:00,0.18680472299456596
2026-08-26 16:49:00,0.18680472299456596
2026-08-26 16:50:00,0.17525330930948257
2026-08-26 16:51:00,0.17525330930948257
2026-08-26 16:52:00,0.17525330930948257
2026-08-26 16:53:00,0.17525330930948257
2026-08-26 16:54:00,0.17525330930948257
2026-08-26 16:55:00,0.1682664193212986
2026-08-26 16:56:00,0.1682664193212986
2026-08-26 16:57:00,0.1682664193212986
2026-08-26 16:58:00,0.1682664193212986
2026-08-26 16:59:00,0.1682664193212986
2026-08-26 17:00:00,0.1624176725745201
2026-08-26 17:01:00,0.1624176725745201
2026-08-26 17:02:00,0.1624176725745201
2026-08-26 17:03:00,0.1624176725745201
2026-08-26 17:04:00,0.1624176725745201
2026-08-26 17:05:00,0.1596122309565544
2026-08-26 17:06:00,0.1596122309565544
2026-08-26 17:07:00,0.1596122309565544
2026-08-26 17:08:00,0.1596122309565544
2026-08-26 17:09:00,0.1596122309565544
2026-08-26 17:10:00,0.13677802681922913
2026-08-26 17:11:00,0.13677802681922913
2026-08-26 17:12:00,0.13677802681922913
2026-08-26 17:13:00,0.13677802681922913
2026-08-26 17:14:00,0.13677802681922913
2026-08-26 17:15:00,0.1113448329269886
2026-08-26 17:16:00,0.1113448329269886
2026-08-26 17:17:00,0.1113448329269886
2026-08-26 17:18:00,0.1113448329269886
2026-08-26 17:19:00,0.1113448329269886
2026-08-26 17:20:00,0.08605734072625637
2026-08-26 17:21:00,0.08605734072625637
2026-08-26 17:22:00,0.08605734072625637
2026-08-26 17:23:00,0.08605734072625637
2026-08-26 17:24:00,0.08605734072625637
2026-08-26 17:25:00,0.057666994631290436
2026-08-26 17:26:00,0.057666994631290436
2026-08-26 17:27:00,0.057666994631290436
2026-08-26 17:28:00,0.057666994631290436
2026-08-26 17:29:00,0.057666994631290436
2026-08-26 17:30:00,0.05824784003198147
2026-08-26 17:31:00,0.05824784003198147
2026-08-26 17:32:00,0.05824784003198147
2026-08-26 17:33:00,0.05824784003198147
2026-08-26 17:34:00,0.05824784003198147
2026-08-26 17:35:00,0.05903689004480839
2026-08-26 17:36:00,0.05903689004480839
2026-08-26 17:37:00,0.05903689004480839
2026-08-26 17:38:00,0.05903689004480839
2026-08-26 17:39:00,0.05903689004480839
2026-08-26 17:40:00,0.057524699717760086
2026-08-26 17:41:00,0.057524699717760086
2026-08-26 17:42:00,0.057524699717760086
2026-08-26 17:43:00,0.057524699717760086
2026-08-26 17:44:00,0.057524699717760086
2026-08-26 17:45:00,0.05891155917197466
2026-08-26 17:46:00,0.05891155917197466
2026-08-26 17:47:00,0.05891155917197466
2026-08-26 17:48:00,0.05891155917197466
2026-08-26 17:49:00,0.05891155917197466
2026-08-26 17:50:00,0.052647605538368225
2026-08-26 17:51:00,0.052647605538368225
2026-08-26 17:52:00,0.052647605538368225
2026-08-26 17:53:00,0.052647605538368225
2026-08-26 17:54:00,0.052647605538368225
2026-08-26 17:55:00,0.05002904776483774
2026-08-26 17:56:00,0.05002904776483774
2026-08-26 17:57:00,0.05002904776483774
2026-08-26 17:58:00,0.05002904776483774
2026-08-26 17:59:00,0.05002904776483774
2026-08-26 18:00:00,0.049667688086628914
2026-08-26 18:01:00,0.049667688086628914
2026-08-26 18:02:00,0.049667688086628914
2026-08-26 18:03:00,0.049667688086628914
2026-08-26 18:04:00,0.049667688086628914
2026-08-26 18:05:00,0.04605101142078638
2026-08-26 18:06:00,0.04605101142078638
2026-08-26 18:07:00,0.04605101142078638
2026-08-26 18:08:00,0.04605101142078638
2026-08-26 18:09:00,0.04605101142078638
2026-08-26 18:10:00,0.049283954314887524
2026-08-26 18:11:00,0.049283954314887524
2026-08-26 18:12:00,0.049283954314887524
2026-08-26 18:13:00,0.049283954314887524
2026-08-26 18:14:00,0.049283954314887524
2026-08-26 18:15:00,0.05579288676381111
2026-08-26 18:16:00,0.05579288676381111
2026-08-26 18:17:00,0.05579288676381111
2026-08-26 18:18:00,0.05579288676381111
2026-08-26 18:19:00,0.05579288676381111
2026-08-26 18:20:00,0.06437952537089586
2026-08-26 18:21:00,0.06437952537089586
2026-08-26 18:22:00,0.06437952537089586
2026-08-26 18:23:00,0.06437952537089586
2026-08-26 18:24:00,0.06437952537089586
2026-08-26 18:25:00,0.07632164563983679
2026-08-26 18:26:00,0.07632164563983679
2026-08-26 18:27:00,0.07632164563983679
2026-08-26 18:28:00,0.07632164563983679
2026-08-26 18:29:00,0.07632164563983679
2026-08-26 18:30:00,0.07943084463477135
2026-08-26 18:31:00,0.07943084463477135
2026-08-26 18:32:00,0.07943084463477135
2026-08-26 18:33:00,0.07943084463477135
2026-08-26 18:34:00,0.07943084463477135
2026-08-26 18:35:00,0.0754358908161521
2026-08-26 18:36:00,0.0754358908161521
2026-08-26 18:37:00,0.0754358908161521
2026-08-26 18:38:00,0.0754358908161521
2026-08-26 18:39:00,0.0754358908161521
2026-08-26 18:40:00,0.06712296884506941
2026-08-26 18:41:00,0.06712296884506941
2026-08-26 18:42:00,0.06712296884506941
2026-08-26 18:43:00,0.06712296884506941
2026-08-26 18:44:00,0.06712296884506941
2026-08-26 18:45:00,0.06027677934616804
2026-08-26 18:46:00,0.06027677934616804
2026-08-26 18:47:00,0.06027677934616804
2026-08-26 18:48:00,0.06027677934616804
2026-08-26 18:49:00,0.06027677934616804
2026-08-26 18:50:00,0.05886638164520264
2026-08-26 18:51:00,0.05886638164520264
2026-08-26 18:52:00,0.05886638164520264
2026-08-26 18:53:00,0.05886638164520264
2026-08-26 18:54:00,0.05886638164520264
2026-08-26 18:55:00,0.06602293904870749
2026-08-26 18:56:00,0.06602293904870749
2026-08-26 18:57:00,0.06602293904870749
2026-08-26 18:58:00,0.06602293904870749
2026-08-26 18:59:00,0.06602293904870749
2026-08-26 19:00:00,0.08188590500503778
2026-08-26 19:01:00,0.08188590500503778
2026-08-26 19:02:00,0.08188590500503778
2026-08-26 19:03:00,0.08188590500503778
2026-08-26 19:04:00,0.08188590500503778
2026-08-26 19:05:00,0.0882748207077384
2026-08-26 19:06:00,0.0882748207077384
2026-08-26 19:07:00,0.0882748207077384
2026-08-26 19:08:00,0.0882748207077384
2026-08-26 19:09:00,0.0882748207077384
2026-08-26 19:10:00,0.09006832726299763
2026-08-26 19:11:00,0.09006832726299763
2026-08-26 19:12:00,0.09006832726299763
2026-08-26 19:13:00,0.09006832726299763
2026-08-26 19:14:00,0.09006832726299763
2026-08-26 19:15:00,0.07950494438409805
2026-08-26 19:16:00,0.07950494438409805
2026-08-26 19:17:00,0.07950494438409805
2026-08-26 19:18:00,0.07950494438409805
2026-08-26 19:19:00,0.07950494438409805
2026-08-26 19:20:00,0.06460770778357983
2026-08-26 19:21:00,0.06460770778357983
2026-08-26 19:22:00,0.06460770778357983
2026-08-26 19:23:00,0.06460770778357983
2026-08-26 19:24:00,0.06460770778357983
2026-08-26 19:25:00,0.054776971228420734
2026-08-26 19:26:00,0.054776971228420734
2026-08-26 19:27:00,0.054776971228420734
2026-08-26 19:28:00,0.054776971228420734
2026-08-26 19:29:00,0.054776971228420734
2026-08-26 19:30:00,0.04798818472772837
2026-08-26 19:31:00,0.04798818472772837
2026-08-26 19:32:00,0.04798818472772837
2026-08-26 19:33:00,0.04798818472772837
2026-08-26 19:34:00,0.04798818472772837
2026-08-26 19:35:00,0.04920501075685024
2026-08-26 19:36:00,0.04920501075685024
2026-08-26 19:37:00,0.04920501075685024
2026-08-26 19:38:00,0.04920501075685024
2026-08-26 19:39:00,0.04920501075685024
2026-08-26 19:40:00,0.050508595071733
2026-08-26 19:41:00,0.050508595071733
2026-08-26 19:42:00,0.050508595071733
2026-08-26 19:43:00,0.050508595071733
2026-08-26 19:44:00,0.050508595071733
2026-08-26 19:45:00,0.05053499713540077
2026-08-26 19:46:00,0.05053499713540077
2026-08-26 19:47:00,0.05053499713540077
2026-08-26 19:48:00,0.05053499713540077
2026-08-26 19:49:00,0.05053499713540077
2026-08-26 19:50:00,0.05448320973664522
2026-08-26 19:51:00,0.05448320973664522
2026-08-26 19:52:00,0.05448320973664522
2026-08-26 19:53:00,0.05448320973664522
2026-08-26 19:54:00,0.05448320973664522
2026-08-26 19:55:00,0.056478532031178474
2026-08-26 19:56:00,0.056478532031178474
2026-08-26 19:57:00,0.056478532031178474
2026-08-26 19:58:00,0.056478532031178474
2026-08-26 19:59:00,0.056478532031178474
2026-08-26 20:00:00,0.054852962493896484
2026-08-26 20:01:00,0.054852962493896484
2026-08-26 20:02:00,0.054852962493896484
2026-08-26 20:03:00,0.054852962493896484
2026-08-26 20:04:00,0.054852962493896484
2026-08-26 20:05:00,0.054401226341724396
2026-08-26 20:06:00,0.054401226341724396
2026-08-26 20:07:00,0.054401226341724396
2026-08-26 20:08:00,0.054401226341724396
2026-08-26 20:09:00,0.054401226341724396
2026-08-26 20:10:00,0.05043466854840517
2026-08-26 20:11:00,0.05043466854840517
2026-08-26 20:12:00,0.05043466854840517
2026-08-26 20:13:00,0.05043466854840517
2026-08-26 20:14:00,0.05043466854840517
2026-08-26 20:15:00,0.045927600003778934
2026-08-26 20:16:00,0.045927600003778934
2026-08-26 20:17:00,0.045927600003778934
2026-08-26 20:18:00,0.045927600003778934
2026-08-26 20:19:00,0.045927600003778934
2026-08-26 20:20:00,0.04495055601000786
2026-08-26 20:21:00,0.04495055601000786
2026-08-26 20:22:00,0.04495055601000786
2026-08-26 20:23:00,0.04495055601000786
2026-08-26 20:24:00,0.04495055601000786
2026-08-26 20:25:00,0.05155455879867077
2026-08-26 20:26:00,0.05155455879867077
2026-08-26 20:27:00,0.05155455879867077
2026-08-26 20:28:00,0.05155455879867077
2026-08-26 20:29:00,0.05155455879867077
2026-08-26 20:30:00,0.058830542489886284
2026-08-26 20:31:00,0.058830542489886284
2026-08-26 20:32:00,0.058830542489886284
2026-08-26 20:33:00,0.058830542489886284
2026-08-26 20:34:00,0.058830542489886284
2026-08-26 20:35:00,0.06943739578127861
2026-08-26 20:36:00,0.06943739578127861
2026-08-26 20:37:00,0.06943739578127861
2026-08-26 20:38:00,0.06943739578127861
2026-08-26 20:39:00,0.06943739578127861
2026-08-26 20:40:00,0.0745075661689043
2026-08-26 20:41:00,0.0745075661689043
2026-08-26 20:42:00,0.0745075661689043
2026-08-26 20:43:00,0.0745075661689043
2026-08-26 20:44:00,0.0745075661689043
2026-08-26 20:45:00,0.07267879135906696
2026-08-26 20:46:00,0.07267879135906696
2026-08-26 20:47:00,0.07267879135906696
2026-08-26 20:48:00,0.07267879135906696
2026-08-26 20:49:00,0.07267879135906696
2026-08-26 20:50:00,0.07165519148111343
2026-08-26 20:51:00,0.07165519148111343
2026-08-26 20:52:00,0.07165519148111343
2026-08-26 20:53:00,0.07165519148111343
2026-08-26 20:54:00,0.07165519148111343
2026-08-26 20:55:00,0.06191115081310272
2026-08-26 20:56:00,0.06191115081310272
2026-08-26 20:57:00,0.06191115081310272
2026-08-26 20:58:00,0.06191115081310272
2026-08-26 20:59:00,0.06191115081310272
2026-08-26 21:00:00,0.05393238551914692
2026-08-26 21:01:00,0.05393238551914692
2026-08-26 21:02:00,0.05393238551914692
2026-08-26 21:03:00,0.05393238551914692
2026-08-26 21:04:00,0.05393238551914692
2026-08-26 21:05:00,0.04632517974823713
2026-08-26 21:06:00,0.04632517974823713
2026-08-26 21:07:00,0.04632517974823713
2026-08-26 21:08:00,0.04632517974823713
2026-08-26 21:09:00,0.04632517974823713
2026-08-26 21:10:00,0.03984648548066616
2026-08-26 21:11:00,0.03984648548066616
2026-08-26 21:12:00,0.03984648548066616
2026-08-26 21:13:00,0.03984648548066616
2026-08-26 21:14:00,0.03984648548066616
2026-08-26 21:15:00,0.04020594246685505
2026-08-26 21:16:00,0.04020594246685505
2026-08-26 21:17:00,0.04020594246685505
2026-08-26 21:18:00,0.04020594246685505
2026-08-26 21:19:00,0.04020594246685505
2026-08-26 21:20:00,0.04453749768435955
2026-08-26 21:21:00,0.04453749768435955
2026-08-26 21:22:00,0.04453749768435955
2026-08-26 21:23:00,0.04453749768435955
2026-08-26 21:24:00,0.04453749768435955
2026-08-26 21:25:00,0.05296390037983656
2026-08-26 21:26:00,0.05296390037983656
2026-08-26 21:27:00,0.05296390037983656
2026-08-26 21:28:00,0.05296390037983656
2026-08-26 21:29:00,0.05296390037983656
2026-08-26 21:30:00,0.06037850119173527
2026-08-26 21:31:00,0.06037850119173527
2026-08-26 21:32:00,0.06037850119173527
2026-08-26 21:33:00,0.06037850119173527
2026-08-26 21:34:00,0.06037850119173527
2026-08-26 21:35:00,0.062330457381904125
2026-08-26 21:36:00,0.062330457381904125
2026-08-26 21:37:00,0.062330457381904125
2026-08-26 21:38:00,0.062330457381904125
2026-08-26 21:39:00,0.062330457381904125
2026-08-26 21:40:00,0.05827211122959852
2026-08-26 21:41:00,0.05827211122959852
2026-08-26 21:42:00,0.05827211122959852
2026-08-26 21:43:00,0.05827211122959852
2026-08-26 21:44:00,0.05827211122959852
2026-08-26 21:45:00,0.050202871672809124
2026-08-26 21:46:00,0.050202871672809124
2026-08-26 21:47:00,0.050202871672809124
2026-08-26 21:48:00,0.050202871672809124
2026-08-26 21:49:00,0.050202871672809124
2026-08-26 21:50:00,0.04505988396704197
2026-08-26 21:51:00,0.04505988396704197
2026-08-26 21:52:00,0.04505988396704197
2026-08-26 21:53:00,0.04505988396704197
2026-08-26 21:54:00,0.04505988396704197
2026-08-26 21:55:00,0.04900509398430586
2026-08-26 21:56:00,0.04900509398430586
2026-08-26 21:57:00,0.04900509398430586
2026-08-26 21:58:00,0.04900509398430586
2026-08-26 21:59:00,0.04900509398430586
2026-08-26 22:00:00,0.05635202396661043
2026-08-26 22:01:00,0.05635202396661043
2026-08-26 22:02:00,0.05635202396661043
2026-08-26 22:03:00,0.05635202396661043
2026-08-26 22:04:00,0.05635202396661043
2026-08-26 22:05:00,0.058277614414691925
2026-08-26 22:06:00,0.058277614414691925
2026-08-26 22:07:00,0.058277614414691925
2026-08-26 22:08:00,0.058277614414691925
2026-08-26 22:09:00,0.058277614414691925
2026-08-26 22:10:00,0.0574234314262867
2026-08-26 22:11:00,0.0574234314262867
2026-08-26 22:12:00,0.0574234314262867
2026-08-26 22:13:00,0.0574234314262867
2026-08-26 22:14:00,0.0574234314262867
2026-08-26 22:15:00,0.055470582097768784
2026-08-26 22:16:00,0.055470582097768784
2026-08-26 22:17:00,0.055470582097768784
2026-08-26 22:18:00,0.055470582097768784
2026-08-26 22:19:00,0.055470582097768784
2026-08-26 22:20:00,0.059077171608805656
2026-08-26 22:21:00,0.059077171608805656
2026-08-26 22:22:00,0.059077171608805656
2026-08-26 22:23:00,0.059077171608805656
2026-08-26 22:24:00,0.059077171608805656
2026-08-26 22:25:00,0.07093096803873777
2026-08-26 22:26:00,0.07093096803873777
2026-08-26 22:27:00,0.07093096803873777
2026-08-26 22:28:00,0.07093096803873777
2026-08-26 22:29:00,0.07093096803873777
2026-08-26 22:30:00,0.07670466788113117
2026-08-26 22:31:00,0.07670466788113117
2026-08-26 22:32:00,0.07670466788113117
2026-08-26 22:33:00,0.07670466788113117
2026-08-26 22:34:00,0.07670466788113117
2026-08-26 22:35:00,0.07995716482400894
2026-08-26 22:36:00,0.07995716482400894
2026-08-26 22:37:00,0.07995716482400894
2026-08-26 22:38:00,0.07995716482400894
2026-08-26 22:39:00,0.07995716482400894
2026-08-26 22:40:00,0.07586910203099251
2026-08-26 22:41:00,0.07586910203099251
2026-08-26 22:42:00,0.07586910203099251
2026-08-26 22:43:00,0.07586910203099251
2026-08-26 22:44:00,0.07586910203099251
2026-08-26 22:45:00,0.06743860244750977
2026-08-26 22:46:00,0.06743860244750977
2026-08-26 22:47:00,0.06743860244750977
2026-08-26 22:48:00,0.06743860244750977
2026-08-26 22:49:00,0.06743860244750977
2026-08-26 22:50:00,0.06775345467031002
2026-08-26 22:51:00,0.06775345467031002
2026-08-26 22:52:00,0.06775345467031002
2026-08-26 22:53:00,0.06775345467031002
2026-08-26 22:54:00,0.06775345467031002
2026-08-26 22:55:00,0.06545713357627392
2026-08-26 22:56:00,0.06545713357627392
2026-08-26 22:57:00,0.06545713357627392
2026-08-26 22:58:00,0.06545713357627392
2026-08-26 22:59:00,0.06545713357627392
2026-08-26 23:00:00,0.060600423254072666
2026-08-26 23:01:00,0.060600423254072666
2026-08-26 23:02:00,0.060600423254072666
2026-08-26 23:03:00,0.060600423254072666
2026-08-26 23:04:00,0.060600423254072666
2026-08-26 23:05:00,0.05509799998253584
2026-08-26 23:06:00,0.05509799998253584
2026-08-26 23:07:00,0.05509799998253584
2026-08-26 23:08:00,0.05509799998253584
2026-08-26 23:09:00,0.05509799998253584
2026-08-26 23:10:00,0.04789923969656229
2026-08-26 23:11:00,0.04789923969656229
2026-08-26 23:12:00,0.04789923969656229
2026-08-26 23:13:00,0.04789923969656229
2026-08-26 23:14:00,0.04789923969656229
2026-08-26 23:15:00,0.04189496859908104
2026-08-26 23:16:00,0.04189496859908104
2026-08-26 23:17:00,0.04189496859908104
2026-08-26 23:18:00,0.04189496859908104
2026-08-26 23:19:00,0.04189496859908104
2026-08-26 23:20:00,0.041472047567367554
2026-08-26 23:21:00,0.041472047567367554
2026-08-26 23:22:00,0.041472047567367554
2026-08-26 23:23:00,0.041472047567367554
2026-08-26 23:24:00,0.041472047567367554
2026-08-26 23:25:00,0.044392915442585945
2026-08-26 23:26:00,0.044392915442585945
2026-08-26 23:27:00,0.044392915442585945
2026-08-26 23:28:00,0.044392915442585945
2026-08-26 23:29:00,0.044392915442585945
2026-08-26 23:30:00,0.047808767296373844
2026-08-26 23:31:00,0.047808767296373844
2026-08-26 23:32:00,0.047808767296373844
2026-08-26 23:33:00,0.047808767296373844
2026-08-26 23:34:00,0.047808767296373844
2026-08-26 23:35:00,0.05580662377178669
2026-08-26 23:36:00,0.05580662377178669
2026-08-26 23:37:00,0.05580662377178669
2026-08-26 23:38:00,0.05580662377178669
2026-08-26 23:39:00,0.05580662377178669
2026-08-26 23:40:00,0.06982362549751997
2026-08-26 23:41:00,0.06982362549751997
2026-08-26 23:42:00,0.06982362549751997
2026-08-26 23:43:00,0.06982362549751997
2026-08-26 23:44:00,0.06982362549751997
2026-08-26 23:45:00,0.08867693599313498
2026-08-26 23:46:00,0.08867693599313498
2026-08-26 23:47:00,0.08867693599313498
2026-08-26 23:48:00,0.08867693599313498
2026-08-26 23:49:00,0.08867693599313498
2026-08-26 23:50:00,0.1024225726723671
2026-08-26 23:51:00,0.1024225726723671
2026-08-26 23:52:00,0.1024225726723671
2026-08-26 23:53:00,0.1024225726723671
2026-08-26 23:54:00,0.1024225726723671
2026-08-26 23:55:00,0.10400418564677238
2026-08-26 23:56:00,0.10400418564677238
2026-08-26 23:57:00,0.10400418564677238
2026-08-26 23:58:00,0.10400418564677238
2026-08-26 23:59:00,0.10400418564677238
2026-08-27 00:00:00,0.09292557649314404
2026-08-27 00:01:00,0.09292557649314404
2026-08-27 00:02:00,0.09292557649314404
2026-08-27 00:03:00,0.09292557649314404
2026-08-27 00:04:00,0.09292557649314404
2026-08-27 00:05:00,0.07571749575436115
2026-08-27 00:06:00,0.07571749575436115
2026-08-27 00:07:00,0.07571749575436115
2026-08-27 00:08:00,0.07571749575436115
2026-08-27 00:09:00,0.07571749575436115
2026-08-27 00:10:00,0.06299260444939137
2026-08-27 00:11:00,0.06299260444939137
2026-08-27 00:12:00,0.06299260444939137
2026-08-27 00:13:00,0.06299260444939137
2026-08-27 00:14:00,0.06299260444939137
2026-08-27 00:15:00,0.06261617317795753
2026-08-27 00:16:00,0.06261617317795753
2026-08-27 00:17:00,0.06261617317795753
2026-08-27 00:18:00,0.06261617317795753
2026-08-27 00:19:00,0.06261617317795753
2026-08-27 00:20:00,0.07198845036327839
2026-08-27 00:21:00,0.07198845036327839
2026-08-27 00:22:00,0.07198845036327839
2026-08-27 00:23:00,0.07198845036327839
2026-08-27 00:24:00,0.07198845036327839
2026-08-27 00:25:00,0.19092011451721191
2026-08-27 00:26:00,0.19092011451721191
2026-08-27 00:27:00,0.19092011451721191
2026-08-27 00:28:00,0.19092011451721191
2026-08-27 00:29:00,0.19092011451721191
2026-08-27 00:30:00,0.3104102984070778
2026-08-27 00:31:00,0.3104102984070778
2026-08-27 00:32:00,0.3104102984070778
2026-08-27 00:33:00,0.3104102984070778
2026-08-27 00:34:00,0.3104102984070778
2026-08-27 00:35:00,0.4268381595611572
2026-08-27 00:36:00,0.4268381595611572
2026-08-27 00:37:00,0.4268381595611572
2026-08-27 00:38:00,0.4268381595611572
2026-08-27 00:39:00,0.4268381595611572
2026-08-27 00:40:00,0.5404259115457535
2026-08-27 00:41:00,0.5404259115457535
2026-08-27 00:42:00,0.5404259115457535
2026-08-27 00:43:00,0.5404259115457535
2026-08-27 00:44:00,0.5404259115457535
2026-08-27 00:45:00,0.4413805454969406
2026-08-27 00:46:00,0.4413805454969406
2026-08-27 00:47:00,0.4413805454969406
2026-08-27 00:48:00,0.4413805454969406
2026-08-27 00:49:00,0.4413805454969406
2026-08-27 00:50:00,0.33309801295399666
2026-08-27 00:51:00,0.33309801295399666
2026-08-27 00:52:00,0.33309801295399666
2026-08-27 00:53:00,0.33309801295399666
2026-08-27 00:54:00,0.33309801295399666
2026-08-27 00:55:00,0.21659327298402786
2026-08-27 00:56:00,0.21659327298402786
2026-08-27 00:57:00,0.21659327298402786
2026-08-27 00:58:00,0.21659327298402786
2026-08-27 00:59:00,0.21659327298402786
2026-08-27 01:00:00,0.09300694335252047
2026-08-27 01:01:00,0.09300694335252047
2026-08-27 01:02:00,0.09300694335252047
2026-08-27 01:03:00,0.09300694335252047
2026-08-27 01:04:00,0.09300694335252047
2026-08-27 01:05:00,0.07153436169028282
2026-08-27 01:06:00,0.07153436169028282
2026-08-27 01:07:00,0.07153436169028282
2026-08-27 01:08:00,0.07153436169028282
2026-08-27 01:09:00,0.07153436169028282
2026-08-27 01:10:00,0.058645403012633324
2026-08-27 01:11:00,0.058645403012633324
2026-08-27 01:12:00,0.058645403012633324
2026-08-27 01:13:00,0.058645403012633324
2026-08-27 01:14:00,0.058645403012633324
2026-08-27 01:15:00,0.05284385662525892
2026-08-27 01:16:00,0.05284385662525892
2026-08-27 01:17:00,0.05284385662525892
2026-08-27 01:18:00,0.05284385662525892
2026-08-27 01:19:00,0.05284385662525892
2026-08-27 01:20:00,0.049980783835053444
2026-08-27 01:21:00,0.049980783835053444
2026-08-27 01:22:00,0.049980783835053444
2026-08-27 01:23:00,0.049980783835053444
2026-08-27 01:24:00,0.049980783835053444
2026-08-27 01:25:00,0.054124259389936924
2026-08-27 01:26:00,0.054124259389936924
2026-08-27 01:27:00,0.054124259389936924
2026-08-27 01:28:00,0.054124259389936924
2026-08-27 01:29:00,0.054124259389936924
2026-08-27 01:30:00,0.06752933841198683
2026-08-27 01:31:00,0.06752933841198683
2026-08-27 01:32:00,0.06752933841198683
2026-08-27 01:33:00,0.06752933841198683
2026-08-27 01:34:00,0.06752933841198683
2026-08-27 01:35:00,0.09147271700203419
2026-08-27 01:36:00,0.09147271700203419
2026-08-27 01:37:00,0.09147271700203419
2026-08-27 01:38:00,0.09147271700203419
2026-08-27 01:39:00,0.09147271700203419
2026-08-27 01:40:00,0.12297778762876987
2026-08-27 01:41:00,0.12297778762876987
2026-08-27 01:42:00,0.12297778762876987
2026-08-27 01:43:00,0.12297778762876987
2026-08-27 01:44:00,0.12297778762876987
2026-08-27 01:45:00,0.14239545911550522
2026-08-27 01:46:00,0.14239545911550522
2026-08-27 01:47:00,0.14239545911550522
2026-08-27 01:48:00,0.14239545911550522
2026-08-27 01:49:00,0.14239545911550522
2026-08-27 01:50:00,0.14018860831856728
2026-08-27 01:51:00,0.14018860831856728
2026-08-27 01:52:00,0.14018860831856728
2026-08-27 01:53:00,0.14018860831856728
2026-08-27 01:54:00,0.14018860831856728
2026-08-27 01:55:00,0.11591556761413813
2026-08-27 01:56:00,0.11591556761413813
2026-08-27 01:57:00,0.11591556761413813
2026-08-27 01:58:00,0.11591556761413813
2026-08-27 01:59:00,0.11591556761413813
2026-08-27 02:00:00,0.08641349151730537
2026-08-27 02:01:00,0.08641349151730537
2026-08-27 02:02:00,0.08641349151730537
2026-08-27 02:03:00,0.08641349151730537
2026-08-27 02:04:00,0.08641349151730537
2026-08-27 02:05:00,0.0633511021733284
2026-08-27 02:06:00,0.0633511021733284
2026-08-27 02:07:00,0.0633511021733284
2026-08-27 02:08:00,0.0633511021733284
2026-08-27 02:09:00,0.0633511021733284
2026-08-27 02:10:00,0.05205387435853481
2026-08-27 02:11:00,0.05205387435853481
2026-08-27 02:12:00,0.05205387435853481
2026-08-27 02:13:00,0.05205387435853481
2026-08-27 02:14:00,0.05205387435853481
2026-08-27 02:15:00,0.05174380633980036
2026-08-27 02:16:00,0.05174380633980036
2026-08-27 02:17:00,0.05174380633980036
2026-08-27 02:18:00,0.05174380633980036
2026-08-27 02:19:00,0.05174380633980036
2026-08-27 02:20:00,0.049619173631072044
2026-08-27 02:21:00,0.049619173631072044
2026-08-27 02:22:00,0.049619173631072044
2026-08-27 02:23:00,0.049619173631072044
2026-08-27 02:24:00,0.049619173631072044
2026-08-27 02:25:00,0.049933009780943394
2026-08-27 02:26:00,0.049933009780943394
2026-08-27 02:27:00,0.049933009780943394
2026-08-27 02:28:00,0.049933009780943394
2026-08-27 02:29:00,0.049933009780943394
2026-08-27 02:30:00,0.050718522630631924
2026-08-27 02:31:00,0.050718522630631924
2026-08-27 02:32:00,0.050718522630631924
2026-08-27 02:33:00,0.050718522630631924
2026-08-27 02:34:00,0.050718522630631924
2026-08-27 02:35:00,0.050215440802276134
2026-08-27 02:36:00,0.050215440802276134
2026-08-27 02:37:00,0.050215440802276134
2026-08-27 02:38:00,0.050215440802276134
2026-08-27 02:39:00,0.050215440802276134
2026-08-27 02:40:00,0.05279893893748522
2026-08-27 02:41:00,0.05279893893748522
2026-08-27 02:42:00,0.05279893893748522
2026-08-27 02:43:00,0.05279893893748522
2026-08-27 02:44:00,0.05279893893748522
2026-08-27 02:45:00,0.05924500711262226
2026-08-27 02:46:00,0.05924500711262226
2026-08-27 02:47:00,0.05924500711262226
2026-08-27 02:48:00,0.05924500711262226
2026-08-27 02:49:00,0.05924500711262226
2026-08-27 02:50:00,0.06247902475297451
2026-08-27 02:51:00,0.06247902475297451
2026-08-27 02:52:00,0.06247902475297451
2026-08-27 02:53:00,0.06247902475297451
2026-08-27 02:54:00,0.06247902475297451
2026-08-27 02:55:00,0.06391179375350475
2026-08-27 02:56:00,0.06391179375350475
2026-08-27 02:57:00,0.06391179375350475
2026-08-27 02:58:00,0.06391179375350475
2026-08-27 02:59:00,0.06391179375350475
2026-08-27 03:00:00,0.06826130487024784
2026-08-27 03:01:00,0.06826130487024784
2026-08-27 03:02:00,0.06826130487024784
2026-08-27 03:03:00,0.06826130487024784
2026-08-27 03:04:00,0.06826130487024784
2026-08-27 03:05:00,0.06669486500322819
2026-08-27 03:06:00,0.06669486500322819
2026-08-27 03:07:00,0.06669486500322819
2026-08-27 03:08:00,0.06669486500322819
2026-08-27 03:09:00,0.06669486500322819
2026-08-27 03:10:00,0.06729810871183872
2026-08-27 03:11:00,0.06729810871183872
2026-08-27 03:12:00,0.06729810871183872
2026-08-27 03:13:00,0.06729810871183872
2026-08-27 03:14:00,0.06729810871183872
2026-08-27 03:15:00,0.0695412140339613
2026-08-27 03:16:00,0.0695412140339613
2026-08-27 03:17:00,0.0695412140339613
2026-08-27 03:18:00,0.0695412140339613
2026-08-27 03:19:00,0.0695412140339613
2026-08-27 03:20:00,0.06627142056822777
2026-08-27 03:21:00,0.06627142056822777
2026-08-27 03:22:00,0.06627142056822777
2026-08-27 03:23:00,0.06627142056822777
2026-08-27 03:24:00,0.06627142056822777
2026-08-27 03:25:00,0.061611760407686234
2026-08-27 03:26:00,0.061611760407686234
2026-08-27 03:27:00,0.061611760407686234
2026-08-27 03:28:00,0.061611760407686234
2026-08-27 03:29:00,0.061611760407686234
2026-08-27 03:30:00,0.053906857036054134
2026-08-27 03:31:00,0.053906857036054134
2026-08-27 03:32:00,0.053906857036054134
2026-08-27 03:33:00,0.053906857036054134
2026-08-27 03:34:00,0.053906857036054134
2026-08-27 03:35:00,0.050376410596072674
2026-08-27 03:36:00,0.050376410596072674
2026-08-27 03:37:00,0.050376410596072674
2026-08-27 03:38:00,0.050376410596072674
2026-08-27 03:39:00,0.050376410596072674
2026-08-27 03:40:00,0.051104472018778324
2026-08-27 03:41:00,0.051104472018778324
2026-08-27 03:42:00,0.051104472018778324
2026-08-27 03:43:00,0.051104472018778324
2026-08-27 03:44:00,0.051104472018778324
2026-08-27 03:45:00,0.05241853650659323
2026-08-27 03:46:00,0.05241853650659323
2026-08-27 03:47:00,0.05241853650659323
2026-08-27 03:48:00,0.05241853650659323
2026-08-27 03:49:00,0.05241853650659323
2026-08-27 03:50:00,0.05454883445054293
2026-08-27 03:51:00,0.05454883445054293
2026-08-27 03:52:00,0.05454883445054293
2026-08-27 03:53:00,0.05454883445054293
2026-08-27 03:54:00,0.05454883445054293
2026-08-27 03:55:00,0.055071525275707245
2026-08-27 03:56:00,0.055071525275707245
2026-08-27 03:57:00,0.055071525275707245
2026-08-27 03:58:00,0.055071525275707245
2026-08-27 03:59:00,0.055071525275707245
2026-08-27 04:00:00,0.050784194841980934
2026-08-27 04:01:00,0.050784194841980934
2026-08-27 04:02:00,0.050784194841980934
2026-08-27 04:03:00,0.050784194841980934
2026-08-27 04:04:00,0.050784194841980934
2026-08-27 04:05:00,0.0504722623154521
2026-08-27 04:06:00,0.0504722623154521
2026-08-27 04:07:00,0.0504722623154521
2026-08-27 04:08:00,0.0504722623154521
2026-08-27 04:09:00,0.0504722623154521
2026-08-27 04:10:00,0.05149315670132637
2026-08-27 04:11:00,0.05149315670132637
2026-08-27 04:12:00,0.05149315670132637
2026-08-27 04:13:00,0.05149315670132637
2026-08-27 04:14:00,0.05149315670132637
2026-08-27 04:15:00,0.049202932976186275
2026-08-27 04:16:00,0.049202932976186275
2026-08-27 04:17:00,0.049202932976186275
2026-08-27 04:18:00,0.049202932976186275
2026-08-27 04:19:00,0.049202932976186275
2026-08-27 04:20:00,0.0473239291459322
2026-08-27 04:21:00,0.0473239291459322
2026-08-27 04:22:00,0.0473239291459322
2026-08-27 04:23:00,0.0473239291459322
2026-08-27 04:24:00,0.0473239291459322
2026-08-27 04:25:00,0.043546429835259914
2026-08-27 04:26:00,0.043546429835259914
2026-08-27 04:27:00,0.043546429835259914
2026-08-27 04:28:00,0.043546429835259914
2026-08-27 04:29:00,0.043546429835259914
2026-08-27 04:30:00,0.1403473699465394
2026-08-27 04:31:00,0.1403473699465394
2026-08-27 04:32:00,0.1403473699465394
2026-08-27 04:33:00,0.1403473699465394
2026-08-27 04:34:00,0.1403473699465394
2026-08-27 04:35:00,0.24026337172836065
2026-08-27 04:36:00,0.24026337172836065
2026-08-27 04:37:00,0.24026337172836065
2026-08-27 04:38:00,0.24026337172836065
2026-08-27 04:39:00,0.24026337172836065
2026-08-27 04:40:00,0.34083057567477226
2026-08-27 04:41:00,0.34083057567477226
2026-08-27 04:42:00,0.34083057567477226
2026-08-27 04:43:00,0.34083057567477226
2026-08-27 04:44:00,0.34083057567477226
2026-08-27 04:45:00,0.4421086013317108
2026-08-27 04:46:00,0.4421086013317108
2026-08-27 04:47:00,0.4421086013317108
2026-08-27 04:48:00,0.4421086013317108
2026-08-27 04:49:00,0.4421086013317108
2026-08-27 04:50:00,0.34361474215984344
2026-08-27 04:51:00,0.34361474215984344
2026-08-27 04:52:00,0.34361474215984344
2026-08-27 04:53:00,0.34361474215984344
2026-08-27 04:54:00,0.34361474215984344
2026-08-27 04:55:00,0.2450903756543994
2026-08-27 04:56:00,0.2450903756543994
2026-08-27 04:57:00,0.2450903756543994
2026-08-27 04:58:00,0.2450903756543994
2026-08-27 04:59:00,0.2450903756543994
2026-08-27 05:00:00,0.15076263342052698
2026-08-27 05:01:00,0.15076263342052698
2026-08-27 05:02:00,0.15076263342052698
2026-08-27 05:03:00,0.15076263342052698
2026-08-27 05:04:00,0.15076263342052698
2026-08-27 05:05:00,0.06013115402311087
2026-08-27 05:06:00,0.06013115402311087
2026-08-27 05:07:00,0.06013115402311087
2026-08-27 05:08:00,0.06013115402311087
2026-08-27 05:09:00,0.06013115402311087
2026-08-27 05:10:00,0.2298424607142806
2026-08-27 05:11:00,0.2298424607142806
2026-08-27 05:12:00,0.2298424607142806
2026-08-27 05:13:00,0.2298424607142806
2026-08-27 05:14:00,0.2298424607142806
2026-08-27 05:15:00,0.3974527232348919
2026-08-27 05:16:00,0.3974527232348919
2026-08-27 05:17:00,0.3974527232348919
2026-08-27 05:18:00,0.3974527232348919
2026-08-27 05:19:00,0.3974527232348919
2026-08-27 05:20:00,0.5627522971481085
2026-08-27 05:21:00,0.5627522971481085
2026-08-27 05:22:00,0.5627522971481085
2026-08-27 05:23:00,0.5627522971481085
2026-08-27 05:24:00,0.5627522971481085
2026-08-27 05:25:00,0.7188401967287064
2026-08-27 05:26:00,0.7188401967287064
2026-08-27 05:27:00,0.7188401967287064
2026-08-27 05:28:00,0.7188401967287064
2026-08-27 05:29:00,0.7188401967287064
2026-08-27 05:30:00,0.5561316981911659
2026-08-27 05:31:00,0.5561316981911659
2026-08-27 05:32:00,0.5561316981911659
2026-08-27 05:33:00,0.5561316981911659
2026-08-27 05:34:00,0.5561316981911659
2026-08-27 05:35:00,0.3954542987048626
2026-08-27 05:36:00,0.3954542987048626
2026-08-27 05:37:00,0.3954542987048626
2026-08-27 05:38:00,0.3954542987048626
2026-08-27 05:39:00,0.3954542987048626
2026-08-27 05:40:00,0.2375121507793665
2026-08-27 05:41:00,0.2375121507793665
2026-08-27 05:42:00,0.2375121507793665
2026-08-27 05:43:00,0.2375121507793665
2026-08-27 05:44:00,0.2375121507793665
2026-08-27 05:45:00,0.08481707237660885
2026-08-27 05:46:00,0.08481707237660885
2026-08-27 05:47:00,0.08481707237660885
2026-08-27 05:48:00,0.08481707237660885
2026-08-27 05:49:00,0.08481707237660885
2026-08-27 05:50:00,0.08162402827292681
2026-08-27 05:51:00,0.08162402827292681
2026-08-27 05:52:00,0.08162402827292681
2026-08-27 05:53:00,0.08162402827292681
2026-08-27 05:54:00,0.08162402827292681
2026-08-27 05:55:00,0.076229153200984
2026-08-27 05:56:00,0.076229153200984
2026-08-27 05:57:00,0.076229153200984
2026-08-27 05:58:00,0.076229153200984
2026-08-27 05:59:00,0.076229153200984
2026-08-27 06:00:00,0.0689441692084074
2026-08-27 06:01:00,0.0689441692084074
2026-08-27 06:02:00,0.0689441692084074
2026-08-27 06:03:00,0.0689441692084074
2026-08-27 06:04:00,0.0689441692084074
2026-08-27 06:05:00,0.06383389234542847
2026-08-27 06:06:00,0.06383389234542847
2026-08-27 06:07:00,0.06383389234542847
2026-08-27 06:08:00,0.06383389234542847
2026-08-27 06:09:00,0.06383389234542847
2026-08-27 06:10:00,0.06663596723228693
2026-08-27 06:11:00,0.06663596723228693
2026-08-27 06:12:00,0.06663596723228693
2026-08-27 06:13:00,0.06663596723228693
2026-08-27 06:14:00,0.06663596723228693
2026-08-27 06:15:00,0.0700431577861309
2026-08-27 06:16:00,0.0700431577861309
2026-08-27 06:17:00,0.0700431577861309
2026-08-27 06:18:00,0.0700431577861309
2026-08-27 06:19:00,0.0700431577861309
2026-08-27 06:20:00,0.07278707437217236
2026-08-27 06:21:00,0.07278707437217236
2026-08-27 06:22:00,0.07278707437217236
2026-08-27 06:23:00,0.07278707437217236
2026-08-27 06:24:00,0.07278707437217236
2026-08-27 06:25:00,0.07226170226931572
2026-08-27 06:26:00,0.07226170226931572
2026-08-27 06:27:00,0.07226170226931572
2026-08-27 06:28:00,0.07226170226931572
2026-08-27 06:29:00,0.07226170226931572
2026-08-27 06:30:00,0.07172193564474583
2026-08-27 06:31:00,0.07172193564474583
2026-08-27 06:32:00,0.07172193564474583
2026-08-27 06:33:00,0.07172193564474583
2026-08-27 06:34:00,0.07172193564474583
2026-08-27 06:35:00,0.07025398034602404
2026-08-27 06:36:00,0.07025398034602404
2026-08-27 06:37:00,0.07025398034602404
2026-08-27 06:38:00,0.07025398034602404
2026-08-27 06:39:00,0.07025398034602404
2026-08-27 06:40:00,0.06611703708767891
2026-08-27 06:41:00,0.06611703708767891
2026-08-27 06:42:00,0.06611703708767891
2026-08-27 06:43:00,0.06611703708767891
2026-08-27 06:44:00,0.06611703708767891
2026-08-27 06:45:00,0.06141685973852873
2026-08-27 06:46:00,0.06141685973852873
2026-08-27 06:47:00,0.06141685973852873
2026-08-27 06:48:00,0.06141685973852873
2026-08-27 06:49:00,0.06141685973852873
2026-08-27 06:50:00,0.06114987004548311
2026-08-27 06:51:00,0.06114987004548311
2026-08-27 06:52:00,0.06114987004548311
2026-08-27 06:53:00,0.06114987004548311
2026-08-27 06:54:00,0.06114987004548311
2026-08-27 06:55:00,0.06564315035939217
2026-08-27 06:56:00,0.06564315035939217
2026-08-27 06:57:00,0.06564315035939217
2026-08-27 06:58:00,0.06564315035939217
2026-08-27 06:59:00,0.06564315035939217
2026-08-27 07:00:00,0.07164851669222116
2026-08-27 07:01:00,0.07164851669222116
2026-08-27 07:02:00,0.07164851669222116
2026-08-27 07:03:00,0.07164851669222116
2026-08-27 07:04:00,0.07164851669222116
2026-08-27 07:05:00,0.0776264164596796
2026-08-27 07:06:00,0.0776264164596796
2026-08-27 07:07:00,0.0776264164596796
2026-08-27 07:08:00,0.0776264164596796
2026-08-27 07:09:00,0.0776264164596796
2026-08-27 07:10:00,0.08088183961808681
2026-08-27 07:11:00,0.08088183961808681
2026-08-27 07:12:00,0.08088183961808681
2026-08-27 07:13:00,0.08088183961808681
2026-08-27 07:14:00,0.08088183961808681
2026-08-27 07:15:00,0.08435443602502346
2026-08-27 07:16:00,0.08435443602502346
2026-08-27 07:17:00,0.08435443602502346
2026-08-27 07:18:00,0.08435443602502346
2026-08-27 07:19:00,0.08435443602502346
2026-08-27 07:20:00,0.09050880186259747
2026-08-27 07:21:00,0.09050880186259747
2026-08-27 07:22:00,0.09050880186259747
2026-08-27 07:23:00,0.09050880186259747
2026-08-27 07:24:00,0.09050880186259747
2026-08-27 07:25:00,0.09370806626975536
2026-08-27 07:26:00,0.09370806626975536
2026-08-27 07:27:00,0.09370806626975536
2026-08-27 07:28:00,0.09370806626975536
2026-08-27 07:29:00,0.09370806626975536
2026-08-27 07:30:00,0.0899522677063942
2026-08-27 07:31:00,0.0899522677063942
2026-08-27 07:32:00,0.0899522677063942
2026-08-27 07:33:00,0.0899522677063942
2026-08-27 07:34:00,0.0899522677063942
2026-08-27 07:35:00,0.08296798542141914
2026-08-27 07:36:00,0.08296798542141914
2026-08-27 07:37:00,0.08296798542141914
2026-08-27 07:38:00,0.08296798542141914
2026-08-27 07:39:00,0.08296798542141914
2026-08-27 07:40:00,0.07853422872722149
2026-08-27 07:41:00,0.07853422872722149
2026-08-27 07:42:00,0.07853422872722149
2026-08-27 07:43:00,0.07853422872722149
2026-08-27 07:44:00,0.07853422872722149
2026-08-27 07:45:00,0.07674547471106052
2026-08-27 07:46:00,0.07674547471106052
2026-08-27 07:47:00,0.07674547471106052
2026-08-27 07:48:00,0.07674547471106052
2026-08-27 07:49:00,0.07674547471106052
2026-08-27 07:50:00,0.07803318835794926
2026-08-27 07:51:00,0.07803318835794926
2026-08-27 07:52:00,0.07803318835794926
2026-08-27 07:53:00,0.07803318835794926
2026-08-27 07:54:00,0.07803318835794926
2026-08-27 07:55:00,0.08089906722307205
2026-08-27 07:56:00,0.08089906722307205
2026-08-27 07:57:00,0.08089906722307205
2026-08-27 07:58:00,0.08089906722307205
2026-08-27 07:59:00,0.08089906722307205
2026-08-27 08:00:00,0.07122418936342001
2026-08-27 08:01:00,0.07122418936342001
2026-08-27 08:02:00,0.07122418936342001
2026-08-27 08:03:00,0.07122418936342001
2026-08-27 08:04:00,0.07122418936342001
2026-08-27 08:05:00,0.061864553950726986
2026-08-27 08:06:00,0.061864553950726986
2026-08-27 08:07:00,0.061864553950726986
2026-08-27 08:08:00,0.061864553950726986
2026-08-27 08:09:00,0.061864553950726986
2026-08-27 08:10:00,0.055379305966198444
2026-08-27 08:11:00,0.055379305966198444
2026-08-27 08:12:00,0.055379305966198444
2026-08-27 08:13:00,0.055379305966198444
2026-08-27 08:14:00,0.055379305966198444
2026-08-27 08:15:00,0.04653598554432392
2026-08-27 08:16:00,0.04653598554432392
2026-08-27 08:17:00,0.04653598554432392
2026-08-27 08:18:00,0.04653598554432392
2026-08-27 08:19:00,0.04653598554432392
2026-08-27 08:20:00,0.04743925388902426
2026-08-27 08:21:00,0.04743925388902426
2026-08-27 08:22:00,0.04743925388902426
2026-08-27 08:23:00,0.04743925388902426
2026-08-27 08:24:00,0.04743925388902426
2026-08-27 08:25:00,0.05187969747930765
2026-08-27 08:26:00,0.05187969747930765
2026-08-27 08:27:00,0.05187969747930765
2026-08-27 08:28:00,0.05187969747930765
2026-08-27 08:29:00,0.05187969747930765
2026-08-27 08:30:00,0.062427506782114506
2026-08-27 08:31:00,0.062427506782114506
2026-08-27 08:32:00,0.062427506782114506
2026-08-27 08:33:00,0.062427506782114506
2026-08-27 08:34:00,0.062427506782114506
2026-08-27 08:35:00,0.0703190490603447
2026-08-27 08:36:00,0.0703190490603447
2026-08-27 08:37:00,0.0703190490603447
2026-08-27 08:38:00,0.0703190490603447
2026-08-27 08:39:00,0.0703190490603447
2026-08-27 08:40:00,0.07262921147048473
2026-08-27 08:41:00,0.07262921147048473
2026-08-27 08:42:00,0.07262921147048473
2026-08-27 08:43:00,0.07262921147048473
2026-08-27 08:44:00,0.07262921147048473
2026-08-27 08:45:00,0.0724739097058773
2026-08-27 08:46:00,0.0724739097058773
2026-08-27 08:47:00,0.0724739097058773
2026-08-27 08:48:00,0.0724739097058773
2026-08-27 08:49:00,0.0724739097058773
2026-08-27 08:50:00,0.06858917884528637
2026-08-27 08:51:00,0.06858917884528637
2026-08-27 08:52:00,0.06858917884528637
2026-08-27 08:53:00,0.06858917884528637
2026-08-27 08:54:00,0.06858917884528637
2026-08-27 08:55:00,0.06841909699141979
2026-08-27 08:56:00,0.06841909699141979
2026-08-27 08:57:00,0.06841909699141979
2026-08-27 08:58:00,0.06841909699141979
2026-08-27 08:59:00,0.06841909699141979
2026-08-27 09:00:00,0.06664030347019434
2026-08-27 09:01:00,0.06664030347019434
2026-08-27 09:02:00,0.06664030347019434
2026-08-27 09:03:00,0.06664030347019434
2026-08-27 09:04:00,0.06664030347019434
2026-08-27 09:05:00,0.061708858236670494
2026-08-27 09:06:00,0.061708858236670494
2026-08-27 09:07:00,0.061708858236670494
2026-08-27 09:08:00,0.061708858236670494
2026-08-27 09:09:00,0.061708858236670494
2026-08-27 09:10:00,0.05720809381455183
2026-08-27 09:11:00,0.05720809381455183
2026-08-27 09:12:00,0.05720809381455183
2026-08-27 09:13:00,0.05720809381455183
2026-08-27 09:14:00,0.05720809381455183
2026-08-27 09:15:00,0.05449933558702469
2026-08-27 09:16:00,0.05449933558702469
2026-08-27 09:17:00,0.05449933558702469
2026-08-27 09:18:00,0.05449933558702469
2026-08-27 09:19:00,0.05449933558702469
2026-08-27 09:20:00,0.050382234156131744
2026-08-27 09:21:00,0.050382234156131744
2026-08-27 09:22:00,0.050382234156131744
2026-08-27 09:23:00,0.050382234156131744
2026-08-27 09:24:00,0.050382234156131744
2026-08-27 09:25:00,0.04787289630621672
2026-08-27 09:26:00,0.04787289630621672
2026-08-27 09:27:00,0.04787289630621672
2026-08-27 09:28:00,0.04787289630621672
2026-08-27 09:29:00,0.04787289630621672
2026-08-27 09:30:00,0.042957027442753315
2026-08-27 09:31:00,0.042957027442753315
2026-08-27 09:32:00,0.042957027442753315
2026-08-27 09:33:00,0.042957027442753315
2026-08-27 09:34:00,0.042957027442753315
2026-08-27 09:35:00,0.03776728920638561
2026-08-27 09:36:00,0.03776728920638561
2026-08-27 09:37:00,0.03776728920638561
2026-08-27 09:38:00,0.03776728920638561
2026-08-27 09:39:00,0.03776728920638561
2026-08-27 09:40:00,0.03872113488614559
2026-08-27 09:41:00,0.03872113488614559
2026-08-27 09:42:00,0.03872113488614559
2026-08-27 09:43:00,0.03872113488614559
2026-08-27 09:44:00,0.03872113488614559
2026-08-27 09:45:00,0.04183575604110956
2026-08-27 09:46:00,0.04183575604110956
2026-08-27 09:47:00,0.04183575604110956
2026-08-27 09:48:00,0.04183575604110956
2026-08-27 09:49:00,0.04183575604110956
2026-08-27 09:50:00,0.047118665650486946
2026-08-27 09:51:00,0.047118665650486946
2026-08-27 09:52:00,0.047118665650486946
2026-08-27 09:53:00,0.047118665650486946
2026-08-27 09:54:00,0.047118665650486946
2026-08-27 09:55:00,0.04890121705830097
2026-08-27 09:56:00,0.04890121705830097
2026-08-27 09:57:00,0.04890121705830097
2026-08-27 09:58:00,0.04890121705830097
2026-08-27 09:59:00,0.04890121705830097
2026-08-27 10:00:00,0.05282591376453638
2026-08-27 10:01:00,0.05282591376453638
2026-08-27 10:02:00,0.05282591376453638
2026-08-27 10:03:00,0.05282591376453638
2026-08-27 10:04:00,0.05282591376453638
2026-08-27 10:05:00,0.056835463270545006
2026-08-27 10:06:00,0.056835463270545006
2026-08-27 10:07:00,0.056835463270545006
2026-08-27 10:08:00,0.056835463270545006
2026-08-27 10:09:00,0.056835463270545006
2026-08-27 10:10:00,0.05794677697122097
2026-08-27 10:11:00,0.05794677697122097
2026-08-27 10:12:00,0.05794677697122097
2026-08-27 10:13:00,0.05794677697122097
2026-08-27 10:14:00,0.05794677697122097
2026-08-27 10:15:00,0.06228903494775295
2026-08-27 10:16:00,0.06228903494775295
2026-08-27 10:17:00,0.06228903494775295
2026-08-27 10:18:00,0.06228903494775295
2026-08-27 10:19:00,0.06228903494775295
2026-08-27 10:20:00,0.05934415478259325
2026-08-27 10:21:00,0.05934415478259325
2026-08-27 10:22:00,0.05934415478259325
2026-08-27 10:23:00,0.05934415478259325
2026-08-27 10:24:00,0.05934415478259325
2026-08-27 10:25:00,0.05092140566557646
2026-08-27 10:26:00,0.05092140566557646
2026-08-27 10:27:00,0.05092140566557646
2026-08-27 10:28:00,0.05092140566557646
2026-08-27 10:29:00,0.05092140566557646
2026-08-27 10:30:00,0.04330422356724739
2026-08-27 10:31:00,0.04330422356724739
2026-08-27 10:32:00,0.04330422356724739
2026-08-27 10:33:00,0.04330422356724739
2026-08-27 10:34:00,0.04330422356724739
2026-08-27 10:35:00,0.0338071808218956
2026-08-27 10:36:00,0.0338071808218956
2026-08-27 10:37:00,0.0338071808218956
2026-08-27 10:38:00,0.0338071808218956
2026-08-27 10:39:00,0.0338071808218956
2026-08-27 10:40:00,0.03069357480853796
2026-08-27 10:41:00,0.03069357480853796
2026-08-27 10:42:00,0.03069357480853796
2026-08-27 10:43:00,0.03069357480853796
2026-08-27 10:44:00,0.03069357480853796
2026-08-27 10:45:00,0.03268986474722624
2026-08-27 10:46:00,0.03268986474722624
2026-08-27 10:47:00,0.03268986474722624
2026-08-27 10:48:00,0.03268986474722624
2026-08-27 10:49:00,0.03268986474722624
2026-08-27 10:50:00,0.03652395121753216
2026-08-27 10:51:00,0.03652395121753216
2026-08-27 10:52:00,0.03652395121753216
2026-08-27 10:53:00,0.03652395121753216
2026-08-27 10:54:00,0.03652395121753216
2026-08-27 10:55:00,0.04015207663178444
2026-08-27 10:56:00,0.04015207663178444
2026-08-27 10:57:00,0.04015207663178444
2026-08-27 10:58:00,0.04015207663178444
2026-08-27 10:59:00,0.04015207663178444
2026-08-27 11:00:00,0.041693754494190216
2026-08-27 11:01:00,0.041693754494190216
2026-08-27 11:02:00,0.041693754494190216
2026-08-27 11:03:00,0.041693754494190216
2026-08-27 11:04:00,0.041693754494190216
2026-08-27 11:05:00,0.04437540844082832
2026-08-27 11:06:00,0.04437540844082832
2026-08-27 11:07:00,0.04437540844082832
2026-08-27 11:08:00,0.04437540844082832
2026-08-27 11:09:00,0.04437540844082832
2026-08-27 11:10:00,0.04348798841238022
2026-08-27 11:11:00,0.04348798841238022
2026-08-27 11:12:00,0.04348798841238022
2026-08-27 11:13:00,0.04348798841238022
2026-08-27 11:14:00,0.04348798841238022
2026-08-27 11:15:00,0.04317903984338045
2026-08-27 11:16:00,0.04317903984338045
2026-08-27 11:17:00,0.04317903984338045
2026-08-27 11:18:00,0.04317903984338045
2026-08-27 11:19:00,0.04317903984338045
2026-08-27 11:20:00,0.041729195043444633
2026-08-27 11:21:00,0.041729195043444633
2026-08-27 11:22:00,0.041729195043444633
2026-08-27 11:23:00,0.041729195043444633
2026-08-27 11:24:00,0.041729195043444633
2026-08-27 11:25:00,0.03832865133881569
2026-08-27 11:26:00,0.03832865133881569
2026-08-27 11:27:00,0.03832865133881569
2026-08-27 11:28:00,0.03832865133881569
2026-08-27 11:29:00,0.03832865133881569
2026-08-27 11:30:00,0.035010133869946
2026-08-27 11:31:00,0.035010133869946
2026-08-27 11:32:00,0.035010133869946
2026-08-27 11:33:00,0.035010133869946
2026-08-27 11:34:00,0.035010133869946
2026-08-27 11:35:00,0.05646056681871414
2026-08-27 11:36:00,0.05646056681871414
2026-08-27 11:37:00,0.05646056681871414
2026-08-27 11:38:00,0.05646056681871414
2026-08-27 11:39:00,0.05646056681871414
2026-08-27 11:40:00,0.08033769857138395
2026-08-27 11:41:00,0.08033769857138395
2026-08-27 11:42:00,0.08033769857138395
2026-08-27 11:43:00,0.08033769857138395
2026-08-27 11:44:00,0.08033769857138395
2026-08-27 11:45:00,0.10534337442368269
2026-08-27 11:46:00,0.10534337442368269
2026-08-27 11:47:00,0.10534337442368269
2026-08-27 11:48:00,0.10534337442368269
2026-08-27 11:49:00,0.10534337442368269
2026-08-27 11:50:00,0.1313823238015175
2026-08-27 11:51:00,0.1313823238015175
2026-08-27 11:52:00,0.1313823238015175
2026-08-27 11:53:00,0.1313823238015175
2026-08-27 11:54:00,0.1313823238015175
2026-08-27 11:55:00,0.1127918642014265
2026-08-27 11:56:00,0.1127918642014265
2026-08-27 11:57:00,0.1127918642014265
2026-08-27 11:58:00,0.1127918642014265
2026-08-27 11:59:00,0.1127918642014265
2026-08-27 12:00:00,0.09307463653385639
2026-08-27 12:01:00,0.09307463653385639
2026-08-27 12:02:00,0.09307463653385639
2026-08-27 12:03:00,0.09307463653385639
2026-08-27 12:04:00,0.09307463653385639
2026-08-27 12:05:00,0.07117383927106857
2026-08-27 12:06:00,0.07117383927106857
2026-08-27 12:07:00,0.07117383927106857
2026-08-27 12:08:00,0.07117383927106857
2026-08-27 12:09:00,0.07117383927106857
2026-08-27 12:10:00,0.05071249231696129
2026-08-27 12:11:00,0.05071249231696129
2026-08-27 12:12:00,0.05071249231696129
2026-08-27 12:13:00,0.05071249231696129
2026-08-27 12:14:00,0.05071249231696129
2026-08-27 12:15:00,0.04769005533307791
2026-08-27 12:16:00,0.04769005533307791
2026-08-27 12:17:00,0.04769005533307791
2026-08-27 12:18:00,0.04769005533307791
2026-08-27 12:19:00,0.04769005533307791
2026-08-27 12:20:00,0.04547968599945307
2026-08-27 12:21:00,0.04547968599945307
2026-08-27 12:22:00,0.04547968599945307
2026-08-27 12:23:00,0.04547968599945307
2026-08-27 12:24:00,0.04547968599945307
2026-08-27 12:25:00,0.04268354829400778
2026-08-27 12:26:00,0.04268354829400778
2026-08-27 12:27:00,0.04268354829400778
2026-08-27 12:28:00,0.04268354829400778
2026-08-27 12:29:00,0.04268354829400778
2026-08-27 12:30:00,0.039793143048882484
2026-08-27 12:31:00,0.039793143048882484
2026-08-27 12:32:00,0.039793143048882484
2026-08-27 12:33:00,0.039793143048882484
2026-08-27 12:34:00,0.039793143048882484
2026-08-27 12:35:00,0.16173467133194208
2026-08-27 12:36:00,0.16173467133194208
2026-08-27 12:37:00,0.16173467133194208
2026-08-27 12:38:00,0.16173467133194208
2026-08-27 12:39:00,0.16173467133194208
2026-08-27 12:40:00,0.28434407990425825
2026-08-27 12:41:00,0.28434407990425825
2026-08-27 12:42:00,0.28434407990425825
2026-08-27 12:43:00,0.28434407990425825
2026-08-27 12:44:00,0.28434407990425825
2026-08-27 12:45:00,0.40873176138848066
2026-08-27 12:46:00,0.40873176138848066
2026-08-27 12:47:00,0.40873176138848066
2026-08-27 12:48:00,0.40873176138848066
2026-08-27 12:49:00,0.40873176138848066
2026-08-27 12:50:00,0.5303378403186798
2026-08-27 12:51:00,0.5303378403186798
2026-08-27 12:52:00,0.5303378403186798
2026-08-27 12:53:00,0.5303378403186798
2026-08-27 12:54:00,0.5303378403186798
2026-08-27 12:55:00,0.4128124564886093
2026-08-27 12:56:00,0.4128124564886093
2026-08-27 12:57:00,0.4128124564886093
2026-08-27 12:58:00,0.4128124564886093
2026-08-27 12:59:00,0.4128124564886093
2026-08-27 13:00:00,0.2941765645518899
2026-08-27 13:01:00,0.2941765645518899
2026-08-27 13:02:00,0.2941765645518899
2026-08-27 13:03:00,0.2941765645518899
2026-08-27 13:04:00,0.2941765645518899
2026-08-27 13:05:00,0.17488647159188986
2026-08-27 13:06:00,0.17488647159188986
2026-08-27 13:07:00,0.17488647159188986
2026-08-27 13:08:00,0.17488647159188986
2026-08-27 13:09:00,0.17488647159188986
2026-08-27 13:10:00,0.0585357416421175
2026-08-27 13:11:00,0.0585357416421175
2026-08-27 13:12:00,0.0585357416421175
2026-08-27 13:13:00,0.0585357416421175
2026-08-27 13:14:00,0.0585357416421175
2026-08-27 13:15:00,0.060171497985720634
2026-08-27 13:16:00,0.060171497985720634
2026-08-27 13:17:00,0.060171497985720634
2026-08-27 13:18:00,0.060171497985720634
2026-08-27 13:19:00,0.060171497985720634
2026-08-27 13:20:00,0.06154374312609434
2026-08-27 13:21:00,0.06154374312609434
2026-08-27 13:22:00,0.06154374312609434
2026-08-27 13:23:00,0.06154374312609434
2026-08-27 13:24:00,0.06154374312609434
2026-08-27 13:25:00,0.063365095295012
2026-08-27 13:26:00,0.063365095295012
2026-08-27 13:27:00,0.063365095295012
2026-08-27 13:28:00,0.063365095295012
2026-08-27 13:29:00,0.063365095295012
2026-08-27 13:30:00,0.06602887995541096
2026-08-27 13:31:00,0.06602887995541096
2026-08-27 13:32:00,0.06602887995541096
2026-08-27 13:33:00,0.06602887995541096
2026-08-27 13:34:00,0.06602887995541096
2026-08-27 13:35:00,0.07039186172187328
2026-08-27 13:36:00,0.07039186172187328
2026-08-27 13:37:00,0.07039186172187328
2026-08-27 13:38:00,0.07039186172187328
2026-08-27 13:39:00,0.07039186172187328
2026-08-27 13:40:00,0.07390476576983929
2026-08-27 13:41:00,0.07390476576983929
2026-08-27 13:42:00,0.07390476576983929
2026-08-27 13:43:00,0.07390476576983929
2026-08-27 13:44:00,0.07390476576983929
2026-08-27 13:45:00,0.07471930608153343
2026-08-27 13:46:00,0.07471930608153343
2026-08-27 13:47:00,0.07471930608153343
2026-08-27 13:48:00,0.07471930608153343
2026-08-27 13:49:00,0.07471930608153343
2026-08-27 13:50:00,0.07509059831500053
2026-08-27 13:51:00,0.07509059831500053
2026-08-27 13:52:00,0.07509059831500053
2026-08-27 13:53:00,0.07509059831500053
2026-08-27 13:54:00,0.07509059831500053
2026-08-27 13:55:00,0.07100044190883636
2026-08-27 13:56:00,0.07100044190883636
2026-08-27 13:57:00,0.07100044190883636
2026-08-27 13:58:00,0.07100044190883636
2026-08-27 13:59:00,0.07100044190883636
2026-08-27 14:00:00,0.07004524022340775
2026-08-27 14:01:00,0.07004524022340775
2026-08-27 14:02:00,0.07004524022340775
2026-08-27 14:03:00,0.07004524022340775
2026-08-27 14:04:00,0.07004524022340775
2026-08-27 14:05:00,0.07529184594750404
2026-08-27 14:06:00,0.07529184594750404
2026-08-27 14:07:00,0.07529184594750404
2026-08-27 14:08:00,0.07529184594750404
2026-08-27 14:09:00,0.07529184594750404
2026-08-27 14:10:00,0.07872259058058262
2026-08-27 14:11:00,0.07872259058058262
2026-08-27 14:12:00,0.07872259058058262
2026-08-27 14:13:00,0.07872259058058262
2026-08-27 14:14:00,0.07872259058058262
2026-08-27 14:15:00,0.0870965700596571
2026-08-27 14:16:00,0.0870965700596571
2026-08-27 14:17:00,0.0870965700596571
2026-08-27 14:18:00,0.0870965700596571
2026-08-27 14:19:00,0.0870965700596571
2026-08-27 14:20:00,0.09166733548045158
2026-08-27 14:21:00,0.09166733548045158
2026-08-27 14:22:00,0.09166733548045158
2026-08-27 14:23:00,0.09166733548045158
2026-08-27 14:24:00,0.09166733548045158
2026-08-27 14:25:00,0.08423908334225416
2026-08-27 14:26:00,0.08423908334225416
2026-08-27 14:27:00,0.08423908334225416
2026-08-27 14:28:00,0.08423908334225416
2026-08-27 14:29:00,0.08423908334225416
2026-08-27 14:30:00,0.07796359527856112
2026-08-27 14:31:00,0.07796359527856112
2026-08-27 14:32:00,0.07796359527856112
2026-08-27 14:33:00,0.07796359527856112
2026-08-27 14:34:00,0.07796359527856112
2026-08-27 14:35:00,0.06450582109391689
2026-08-27 14:36:00,0.06450582109391689
2026-08-27 14:37:00,0.06450582109391689
2026-08-27 14:38:00,0.06450582109391689
2026-08-27 14:39:00,0.06450582109391689
2026-08-27 14:40:00,0.05506847891956568
2026-08-27 14:41:00,0.05506847891956568
2026-08-27 14:42:00,0.05506847891956568
2026-08-27 14:43:00,0.05506847891956568
2026-08-27 14:44:00,0.05506847891956568
2026-08-27 14:45:00,0.05238761566579342
2026-08-27 14:46:00,0.05238761566579342
2026-08-27 14:47:00,0.05238761566579342
2026-08-27 14:48:00,0.05238761566579342
2026-08-27 14:49:00,0.05238761566579342
2026-08-27 14:50:00,0.05045754183083773
2026-08-27 14:51:00,0.05045754183083773
2026-08-27 14:52:00,0.05045754183083773
2026-08-27 14:53:00,0.05045754183083773
2026-08-27 14:54:00,0.05045754183083773
2026-08-27 14:55:00,0.05196407902985811
2026-08-27 14:56:00,0.05196407902985811
2026-08-27 14:57:00,0.05196407902985811
2026-08-27 14:58:00,0.05196407902985811
2026-08-27 14:59:00,0.05196407902985811
2026-08-27 15:00:00,0.04940517898648977
2026-08-27 15:01:00,0.04940517898648977
2026-08-27 15:02:00,0.04940517898648977
2026-08-27 15:03:00,0.04940517898648977
2026-08-27 15:04:00,0.04940517898648977
2026-08-27 15:05:00,0.0510845510289073
2026-08-27 15:06:00,0.0510845510289073
2026-08-27 15:07:00,0.0510845510289073
2026-08-27 15:08:00,0.0510845510289073
2026-08-27 15:09:00,0.0510845510289073
2026-08-27 15:10:00,0.04619202483445406
2026-08-27 15:11:00,0.04619202483445406
2026-08-27 15:12:00,0.04619202483445406
2026-08-27 15:13:00,0.04619202483445406
2026-08-27 15:14:00,0.04619202483445406
2026-08-27 15:15:00,0.04367814678698778
2026-08-27 15:16:00,0.04367814678698778
2026-08-27 15:17:00,0.04367814678698778
2026-08-27 15:18:00,0.04367814678698778
2026-08-27 15:19:00,0.04367814678698778
2026-08-27 15:20:00,0.044615029357373714
2026-08-27 15:21:00,0.044615029357373714
2026-08-27 15:22:00,0.044615029357373714
2026-08-27 15:23:00,0.044615029357373714
2026-08-27 15:24:00,0.044615029357373714
2026-08-27 15:25:00,0.04454388748854399
2026-08-27 15:26:00,0.04454388748854399
2026-08-27 15:27:00,0.04454388748854399
2026-08-27 15:28:00,0.04454388748854399
2026-08-27 15:29:00,0.04454388748854399
2026-08-27 15:30:00,0.05154068861156702
2026-08-27 15:31:00,0.05154068861156702
2026-08-27 15:32:00,0.05154068861156702
2026-08-27 15:33:00,0.05154068861156702
2026-08-27 15:34:00,0.05154068861156702
2026-08-27 15:35:00,0.053911843337118626
2026-08-27 15:36:00,0.053911843337118626
2026-08-27 15:37:00,0.053911843337118626
2026-08-27 15:38:00,0.053911843337118626
2026-08-27 15:39:00,0.053911843337118626
2026-08-27 15:40:00,0.05099378526210785
2026-08-27 15:41:00,0.05099378526210785
2026-08-27 15:42:00,0.05099378526210785
2026-08-27 15:43:00,0.05099378526210785
2026-08-27 15:44:00,0.05099378526210785
2026-08-27 15:45:00,0.04626673087477684
2026-08-27 15:46:00,0.04626673087477684
2026-08-27 15:47:00,0.04626673087477684
2026-08-27 15:48:00,0.04626673087477684
2026-08-27 15:49:00,0.04626673087477684
2026-08-27 15:50:00,0.04628870636224747
2026-08-27 15:51:00,0.04628870636224747
2026-08-27 15:52:00,0.04628870636224747
2026-08-27 15:53:00,0.04628870636224747
2026-08-27 15:54:00,0.04628870636224747
2026-08-27 15:55:00,0.04571032430976629
2026-08-27 15:56:00,0.04571032430976629
2026-08-27 15:57:00,0.04571032430976629
2026-08-27 15:58:00,0.04571032430976629
2026-08-27 15:59:00,0.04571032430976629
2026-08-27 16:00:00,0.05598561745136976
2026-08-27 16:01:00,0.05598561745136976
2026-08-27 16:02:00,0.05598561745136976
2026-08-27 16:03:00,0.05598561745136976
2026-08-27 16:04:00,0.05598561745136976
2026-08-27 16:05:00,0.06739201862365007
2026-08-27 16:06:00,0.06739201862365007
2026-08-27 16:07:00,0.06739201862365007
2026-08-27 16:08:00,0.06739201862365007
2026-08-27 16:09:00,0.06739201862365007
2026-08-27 16:10:00,0.07392491400241852
2026-08-27 16:11:00,0.07392491400241852
2026-08-27 16:12:00,0.07392491400241852
2026-08-27 16:13:00,0.07392491400241852
2026-08-27 16:14:00,0.07392491400241852
2026-08-27 16:15:00,0.08548512682318687
2026-08-27 16:16:00,0.08548512682318687
2026-08-27 16:17:00,0.08548512682318687
2026-08-27 16:18:00,0.08548512682318687
2026-08-27 16:19:00,0.08548512682318687
2026-08-27 16:20:00,0.08402667194604874
2026-08-27 16:21:00,0.08402667194604874
2026-08-27 16:22:00,0.08402667194604874
2026-08-27 16:23:00,0.08402667194604874
2026-08-27 16:24:00,0.08402667194604874
2026-08-27 16:25:00,0.08492341451346874
2026-08-27 16:26:00,0.08492341451346874
2026-08-27 16:27:00,0.08492341451346874
2026-08-27 16:28:00,0.08492341451346874
2026-08-27 16:29:00,0.08492341451346874
2026-08-27 16:30:00,0.07910718955099583
2026-08-27 16:31:00,0.07910718955099583
2026-08-27 16:32:00,0.07910718955099583
2026-08-27 16:33:00,0.07910718955099583
2026-08-27 16:34:00,0.07910718955099583
2026-08-27 16:35:00,0.06893032509833574
2026-08-27 16:36:00,0.06893032509833574
2026-08-27 16:37:00,0.06893032509833574
2026-08-27 16:38:00,0.06893032509833574
2026-08-27 16:39:00,0.06893032509833574
2026-08-27 16:40:00,0.06338951271027327
2026-08-27 16:41:00,0.06338951271027327
2026-08-27 16:42:00,0.06338951271027327
2026-08-27 16:43:00,0.06338951271027327
2026-08-27 16:44:00,0.06338951271027327
2026-08-27 16:45:00,0.054898313246667385
2026-08-27 16:46:00,0.054898313246667385
2026-08-27 16:47:00,0.054898313246667385
2026-08-27 16:48:00,0.054898313246667385
2026-08-27 16:49:00,0.054898313246667385
2026-08-27 16:50:00,0.04984201677143574
2026-08-27 16:51:00,0.04984201677143574
2026-08-27 16:52:00,0.04984201677143574
2026-08-27 16:53:00,0.04984201677143574
2026-08-27 16:54:00,0.04984201677143574
2026-08-27 16:55:00,0.046776111237704754
2026-08-27 16:56:00,0.046776111237704754
2026-08-27 16:57:00,0.046776111237704754
2026-08-27 16:58:00,0.046776111237704754
2026-08-27 16:59:00,0.046776111237704754
2026-08-27 17:00:00,0.044870791025459766
2026-08-27 17:01:00,0.044870791025459766
2026-08-27 17:02:00,0.044870791025459766
2026-08-27 17:03:00,0.044870791025459766
2026-08-27 17:04:00,0.044870791025459766
2026-08-27 17:05:00,0.04746190179139376
2026-08-27 17:06:00,0.04746190179139376
2026-08-27 17:07:00,0.04746190179139376
2026-08-27 17:08:00,0.04746190179139376
2026-08-27 17:09:00,0.04746190179139376
2026-08-27 17:10:00,0.05635218694806099
2026-08-27 17:11:00,0.05635218694806099
2026-08-27 17:12:00,0.05635218694806099
2026-08-27 17:13:00,0.05635218694806099
2026-08-27 17:14:00,0.05635218694806099
2026-08-27 17:15:00,0.06714235432446003
2026-08-27 17:16:00,0.06714235432446003
2026-08-27 17:17:00,0.06714235432446003
2026-08-27 17:18:00,0.06714235432446003
2026-08-27 17:19:00,0.06714235432446003
2026-08-27 17:20:00,0.07851642929017544
2026-08-27 17:21:00,0.07851642929017544
2026-08-27 17:22:00,0.07851642929017544
2026-08-27 17:23:00,0.07851642929017544
2026-08-27 17:24:00,0.07851642929017544
2026-08-27 17:25:00,0.07984689623117447
2026-08-27 17:26:00,0.07984689623117447
2026-08-27 17:27:00,0.07984689623117447
2026-08-27 17:28:00,0.07984689623117447
2026-08-27 17:29:00,0.07984689623117447
2026-08-27 17:30:00,0.07073825970292091
2026-08-27 17:31:00,0.07073825970292091
2026-08-27 17:32:00,0.07073825970292091
2026-08-27 17:33:00,0.07073825970292091
2026-08-27 17:34:00,0.07073825970292091
2026-08-27 17:35:00,0.05852508079260588
2026-08-27 17:36:00,0.05852508079260588
2026-08-27 17:37:00,0.05852508079260588
2026-08-27 17:38:00,0.05852508079260588
2026-08-27 17:39:00,0.05852508079260588
2026-08-27 17:40:00,0.046908785589039326
2026-08-27 17:41:00,0.046908785589039326
2026-08-27 17:42:00,0.046908785589039326
2026-08-27 17:43:00,0.046908785589039326
2026-08-27 17:44:00,0.046908785589039326
2026-08-27 17:45:00,0.04176207073032856
2026-08-27 17:46:00,0.04176207073032856
2026-08-27 17:47:00,0.04176207073032856
2026-08-27 17:48:00,0.04176207073032856
2026-08-27 17:49:00,0.04176207073032856
2026-08-27 17:50:00,0.04348271060734987
2026-08-27 17:51:00,0.04348271060734987
2026-08-27 17:52:00,0.04348271060734987
2026-08-27 17:53:00,0.04348271060734987
2026-08-27 17:54:00,0.04348271060734987
2026-08-27 17:55:00,0.04790590610355139
2026-08-27 17:56:00,0.04790590610355139
2026-08-27 17:57:00,0.04790590610355139
2026-08-27 17:58:00,0.04790590610355139
2026-08-27 17:59:00,0.04790590610355139
2026-08-27 18:00:00,0.04848200920969248
2026-08-27 18:01:00,0.04848200920969248
2026-08-27 18:02:00,0.04848200920969248
2026-08-27 18:03:00,0.04848200920969248
2026-08-27 18:04:00,0.04848200920969248
2026-08-27 18:05:00,0.04516948573291302
2026-08-27 18:06:00,0.04516948573291302
2026-08-27 18:07:00,0.04516948573291302
2026-08-27 18:08:00,0.04516948573291302
2026-08-27 18:09:00,0.04516948573291302
2026-08-27 18:10:00,0.044454263523221016
2026-08-27 18:11:00,0.044454263523221016
2026-08-27 18:12:00,0.044454263523221016
2026-08-27 18:13:00,0.044454263523221016
2026-08-27 18:14:00,0.044454263523221016
2026-08-27 18:15:00,0.043220375664532185
2026-08-27 18:16:00,0.043220375664532185
2026-08-27 18:17:00,0.043220375664532185
2026-08-27 18:18:00,0.043220375664532185
2026-08-27 18:19:00,0.043220375664532185
2026-08-27 18:20:00,0.04333283845335245
2026-08-27 18:21:00,0.04333283845335245
2026-08-27 18:22:00,0.04333283845335245
2026-08-27 18:23:00,0.04333283845335245
2026-08-27 18:24:00,0.04333283845335245
2026-08-27 18:25:00,0.04723295848816633
2026-08-27 18:26:00,0.04723295848816633
2026-08-27 18:27:00,0.04723295848816633
2026-08-27 18:28:00,0.04723295848816633
2026-08-27 18:29:00,0.04723295848816633
2026-08-27 18:30:00,0.050822699442505836
2026-08-27 18:31:00,0.050822699442505836
2026-08-27 18:32:00,0.050822699442505836
2026-08-27 18:33:00,0.050822699442505836
2026-08-27 18:34:00,0.050822699442505836
2026-08-27 18:35:00,0.05230569466948509
2026-08-27 18:36:00,0.05230569466948509
2026-08-27 18:37:00,0.05230569466948509
2026-08-27 18:38:00,0.05230569466948509
2026-08-27 18:39:00,0.05230569466948509
2026-08-27 18:40:00,0.05389820225536823
2026-08-27 18:41:00,0.05389820225536823
2026-08-27 18:42:00,0.05389820225536823
2026-08-27 18:43:00,0.05389820225536823
2026-08-27 18:44:00,0.05389820225536823
2026-08-27 18:45:00,0.05266204569488764
2026-08-27 18:46:00,0.05266204569488764
2026-08-27 18:47:00,0.05266204569488764
2026-08-27 18:48:00,0.05266204569488764
2026-08-27 18:49:00,0.05266204569488764
2026-08-27 18:50:00,0.052509414963424206
2026-08-27 18:51:00,0.052509414963424206
2026-08-27 18:52:00,0.052509414963424206
2026-08-27 18:53:00,0.052509414963424206
2026-08-27 18:54:00,0.052509414963424206
2026-08-27 18:55:00,0.0550788464024663
2026-08-27 18:56:00,0.0550788464024663
2026-08-27 18:57:00,0.0550788464024663
2026-08-27 18:58:00,0.0550788464024663
2026-08-27 18:59:00,0.0550788464024663
2026-08-27 19:00:00,0.06674505490809679
2026-08-27 19:01:00,0.06674505490809679
2026-08-27 19:02:00,0.06674505490809679
2026-08-27 19:03:00,0.06674505490809679
2026-08-27 19:04:00,0.06674505490809679
2026-08-27 19:05:00,0.07884017191827297
2026-08-27 19:06:00,0.07884017191827297
2026-08-27 19:07:00,0.07884017191827297
2026-08-27 19:08:00,0.07884017191827297
2026-08-27 19:09:00,0.07884017191827297
2026-08-27 19:10:00,0.08195633068680763
2026-08-27 19:11:00,0.08195633068680763
2026-08-27 19:12:00,0.08195633068680763
2026-08-27 19:13:00,0.08195633068680763
2026-08-27 19:14:00,0.08195633068680763
2026-08-27 19:15:00,0.07785845175385475
2026-08-27 19:16:00,0.07785845175385475
2026-08-27 19:17:00,0.07785845175385475
2026-08-27 19:18:00,0.07785845175385475
2026-08-27 19:19:00,0.07785845175385475
2026-08-27 19:20:00,0.06262771412730217
2026-08-27 19:21:00,0.06262771412730217
2026-08-27 19:22:00,0.06262771412730217
2026-08-27 19:23:00,0.06262771412730217
2026-08-27 19:24:00,0.06262771412730217
2026-08-27 19:25:00,0.048859977163374424
2026-08-27 19:26:00,0.048859977163374424
2026-08-27 19:27:00,0.048859977163374424
2026-08-27 19:28:00,0.048859977163374424
2026-08-27 19:29:00,0.048859977163374424
2026-08-27 19:30:00,0.03993843216449022
2026-08-27 19:31:00,0.03993843216449022
2026-08-27 19:32:00,0.03993843216449022
2026-08-27 19:33:00,0.03993843216449022
2026-08-27 19:34:00,0.03993843216449022
2026-08-27 19:35:00,0.036275316029787064
2026-08-27 19:36:00,0.036275316029787064
2026-08-27 19:37:00,0.036275316029787064
2026-08-27 19:38:00,0.036275316029787064
2026-08-27 19:39:00,0.036275316029787064
2026-08-27 19:40:00,0.03662201389670372
2026-08-27 19:41:00,0.03662201389670372
2026-08-27 19:42:00,0.03662201389670372
2026-08-27 19:43:00,0.03662201389670372
2026-08-27 19:44:00,0.03662201389670372
2026-08-27 19:45:00,0.03526073647662997
2026-08-27 19:46:00,0.03526073647662997
2026-08-27 19:47:00,0.03526073647662997
2026-08-27 19:48:00,0.03526073647662997
2026-08-27 19:49:00,0.03526073647662997
2026-08-27 19:50:00,0.03434043796733022
2026-08-27 19:51:00,0.03434043796733022
2026-08-27 19:52:00,0.03434043796733022
2026-08-27 19:53:00,0.03434043796733022
2026-08-27 19:54:00,0.03434043796733022
2026-08-27 19:55:00,0.03648399980738759
2026-08-27 19:56:00,0.03648399980738759
2026-08-27 19:57:00,0.03648399980738759
2026-08-27 19:58:00,0.03648399980738759
2026-08-27 19:59:00,0.03648399980738759
2026-08-27 20:00:00,0.038031541276723146
2026-08-27 20:01:00,0.038031541276723146
2026-08-27 20:02:00,0.038031541276723146
2026-08-27 20:03:00,0.038031541276723146
2026-08-27 20:04:00,0.038031541276723146
2026-08-27 20:05:00,0.0404394818469882
2026-08-27 20:06:00,0.0404394818469882
2026-08-27 20:07:00,0.0404394818469882
2026-08-27 20:08:00,0.0404394818469882
2026-08-27 20:09:00,0.0404394818469882
2026-08-27 20:10:00,0.042531915940344334
2026-08-27 20:11:00,0.042531915940344334
2026-08-27 20:12:00,0.042531915940344334
2026-08-27 20:13:00,0.042531915940344334
2026-08-27 20:14:00,0.042531915940344334
2026-08-27 20:15:00,0.043953665532171726
2026-08-27 20:16:00,0.043953665532171726
2026-08-27 20:17:00,0.043953665532171726
2026-08-27 20:18:00,0.043953665532171726
2026-08-27 20:19:00,0.043953665532171726
2026-08-27 20:20:00,0.049685616977512836
2026-08-27 20:21:00,0.049685616977512836
2026-08-27 20:22:00,0.049685616977512836
2026-08-27 20:23:00,0.049685616977512836
2026-08-27 20:24:00,0.049685616977512836
2026-08-27 20:25:00,0.05734582804143429
2026-08-27 20:26:00,0.05734582804143429
2026-08-27 20:27:00,0.05734582804143429
2026-08-27 20:28:00,0.05734582804143429
2026-08-27 20:29:00,0.05734582804143429
2026-08-27 20:30:00,0.062083310447633266
2026-08-27 20:31:00,0.062083310447633266
2026-08-27 20:32:00,0.062083310447633266
2026-08-27 20:33:00,0.062083310447633266
2026-08-27 20:34:00,0.062083310447633266
2026-08-27 20:35:00,0.06566834263503551
2026-08-27 20:36:00,0.06566834263503551
2026-08-27 20:37:00,0.06566834263503551
2026-08-27 20:38:00,0.06566834263503551
2026-08-27 20:39:00,0.06566834263503551
2026-08-27 20:40:00,0.0605914369225502
2026-08-27 20:41:00,0.0605914369225502
2026-08-27 20:42:00,0.0605914369225502
2026-08-27 20:43:00,0.0605914369225502
2026-08-27 20:44:00,0.0605914369225502
2026-08-27 20:45:00,0.05325700808316469
2026-08-27 20:46:00,0.05325700808316469
2026-08-27 20:47:00,0.05325700808316469
2026-08-27 20:48:00,0.05325700808316469
2026-08-27 20:49:00,0.05325700808316469
2026-08-27 20:50:00,0.0486477417871356
2026-08-27 20:51:00,0.0486477417871356
2026-08-27 20:52:00,0.0486477417871356
2026-08-27 20:53:00,0.0486477417871356
2026-08-27 20:54:00,0.0486477417871356
2026-08-27 20:55:00,0.04312423150986433
2026-08-27 20:56:00,0.04312423150986433
2026-08-27 20:57:00,0.04312423150986433
2026-08-27 20:58:00,0.04312423150986433
2026-08-27 20:59:00,0.04312423150986433
2026-08-27 21:00:00,0.04293413273990154
2026-08-27 21:01:00,0.04293413273990154
2026-08-27 21:02:00,0.04293413273990154
2026-08-27 21:03:00,0.04293413273990154
2026-08-27 21:04:00,0.04293413273990154
2026-08-27 21:05:00,0.0440796809270978
2026-08-27 21:06:00,0.0440796809270978
2026-08-27 21:07:00,0.0440796809270978
2026-08-27 21:08:00,0.0440796809270978
2026-08-27 21:09:00,0.0440796809270978
2026-08-27 21:10:00,0.044089118018746376
2026-08-27 21:11:00,0.044089118018746376
2026-08-27 21:12:00,0.044089118018746376
2026-08-27 21:13:00,0.044089118018746376
2026-08-27 21:14:00,0.044089118018746376
2026-08-27 21:15:00,0.04290487617254257
2026-08-27 21:16:00,0.04290487617254257
2026-08-27 21:17:00,0.04290487617254257
2026-08-27 21:18:00,0.04290487617254257
2026-08-27 21:19:00,0.04290487617254257
2026-08-27 21:20:00,0.04804177675396204
2026-08-27 21:21:00,0.04804177675396204
2026-08-27 21:22:00,0.04804177675396204
2026-08-27 21:23:00,0.04804177675396204
2026-08-27 21:24:00,0.04804177675396204
2026-08-27 21:25:00,0.05888534989207983
2026-08-27 21:26:00,0.05888534989207983
2026-08-27 21:27:00,0.05888534989207983
2026-08-27 21:28:00,0.05888534989207983
2026-08-27 21:29:00,0.05888534989207983
2026-08-27 21:30:00,0.07464247569441795
2026-08-27 21:31:00,0.07464247569441795
2026-08-27 21:32:00,0.07464247569441795
2026-08-27 21:33:00,0.07464247569441795
2026-08-27 21:34:00,0.07464247569441795
2026-08-27 21:35:00,0.09154425747692585
2026-08-27 21:36:00,0.09154425747692585
2026-08-27 21:37:00,0.09154425747692585
2026-08-27 21:38:00,0.09154425747692585
2026-08-27 21:39:00,0.09154425747692585
2026-08-27 21:40:00,0.0936765968799591
2026-08-27 21:41:00,0.0936765968799591
2026-08-27 21:42:00,0.0936765968799591
2026-08-27 21:43:00,0.0936765968799591
2026-08-27 21:44:00,0.0936765968799591
2026-08-27 21:45:00,0.09129425697028637
2026-08-27 21:46:00,0.09129425697028637
2026-08-27 21:47:00,0.09129425697028637
2026-08-27 21:48:00,0.09129425697028637
2026-08-27 21:49:00,0.09129425697028637
2026-08-27 21:50:00,0.08410140685737133
2026-08-27 21:51:00,0.08410140685737133
2026-08-27 21:52:00,0.08410140685737133
2026-08-27 21:53:00,0.08410140685737133
2026-08-27 21:54:00,0.08410140685737133
2026-08-27 21:55:00,0.07523693144321442
2026-08-27 21:56:00,0.07523693144321442
2026-08-27 21:57:00,0.07523693144321442
2026-08-27 21:58:00,0.07523693144321442
2026-08-27 21:59:00,0.07523693144321442
2026-08-27 22:00:00,0.0800822526216507
2026-08-27 22:01:00,0.0800822526216507
2026-08-27 22:02:00,0.0800822526216507
2026-08-27 22:03:00,0.0800822526216507
2026-08-27 22:04:00,0.0800822526216507
2026-08-27 22:05:00,0.08522769249975681
2026-08-27 22:06:00,0.08522769249975681
2026-08-27 22:07:00,0.08522769249975681
2026-08-27 22:08:00,0.08522769249975681
2026-08-27 22:09:00,0.08522769249975681
2026-08-27 22:10:00,0.08548288606107235
2026-08-27 22:11:00,0.08548288606107235
2026-08-27 22:12:00,0.08548288606107235
2026-08-27 22:13:00,0.08548288606107235
2026-08-27 22:14:00,0.08548288606107235
2026-08-27 22:15:00,0.08601710386574268
2026-08-27 22:16:00,0.08601710386574268
2026-08-27 22:17:00,0.08601710386574268
2026-08-27 22:18:00,0.08601710386574268
2026-08-27 22:19:00,0.08601710386574268
2026-08-27 22:20:00,0.07825878448784351
2026-08-27 22:21:00,0.07825878448784351
2026-08-27 22:22:00,0.07825878448784351
2026-08-27 22:23:00,0.07825878448784351
2026-08-27 22:24:00,0.07825878448784351
2026-08-27 22:25:00,0.0671115992590785
2026-08-27 22:26:00,0.0671115992590785
2026-08-27 22:27:00,0.0671115992590785
2026-08-27 22:28:00,0.0671115992590785
2026-08-27 22:29:00,0.0671115992590785
2026-08-27 22:30:00,0.060541040264070034
2026-08-27 22:31:00,0.060541040264070034
2026-08-27 22:32:00,0.060541040264070034
2026-08-27 22:33:00,0.060541040264070034
2026-08-27 22:34:00,0.060541040264070034
2026-08-27 22:35:00,0.053406212478876114
2026-08-27 22:36:00,0.053406212478876114
2026-08-27 22:37:00,0.053406212478876114
2026-08-27 22:38:00,0.053406212478876114
2026-08-27 22:39:00,0.053406212478876114
2026-08-27 22:40:00,0.04965618345886469
2026-08-27 22:41:00,0.04965618345886469
2026-08-27 22:42:00,0.04965618345886469
2026-08-27 22:43:00,0.04965618345886469
2026-08-27 22:44:00,0.04965618345886469
2026-08-27 22:45:00,0.05279897153377533
2026-08-27 22:46:00,0.05279897153377533
2026-08-27 22:47:00,0.05279897153377533
2026-08-27 22:48:00,0.05279897153377533
2026-08-27 22:49:00,0.05279897153377533
2026-08-27 22:50:00,0.0593169704079628
2026-08-27 22:51:00,0.0593169704079628
2026-08-27 22:52:00,0.0593169704079628
2026-08-27 22:53:00,0.0593169704079628
2026-08-27 22:54:00,0.0593169704079628
2026-08-27 22:55:00,0.06380102224647999
2026-08-27 22:56:00,0.06380102224647999
2026-08-27 22:57:00,0.06380102224647999
2026-08-27 22:58:00,0.06380102224647999
2026-08-27 22:59:00,0.06380102224647999
2026-08-27 23:00:00,0.06430565938353539
2026-08-27 23:01:00,0.06430565938353539
2026-08-27 23:02:00,0.06430565938353539
2026-08-27 23:03:00,0.06430565938353539
2026-08-27 23:04:00,0.06430565938353539
2026-08-27 23:05:00,0.061090005561709404
2026-08-27 23:06:00,0.061090005561709404
2026-08-27 23:07:00,0.061090005561709404
2026-08-27 23:08:00,0.061090005561709404
2026-08-27 23:09:00,0.061090005561709404
2026-08-27 23:10:00,0.05690832622349262
2026-08-27 23:11:00,0.05690832622349262
2026-08-27 23:12:00,0.05690832622349262
2026-08-27 23:13:00,0.05690832622349262
2026-08-27 23:14:00,0.05690832622349262
2026-08-27 23:15:00,0.060256159864366055
2026-08-27 23:16:00,0.060256159864366055
2026-08-27 23:17:00,0.060256159864366055
2026-08-27 23:18:00,0.060256159864366055
2026-08-27 23:19:00,0.060256159864366055
2026-08-27 23:20:00,0.0664488933980465
2026-08-27 23:21:00,0.0664488933980465
2026-08-27 23:22:00,0.0664488933980465
2026-08-27 23:23:00,0.0664488933980465
2026-08-27 23:24:00,0.0664488933980465
2026-08-27 23:25:00,0.07265593484044075
2026-08-27 23:26:00,0.07265593484044075
2026-08-27 23:27:00,0.07265593484044075
2026-08-27 23:28:00,0.07265593484044075
2026-08-27 23:29:00,0.07265593484044075
2026-08-27 23:30:00,0.08121898584067822
2026-08-27 23:31:00,0.08121898584067822
2026-08-27 23:32:00,0.08121898584067822
2026-08-27 23:33:00,0.08121898584067822
2026-08-27 23:34:00,0.08121898584067822
2026-08-27 23:35:00,0.07902441173791885
2026-08-27 23:36:00,0.07902441173791885
2026-08-27 23:37:00,0.07902441173791885
2026-08-27 23:38:00,0.07902441173791885
2026-08-27 23:39:00,0.07902441173791885
2026-08-27 23:40:00,0.07552404887974262
2026-08-27 23:41:00,0.07552404887974262
2026-08-27 23:42:00,0.07552404887974262
2026-08-27 23:43:00,0.07552404887974262
2026-08-27 23:44:00,0.07552404887974262
2026-08-27 23:45:00,0.07182775065302849
2026-08-27 23:46:00,0.07182775065302849
2026-08-27 23:47:00,0.07182775065302849
2026-08-27 23:48:00,0.07182775065302849
2026-08-27 23:49:00,0.07182775065302849
2026-08-27 23:50:00,0.06853151880204678
2026-08-27 23:51:00,0.06853151880204678
2026-08-27 23:52:00,0.06853151880204678
2026-08-27 23:53:00,0.06853151880204678
2026-08-27 23:54:00,0.06853151880204678
2026-08-27 23:55:00,0.07507357001304626
2026-08-27 23:56:00,0.07507357001304626
2026-08-27 23:57:00,0.07507357001304626
2026-08-27 23:58:00,0.07507357001304626
2026-08-27 23:59:00,0.07507357001304626
2026-08-28 00:00:00,0.07440923806279898
2026-08-28 00:01:00,0.07440923806279898
2026-08-28 00:02:00,0.07440923806279898
2026-08-28 00:03:00,0.07440923806279898
2026-08-28 00:04:00,0.07440923806279898
2026-08-28 00:05:00,0.07359092589467764
2026-08-28 00:06:00,0.07359092589467764
2026-08-28 00:07:00,0.07359092589467764
2026-08-28 00:08:00,0.07359092589467764
2026-08-28 00:09:00,0.07359092589467764
2026-08-28 00:10:00,0.06605822406709194
2026-08-28 00:11:00,0.06605822406709194
2026-08-28 00:12:00,0.06605822406709194
2026-08-28 00:13:00,0.06605822406709194
2026-08-28 00:14:00,0.06605822406709194
2026-08-28 00:15:00,0.05625530518591404
2026-08-28 00:16:00,0.05625530518591404
2026-08-28 00:17:00,0.05625530518591404
2026-08-28 00:18:00,0.05625530518591404
2026-08-28 00:19:00,0.05625530518591404
2026-08-28 00:20:00,0.05351752229034901
2026-08-28 00:21:00,0.05351752229034901
2026-08-28 00:22:00,0.05351752229034901
2026-08-28 00:23:00,0.05351752229034901
2026-08-28 00:24:00,0.05351752229034901
2026-08-28 00:25:00,0.04862274695187807
2026-08-28 00:26:00,0.04862274695187807
2026-08-28 00:27:00,0.04862274695187807
2026-08-28 00:28:00,0.04862274695187807
2026-08-28 00:29:00,0.04862274695187807
2026-08-28 00:30:00,0.042870376724749804
2026-08-28 00:31:00,0.042870376724749804
2026-08-28 00:32:00,0.042870376724749804
2026-08-28 00:33:00,0.042870376724749804
2026-08-28 00:34:00,0.042870376724749804
2026-08-28 00:35:00,0.03875782759860158
2026-08-28 00:36:00,0.03875782759860158
2026-08-28 00:37:00,0.03875782759860158
2026-08-28 00:38:00,0.03875782759860158
2026-08-28 00:39:00,0.03875782759860158
2026-08-28 00:40:00,0.03880485752597451
2026-08-28 00:41:00,0.03880485752597451
2026-08-28 00:42:00,0.03880485752597451
2026-08-28 00:43:00,0.03880485752597451
2026-08-28 00:44:00,0.03880485752597451
2026-08-28 00:45:00,0.037401778157800436
2026-08-28 00:46:00,0.037401778157800436
2026-08-28 00:47:00,0.037401778157800436
2026-08-28 00:48:00,0.037401778157800436
2026-08-28 00:49:00,0.037401778157800436
2026-08-28 00:50:00,0.0410783588886261
2026-08-28 00:51:00,0.0410783588886261
2026-08-28 00:52:00,0.0410783588886261
2026-08-28 00:53:00,0.0410783588886261
2026-08-28 00:54:00,0.0410783588886261
2026-08-28 00:55:00,0.042606012895703316
2026-08-28 00:56:00,0.042606012895703316
2026-08-28 00:57:00,0.042606012895703316
2026-08-28 00:58:00,0.042606012895703316
2026-08-28 00:59:00,0.042606012895703316
2026-08-28 01:00:00,0.0827865106984973
2026-08-28 01:01:00,0.0827865106984973
2026-08-28 01:02:00,0.0827865106984973
2026-08-28 01:03:00,0.0827865106984973
2026-08-28 01:04:00,0.0827865106984973
2026-08-28 01:05:00,0.12612550240010023
2026-08-28 01:06:00,0.12612550240010023
2026-08-28 01:07:00,0.12612550240010023
2026-08-28 01:08:00,0.12612550240010023
2026-08-28 01:09:00,0.12612550240010023
2026-08-28 01:10:00,0.16929984837770462
2026-08-28 01:11:00,0.16929984837770462
2026-08-28 01:12:00,0.16929984837770462
2026-08-28 01:13:00,0.16929984837770462
2026-08-28 01:14:00,0.16929984837770462
2026-08-28 01:15:00,0.21279997378587723
2026-08-28 01:16:00,0.21279997378587723
2026-08-28 01:17:00,0.21279997378587723
2026-08-28 01:18:00,0.21279997378587723
2026-08-28 01:19:00,0.21279997378587723
2026-08-28 01:20:00,0.17441636603325605
2026-08-28 01:21:00,0.17441636603325605
2026-08-28 01:22:00,0.17441636603325605
2026-08-28 01:23:00,0.17441636603325605
2026-08-28 01:24:00,0.17441636603325605
2026-08-28 01:25:00,0.1385944103822112
2026-08-28 01:26:00,0.1385944103822112
2026-08-28 01:27:00,0.1385944103822112
2026-08-28 01:28:00,0.1385944103822112
2026-08-28 01:29:00,0.1385944103822112
2026-08-28 01:30:00,0.09999189618974924
2026-08-28 01:31:00,0.09999189618974924
2026-08-28 01:32:00,0.09999189618974924
2026-08-28 01:33:00,0.09999189618974924
2026-08-28 01:34:00,0.09999189618974924
2026-08-28 01:35:00,0.06299973744899035
2026-08-28 01:36:00,0.06299973744899035
2026-08-28 01:37:00,0.06299973744899035
2026-08-28 01:38:00,0.06299973744899035
2026-08-28 01:39:00,0.06299973744899035
2026-08-28 01:40:00,0.06683433428406715
2026-08-28 01:41:00,0.06683433428406715
2026-08-28 01:42:00,0.06683433428406715
2026-08-28 01:43:00,0.06683433428406715
2026-08-28 01:44:00,0.06683433428406715
2026-08-28 01:45:00,0.06164288613945246
2026-08-28 01:46:00,0.06164288613945246
2026-08-28 01:47:00,0.06164288613945246
2026-08-28 01:48:00,0.06164288613945246
2026-08-28 01:49:00,0.06164288613945246
2026-08-28 01:50:00,0.05881745461374521
2026-08-28 01:51:00,0.05881745461374521
2026-08-28 01:52:00,0.05881745461374521
2026-08-28 01:53:00,0.05881745461374521
2026-08-28 01:54:00,0.05881745461374521
2026-08-28 01:55:00,0.05445098131895065
2026-08-28 01:56:00,0.05445098131895065
2026-08-28 01:57:00,0.05445098131895065
2026-08-28 01:58:00,0.05445098131895065
2026-08-28 01:59:00,0.05445098131895065
2026-08-28 02:00:00,0.0513193691149354
2026-08-28 02:01:00,0.0513193691149354
2026-08-28 02:02:00,0.0513193691149354
2026-08-28 02:03:00,0.0513193691149354
2026-08-28 02:04:00,0.0513193691149354
2026-08-28 02:05:00,0.05079418234527111
2026-08-28 02:06:00,0.05079418234527111
2026-08-28 02:07:00,0.05079418234527111
2026-08-28 02:08:00,0.05079418234527111
2026-08-28 02:09:00,0.05079418234527111
2026-08-28 02:10:00,0.04771799501031637
2026-08-28 02:11:00,0.04771799501031637
2026-08-28 02:12:00,0.04771799501031637
2026-08-28 02:13:00,0.04771799501031637
2026-08-28 02:14:00,0.04771799501031637
2026-08-28 02:15:00,0.0469087790697813
2026-08-28 02:16:00,0.0469087790697813
2026-08-28 02:17:00,0.0469087790697813
2026-08-28 02:18:00,0.0469087790697813
2026-08-28 02:19:00,0.0469087790697813
2026-08-28 02:20:00,0.046446485444903374
2026-08-28 02:21:00,0.046446485444903374
2026-08-28 02:22:00,0.046446485444903374
2026-08-28 02:23:00,0.046446485444903374
2026-08-28 02:24:00,0.046446485444903374
2026-08-28 02:25:00,0.047396209090948105
2026-08-28 02:26:00,0.047396209090948105
2026-08-28 02:27:00,0.047396209090948105
2026-08-28 02:28:00,0.047396209090948105
2026-08-28 02:29:00,0.047396209090948105
2026-08-28 02:30:00,0.04649421293288469
2026-08-28 02:31:00,0.04649421293288469
2026-08-28 02:32:00,0.04649421293288469
2026-08-28 02:33:00,0.04649421293288469
2026-08-28 02:34:00,0.04649421293288469
2026-08-28 02:35:00,0.044269127771258354
2026-08-28 02:36:00,0.044269127771258354
2026-08-28 02:37:00,0.044269127771258354
2026-08-28 02:38:00,0.044269127771258354
2026-08-28 02:39:00,0.044269127771258354
2026-08-28 02:40:00,0.0402526780962944
2026-08-28 02:41:00,0.0402526780962944
2026-08-28 02:42:00,0.0402526780962944
2026-08-28 02:43:00,0.0402526780962944
2026-08-28 02:44:00,0.0402526780962944
2026-08-28 02:45:00,0.036586093716323376
2026-08-28 02:46:00,0.036586093716323376
2026-08-28 02:47:00,0.036586093716323376
2026-08-28 02:48:00,0.036586093716323376
2026-08-28 02:49:00,0.036586093716323376
2026-08-28 02:50:00,0.037101732566952705
2026-08-28 02:51:00,0.037101732566952705
2026-08-28 02:52:00,0.037101732566952705
2026-08-28 02:53:00,0.037101732566952705
2026-08-28 02:54:00,0.037101732566952705
2026-08-28 02:55:00,0.03991095256060362
2026-08-28 02:56:00,0.03991095256060362
2026-08-28 02:57:00,0.03991095256060362
2026-08-28 02:58:00,0.03991095256060362
2026-08-28 02:59:00,0.03991095256060362
2026-08-28 03:00:00,0.04004416707903147
2026-08-28 03:01:00,0.04004416707903147
2026-08-28 03:02:00,0.04004416707903147
2026-08-28 03:03:00,0.04004416707903147
2026-08-28 03:04:00,0.04004416707903147
2026-08-28 03:05:00,0.039809989742934704
2026-08-28 03:06:00,0.039809989742934704
2026-08-28 03:07:00,0.039809989742934704
2026-08-28 03:08:00,0.039809989742934704
2026-08-28 03:09:00,0.039809989742934704
2026-08-28 03:10:00,0.041932953521609306
2026-08-28 03:11:00,0.041932953521609306
2026-08-28 03:12:00,0.041932953521609306
2026-08-28 03:13:00,0.041932953521609306
2026-08-28 03:14:00,0.041932953521609306
2026-08-28 03:15:00,0.045073121786117554
2026-08-28 03:16:00,0.045073121786117554
2026-08-28 03:17:00,0.045073121786117554
2026-08-28 03:18:00,0.045073121786117554
2026-08-28 03:19:00,0.045073121786117554
2026-08-28 03:20:00,0.3036272944882512
2026-08-28 03:21:00,0.3036272944882512
2026-08-28 03:22:00,0.3036272944882512
2026-08-28 03:23:00,0.3036272944882512
2026-08-28 03:24:00,0.3036272944882512
2026-08-28 03:25:00,0.5638220086693764
2026-08-28 03:26:00,0.5638220086693764
2026-08-28 03:27:00,0.5638220086693764
2026-08-28 03:28:00,0.5638220086693764
2026-08-28 03:29:00,0.5638220086693764
2026-08-28 03:30:00,0.8207891378551722
2026-08-28 03:31:00,0.8207891378551722
2026-08-28 03:32:00,0.8207891378551722
2026-08-28 03:33:00,0.8207891378551722
2026-08-28 03:34:00,0.8207891378551722
2026-08-28 03:35:00,1.0739662647247314
2026-08-28 03:36:00,1.0739662647247314
2026-08-28 03:37:00,1.0739662647247314
2026-08-28 03:38:00,1.0739662647247314
2026-08-28 03:39:00,1.0739662647247314
2026-08-28 03:40:00,0.8444114029407501
2026-08-28 03:41:00,0.8444114029407501
2026-08-28 03:42:00,0.8444114029407501
2026-08-28 03:43:00,0.8444114029407501
2026-08-28 03:44:00,0.8444114029407501
2026-08-28 03:45:00,0.6143954582512379
2026-08-28 03:46:00,0.6143954582512379
2026-08-28 03:47:00,0.6143954582512379
2026-08-28 03:48:00,0.6143954582512379
2026-08-28 03:49:00,0.6143954582512379
2026-08-28 03:50:00,0.3847227096557617
2026-08-28 03:51:00,0.3847227096557617
2026-08-28 03:52:00,0.3847227096557617
2026-08-28 03:53:00,0.3847227096557617
2026-08-28 03:54:00,0.3847227096557617
2026-08-28 03:55:00,0.1566215232014656
2026-08-28 03:56:00,0.1566215232014656
2026-08-28 03:57:00,0.1566215232014656
2026-08-28 03:58:00,0.1566215232014656
2026-08-28 03:59:00,0.1566215232014656
2026-08-28 04:00:00,0.1594109646975994
2026-08-28 04:01:00,0.1594109646975994
2026-08-28 04:02:00,0.1594109646975994
2026-08-28 04:03:00,0.1594109646975994
2026-08-28 04:04:00,0.1594109646975994
2026-08-28 04:05:00,0.1638493686914444
2026-08-28 04:06:00,0.1638493686914444
2026-08-28 04:07:00,0.1638493686914444
2026-08-28 04:08:00,0.1638493686914444
2026-08-28 04:09:00,0.1638493686914444
2026-08-28 04:10:00,0.17014386504888535
2026-08-28 04:11:00,0.17014386504888535
2026-08-28 04:12:00,0.17014386504888535
2026-08-28 04:13:00,0.17014386504888535
2026-08-28 04:14:00,0.17014386504888535
2026-08-28 04:15:00,0.1754792556166649
2026-08-28 04:16:00,0.1754792556166649
2026-08-28 04:17:00,0.1754792556166649
2026-08-28 04:18:00,0.1754792556166649
2026-08-28 04:19:00,0.1754792556166649
2026-08-28 04:20:00,0.1769937314093113
2026-08-28 04:21:00,0.1769937314093113
2026-08-28 04:22:00,0.1769937314093113
2026-08-28 04:23:00,0.1769937314093113
2026-08-28 04:24:00,0.1769937314093113
2026-08-28 04:25:00,0.1784476898610592
2026-08-28 04:26:00,0.1784476898610592
2026-08-28 04:27:00,0.1784476898610592
2026-08-28 04:28:00,0.1784476898610592
2026-08-28 04:29:00,0.1784476898610592
2026-08-28 04:30:00,0.17759453132748604
2026-08-28 04:31:00,0.17759453132748604
2026-08-28 04:32:00,0.17759453132748604
2026-08-28 04:33:00,0.17759453132748604
2026-08-28 04:34:00,0.17759453132748604
2026-08-28 04:35:00,0.17820772901177406
2026-08-28 04:36:00,0.17820772901177406
2026-08-28 04:37:00,0.17820772901177406
2026-08-28 04:38:00,0.17820772901177406
2026-08-28 04:39:00,0.17820772901177406
2026-08-28 04:40:00,0.1616208627820015
2026-08-28 04:41:00,0.1616208627820015
2026-08-28 04:42:00,0.1616208627820015
2026-08-28 04:43:00,0.1616208627820015
2026-08-28 04:44:00,0.1616208627820015
2026-08-28 04:45:00,0.14593027159571648
2026-08-28 04:46:00,0.14593027159571648
2026-08-28 04:47:00,0.14593027159571648
2026-08-28 04:48:00,0.14593027159571648
2026-08-28 04:49:00,0.14593027159571648
2026-08-28 04:50:00,0.13152235746383667
2026-08-28 04:51:00,0.13152235746383667
2026-08-28 04:52:00,0.13152235746383667
2026-08-28 04:53:00,0.13152235746383667
2026-08-28 04:54:00,0.13152235746383667
2026-08-28 04:55:00,0.10661382600665092
2026-08-28 04:56:00,0.10661382600665092
2026-08-28 04:57:00,0.10661382600665092
2026-08-28 04:58:00,0.10661382600665092
2026-08-28 04:59:00,0.10661382600665092
2026-08-28 05:00:00,0.09988339245319366
2026-08-28 05:01:00,0.09988339245319366
2026-08-28 05:02:00,0.09988339245319366
2026-08-28 05:03:00,0.09988339245319366
2026-08-28 05:04:00,0.09988339245319366
2026-08-28 05:05:00,0.08894801512360573
2026-08-28 05:06:00,0.08894801512360573
2026-08-28 05:07:00,0.08894801512360573
2026-08-28 05:08:00,0.08894801512360573
2026-08-28 05:09:00,0.08894801512360573
2026-08-28 05:10:00,0.07658760249614716
2026-08-28 05:11:00,0.07658760249614716
2026-08-28 05:12:00,0.07658760249614716
2026-08-28 05:13:00,0.07658760249614716
2026-08-28 05:14:00,0.07658760249614716
2026-08-28 05:15:00,0.07098096236586571
2026-08-28 05:16:00,0.07098096236586571
2026-08-28 05:17:00,0.07098096236586571
2026-08-28 05:18:00,0.07098096236586571
2026-08-28 05:19:00,0.07098096236586571
2026-08-28 05:20:00,0.06254143454134464
2026-08-28 05:21:00,0.06254143454134464
2026-08-28 05:22:00,0.06254143454134464
2026-08-28 05:23:00,0.06254143454134464
2026-08-28 05:24:00,0.06254143454134464
2026-08-28 05:25:00,0.055823986418545246
2026-08-28 05:26:00,0.055823986418545246
2026-08-28 05:27:00,0.055823986418545246
2026-08-28 05:28:00,0.055823986418545246
2026-08-28 05:29:00,0.055823986418545246
2026-08-28 05:30:00,0.054958722554147243
2026-08-28 05:31:00,0.054958722554147243
2026-08-28 05:32:00,0.054958722554147243
2026-08-28 05:33:00,0.054958722554147243
2026-08-28 05:34:00,0.054958722554147243
2026-08-28 05:35:00,0.05777005199342966
2026-08-28 05:36:00,0.05777005199342966
2026-08-28 05:37:00,0.05777005199342966
2026-08-28 05:38:00,0.05777005199342966
2026-08-28 05:39:00,0.05777005199342966
2026-08-28 05:40:00,0.0575121846050024
2026-08-28 05:41:00,0.0575121846050024
2026-08-28 05:42:00,0.0575121846050024
2026-08-28 05:43:00,0.0575121846050024
2026-08-28 05:44:00,0.0575121846050024
2026-08-28 05:45:00,0.06085768714547157
2026-08-28 05:46:00,0.06085768714547157
2026-08-28 05:47:00,0.06085768714547157
2026-08-28 05:48:00,0.06085768714547157
2026-08-28 05:49:00,0.06085768714547157
2026-08-28 05:50:00,0.05787029583007097
2026-08-28 05:51:00,0.05787029583007097
2026-08-28 05:52:00,0.05787029583007097
2026-08-28 05:53:00,0.05787029583007097
2026-08-28 05:54:00,0.05787029583007097
2026-08-28 05:55:00,0.05111461691558361
2026-08-28 05:56:00,0.05111461691558361
2026-08-28 05:57:00,0.05111461691558361
2026-08-28 05:58:00,0.05111461691558361
2026-08-28 05:59:00,0.05111461691558361
2026-08-28 06:00:00,0.052359478548169136
2026-08-28 06:01:00,0.052359478548169136
2026-08-28 06:02:00,0.052359478548169136
2026-08-28 06:03:00,0.052359478548169136
2026-08-28 06:04:00,0.052359478548169136
2026-08-28 06:05:00,0.046803989447653294
2026-08-28 06:06:00,0.046803989447653294
2026-08-28 06:07:00,0.046803989447653294
2026-08-28 06:08:00,0.046803989447653294
2026-08-28 06:09:00,0.046803989447653294
2026-08-28 06:10:00,0.043749015778303146
2026-08-28 06:11:00,0.043749015778303146
2026-08-28 06:12:00,0.043749015778303146
2026-08-28 06:13:00,0.043749015778303146
2026-08-28 06:14:00,0.043749015778303146
2026-08-28 06:15:00,0.044549635611474514
2026-08-28 06:16:00,0.044549635611474514
2026-08-28 06:17:00,0.044549635611474514
2026-08-28 06:18:00,0.044549635611474514
2026-08-28 06:19:00,0.044549635611474514
2026-08-28 06:20:00,0.04243843164294958
2026-08-28 06:21:00,0.04243843164294958
2026-08-28 06:22:00,0.04243843164294958
2026-08-28 06:23:00,0.04243843164294958
2026-08-28 06:24:00,0.04243843164294958
2026-08-28 06:25:00,0.04772333335131407
2026-08-28 06:26:00,0.04772333335131407
2026-08-28 06:27:00,0.04772333335131407
2026-08-28 06:28:00,0.04772333335131407
2026-08-28 06:29:00,0.04772333335131407
2026-08-28 06:30:00,0.04993112478405237
2026-08-28 06:31:00,0.04993112478405237
2026-08-28 06:32:00,0.04993112478405237
2026-08-28 06:33:00,0.04993112478405237
2026-08-28 06:34:00,0.04993112478405237
2026-08-28 06:35:00,0.12537171225994825
2026-08-28 06:36:00,0.12537171225994825
2026-08-28 06:37:00,0.12537171225994825
2026-08-28 06:38:00,0.12537171225994825
2026-08-28 06:39:00,0.12537171225994825
2026-08-28 06:40:00,0.22194236889481544
2026-08-28 06:41:00,0.22194236889481544
2026-08-28 06:42:00,0.22194236889481544
2026-08-28 06:43:00,0.22194236889481544
2026-08-28 06:44:00,0.22194236889481544
2026-08-28 06:45:00,0.3135237842798233
2026-08-28 06:46:00,0.3135237842798233
2026-08-28 06:47:00,0.3135237842798233
2026-08-28 06:48:00,0.3135237842798233
2026-08-28 06:49:00,0.3135237842798233
2026-08-28 06:50:00,0.40590716898441315
2026-08-28 06:51:00,0.40590716898441315
2026-08-28 06:52:00,0.40590716898441315
2026-08-28 06:53:00,0.40590716898441315
2026-08-28 06:54:00,0.40590716898441315
2026-08-28 06:55:00,0.3896770551800728
2026-08-28 06:56:00,0.3896770551800728
2026-08-28 06:57:00,0.3896770551800728
2026-08-28 06:58:00,0.3896770551800728
2026-08-28 06:59:00,0.3896770551800728
2026-08-28 07:00:00,0.30592826195061207
2026-08-28 07:01:00,0.30592826195061207
2026-08-28 07:02:00,0.30592826195061207
2026-08-28 07:03:00,0.30592826195061207
2026-08-28 07:04:00,0.30592826195061207
2026-08-28 07:05:00,0.22235099226236343
2026-08-28 07:06:00,0.22235099226236343
2026-08-28 07:07:00,0.22235099226236343
2026-08-28 07:08:00,0.22235099226236343
2026-08-28 07:09:00,0.22235099226236343
2026-08-28 07:10:00,0.13457174971699715
2026-08-28 07:11:00,0.13457174971699715
2026-08-28 07:12:00,0.13457174971699715
2026-08-28 07:13:00,0.13457174971699715
2026-08-28 07:14:00,0.13457174971699715
2026-08-28 07:15:00,0.07795296516269445
2026-08-28 07:16:00,0.07795296516269445
2026-08-28 07:17:00,0.07795296516269445
2026-08-28 07:18:00,0.07795296516269445
2026-08-28 07:19:00,0.07795296516269445
2026-08-28 07:20:00,0.06848775781691074
2026-08-28 07:21:00,0.06848775781691074
2026-08-28 07:22:00,0.06848775781691074
2026-08-28 07:23:00,0.06848775781691074
2026-08-28 07:24:00,0.06848775781691074
2026-08-28 07:25:00,0.06286685541272163
2026-08-28 07:26:00,0.06286685541272163
2026-08-28 07:27:00,0.06286685541272163
2026-08-28 07:28:00,0.06286685541272163
2026-08-28 07:29:00,0.06286685541272163
2026-08-28 07:30:00,0.06324954703450203
2026-08-28 07:31:00,0.06324954703450203
2026-08-28 07:32:00,0.06324954703450203
2026-08-28 07:33:00,0.06324954703450203
2026-08-28 07:34:00,0.06324954703450203
2026-08-28 07:35:00,0.06680299993604422
2026-08-28 07:36:00,0.06680299993604422
2026-08-28 07:37:00,0.06680299993604422
2026-08-28 07:38:00,0.06680299993604422
2026-08-28 07:39:00,0.06680299993604422
2026-08-28 07:40:00,0.07240819744765759
2026-08-28 07:41:00,0.07240819744765759
2026-08-28 07:42:00,0.07240819744765759
2026-08-28 07:43:00,0.07240819744765759
2026-08-28 07:44:00,0.07240819744765759
2026-08-28 07:45:00,0.07163088582456112
2026-08-28 07:46:00,0.07163088582456112
2026-08-28 07:47:00,0.07163088582456112
2026-08-28 07:48:00,0.07163088582456112
2026-08-28 07:49:00,0.07163088582456112
2026-08-28 07:50:00,0.06728110555559397
2026-08-28 07:51:00,0.06728110555559397
2026-08-28 07:52:00,0.06728110555559397
2026-08-28 07:53:00,0.06728110555559397
2026-08-28 07:54:00,0.06728110555559397
2026-08-28 07:55:00,0.061809576116502285
2026-08-28 07:56:00,0.061809576116502285
2026-08-28 07:57:00,0.061809576116502285
2026-08-28 07:58:00,0.061809576116502285
2026-08-28 07:59:00,0.061809576116502285
2026-08-28 08:00:00,0.15048911701887846
2026-08-28 08:01:00,0.15048911701887846
2026-08-28 08:02:00,0.15048911701887846
2026-08-28 08:03:00,0.15048911701887846
2026-08-28 08:04:00,0.15048911701887846
2026-08-28 08:05:00,0.24066081177443266
2026-08-28 08:06:00,0.24066081177443266
2026-08-28 08:07:00,0.24066081177443266
2026-08-28 08:08:00,0.24066081177443266
2026-08-28 08:09:00,0.24066081177443266
2026-08-28 08:10:00,0.3321934975683689
2026-08-28 08:11:00,0.3321934975683689
2026-08-28 08:12:00,0.3321934975683689
2026-08-28 08:13:00,0.3321934975683689
2026-08-28 08:14:00,0.3321934975683689
2026-08-28 08:15:00,0.42352937906980515
2026-08-28 08:16:00,0.42352937906980515
2026-08-28 08:17:00,0.42352937906980515
2026-08-28 08:18:00,0.42352937906980515
2026-08-28 08:19:00,0.42352937906980515
2026-08-28 08:20:00,0.32947045750916004
2026-08-28 08:21:00,0.32947045750916004
2026-08-28 08:22:00,0.32947045750916004
2026-08-28 08:23:00,0.32947045750916004
2026-08-28 08:24:00,0.32947045750916004
2026-08-28 08:25:00,0.23910464253276587
2026-08-28 08:26:00,0.23910464253276587
2026-08-28 08:27:00,0.23910464253276587
2026-08-28 08:28:00,0.23910464253276587
2026-08-28 08:29:00,0.23910464253276587
2026-08-28 08:30:00,0.15209657978266478
2026-08-28 08:31:00,0.15209657978266478
2026-08-28 08:32:00,0.15209657978266478
2026-08-28 08:33:00,0.15209657978266478
2026-08-28 08:34:00,0.15209657978266478
2026-08-28 08:35:00,0.06850434932857752
2026-08-28 08:36:00,0.06850434932857752
2026-08-28 08:37:00,0.06850434932857752
2026-08-28 08:38:00,0.06850434932857752
2026-08-28 08:39:00,0.06850434932857752
2026-08-28 08:40:00,0.07847221102565527
2026-08-28 08:41:00,0.07847221102565527
2026-08-28 08:42:00,0.07847221102565527
2026-08-28 08:43:00,0.07847221102565527
2026-08-28 08:44:00,0.07847221102565527
2026-08-28 08:45:00,0.08157125115394592
2026-08-28 08:46:00,0.08157125115394592
2026-08-28 08:47:00,0.08157125115394592
2026-08-28 08:48:00,0.08157125115394592
2026-08-28 08:49:00,0.08157125115394592
2026-08-28 08:50:00,0.078976696357131
2026-08-28 08:51:00,0.078976696357131
2026-08-28 08:52:00,0.078976696357131
2026-08-28 08:53:00,0.078976696357131
2026-08-28 08:54:00,0.078976696357131
2026-08-28 08:55:00,0.0716750668361783
2026-08-28 08:56:00,0.0716750668361783
2026-08-28 08:57:00,0.0716750668361783
2026-08-28 08:58:00,0.0716750668361783
2026-08-28 08:59:00,0.0716750668361783
2026-08-28 09:00:00,0.06718301866203547
2026-08-28 09:01:00,0.06718301866203547
2026-08-28 09:02:00,0.06718301866203547
2026-08-28 09:03:00,0.06718301866203547
2026-08-28 09:04:00,0.06718301866203547
2026-08-28 09:05:00,0.07070479821413755
2026-08-28 09:06:00,0.07070479821413755
2026-08-28 09:07:00,0.07070479821413755
2026-08-28 09:08:00,0.07070479821413755
2026-08-28 09:09:00,0.07070479821413755
2026-08-28 09:10:00,0.071304134093225
2026-08-28 09:11:00,0.071304134093225
2026-08-28 09:12:00,0.071304134093225
2026-08-28 09:13:00,0.071304134093225
2026-08-28 09:14:00,0.071304134093225
2026-08-28 09:15:00,0.0688010174781084
2026-08-28 09:16:00,0.0688010174781084
2026-08-28 09:17:00,0.0688010174781084
2026-08-28 09:18:00,0.0688010174781084
2026-08-28 09:19:00,0.0688010174781084
2026-08-28 09:20:00,0.058029914274811745
2026-08-28 09:21:00,0.058029914274811745
2026-08-28 09:22:00,0.058029914274811745
2026-08-28 09:23:00,0.058029914274811745
2026-08-28 09:24:00,0.058029914274811745
2026-08-28 09:25:00,0.047345022670924664
2026-08-28 09:26:00,0.047345022670924664
2026-08-28 09:27:00,0.047345022670924664
2026-08-28 09:28:00,0.047345022670924664
2026-08-28 09:29:00,0.047345022670924664
2026-08-28 09:30:00,0.044371603056788445
2026-08-28 09:31:00,0.044371603056788445
2026-08-28 09:32:00,0.044371603056788445
2026-08-28 09:33:00,0.044371603056788445
2026-08-28 09:34:00,0.044371603056788445
2026-08-28 09:35:00,0.04222321789711714
2026-08-28 09:36:00,0.04222321789711714
2026-08-28 09:37:00,0.04222321789711714
2026-08-28 09:38:00,0.04222321789711714
2026-08-28 09:39:00,0.04222321789711714
2026-08-28 09:40:00,0.04640786908566952
2026-08-28 09:41:00,0.04640786908566952
2026-08-28 09:42:00,0.04640786908566952
2026-08-28 09:43:00,0.04640786908566952
2026-08-28 09:44:00,0.04640786908566952
2026-08-28 09:45:00,0.05061217490583658
2026-08-28 09:46:00,0.05061217490583658
2026-08-28 09:47:00,0.05061217490583658
2026-08-28 09:48:00,0.05061217490583658
2026-08-28 09:49:00,0.05061217490583658
2026-08-28 09:50:00,0.05482080578804016
2026-08-28 09:51:00,0.05482080578804016
2026-08-28 09:52:00,0.05482080578804016
2026-08-28 09:53:00,0.05482080578804016
2026-08-28 09:54:00,0.05482080578804016
2026-08-28 09:55:00,0.0628244848921895
2026-08-28 09:56:00,0.0628244848921895
2026-08-28 09:57:00,0.0628244848921895
2026-08-28 09:58:00,0.0628244848921895
2026-08-28 09:59:00,0.0628244848921895
2026-08-28 10:00:00,0.06569074466824532
2026-08-28 10:01:00,0.06569074466824532
2026-08-28 10:02:00,0.06569074466824532
2026-08-28 10:03:00,0.06569074466824532
2026-08-28 10:04:00,0.06569074466824532
2026-08-28 10:05:00,0.06578776054084301
2026-08-28 10:06:00,0.06578776054084301
2026-08-28 10:07:00,0.06578776054084301
2026-08-28 10:08:00,0.06578776054084301
2026-08-28 10:09:00,0.06578776054084301
2026-08-28 10:10:00,0.06189802009612322
2026-08-28 10:11:00,0.06189802009612322
2026-08-28 10:12:00,0.06189802009612322
2026-08-28 10:13:00,0.06189802009612322
2026-08-28 10:14:00,0.06189802009612322
2026-08-28 10:15:00,0.055002651177346706
2026-08-28 10:16:00,0.055002651177346706
2026-08-28 10:17:00,0.055002651177346706
2026-08-28 10:18:00,0.055002651177346706
2026-08-28 10:19:00,0.055002651177346706
2026-08-28 10:20:00,0.05160533729940653
2026-08-28 10:21:00,0.05160533729940653
2026-08-28 10:22:00,0.05160533729940653
2026-08-28 10:23:00,0.05160533729940653
2026-08-28 10:24:00,0.05160533729940653
2026-08-28 10:25:00,0.04838063381612301
2026-08-28 10:26:00,0.04838063381612301
2026-08-28 10:27:00,0.04838063381612301
2026-08-28 10:28:00,0.04838063381612301
2026-08-28 10:29:00,0.04838063381612301
2026-08-28 10:30:00,0.04948624689131975
2026-08-28 10:31:00,0.04948624689131975
2026-08-28 10:32:00,0.04948624689131975
2026-08-28 10:33:00,0.04948624689131975
2026-08-28 10:34:00,0.04948624689131975
2026-08-28 10:35:00,0.05545105878263712
2026-08-28 10:36:00,0.05545105878263712
2026-08-28 10:37:00,0.05545105878263712
2026-08-28 10:38:00,0.05545105878263712
2026-08-28 10:39:00,0.05545105878263712
2026-08-28 10:40:00,0.05488215479999781
2026-08-28 10:41:00,0.05488215479999781
2026-08-28 10:42:00,0.05488215479999781
2026-08-28 10:43:00,0.05488215479999781
2026-08-28 10:44:00,0.05488215479999781
2026-08-28 10:45:00,0.05242073815315962
2026-08-28 10:46:00,0.05242073815315962
2026-08-28 10:47:00,0.05242073815315962
2026-08-28 10:48:00,0.05242073815315962
2026-08-28 10:49:00,0.05242073815315962
2026-08-28 10:50:00,0.050386589020490646
2026-08-28 10:51:00,0.050386589020490646
2026-08-28 10:52:00,0.050386589020490646
2026-08-28 10:53:00,0.050386589020490646
2026-08-28 10:54:00,0.050386589020490646
2026-08-28 10:55:00,0.055432144552469254
2026-08-28 10:56:00,0.055432144552469254
2026-08-28 10:57:00,0.055432144552469254
2026-08-28 10:58:00,0.055432144552469254
2026-08-28 10:59:00,0.055432144552469254
2026-08-28 11:00:00,0.06519780680537224
2026-08-28 11:01:00,0.06519780680537224
2026-08-28 11:02:00,0.06519780680537224
2026-08-28 11:03:00,0.06519780680537224
2026-08-28 11:04:00,0.06519780680537224
2026-08-28 11:05:00,0.1198074733838439
2026-08-28 11:06:00,0.1198074733838439
2026-08-28 11:07:00,0.1198074733838439
2026-08-28 11:08:00,0.1198074733838439
2026-08-28 11:09:00,0.1198074733838439
2026-08-28 11:10:00,0.27218782156705856
2026-08-28 11:11:00,0.27218782156705856
2026-08-28 11:12:00,0.27218782156705856
2026-08-28 11:13:00,0.27218782156705856
2026-08-28 11:14:00,0.27218782156705856
2026-08-28 11:15:00,0.411455437541008
2026-08-28 11:16:00,0.411455437541008
2026-08-28 11:17:00,0.411455437541008
2026-08-28 11:18:00,0.411455437541008
2026-08-28 11:19:00,0.411455437541008
2026-08-28 11:20:00,0.5464656874537468
2026-08-28 11:21:00,0.5464656874537468
2026-08-28 11:22:00,0.5464656874537468
2026-08-28 11:23:00,0.5464656874537468
2026-08-28 11:24:00,0.5464656874537468
2026-08-28 11:25:00,0.5822398588061333
2026-08-28 11:26:00,0.5822398588061333
2026-08-28 11:27:00,0.5822398588061333
2026-08-28 11:28:00,0.5822398588061333
2026-08-28 11:29:00,0.5822398588061333
2026-08-28 11:30:00,0.430446969345212
2026-08-28 11:31:00,0.430446969345212
2026-08-28 11:32:00,0.430446969345212
2026-08-28 11:33:00,0.430446969345212
2026-08-28 11:34:00,0.430446969345212
2026-08-28 11:35:00,0.2813154272735119
2026-08-28 11:36:00,0.2813154272735119
2026-08-28 11:37:00,0.2813154272735119
2026-08-28 11:38:00,0.2813154272735119
2026-08-28 11:39:00,0.2813154272735119
2026-08-28 11:40:00,0.13848144002258778
2026-08-28 11:41:00,0.13848144002258778
2026-08-28 11:42:00,0.13848144002258778
2026-08-28 11:43:00,0.13848144002258778
2026-08-28 11:44:00,0.13848144002258778
2026-08-28 11:45:00,0.05613252334296703
2026-08-28 11:46:00,0.05613252334296703
2026-08-28 11:47:00,0.05613252334296703
2026-08-28 11:48:00,0.05613252334296703
2026-08-28 11:49:00,0.05613252334296703
2026-08-28 11:50:00,0.06654113903641701
2026-08-28 11:51:00,0.06654113903641701
2026-08-28 11:52:00,0.06654113903641701
2026-08-28 11:53:00,0.06654113903641701
2026-08-28 11:54:00,0.06654113903641701
2026-08-28 11:55:00,0.08321823552250862
2026-08-28 11:56:00,0.08321823552250862
2026-08-28 11:57:00,0.08321823552250862
2026-08-28 11:58:00,0.08321823552250862
2026-08-28 11:59:00,0.08321823552250862
2026-08-28 12:00:00,0.0997126754373312
2026-08-28 12:01:00,0.0997126754373312
2026-08-28 12:02:00,0.0997126754373312
2026-08-28 12:03:00,0.0997126754373312
2026-08-28 12:04:00,0.0997126754373312
2026-08-28 12:05:00,0.11749122478067875
2026-08-28 12:06:00,0.11749122478067875
2026-08-28 12:07:00,0.11749122478067875
2026-08-28 12:08:00,0.11749122478067875
2026-08-28 12:09:00,0.11749122478067875
2026-08-28 12:10:00,0.12445101514458656
2026-08-28 12:11:00,0.12445101514458656
2026-08-28 12:12:00,0.12445101514458656
2026-08-28 12:13:00,0.12445101514458656
2026-08-28 12:14:00,0.12445101514458656
2026-08-28 12:15:00,0.12338978238403797
2026-08-28 12:16:00,0.12338978238403797
2026-08-28 12:17:00,0.12338978238403797
2026-08-28 12:18:00,0.12338978238403797
2026-08-28 12:19:00,0.12338978238403797
2026-08-28 12:20:00,0.11720208451151848
2026-08-28 12:21:00,0.11720208451151848
2026-08-28 12:22:00,0.11720208451151848
2026-08-28 12:23:00,0.11720208451151848
2026-08-28 12:24:00,0.11720208451151848
2026-08-28 12:25:00,0.0956807779148221
2026-08-28 12:26:00,0.0956807779148221
2026-08-28 12:27:00,0.0956807779148221
2026-08-28 12:28:00,0.0956807779148221
2026-08-28 12:29:00,0.0956807779148221
2026-08-28 12:30:00,0.07845834642648697
2026-08-28 12:31:00,0.07845834642648697
2026-08-28 12:32:00,0.07845834642648697
2026-08-28 12:33:00,0.07845834642648697
2026-08-28 12:34:00,0.07845834642648697
2026-08-28 12:35:00,0.0661691976711154
2026-08-28 12:36:00,0.0661691976711154
2026-08-28 12:37:00,0.0661691976711154
2026-08-28 12:38:00,0.0661691976711154
2026-08-28 12:39:00,0.0661691976711154
2026-08-28 12:40:00,0.05599033273756504
2026-08-28 12:41:00,0.05599033273756504
2026-08-28 12:42:00,0.05599033273756504
2026-08-28 12:43:00,0.05599033273756504
2026-08-28 12:44:00,0.05599033273756504
2026-08-28 12:45:00,0.0541811091825366
2026-08-28 12:46:00,0.0541811091825366
2026-08-28 12:47:00,0.0541811091825366
2026-08-28 12:48:00,0.0541811091825366
2026-08-28 12:49:00,0.0541811091825366
2026-08-28 12:50:00,0.055654129944741726
2026-08-28 12:51:00,0.055654129944741726
2026-08-28 12:52:00,0.055654129944741726
2026-08-28 12:53:00,0.055654129944741726
2026-08-28 12:54:00,0.055654129944741726
2026-08-28 12:55:00,0.05534304678440094
2026-08-28 12:56:00,0.05534304678440094
2026-08-28 12:57:00,0.05534304678440094
2026-08-28 12:58:00,0.05534304678440094
2026-08-28 12:59:00,0.05534304678440094
2026-08-28 13:00:00,0.05383283272385597
2026-08-28 13:01:00,0.05383283272385597
2026-08-28 13:02:00,0.05383283272385597
2026-08-28 13:03:00,0.05383283272385597
2026-08-28 13:04:00,0.05383283272385597
2026-08-28 13:05:00,0.05304180830717087
2026-08-28 13:06:00,0.05304180830717087
2026-08-28 13:07:00,0.05304180830717087
2026-08-28 13:08:00,0.05304180830717087
2026-08-28 13:09:00,0.05304180830717087
2026-08-28 13:10:00,0.06894197035580873
2026-08-28 13:11:00,0.06894197035580873
2026-08-28 13:12:00,0.06894197035580873
2026-08-28 13:13:00,0.06894197035580873
2026-08-28 13:14:00,0.06894197035580873
2026-08-28 13:15:00,0.08719259221106768
2026-08-28 13:16:00,0.08719259221106768
2026-08-28 13:17:00,0.08719259221106768
2026-08-28 13:18:00,0.08719259221106768
2026-08-28 13:19:00,0.08719259221106768
2026-08-28 13:20:00,0.10490175522863865
2026-08-28 13:21:00,0.10490175522863865
2026-08-28 13:22:00,0.10490175522863865
2026-08-28 13:23:00,0.10490175522863865
2026-08-28 13:24:00,0.10490175522863865
2026-08-28 13:25:00,0.1247151829302311
2026-08-28 13:26:00,0.1247151829302311
2026-08-28 13:27:00,0.1247151829302311
2026-08-28 13:28:00,0.1247151829302311
2026-08-28 13:29:00,0.1247151829302311
2026-08-28 13:30:00,0.10804382804781199
2026-08-28 13:31:00,0.10804382804781199
2026-08-28 13:32:00,0.10804382804781199
2026-08-28 13:33:00,0.10804382804781199
2026-08-28 13:34:00,0.10804382804781199
2026-08-28 13:35:00,0.08783260732889175
2026-08-28 13:36:00,0.08783260732889175
2026-08-28 13:37:00,0.08783260732889175
2026-08-28 13:38:00,0.08783260732889175
2026-08-28 13:39:00,0.08783260732889175
2026-08-28 13:40:00,0.06954153534024954
2026-08-28 13:41:00,0.06954153534024954
2026-08-28 13:42:00,0.06954153534024954
2026-08-28 13:43:00,0.06954153534024954
2026-08-28 13:44:00,0.06954153534024954
2026-08-28 13:45:00,0.05322496313601732
2026-08-28 13:46:00,0.05322496313601732
2026-08-28 13:47:00,0.05322496313601732
2026-08-28 13:48:00,0.05322496313601732
2026-08-28 13:49:00,0.05322496313601732
2026-08-28 13:50:00,0.059915127232670784
2026-08-28 13:51:00,0.059915127232670784
2026-08-28 13:52:00,0.059915127232670784
2026-08-28 13:53:00,0.059915127232670784
2026-08-28 13:54:00,0.059915127232670784
2026-08-28 13:55:00,0.07099200319498777
2026-08-28 13:56:00,0.07099200319498777
2026-08-28 13:57:00,0.07099200319498777
2026-08-28 13:58:00,0.07099200319498777
2026-08-28 13:59:00,0.07099200319498777
2026-08-28 14:00:00,0.08584373816847801
2026-08-28 14:01:00,0.08584373816847801
2026-08-28 14:02:00,0.08584373816847801
2026-08-28 14:03:00,0.08584373816847801
2026-08-28 14:04:00,0.08584373816847801
2026-08-28 14:05:00,0.0929209366440773
2026-08-28 14:06:00,0.0929209366440773
2026-08-28 14:07:00,0.0929209366440773
2026-08-28 14:08:00,0.0929209366440773
2026-08-28 14:09:00,0.0929209366440773
2026-08-28 14:10:00,0.09270010516047478
2026-08-28 14:11:00,0.09270010516047478
2026-08-28 14:12:00,0.09270010516047478
2026-08-28 14:13:00,0.09270010516047478
2026-08-28 14:14:00,0.09270010516047478
2026-08-28 14:15:00,0.08722980879247189
2026-08-28 14:16:00,0.08722980879247189
2026-08-28 14:17:00,0.08722980879247189
2026-08-28 14:18:00,0.08722980879247189
2026-08-28 14:19:00,0.08722980879247189
2026-08-28 14:20:00,0.07308746222406626
2026-08-28 14:21:00,0.07308746222406626
2026-08-28 14:22:00,0.07308746222406626
2026-08-28 14:23:00,0.07308746222406626
2026-08-28 14:24:00,0.07308746222406626
2026-08-28 14:25:00,0.06334989797323942
2026-08-28 14:26:00,0.06334989797323942
2026-08-28 14:27:00,0.06334989797323942
2026-08-28 14:28:00,0.06334989797323942
2026-08-28 14:29:00,0.06334989797323942
2026-08-28 14:30:00,0.0621302193030715
2026-08-28 14:31:00,0.0621302193030715
2026-08-28 14:32:00,0.0621302193030715
2026-08-28 14:33:00,0.0621302193030715
2026-08-28 14:34:00,0.0621302193030715
2026-08-28 14:35:00,0.0664184158667922
2026-08-28 14:36:00,0.0664184158667922
2026-08-28 14:37:00,0.0664184158667922
2026-08-28 14:38:00,0.0664184158667922
2026-08-28 14:39:00,0.0664184158667922
2026-08-28 14:40:00,0.0739128552377224
2026-08-28 14:41:00,0.0739128552377224
2026-08-28 14:42:00,0.0739128552377224
2026-08-28 14:43:00,0.0739128552377224
2026-08-28 14:44:00,0.0739128552377224
2026-08-28 14:45:00,0.07802784256637096
2026-08-28 14:46:00,0.07802784256637096
2026-08-28 14:47:00,0.07802784256637096
2026-08-28 14:48:00,0.07802784256637096
2026-08-28 14:49:00,0.07802784256637096
2026-08-28 14:50:00,0.07140986248850822
2026-08-28 14:51:00,0.07140986248850822
2026-08-28 14:52:00,0.07140986248850822
2026-08-28 14:53:00,0.07140986248850822
2026-08-28 14:54:00,0.07140986248850822
2026-08-28 14:55:00,0.05875003524124622
2026-08-28 14:56:00,0.05875003524124622
2026-08-28 14:57:00,0.05875003524124622
2026-08-28 14:58:00,0.05875003524124622
2026-08-28 14:59:00,0.05875003524124622
2026-08-28 15:00:00,0.05031837709248066
2026-08-28 15:01:00,0.05031837709248066
2026-08-28 15:02:00,0.05031837709248066
2026-08-28 15:03:00,0.05031837709248066
2026-08-28 15:04:00,0.05031837709248066
2026-08-28 15:05:00,0.04387216828763485
2026-08-28 15:06:00,0.04387216828763485
2026-08-28 15:07:00,0.04387216828763485
2026-08-28 15:08:00,0.04387216828763485
2026-08-28 15:09:00,0.04387216828763485
2026-08-28 15:10:00,0.04098761174827814
2026-08-28 15:11:00,0.04098761174827814
2026-08-28 15:12:00,0.04098761174827814
2026-08-28 15:13:00,0.04098761174827814
2026-08-28 15:14:00,0.04098761174827814
2026-08-28 15:15:00,0.04072713851928711
2026-08-28 15:16:00,0.04072713851928711
2026-08-28 15:17:00,0.04072713851928711
2026-08-28 15:18:00,0.04072713851928711
2026-08-28 15:19:00,0.04072713851928711
2026-08-28 15:20:00,0.04272552207112312
2026-08-28 15:21:00,0.04272552207112312
2026-08-28 15:22:00,0.04272552207112312
2026-08-28 15:23:00,0.04272552207112312
2026-08-28 15:24:00,0.04272552207112312
2026-08-28 15:25:00,0.04765665624290705
2026-08-28 15:26:00,0.04765665624290705
2026-08-28 15:27:00,0.04765665624290705
2026-08-28 15:28:00,0.04765665624290705
2026-08-28 15:29:00,0.04765665624290705
2026-08-28 15:30:00,0.05801492743194103
2026-08-28 15:31:00,0.05801492743194103
2026-08-28 15:32:00,0.05801492743194103
2026-08-28 15:33:00,0.05801492743194103
2026-08-28 15:34:00,0.05801492743194103
2026-08-28 15:35:00,0.06875998992472887
2026-08-28 15:36:00,0.06875998992472887
2026-08-28 15:37:00,0.06875998992472887
2026-08-28 15:38:00,0.06875998992472887
2026-08-28 15:39:00,0.06875998992472887
2026-08-28 15:40:00,0.07859391812235117
2026-08-28 15:41:00,0.07859391812235117
2026-08-28 15:42:00,0.07859391812235117
2026-08-28 15:43:00,0.07859391812235117
2026-08-28 15:44:00,0.07859391812235117
2026-08-28 15:45:00,0.09135321341454983
2026-08-28 15:46:00,0.09135321341454983
2026-08-28 15:47:00,0.09135321341454983
2026-08-28 15:48:00,0.09135321341454983
2026-08-28 15:49:00,0.09135321341454983
2026-08-28 15:50:00,0.18110565096139908
2026-08-28 15:51:00,0.18110565096139908
2026-08-28 15:52:00,0.18110565096139908
2026-08-28 15:53:00,0.18110565096139908
2026-08-28 15:54:00,0.18110565096139908
2026-08-28 15:55:00,0.2682312484830618
2026-08-28 15:56:00,0.2682312484830618
2026-08-28 15:57:00,0.2682312484830618
2026-08-28 15:58:00,0.2682312484830618
2026-08-28 15:59:00,0.2682312484830618
2026-08-28 16:00:00,0.348848070949316
2026-08-28 16:01:00,0.348848070949316
2026-08-28 16:02:00,0.348848070949316
2026-08-28 16:03:00,0.348848070949316
2026-08-28 16:04:00,0.348848070949316
2026-08-28 16:05:00,0.4265504255890846
2026-08-28 16:06:00,0.4265504255890846
2026-08-28 16:07:00,0.4265504255890846
2026-08-28 16:08:00,0.4265504255890846
2026-08-28 16:09:00,0.4265504255890846
2026-08-28 16:10:00,0.33191824797540903
2026-08-28 16:11:00,0.33191824797540903
2026-08-28 16:12:00,0.33191824797540903
2026-08-28 16:13:00,0.33191824797540903
2026-08-28 16:14:00,0.33191824797540903
2026-08-28 16:15:00,0.23629439808428288
2026-08-28 16:16:00,0.23629439808428288
2026-08-28 16:17:00,0.23629439808428288
2026-08-28 16:18:00,0.23629439808428288
2026-08-28 16:19:00,0.23629439808428288
2026-08-28 16:20:00,0.1448044739663601
2026-08-28 16:21:00,0.1448044739663601
2026-08-28 16:22:00,0.1448044739663601
2026-08-28 16:23:00,0.1448044739663601
2026-08-28 16:24:00,0.1448044739663601
2026-08-28 16:25:00,0.0590427927672863
2026-08-28 16:26:00,0.0590427927672863
2026-08-28 16:27:00,0.0590427927672863
2026-08-28 16:28:00,0.0590427927672863
2026-08-28 16:29:00,0.0590427927672863
2026-08-28 16:30:00,0.06255890894681215
2026-08-28 16:31:00,0.06255890894681215
2026-08-28 16:32:00,0.06255890894681215
2026-08-28 16:33:00,0.06255890894681215
2026-08-28 16:34:00,0.06255890894681215
2026-08-28 16:35:00,0.06647420208901167
2026-08-28 16:36:00,0.06647420208901167
2026-08-28 16:37:00,0.06647420208901167
2026-08-28 16:38:00,0.06647420208901167
2026-08-28 16:39:00,0.06647420208901167
2026-08-28 16:40:00,0.06754099670797586
2026-08-28 16:41:00,0.06754099670797586
2026-08-28 16:42:00,0.06754099670797586
2026-08-28 16:43:00,0.06754099670797586
2026-08-28 16:44:00,0.06754099670797586
2026-08-28 16:45:00,0.05986229795962572
2026-08-28 16:46:00,0.05986229795962572
2026-08-28 16:47:00,0.05986229795962572
2026-08-28 16:48:00,0.05986229795962572
2026-08-28 16:49:00,0.05986229795962572
2026-08-28 16:50:00,0.05438630282878876
2026-08-28 16:51:00,0.05438630282878876
2026-08-28 16:52:00,0.05438630282878876
2026-08-28 16:53:00,0.05438630282878876
2026-08-28 16:54:00,0.05438630282878876
2026-08-28 16:55:00,0.05285907257348299
2026-08-28 16:56:00,0.05285907257348299
2026-08-28 16:57:00,0.05285907257348299
2026-08-28 16:58:00,0.05285907257348299
2026-08-28 16:59:00,0.05285907257348299
2026-08-28 17:00:00,0.05333349388092756
2026-08-28 17:01:00,0.05333349388092756
2026-08-28 17:02:00,0.05333349388092756
2026-08-28 17:03:00,0.05333349388092756
2026-08-28 17:04:00,0.05333349388092756
2026-08-28 17:05:00,0.05244605243206024
2026-08-28 17:06:00,0.05244605243206024
2026-08-28 17:07:00,0.05244605243206024
2026-08-28 17:08:00,0.05244605243206024
2026-08-28 17:09:00,0.05244605243206024
2026-08-28 17:10:00,0.04871064983308315
2026-08-28 17:11:00,0.04871064983308315
2026-08-28 17:12:00,0.04871064983308315
2026-08-28 17:13:00,0.04871064983308315
2026-08-28 17:14:00,0.04871064983308315
2026-08-28 17:15:00,0.04639802128076553
2026-08-28 17:16:00,0.04639802128076553
2026-08-28 17:17:00,0.04639802128076553
2026-08-28 17:18:00,0.04639802128076553
2026-08-28 17:19:00,0.04639802128076553
2026-08-28 17:20:00,0.04925292171537876
2026-08-28 17:21:00,0.04925292171537876
2026-08-28 17:22:00,0.04925292171537876
2026-08-28 17:23:00,0.04925292171537876
2026-08-28 17:24:00,0.04925292171537876
2026-08-28 17:25:00,0.05868480447679758
2026-08-28 17:26:00,0.05868480447679758
2026-08-28 17:27:00,0.05868480447679758
2026-08-28 17:28:00,0.05868480447679758
2026-08-28 17:29:00,0.05868480447679758
2026-08-28 17:30:00,0.0693067442625761
2026-08-28 17:31:00,0.0693067442625761
2026-08-28 17:32:00,0.0693067442625761
2026-08-28 17:33:00,0.0693067442625761
2026-08-28 17:34:00,0.0693067442625761
2026-08-28 17:35:00,0.07605469226837158
2026-08-28 17:36:00,0.07605469226837158
2026-08-28 17:37:00,0.07605469226837158
2026-08-28 17:38:00,0.07605469226837158
2026-08-28 17:39:00,0.07605469226837158
2026-08-28 17:40:00,0.0767368245869875
2026-08-28 17:41:00,0.0767368245869875
2026-08-28 17:42:00,0.0767368245869875
2026-08-28 17:43:00,0.0767368245869875
2026-08-28 17:44:00,0.0767368245869875
2026-08-28 17:45:00,0.06622683349996805
2026-08-28 17:46:00,0.06622683349996805
2026-08-28 17:47:00,0.06622683349996805
2026-08-28 17:48:00,0.06622683349996805
2026-08-28 17:49:00,0.06622683349996805
2026-08-28 17:50:00,0.05691181030124426
2026-08-28 17:51:00,0.05691181030124426
2026-08-28 17:52:00,0.05691181030124426
2026-08-28 17:53:00,0.05691181030124426
2026-08-28 17:54:00,0.05691181030124426
2026-08-28 17:55:00,0.05368278548121452
2026-08-28 17:56:00,0.05368278548121452
2026-08-28 17:57:00,0.05368278548121452
2026-08-28 17:58:00,0.05368278548121452
2026-08-28 17:59:00,0.05368278548121452
2026-08-28 18:00:00,0.053250521421432495
2026-08-28 18:01:00,0.053250521421432495
2026-08-28 18:02:00,0.053250521421432495
2026-08-28 18:03:00,0.053250521421432495
2026-08-28 18:04:00,0.053250521421432495
2026-08-28 18:05:00,0.061165270395576954
2026-08-28 18:06:00,0.061165270395576954
2026-08-28 18:07:00,0.061165270395576954
2026-08-28 18:08:00,0.061165270395576954
2026-08-28 18:09:00,0.061165270395576954
2026-08-28 18:10:00,0.06508286111056805
2026-08-28 18:11:00,0.06508286111056805
2026-08-28 18:12:00,0.06508286111056805
2026-08-28 18:13:00,0.06508286111056805
2026-08-28 18:14:00,0.06508286111056805
2026-08-28 18:15:00,0.059800585731863976
2026-08-28 18:16:00,0.059800585731863976
2026-08-28 18:17:00,0.059800585731863976
2026-08-28 18:18:00,0.059800585731863976
2026-08-28 18:19:00,0.059800585731863976
2026-08-28 18:20:00,0.05503054801374674
2026-08-28 18:21:00,0.05503054801374674
2026-08-28 18:22:00,0.05503054801374674
2026-08-28 18:23:00,0.05503054801374674
2026-08-28 18:24:00,0.05503054801374674
2026-08-28 18:25:00,0.04576824326068163
2026-08-28 18:26:00,0.04576824326068163
2026-08-28 18:27:00,0.04576824326068163
2026-08-28 18:28:00,0.04576824326068163
2026-08-28 18:29:00,0.04576824326068163
2026-08-28 18:30:00,0.04005277715623379
2026-08-28 18:31:00,0.04005277715623379
2026-08-28 18:32:00,0.04005277715623379
2026-08-28 18:33:00,0.04005277715623379
2026-08-28 18:34:00,0.04005277715623379
2026-08-28 18:35:00,0.04032398294657469
2026-08-28 18:36:00,0.04032398294657469
2026-08-28 18:37:00,0.04032398294657469
2026-08-28 18:38:00,0.04032398294657469
2026-08-28 18:39:00,0.04032398294657469
2026-08-28 18:40:00,0.03968638647347689
2026-08-28 18:41:00,0.03968638647347689
2026-08-28 18:42:00,0.03968638647347689
2026-08-28 18:43:00,0.03968638647347689
2026-08-28 18:44:00,0.03968638647347689
2026-08-28 18:45:00,0.043092566542327404
2026-08-28 18:46:00,0.043092566542327404
2026-08-28 18:47:00,0.043092566542327404
2026-08-28 18:48:00,0.043092566542327404
2026-08-28 18:49:00,0.043092566542327404
2026-08-28 18:50:00,0.0444867005571723
2026-08-28 18:51:00,0.0444867005571723
2026-08-28 18:52:00,0.0444867005571723
2026-08-28 18:53:00,0.0444867005571723
2026-08-28 18:54:00,0.0444867005571723
2026-08-28 18:55:00,0.04479713458567858
2026-08-28 18:56:00,0.04479713458567858
2026-08-28 18:57:00,0.04479713458567858
2026-08-28 18:58:00,0.04479713458567858
2026-08-28 18:59:00,0.04479713458567858
2026-08-28 19:00:00,0.04408965352922678
2026-08-28 19:01:00,0.04408965352922678
2026-08-28 19:02:00,0.04408965352922678
2026-08-28 19:03:00,0.04408965352922678
2026-08-28 19:04:00,0.04408965352922678
2026-08-28 19:05:00,0.0470213470980525
2026-08-28 19:06:00,0.0470213470980525
2026-08-28 19:07:00,0.0470213470980525
2026-08-28 19:08:00,0.0470213470980525
2026-08-28 19:09:00,0.0470213470980525
2026-08-28 19:10:00,0.0580045385286212
2026-08-28 19:11:00,0.0580045385286212
2026-08-28 19:12:00,0.0580045385286212
2026-08-28 19:13:00,0.0580045385286212
2026-08-28 19:14:00,0.0580045385286212
2026-08-28 19:15:00,0.07531977165490389
2026-08-28 19:16:00,0.07531977165490389
2026-08-28 19:17:00,0.07531977165490389
2026-08-28 19:18:00,0.07531977165490389
2026-08-28 19:19:00,0.07531977165490389
2026-08-28 19:20:00,0.0920826867222786
2026-08-28 19:21:00,0.0920826867222786
2026-08-28 19:22:00,0.0920826867222786
2026-08-28 19:23:00,0.0920826867222786
2026-08-28 19:24:00,0.0920826867222786
2026-08-28 19:25:00,0.1042182706296444
2026-08-28 19:26:00,0.1042182706296444
2026-08-28 19:27:00,0.1042182706296444
2026-08-28 19:28:00,0.1042182706296444
2026-08-28 19:29:00,0.1042182706296444
2026-08-28 19:30:00,0.10641639307141304
2026-08-28 19:31:00,0.10641639307141304
2026-08-28 19:32:00,0.10641639307141304
2026-08-28 19:33:00,0.10641639307141304
2026-08-28 19:34:00,0.10641639307141304
2026-08-28 19:35:00,0.10097007267177105
2026-08-28 19:36:00,0.10097007267177105
2026-08-28 19:37:00,0.10097007267177105
2026-08-28 19:38:00,0.10097007267177105
2026-08-28 19:39:00,0.10097007267177105
2026-08-28 19:40:00,0.09184483997523785
2026-08-28 19:41:00,0.09184483997523785
2026-08-28 19:42:00,0.09184483997523785
2026-08-28 19:43:00,0.09184483997523785
2026-08-28 19:44:00,0.09184483997523785
2026-08-28 19:45:00,0.08193874172866344
2026-08-28 19:46:00,0.08193874172866344
2026-08-28 19:47:00,0.08193874172866344
2026-08-28 19:48:00,0.08193874172866344
2026-08-28 19:49:00,0.08193874172866344
2026-08-28 19:50:00,0.07587948441505432
2026-08-28 19:51:00,0.07587948441505432
2026-08-28 19:52:00,0.07587948441505432
2026-08-28 19:53:00,0.07587948441505432
2026-08-28 19:54:00,0.07587948441505432
2026-08-28 19:55:00,0.0673290528357029
2026-08-28 19:56:00,0.0673290528357029
2026-08-28 19:57:00,0.0673290528357029
2026-08-28 19:58:00,0.0673290528357029
2026-08-28 19:59:00,0.0673290528357029
2026-08-28 20:00:00,0.06096838507801294
2026-08-28 20:01:00,0.06096838507801294
2026-08-28 20:02:00,0.06096838507801294
2026-08-28 20:03:00,0.06096838507801294
2026-08-28 20:04:00,0.06096838507801294
2026-08-28 20:05:00,0.05813976842910051
2026-08-28 20:06:00,0.05813976842910051
2026-08-28 20:07:00,0.05813976842910051
2026-08-28 20:08:00,0.05813976842910051
2026-08-28 20:09:00,0.05813976842910051
2026-08-28 20:10:00,0.05853164475411177
2026-08-28 20:11:00,0.05853164475411177
2026-08-28 20:12:00,0.05853164475411177
2026-08-28 20:13:00,0.05853164475411177
2026-08-28 20:14:00,0.05853164475411177
2026-08-28 20:15:00,0.06419796403497458
2026-08-28 20:16:00,0.06419796403497458
2026-08-28 20:17:00,0.06419796403497458
2026-08-28 20:18:00,0.06419796403497458
2026-08-28 20:19:00,0.06419796403497458
2026-08-28 20:20:00,0.07024483010172844
2026-08-28 20:21:00,0.07024483010172844
2026-08-28 20:22:00,0.07024483010172844
2026-08-28 20:23:00,0.07024483010172844
2026-08-28 20:24:00,0.07024483010172844
2026-08-28 20:25:00,0.07392309606075287
2026-08-28 20:26:00,0.07392309606075287
2026-08-28 20:27:00,0.07392309606075287
2026-08-28 20:28:00,0.07392309606075287
2026-08-28 20:29:00,0.07392309606075287
2026-08-28 20:30:00,0.06808344554156065
2026-08-28 20:31:00,0.06808344554156065
2026-08-28 20:32:00,0.06808344554156065
2026-08-28 20:33:00,0.06808344554156065
2026-08-28 20:34:00,0.06808344554156065
2026-08-28 20:35:00,0.058302631601691246
2026-08-28 20:36:00,0.058302631601691246
2026-08-28 20:37:00,0.058302631601691246
2026-08-28 20:38:00,0.058302631601691246
2026-08-28 20:39:00,0.058302631601691246
2026-08-28 20:40:00,0.05360452923923731
2026-08-28 20:41:00,0.05360452923923731
2026-08-28 20:42:00,0.05360452923923731
2026-08-28 20:43:00,0.05360452923923731
2026-08-28 20:44:00,0.05360452923923731
2026-08-28 20:45:00,0.04660940635949373
2026-08-28 20:46:00,0.04660940635949373
2026-08-28 20:47:00,0.04660940635949373
2026-08-28 20:48:00,0.04660940635949373
2026-08-28 20:49:00,0.04660940635949373
2026-08-28 20:50:00,0.044879425317049026
2026-08-28 20:51:00,0.044879425317049026
2026-08-28 20:52:00,0.044879425317049026
2026-08-28 20:53:00,0.044879425317049026
2026-08-28 20:54:00,0.044879425317049026
2026-08-28 20:55:00,0.049486313946545124
2026-08-28 20:56:00,0.049486313946545124
2026-08-28 20:57:00,0.049486313946545124
2026-08-28 20:58:00,0.049486313946545124
2026-08-28 20:59:00,0.049486313946545124
2026-08-28 21:00:00,0.06183750182390213
2026-08-28 21:01:00,0.06183750182390213
2026-08-28 21:02:00,0.06183750182390213
2026-08-28 21:03:00,0.06183750182390213
2026-08-28 21:04:00,0.06183750182390213
2026-08-28 21:05:00,0.07806809060275555
2026-08-28 21:06:00,0.07806809060275555
2026-08-28 21:07:00,0.07806809060275555
2026-08-28 21:08:00,0.07806809060275555
2026-08-28 21:09:00,0.07806809060275555
2026-08-28 21:10:00,0.09532365202903748
2026-08-28 21:11:00,0.09532365202903748
2026-08-28 21:12:00,0.09532365202903748
2026-08-28 21:13:00,0.09532365202903748
2026-08-28 21:14:00,0.09532365202903748
2026-08-28 21:15:00,0.10117972269654274
2026-08-28 21:16:00,0.10117972269654274
2026-08-28 21:17:00,0.10117972269654274
2026-08-28 21:18:00,0.10117972269654274
2026-08-28 21:19:00,0.10117972269654274
2026-08-28 21:20:00,0.09085031412541866
2026-08-28 21:21:00,0.09085031412541866
2026-08-28 21:22:00,0.09085031412541866
2026-08-28 21:23:00,0.09085031412541866
2026-08-28 21:24:00,0.09085031412541866
2026-08-28 21:25:00,0.08201194182038307
2026-08-28 21:26:00,0.08201194182038307
2026-08-28 21:27:00,0.08201194182038307
2026-08-28 21:28:00,0.08201194182038307
2026-08-28 21:29:00,0.08201194182038307
2026-08-28 21:30:00,0.0711794774979353
2026-08-28 21:31:00,0.0711794774979353
2026-08-28 21:32:00,0.0711794774979353
2026-08-28 21:33:00,0.0711794774979353
2026-08-28 21:34:00,0.0711794774979353
2026-08-28 21:35:00,0.06885960511863232
2026-08-28 21:36:00,0.06885960511863232
2026-08-28 21:37:00,0.06885960511863232
2026-08-28 21:38:00,0.06885960511863232
2026-08-28 21:39:00,0.06885960511863232
2026-08-28 21:40:00,0.07115789502859116
2026-08-28 21:41:00,0.07115789502859116
2026-08-28 21:42:00,0.07115789502859116
2026-08-28 21:43:00,0.07115789502859116
2026-08-28 21:44:00,0.07115789502859116
2026-08-28 21:45:00,0.0696745254099369
2026-08-28 21:46:00,0.0696745254099369
2026-08-28 21:47:00,0.0696745254099369
2026-08-28 21:48:00,0.0696745254099369
2026-08-28 21:49:00,0.0696745254099369
2026-08-28 21:50:00,0.06971855834126472
2026-08-28 21:51:00,0.06971855834126472
2026-08-28 21:52:00,0.06971855834126472
2026-08-28 21:53:00,0.06971855834126472
2026-08-28 21:54:00,0.06971855834126472
2026-08-28 21:55:00,0.0644898246973753
2026-08-28 21:56:00,0.0644898246973753
2026-08-28 21:57:00,0.0644898246973753
2026-08-28 21:58:00,0.0644898246973753
2026-08-28 21:59:00,0.0644898246973753
2026-08-28 22:00:00,0.05389842763543129
2026-08-28 22:01:00,0.05389842763543129
2026-08-28 22:02:00,0.05389842763543129
2026-08-28 22:03:00,0.05389842763543129
2026-08-28 22:04:00,0.05389842763543129
2026-08-28 22:05:00,0.046010722406208515
2026-08-28 22:06:00,0.046010722406208515
2026-08-28 22:07:00,0.046010722406208515
2026-08-28 22:08:00,0.046010722406208515
2026-08-28 22:09:00,0.046010722406208515
2026-08-28 22:10:00,0.04241211339831352
2026-08-28 22:11:00,0.04241211339831352
2026-08-28 22:12:00,0.04241211339831352
2026-08-28 22:13:00,0.04241211339831352
2026-08-28 22:14:00,0.04241211339831352
2026-08-28 22:15:00,0.04523054324090481
2026-08-28 22:16:00,0.04523054324090481
2026-08-28 22:17:00,0.04523054324090481
2026-08-28 22:18:00,0.04523054324090481
2026-08-28 22:19:00,0.04523054324090481
2026-08-28 22:20:00,0.050552443601191044
2026-08-28 22:21:00,0.050552443601191044
2026-08-28 22:22:00,0.050552443601191044
2026-08-28 22:23:00,0.050552443601191044
2026-08-28 22:24:00,0.050552443601191044
2026-08-28 22:25:00,0.05473830830305815
2026-08-28 22:26:00,0.05473830830305815
2026-08-28 22:27:00,0.05473830830305815
2026-08-28 22:28:00,0.05473830830305815
2026-08-28 22:29:00,0.05473830830305815
2026-08-28 22:30:00,0.055862375535070896
2026-08-28 22:31:00,0.055862375535070896
2026-08-28 22:32:00,0.055862375535070896
2026-08-28 22:33:00,0.055862375535070896
2026-08-28 22:34:00,0.055862375535070896
2026-08-28 22:35:00,0.05755248386412859
2026-08-28 22:36:00,0.05755248386412859
2026-08-28 22:37:00,0.05755248386412859
2026-08-28 22:38:00,0.05755248386412859
2026-08-28 22:39:00,0.05755248386412859
2026-08-28 22:40:00,0.06642353907227516
2026-08-28 22:41:00,0.06642353907227516
2026-08-28 22:42:00,0.06642353907227516
2026-08-28 22:43:00,0.06642353907227516
2026-08-28 22:44:00,0.06642353907227516
2026-08-28 22:45:00,0.07970623020082712
2026-08-28 22:46:00,0.07970623020082712
2026-08-28 22:47:00,0.07970623020082712
2026-08-28 22:48:00,0.07970623020082712
2026-08-28 22:49:00,0.07970623020082712
2026-08-28 22:50:00,0.08283740654587746
2026-08-28 22:51:00,0.08283740654587746
2026-08-28 22:52:00,0.08283740654587746
2026-08-28 22:53:00,0.08283740654587746
2026-08-28 22:54:00,0.08283740654587746
2026-08-28 22:55:00,0.08244174718856812
2026-08-28 22:56:00,0.08244174718856812
2026-08-28 22:57:00,0.08244174718856812
2026-08-28 22:58:00,0.08244174718856812
2026-08-28 22:59:00,0.08244174718856812
2026-08-28 23:00:00,0.07722157798707485
2026-08-28 23:01:00,0.07722157798707485
2026-08-28 23:02:00,0.07722157798707485
2026-08-28 23:03:00,0.07722157798707485
2026-08-28 23:04:00,0.07722157798707485
2026-08-28 23:05:00,0.06914920918643475
2026-08-28 23:06:00,0.06914920918643475
2026-08-28 23:07:00,0.06914920918643475
2026-08-28 23:08:00,0.06914920918643475
2026-08-28 23:09:00,0.06914920918643475
2026-08-28 23:10:00,0.07031130604445934
2026-08-28 23:11:00,0.07031130604445934
2026-08-28 23:12:00,0.07031130604445934
2026-08-28 23:13:00,0.07031130604445934
2026-08-28 23:14:00,0.07031130604445934
2026-08-28 23:15:00,0.06679294724017382
2026-08-28 23:16:00,0.06679294724017382
2026-08-28 23:17:00,0.06679294724017382
2026-08-28 23:18:00,0.06679294724017382
2026-08-28 23:19:00,0.06679294724017382
2026-08-28 23:20:00,0.061139377765357494
2026-08-28 23:21:00,0.061139377765357494
2026-08-28 23:22:00,0.061139377765357494
2026-08-28 23:23:00,0.061139377765357494
2026-08-28 23:24:00,0.061139377765357494
2026-08-28 23:25:00,0.0525230560451746
2026-08-28 23:26:00,0.0525230560451746
2026-08-28 23:27:00,0.0525230560451746
2026-08-28 23:28:00,0.0525230560451746
2026-08-28 23:29:00,0.0525230560451746
2026-08-28 23:30:00,0.04458766710013151
2026-08-28 23:31:00,0.04458766710013151
2026-08-28 23:32:00,0.04458766710013151
2026-08-28 23:33:00,0.04458766710013151
2026-08-28 23:34:00,0.04458766710013151
2026-08-28 23:35:00,0.042588336393237114
2026-08-28 23:36:00,0.042588336393237114
2026-08-28 23:37:00,0.042588336393237114
2026-08-28 23:38:00,0.042588336393237114
2026-08-28 23:39:00,0.042588336393237114
2026-08-28 23:40:00,0.04418367147445679
2026-08-28 23:41:00,0.04418367147445679
2026-08-28 23:42:00,0.04418367147445679
2026-08-28 23:43:00,0.04418367147445679
2026-08-28 23:44:00,0.04418367147445679
2026-08-28 23:45:00,0.047932421788573265
2026-08-28 23:46:00,0.047932421788573265
2026-08-28 23:47:00,0.047932421788573265
2026-08-28 23:48:00,0.047932421788573265
2026-08-28 23:49:00,0.047932421788573265
2026-08-28 23:50:00,0.05313490051776171
2026-08-28 23:51:00,0.05313490051776171
2026-08-28 23:52:00,0.05313490051776171
2026-08-28 23:53:00,0.05313490051776171
2026-08-28 23:54:00,0.05313490051776171
2026-08-28 23:55:00,0.055901228450238705
2026-08-28 23:56:00,0.055901228450238705
2026-08-28 23:57:00,0.055901228450238705
2026-08-28 23:58:00,0.055901228450238705
2026-08-28 23:59:00,0.055901228450238705
2026-08-29 00:00:00,0.05862027872353792
2026-08-29 00:01:00,0.05862027872353792
2026-08-29 00:02:00,0.05862027872353792
2026-08-29 00:03:00,0.05862027872353792
2026-08-29 00:04:00,0.05862027872353792
2026-08-29 00:05:00,0.05604005791246891
2026-08-29 00:06:00,0.05604005791246891
2026-08-29 00:07:00,0.05604005791246891
2026-08-29 00:08:00,0.05604005791246891
2026-08-29 00:09:00,0.05604005791246891
2026-08-29 00:10:00,0.05283418670296669
2026-08-29 00:11:00,0.05283418670296669
2026-08-29 00:12:00,0.05283418670296669
2026-08-29 00:13:00,0.05283418670296669
2026-08-29 00:14:00,0.05283418670296669
2026-08-29 00:15:00,0.05216338764876127
2026-08-29 00:16:00,0.05216338764876127
2026-08-29 00:17:00,0.05216338764876127
2026-08-29 00:18:00,0.05216338764876127
2026-08-29 00:19:00,0.05216338764876127
2026-08-29 00:20:00,0.05780200753360987
2026-08-29 00:21:00,0.05780200753360987
2026-08-29 00:22:00,0.05780200753360987
2026-08-29 00:23:00,0.05780200753360987
2026-08-29 00:24:00,0.05780200753360987
2026-08-29 00:25:00,0.0652956822887063
2026-08-29 00:26:00,0.0652956822887063
2026-08-29 00:27:00,0.0652956822887063
2026-08-29 00:28:00,0.0652956822887063
2026-08-29 00:29:00,0.0652956822887063
2026-08-29 00:30:00,0.06871273275464773
2026-08-29 00:31:00,0.06871273275464773
2026-08-29 00:32:00,0.06871273275464773
2026-08-29 00:33:00,0.06871273275464773
2026-08-29 00:34:00,0.06871273275464773
2026-08-29 00:35:00,0.07016449980437756
2026-08-29 00:36:00,0.07016449980437756
2026-08-29 00:37:00,0.07016449980437756
2026-08-29 00:38:00,0.07016449980437756
2026-08-29 00:39:00,0.07016449980437756
2026-08-29 00:40:00,0.24770097993314266
2026-08-29 00:41:00,0.24770097993314266
2026-08-29 00:42:00,0.24770097993314266
2026-08-29 00:43:00,0.24770097993314266
2026-08-29 00:44:00,0.24770097993314266
2026-08-29 00:45:00,0.43621689453721046
2026-08-29 00:46:00,0.43621689453721046
2026-08-29 00:47:00,0.43621689453721046
2026-08-29 00:48:00,0.43621689453721046
2026-08-29 00:49:00,0.43621689453721046
2026-08-29 00:50:00,0.6328416634351015
2026-08-29 00:51:00,0.6328416634351015
2026-08-29 00:52:00,0.6328416634351015
2026-08-29 00:53:00,0.6328416634351015
2026-08-29 00:54:00,0.6328416634351015
2026-08-29 00:55:00,0.8321394175291061
2026-08-29 00:56:00,0.8321394175291061
2026-08-29 00:57:00,0.8321394175291061
2026-08-29 00:58:00,0.8321394175291061
2026-08-29 00:59:00,0.8321394175291061
2026-08-29 01:00:00,0.689695056527853
2026-08-29 01:01:00,0.689695056527853
2026-08-29 01:02:00,0.689695056527853
2026-08-29 01:03:00,0.689695056527853
2026-08-29 01:04:00,0.689695056527853
2026-08-29 01:05:00,0.5061510112136602
2026-08-29 01:06:00,0.5061510112136602
2026-08-29 01:07:00,0.5061510112136602
2026-08-29 01:08:00,0.5061510112136602
2026-08-29 01:09:00,0.5061510112136602
2026-08-29 01:10:00,0.3098964896053076
2026-08-29 01:11:00,0.3098964896053076
2026-08-29 01:12:00,0.3098964896053076
2026-08-29 01:13:00,0.3098964896053076
2026-08-29 01:14:00,0.3098964896053076
2026-08-29 01:15:00,0.11268512345850468
2026-08-29 01:16:00,0.11268512345850468
2026-08-29 01:17:00,0.11268512345850468
2026-08-29 01:18:00,0.11268512345850468
2026-08-29 01:19:00,0.11268512345850468
2026-08-29 01:20:00,0.07645369693636894
2026-08-29 01:21:00,0.07645369693636894
2026-08-29 01:22:00,0.07645369693636894
2026-08-29 01:23:00,0.07645369693636894
2026-08-29 01:24:00,0.07645369693636894
2026-08-29 01:25:00,0.07366399466991425
2026-08-29 01:26:00,0.07366399466991425
2026-08-29 01:27:00,0.07366399466991425
2026-08-29 01:28:00,0.07366399466991425
2026-08-29 01:29:00,0.07366399466991425
2026-08-29 01:30:00,0.07942729070782661
2026-08-29 01:31:00,0.07942729070782661
2026-08-29 01:32:00,0.07942729070782661
2026-08-29 01:33:00,0.07942729070782661
2026-08-29 01:34:00,0.07942729070782661
2026-08-29 01:35:00,0.08205875009298325
2026-08-29 01:36:00,0.08205875009298325
2026-08-29 01:37:00,0.08205875009298325
2026-08-29 01:38:00,0.08205875009298325
2026-08-29 01:39:00,0.08205875009298325
2026-08-29 01:40:00,0.0794824305921793
2026-08-29 01:41:00,0.0794824305921793
2026-08-29 01:42:00,0.0794824305921793
2026-08-29 01:43:00,0.0794824305921793
2026-08-29 01:44:00,0.0794824305921793
2026-08-29 01:45:00,0.07313498388975859
2026-08-29 01:46:00,0.07313498388975859
2026-08-29 01:47:00,0.07313498388975859
2026-08-29 01:48:00,0.07313498388975859
2026-08-29 01:49:00,0.07313498388975859
2026-08-29 01:50:00,0.0647423230111599
2026-08-29 01:51:00,0.0647423230111599
2026-08-29 01:52:00,0.0647423230111599
2026-08-29 01:53:00,0.0647423230111599
2026-08-29 01:54:00,0.0647423230111599
2026-08-29 01:55:00,0.060914771631360054
2026-08-29 01:56:00,0.060914771631360054
2026-08-29 01:57:00,0.060914771631360054
2026-08-29 01:58:00,0.060914771631360054
2026-08-29 01:59:00,0.060914771631360054
2026-08-29 02:00:00,0.05729072727262974
2026-08-29 02:01:00,0.05729072727262974
2026-08-29 02:02:00,0.05729072727262974
2026-08-29 02:03:00,0.05729072727262974
2026-08-29 02:04:00,0.05729072727262974
2026-08-29 02:05:00,0.05658496730029583
2026-08-29 02:06:00,0.05658496730029583
2026-08-29 02:07:00,0.05658496730029583
2026-08-29 02:08:00,0.05658496730029583
2026-08-29 02:09:00,0.05658496730029583
2026-08-29 02:10:00,0.05768600571900606
2026-08-29 02:11:00,0.05768600571900606
2026-08-29 02:12:00,0.05768600571900606
2026-08-29 02:13:00,0.05768600571900606
2026-08-29 02:14:00,0.05768600571900606
2026-08-29 02:15:00,0.06344394292682409
2026-08-29 02:16:00,0.06344394292682409
2026-08-29 02:17:00,0.06344394292682409
2026-08-29 02:18:00,0.06344394292682409
2026-08-29 02:19:00,0.06344394292682409
2026-08-29 02:20:00,0.07581337448209524
2026-08-29 02:21:00,0.07581337448209524
2026-08-29 02:22:00,0.07581337448209524
2026-08-29 02:23:00,0.07581337448209524
2026-08-29 02:24:00,0.07581337448209524
2026-08-29 02:25:00,0.09299514628946781
2026-08-29 02:26:00,0.09299514628946781
2026-08-29 02:27:00,0.09299514628946781
2026-08-29 02:28:00,0.09299514628946781
2026-08-29 02:29:00,0.09299514628946781
2026-08-29 02:30:00,0.10977580212056637
2026-08-29 02:31:00,0.10977580212056637
2026-08-29 02:32:00,0.10977580212056637
2026-08-29 02:33:00,0.10977580212056637
2026-08-29 02:34:00,0.10977580212056637
2026-08-29 02:35:00,0.11528567597270012
2026-08-29 02:36:00,0.11528567597270012
2026-08-29 02:37:00,0.11528567597270012
2026-08-29 02:38:00,0.11528567597270012
2026-08-29 02:39:00,0.11528567597270012
2026-08-29 02:40:00,0.14825916662812233
2026-08-29 02:41:00,0.14825916662812233
2026-08-29 02:42:00,0.14825916662812233
2026-08-29 02:43:00,0.14825916662812233
2026-08-29 02:44:00,0.14825916662812233
2026-08-29 02:45:00,0.17208909057080746
2026-08-29 02:46:00,0.17208909057080746
2026-08-29 02:47:00,0.17208909057080746
2026-08-29 02:48:00,0.17208909057080746
2026-08-29 02:49:00,0.17208909057080746
2026-08-29 02:50:00,0.19379585422575474
2026-08-29 02:51:00,0.19379585422575474
2026-08-29 02:52:00,0.19379585422575474
2026-08-29 02:53:00,0.19379585422575474
2026-08-29 02:54:00,0.19379585422575474
2026-08-29 02:55:00,0.21870053559541702
2026-08-29 02:56:00,0.21870053559541702
2026-08-29 02:57:00,0.21870053559541702
2026-08-29 02:58:00,0.21870053559541702
2026-08-29 02:59:00,0.21870053559541702
2026-08-29 03:00:00,0.1731085004284978
2026-08-29 03:01:00,0.1731085004284978
2026-08-29 03:02:00,0.1731085004284978
2026-08-29 03:03:00,0.1731085004284978
2026-08-29 03:04:00,0.1731085004284978
2026-08-29 03:05:00,0.13292726501822472
2026-08-29 03:06:00,0.13292726501822472
2026-08-29 03:07:00,0.13292726501822472
2026-08-29 03:08:00,0.13292726501822472
2026-08-29 03:09:00,0.13292726501822472
2026-08-29 03:10:00,0.09267928078770638
2026-08-29 03:11:00,0.09267928078770638
2026-08-29 03:12:00,0.09267928078770638
2026-08-29 03:13:00,0.09267928078770638
2026-08-29 03:14:00,0.09267928078770638
2026-08-29 03:15:00,0.055924382992088795
2026-08-29 03:16:00,0.055924382992088795
2026-08-29 03:17:00,0.055924382992088795
2026-08-29 03:18:00,0.055924382992088795
2026-08-29 03:19:00,0.055924382992088795
2026-08-29 03:20:00,0.05901670269668102
2026-08-29 03:21:00,0.05901670269668102
2026-08-29 03:22:00,0.05901670269668102
2026-08-29 03:23:00,0.05901670269668102
2026-08-29 03:24:00,0.05901670269668102
2026-08-29 03:25:00,0.06236828025430441
2026-08-29 03:26:00,0.06236828025430441
2026-08-29 03:27:00,0.06236828025430441
2026-08-29 03:28:00,0.06236828025430441
2026-08-29 03:29:00,0.06236828025430441
2026-08-29 03:30:00,0.06922678742557764
2026-08-29 03:31:00,0.06922678742557764
2026-08-29 03:32:00,0.06922678742557764
2026-08-29 03:33:00,0.06922678742557764
2026-08-29 03:34:00,0.06922678742557764
2026-08-29 03:35:00,0.07074142247438431
2026-08-29 03:36:00,0.07074142247438431
2026-08-29 03:37:00,0.07074142247438431
2026-08-29 03:38:00,0.07074142247438431
2026-08-29 03:39:00,0.07074142247438431
2026-08-29 03:40:00,0.07422341220080853
2026-08-29 03:41:00,0.07422341220080853
2026-08-29 03:42:00,0.07422341220080853
2026-08-29 03:43:00,0.07422341220080853
2026-08-29 03:44:00,0.07422341220080853
2026-08-29 03:45:00,0.07809777371585369
2026-08-29 03:46:00,0.07809777371585369
2026-08-29 03:47:00,0.07809777371585369
2026-08-29 03:48:00,0.07809777371585369
2026-08-29 03:49:00,0.07809777371585369
2026-08-29 03:50:00,0.07766149193048477
2026-08-29 03:51:00,0.07766149193048477
2026-08-29 03:52:00,0.07766149193048477
2026-08-29 03:53:00,0.07766149193048477
2026-08-29 03:54:00,0.07766149193048477
2026-08-29 03:55:00,0.08147911727428436
2026-08-29 03:56:00,0.08147911727428436
2026-08-29 03:57:00,0.08147911727428436
2026-08-29 03:58:00,0.08147911727428436
2026-08-29 03:59:00,0.08147911727428436
2026-08-29 04:00:00,0.08025908470153809
2026-08-29 04:01:00,0.08025908470153809
2026-08-29 04:02:00,0.08025908470153809
2026-08-29 04:03:00,0.08025908470153809
2026-08-29 04:04:00,0.08025908470153809
2026-08-29 04:05:00,0.07272837497293949
2026-08-29 04:06:00,0.07272837497293949
2026-08-29 04:07:00,0.07272837497293949
2026-08-29 04:08:00,0.07272837497293949
2026-08-29 04:09:00,0.07272837497293949
2026-08-29 04:10:00,0.07120715081691742
2026-08-29 04:11:00,0.07120715081691742
2026-08-29 04:12:00,0.07120715081691742
2026-08-29 04:13:00,0.07120715081691742
2026-08-29 04:14:00,0.07120715081691742
2026-08-29 04:15:00,0.07287774235010147
2026-08-29 04:16:00,0.07287774235010147
2026-08-29 04:17:00,0.07287774235010147
2026-08-29 04:18:00,0.07287774235010147
2026-08-29 04:19:00,0.07287774235010147
2026-08-29 04:20:00,0.1700182445347309
2026-08-29 04:21:00,0.1700182445347309
2026-08-29 04:22:00,0.1700182445347309
2026-08-29 04:23:00,0.1700182445347309
2026-08-29 04:24:00,0.1700182445347309
2026-08-29 04:25:00,0.27256965078413486
2026-08-29 04:26:00,0.27256965078413486
2026-08-29 04:27:00,0.27256965078413486
2026-08-29 04:28:00,0.27256965078413486
2026-08-29 04:29:00,0.27256965078413486
2026-08-29 04:30:00,0.36624831333756447
2026-08-29 04:31:00,0.36624831333756447
2026-08-29 04:32:00,0.36624831333756447
2026-08-29 04:33:00,0.36624831333756447
2026-08-29 04:34:00,0.36624831333756447
2026-08-29 04:35:00,0.45448625832796097
2026-08-29 04:36:00,0.45448625832796097
2026-08-29 04:37:00,0.45448625832796097
2026-08-29 04:38:00,0.45448625832796097
2026-08-29 04:39:00,0.45448625832796097
2026-08-29 04:40:00,0.363135514780879
2026-08-29 04:41:00,0.363135514780879
2026-08-29 04:42:00,0.363135514780879
2026-08-29 04:43:00,0.363135514780879
2026-08-29 04:44:00,0.363135514780879
2026-08-29 04:45:00,0.26977708749473095
2026-08-29 04:46:00,0.26977708749473095
2026-08-29 04:47:00,0.26977708749473095
2026-08-29 04:48:00,0.26977708749473095
2026-08-29 04:49:00,0.26977708749473095
2026-08-29 04:50:00,0.17763452045619488
2026-08-29 04:51:00,0.17763452045619488
2026-08-29 04:52:00,0.17763452045619488
2026-08-29 04:53:00,0.17763452045619488
2026-08-29 04:54:00,0.17763452045619488
2026-08-29 04:55:00,0.08546585030853748
2026-08-29 04:56:00,0.08546585030853748
2026-08-29 04:57:00,0.08546585030853748
2026-08-29 04:58:00,0.08546585030853748
2026-08-29 04:59:00,0.08546585030853748
2026-08-29 05:00:00,0.07865863852202892
2026-08-29 05:01:00,0.07865863852202892
2026-08-29 05:02:00,0.07865863852202892
2026-08-29 05:03:00,0.07865863852202892
2026-08-29 05:04:00,0.07865863852202892
2026-08-29 05:05:00,0.07071932964026928
2026-08-29 05:06:00,0.07071932964026928
2026-08-29 05:07:00,0.07071932964026928
2026-08-29 05:08:00,0.07071932964026928
2026-08-29 05:09:00,0.07071932964026928
2026-08-29 05:10:00,0.0640503503382206
2026-08-29 05:11:00,0.0640503503382206
2026-08-29 05:12:00,0.0640503503382206
2026-08-29 05:13:00,0.0640503503382206
2026-08-29 05:14:00,0.0640503503382206
2026-08-29 05:15:00,0.05806629918515682
2026-08-29 05:16:00,0.05806629918515682
2026-08-29 05:17:00,0.05806629918515682
2026-08-29 05:18:00,0.05806629918515682
2026-08-29 05:19:00,0.05806629918515682
2026-08-29 05:20:00,0.053166224621236324
2026-08-29 05:21:00,0.053166224621236324
2026-08-29 05:22:00,0.053166224621236324
2026-08-29 05:23:00,0.053166224621236324
2026-08-29 05:24:00,0.053166224621236324
2026-08-29 05:25:00,0.04675024934113026
2026-08-29 05:26:00,0.04675024934113026
2026-08-29 05:27:00,0.04675024934113026
2026-08-29 05:28:00,0.04675024934113026
2026-08-29 05:29:00,0.04675024934113026
2026-08-29 05:30:00,0.04416258726269007
2026-08-29 05:31:00,0.04416258726269007
2026-08-29 05:32:00,0.04416258726269007
2026-08-29 05:33:00,0.04416258726269007
2026-08-29 05:34:00,0.04416258726269007
2026-08-29 05:35:00,0.044138520024716854
2026-08-29 05:36:00,0.044138520024716854
2026-08-29 05:37:00,0.044138520024716854
2026-08-29 05:38:00,0.044138520024716854
2026-08-29 05:39:00,0.044138520024716854
2026-08-29 05:40:00,0.04365599527955055
2026-08-29 05:41:00,0.04365599527955055
2026-08-29 05:42:00,0.04365599527955055
2026-08-29 05:43:00,0.04365599527955055
2026-08-29 05:44:00,0.04365599527955055
2026-08-29 05:45:00,0.046448937617242336
2026-08-29 05:46:00,0.046448937617242336
2026-08-29 05:47:00,0.046448937617242336
2026-08-29 05:48:00,0.046448937617242336
2026-08-29 05:49:00,0.046448937617242336
2026-08-29 05:50:00,0.05064081680029631
2026-08-29 05:51:00,0.05064081680029631
2026-08-29 05:52:00,0.05064081680029631
2026-08-29 05:53:00,0.05064081680029631
2026-08-29 05:54:00,0.05064081680029631
2026-08-29 05:55:00,0.05438090395182371
2026-08-29 05:56:00,0.05438090395182371
2026-08-29 05:57:00,0.05438090395182371
2026-08-29 05:58:00,0.05438090395182371
2026-08-29 05:59:00,0.05438090395182371
2026-08-29 06:00:00,0.13630254846066236
2026-08-29 06:01:00,0.13630254846066236
2026-08-29 06:02:00,0.13630254846066236
2026-08-29 06:03:00,0.13630254846066236
2026-08-29 06:04:00,0.13630254846066236
2026-08-29 06:05:00,0.21656131464987993
2026-08-29 06:06:00,0.21656131464987993
2026-08-29 06:07:00,0.21656131464987993
2026-08-29 06:08:00,0.21656131464987993
2026-08-29 06:09:00,0.21656131464987993
2026-08-29 06:10:00,0.28914525732398033
2026-08-29 06:11:00,0.28914525732398033
2026-08-29 06:12:00,0.28914525732398033
2026-08-29 06:13:00,0.28914525732398033
2026-08-29 06:14:00,0.28914525732398033
2026-08-29 06:15:00,0.35792722553014755
2026-08-29 06:16:00,0.35792722553014755
2026-08-29 06:17:00,0.35792722553014755
2026-08-29 06:18:00,0.35792722553014755
2026-08-29 06:19:00,0.35792722553014755
2026-08-29 06:20:00,0.38300473242998123
2026-08-29 06:21:00,0.38300473242998123
2026-08-29 06:22:00,0.38300473242998123
2026-08-29 06:23:00,0.38300473242998123
2026-08-29 06:24:00,0.38300473242998123
2026-08-29 06:25:00,0.4101788252592087
2026-08-29 06:26:00,0.4101788252592087
2026-08-29 06:27:00,0.4101788252592087
2026-08-29 06:28:00,0.4101788252592087
2026-08-29 06:29:00,0.4101788252592087
2026-08-29 06:30:00,0.44275805354118347
2026-08-29 06:31:00,0.44275805354118347
2026-08-29 06:32:00,0.44275805354118347
2026-08-29 06:33:00,0.44275805354118347
2026-08-29 06:34:00,0.44275805354118347
2026-08-29 06:35:00,0.47825485467910767
2026-08-29 06:36:00,0.47825485467910767
2026-08-29 06:37:00,0.47825485467910767
2026-08-29 06:38:00,0.47825485467910767
2026-08-29 06:39:00,0.47825485467910767
2026-08-29 06:40:00,0.3817447330802679
2026-08-29 06:41:00,0.3817447330802679
2026-08-29 06:42:00,0.3817447330802679
2026-08-29 06:43:00,0.3817447330802679
2026-08-29 06:44:00,0.3817447330802679
2026-08-29 06:45:00,0.2815645541995764
2026-08-29 06:46:00,0.2815645541995764
2026-08-29 06:47:00,0.2815645541995764
2026-08-29 06:48:00,0.2815645541995764
2026-08-29 06:49:00,0.2815645541995764
2026-08-29 06:50:00,0.17962029576301575
2026-08-29 06:51:00,0.17962029576301575
2026-08-29 06:52:00,0.17962029576301575
2026-08-29 06:53:00,0.17962029576301575
2026-08-29 06:54:00,0.17962029576301575
2026-08-29 06:55:00,0.08009068295359612
2026-08-29 06:56:00,0.08009068295359612
2026-08-29 06:57:00,0.08009068295359612
2026-08-29 06:58:00,0.08009068295359612
2026-08-29 06:59:00,0.08009068295359612
2026-08-29 07:00:00,0.08120413310825825
2026-08-29 07:01:00,0.08120413310825825
2026-08-29 07:02:00,0.08120413310825825
2026-08-29 07:03:00,0.08120413310825825
2026-08-29 07:04:00,0.08120413310825825
2026-08-29 07:05:00,0.08485165052115917
2026-08-29 07:06:00,0.08485165052115917
2026-08-29 07:07:00,0.08485165052115917
2026-08-29 07:08:00,0.08485165052115917
2026-08-29 07:09:00,0.08485165052115917
2026-08-29 07:10:00,0.09017398580908775
2026-08-29 07:11:00,0.09017398580908775
2026-08-29 07:12:00,0.09017398580908775
2026-08-29 07:13:00,0.09017398580908775
2026-08-29 07:14:00,0.09017398580908775
2026-08-29 07:15:00,0.09182802960276604
2026-08-29 07:16:00,0.09182802960276604
2026-08-29 07:17:00,0.09182802960276604
2026-08-29 07:18:00,0.09182802960276604
2026-08-29 07:19:00,0.09182802960276604
2026-08-29 07:20:00,0.08819466084241867
2026-08-29 07:21:00,0.08819466084241867
2026-08-29 07:22:00,0.08819466084241867
2026-08-29 07:23:00,0.08819466084241867
2026-08-29 07:24:00,0.08819466084241867
2026-08-29 07:25:00,0.08405108749866486
2026-08-29 07:26:00,0.08405108749866486
2026-08-29 07:27:00,0.08405108749866486
2026-08-29 07:28:00,0.08405108749866486
2026-08-29 07:29:00,0.08405108749866486
2026-08-29 07:30:00,0.08089092932641506
2026-08-29 07:31:00,0.08089092932641506
2026-08-29 07:32:00,0.08089092932641506
2026-08-29 07:33:00,0.08089092932641506
2026-08-29 07:34:00,0.08089092932641506
2026-08-29 07:35:00,0.07278211787343025
2026-08-29 07:36:00,0.07278211787343025
2026-08-29 07:37:00,0.07278211787343025
2026-08-29 07:38:00,0.07278211787343025
2026-08-29 07:39:00,0.07278211787343025
2026-08-29 07:40:00,0.06963339634239674
2026-08-29 07:41:00,0.06963339634239674
2026-08-29 07:42:00,0.06963339634239674
2026-08-29 07:43:00,0.06963339634239674
2026-08-29 07:44:00,0.06963339634239674
2026-08-29 07:45:00,0.06552325841039419
2026-08-29 07:46:00,0.06552325841039419
2026-08-29 07:47:00,0.06552325841039419
2026-08-29 07:48:00,0.06552325841039419
2026-08-29 07:49:00,0.06552325841039419
2026-08-29 07:50:00,0.059869591146707535
2026-08-29 07:51:00,0.059869591146707535
2026-08-29 07:52:00,0.059869591146707535
2026-08-29 07:53:00,0.059869591146707535
2026-08-29 07:54:00,0.059869591146707535
2026-08-29 07:55:00,0.058624908328056335
2026-08-29 07:56:00,0.058624908328056335
2026-08-29 07:57:00,0.058624908328056335
2026-08-29 07:58:00,0.058624908328056335
2026-08-29 07:59:00,0.058624908328056335
2026-08-29 08:00:00,0.05524444580078125
2026-08-29 08:01:00,0.05524444580078125
2026-08-29 08:02:00,0.05524444580078125
2026-08-29 08:03:00,0.05524444580078125
2026-08-29 08:04:00,0.05524444580078125
2026-08-29 08:05:00,0.05847413744777441
2026-08-29 08:06:00,0.05847413744777441
2026-08-29 08:07:00,0.05847413744777441
2026-08-29 08:08:00,0.05847413744777441
2026-08-29 08:09:00,0.05847413744777441
2026-08-29 08:10:00,0.060748226940631866
2026-08-29 08:11:00,0.060748226940631866
2026-08-29 08:12:00,0.060748226940631866
2026-08-29 08:13:00,0.060748226940631866
2026-08-29 08:14:00,0.060748226940631866
2026-08-29 08:15:00,0.06483039259910583
2026-08-29 08:16:00,0.06483039259910583
2026-08-29 08:17:00,0.06483039259910583
2026-08-29 08:18:00,0.06483039259910583
2026-08-29 08:19:00,0.06483039259910583
2026-08-29 08:20:00,0.06581004057079554
2026-08-29 08:21:00,0.06581004057079554
2026-08-29 08:22:00,0.06581004057079554
2026-08-29 08:23:00,0.06581004057079554
2026-08-29 08:24:00,0.06581004057079554
2026-08-29 08:25:00,0.061629327945411205
2026-08-29 08:26:00,0.061629327945411205
2026-08-29 08:27:00,0.061629327945411205
2026-08-29 08:28:00,0.061629327945411205
2026-08-29 08:29:00,0.061629327945411205
2026-08-29 08:30:00,0.061941117979586124
2026-08-29 08:31:00,0.061941117979586124
2026-08-29 08:32:00,0.061941117979586124
2026-08-29 08:33:00,0.061941117979586124
2026-08-29 08:34:00,0.061941117979586124
2026-08-29 08:35:00,0.06412814278155565
2026-08-29 08:36:00,0.06412814278155565
2026-08-29 08:37:00,0.06412814278155565
2026-08-29 08:38:00,0.06412814278155565
2026-08-29 08:39:00,0.06412814278155565
2026-08-29 08:40:00,0.06839240156114101
2026-08-29 08:41:00,0.06839240156114101
2026-08-29 08:42:00,0.06839240156114101
2026-08-29 08:43:00,0.06839240156114101
2026-08-29 08:44:00,0.06839240156114101
2026-08-29 08:45:00,0.0732828788459301
2026-08-29 08:46:00,0.0732828788459301
2026-08-29 08:47:00,0.0732828788459301
2026-08-29 08:48:00,0.0732828788459301
2026-08-29 08:49:00,0.0732828788459301
2026-08-29 08:50:00,0.07631024904549122
2026-08-29 08:51:00,0.07631024904549122
2026-08-29 08:52:00,0.07631024904549122
2026-08-29 08:53:00,0.07631024904549122
2026-08-29 08:54:00,0.07631024904549122
2026-08-29 08:55:00,0.073553666472435
2026-08-29 08:56:00,0.073553666472435
2026-08-29 08:57:00,0.073553666472435
2026-08-29 08:58:00,0.073553666472435
2026-08-29 08:59:00,0.073553666472435
2026-08-29 09:00:00,0.06983484700322151
2026-08-29 09:01:00,0.06983484700322151
2026-08-29 09:02:00,0.06983484700322151
2026-08-29 09:03:00,0.06983484700322151
2026-08-29 09:04:00,0.06983484700322151
2026-08-29 09:05:00,0.06766650639474392
2026-08-29 09:06:00,0.06766650639474392
2026-08-29 09:07:00,0.06766650639474392
2026-08-29 09:08:00,0.06766650639474392
2026-08-29 09:09:00,0.06766650639474392
2026-08-29 09:10:00,0.0639401376247406
2026-08-29 09:11:00,0.0639401376247406
2026-08-29 09:12:00,0.0639401376247406
2026-08-29 09:13:00,0.0639401376247406
2026-08-29 09:14:00,0.0639401376247406
2026-08-29 09:15:00,0.06565648689866066
2026-08-29 09:16:00,0.06565648689866066
2026-08-29 09:17:00,0.06565648689866066
2026-08-29 09:18:00,0.06565648689866066
2026-08-29 09:19:00,0.06565648689866066
2026-08-29 09:20:00,0.07080022245645523
2026-08-29 09:21:00,0.07080022245645523
2026-08-29 09:22:00,0.07080022245645523
2026-08-29 09:23:00,0.07080022245645523
2026-08-29 09:24:00,0.07080022245645523
2026-08-29 09:25:00,0.14630979113280773
2026-08-29 09:26:00,0.14630979113280773
2026-08-29 09:27:00,0.14630979113280773
2026-08-29 09:28:00,0.14630979113280773
2026-08-29 09:29:00,0.14630979113280773
2026-08-29 09:30:00,0.22447612509131432
2026-08-29 09:31:00,0.22447612509131432
2026-08-29 09:32:00,0.22447612509131432
2026-08-29 09:33:00,0.22447612509131432
2026-08-29 09:34:00,0.22447612509131432
2026-08-29 09:35:00,0.30139975249767303
2026-08-29 09:36:00,0.30139975249767303
2026-08-29 09:37:00,0.30139975249767303
2026-08-29 09:38:00,0.30139975249767303
2026-08-29 09:39:00,0.30139975249767303
2026-08-29 09:40:00,0.37373026460409164
2026-08-29 09:41:00,0.37373026460409164
2026-08-29 09:42:00,0.37373026460409164
2026-08-29 09:43:00,0.37373026460409164
2026-08-29 09:44:00,0.37373026460409164
2026-08-29 09:45:00,0.3054827395826578
2026-08-29 09:46:00,0.3054827395826578
2026-08-29 09:47:00,0.3054827395826578
2026-08-29 09:48:00,0.3054827395826578
2026-08-29 09:49:00,0.3054827395826578
2026-08-29 09:50:00,0.2341395877301693
2026-08-29 09:51:00,0.2341395877301693
2026-08-29 09:52:00,0.2341395877301693
2026-08-29 09:53:00,0.2341395877301693
2026-08-29 09:54:00,0.2341395877301693
2026-08-29 09:55:00,0.15991185046732426
2026-08-29 09:56:00,0.15991185046732426
2026-08-29 09:57:00,0.15991185046732426
2026-08-29 09:58:00,0.15991185046732426
2026-08-29 09:59:00,0.15991185046732426
2026-08-29 10:00:00,0.08756844699382782
2026-08-29 10:01:00,0.08756844699382782
2026-08-29 10:02:00,0.08756844699382782
2026-08-29 10:03:00,0.08756844699382782
2026-08-29 10:04:00,0.08756844699382782
2026-08-29 10:05:00,0.08265729621052742
2026-08-29 10:06:00,0.08265729621052742
2026-08-29 10:07:00,0.08265729621052742
2026-08-29 10:08:00,0.08265729621052742
2026-08-29 10:09:00,0.08265729621052742
2026-08-29 10:10:00,0.0761184561997652
2026-08-29 10:11:00,0.0761184561997652
2026-08-29 10:12:00,0.0761184561997652
2026-08-29 10:13:00,0.0761184561997652
2026-08-29 10:14:00,0.0761184561997652
2026-08-29 10:15:00,0.06860093213617802
2026-08-29 10:16:00,0.06860093213617802
2026-08-29 10:17:00,0.06860093213617802
2026-08-29 10:18:00,0.06860093213617802
2026-08-29 10:19:00,0.06860093213617802
2026-08-29 10:20:00,0.06464035250246525
2026-08-29 10:21:00,0.06464035250246525
2026-08-29 10:22:00,0.06464035250246525
2026-08-29 10:23:00,0.06464035250246525
2026-08-29 10:24:00,0.06464035250246525
2026-08-29 10:25:00,0.05896203499287367
2026-08-29 10:26:00,0.05896203499287367
2026-08-29 10:27:00,0.05896203499287367
2026-08-29 10:28:00,0.05896203499287367
2026-08-29 10:29:00,0.05896203499287367
2026-08-29 10:30:00,0.05676183756440878
2026-08-29 10:31:00,0.05676183756440878
2026-08-29 10:32:00,0.05676183756440878
2026-08-29 10:33:00,0.05676183756440878
2026-08-29 10:34:00,0.05676183756440878
2026-08-29 10:35:00,0.05735460389405489
2026-08-29 10:36:00,0.05735460389405489
2026-08-29 10:37:00,0.05735460389405489
2026-08-29 10:38:00,0.05735460389405489
2026-08-29 10:39:00,0.05735460389405489
2026-08-29 10:40:00,0.1087298458442092
2026-08-29 10:41:00,0.1087298458442092
2026-08-29 10:42:00,0.1087298458442092
2026-08-29 10:43:00,0.1087298458442092
2026-08-29 10:44:00,0.1087298458442092
2026-08-29 10:45:00,0.16559390723705292
2026-08-29 10:46:00,0.16559390723705292
2026-08-29 10:47:00,0.16559390723705292
2026-08-29 10:48:00,0.16559390723705292
2026-08-29 10:49:00,0.16559390723705292
2026-08-29 10:50:00,0.22219977900385857
2026-08-29 10:51:00,0.22219977900385857
2026-08-29 10:52:00,0.22219977900385857
2026-08-29 10:53:00,0.22219977900385857
2026-08-29 10:54:00,0.22219977900385857
2026-08-29 10:55:00,0.3074411377310753
2026-08-29 10:56:00,0.3074411377310753
2026-08-29 10:57:00,0.3074411377310753
2026-08-29 10:58:00,0.3074411377310753
2026-08-29 10:59:00,0.3074411377310753
2026-08-29 11:00:00,0.30646320432424545
2026-08-29 11:01:00,0.30646320432424545
2026-08-29 11:02:00,0.30646320432424545
2026-08-29 11:03:00,0.30646320432424545
2026-08-29 11:04:00,0.30646320432424545
2026-08-29 11:05:00,0.3027280271053314
2026-08-29 11:06:00,0.3027280271053314
2026-08-29 11:07:00,0.3027280271053314
2026-08-29 11:08:00,0.3027280271053314
2026-08-29 11:09:00,0.3027280271053314
2026-08-29 11:10:00,0.29713334888219833
2026-08-29 11:11:00,0.29713334888219833
2026-08-29 11:12:00,0.29713334888219833
2026-08-29 11:13:00,0.29713334888219833
2026-08-29 11:14:00,0.29713334888219833
2026-08-29 11:15:00,0.21492790803313255
2026-08-29 11:16:00,0.21492790803313255
2026-08-29 11:17:00,0.21492790803313255
2026-08-29 11:18:00,0.21492790803313255
2026-08-29 11:19:00,0.21492790803313255
2026-08-29 11:20:00,0.1674390286207199
2026-08-29 11:21:00,0.1674390286207199
2026-08-29 11:22:00,0.1674390286207199
2026-08-29 11:23:00,0.1674390286207199
2026-08-29 11:24:00,0.1674390286207199
2026-08-29 11:25:00,0.12087423540651798
2026-08-29 11:26:00,0.12087423540651798
2026-08-29 11:27:00,0.12087423540651798
2026-08-29 11:28:00,0.12087423540651798
2026-08-29 11:29:00,0.12087423540651798
2026-08-29 11:30:00,0.07738666608929634
2026-08-29 11:31:00,0.07738666608929634
2026-08-29 11:32:00,0.07738666608929634
2026-08-29 11:33:00,0.07738666608929634
2026-08-29 11:34:00,0.07738666608929634
2026-08-29 11:35:00,0.08697124943137169
2026-08-29 11:36:00,0.08697124943137169
2026-08-29 11:37:00,0.08697124943137169
2026-08-29 11:38:00,0.08697124943137169
2026-08-29 11:39:00,0.08697124943137169
2026-08-29 11:40:00,0.09394107013940811
2026-08-29 11:41:00,0.09394107013940811
2026-08-29 11:42:00,0.09394107013940811
2026-08-29 11:43:00,0.09394107013940811
2026-08-29 11:44:00,0.09394107013940811
2026-08-29 11:45:00,0.1012116651982069
2026-08-29 11:46:00,0.1012116651982069
2026-08-29 11:47:00,0.1012116651982069
2026-08-29 11:48:00,0.1012116651982069
2026-08-29 11:49:00,0.1012116651982069
2026-08-29 11:50:00,0.10383196361362934
2026-08-29 11:51:00,0.10383196361362934
2026-08-29 11:52:00,0.10383196361362934
2026-08-29 11:53:00,0.10383196361362934
2026-08-29 11:54:00,0.10383196361362934
2026-08-29 11:55:00,0.09540989436209202
2026-08-29 11:56:00,0.09540989436209202
2026-08-29 11:57:00,0.09540989436209202
2026-08-29 11:58:00,0.09540989436209202
2026-08-29 11:59:00,0.09540989436209202
2026-08-29 12:00:00,0.08869215101003647
2026-08-29 12:01:00,0.08869215101003647
2026-08-29 12:02:00,0.08869215101003647
2026-08-29 12:03:00,0.08869215101003647
2026-08-29 12:04:00,0.08869215101003647
2026-08-29 12:05:00,0.08417478948831558
2026-08-29 12:06:00,0.08417478948831558
2026-08-29 12:07:00,0.08417478948831558
2026-08-29 12:08:00,0.08417478948831558
2026-08-29 12:09:00,0.08417478948831558
2026-08-29 12:10:00,0.07603706046938896
2026-08-29 12:11:00,0.07603706046938896
2026-08-29 12:12:00,0.07603706046938896
2026-08-29 12:13:00,0.07603706046938896
2026-08-29 12:14:00,0.07603706046938896
2026-08-29 12:15:00,0.07219225075095892
2026-08-29 12:16:00,0.07219225075095892
2026-08-29 12:17:00,0.07219225075095892
2026-08-29 12:18:00,0.07219225075095892
2026-08-29 12:19:00,0.07219225075095892
2026-08-29 12:20:00,0.06450293119996786
2026-08-29 12:21:00,0.06450293119996786
2026-08-29 12:22:00,0.06450293119996786
2026-08-29 12:23:00,0.06450293119996786
2026-08-29 12:24:00,0.06450293119996786
2026-08-29 12:25:00,0.05515440087765455
2026-08-29 12:26:00,0.05515440087765455
2026-08-29 12:27:00,0.05515440087765455
2026-08-29 12:28:00,0.05515440087765455
2026-08-29 12:29:00,0.05515440087765455
2026-08-29 12:30:00,0.05369381234049797
2026-08-29 12:31:00,0.05369381234049797
2026-08-29 12:32:00,0.05369381234049797
2026-08-29 12:33:00,0.05369381234049797
2026-08-29 12:34:00,0.05369381234049797
2026-08-29 12:35:00,0.05821926984935999
2026-08-29 12:36:00,0.05821926984935999
2026-08-29 12:37:00,0.05821926984935999
2026-08-29 12:38:00,0.05821926984935999
2026-08-29 12:39:00,0.05821926984935999
2026-08-29 12:40:00,0.06828097347170115
2026-08-29 12:41:00,0.06828097347170115
2026-08-29 12:42:00,0.06828097347170115
2026-08-29 12:43:00,0.06828097347170115
2026-08-29 12:44:00,0.06828097347170115
2026-08-29 12:45:00,0.08199627790600061
2026-08-29 12:46:00,0.08199627790600061
2026-08-29 12:47:00,0.08199627790600061
2026-08-29 12:48:00,0.08199627790600061
2026-08-29 12:49:00,0.08199627790600061
2026-08-29 12:50:00,0.08885658159852028
2026-08-29 12:51:00,0.08885658159852028
2026-08-29 12:52:00,0.08885658159852028
2026-08-29 12:53:00,0.08885658159852028
2026-08-29 12:54:00,0.08885658159852028
2026-08-29 12:55:00,0.0872768685221672
2026-08-29 12:56:00,0.0872768685221672
2026-08-29 12:57:00,0.0872768685221672
2026-08-29 12:58:00,0.0872768685221672
2026-08-29 12:59:00,0.0872768685221672
2026-08-29 13:00:00,0.08245826698839664
2026-08-29 13:01:00,0.08245826698839664
2026-08-29 13:02:00,0.08245826698839664
2026-08-29 13:03:00,0.08245826698839664
2026-08-29 13:04:00,0.08245826698839664
2026-08-29 13:05:00,0.07058064267039299
2026-08-29 13:06:00,0.07058064267039299
2026-08-29 13:07:00,0.07058064267039299
2026-08-29 13:08:00,0.07058064267039299
2026-08-29 13:09:00,0.07058064267039299
2026-08-29 13:10:00,0.06957021728157997
2026-08-29 13:11:00,0.06957021728157997
2026-08-29 13:12:00,0.06957021728157997
2026-08-29 13:13:00,0.06957021728157997
2026-08-29 13:14:00,0.06957021728157997
2026-08-29 13:15:00,0.07183723524212837
2026-08-29 13:16:00,0.07183723524212837
2026-08-29 13:17:00,0.07183723524212837
2026-08-29 13:18:00,0.07183723524212837
2026-08-29 13:19:00,0.07183723524212837
2026-08-29 13:20:00,0.06726834177970886
2026-08-29 13:21:00,0.06726834177970886
2026-08-29 13:22:00,0.06726834177970886
2026-08-29 13:23:00,0.06726834177970886
2026-08-29 13:24:00,0.06726834177970886
2026-08-29 13:25:00,0.0637705409899354
2026-08-29 13:26:00,0.0637705409899354
2026-08-29 13:27:00,0.0637705409899354
2026-08-29 13:28:00,0.0637705409899354
2026-08-29 13:29:00,0.0637705409899354
2026-08-29 13:30:00,0.05370271485298872
2026-08-29 13:31:00,0.05370271485298872
2026-08-29 13:32:00,0.05370271485298872
2026-08-29 13:33:00,0.05370271485298872
2026-08-29 13:34:00,0.05370271485298872
2026-08-29 13:35:00,0.045841045677661896
2026-08-29 13:36:00,0.045841045677661896
2026-08-29 13:37:00,0.045841045677661896
2026-08-29 13:38:00,0.045841045677661896
2026-08-29 13:39:00,0.045841045677661896
2026-08-29 13:40:00,0.04546057526022196
2026-08-29 13:41:00,0.04546057526022196
2026-08-29 13:42:00,0.04546057526022196
2026-08-29 13:43:00,0.04546057526022196
2026-08-29 13:44:00,0.04546057526022196
2026-08-29 13:45:00,0.04692781250923872
2026-08-29 13:46:00,0.04692781250923872
2026-08-29 13:47:00,0.04692781250923872
2026-08-29 13:48:00,0.04692781250923872
2026-08-29 13:49:00,0.04692781250923872
2026-08-29 13:50:00,0.05004796013236046
2026-08-29 13:51:00,0.05004796013236046
2026-08-29 13:52:00,0.05004796013236046
2026-08-29 13:53:00,0.05004796013236046
2026-08-29 13:54:00,0.05004796013236046
2026-08-29 13:55:00,0.05301429331302643
2026-08-29 13:56:00,0.05301429331302643
2026-08-29 13:57:00,0.05301429331302643
2026-08-29 13:58:00,0.05301429331302643
2026-08-29 13:59:00,0.05301429331302643
2026-08-29 14:00:00,0.06293249037116766
2026-08-29 14:01:00,0.06293249037116766
2026-08-29 14:02:00,0.06293249037116766
2026-08-29 14:03:00,0.06293249037116766
2026-08-29 14:04:00,0.06293249037116766
2026-08-29 14:05:00,0.06657040677964687
2026-08-29 14:06:00,0.06657040677964687
2026-08-29 14:07:00,0.06657040677964687
2026-08-29 14:08:00,0.06657040677964687
2026-08-29 14:09:00,0.06657040677964687
2026-08-29 14:10:00,0.06708195526152849
2026-08-29 14:11:00,0.06708195526152849
2026-08-29 14:12:00,0.06708195526152849
2026-08-29 14:13:00,0.06708195526152849
2026-08-29 14:14:00,0.06708195526152849
2026-08-29 14:15:00,0.0657576285302639
2026-08-29 14:16:00,0.0657576285302639
2026-08-29 14:17:00,0.0657576285302639
2026-08-29 14:18:00,0.0657576285302639
2026-08-29 14:19:00,0.0657576285302639
2026-08-29 14:20:00,0.05414895247668028
2026-08-29 14:21:00,0.05414895247668028
2026-08-29 14:22:00,0.05414895247668028
2026-08-29 14:23:00,0.05414895247668028
2026-08-29 14:24:00,0.05414895247668028
2026-08-29 14:25:00,0.05229149851948023
2026-08-29 14:26:00,0.05229149851948023
2026-08-29 14:27:00,0.05229149851948023
2026-08-29 14:28:00,0.05229149851948023
2026-08-29 14:29:00,0.05229149851948023
2026-08-29 14:30:00,0.0538632208481431
2026-08-29 14:31:00,0.0538632208481431
2026-08-29 14:32:00,0.0538632208481431
2026-08-29 14:33:00,0.0538632208481431
2026-08-29 14:34:00,0.0538632208481431
2026-08-29 14:35:00,0.058391508646309376
2026-08-29 14:36:00,0.058391508646309376
2026-08-29 14:37:00,0.058391508646309376
2026-08-29 14:38:00,0.058391508646309376
2026-08-29 14:39:00,0.058391508646309376
2026-08-29 14:40:00,0.06083952449262142
2026-08-29 14:41:00,0.06083952449262142
2026-08-29 14:42:00,0.06083952449262142
2026-08-29 14:43:00,0.06083952449262142
2026-08-29 14:44:00,0.06083952449262142
2026-08-29 14:45:00,0.06362605653703213
2026-08-29 14:46:00,0.06362605653703213
2026-08-29 14:47:00,0.06362605653703213
2026-08-29 14:48:00,0.06362605653703213
2026-08-29 14:49:00,0.06362605653703213
2026-08-29 14:50:00,0.06411386840045452
2026-08-29 14:51:00,0.06411386840045452
2026-08-29 14:52:00,0.06411386840045452
2026-08-29 14:53:00,0.06411386840045452
2026-08-29 14:54:00,0.06411386840045452
2026-08-29 14:55:00,0.0576452249661088
2026-08-29 14:56:00,0.0576452249661088
2026-08-29 14:57:00,0.0576452249661088
2026-08-29 14:58:00,0.0576452249661088
2026-08-29 14:59:00,0.0576452249661088
2026-08-29 15:00:00,0.056516943499445915
2026-08-29 15:01:00,0.056516943499445915
2026-08-29 15:02:00,0.056516943499445915
2026-08-29 15:03:00,0.056516943499445915
2026-08-29 15:04:00,0.056516943499445915
2026-08-29 15:05:00,0.051515717059373856
2026-08-29 15:06:00,0.051515717059373856
2026-08-29 15:07:00,0.051515717059373856
2026-08-29 15:08:00,0.051515717059373856
2026-08-29 15:09:00,0.051515717059373856
2026-08-29 15:10:00,0.05117852985858917
2026-08-29 15:11:00,0.05117852985858917
2026-08-29 15:12:00,0.05117852985858917
2026-08-29 15:13:00,0.05117852985858917
2026-08-29 15:14:00,0.05117852985858917
2026-08-29 15:15:00,0.05586898606270552
2026-08-29 15:16:00,0.05586898606270552
2026-08-29 15:17:00,0.05586898606270552
2026-08-29 15:18:00,0.05586898606270552
2026-08-29 15:19:00,0.05586898606270552
2026-08-29 15:20:00,0.057702661491930485
2026-08-29 15:21:00,0.057702661491930485
2026-08-29 15:22:00,0.057702661491930485
2026-08-29 15:23:00,0.057702661491930485
2026-08-29 15:24:00,0.057702661491930485
2026-08-29 15:25:00,0.05641990527510643
2026-08-29 15:26:00,0.05641990527510643
2026-08-29 15:27:00,0.05641990527510643
2026-08-29 15:28:00,0.05641990527510643
2026-08-29 15:29:00,0.05641990527510643
2026-08-29 15:30:00,0.054660272784531116
2026-08-29 15:31:00,0.054660272784531116
2026-08-29 15:32:00,0.054660272784531116
2026-08-29 15:33:00,0.054660272784531116
2026-08-29 15:34:00,0.054660272784531116
2026-08-29 15:35:00,0.05016327649354935
2026-08-29 15:36:00,0.05016327649354935
2026-08-29 15:37:00,0.05016327649354935
2026-08-29 15:38:00,0.05016327649354935
2026-08-29 15:39:00,0.05016327649354935
2026-08-29 15:40:00,0.05006973445415497
2026-08-29 15:41:00,0.05006973445415497
2026-08-29 15:42:00,0.05006973445415497
2026-08-29 15:43:00,0.05006973445415497
2026-08-29 15:44:00,0.05006973445415497
2026-08-29 15:45:00,0.05252552963793278
2026-08-29 15:46:00,0.05252552963793278
2026-08-29 15:47:00,0.05252552963793278
2026-08-29 15:48:00,0.05252552963793278
2026-08-29 15:49:00,0.05252552963793278
2026-08-29 15:50:00,0.05400681309401989
2026-08-29 15:51:00,0.05400681309401989
2026-08-29 15:52:00,0.05400681309401989
2026-08-29 15:53:00,0.05400681309401989
2026-08-29 15:54:00,0.05400681309401989
2026-08-29 15:55:00,0.05847086664289236
2026-08-29 15:56:00,0.05847086664289236
2026-08-29 15:57:00,0.05847086664289236
2026-08-29 15:58:00,0.05847086664289236
2026-08-29 15:59:00,0.05847086664289236
2026-08-29 16:00:00,0.06792137958109379
2026-08-29 16:01:00,0.06792137958109379
2026-08-29 16:02:00,0.06792137958109379
2026-08-29 16:03:00,0.06792137958109379
2026-08-29 16:04:00,0.06792137958109379
2026-08-29 16:05:00,0.07351980078965425
2026-08-29 16:06:00,0.07351980078965425
2026-08-29 16:07:00,0.07351980078965425
2026-08-29 16:08:00,0.07351980078965425
2026-08-29 16:09:00,0.07351980078965425
2026-08-29 16:10:00,0.07493488490581512
2026-08-29 16:11:00,0.07493488490581512
2026-08-29 16:12:00,0.07493488490581512
2026-08-29 16:13:00,0.07493488490581512
2026-08-29 16:14:00,0.07493488490581512
2026-08-29 16:15:00,0.07564322464168072
2026-08-29 16:16:00,0.07564322464168072
2026-08-29 16:17:00,0.07564322464168072
2026-08-29 16:18:00,0.07564322464168072
2026-08-29 16:19:00,0.07564322464168072
2026-08-29 16:20:00,0.06929493881762028
2026-08-29 16:21:00,0.06929493881762028
2026-08-29 16:22:00,0.06929493881762028
2026-08-29 16:23:00,0.06929493881762028
2026-08-29 16:24:00,0.06929493881762028
2026-08-29 16:25:00,0.06659573689103127
2026-08-29 16:26:00,0.06659573689103127
2026-08-29 16:27:00,0.06659573689103127
2026-08-29 16:28:00,0.06659573689103127
2026-08-29 16:29:00,0.06659573689103127
2026-08-29 16:30:00,0.06922338716685772
2026-08-29 16:31:00,0.06922338716685772
2026-08-29 16:32:00,0.06922338716685772
2026-08-29 16:33:00,0.06922338716685772
2026-08-29 16:34:00,0.06922338716685772
2026-08-29 16:35:00,0.06611779984086752
2026-08-29 16:36:00,0.06611779984086752
2026-08-29 16:37:00,0.06611779984086752
2026-08-29 16:38:00,0.06611779984086752
2026-08-29 16:39:00,0.06611779984086752
2026-08-29 16:40:00,0.0647139921784401
2026-08-29 16:41:00,0.0647139921784401
2026-08-29 16:42:00,0.0647139921784401
2026-08-29 16:43:00,0.0647139921784401
2026-08-29 16:44:00,0.0647139921784401
2026-08-29 16:45:00,0.06225023977458477
2026-08-29 16:46:00,0.06225023977458477
2026-08-29 16:47:00,0.06225023977458477
2026-08-29 16:48:00,0.06225023977458477
2026-08-29 16:49:00,0.06225023977458477
2026-08-29 16:50:00,0.05300036910921335
2026-08-29 16:51:00,0.05300036910921335
2026-08-29 16:52:00,0.05300036910921335
2026-08-29 16:53:00,0.05300036910921335
2026-08-29 16:54:00,0.05300036910921335
2026-08-29 16:55:00,0.05848115682601929
2026-08-29 16:56:00,0.05848115682601929
2026-08-29 16:57:00,0.05848115682601929
2026-08-29 16:58:00,0.05848115682601929
2026-08-29 16:59:00,0.05848115682601929
2026-08-29 17:00:00,0.06626410875469446
2026-08-29 17:01:00,0.06626410875469446
2026-08-29 17:02:00,0.06626410875469446
2026-08-29 17:03:00,0.06626410875469446
2026-08-29 17:04:00,0.06626410875469446
2026-08-29 17:05:00,0.07628423441201448
2026-08-29 17:06:00,0.07628423441201448
2026-08-29 17:07:00,0.07628423441201448
2026-08-29 17:08:00,0.07628423441201448
2026-08-29 17:09:00,0.07628423441201448
2026-08-29 17:10:00,0.08981133438646793
2026-08-29 17:11:00,0.08981133438646793
2026-08-29 17:12:00,0.08981133438646793
2026-08-29 17:13:00,0.08981133438646793
2026-08-29 17:14:00,0.08981133438646793
2026-08-29 17:15:00,0.08745423145592213
2026-08-29 17:16:00,0.08745423145592213
2026-08-29 17:17:00,0.08745423145592213
2026-08-29 17:18:00,0.08745423145592213
2026-08-29 17:19:00,0.08745423145592213
2026-08-29 17:20:00,0.08141745626926422
2026-08-29 17:21:00,0.08141745626926422
2026-08-29 17:22:00,0.08141745626926422
2026-08-29 17:23:00,0.08141745626926422
2026-08-29 17:24:00,0.08141745626926422
2026-08-29 17:25:00,0.07196109928190708
2026-08-29 17:26:00,0.07196109928190708
2026-08-29 17:27:00,0.07196109928190708
2026-08-29 17:28:00,0.07196109928190708
2026-08-29 17:29:00,0.07196109928190708
2026-08-29 17:30:00,0.0622165696695447
2026-08-29 17:31:00,0.0622165696695447
2026-08-29 17:32:00,0.0622165696695447
2026-08-29 17:33:00,0.0622165696695447
2026-08-29 17:34:00,0.0622165696695447
2026-08-29 17:35:00,0.05843309499323368
2026-08-29 17:36:00,0.05843309499323368
2026-08-29 17:37:00,0.05843309499323368
2026-08-29 17:38:00,0.05843309499323368
2026-08-29 17:39:00,0.05843309499323368
2026-08-29 17:40:00,0.053095643408596516
2026-08-29 17:41:00,0.053095643408596516
2026-08-29 17:42:00,0.053095643408596516
2026-08-29 17:43:00,0.053095643408596516
2026-08-29 17:44:00,0.053095643408596516
2026-08-29 17:45:00,0.051719472743570805
2026-08-29 17:46:00,0.051719472743570805
2026-08-29 17:47:00,0.051719472743570805
2026-08-29 17:48:00,0.051719472743570805
2026-08-29 17:49:00,0.051719472743570805
2026-08-29 17:50:00,0.052129472605884075
2026-08-29 17:51:00,0.052129472605884075
2026-08-29 17:52:00,0.052129472605884075
2026-08-29 17:53:00,0.052129472605884075
2026-08-29 17:54:00,0.052129472605884075
2026-08-29 17:55:00,0.055598851293325424
2026-08-29 17:56:00,0.055598851293325424
2026-08-29 17:57:00,0.055598851293325424
2026-08-29 17:58:00,0.055598851293325424
2026-08-29 17:59:00,0.055598851293325424
2026-08-29 18:00:00,0.06387685518711805
2026-08-29 18:01:00,0.06387685518711805
2026-08-29 18:02:00,0.06387685518711805
2026-08-29 18:03:00,0.06387685518711805
2026-08-29 18:04:00,0.06387685518711805
2026-08-29 18:05:00,0.07175042200833559
2026-08-29 18:06:00,0.07175042200833559
2026-08-29 18:07:00,0.07175042200833559
2026-08-29 18:08:00,0.07175042200833559
2026-08-29 18:09:00,0.07175042200833559
2026-08-29 18:10:00,0.07179104536771774
2026-08-29 18:11:00,0.07179104536771774
2026-08-29 18:12:00,0.07179104536771774
2026-08-29 18:13:00,0.07179104536771774
2026-08-29 18:14:00,0.07179104536771774
2026-08-29 18:15:00,0.07092832680791616
2026-08-29 18:16:00,0.07092832680791616
2026-08-29 18:17:00,0.07092832680791616
2026-08-29 18:18:00,0.07092832680791616
2026-08-29 18:19:00,0.07092832680791616
2026-08-29 18:20:00,0.06561110727488995
2026-08-29 18:21:00,0.06561110727488995
2026-08-29 18:22:00,0.06561110727488995
2026-08-29 18:23:00,0.06561110727488995
2026-08-29 18:24:00,0.06561110727488995
2026-08-29 18:25:00,0.059211963787674904
2026-08-29 18:26:00,0.059211963787674904
2026-08-29 18:27:00,0.059211963787674904
2026-08-29 18:28:00,0.059211963787674904
2026-08-29 18:29:00,0.059211963787674904
2026-08-29 18:30:00,0.06137564219534397
2026-08-29 18:31:00,0.06137564219534397
2026-08-29 18:32:00,0.06137564219534397
2026-08-29 18:33:00,0.06137564219534397
2026-08-29 18:34:00,0.06137564219534397
2026-08-29 18:35:00,0.06047003623098135
2026-08-29 18:36:00,0.06047003623098135
2026-08-29 18:37:00,0.06047003623098135
2026-08-29 18:38:00,0.06047003623098135
2026-08-29 18:39:00,0.06047003623098135
2026-08-29 18:40:00,0.05856057908385992
2026-08-29 18:41:00,0.05856057908385992
2026-08-29 18:42:00,0.05856057908385992
2026-08-29 18:43:00,0.05856057908385992
2026-08-29 18:44:00,0.05856057908385992
2026-08-29 18:45:00,0.05562310665845871
2026-08-29 18:46:00,0.05562310665845871
2026-08-29 18:47:00,0.05562310665845871
2026-08-29 18:48:00,0.05562310665845871
2026-08-29 18:49:00,0.05562310665845871
2026-08-29 18:50:00,0.05667703598737717
2026-08-29 18:51:00,0.05667703598737717
2026-08-29 18:52:00,0.05667703598737717
2026-08-29 18:53:00,0.05667703598737717
2026-08-29 18:54:00,0.05667703598737717
2026-08-29 18:55:00,0.06720790266990662
2026-08-29 18:56:00,0.06720790266990662
2026-08-29 18:57:00,0.06720790266990662
2026-08-29 18:58:00,0.06720790266990662
2026-08-29 18:59:00,0.06720790266990662
2026-08-29 19:00:00,0.08233311492949724
2026-08-29 19:01:00,0.08233311492949724
2026-08-29 19:02:00,0.08233311492949724
2026-08-29 19:03:00,0.08233311492949724
2026-08-29 19:04:00,0.08233311492949724
2026-08-29 19:05:00,0.09682652167975903
2026-08-29 19:06:00,0.09682652167975903
2026-08-29 19:07:00,0.09682652167975903
2026-08-29 19:08:00,0.09682652167975903
2026-08-29 19:09:00,0.09682652167975903
2026-08-29 19:10:00,0.09540068358182907
2026-08-29 19:11:00,0.09540068358182907
2026-08-29 19:12:00,0.09540068358182907
2026-08-29 19:13:00,0.09540068358182907
2026-08-29 19:14:00,0.09540068358182907
2026-08-29 19:15:00,0.0846277279779315
2026-08-29 19:16:00,0.0846277279779315
2026-08-29 19:17:00,0.0846277279779315
2026-08-29 19:18:00,0.0846277279779315
2026-08-29 19:19:00,0.0846277279779315
2026-08-29 19:20:00,0.06769816670566797
2026-08-29 19:21:00,0.06769816670566797
2026-08-29 19:22:00,0.06769816670566797
2026-08-29 19:23:00,0.06769816670566797
2026-08-29 19:24:00,0.06769816670566797
2026-08-29 19:25:00,0.052621956914663315
2026-08-29 19:26:00,0.052621956914663315
2026-08-29 19:27:00,0.052621956914663315
2026-08-29 19:28:00,0.052621956914663315
2026-08-29 19:29:00,0.052621956914663315
2026-08-29 19:30:00,0.04593263939023018
2026-08-29 19:31:00,0.04593263939023018
2026-08-29 19:32:00,0.04593263939023018
2026-08-29 19:33:00,0.04593263939023018
2026-08-29 19:34:00,0.04593263939023018
2026-08-29 19:35:00,0.042623789049685
2026-08-29 19:36:00,0.042623789049685
2026-08-29 19:37:00,0.042623789049685
2026-08-29 19:38:00,0.042623789049685
2026-08-29 19:39:00,0.042623789049685
2026-08-29 19:40:00,0.04553819075226784
2026-08-29 19:41:00,0.04553819075226784
2026-08-29 19:42:00,0.04553819075226784
2026-08-29 19:43:00,0.04553819075226784
2026-08-29 19:44:00,0.04553819075226784
2026-08-29 19:45:00,0.04650717042386532
2026-08-29 19:46:00,0.04650717042386532
2026-08-29 19:47:00,0.04650717042386532
2026-08-29 19:48:00,0.04650717042386532
2026-08-29 19:49:00,0.04650717042386532
2026-08-29 19:50:00,0.04913755040615797
2026-08-29 19:51:00,0.04913755040615797
2026-08-29 19:52:00,0.04913755040615797
2026-08-29 19:53:00,0.04913755040615797
2026-08-29 19:54:00,0.04913755040615797
2026-08-29 19:55:00,0.04686638806015253
2026-08-29 19:56:00,0.04686638806015253
2026-08-29 19:57:00,0.04686638806015253
2026-08-29 19:58:00,0.04686638806015253
2026-08-29 19:59:00,0.04686638806015253
2026-08-29 20:00:00,0.04367458634078503
2026-08-29 20:01:00,0.04367458634078503
2026-08-29 20:02:00,0.04367458634078503
2026-08-29 20:03:00,0.04367458634078503
2026-08-29 20:04:00,0.04367458634078503
2026-08-29 20:05:00,0.043501295149326324
2026-08-29 20:06:00,0.043501295149326324
2026-08-29 20:07:00,0.043501295149326324
2026-08-29 20:08:00,0.043501295149326324
2026-08-29 20:09:00,0.043501295149326324
2026-08-29 20:10:00,0.045334598049521446
2026-08-29 20:11:00,0.045334598049521446
2026-08-29 20:12:00,0.045334598049521446
2026-08-29 20:13:00,0.045334598049521446
2026-08-29 20:14:00,0.045334598049521446
2026-08-29 20:15:00,0.05469699017703533
2026-08-29 20:16:00,0.05469699017703533
2026-08-29 20:17:00,0.05469699017703533
2026-08-29 20:18:00,0.05469699017703533
2026-08-29 20:19:00,0.05469699017703533
2026-08-29 20:20:00,0.05473206099122763
2026-08-29 20:21:00,0.05473206099122763
2026-08-29 20:22:00,0.05473206099122763
2026-08-29 20:23:00,0.05473206099122763
2026-08-29 20:24:00,0.05473206099122763
2026-08-29 20:25:00,0.05125916376709938
2026-08-29 20:26:00,0.05125916376709938
2026-08-29 20:27:00,0.05125916376709938
2026-08-29 20:28:00,0.05125916376709938
2026-08-29 20:29:00,0.05125916376709938
2026-08-29 20:30:00,0.051320514641702175
2026-08-29 20:31:00,0.051320514641702175
2026-08-29 20:32:00,0.051320514641702175
2026-08-29 20:33:00,0.051320514641702175
2026-08-29 20:34:00,0.051320514641702175
2026-08-29 20:35:00,0.053231884725391865
2026-08-29 20:36:00,0.053231884725391865
2026-08-29 20:37:00,0.053231884725391865
2026-08-29 20:38:00,0.053231884725391865
2026-08-29 20:39:00,0.053231884725391865
2026-08-29 20:40:00,0.05885830707848072
2026-08-29 20:41:00,0.05885830707848072
2026-08-29 20:42:00,0.05885830707848072
2026-08-29 20:43:00,0.05885830707848072
2026-08-29 20:44:00,0.05885830707848072
2026-08-29 20:45:00,0.06410346273332834
2026-08-29 20:46:00,0.06410346273332834
2026-08-29 20:47:00,0.06410346273332834
2026-08-29 20:48:00,0.06410346273332834
2026-08-29 20:49:00,0.06410346273332834
2026-08-29 20:50:00,0.06197649799287319
2026-08-29 20:51:00,0.06197649799287319
2026-08-29 20:52:00,0.06197649799287319
2026-08-29 20:53:00,0.06197649799287319
2026-08-29 20:54:00,0.06197649799287319
2026-08-29 20:55:00,0.05348269548267126
2026-08-29 20:56:00,0.05348269548267126
2026-08-29 20:57:00,0.05348269548267126
2026-08-29 20:58:00,0.05348269548267126
2026-08-29 20:59:00,0.05348269548267126
2026-08-29 21:00:00,0.050654562190175056
2026-08-29 21:01:00,0.050654562190175056
2026-08-29 21:02:00,0.050654562190175056
2026-08-29 21:03:00,0.050654562190175056
2026-08-29 21:04:00,0.050654562190175056
2026-08-29 21:05:00,0.051116855815052986
2026-08-29 21:06:00,0.051116855815052986
2026-08-29 21:07:00,0.051116855815052986
2026-08-29 21:08:00,0.051116855815052986
2026-08-29 21:09:00,0.051116855815052986
2026-08-29 21:10:00,0.05268143303692341
2026-08-29 21:11:00,0.05268143303692341
2026-08-29 21:12:00,0.05268143303692341
2026-08-29 21:13:00,0.05268143303692341
2026-08-29 21:14:00,0.05268143303692341
2026-08-29 21:15:00,0.05575238727033138
2026-08-29 21:16:00,0.05575238727033138
2026-08-29 21:17:00,0.05575238727033138
2026-08-29 21:18:00,0.05575238727033138
2026-08-29 21:19:00,0.05575238727033138
2026-08-29 21:20:00,0.05890748184174299
2026-08-29 21:21:00,0.05890748184174299
2026-08-29 21:22:00,0.05890748184174299
2026-08-29 21:23:00,0.05890748184174299
2026-08-29 21:24:00,0.05890748184174299
2026-08-29 21:25:00,0.05972346942871809
2026-08-29 21:26:00,0.05972346942871809
2026-08-29 21:27:00,0.05972346942871809
2026-08-29 21:28:00,0.05972346942871809
2026-08-29 21:29:00,0.05972346942871809
2026-08-29 21:30:00,0.06405222974717617
2026-08-29 21:31:00,0.06405222974717617
2026-08-29 21:32:00,0.06405222974717617
2026-08-29 21:33:00,0.06405222974717617
2026-08-29 21:34:00,0.06405222974717617
2026-08-29 21:35:00,0.06660187151283026
2026-08-29 21:36:00,0.06660187151283026
2026-08-29 21:37:00,0.06660187151283026
2026-08-29 21:38:00,0.06660187151283026
2026-08-29 21:39:00,0.06660187151283026
2026-08-29 21:40:00,0.0662316782400012
2026-08-29 21:41:00,0.0662316782400012
2026-08-29 21:42:00,0.0662316782400012
2026-08-29 21:43:00,0.0662316782400012
2026-08-29 21:44:00,0.0662316782400012
2026-08-29 21:45:00,0.07182116433978081
2026-08-29 21:46:00,0.07182116433978081
2026-08-29 21:47:00,0.07182116433978081
2026-08-29 21:48:00,0.07182116433978081
2026-08-29 21:49:00,0.07182116433978081
2026-08-29 21:50:00,0.06856225151568651
2026-08-29 21:51:00,0.06856225151568651
2026-08-29 21:52:00,0.06856225151568651
2026-08-29 21:53:00,0.06856225151568651
2026-08-29 21:54:00,0.06856225151568651
2026-08-29 21:55:00,0.06810493301600218
2026-08-29 21:56:00,0.06810493301600218
2026-08-29 21:57:00,0.06810493301600218
2026-08-29 21:58:00,0.06810493301600218
2026-08-29 21:59:00,0.06810493301600218
2026-08-29 22:00:00,0.06981939543038607
2026-08-29 22:01:00,0.06981939543038607
2026-08-29 22:02:00,0.06981939543038607
2026-08-29 22:03:00,0.06981939543038607
2026-08-29 22:04:00,0.06981939543038607
2026-08-29 22:05:00,0.05932150222361088
2026-08-29 22:06:00,0.05932150222361088
2026-08-29 22:07:00,0.05932150222361088
2026-08-29 22:08:00,0.05932150222361088
2026-08-29 22:09:00,0.05932150222361088
2026-08-29 22:10:00,0.05350204836577177
2026-08-29 22:11:00,0.05350204836577177
2026-08-29 22:12:00,0.05350204836577177
2026-08-29 22:13:00,0.05350204836577177
2026-08-29 22:14:00,0.05350204836577177
2026-08-29 22:15:00,0.04764656629413366
2026-08-29 22:16:00,0.04764656629413366
2026-08-29 22:17:00,0.04764656629413366
2026-08-29 22:18:00,0.04764656629413366
2026-08-29 22:19:00,0.04764656629413366
2026-08-29 22:20:00,0.041338371112942696
2026-08-29 22:21:00,0.041338371112942696
2026-08-29 22:22:00,0.041338371112942696
2026-08-29 22:23:00,0.041338371112942696
2026-08-29 22:24:00,0.041338371112942696
2026-08-29 22:25:00,0.04234153963625431
2026-08-29 22:26:00,0.04234153963625431
2026-08-29 22:27:00,0.04234153963625431
2026-08-29 22:28:00,0.04234153963625431
2026-08-29 22:29:00,0.04234153963625431
2026-08-29 22:30:00,0.046418821439146996
2026-08-29 22:31:00,0.046418821439146996
2026-08-29 22:32:00,0.046418821439146996
2026-08-29 22:33:00,0.046418821439146996
2026-08-29 22:34:00,0.046418821439146996
2026-08-29 22:35:00,0.048078300431370735
2026-08-29 22:36:00,0.048078300431370735
2026-08-29 22:37:00,0.048078300431370735
2026-08-29 22:38:00,0.048078300431370735
2026-08-29 22:39:00,0.048078300431370735
2026-08-29 22:40:00,0.04817081522196531
2026-08-29 22:41:00,0.04817081522196531
2026-08-29 22:42:00,0.04817081522196531
2026-08-29 22:43:00,0.04817081522196531
2026-08-29 22:44:00,0.04817081522196531
2026-08-29 22:45:00,0.05012955144047737
2026-08-29 22:46:00,0.05012955144047737
2026-08-29 22:47:00,0.05012955144047737
2026-08-29 22:48:00,0.05012955144047737
2026-08-29 22:49:00,0.05012955144047737
2026-08-29 22:50:00,0.051894111558794975
2026-08-29 22:51:00,0.051894111558794975
2026-08-29 22:52:00,0.051894111558794975
2026-08-29 22:53:00,0.051894111558794975
2026-08-29 22:54:00,0.051894111558794975
2026-08-29 22:55:00,0.05352451279759407
2026-08-29 22:56:00,0.05352451279759407
2026-08-29 22:57:00,0.05352451279759407
2026-08-29 22:58:00,0.05352451279759407
2026-08-29 22:59:00,0.05352451279759407
2026-08-29 23:00:00,0.05926474370062351
2026-08-29 23:01:00,0.05926474370062351
2026-08-29 23:02:00,0.05926474370062351
2026-08-29 23:03:00,0.05926474370062351
2026-08-29 23:04:00,0.05926474370062351
2026-08-29 23:05:00,0.06300104409456253
2026-08-29 23:06:00,0.06300104409456253
2026-08-29 23:07:00,0.06300104409456253
2026-08-29 23:08:00,0.06300104409456253
2026-08-29 23:09:00,0.06300104409456253
2026-08-29 23:10:00,0.06439406052231789
2026-08-29 23:11:00,0.06439406052231789
2026-08-29 23:12:00,0.06439406052231789
2026-08-29 23:13:00,0.06439406052231789
2026-08-29 23:14:00,0.06439406052231789
2026-08-29 23:15:00,0.07159640826284885
2026-08-29 23:16:00,0.07159640826284885
2026-08-29 23:17:00,0.07159640826284885
2026-08-29 23:18:00,0.07159640826284885
2026-08-29 23:19:00,0.07159640826284885
2026-08-29 23:20:00,0.0732764657586813
2026-08-29 23:21:00,0.0732764657586813
2026-08-29 23:22:00,0.0732764657586813
2026-08-29 23:23:00,0.0732764657586813
2026-08-29 23:24:00,0.0732764657586813
2026-08-29 23:25:00,0.06815335806459188
2026-08-29 23:26:00,0.06815335806459188
2026-08-29 23:27:00,0.06815335806459188
2026-08-29 23:28:00,0.06815335806459188
2026-08-29 23:29:00,0.06815335806459188
2026-08-29 23:30:00,0.06756580248475075
2026-08-29 23:31:00,0.06756580248475075
2026-08-29 23:32:00,0.06756580248475075
2026-08-29 23:33:00,0.06756580248475075
2026-08-29 23:34:00,0.06756580248475075
2026-08-29 23:35:00,0.06375549547374249
2026-08-29 23:36:00,0.06375549547374249
2026-08-29 23:37:00,0.06375549547374249
2026-08-29 23:38:00,0.06375549547374249
2026-08-29 23:39:00,0.06375549547374249
2026-08-29 23:40:00,0.06746307387948036
2026-08-29 23:41:00,0.06746307387948036
2026-08-29 23:42:00,0.06746307387948036
2026-08-29 23:43:00,0.06746307387948036
2026-08-29 23:44:00,0.06746307387948036
2026-08-29 23:45:00,0.07698820624500513
2026-08-29 23:46:00,0.07698820624500513
2026-08-29 23:47:00,0.07698820624500513
2026-08-29 23:48:00,0.07698820624500513
2026-08-29 23:49:00,0.07698820624500513
2026-08-29 23:50:00,0.07446069922298193
2026-08-29 23:51:00,0.07446069922298193
2026-08-29 23:52:00,0.07446069922298193
2026-08-29 23:53:00,0.07446069922298193
2026-08-29 23:54:00,0.07446069922298193
2026-08-29 23:55:00,0.06659805588424206
2026-08-29 23:56:00,0.06659805588424206
2026-08-29 23:57:00,0.06659805588424206
2026-08-29 23:58:00,0.06659805588424206
2026-08-29 23:59:00,0.06659805588424206
2026-08-30 00:00:00,0.05438887234777212
2026-08-30 00:01:00,0.05438887234777212
2026-08-30 00:02:00,0.05438887234777212
2026-08-30 00:03:00,0.05438887234777212
2026-08-30 00:04:00,0.05438887234777212
2026-08-30 00:05:00,0.046419888734817505
2026-08-30 00:06:00,0.046419888734817505
2026-08-30 00:07:00,0.046419888734817505
2026-08-30 00:08:00,0.046419888734817505
2026-08-30 00:09:00,0.046419888734817505
2026-08-30 00:10:00,0.05005402397364378
2026-08-30 00:11:00,0.05005402397364378
2026-08-30 00:12:00,0.05005402397364378
2026-08-30 00:13:00,0.05005402397364378
2026-08-30 00:14:00,0.05005402397364378
2026-08-30 00:15:00,0.06518152914941311
2026-08-30 00:16:00,0.06518152914941311
2026-08-30 00:17:00,0.06518152914941311
2026-08-30 00:18:00,0.06518152914941311
2026-08-30 00:19:00,0.06518152914941311
2026-08-30 00:20:00,0.1057325853034854
2026-08-30 00:21:00,0.1057325853034854
2026-08-30 00:22:00,0.1057325853034854
2026-08-30 00:23:00,0.1057325853034854
2026-08-30 00:24:00,0.1057325853034854
2026-08-30 00:25:00,0.14203558675944805
2026-08-30 00:26:00,0.14203558675944805
2026-08-30 00:27:00,0.14203558675944805
2026-08-30 00:28:00,0.14203558675944805
2026-08-30 00:29:00,0.14203558675944805
2026-08-30 00:30:00,0.1716859396547079
2026-08-30 00:31:00,0.1716859396547079
2026-08-30 00:32:00,0.1716859396547079
2026-08-30 00:33:00,0.1716859396547079
2026-08-30 00:34:00,0.1716859396547079
2026-08-30 00:35:00,0.19008689001202583
2026-08-30 00:36:00,0.19008689001202583
2026-08-30 00:37:00,0.19008689001202583
2026-08-30 00:38:00,0.19008689001202583
2026-08-30 00:39:00,0.19008689001202583
2026-08-30 00:40:00,0.15351568907499313
2026-08-30 00:41:00,0.15351568907499313
2026-08-30 00:42:00,0.15351568907499313
2026-08-30 00:43:00,0.15351568907499313
2026-08-30 00:44:00,0.15351568907499313
2026-08-30 00:45:00,0.11902675125747919
2026-08-30 00:46:00,0.11902675125747919
2026-08-30 00:47:00,0.11902675125747919
2026-08-30 00:48:00,0.11902675125747919
2026-08-30 00:49:00,0.11902675125747919
2026-08-30 00:50:00,0.08871204312890768
2026-08-30 00:51:00,0.08871204312890768
2026-08-30 00:52:00,0.08871204312890768
2026-08-30 00:53:00,0.08871204312890768
2026-08-30 00:54:00,0.08871204312890768
2026-08-30 00:55:00,0.05955999344587326
2026-08-30 00:56:00,0.05955999344587326
2026-08-30 00:57:00,0.05955999344587326
2026-08-30 00:58:00,0.05955999344587326
2026-08-30 00:59:00,0.05955999344587326
2026-08-30 01:00:00,0.05581641849130392
2026-08-30 01:01:00,0.05581641849130392
2026-08-30 01:02:00,0.05581641849130392
2026-08-30 01:03:00,0.05581641849130392
2026-08-30 01:04:00,0.05581641849130392
2026-08-30 01:05:00,0.05216171685606241
2026-08-30 01:06:00,0.05216171685606241
2026-08-30 01:07:00,0.05216171685606241
2026-08-30 01:08:00,0.05216171685606241
2026-08-30 01:09:00,0.05216171685606241
2026-08-30 01:10:00,0.046012901701033115
2026-08-30 01:11:00,0.046012901701033115
2026-08-30 01:12:00,0.046012901701033115
2026-08-30 01:13:00,0.046012901701033115
2026-08-30 01:14:00,0.046012901701033115
2026-08-30 01:15:00,0.040650151669979095
2026-08-30 01:16:00,0.040650151669979095
2026-08-30 01:17:00,0.040650151669979095
2026-08-30 01:18:00,0.040650151669979095
2026-08-30 01:19:00,0.040650151669979095
2026-08-30 01:20:00,0.03977594152092934
2026-08-30 01:21:00,0.03977594152092934
2026-08-30 01:22:00,0.03977594152092934
2026-08-30 01:23:00,0.03977594152092934
2026-08-30 01:24:00,0.03977594152092934
2026-08-30 01:25:00,0.04312237165868282
2026-08-30 01:26:00,0.04312237165868282
2026-08-30 01:27:00,0.04312237165868282
2026-08-30 01:28:00,0.04312237165868282
2026-08-30 01:29:00,0.04312237165868282
2026-08-30 01:30:00,0.04909198731184006
2026-08-30 01:31:00,0.04909198731184006
2026-08-30 01:32:00,0.04909198731184006
2026-08-30 01:33:00,0.04909198731184006
2026-08-30 01:34:00,0.04909198731184006
2026-08-30 01:35:00,0.06762520037591457
2026-08-30 01:36:00,0.06762520037591457
2026-08-30 01:37:00,0.06762520037591457
2026-08-30 01:38:00,0.06762520037591457
2026-08-30 01:39:00,0.06762520037591457
2026-08-30 01:40:00,0.09143575187772512
2026-08-30 01:41:00,0.09143575187772512
2026-08-30 01:42:00,0.09143575187772512
2026-08-30 01:43:00,0.09143575187772512
2026-08-30 01:44:00,0.09143575187772512
2026-08-30 01:45:00,0.10546606779098511
2026-08-30 01:46:00,0.10546606779098511
2026-08-30 01:47:00,0.10546606779098511
2026-08-30 01:48:00,0.10546606779098511
2026-08-30 01:49:00,0.10546606779098511
2026-08-30 01:50:00,0.11940176412463188
2026-08-30 01:51:00,0.11940176412463188
2026-08-30 01:52:00,0.11940176412463188
2026-08-30 01:53:00,0.11940176412463188
2026-08-30 01:54:00,0.11940176412463188
2026-08-30 01:55:00,0.11514388211071491
2026-08-30 01:56:00,0.11514388211071491
2026-08-30 01:57:00,0.11514388211071491
2026-08-30 01:58:00,0.11514388211071491
2026-08-30 01:59:00,0.11514388211071491
2026-08-30 02:00:00,0.09662311896681786
2026-08-30 02:01:00,0.09662311896681786
2026-08-30 02:02:00,0.09662311896681786
2026-08-30 02:03:00,0.09662311896681786
2026-08-30 02:04:00,0.09662311896681786
2026-08-30 02:05:00,0.0819820761680603
2026-08-30 02:06:00,0.0819820761680603
2026-08-30 02:07:00,0.0819820761680603
2026-08-30 02:08:00,0.0819820761680603
2026-08-30 02:09:00,0.0819820761680603
2026-08-30 02:10:00,0.07071849144995213
2026-08-30 02:11:00,0.07071849144995213
2026-08-30 02:12:00,0.07071849144995213
2026-08-30 02:13:00,0.07071849144995213
2026-08-30 02:14:00,0.07071849144995213
2026-08-30 02:15:00,0.06645340286195278
2026-08-30 02:16:00,0.06645340286195278
2026-08-30 02:17:00,0.06645340286195278
2026-08-30 02:18:00,0.06645340286195278
2026-08-30 02:19:00,0.06645340286195278
2026-08-30 02:20:00,0.06746050715446472
2026-08-30 02:21:00,0.06746050715446472
2026-08-30 02:22:00,0.06746050715446472
2026-08-30 02:23:00,0.06746050715446472
2026-08-30 02:24:00,0.06746050715446472
2026-08-30 02:25:00,0.07009209878742695
2026-08-30 02:26:00,0.07009209878742695
2026-08-30 02:27:00,0.07009209878742695
2026-08-30 02:28:00,0.07009209878742695
2026-08-30 02:29:00,0.07009209878742695
2026-08-30 02:30:00,0.07189217023551464
2026-08-30 02:31:00,0.07189217023551464
2026-08-30 02:32:00,0.07189217023551464
2026-08-30 02:33:00,0.07189217023551464
2026-08-30 02:34:00,0.07189217023551464
2026-08-30 02:35:00,0.07596732303500175
2026-08-30 02:36:00,0.07596732303500175
2026-08-30 02:37:00,0.07596732303500175
2026-08-30 02:38:00,0.07596732303500175
2026-08-30 02:39:00,0.07596732303500175
2026-08-30 02:40:00,0.07830775529146194
2026-08-30 02:41:00,0.07830775529146194
2026-08-30 02:42:00,0.07830775529146194
2026-08-30 02:43:00,0.07830775529146194
2026-08-30 02:44:00,0.07830775529146194
2026-08-30 02:45:00,0.07508056424558163
2026-08-30 02:46:00,0.07508056424558163
2026-08-30 02:47:00,0.07508056424558163
2026-08-30 02:48:00,0.07508056424558163
2026-08-30 02:49:00,0.07508056424558163
2026-08-30 02:50:00,0.07174442335963249
2026-08-30 02:51:00,0.07174442335963249
2026-08-30 02:52:00,0.07174442335963249
2026-08-30 02:53:00,0.07174442335963249
2026-08-30 02:54:00,0.07174442335963249
2026-08-30 02:55:00,0.0655211191624403
2026-08-30 02:56:00,0.0655211191624403
2026-08-30 02:57:00,0.0655211191624403
2026-08-30 02:58:00,0.0655211191624403
2026-08-30 02:59:00,0.0655211191624403
2026-08-30 03:00:00,0.06223868392407894
2026-08-30 03:01:00,0.06223868392407894
2026-08-30 03:02:00,0.06223868392407894
2026-08-30 03:03:00,0.06223868392407894
2026-08-30 03:04:00,0.06223868392407894
2026-08-30 03:05:00,0.062049562111496925
2026-08-30 03:06:00,0.062049562111496925
2026-08-30 03:07:00,0.062049562111496925
2026-08-30 03:08:00,0.062049562111496925
2026-08-30 03:09:00,0.062049562111496925
2026-08-30 03:10:00,0.05594805162400007
2026-08-30 03:11:00,0.05594805162400007
2026-08-30 03:12:00,0.05594805162400007
2026-08-30 03:13:00,0.05594805162400007
2026-08-30 03:14:00,0.05594805162400007
2026-08-30 03:15:00,0.054478189907968044
2026-08-30 03:16:00,0.054478189907968044
2026-08-30 03:17:00,0.054478189907968044
2026-08-30 03:18:00,0.054478189907968044
2026-08-30 03:19:00,0.054478189907968044
2026-08-30 03:20:00,0.05681756604462862
2026-08-30 03:21:00,0.05681756604462862
2026-08-30 03:22:00,0.05681756604462862
2026-08-30 03:23:00,0.05681756604462862
2026-08-30 03:24:00,0.05681756604462862
2026-08-30 03:25:00,0.06294190045446157
2026-08-30 03:26:00,0.06294190045446157
2026-08-30 03:27:00,0.06294190045446157
2026-08-30 03:28:00,0.06294190045446157
2026-08-30 03:29:00,0.06294190045446157
2026-08-30 03:30:00,0.06803042069077492
2026-08-30 03:31:00,0.06803042069077492
2026-08-30 03:32:00,0.06803042069077492
2026-08-30 03:33:00,0.06803042069077492
2026-08-30 03:34:00,0.06803042069077492
2026-08-30 03:35:00,0.07218615710735321
2026-08-30 03:36:00,0.07218615710735321
2026-08-30 03:37:00,0.07218615710735321
2026-08-30 03:38:00,0.07218615710735321
2026-08-30 03:39:00,0.07218615710735321
2026-08-30 03:40:00,0.07207266055047512
2026-08-30 03:41:00,0.07207266055047512
2026-08-30 03:42:00,0.07207266055047512
2026-08-30 03:43:00,0.07207266055047512
2026-08-30 03:44:00,0.07207266055047512
2026-08-30 03:45:00,0.07193337008357048
2026-08-30 03:46:00,0.07193337008357048
2026-08-30 03:47:00,0.07193337008357048
2026-08-30 03:48:00,0.07193337008357048
2026-08-30 03:49:00,0.07193337008357048
2026-08-30 03:50:00,0.07984101958572865
2026-08-30 03:51:00,0.07984101958572865
2026-08-30 03:52:00,0.07984101958572865
2026-08-30 03:53:00,0.07984101958572865
2026-08-30 03:54:00,0.07984101958572865
2026-08-30 03:55:00,0.08467000909149647
2026-08-30 03:56:00,0.08467000909149647
2026-08-30 03:57:00,0.08467000909149647
2026-08-30 03:58:00,0.08467000909149647
2026-08-30 03:59:00,0.08467000909149647
2026-08-30 04:00:00,0.0888450164347887
2026-08-30 04:01:00,0.0888450164347887
2026-08-30 04:02:00,0.0888450164347887
2026-08-30 04:03:00,0.0888450164347887
2026-08-30 04:04:00,0.0888450164347887
2026-08-30 04:05:00,0.08705137856304646
2026-08-30 04:06:00,0.08705137856304646
2026-08-30 04:07:00,0.08705137856304646
2026-08-30 04:08:00,0.08705137856304646
2026-08-30 04:09:00,0.08705137856304646
2026-08-30 04:10:00,0.10857206024229527
2026-08-30 04:11:00,0.10857206024229527
2026-08-30 04:12:00,0.10857206024229527
2026-08-30 04:13:00,0.10857206024229527
2026-08-30 04:14:00,0.10857206024229527
2026-08-30 04:15:00,0.13013401068747044
2026-08-30 04:16:00,0.13013401068747044
2026-08-30 04:17:00,0.13013401068747044
2026-08-30 04:18:00,0.13013401068747044
2026-08-30 04:19:00,0.13013401068747044
2026-08-30 04:20:00,0.15394617430865765
2026-08-30 04:21:00,0.15394617430865765
2026-08-30 04:22:00,0.15394617430865765
2026-08-30 04:23:00,0.15394617430865765
2026-08-30 04:24:00,0.15394617430865765
2026-08-30 04:25:00,0.1807456873357296
2026-08-30 04:26:00,0.1807456873357296
2026-08-30 04:27:00,0.1807456873357296
2026-08-30 04:28:00,0.1807456873357296
2026-08-30 04:29:00,0.1807456873357296
2026-08-30 04:30:00,0.1467906041070819
2026-08-30 04:31:00,0.1467906041070819
2026-08-30 04:32:00,0.1467906041070819
2026-08-30 04:33:00,0.1467906041070819
2026-08-30 04:34:00,0.1467906041070819
2026-08-30 04:35:00,0.11197034362703562
2026-08-30 04:36:00,0.11197034362703562
2026-08-30 04:37:00,0.11197034362703562
2026-08-30 04:38:00,0.11197034362703562
2026-08-30 04:39:00,0.11197034362703562
2026-08-30 04:40:00,0.07635479979217052
2026-08-30 04:41:00,0.07635479979217052
2026-08-30 04:42:00,0.07635479979217052
2026-08-30 04:43:00,0.07635479979217052
2026-08-30 04:44:00,0.07635479979217052
2026-08-30 04:45:00,0.045610109344124794
2026-08-30 04:46:00,0.045610109344124794
2026-08-30 04:47:00,0.045610109344124794
2026-08-30 04:48:00,0.045610109344124794
2026-08-30 04:49:00,0.045610109344124794
2026-08-30 04:50:00,0.045552642084658146
2026-08-30 04:51:00,0.045552642084658146
2026-08-30 04:52:00,0.045552642084658146
2026-08-30 04:53:00,0.045552642084658146
2026-08-30 04:54:00,0.045552642084658146
2026-08-30 04:55:00,0.047157322987914085
2026-08-30 04:56:00,0.047157322987914085
2026-08-30 04:57:00,0.047157322987914085
2026-08-30 04:58:00,0.047157322987914085
2026-08-30 04:59:00,0.047157322987914085
2026-08-30 05:00:00,0.0526410136371851
2026-08-30 05:01:00,0.0526410136371851
2026-08-30 05:02:00,0.0526410136371851
2026-08-30 05:03:00,0.0526410136371851
2026-08-30 05:04:00,0.0526410136371851
2026-08-30 05:05:00,0.05039666686207056
2026-08-30 05:06:00,0.05039666686207056
2026-08-30 05:07:00,0.05039666686207056
2026-08-30 05:08:00,0.05039666686207056
2026-08-30 05:09:00,0.05039666686207056
2026-08-30 05:10:00,0.051594723016023636
2026-08-30 05:11:00,0.051594723016023636
2026-08-30 05:12:00,0.051594723016023636
2026-08-30 05:13:00,0.051594723016023636
2026-08-30 05:14:00,0.051594723016023636
2026-08-30 05:15:00,0.05064857378602028
2026-08-30 05:16:00,0.05064857378602028
2026-08-30 05:17:00,0.05064857378602028
2026-08-30 05:18:00,0.05064857378602028
2026-08-30 05:19:00,0.05064857378602028
2026-08-30 05:20:00,0.04689723905175924
2026-08-30 05:21:00,0.04689723905175924
2026-08-30 05:22:00,0.04689723905175924
2026-08-30 05:23:00,0.04689723905175924
2026-08-30 05:24:00,0.04689723905175924
2026-08-30 05:25:00,0.04694566410034895
2026-08-30 05:26:00,0.04694566410034895
2026-08-30 05:27:00,0.04694566410034895
2026-08-30 05:28:00,0.04694566410034895
2026-08-30 05:29:00,0.04694566410034895
2026-08-30 05:30:00,0.04560576844960451
2026-08-30 05:31:00,0.04560576844960451
2026-08-30 05:32:00,0.04560576844960451
2026-08-30 05:33:00,0.04560576844960451
2026-08-30 05:34:00,0.04560576844960451
2026-08-30 05:35:00,0.04392797499895096
2026-08-30 05:36:00,0.04392797499895096
2026-08-30 05:37:00,0.04392797499895096
2026-08-30 05:38:00,0.04392797499895096
2026-08-30 05:39:00,0.04392797499895096
2026-08-30 05:40:00,0.04111010301858187
2026-08-30 05:41:00,0.04111010301858187
2026-08-30 05:42:00,0.04111010301858187
2026-08-30 05:43:00,0.04111010301858187
2026-08-30 05:44:00,0.04111010301858187
2026-08-30 05:45:00,0.04017848428338766
2026-08-30 05:46:00,0.04017848428338766
2026-08-30 05:47:00,0.04017848428338766
2026-08-30 05:48:00,0.04017848428338766
2026-08-30 05:49:00,0.04017848428338766
2026-08-30 05:50:00,0.040410444140434265
2026-08-30 05:51:00,0.040410444140434265
2026-08-30 05:52:00,0.040410444140434265
2026-08-30 05:53:00,0.040410444140434265
2026-08-30 05:54:00,0.040410444140434265
2026-08-30 05:55:00,0.04418029263615608
2026-08-30 05:56:00,0.04418029263615608
2026-08-30 05:57:00,0.04418029263615608
2026-08-30 05:58:00,0.04418029263615608
2026-08-30 05:59:00,0.04418029263615608
2026-08-30 06:00:00,0.04918368998914957
2026-08-30 06:01:00,0.04918368998914957
2026-08-30 06:02:00,0.04918368998914957
2026-08-30 06:03:00,0.04918368998914957
2026-08-30 06:04:00,0.04918368998914957
2026-08-30 06:05:00,0.0832555703818798
2026-08-30 06:06:00,0.0832555703818798
2026-08-30 06:07:00,0.0832555703818798
2026-08-30 06:08:00,0.0832555703818798
2026-08-30 06:09:00,0.0832555703818798
2026-08-30 06:10:00,0.11337823793292046
2026-08-30 06:11:00,0.11337823793292046
2026-08-30 06:12:00,0.11337823793292046
2026-08-30 06:13:00,0.11337823793292046
2026-08-30 06:14:00,0.11337823793292046
2026-08-30 06:15:00,0.1429788302630186
2026-08-30 06:16:00,0.1429788302630186
2026-08-30 06:17:00,0.1429788302630186
2026-08-30 06:18:00,0.1429788302630186
2026-08-30 06:19:00,0.1429788302630186
2026-08-30 06:20:00,0.17425046488642693
2026-08-30 06:21:00,0.17425046488642693
2026-08-30 06:22:00,0.17425046488642693
2026-08-30 06:23:00,0.17425046488642693
2026-08-30 06:24:00,0.17425046488642693
2026-08-30 06:25:00,0.15563430823385715
2026-08-30 06:26:00,0.15563430823385715
2026-08-30 06:27:00,0.15563430823385715
2026-08-30 06:28:00,0.15563430823385715
2026-08-30 06:29:00,0.15563430823385715
2026-08-30 06:30:00,0.13945098593831062
2026-08-30 06:31:00,0.13945098593831062
2026-08-30 06:32:00,0.13945098593831062
2026-08-30 06:33:00,0.13945098593831062
2026-08-30 06:34:00,0.13945098593831062
2026-08-30 06:35:00,0.11641150899231434
2026-08-30 06:36:00,0.11641150899231434
2026-08-30 06:37:00,0.11641150899231434
2026-08-30 06:38:00,0.11641150899231434
2026-08-30 06:39:00,0.11641150899231434
2026-08-30 06:40:00,0.08371628914028406
2026-08-30 06:41:00,0.08371628914028406
2026-08-30 06:42:00,0.08371628914028406
2026-08-30 06:43:00,0.08371628914028406
2026-08-30 06:44:00,0.08371628914028406
2026-08-30 06:45:00,0.06916896905750036
2026-08-30 06:46:00,0.06916896905750036
2026-08-30 06:47:00,0.06916896905750036
2026-08-30 06:48:00,0.06916896905750036
2026-08-30 06:49:00,0.06916896905750036
2026-08-30 06:50:00,0.06247274484485388
2026-08-30 06:51:00,0.06247274484485388
2026-08-30 06:52:00,0.06247274484485388
2026-08-30 06:53:00,0.06247274484485388
2026-08-30 06:54:00,0.06247274484485388
2026-08-30 06:55:00,0.06818380486220121
2026-08-30 06:56:00,0.06818380486220121
2026-08-30 06:57:00,0.06818380486220121
2026-08-30 06:58:00,0.06818380486220121
2026-08-30 06:59:00,0.06818380486220121
2026-08-30 07:00:00,0.07969235256314278
2026-08-30 07:01:00,0.07969235256314278
2026-08-30 07:02:00,0.07969235256314278
2026-08-30 07:03:00,0.07969235256314278
2026-08-30 07:04:00,0.07969235256314278
2026-08-30 07:05:00,0.0848599448800087
2026-08-30 07:06:00,0.0848599448800087
2026-08-30 07:07:00,0.0848599448800087
2026-08-30 07:08:00,0.0848599448800087
2026-08-30 07:09:00,0.0848599448800087
2026-08-30 07:10:00,0.0764729306101799
2026-08-30 07:11:00,0.0764729306101799
2026-08-30 07:12:00,0.0764729306101799
2026-08-30 07:13:00,0.0764729306101799
2026-08-30 07:14:00,0.0764729306101799
2026-08-30 07:15:00,0.06563048530369997
2026-08-30 07:16:00,0.06563048530369997
2026-08-30 07:17:00,0.06563048530369997
2026-08-30 07:18:00,0.06563048530369997
2026-08-30 07:19:00,0.06563048530369997
2026-08-30 07:20:00,0.058657106943428516
2026-08-30 07:21:00,0.058657106943428516
2026-08-30 07:22:00,0.058657106943428516
2026-08-30 07:23:00,0.058657106943428516
2026-08-30 07:24:00,0.058657106943428516
2026-08-30 07:25:00,0.05873516667634249
2026-08-30 07:26:00,0.05873516667634249
2026-08-30 07:27:00,0.05873516667634249
2026-08-30 07:28:00,0.05873516667634249
2026-08-30 07:29:00,0.05873516667634249
2026-08-30 07:30:00,0.07450366485863924
2026-08-30 07:31:00,0.07450366485863924
2026-08-30 07:32:00,0.07450366485863924
2026-08-30 07:33:00,0.07450366485863924
2026-08-30 07:34:00,0.07450366485863924
2026-08-30 07:35:00,0.08693262748420238
2026-08-30 07:36:00,0.08693262748420238
2026-08-30 07:37:00,0.08693262748420238
2026-08-30 07:38:00,0.08693262748420238
2026-08-30 07:39:00,0.08693262748420238
2026-08-30 07:40:00,0.09711129777133465
2026-08-30 07:41:00,0.09711129777133465
2026-08-30 07:42:00,0.09711129777133465
2026-08-30 07:43:00,0.09711129777133465
2026-08-30 07:44:00,0.09711129777133465
2026-08-30 07:45:00,0.10000687278807163
2026-08-30 07:46:00,0.10000687278807163
2026-08-30 07:47:00,0.10000687278807163
2026-08-30 07:48:00,0.10000687278807163
2026-08-30 07:49:00,0.10000687278807163
2026-08-30 07:50:00,0.08922541048377752
2026-08-30 07:51:00,0.08922541048377752
2026-08-30 07:52:00,0.08922541048377752
2026-08-30 07:53:00,0.08922541048377752
2026-08-30 07:54:00,0.08922541048377752
2026-08-30 07:55:00,0.07291292864829302
2026-08-30 07:56:00,0.07291292864829302
2026-08-30 07:57:00,0.07291292864829302
2026-08-30 07:58:00,0.07291292864829302
2026-08-30 07:59:00,0.07291292864829302
2026-08-30 08:00:00,0.057885088957846165
2026-08-30 08:01:00,0.057885088957846165
2026-08-30 08:02:00,0.057885088957846165
2026-08-30 08:03:00,0.057885088957846165
2026-08-30 08:04:00,0.057885088957846165
2026-08-30 08:05:00,0.05271736811846495
2026-08-30 08:06:00,0.05271736811846495
2026-08-30 08:07:00,0.05271736811846495
2026-08-30 08:08:00,0.05271736811846495
2026-08-30 08:09:00,0.05271736811846495
2026-08-30 08:10:00,0.049607652239501476
2026-08-30 08:11:00,0.049607652239501476
2026-08-30 08:12:00,0.049607652239501476
2026-08-30 08:13:00,0.049607652239501476
2026-08-30 08:14:00,0.049607652239501476
2026-08-30 08:15:00,0.05109995976090431
2026-08-30 08:16:00,0.05109995976090431
2026-08-30 08:17:00,0.05109995976090431
2026-08-30 08:18:00,0.05109995976090431
2026-08-30 08:19:00,0.05109995976090431
2026-08-30 08:20:00,0.051127091981470585
2026-08-30 08:21:00,0.051127091981470585
2026-08-30 08:22:00,0.051127091981470585
2026-08-30 08:23:00,0.051127091981470585
2026-08-30 08:24:00,0.051127091981470585
2026-08-30 08:25:00,0.051029753871262074
2026-08-30 08:26:00,0.051029753871262074
2026-08-30 08:27:00,0.051029753871262074
2026-08-30 08:28:00,0.051029753871262074
2026-08-30 08:29:00,0.051029753871262074
2026-08-30 08:30:00,0.05220280960202217
2026-08-30 08:31:00,0.05220280960202217
2026-08-30 08:32:00,0.05220280960202217
2026-08-30 08:33:00,0.05220280960202217
2026-08-30 08:34:00,0.05220280960202217
2026-08-30 08:35:00,0.051472038961946964
2026-08-30 08:36:00,0.051472038961946964
2026-08-30 08:37:00,0.051472038961946964
2026-08-30 08:38:00,0.051472038961946964
2026-08-30 08:39:00,0.051472038961946964
2026-08-30 08:40:00,0.0498008206486702
2026-08-30 08:41:00,0.0498008206486702
2026-08-30 08:42:00,0.0498008206486702
2026-08-30 08:43:00,0.0498008206486702
2026-08-30 08:44:00,0.0498008206486702
2026-08-30 08:45:00,0.046263513155281544
2026-08-30 08:46:00,0.046263513155281544
2026-08-30 08:47:00,0.046263513155281544
2026-08-30 08:48:00,0.046263513155281544
2026-08-30 08:49:00,0.046263513155281544
2026-08-30 08:50:00,0.04645089711993933
2026-08-30 08:51:00,0.04645089711993933
2026-08-30 08:52:00,0.04645089711993933
2026-08-30 08:53:00,0.04645089711993933
2026-08-30 08:54:00,0.04645089711993933
2026-08-30 08:55:00,0.04788857698440552
2026-08-30 08:56:00,0.04788857698440552
2026-08-30 08:57:00,0.04788857698440552
2026-08-30 08:58:00,0.04788857698440552
2026-08-30 08:59:00,0.04788857698440552
2026-08-30 09:00:00,0.05062506813555956
2026-08-30 09:01:00,0.05062506813555956
2026-08-30 09:02:00,0.05062506813555956
2026-08-30 09:03:00,0.05062506813555956
2026-08-30 09:04:00,0.05062506813555956
2026-08-30 09:05:00,0.05017921049147844
2026-08-30 09:06:00,0.05017921049147844
2026-08-30 09:07:00,0.05017921049147844
2026-08-30 09:08:00,0.05017921049147844
2026-08-30 09:09:00,0.05017921049147844
2026-08-30 09:10:00,0.051038133911788464
2026-08-30 09:11:00,0.051038133911788464
2026-08-30 09:12:00,0.051038133911788464
2026-08-30 09:13:00,0.051038133911788464
2026-08-30 09:14:00,0.051038133911788464
2026-08-30 09:15:00,0.0551883801817894
2026-08-30 09:16:00,0.0551883801817894
2026-08-30 09:17:00,0.0551883801817894
2026-08-30 09:18:00,0.0551883801817894
2026-08-30 09:19:00,0.0551883801817894
2026-08-30 09:20:00,0.066085041500628
2026-08-30 09:21:00,0.066085041500628
2026-08-30 09:22:00,0.066085041500628
2026-08-30 09:23:00,0.066085041500628
2026-08-30 09:24:00,0.066085041500628
2026-08-30 09:25:00,0.07936868816614151
2026-08-30 09:26:00,0.07936868816614151
2026-08-30 09:27:00,0.07936868816614151
2026-08-30 09:28:00,0.07936868816614151
2026-08-30 09:29:00,0.07936868816614151
2026-08-30 09:30:00,0.08597691729664803
2026-08-30 09:31:00,0.08597691729664803
2026-08-30 09:32:00,0.08597691729664803
2026-08-30 09:33:00,0.08597691729664803
2026-08-30 09:34:00,0.08597691729664803
2026-08-30 09:35:00,0.08782759867608547
2026-08-30 09:36:00,0.08782759867608547
2026-08-30 09:37:00,0.08782759867608547
2026-08-30 09:38:00,0.08782759867608547
2026-08-30 09:39:00,0.08782759867608547
2026-08-30 09:40:00,0.07979369908571243
2026-08-30 09:41:00,0.07979369908571243
2026-08-30 09:42:00,0.07979369908571243
2026-08-30 09:43:00,0.07979369908571243
2026-08-30 09:44:00,0.07979369908571243
2026-08-30 09:45:00,0.06874606106430292
2026-08-30 09:46:00,0.06874606106430292
2026-08-30 09:47:00,0.06874606106430292
2026-08-30 09:48:00,0.06874606106430292
2026-08-30 09:49:00,0.06874606106430292
2026-08-30 09:50:00,0.05995223205536604
2026-08-30 09:51:00,0.05995223205536604
2026-08-30 09:52:00,0.05995223205536604
2026-08-30 09:53:00,0.05995223205536604
2026-08-30 09:54:00,0.05995223205536604
2026-08-30 09:55:00,0.04933814238756895
2026-08-30 09:56:00,0.04933814238756895
2026-08-30 09:57:00,0.04933814238756895
2026-08-30 09:58:00,0.04933814238756895
2026-08-30 09:59:00,0.04933814238756895
2026-08-30 10:00:00,0.04112236574292183
2026-08-30 10:01:00,0.04112236574292183
2026-08-30 10:02:00,0.04112236574292183
2026-08-30 10:03:00,0.04112236574292183
2026-08-30 10:04:00,0.04112236574292183
2026-08-30 10:05:00,0.03907488472759724
2026-08-30 10:06:00,0.03907488472759724
2026-08-30 10:07:00,0.03907488472759724
2026-08-30 10:08:00,0.03907488472759724
2026-08-30 10:09:00,0.03907488472759724
2026-08-30 10:10:00,0.03696682769805193
2026-08-30 10:11:00,0.03696682769805193
2026-08-30 10:12:00,0.03696682769805193
2026-08-30 10:13:00,0.03696682769805193
2026-08-30 10:14:00,0.03696682769805193
2026-08-30 10:15:00,0.0422558281570673
2026-08-30 10:16:00,0.0422558281570673
2026-08-30 10:17:00,0.0422558281570673
2026-08-30 10:18:00,0.0422558281570673
2026-08-30 10:19:00,0.0422558281570673
2026-08-30 10:20:00,0.048922703601419926
2026-08-30 10:21:00,0.048922703601419926
2026-08-30 10:22:00,0.048922703601419926
2026-08-30 10:23:00,0.048922703601419926
2026-08-30 10:24:00,0.048922703601419926
2026-08-30 10:25:00,0.08425993099808693
2026-08-30 10:26:00,0.08425993099808693
2026-08-30 10:27:00,0.08425993099808693
2026-08-30 10:28:00,0.08425993099808693
2026-08-30 10:29:00,0.08425993099808693
2026-08-30 10:30:00,0.12383655179291964
2026-08-30 10:31:00,0.12383655179291964
2026-08-30 10:32:00,0.12383655179291964
2026-08-30 10:33:00,0.12383655179291964
2026-08-30 10:34:00,0.12383655179291964
2026-08-30 10:35:00,0.1581748202443123
2026-08-30 10:36:00,0.1581748202443123
2026-08-30 10:37:00,0.1581748202443123
2026-08-30 10:38:00,0.1581748202443123
2026-08-30 10:39:00,0.1581748202443123
2026-08-30 10:40:00,0.19446437805891037
2026-08-30 10:41:00,0.19446437805891037
2026-08-30 10:42:00,0.19446437805891037
2026-08-30 10:43:00,0.19446437805891037
2026-08-30 10:44:00,0.19446437805891037
2026-08-30 10:45:00,0.17192493751645088
2026-08-30 10:46:00,0.17192493751645088
2026-08-30 10:47:00,0.17192493751645088
2026-08-30 10:48:00,0.17192493751645088
2026-08-30 10:49:00,0.17192493751645088
2026-08-30 10:50:00,0.1416905503720045
2026-08-30 10:51:00,0.1416905503720045
2026-08-30 10:52:00,0.1416905503720045
2026-08-30 10:53:00,0.1416905503720045
2026-08-30 10:54:00,0.1416905503720045
2026-08-30 10:55:00,0.1171875
2026-08-30 10:56:00,0.1171875
2026-08-30 10:57:00,0.1171875
2026-08-30 10:58:00,0.1171875
2026-08-30 10:59:00,0.1171875
2026-08-30 11:00:00,0.08539743907749653
2026-08-30 11:01:00,0.08539743907749653
2026-08-30 11:02:00,0.08539743907749653
2026-08-30 11:03:00,0.08539743907749653
2026-08-30 11:04:00,0.08539743907749653
2026-08-30 11:05:00,0.07812875881791115
2026-08-30 11:06:00,0.07812875881791115
2026-08-30 11:07:00,0.07812875881791115
2026-08-30 11:08:00,0.07812875881791115
2026-08-30 11:09:00,0.07812875881791115
2026-08-30 11:10:00,0.07245256751775742
2026-08-30 11:11:00,0.07245256751775742
2026-08-30 11:12:00,0.07245256751775742
2026-08-30 11:13:00,0.07245256751775742
2026-08-30 11:14:00,0.07245256751775742
2026-08-30 11:15:00,0.05922706611454487
2026-08-30 11:16:00,0.05922706611454487
2026-08-30 11:17:00,0.05922706611454487
2026-08-30 11:18:00,0.05922706611454487
2026-08-30 11:19:00,0.05922706611454487
2026-08-30 11:20:00,0.04882075451314449
2026-08-30 11:21:00,0.04882075451314449
2026-08-30 11:22:00,0.04882075451314449
2026-08-30 11:23:00,0.04882075451314449
2026-08-30 11:24:00,0.04882075451314449
2026-08-30 11:25:00,0.044802773743867874
2026-08-30 11:26:00,0.044802773743867874
2026-08-30 11:27:00,0.044802773743867874
2026-08-30 11:28:00,0.044802773743867874
2026-08-30 11:29:00,0.044802773743867874
2026-08-30 11:30:00,0.04367650859057903
2026-08-30 11:31:00,0.04367650859057903
2026-08-30 11:32:00,0.04367650859057903
2026-08-30 11:33:00,0.04367650859057903
2026-08-30 11:34:00,0.04367650859057903
2026-08-30 11:35:00,0.0491399560123682
2026-08-30 11:36:00,0.0491399560123682
2026-08-30 11:37:00,0.0491399560123682
2026-08-30 11:38:00,0.0491399560123682
2026-08-30 11:39:00,0.0491399560123682
2026-08-30 11:40:00,0.0538712190464139
2026-08-30 11:41:00,0.0538712190464139
2026-08-30 11:42:00,0.0538712190464139
2026-08-30 11:43:00,0.0538712190464139
2026-08-30 11:44:00,0.0538712190464139
2026-08-30 11:45:00,0.05760346818715334
2026-08-30 11:46:00,0.05760346818715334
2026-08-30 11:47:00,0.05760346818715334
2026-08-30 11:48:00,0.05760346818715334
2026-08-30 11:49:00,0.05760346818715334
2026-08-30 11:50:00,0.058762090280652046
2026-08-30 11:51:00,0.058762090280652046
2026-08-30 11:52:00,0.058762090280652046
2026-08-30 11:53:00,0.058762090280652046
2026-08-30 11:54:00,0.058762090280652046
2026-08-30 11:55:00,0.05409117601811886
2026-08-30 11:56:00,0.05409117601811886
2026-08-30 11:57:00,0.05409117601811886
2026-08-30 11:58:00,0.05409117601811886
2026-08-30 11:59:00,0.05409117601811886
2026-08-30 12:00:00,0.05252919904887676
2026-08-30 12:01:00,0.05252919904887676
2026-08-30 12:02:00,0.05252919904887676
2026-08-30 12:03:00,0.05252919904887676
2026-08-30 12:04:00,0.05252919904887676
2026-08-30 12:05:00,0.05600554682314396
2026-08-30 12:06:00,0.05600554682314396
2026-08-30 12:07:00,0.05600554682314396
2026-08-30 12:08:00,0.05600554682314396
2026-08-30 12:09:00,0.05600554682314396
2026-08-30 12:10:00,0.05338436458259821
2026-08-30 12:11:00,0.05338436458259821
2026-08-30 12:12:00,0.05338436458259821
2026-08-30 12:13:00,0.05338436458259821
2026-08-30 12:14:00,0.05338436458259821
2026-08-30 12:15:00,0.05222069937735796
2026-08-30 12:16:00,0.05222069937735796
2026-08-30 12:17:00,0.05222069937735796
2026-08-30 12:18:00,0.05222069937735796
2026-08-30 12:19:00,0.05222069937735796
2026-08-30 12:20:00,0.05362232308834791
2026-08-30 12:21:00,0.05362232308834791
2026-08-30 12:22:00,0.05362232308834791
2026-08-30 12:23:00,0.05362232308834791
2026-08-30 12:24:00,0.05362232308834791
2026-08-30 12:25:00,0.051535758189857006
2026-08-30 12:26:00,0.051535758189857006
2026-08-30 12:27:00,0.051535758189857006
2026-08-30 12:28:00,0.051535758189857006
2026-08-30 12:29:00,0.051535758189857006
2026-08-30 12:30:00,0.05996446032077074
2026-08-30 12:31:00,0.05996446032077074
2026-08-30 12:32:00,0.05996446032077074
2026-08-30 12:33:00,0.05996446032077074
2026-08-30 12:34:00,0.05996446032077074
2026-08-30 12:35:00,0.07088561821728945
2026-08-30 12:36:00,0.07088561821728945
2026-08-30 12:37:00,0.07088561821728945
2026-08-30 12:38:00,0.07088561821728945
2026-08-30 12:39:00,0.07088561821728945
2026-08-30 12:40:00,0.07844683714210987
2026-08-30 12:41:00,0.07844683714210987
2026-08-30 12:42:00,0.07844683714210987
2026-08-30 12:43:00,0.07844683714210987
2026-08-30 12:44:00,0.07844683714210987
2026-08-30 12:45:00,0.0748733514919877
2026-08-30 12:46:00,0.0748733514919877
2026-08-30 12:47:00,0.0748733514919877
2026-08-30 12:48:00,0.0748733514919877
2026-08-30 12:49:00,0.0748733514919877
2026-08-30 12:50:00,0.06565872859209776
2026-08-30 12:51:00,0.06565872859209776
2026-08-30 12:52:00,0.06565872859209776
2026-08-30 12:53:00,0.06565872859209776
2026-08-30 12:54:00,0.06565872859209776
2026-08-30 12:55:00,0.053680917248129845
2026-08-30 12:56:00,0.053680917248129845
2026-08-30 12:57:00,0.053680917248129845
2026-08-30 12:58:00,0.053680917248129845
2026-08-30 12:59:00,0.053680917248129845
2026-08-30 13:00:00,0.04409128054976463
2026-08-30 13:01:00,0.04409128054976463
2026-08-30 13:02:00,0.04409128054976463
2026-08-30 13:03:00,0.04409128054976463
2026-08-30 13:04:00,0.04409128054976463
2026-08-30 13:05:00,0.04209328908473253
2026-08-30 13:06:00,0.04209328908473253
2026-08-30 13:07:00,0.04209328908473253
2026-08-30 13:08:00,0.04209328908473253
2026-08-30 13:09:00,0.04209328908473253
2026-08-30 13:10:00,0.04333136323839426
2026-08-30 13:11:00,0.04333136323839426
2026-08-30 13:12:00,0.04333136323839426
2026-08-30 13:13:00,0.04333136323839426
2026-08-30 13:14:00,0.04333136323839426
2026-08-30 13:15:00,0.04474729113280773
2026-08-30 13:16:00,0.04474729113280773
2026-08-30 13:17:00,0.04474729113280773
2026-08-30 13:18:00,0.04474729113280773
2026-08-30 13:19:00,0.04474729113280773
2026-08-30 13:20:00,0.046071101911365986
2026-08-30 13:21:00,0.046071101911365986
2026-08-30 13:22:00,0.046071101911365986
2026-08-30 13:23:00,0.046071101911365986
2026-08-30 13:24:00,0.046071101911365986
2026-08-30 13:25:00,0.04640761949121952
2026-08-30 13:26:00,0.04640761949121952
2026-08-30 13:27:00,0.04640761949121952
2026-08-30 13:28:00,0.04640761949121952
2026-08-30 13:29:00,0.04640761949121952
2026-08-30 13:30:00,0.0484459837898612
2026-08-30 13:31:00,0.0484459837898612
2026-08-30 13:32:00,0.0484459837898612
2026-08-30 13:33:00,0.0484459837898612
2026-08-30 13:34:00,0.0484459837898612
2026-08-30 13:35:00,0.052772847935557365
2026-08-30 13:36:00,0.052772847935557365
2026-08-30 13:37:00,0.052772847935557365
2026-08-30 13:38:00,0.052772847935557365
2026-08-30 13:39:00,0.052772847935557365
2026-08-30 13:40:00,0.05318920128047466
2026-08-30 13:41:00,0.05318920128047466
2026-08-30 13:42:00,0.05318920128047466
2026-08-30 13:43:00,0.05318920128047466
2026-08-30 13:44:00,0.05318920128047466
2026-08-30 13:45:00,0.05115850456058979
2026-08-30 13:46:00,0.05115850456058979
2026-08-30 13:47:00,0.05115850456058979
2026-08-30 13:48:00,0.05115850456058979
2026-08-30 13:49:00,0.05115850456058979
2026-08-30 13:50:00,0.049862420186400414
2026-08-30 13:51:00,0.049862420186400414
2026-08-30 13:52:00,0.049862420186400414
2026-08-30 13:53:00,0.049862420186400414
2026-08-30 13:54:00,0.049862420186400414
2026-08-30 13:55:00,0.054603676311671734
2026-08-30 13:56:00,0.054603676311671734
2026-08-30 13:57:00,0.054603676311671734
2026-08-30 13:58:00,0.054603676311671734
2026-08-30 13:59:00,0.054603676311671734
2026-08-30 14:00:00,0.06564376689493656
2026-08-30 14:01:00,0.06564376689493656
2026-08-30 14:02:00,0.06564376689493656
2026-08-30 14:03:00,0.06564376689493656
2026-08-30 14:04:00,0.06564376689493656
2026-08-30 14:05:00,0.08217957336455584
2026-08-30 14:06:00,0.08217957336455584
2026-08-30 14:07:00,0.08217957336455584
2026-08-30 14:08:00,0.08217957336455584
2026-08-30 14:09:00,0.08217957336455584
2026-08-30 14:10:00,0.09624025225639343
2026-08-30 14:11:00,0.09624025225639343
2026-08-30 14:12:00,0.09624025225639343
2026-08-30 14:13:00,0.09624025225639343
2026-08-30 14:14:00,0.09624025225639343
2026-08-30 14:15:00,0.09748021885752678
2026-08-30 14:16:00,0.09748021885752678
2026-08-30 14:17:00,0.09748021885752678
2026-08-30 14:18:00,0.09748021885752678
2026-08-30 14:19:00,0.09748021885752678
2026-08-30 14:20:00,0.09312931075692177
2026-08-30 14:21:00,0.09312931075692177
2026-08-30 14:22:00,0.09312931075692177
2026-08-30 14:23:00,0.09312931075692177
2026-08-30 14:24:00,0.09312931075692177
2026-08-30 14:25:00,0.08628943748772144
2026-08-30 14:26:00,0.08628943748772144
2026-08-30 14:27:00,0.08628943748772144
2026-08-30 14:28:00,0.08628943748772144
2026-08-30 14:29:00,0.08628943748772144
2026-08-30 14:30:00,0.073602176271379
2026-08-30 14:31:00,0.073602176271379
2026-08-30 14:32:00,0.073602176271379
2026-08-30 14:33:00,0.073602176271379
2026-08-30 14:34:00,0.073602176271379
2026-08-30 14:35:00,0.06879068445414305
2026-08-30 14:36:00,0.06879068445414305
2026-08-30 14:37:00,0.06879068445414305
2026-08-30 14:38:00,0.06879068445414305
2026-08-30 14:39:00,0.06879068445414305
2026-08-30 14:40:00,0.07027749996632338
2026-08-30 14:41:00,0.07027749996632338
2026-08-30 14:42:00,0.07027749996632338
2026-08-30 14:43:00,0.07027749996632338
2026-08-30 14:44:00,0.07027749996632338
2026-08-30 14:45:00,0.07518128585070372
2026-08-30 14:46:00,0.07518128585070372
2026-08-30 14:47:00,0.07518128585070372
2026-08-30 14:48:00,0.07518128585070372
2026-08-30 14:49:00,0.07518128585070372
2026-08-30 14:50:00,0.09224620275199413
2026-08-30 14:51:00,0.09224620275199413
2026-08-30 14:52:00,0.09224620275199413
2026-08-30 14:53:00,0.09224620275199413
2026-08-30 14:54:00,0.09224620275199413
2026-08-30 14:55:00,0.10235057771205902
2026-08-30 14:56:00,0.10235057771205902
2026-08-30 14:57:00,0.10235057771205902
2026-08-30 14:58:00,0.10235057771205902
2026-08-30 14:59:00,0.10235057771205902
2026-08-30 15:00:00,0.10314979590475559
2026-08-30 15:01:00,0.10314979590475559
2026-08-30 15:02:00,0.10314979590475559
2026-08-30 15:03:00,0.10314979590475559
2026-08-30 15:04:00,0.10314979590475559
2026-08-30 15:05:00,0.10064186342060566
2026-08-30 15:06:00,0.10064186342060566
2026-08-30 15:07:00,0.10064186342060566
2026-08-30 15:08:00,0.10064186342060566
2026-08-30 15:09:00,0.10064186342060566
2026-08-30 15:10:00,0.09252765029668808
2026-08-30 15:11:00,0.09252765029668808
2026-08-30 15:12:00,0.09252765029668808
2026-08-30 15:13:00,0.09252765029668808
2026-08-30 15:14:00,0.09252765029668808
2026-08-30 15:15:00,0.08681194670498371
2026-08-30 15:16:00,0.08681194670498371
2026-08-30 15:17:00,0.08681194670498371
2026-08-30 15:18:00,0.08681194670498371
2026-08-30 15:19:00,0.08681194670498371
2026-08-30 15:20:00,0.08564867079257965
2026-08-30 15:21:00,0.08564867079257965
2026-08-30 15:22:00,0.08564867079257965
2026-08-30 15:23:00,0.08564867079257965
2026-08-30 15:24:00,0.08564867079257965
2026-08-30 15:25:00,0.0778628857806325
2026-08-30 15:26:00,0.0778628857806325
2026-08-30 15:27:00,0.0778628857806325
2026-08-30 15:28:00,0.0778628857806325
2026-08-30 15:29:00,0.0778628857806325
2026-08-30 15:30:00,0.06660020258277655
2026-08-30 15:31:00,0.06660020258277655
2026-08-30 15:32:00,0.06660020258277655
2026-08-30 15:33:00,0.06660020258277655
2026-08-30 15:34:00,0.06660020258277655
2026-08-30 15:35:00,0.05560747720301151
2026-08-30 15:36:00,0.05560747720301151
2026-08-30 15:37:00,0.05560747720301151
2026-08-30 15:38:00,0.05560747720301151
2026-08-30 15:39:00,0.05560747720301151
2026-08-30 15:40:00,0.04678149428218603
2026-08-30 15:41:00,0.04678149428218603
2026-08-30 15:42:00,0.04678149428218603
2026-08-30 15:43:00,0.04678149428218603
2026-08-30 15:44:00,0.04678149428218603
2026-08-30 15:45:00,0.0463528735563159
2026-08-30 15:46:00,0.0463528735563159
2026-08-30 15:47:00,0.0463528735563159
2026-08-30 15:48:00,0.0463528735563159
2026-08-30 15:49:00,0.0463528735563159
2026-08-30 15:50:00,0.05127049330621958
2026-08-30 15:51:00,0.05127049330621958
2026-08-30 15:52:00,0.05127049330621958
2026-08-30 15:53:00,0.05127049330621958
2026-08-30 15:54:00,0.05127049330621958
2026-08-30 15:55:00,0.05651176907122135
2026-08-30 15:56:00,0.05651176907122135
2026-08-30 15:57:00,0.05651176907122135
2026-08-30 15:58:00,0.05651176907122135
2026-08-30 15:59:00,0.05651176907122135
2026-08-30 16:00:00,0.05678115040063858
2026-08-30 16:01:00,0.05678115040063858
2026-08-30 16:02:00,0.05678115040063858
2026-08-30 16:03:00,0.05678115040063858
2026-08-30 16:04:00,0.05678115040063858
2026-08-30 16:05:00,0.05326960887759924
2026-08-30 16:06:00,0.05326960887759924
2026-08-30 16:07:00,0.05326960887759924
2026-08-30 16:08:00,0.05326960887759924
2026-08-30 16:09:00,0.05326960887759924
2026-08-30 16:10:00,0.04765395447611809
2026-08-30 16:11:00,0.04765395447611809
2026-08-30 16:12:00,0.04765395447611809
2026-08-30 16:13:00,0.04765395447611809
2026-08-30 16:14:00,0.04765395447611809
2026-08-30 16:15:00,0.08874709159135818
2026-08-30 16:16:00,0.08874709159135818
2026-08-30 16:17:00,0.08874709159135818
2026-08-30 16:18:00,0.08874709159135818
2026-08-30 16:19:00,0.08874709159135818
2026-08-30 16:20:00,0.13463630992919207
2026-08-30 16:21:00,0.13463630992919207
2026-08-30 16:22:00,0.13463630992919207
2026-08-30 16:23:00,0.13463630992919207
2026-08-30 16:24:00,0.13463630992919207
2026-08-30 16:25:00,0.18242727871984243
2026-08-30 16:26:00,0.18242727871984243
2026-08-30 16:27:00,0.18242727871984243
2026-08-30 16:28:00,0.18242727871984243
2026-08-30 16:29:00,0.18242727871984243
2026-08-30 16:30:00,0.22996817156672478
2026-08-30 16:31:00,0.22996817156672478
2026-08-30 16:32:00,0.22996817156672478
2026-08-30 16:33:00,0.22996817156672478
2026-08-30 16:34:00,0.22996817156672478
2026-08-30 16:35:00,0.19072964787483215
2026-08-30 16:36:00,0.19072964787483215
2026-08-30 16:37:00,0.19072964787483215
2026-08-30 16:38:00,0.19072964787483215
2026-08-30 16:39:00,0.19072964787483215
2026-08-30 16:40:00,0.14919387362897396
2026-08-30 16:41:00,0.14919387362897396
2026-08-30 16:42:00,0.14919387362897396
2026-08-30 16:43:00,0.14919387362897396
2026-08-30 16:44:00,0.14919387362897396
2026-08-30 16:45:00,0.1071410421282053
2026-08-30 16:46:00,0.1071410421282053
2026-08-30 16:47:00,0.1071410421282053
2026-08-30 16:48:00,0.1071410421282053
2026-08-30 16:49:00,0.1071410421282053
2026-08-30 16:50:00,0.06701197102665901
2026-08-30 16:51:00,0.06701197102665901
2026-08-30 16:52:00,0.06701197102665901
2026-08-30 16:53:00,0.06701197102665901
2026-08-30 16:54:00,0.06701197102665901
2026-08-30 16:55:00,0.06636089831590652
2026-08-30 16:56:00,0.06636089831590652
2026-08-30 16:57:00,0.06636089831590652
2026-08-30 16:58:00,0.06636089831590652
2026-08-30 16:59:00,0.06636089831590652
2026-08-30 17:00:00,0.0642823213711381
2026-08-30 17:01:00,0.0642823213711381
2026-08-30 17:02:00,0.0642823213711381
2026-08-30 17:03:00,0.0642823213711381
2026-08-30 17:04:00,0.0642823213711381
2026-08-30 17:05:00,0.06306054815649986
2026-08-30 17:06:00,0.06306054815649986
2026-08-30 17:07:00,0.06306054815649986
2026-08-30 17:08:00,0.06306054815649986
2026-08-30 17:09:00,0.06306054815649986
2026-08-30 17:10:00,0.05882502906024456
2026-08-30 17:11:00,0.05882502906024456
2026-08-30 17:12:00,0.05882502906024456
2026-08-30 17:13:00,0.05882502906024456
2026-08-30 17:14:00,0.05882502906024456
2026-08-30 17:15:00,0.05615451093763113
2026-08-30 17:16:00,0.05615451093763113
2026-08-30 17:17:00,0.05615451093763113
2026-08-30 17:18:00,0.05615451093763113
2026-08-30 17:19:00,0.05615451093763113
2026-08-30 17:20:00,0.05709031596779823
2026-08-30 17:21:00,0.05709031596779823
2026-08-30 17:22:00,0.05709031596779823
2026-08-30 17:23:00,0.05709031596779823
2026-08-30 17:24:00,0.05709031596779823
2026-08-30 17:25:00,0.05632432457059622
2026-08-30 17:26:00,0.05632432457059622
2026-08-30 17:27:00,0.05632432457059622
2026-08-30 17:28:00,0.05632432457059622
2026-08-30 17:29:00,0.05632432457059622
2026-08-30 17:30:00,0.059750194661319256
2026-08-30 17:31:00,0.059750194661319256
2026-08-30 17:32:00,0.059750194661319256
2026-08-30 17:33:00,0.059750194661319256
2026-08-30 17:34:00,0.059750194661319256
2026-08-30 17:35:00,0.06789265759289265
2026-08-30 17:36:00,0.06789265759289265
2026-08-30 17:37:00,0.06789265759289265
2026-08-30 17:38:00,0.06789265759289265
2026-08-30 17:39:00,0.06789265759289265
2026-08-30 17:40:00,0.06894378922879696
2026-08-30 17:41:00,0.06894378922879696
2026-08-30 17:42:00,0.06894378922879696
2026-08-30 17:43:00,0.06894378922879696
2026-08-30 17:44:00,0.06894378922879696
2026-08-30 17:45:00,0.0717304740101099
2026-08-30 17:46:00,0.0717304740101099
2026-08-30 17:47:00,0.0717304740101099
2026-08-30 17:48:00,0.0717304740101099
2026-08-30 17:49:00,0.0717304740101099
2026-08-30 17:50:00,0.069818458519876
2026-08-30 17:51:00,0.069818458519876
2026-08-30 17:52:00,0.069818458519876
2026-08-30 17:53:00,0.069818458519876
2026-08-30 17:54:00,0.069818458519876
2026-08-30 17:55:00,0.06358339451253414
2026-08-30 17:56:00,0.06358339451253414
2026-08-30 17:57:00,0.06358339451253414
2026-08-30 17:58:00,0.06358339451253414
2026-08-30 17:59:00,0.06358339451253414
2026-08-30 18:00:00,0.06428170762956142
2026-08-30 18:01:00,0.06428170762956142
2026-08-30 18:02:00,0.06428170762956142
2026-08-30 18:03:00,0.06428170762956142
2026-08-30 18:04:00,0.06428170762956142
2026-08-30 18:05:00,0.059158009476959705
2026-08-30 18:06:00,0.059158009476959705
2026-08-30 18:07:00,0.059158009476959705
2026-08-30 18:08:00,0.059158009476959705
2026-08-30 18:09:00,0.059158009476959705
2026-08-30 18:10:00,0.05662569962441921
2026-08-30 18:11:00,0.05662569962441921
2026-08-30 18:12:00,0.05662569962441921
2026-08-30 18:13:00,0.05662569962441921
2026-08-30 18:14:00,0.05662569962441921
2026-08-30 18:15:00,0.061610800214111805
2026-08-30 18:16:00,0.061610800214111805
2026-08-30 18:17:00,0.061610800214111805
2026-08-30 18:18:00,0.061610800214111805
2026-08-30 18:19:00,0.061610800214111805
2026-08-30 18:20:00,0.07024658378213644
2026-08-30 18:21:00,0.07024658378213644
2026-08-30 18:22:00,0.07024658378213644
2026-08-30 18:23:00,0.07024658378213644
2026-08-30 18:24:00,0.07024658378213644
2026-08-30 18:25:00,0.08234848268330097
2026-08-30 18:26:00,0.08234848268330097
2026-08-30 18:27:00,0.08234848268330097
2026-08-30 18:28:00,0.08234848268330097
2026-08-30 18:29:00,0.08234848268330097
2026-08-30 18:30:00,0.09184673987329006
2026-08-30 18:31:00,0.09184673987329006
2026-08-30 18:32:00,0.09184673987329006
2026-08-30 18:33:00,0.09184673987329006
2026-08-30 18:34:00,0.09184673987329006
2026-08-30 18:35:00,0.08739113062620163
2026-08-30 18:36:00,0.08739113062620163
2026-08-30 18:37:00,0.08739113062620163
2026-08-30 18:38:00,0.08739113062620163
2026-08-30 18:39:00,0.08739113062620163
2026-08-30 18:40:00,0.07665396109223366
2026-08-30 18:41:00,0.07665396109223366
2026-08-30 18:42:00,0.07665396109223366
2026-08-30 18:43:00,0.07665396109223366
2026-08-30 18:44:00,0.07665396109223366
2026-08-30 18:45:00,0.06796426884829998
2026-08-30 18:46:00,0.06796426884829998
2026-08-30 18:47:00,0.06796426884829998
2026-08-30 18:48:00,0.06796426884829998
2026-08-30 18:49:00,0.06796426884829998
2026-08-30 18:50:00,0.0654151663184166
2026-08-30 18:51:00,0.0654151663184166
2026-08-30 18:52:00,0.0654151663184166
2026-08-30 18:53:00,0.0654151663184166
2026-08-30 18:54:00,0.0654151663184166
2026-08-30 18:55:00,0.07462952472269535
2026-08-30 18:56:00,0.07462952472269535
2026-08-30 18:57:00,0.07462952472269535
2026-08-30 18:58:00,0.07462952472269535
2026-08-30 18:59:00,0.07462952472269535
2026-08-30 19:00:00,0.0779140405356884
2026-08-30 19:01:00,0.0779140405356884
2026-08-30 19:02:00,0.0779140405356884
2026-08-30 19:03:00,0.0779140405356884
2026-08-30 19:04:00,0.0779140405356884
2026-08-30 19:05:00,0.07754802331328392
2026-08-30 19:06:00,0.07754802331328392
2026-08-30 19:07:00,0.07754802331328392
2026-08-30 19:08:00,0.07754802331328392
2026-08-30 19:09:00,0.07754802331328392
2026-08-30 19:10:00,0.07253092899918556
2026-08-30 19:11:00,0.07253092899918556
2026-08-30 19:12:00,0.07253092899918556
2026-08-30 19:13:00,0.07253092899918556
2026-08-30 19:14:00,0.07253092899918556
2026-08-30 19:15:00,0.07025694847106934
2026-08-30 19:16:00,0.07025694847106934
2026-08-30 19:17:00,0.07025694847106934
2026-08-30 19:18:00,0.07025694847106934
2026-08-30 19:19:00,0.07025694847106934
2026-08-30 19:20:00,0.07827629148960114
2026-08-30 19:21:00,0.07827629148960114
2026-08-30 19:22:00,0.07827629148960114
2026-08-30 19:23:00,0.07827629148960114
2026-08-30 19:24:00,0.07827629148960114
2026-08-30 19:25:00,0.08894146047532558
2026-08-30 19:26:00,0.08894146047532558
2026-08-30 19:27:00,0.08894146047532558
2026-08-30 19:28:00,0.08894146047532558
2026-08-30 19:29:00,0.08894146047532558
2026-08-30 19:30:00,0.09798602014780045
2026-08-30 19:31:00,0.09798602014780045
2026-08-30 19:32:00,0.09798602014780045
2026-08-30 19:33:00,0.09798602014780045
2026-08-30 19:34:00,0.09798602014780045
2026-08-30 19:35:00,0.09822852909564972
2026-08-30 19:36:00,0.09822852909564972
2026-08-30 19:37:00,0.09822852909564972
2026-08-30 19:38:00,0.09822852909564972
2026-08-30 19:39:00,0.09822852909564972
2026-08-30 19:40:00,0.08660183940082788
2026-08-30 19:41:00,0.08660183940082788
2026-08-30 19:42:00,0.08660183940082788
2026-08-30 19:43:00,0.08660183940082788
2026-08-30 19:44:00,0.08660183940082788
2026-08-30 19:45:00,0.07344001065939665
2026-08-30 19:46:00,0.07344001065939665
2026-08-30 19:47:00,0.07344001065939665
2026-08-30 19:48:00,0.07344001065939665
2026-08-30 19:49:00,0.07344001065939665
2026-08-30 19:50:00,0.06294896174222231
2026-08-30 19:51:00,0.06294896174222231
2026-08-30 19:52:00,0.06294896174222231
2026-08-30 19:53:00,0.06294896174222231
2026-08-30 19:54:00,0.06294896174222231
2026-08-30 19:55:00,0.05807520728558302
2026-08-30 19:56:00,0.05807520728558302
2026-08-30 19:57:00,0.05807520728558302
2026-08-30 19:58:00,0.05807520728558302
2026-08-30 19:59:00,0.05807520728558302
2026-08-30 20:00:00,0.06218236871063709
2026-08-30 20:01:00,0.06218236871063709
2026-08-30 20:02:00,0.06218236871063709
2026-08-30 20:03:00,0.06218236871063709
2026-08-30 20:04:00,0.06218236871063709
2026-08-30 20:05:00,0.06505133211612701
2026-08-30 20:06:00,0.06505133211612701
2026-08-30 20:07:00,0.06505133211612701
2026-08-30 20:08:00,0.06505133211612701
2026-08-30 20:09:00,0.06505133211612701
2026-08-30 20:10:00,0.06540004629641771
2026-08-30 20:11:00,0.06540004629641771
2026-08-30 20:12:00,0.06540004629641771
2026-08-30 20:13:00,0.06540004629641771
2026-08-30 20:14:00,0.06540004629641771
2026-08-30 20:15:00,0.06059093959629536
2026-08-30 20:16:00,0.06059093959629536
2026-08-30 20:17:00,0.06059093959629536
2026-08-30 20:18:00,0.06059093959629536
2026-08-30 20:19:00,0.06059093959629536
2026-08-30 20:20:00,0.058304060250520706
2026-08-30 20:21:00,0.058304060250520706
2026-08-30 20:22:00,0.058304060250520706
2026-08-30 20:23:00,0.058304060250520706
2026-08-30 20:24:00,0.058304060250520706
2026-08-30 20:25:00,0.0595566276460886
2026-08-30 20:26:00,0.0595566276460886
2026-08-30 20:27:00,0.0595566276460886
2026-08-30 20:28:00,0.0595566276460886
2026-08-30 20:29:00,0.0595566276460886
2026-08-30 20:30:00,0.058755150996148586
2026-08-30 20:31:00,0.058755150996148586
2026-08-30 20:32:00,0.058755150996148586
2026-08-30 20:33:00,0.058755150996148586
2026-08-30 20:34:00,0.058755150996148586
2026-08-30 20:35:00,0.058908237144351006
2026-08-30 20:36:00,0.058908237144351006
2026-08-30 20:37:00,0.058908237144351006
2026-08-30 20:38:00,0.058908237144351006
2026-08-30 20:39:00,0.058908237144351006
2026-08-30 20:40:00,0.05263582989573479
2026-08-30 20:41:00,0.05263582989573479
2026-08-30 20:42:00,0.05263582989573479
2026-08-30 20:43:00,0.05263582989573479
2026-08-30 20:44:00,0.05263582989573479
2026-08-30 20:45:00,0.04899754375219345
2026-08-30 20:46:00,0.04899754375219345
2026-08-30 20:47:00,0.04899754375219345
2026-08-30 20:48:00,0.04899754375219345
2026-08-30 20:49:00,0.04899754375219345
2026-08-30 20:50:00,0.04777960292994976
2026-08-30 20:51:00,0.04777960292994976
2026-08-30 20:52:00,0.04777960292994976
2026-08-30 20:53:00,0.04777960292994976
2026-08-30 20:54:00,0.04777960292994976
2026-08-30 20:55:00,0.047828078269958496
2026-08-30 20:56:00,0.047828078269958496
2026-08-30 20:57:00,0.047828078269958496
2026-08-30 20:58:00,0.047828078269958496
2026-08-30 20:59:00,0.047828078269958496
2026-08-30 21:00:00,0.05812312662601471
2026-08-30 21:01:00,0.05812312662601471
2026-08-30 21:02:00,0.05812312662601471
2026-08-30 21:03:00,0.05812312662601471
2026-08-30 21:04:00,0.05812312662601471
2026-08-30 21:05:00,0.06926234252750874
2026-08-30 21:06:00,0.06926234252750874
2026-08-30 21:07:00,0.06926234252750874
2026-08-30 21:08:00,0.06926234252750874
2026-08-30 21:09:00,0.06926234252750874
2026-08-30 21:10:00,0.08214044570922852
2026-08-30 21:11:00,0.08214044570922852
2026-08-30 21:12:00,0.08214044570922852
2026-08-30 21:13:00,0.08214044570922852
2026-08-30 21:14:00,0.08214044570922852
2026-08-30 21:15:00,0.08647180534899235
2026-08-30 21:16:00,0.08647180534899235
2026-08-30 21:17:00,0.08647180534899235
2026-08-30 21:18:00,0.08647180534899235
2026-08-30 21:19:00,0.08647180534899235
2026-08-30 21:20:00,0.07572839595377445
2026-08-30 21:21:00,0.07572839595377445
2026-08-30 21:22:00,0.07572839595377445
2026-08-30 21:23:00,0.07572839595377445
2026-08-30 21:24:00,0.07572839595377445
2026-08-30 21:25:00,0.06075320579111576
2026-08-30 21:26:00,0.06075320579111576
2026-08-30 21:27:00,0.06075320579111576
2026-08-30 21:28:00,0.06075320579111576
2026-08-30 21:29:00,0.06075320579111576
2026-08-30 21:30:00,0.04618500266224146
2026-08-30 21:31:00,0.04618500266224146
2026-08-30 21:32:00,0.04618500266224146
2026-08-30 21:33:00,0.04618500266224146
2026-08-30 21:34:00,0.04618500266224146
2026-08-30 21:35:00,0.03678878955543041
2026-08-30 21:36:00,0.03678878955543041
2026-08-30 21:37:00,0.03678878955543041
2026-08-30 21:38:00,0.03678878955543041
2026-08-30 21:39:00,0.03678878955543041
2026-08-30 21:40:00,0.03592352755367756
2026-08-30 21:41:00,0.03592352755367756
2026-08-30 21:42:00,0.03592352755367756
2026-08-30 21:43:00,0.03592352755367756
2026-08-30 21:44:00,0.03592352755367756
2026-08-30 21:45:00,0.03816853370517492
2026-08-30 21:46:00,0.03816853370517492
2026-08-30 21:47:00,0.03816853370517492
2026-08-30 21:48:00,0.03816853370517492
2026-08-30 21:49:00,0.03816853370517492
2026-08-30 21:50:00,0.039276436902582645
2026-08-30 21:51:00,0.039276436902582645
2026-08-30 21:52:00,0.039276436902582645
2026-08-30 21:53:00,0.039276436902582645
2026-08-30 21:54:00,0.039276436902582645
2026-08-30 21:55:00,0.04404809605330229
2026-08-30 21:56:00,0.04404809605330229
2026-08-30 21:57:00,0.04404809605330229
2026-08-30 21:58:00,0.04404809605330229
2026-08-30 21:59:00,0.04404809605330229
2026-08-30 22:00:00,0.06009824853390455
2026-08-30 22:01:00,0.06009824853390455
2026-08-30 22:02:00,0.06009824853390455
2026-08-30 22:03:00,0.06009824853390455
2026-08-30 22:04:00,0.06009824853390455
2026-08-30 22:05:00,0.08095584623515606
2026-08-30 22:06:00,0.08095584623515606
2026-08-30 22:07:00,0.08095584623515606
2026-08-30 22:08:00,0.08095584623515606
2026-08-30 22:09:00,0.08095584623515606
2026-08-30 22:10:00,0.10379464086145163
2026-08-30 22:11:00,0.10379464086145163
2026-08-30 22:12:00,0.10379464086145163
2026-08-30 22:13:00,0.10379464086145163
2026-08-30 22:14:00,0.10379464086145163
2026-08-30 22:15:00,0.11887749098241329
2026-08-30 22:16:00,0.11887749098241329
2026-08-30 22:17:00,0.11887749098241329
2026-08-30 22:18:00,0.11887749098241329
2026-08-30 22:19:00,0.11887749098241329
2026-08-30 22:20:00,0.11705096811056137
2026-08-30 22:21:00,0.11705096811056137
2026-08-30 22:22:00,0.11705096811056137
2026-08-30 22:23:00,0.11705096811056137
2026-08-30 22:24:00,0.11705096811056137
2026-08-30 22:25:00,0.10218602046370506
2026-08-30 22:26:00,0.10218602046370506
2026-08-30 22:27:00,0.10218602046370506
2026-08-30 22:28:00,0.10218602046370506
2026-08-30 22:29:00,0.10218602046370506
2026-08-30 22:30:00,0.07961425743997097
2026-08-30 22:31:00,0.07961425743997097
2026-08-30 22:32:00,0.07961425743997097
2026-08-30 22:33:00,0.07961425743997097
2026-08-30 22:34:00,0.07961425743997097
2026-08-30 22:35:00,0.06290248222649097
2026-08-30 22:36:00,0.06290248222649097
2026-08-30 22:37:00,0.06290248222649097
2026-08-30 22:38:00,0.06290248222649097
2026-08-30 22:39:00,0.06290248222649097
2026-08-30 22:40:00,0.058039477095007896
2026-08-30 22:41:00,0.058039477095007896
2026-08-30 22:42:00,0.058039477095007896
2026-08-30 22:43:00,0.058039477095007896
2026-08-30 22:44:00,0.058039477095007896
2026-08-30 22:45:00,0.06132892891764641
2026-08-30 22:46:00,0.06132892891764641
2026-08-30 22:47:00,0.06132892891764641
2026-08-30 22:48:00,0.06132892891764641
2026-08-30 22:49:00,0.06132892891764641
2026-08-30 22:50:00,0.07078742794692516
2026-08-30 22:51:00,0.07078742794692516
2026-08-30 22:52:00,0.07078742794692516
2026-08-30 22:53:00,0.07078742794692516
2026-08-30 22:54:00,0.07078742794692516
2026-08-30 22:55:00,0.08106373064219952
2026-08-30 22:56:00,0.08106373064219952
2026-08-30 22:57:00,0.08106373064219952
2026-08-30 22:58:00,0.08106373064219952
2026-08-30 22:59:00,0.08106373064219952
2026-08-30 23:00:00,0.08210524916648865
2026-08-30 23:01:00,0.08210524916648865
2026-08-30 23:02:00,0.08210524916648865
2026-08-30 23:03:00,0.08210524916648865
2026-08-30 23:04:00,0.08210524916648865
2026-08-30 23:05:00,0.07808868400752544
2026-08-30 23:06:00,0.07808868400752544
2026-08-30 23:07:00,0.07808868400752544
2026-08-30 23:08:00,0.07808868400752544
2026-08-30 23:09:00,0.07808868400752544
2026-08-30 23:10:00,0.07409979030489922
2026-08-30 23:11:00,0.07409979030489922
2026-08-30 23:12:00,0.07409979030489922
2026-08-30 23:13:00,0.07409979030489922
2026-08-30 23:14:00,0.07409979030489922
2026-08-30 23:15:00,0.06642924435436726
2026-08-30 23:16:00,0.06642924435436726
2026-08-30 23:17:00,0.06642924435436726
2026-08-30 23:18:00,0.06642924435436726
2026-08-30 23:19:00,0.06642924435436726
2026-08-30 23:20:00,0.057350462302565575
2026-08-30 23:21:00,0.057350462302565575
2026-08-30 23:22:00,0.057350462302565575
2026-08-30 23:23:00,0.057350462302565575
2026-08-30 23:24:00,0.057350462302565575
2026-08-30 23:25:00,0.0509742870926857
2026-08-30 23:26:00,0.0509742870926857
2026-08-30 23:27:00,0.0509742870926857
2026-08-30 23:28:00,0.0509742870926857
2026-08-30 23:29:00,0.0509742870926857
2026-08-30 23:30:00,0.04366305097937584
2026-08-30 23:31:00,0.04366305097937584
2026-08-30 23:32:00,0.04366305097937584
2026-08-30 23:33:00,0.04366305097937584
2026-08-30 23:34:00,0.04366305097937584
2026-08-30 23:35:00,0.03986227046698332
2026-08-30 23:36:00,0.03986227046698332
2026-08-30 23:37:00,0.03986227046698332
2026-08-30 23:38:00,0.03986227046698332
2026-08-30 23:39:00,0.03986227046698332
2026-08-30 23:40:00,0.04140586592257023
2026-08-30 23:41:00,0.04140586592257023
2026-08-30 23:42:00,0.04140586592257023
2026-08-30 23:43:00,0.04140586592257023
2026-08-30 23:44:00,0.04140586592257023
2026-08-30 23:45:00,0.04330966901034117
2026-08-30 23:46:00,0.04330966901034117
2026-08-30 23:47:00,0.04330966901034117
2026-08-30 23:48:00,0.04330966901034117
2026-08-30 23:49:00,0.04330966901034117
2026-08-30 23:50:00,0.04813304264098406
2026-08-30 23:51:00,0.04813304264098406
2026-08-30 23:52:00,0.04813304264098406
2026-08-30 23:53:00,0.04813304264098406
2026-08-30 23:54:00,0.04813304264098406
2026-08-30 23:55:00,0.05254672281444073
2026-08-30 23:56:00,0.05254672281444073
2026-08-30 23:57:00,0.05254672281444073
2026-08-30 23:58:00,0.05254672281444073
2026-08-30 23:59:00,0.05254672281444073
2026-08-31 00:00:00,0.09516661148518324
2026-08-31 00:01:00,0.09516661148518324
2026-08-31 00:02:00,0.09516661148518324
2026-08-31 00:03:00,0.09516661148518324
2026-08-31 00:04:00,0.09516661148518324
2026-08-31 00:05:00,0.13794804736971855
2026-08-31 00:06:00,0.13794804736971855
2026-08-31 00:07:00,0.13794804736971855
2026-08-31 00:08:00,0.13794804736971855
2026-08-31 00:09:00,0.13794804736971855
2026-08-31 00:10:00,0.17492831125855446
2026-08-31 00:11:00,0.17492831125855446
2026-08-31 00:12:00,0.17492831125855446
2026-08-31 00:13:00,0.17492831125855446
2026-08-31 00:14:00,0.17492831125855446
2026-08-31 00:15:00,0.20997751504182816
2026-08-31 00:16:00,0.20997751504182816
2026-08-31 00:17:00,0.20997751504182816
2026-08-31 00:18:00,0.20997751504182816
2026-08-31 00:19:00,0.20997751504182816
2026-08-31 00:20:00,0.1719261948019266
2026-08-31 00:21:00,0.1719261948019266
2026-08-31 00:22:00,0.1719261948019266
2026-08-31 00:23:00,0.1719261948019266
2026-08-31 00:24:00,0.1719261948019266
2026-08-31 00:25:00,0.1298232041299343
2026-08-31 00:26:00,0.1298232041299343
2026-08-31 00:27:00,0.1298232041299343
2026-08-31 00:28:00,0.1298232041299343
2026-08-31 00:29:00,0.1298232041299343
2026-08-31 00:30:00,0.09127054829150438
2026-08-31 00:31:00,0.09127054829150438
2026-08-31 00:32:00,0.09127054829150438
2026-08-31 00:33:00,0.09127054829150438
2026-08-31 00:34:00,0.09127054829150438
2026-08-31 00:35:00,0.060265387408435345
2026-08-31 00:36:00,0.060265387408435345
2026-08-31 00:37:00,0.060265387408435345
2026-08-31 00:38:00,0.060265387408435345
2026-08-31 00:39:00,0.060265387408435345
2026-08-31 00:40:00,0.06933144200593233
2026-08-31 00:41:00,0.06933144200593233
2026-08-31 00:42:00,0.06933144200593233
2026-08-31 00:43:00,0.06933144200593233
2026-08-31 00:44:00,0.06933144200593233
2026-08-31 00:45:00,0.11784372013062239
2026-08-31 00:46:00,0.11784372013062239
2026-08-31 00:47:00,0.11784372013062239
2026-08-31 00:48:00,0.11784372013062239
2026-08-31 00:49:00,0.11784372013062239
2026-08-31 00:50:00,0.16480580903589725
2026-08-31 00:51:00,0.16480580903589725
2026-08-31 00:52:00,0.16480580903589725
2026-08-31 00:53:00,0.16480580903589725
2026-08-31 00:54:00,0.16480580903589725
2026-08-31 00:55:00,0.20640471577644348
2026-08-31 00:56:00,0.20640471577644348
2026-08-31 00:57:00,0.20640471577644348
2026-08-31 00:58:00,0.20640471577644348
2026-08-31 00:59:00,0.20640471577644348
2026-08-31 01:00:00,0.2408783696591854
2026-08-31 01:01:00,0.2408783696591854
2026-08-31 01:02:00,0.2408783696591854
2026-08-31 01:03:00,0.2408783696591854
2026-08-31 01:04:00,0.2408783696591854
2026-08-31 01:05:00,0.19754201546311378
2026-08-31 01:06:00,0.19754201546311378
2026-08-31 01:07:00,0.19754201546311378
2026-08-31 01:08:00,0.19754201546311378
2026-08-31 01:09:00,0.19754201546311378
2026-08-31 01:10:00,0.15811741910874844
2026-08-31 01:11:00,0.15811741910874844
2026-08-31 01:12:00,0.15811741910874844
2026-08-31 01:13:00,0.15811741910874844
2026-08-31 01:14:00,0.15811741910874844
2026-08-31 01:15:00,0.11199243925511837
2026-08-31 01:16:00,0.11199243925511837
2026-08-31 01:17:00,0.11199243925511837
2026-08-31 01:18:00,0.11199243925511837
2026-08-31 01:19:00,0.11199243925511837
2026-08-31 01:20:00,0.06218176335096359
2026-08-31 01:21:00,0.06218176335096359
2026-08-31 01:22:00,0.06218176335096359
2026-08-31 01:23:00,0.06218176335096359
2026-08-31 01:24:00,0.06218176335096359
2026-08-31 01:25:00,0.05777986813336611
2026-08-31 01:26:00,0.05777986813336611
2026-08-31 01:27:00,0.05777986813336611
2026-08-31 01:28:00,0.05777986813336611
2026-08-31 01:29:00,0.05777986813336611
2026-08-31 01:30:00,0.06015395652502775
2026-08-31 01:31:00,0.06015395652502775
2026-08-31 01:32:00,0.06015395652502775
2026-08-31 01:33:00,0.06015395652502775
2026-08-31 01:34:00,0.06015395652502775
2026-08-31 01:35:00,0.07372367475181818
2026-08-31 01:36:00,0.07372367475181818
2026-08-31 01:37:00,0.07372367475181818
2026-08-31 01:38:00,0.07372367475181818
2026-08-31 01:39:00,0.07372367475181818
2026-08-31 01:40:00,0.08936870750039816
2026-08-31 01:41:00,0.08936870750039816
2026-08-31 01:42:00,0.08936870750039816
2026-08-31 01:43:00,0.08936870750039816
2026-08-31 01:44:00,0.08936870750039816
2026-08-31 01:45:00,0.09458493255078793
2026-08-31 01:46:00,0.09458493255078793
2026-08-31 01:47:00,0.09458493255078793
2026-08-31 01:48:00,0.09458493255078793
2026-08-31 01:49:00,0.09458493255078793
2026-08-31 01:50:00,0.08741973340511322
2026-08-31 01:51:00,0.08741973340511322
2026-08-31 01:52:00,0.08741973340511322
2026-08-31 01:53:00,0.08741973340511322
2026-08-31 01:54:00,0.08741973340511322
2026-08-31 01:55:00,0.07536337897181511
2026-08-31 01:56:00,0.07536337897181511
2026-08-31 01:57:00,0.07536337897181511
2026-08-31 01:58:00,0.07536337897181511
2026-08-31 01:59:00,0.07536337897181511
2026-08-31 02:00:00,0.06809450313448906
2026-08-31 02:01:00,0.06809450313448906
2026-08-31 02:02:00,0.06809450313448906
2026-08-31 02:03:00,0.06809450313448906
2026-08-31 02:04:00,0.06809450313448906
2026-08-31 02:05:00,0.06659243442118168
2026-08-31 02:06:00,0.06659243442118168
2026-08-31 02:07:00,0.06659243442118168
2026-08-31 02:08:00,0.06659243442118168
2026-08-31 02:09:00,0.06659243442118168
2026-08-31 02:10:00,0.06996865384280682
2026-08-31 02:11:00,0.06996865384280682
2026-08-31 02:12:00,0.06996865384280682
2026-08-31 02:13:00,0.06996865384280682
2026-08-31 02:14:00,0.06996865384280682
2026-08-31 02:15:00,0.07390926033258438
2026-08-31 02:16:00,0.07390926033258438
2026-08-31 02:17:00,0.07390926033258438
2026-08-31 02:18:00,0.07390926033258438
2026-08-31 02:19:00,0.07390926033258438
2026-08-31 02:20:00,0.07740755565464497
2026-08-31 02:21:00,0.07740755565464497
2026-08-31 02:22:00,0.07740755565464497
2026-08-31 02:23:00,0.07740755565464497
2026-08-31 02:24:00,0.07740755565464497
2026-08-31 02:25:00,0.08466636016964912
2026-08-31 02:26:00,0.08466636016964912
2026-08-31 02:27:00,0.08466636016964912
2026-08-31 02:28:00,0.08466636016964912
2026-08-31 02:29:00,0.08466636016964912
2026-08-31 02:30:00,0.08355106599628925
2026-08-31 02:31:00,0.08355106599628925
2026-08-31 02:32:00,0.08355106599628925
2026-08-31 02:33:00,0.08355106599628925
2026-08-31 02:34:00,0.08355106599628925
2026-08-31 02:35:00,0.07878393679857254
2026-08-31 02:36:00,0.07878393679857254
2026-08-31 02:37:00,0.07878393679857254
2026-08-31 02:38:00,0.07878393679857254
2026-08-31 02:39:00,0.07878393679857254
2026-08-31 02:40:00,0.07021527085453272
2026-08-31 02:41:00,0.07021527085453272
2026-08-31 02:42:00,0.07021527085453272
2026-08-31 02:43:00,0.07021527085453272
2026-08-31 02:44:00,0.07021527085453272
2026-08-31 02:45:00,0.059940741397440434
2026-08-31 02:46:00,0.059940741397440434
2026-08-31 02:47:00,0.059940741397440434
2026-08-31 02:48:00,0.059940741397440434
2026-08-31 02:49:00,0.059940741397440434
2026-08-31 02:50:00,0.052183184772729874
2026-08-31 02:51:00,0.052183184772729874
2026-08-31 02:52:00,0.052183184772729874
2026-08-31 02:53:00,0.052183184772729874
2026-08-31 02:54:00,0.052183184772729874
2026-08-31 02:55:00,0.05099877808243036
2026-08-31 02:56:00,0.05099877808243036
2026-08-31 02:57:00,0.05099877808243036
2026-08-31 02:58:00,0.05099877808243036
2026-08-31 02:59:00,0.05099877808243036
2026-08-31 03:00:00,0.048789615742862225
2026-08-31 03:01:00,0.048789615742862225
2026-08-31 03:02:00,0.048789615742862225
2026-08-31 03:03:00,0.048789615742862225
2026-08-31 03:04:00,0.048789615742862225
2026-08-31 03:05:00,0.04606590699404478
2026-08-31 03:06:00,0.04606590699404478
2026-08-31 03:07:00,0.04606590699404478
2026-08-31 03:08:00,0.04606590699404478
2026-08-31 03:09:00,0.04606590699404478
2026-08-31 03:10:00,0.04541896469891071
2026-08-31 03:11:00,0.04541896469891071
2026-08-31 03:12:00,0.04541896469891071
2026-08-31 03:13:00,0.04541896469891071
2026-08-31 03:14:00,0.04541896469891071
2026-08-31 03:15:00,0.04633384011685848
2026-08-31 03:16:00,0.04633384011685848
2026-08-31 03:17:00,0.04633384011685848
2026-08-31 03:18:00,0.04633384011685848
2026-08-31 03:19:00,0.04633384011685848
2026-08-31 03:20:00,0.05393421184271574
2026-08-31 03:21:00,0.05393421184271574
2026-08-31 03:22:00,0.05393421184271574
2026-08-31 03:23:00,0.05393421184271574
2026-08-31 03:24:00,0.05393421184271574
2026-08-31 03:25:00,0.06373151857405901
2026-08-31 03:26:00,0.06373151857405901
2026-08-31 03:27:00,0.06373151857405901
2026-08-31 03:28:00,0.06373151857405901
2026-08-31 03:29:00,0.06373151857405901
2026-08-31 03:30:00,0.07391053717583418
2026-08-31 03:31:00,0.07391053717583418
2026-08-31 03:32:00,0.07391053717583418
2026-08-31 03:33:00,0.07391053717583418
2026-08-31 03:34:00,0.07391053717583418
2026-08-31 03:35:00,0.07469694223254919
2026-08-31 03:36:00,0.07469694223254919
2026-08-31 03:37:00,0.07469694223254919
2026-08-31 03:38:00,0.07469694223254919
2026-08-31 03:39:00,0.07469694223254919
2026-08-31 03:40:00,0.07389222178608179
2026-08-31 03:41:00,0.07389222178608179
2026-08-31 03:42:00,0.07389222178608179
2026-08-31 03:43:00,0.07389222178608179
2026-08-31 03:44:00,0.07389222178608179
2026-08-31 03:45:00,0.06532217841595411
2026-08-31 03:46:00,0.06532217841595411
2026-08-31 03:47:00,0.06532217841595411
2026-08-31 03:48:00,0.06532217841595411
2026-08-31 03:49:00,0.06532217841595411
2026-08-31 03:50:00,0.05753622483462095
2026-08-31 03:51:00,0.05753622483462095
2026-08-31 03:52:00,0.05753622483462095
2026-08-31 03:53:00,0.05753622483462095
2026-08-31 03:54:00,0.05753622483462095
2026-08-31 03:55:00,0.05581160821020603
2026-08-31 03:56:00,0.05581160821020603
2026-08-31 03:57:00,0.05581160821020603
2026-08-31 03:58:00,0.05581160821020603
2026-08-31 03:59:00,0.05581160821020603
2026-08-31 04:00:00,0.05763800069689751
2026-08-31 04:01:00,0.05763800069689751
2026-08-31 04:02:00,0.05763800069689751
2026-08-31 04:03:00,0.05763800069689751
2026-08-31 04:04:00,0.05763800069689751
2026-08-31 04:05:00,0.06470806337893009
2026-08-31 04:06:00,0.06470806337893009
2026-08-31 04:07:00,0.06470806337893009
2026-08-31 04:08:00,0.06470806337893009
2026-08-31 04:09:00,0.06470806337893009
2026-08-31 04:10:00,0.07145080901682377
2026-08-31 04:11:00,0.07145080901682377
2026-08-31 04:12:00,0.07145080901682377
2026-08-31 04:13:00,0.07145080901682377
2026-08-31 04:14:00,0.07145080901682377
2026-08-31 04:15:00,0.06986603327095509
2026-08-31 04:16:00,0.06986603327095509
2026-08-31 04:17:00,0.06986603327095509
2026-08-31 04:18:00,0.06986603327095509
2026-08-31 04:19:00,0.06986603327095509
2026-08-31 04:20:00,0.06399520393460989
2026-08-31 04:21:00,0.06399520393460989
2026-08-31 04:22:00,0.06399520393460989
2026-08-31 04:23:00,0.06399520393460989
2026-08-31 04:24:00,0.06399520393460989
2026-08-31 04:25:00,0.05552420951426029
2026-08-31 04:26:00,0.05552420951426029
2026-08-31 04:27:00,0.05552420951426029
2026-08-31 04:28:00,0.05552420951426029
2026-08-31 04:29:00,0.05552420951426029
2026-08-31 04:30:00,0.0475781811401248
2026-08-31 04:31:00,0.0475781811401248
2026-08-31 04:32:00,0.0475781811401248
2026-08-31 04:33:00,0.0475781811401248
2026-08-31 04:34:00,0.0475781811401248
2026-08-31 04:35:00,0.04649857431650162
2026-08-31 04:36:00,0.04649857431650162
2026-08-31 04:37:00,0.04649857431650162
2026-08-31 04:38:00,0.04649857431650162
2026-08-31 04:39:00,0.04649857431650162
2026-08-31 04:40:00,0.041639977134764194
2026-08-31 04:41:00,0.041639977134764194
2026-08-31 04:42:00,0.041639977134764194
2026-08-31 04:43:00,0.041639977134764194
2026-08-31 04:44:00,0.041639977134764194
2026-08-31 04:45:00,0.03998750541359186
2026-08-31 04:46:00,0.03998750541359186
2026-08-31 04:47:00,0.03998750541359186
2026-08-31 04:48:00,0.03998750541359186
2026-08-31 04:49:00,0.03998750541359186
2026-08-31 04:50:00,0.039474690333008766
2026-08-31 04:51:00,0.039474690333008766
2026-08-31 04:52:00,0.039474690333008766
2026-08-31 04:53:00,0.039474690333008766
2026-08-31 04:54:00,0.039474690333008766
2026-08-31 04:55:00,0.03780444338917732
2026-08-31 04:56:00,0.03780444338917732
2026-08-31 04:57:00,0.03780444338917732
2026-08-31 04:58:00,0.03780444338917732
2026-08-31 04:59:00,0.03780444338917732
2026-08-31 05:00:00,0.03993984032422304
2026-08-31 05:01:00,0.03993984032422304
2026-08-31 05:02:00,0.03993984032422304
2026-08-31 05:03:00,0.03993984032422304
2026-08-31 05:04:00,0.03993984032422304
2026-08-31 05:05:00,0.040869311429560184
2026-08-31 05:06:00,0.040869311429560184
2026-08-31 05:07:00,0.040869311429560184
2026-08-31 05:08:00,0.040869311429560184
2026-08-31 05:09:00,0.040869311429560184
2026-08-31 05:10:00,0.04392618965357542
2026-08-31 05:11:00,0.04392618965357542
2026-08-31 05:12:00,0.04392618965357542
2026-08-31 05:13:00,0.04392618965357542
2026-08-31 05:14:00,0.04392618965357542
2026-08-31 05:15:00,0.057596372440457344
2026-08-31 05:16:00,0.057596372440457344
2026-08-31 05:17:00,0.057596372440457344
2026-08-31 05:18:00,0.057596372440457344
2026-08-31 05:19:00,0.057596372440457344
2026-08-31 05:20:00,0.07876414526253939
2026-08-31 05:21:00,0.07876414526253939
2026-08-31 05:22:00,0.07876414526253939
2026-08-31 05:23:00,0.07876414526253939
2026-08-31 05:24:00,0.07876414526253939
2026-08-31 05:25:00,0.10052406787872314
2026-08-31 05:26:00,0.10052406787872314
2026-08-31 05:27:00,0.10052406787872314
2026-08-31 05:28:00,0.10052406787872314
2026-08-31 05:29:00,0.10052406787872314
2026-08-31 05:30:00,0.11187051422894001
2026-08-31 05:31:00,0.11187051422894001
2026-08-31 05:32:00,0.11187051422894001
2026-08-31 05:33:00,0.11187051422894001
2026-08-31 05:34:00,0.11187051422894001
2026-08-31 05:35:00,0.10589800775051117
2026-08-31 05:36:00,0.10589800775051117
2026-08-31 05:37:00,0.10589800775051117
2026-08-31 05:38:00,0.10589800775051117
2026-08-31 05:39:00,0.10589800775051117
2026-08-31 05:40:00,0.09162341430783272
2026-08-31 05:41:00,0.09162341430783272
2026-08-31 05:42:00,0.09162341430783272
2026-08-31 05:43:00,0.09162341430783272
2026-08-31 05:44:00,0.09162341430783272
2026-08-31 05:45:00,0.07256392482668161
2026-08-31 05:46:00,0.07256392482668161
2026-08-31 05:47:00,0.07256392482668161
2026-08-31 05:48:00,0.07256392482668161
2026-08-31 05:49:00,0.07256392482668161
2026-08-31 05:50:00,0.09290899988263845
2026-08-31 05:51:00,0.09290899988263845
2026-08-31 05:52:00,0.09290899988263845
2026-08-31 05:53:00,0.09290899988263845
2026-08-31 05:54:00,0.09290899988263845
2026-08-31 05:55:00,0.12111049611121416
2026-08-31 05:56:00,0.12111049611121416
2026-08-31 05:57:00,0.12111049611121416
2026-08-31 05:58:00,0.12111049611121416
2026-08-31 05:59:00,0.12111049611121416
2026-08-31 06:00:00,0.1527288155630231
2026-08-31 06:01:00,0.1527288155630231
2026-08-31 06:02:00,0.1527288155630231
2026-08-31 06:03:00,0.1527288155630231
2026-08-31 06:04:00,0.1527288155630231
2026-08-31 06:05:00,0.18741710111498833
2026-08-31 06:06:00,0.18741710111498833
2026-08-31 06:07:00,0.18741710111498833
2026-08-31 06:08:00,0.18741710111498833
2026-08-31 06:09:00,0.18741710111498833
2026-08-31 06:10:00,0.1554536046460271
2026-08-31 06:11:00,0.1554536046460271
2026-08-31 06:12:00,0.1554536046460271
2026-08-31 06:13:00,0.1554536046460271
2026-08-31 06:14:00,0.1554536046460271
2026-08-31 06:15:00,0.12602889072149992
2026-08-31 06:16:00,0.12602889072149992
2026-08-31 06:17:00,0.12602889072149992
2026-08-31 06:18:00,0.12602889072149992
2026-08-31 06:19:00,0.12602889072149992
2026-08-31 06:20:00,0.09413645137101412
2026-08-31 06:21:00,0.09413645137101412
2026-08-31 06:22:00,0.09413645137101412
2026-08-31 06:23:00,0.09413645137101412
2026-08-31 06:24:00,0.09413645137101412
2026-08-31 06:25:00,0.0630869148299098
2026-08-31 06:26:00,0.0630869148299098
2026-08-31 06:27:00,0.0630869148299098
2026-08-31 06:28:00,0.0630869148299098
2026-08-31 06:29:00,0.0630869148299098
2026-08-31 06:30:00,0.06675209477543831
2026-08-31 06:31:00,0.06675209477543831
2026-08-31 06:32:00,0.06675209477543831
2026-08-31 06:33:00,0.06675209477543831
2026-08-31 06:34:00,0.06675209477543831
2026-08-31 06:35:00,0.06385082751512527
2026-08-31 06:36:00,0.06385082751512527
2026-08-31 06:37:00,0.06385082751512527
2026-08-31 06:38:00,0.06385082751512527
2026-08-31 06:39:00,0.06385082751512527
2026-08-31 06:40:00,0.05715749133378267
2026-08-31 06:41:00,0.05715749133378267
2026-08-31 06:42:00,0.05715749133378267
2026-08-31 06:43:00,0.05715749133378267
2026-08-31 06:44:00,0.05715749133378267
2026-08-31 06:45:00,0.05478498246520758
2026-08-31 06:46:00,0.05478498246520758
2026-08-31 06:47:00,0.05478498246520758
2026-08-31 06:48:00,0.05478498246520758
2026-08-31 06:49:00,0.05478498246520758
2026-08-31 06:50:00,0.05763454642146826
2026-08-31 06:51:00,0.05763454642146826
2026-08-31 06:52:00,0.05763454642146826
2026-08-31 06:53:00,0.05763454642146826
2026-08-31 06:54:00,0.05763454642146826
2026-08-31 06:55:00,0.06488551292568445
2026-08-31 06:56:00,0.06488551292568445
2026-08-31 06:57:00,0.06488551292568445
2026-08-31 06:58:00,0.06488551292568445
2026-08-31 06:59:00,0.06488551292568445
2026-08-31 07:00:00,0.073523735627532
2026-08-31 07:01:00,0.073523735627532
2026-08-31 07:02:00,0.073523735627532
2026-08-31 07:03:00,0.073523735627532
2026-08-31 07:04:00,0.073523735627532
2026-08-31 07:05:00,0.07512431591749191
2026-08-31 07:06:00,0.07512431591749191
2026-08-31 07:07:00,0.07512431591749191
2026-08-31 07:08:00,0.07512431591749191
2026-08-31 07:09:00,0.07512431591749191
2026-08-31 07:10:00,0.07072913274168968
2026-08-31 07:11:00,0.07072913274168968
2026-08-31 07:12:00,0.07072913274168968
2026-08-31 07:13:00,0.07072913274168968
2026-08-31 07:14:00,0.07072913274168968
2026-08-31 07:15:00,0.06920791231095791
2026-08-31 07:16:00,0.06920791231095791
2026-08-31 07:17:00,0.06920791231095791
2026-08-31 07:18:00,0.06920791231095791
2026-08-31 07:19:00,0.06920791231095791
2026-08-31 07:20:00,0.07054435275495052
2026-08-31 07:21:00,0.07054435275495052
2026-08-31 07:22:00,0.07054435275495052
2026-08-31 07:23:00,0.07054435275495052
2026-08-31 07:24:00,0.07054435275495052
2026-08-31 07:25:00,0.07364455796778202
2026-08-31 07:26:00,0.07364455796778202
2026-08-31 07:27:00,0.07364455796778202
2026-08-31 07:28:00,0.07364455796778202
2026-08-31 07:29:00,0.07364455796778202
2026-08-31 07:30:00,0.06942671164870262
2026-08-31 07:31:00,0.06942671164870262
2026-08-31 07:32:00,0.06942671164870262
2026-08-31 07:33:00,0.06942671164870262
2026-08-31 07:34:00,0.06942671164870262
2026-08-31 07:35:00,0.06171306222677231
2026-08-31 07:36:00,0.06171306222677231
2026-08-31 07:37:00,0.06171306222677231
2026-08-31 07:38:00,0.06171306222677231
2026-08-31 07:39:00,0.06171306222677231
2026-08-31 07:40:00,0.050966124050319195
2026-08-31 07:41:00,0.050966124050319195
2026-08-31 07:42:00,0.050966124050319195
2026-08-31 07:43:00,0.050966124050319195
2026-08-31 07:44:00,0.050966124050319195
2026-08-31 07:45:00,0.04558115731924772
2026-08-31 07:46:00,0.04558115731924772
2026-08-31 07:47:00,0.04558115731924772
2026-08-31 07:48:00,0.04558115731924772
2026-08-31 07:49:00,0.04558115731924772
2026-08-31 07:50:00,0.05224047880619764
2026-08-31 07:51:00,0.05224047880619764
2026-08-31 07:52:00,0.05224047880619764
2026-08-31 07:53:00,0.05224047880619764
2026-08-31 07:54:00,0.05224047880619764
2026-08-31 07:55:00,0.0609074579551816
2026-08-31 07:56:00,0.0609074579551816
2026-08-31 07:57:00,0.0609074579551816
2026-08-31 07:58:00,0.0609074579551816
2026-08-31 07:59:00,0.0609074579551816
2026-08-31 08:00:00,0.069006422534585
2026-08-31 08:01:00,0.069006422534585
2026-08-31 08:02:00,0.069006422534585
2026-08-31 08:03:00,0.069006422534585
2026-08-31 08:04:00,0.069006422534585
2026-08-31 08:05:00,0.0709239486604929
2026-08-31 08:06:00,0.0709239486604929
2026-08-31 08:07:00,0.0709239486604929
2026-08-31 08:08:00,0.0709239486604929
2026-08-31 08:09:00,0.0709239486604929
2026-08-31 08:10:00,0.06369545124471188
2026-08-31 08:11:00,0.06369545124471188
2026-08-31 08:12:00,0.06369545124471188
2026-08-31 08:13:00,0.06369545124471188
2026-08-31 08:14:00,0.06369545124471188
2026-08-31 08:15:00,0.05253904405981302
2026-08-31 08:16:00,0.05253904405981302
2026-08-31 08:17:00,0.05253904405981302
2026-08-31 08:18:00,0.05253904405981302
2026-08-31 08:19:00,0.05253904405981302
2026-08-31 08:20:00,0.04275050666183233
2026-08-31 08:21:00,0.04275050666183233
2026-08-31 08:22:00,0.04275050666183233
2026-08-31 08:23:00,0.04275050666183233
2026-08-31 08:24:00,0.04275050666183233
2026-08-31 08:25:00,0.041210963390767574
2026-08-31 08:26:00,0.041210963390767574
2026-08-31 08:27:00,0.041210963390767574
2026-08-31 08:28:00,0.041210963390767574
2026-08-31 08:29:00,0.041210963390767574
2026-08-31 08:30:00,0.04759217146784067
2026-08-31 08:31:00,0.04759217146784067
2026-08-31 08:32:00,0.04759217146784067
2026-08-31 08:33:00,0.04759217146784067
2026-08-31 08:34:00,0.04759217146784067
2026-08-31 08:35:00,0.05480281822383404
2026-08-31 08:36:00,0.05480281822383404
2026-08-31 08:37:00,0.05480281822383404
2026-08-31 08:38:00,0.05480281822383404
2026-08-31 08:39:00,0.05480281822383404
2026-08-31 08:40:00,0.060953482054173946
2026-08-31 08:41:00,0.060953482054173946
2026-08-31 08:42:00,0.060953482054173946
2026-08-31 08:43:00,0.060953482054173946
2026-08-31 08:44:00,0.060953482054173946
2026-08-31 08:45:00,0.062427119351923466
2026-08-31 08:46:00,0.062427119351923466
2026-08-31 08:47:00,0.062427119351923466
2026-08-31 08:48:00,0.062427119351923466
2026-08-31 08:49:00,0.062427119351923466
2026-08-31 08:50:00,0.06735026743263006
2026-08-31 08:51:00,0.06735026743263006
2026-08-31 08:52:00,0.06735026743263006
2026-08-31 08:53:00,0.06735026743263006
2026-08-31 08:54:00,0.06735026743263006
2026-08-31 08:55:00,0.06914643850177526
2026-08-31 08:56:00,0.06914643850177526
2026-08-31 08:57:00,0.06914643850177526
2026-08-31 08:58:00,0.06914643850177526
2026-08-31 08:59:00,0.06914643850177526
2026-08-31 09:00:00,0.06653820723295212
2026-08-31 09:01:00,0.06653820723295212
2026-08-31 09:02:00,0.06653820723295212
2026-08-31 09:03:00,0.06653820723295212
2026-08-31 09:04:00,0.06653820723295212
2026-08-31 09:05:00,0.06297668535262346
2026-08-31 09:06:00,0.06297668535262346
2026-08-31 09:07:00,0.06297668535262346
2026-08-31 09:08:00,0.06297668535262346
2026-08-31 09:09:00,0.06297668535262346
2026-08-31 09:10:00,0.06087522115558386
2026-08-31 09:11:00,0.06087522115558386
2026-08-31 09:12:00,0.06087522115558386
2026-08-31 09:13:00,0.06087522115558386
2026-08-31 09:14:00,0.06087522115558386
2026-08-31 09:15:00,0.06362282205373049
2026-08-31 09:16:00,0.06362282205373049
2026-08-31 09:17:00,0.06362282205373049
2026-08-31 09:18:00,0.06362282205373049
2026-08-31 09:19:00,0.06362282205373049
2026-08-31 09:20:00,0.06888072285801172
2026-08-31 09:21:00,0.06888072285801172
2026-08-31 09:22:00,0.06888072285801172
2026-08-31 09:23:00,0.06888072285801172
2026-08-31 09:24:00,0.06888072285801172
2026-08-31 09:25:00,0.07812811061739922
2026-08-31 09:26:00,0.07812811061739922
2026-08-31 09:27:00,0.07812811061739922
2026-08-31 09:28:00,0.07812811061739922
2026-08-31 09:29:00,0.07812811061739922
2026-08-31 09:30:00,0.07161036971956491
2026-08-31 09:31:00,0.07161036971956491
2026-08-31 09:32:00,0.07161036971956491
2026-08-31 09:33:00,0.07161036971956491
2026-08-31 09:34:00,0.07161036971956491
2026-08-31 09:35:00,0.06492828670889139
2026-08-31 09:36:00,0.06492828670889139
2026-08-31 09:37:00,0.06492828670889139
2026-08-31 09:38:00,0.06492828670889139
2026-08-31 09:39:00,0.06492828670889139
2026-08-31 09:40:00,0.0649182116612792
2026-08-31 09:41:00,0.0649182116612792
2026-08-31 09:42:00,0.0649182116612792
2026-08-31 09:43:00,0.0649182116612792
2026-08-31 09:44:00,0.0649182116612792
2026-08-31 09:45:00,0.05986323859542608
2026-08-31 09:46:00,0.05986323859542608
2026-08-31 09:47:00,0.05986323859542608
2026-08-31 09:48:00,0.05986323859542608
2026-08-31 09:49:00,0.05986323859542608
2026-08-31 09:50:00,0.057766686193645
2026-08-31 09:51:00,0.057766686193645
2026-08-31 09:52:00,0.057766686193645
2026-08-31 09:53:00,0.057766686193645
2026-08-31 09:54:00,0.057766686193645
2026-08-31 09:55:00,0.053703281097114086
2026-08-31 09:56:00,0.053703281097114086
2026-08-31 09:57:00,0.053703281097114086
2026-08-31 09:58:00,0.053703281097114086
2026-08-31 09:59:00,0.053703281097114086
2026-08-31 10:00:00,0.04682437051087618
2026-08-31 10:01:00,0.04682437051087618
2026-08-31 10:02:00,0.04682437051087618
2026-08-31 10:03:00,0.04682437051087618
2026-08-31 10:04:00,0.04682437051087618
2026-08-31 10:05:00,0.04066706541925669
2026-08-31 10:06:00,0.04066706541925669
2026-08-31 10:07:00,0.04066706541925669
2026-08-31 10:08:00,0.04066706541925669
2026-08-31 10:09:00,0.04066706541925669
2026-08-31 10:10:00,0.03902577795088291
2026-08-31 10:11:00,0.03902577795088291
2026-08-31 10:12:00,0.03902577795088291
2026-08-31 10:13:00,0.03902577795088291
2026-08-31 10:14:00,0.03902577795088291
2026-08-31 10:15:00,0.0384183544665575
2026-08-31 10:16:00,0.0384183544665575
2026-08-31 10:17:00,0.0384183544665575
2026-08-31 10:18:00,0.0384183544665575
2026-08-31 10:19:00,0.0384183544665575
2026-08-31 10:20:00,0.03842665906995535
2026-08-31 10:21:00,0.03842665906995535
2026-08-31 10:22:00,0.03842665906995535
2026-08-31 10:23:00,0.03842665906995535
2026-08-31 10:24:00,0.03842665906995535
2026-08-31 10:25:00,0.038425374776124954
2026-08-31 10:26:00,0.038425374776124954
2026-08-31 10:27:00,0.038425374776124954
2026-08-31 10:28:00,0.038425374776124954
2026-08-31 10:29:00,0.038425374776124954
2026-08-31 10:30:00,0.03713323920965195
2026-08-31 10:31:00,0.03713323920965195
2026-08-31 10:32:00,0.03713323920965195
2026-08-31 10:33:00,0.03713323920965195
2026-08-31 10:34:00,0.03713323920965195
2026-08-31 10:35:00,0.0368594890460372
2026-08-31 10:36:00,0.0368594890460372
2026-08-31 10:37:00,0.0368594890460372
2026-08-31 10:38:00,0.0368594890460372
2026-08-31 10:39:00,0.0368594890460372
2026-08-31 10:40:00,0.035227684304118156
2026-08-31 10:41:00,0.035227684304118156
2026-08-31 10:42:00,0.035227684304118156
2026-08-31 10:43:00,0.035227684304118156
2026-08-31 10:44:00,0.035227684304118156
2026-08-31 10:45:00,0.03414326161146164
2026-08-31 10:46:00,0.03414326161146164
2026-08-31 10:47:00,0.03414326161146164
2026-08-31 10:48:00,0.03414326161146164
2026-08-31 10:49:00,0.03414326161146164
2026-08-31 10:50:00,0.036999587900936604
2026-08-31 10:51:00,0.036999587900936604
2026-08-31 10:52:00,0.036999587900936604
2026-08-31 10:53:00,0.036999587900936604
2026-08-31 10:54:00,0.036999587900936604
2026-08-31 10:55:00,0.040339899249374866
2026-08-31 10:56:00,0.040339899249374866
2026-08-31 10:57:00,0.040339899249374866
2026-08-31 10:58:00,0.040339899249374866
2026-08-31 10:59:00,0.040339899249374866
2026-08-31 11:00:00,0.042739118449389935
2026-08-31 11:01:00,0.042739118449389935
2026-08-31 11:02:00,0.042739118449389935
2026-08-31 11:03:00,0.042739118449389935
2026-08-31 11:04:00,0.042739118449389935
2026-08-31 11:05:00,0.047329976223409176
2026-08-31 11:06:00,0.047329976223409176
2026-08-31 11:07:00,0.047329976223409176
2026-08-31 11:08:00,0.047329976223409176
2026-08-31 11:09:00,0.047329976223409176
2026-08-31 11:10:00,0.0500522255897522
2026-08-31 11:11:00,0.0500522255897522
2026-08-31 11:12:00,0.0500522255897522
2026-08-31 11:13:00,0.0500522255897522
2026-08-31 11:14:00,0.0500522255897522
2026-08-31 11:15:00,0.048475622199475765
2026-08-31 11:16:00,0.048475622199475765
2026-08-31 11:17:00,0.048475622199475765
2026-08-31 11:18:00,0.048475622199475765
2026-08-31 11:19:00,0.048475622199475765
2026-08-31 11:20:00,0.04831105936318636
2026-08-31 11:21:00,0.04831105936318636
2026-08-31 11:22:00,0.04831105936318636
2026-08-31 11:23:00,0.04831105936318636
2026-08-31 11:24:00,0.04831105936318636
2026-08-31 11:25:00,0.04558826703578234
2026-08-31 11:26:00,0.04558826703578234
2026-08-31 11:27:00,0.04558826703578234
2026-08-31 11:28:00,0.04558826703578234
2026-08-31 11:29:00,0.04558826703578234
2026-08-31 11:30:00,0.0450292881578207
2026-08-31 11:31:00,0.0450292881578207
2026-08-31 11:32:00,0.0450292881578207
2026-08-31 11:33:00,0.0450292881578207
2026-08-31 11:34:00,0.0450292881578207
2026-08-31 11:35:00,0.04731391090899706
2026-08-31 11:36:00,0.04731391090899706
2026-08-31 11:37:00,0.04731391090899706
2026-08-31 11:38:00,0.04731391090899706
2026-08-31 11:39:00,0.04731391090899706
2026-08-31 11:40:00,0.04900059476494789
2026-08-31 11:41:00,0.04900059476494789
2026-08-31 11:42:00,0.04900059476494789
2026-08-31 11:43:00,0.04900059476494789
2026-08-31 11:44:00,0.04900059476494789
2026-08-31 11:45:00,0.05096524488180876
2026-08-31 11:46:00,0.05096524488180876
2026-08-31 11:47:00,0.05096524488180876
2026-08-31 11:48:00,0.05096524488180876
2026-08-31 11:49:00,0.05096524488180876
2026-08-31 11:50:00,0.04992396477609873
2026-08-31 11:51:00,0.04992396477609873
2026-08-31 11:52:00,0.04992396477609873
2026-08-31 11:53:00,0.04992396477609873
2026-08-31 11:54:00,0.04992396477609873
2026-08-31 11:55:00,0.04769551008939743
2026-08-31 11:56:00,0.04769551008939743
2026-08-31 11:57:00,0.04769551008939743
2026-08-31 11:58:00,0.04769551008939743
2026-08-31 11:59:00,0.04769551008939743
2026-08-31 12:00:00,0.045389728620648384
2026-08-31 12:01:00,0.045389728620648384
2026-08-31 12:02:00,0.045389728620648384
2026-08-31 12:03:00,0.045389728620648384
2026-08-31 12:04:00,0.045389728620648384
2026-08-31 12:05:00,0.04448049049824476
2026-08-31 12:06:00,0.04448049049824476
2026-08-31 12:07:00,0.04448049049824476
2026-08-31 12:08:00,0.04448049049824476
2026-08-31 12:09:00,0.04448049049824476
2026-08-31 12:10:00,0.047782822512090206
2026-08-31 12:11:00,0.047782822512090206
2026-08-31 12:12:00,0.047782822512090206
2026-08-31 12:13:00,0.047782822512090206
2026-08-31 12:14:00,0.047782822512090206
2026-08-31 12:15:00,0.05300575774163008
2026-08-31 12:16:00,0.05300575774163008
2026-08-31 12:17:00,0.05300575774163008
2026-08-31 12:18:00,0.05300575774163008
2026-08-31 12:19:00,0.05300575774163008
2026-08-31 12:20:00,0.05541109759360552
2026-08-31 12:21:00,0.05541109759360552
2026-08-31 12:22:00,0.05541109759360552
2026-08-31 12:23:00,0.05541109759360552
2026-08-31 12:24:00,0.05541109759360552
2026-08-31 12:25:00,0.05654942523688078
2026-08-31 12:26:00,0.05654942523688078
2026-08-31 12:27:00,0.05654942523688078
2026-08-31 12:28:00,0.05654942523688078
2026-08-31 12:29:00,0.05654942523688078
2026-08-31 12:30:00,0.05965174362063408
2026-08-31 12:31:00,0.05965174362063408
2026-08-31 12:32:00,0.05965174362063408
2026-08-31 12:33:00,0.05965174362063408
2026-08-31 12:34:00,0.05965174362063408
2026-08-31 12:35:00,0.06698486395180225
2026-08-31 12:36:00,0.06698486395180225
2026-08-31 12:37:00,0.06698486395180225
2026-08-31 12:38:00,0.06698486395180225
2026-08-31 12:39:00,0.06698486395180225
2026-08-31 12:40:00,0.08011848945170641
2026-08-31 12:41:00,0.08011848945170641
2026-08-31 12:42:00,0.08011848945170641
2026-08-31 12:43:00,0.08011848945170641
2026-08-31 12:44:00,0.08011848945170641
2026-08-31 12:45:00,0.09000817500054836
2026-08-31 12:46:00,0.09000817500054836
2026-08-31 12:47:00,0.09000817500054836
2026-08-31 12:48:00,0.09000817500054836
2026-08-31 12:49:00,0.09000817500054836
2026-08-31 12:50:00,0.09003975801169872
2026-08-31 12:51:00,0.09003975801169872
2026-08-31 12:52:00,0.09003975801169872
2026-08-31 12:53:00,0.09003975801169872
2026-08-31 12:54:00,0.09003975801169872
2026-08-31 12:55:00,0.08274705708026886
2026-08-31 12:56:00,0.08274705708026886
2026-08-31 12:57:00,0.08274705708026886
2026-08-31 12:58:00,0.08274705708026886
2026-08-31 12:59:00,0.08274705708026886
2026-08-31 13:00:00,0.06762869190424681
2026-08-31 13:01:00,0.06762869190424681
2026-08-31 13:02:00,0.06762869190424681
2026-08-31 13:03:00,0.06762869190424681
2026-08-31 13:04:00,0.06762869190424681
2026-08-31 13:05:00,0.05624941270798445
2026-08-31 13:06:00,0.05624941270798445
2026-08-31 13:07:00,0.05624941270798445
2026-08-31 13:08:00,0.05624941270798445
2026-08-31 13:09:00,0.05624941270798445
2026-08-31 13:10:00,0.05140455160290003
2026-08-31 13:11:00,0.05140455160290003
2026-08-31 13:12:00,0.05140455160290003
2026-08-31 13:13:00,0.05140455160290003
2026-08-31 13:14:00,0.05140455160290003
2026-08-31 13:15:00,0.04789052437990904
2026-08-31 13:16:00,0.04789052437990904
2026-08-31 13:17:00,0.04789052437990904
2026-08-31 13:18:00,0.04789052437990904
2026-08-31 13:19:00,0.04789052437990904
2026-08-31 13:20:00,0.051409587264060974
2026-08-31 13:21:00,0.051409587264060974
2026-08-31 13:22:00,0.051409587264060974
2026-08-31 13:23:00,0.051409587264060974
2026-08-31 13:24:00,0.051409587264060974
2026-08-31 13:25:00,0.04981209151446819
2026-08-31 13:26:00,0.04981209151446819
2026-08-31 13:27:00,0.04981209151446819
2026-08-31 13:28:00,0.04981209151446819
2026-08-31 13:29:00,0.04981209151446819
2026-08-31 13:30:00,0.047395738773047924
2026-08-31 13:31:00,0.047395738773047924
2026-08-31 13:32:00,0.047395738773047924
2026-08-31 13:33:00,0.047395738773047924
2026-08-31 13:34:00,0.047395738773047924
2026-08-31 13:35:00,0.04500671662390232
2026-08-31 13:36:00,0.04500671662390232
2026-08-31 13:37:00,0.04500671662390232
2026-08-31 13:38:00,0.04500671662390232
2026-08-31 13:39:00,0.04500671662390232
2026-08-31 13:40:00,0.042046673595905304
2026-08-31 13:41:00,0.042046673595905304
2026-08-31 13:42:00,0.042046673595905304
2026-08-31 13:43:00,0.042046673595905304
2026-08-31 13:44:00,0.042046673595905304
2026-08-31 13:45:00,0.0469764294102788
2026-08-31 13:46:00,0.0469764294102788
2026-08-31 13:47:00,0.0469764294102788
2026-08-31 13:48:00,0.0469764294102788
2026-08-31 13:49:00,0.0469764294102788
2026-08-31 13:50:00,0.05281738191843033
2026-08-31 13:51:00,0.05281738191843033
2026-08-31 13:52:00,0.05281738191843033
2026-08-31 13:53:00,0.05281738191843033
2026-08-31 13:54:00,0.05281738191843033
2026-08-31 13:55:00,0.06158988643437624
2026-08-31 13:56:00,0.06158988643437624
2026-08-31 13:57:00,0.06158988643437624
2026-08-31 13:58:00,0.06158988643437624
2026-08-31 13:59:00,0.06158988643437624
2026-08-31 14:00:00,0.06735631171613932
2026-08-31 14:01:00,0.06735631171613932
2026-08-31 14:02:00,0.06735631171613932
2026-08-31 14:03:00,0.06735631171613932
2026-08-31 14:04:00,0.06735631171613932
2026-08-31 14:05:00,0.06605247501283884
2026-08-31 14:06:00,0.06605247501283884
2026-08-31 14:07:00,0.06605247501283884
2026-08-31 14:08:00,0.06605247501283884
2026-08-31 14:09:00,0.06605247501283884
2026-08-31 14:10:00,0.0627032546326518
2026-08-31 14:11:00,0.0627032546326518
2026-08-31 14:12:00,0.0627032546326518
2026-08-31 14:13:00,0.0627032546326518
2026-08-31 14:14:00,0.0627032546326518
2026-08-31 14:15:00,0.05757260508835316
2026-08-31 14:16:00,0.05757260508835316
2026-08-31 14:17:00,0.05757260508835316
2026-08-31 14:18:00,0.05757260508835316
2026-08-31 14:19:00,0.05757260508835316
2026-08-31 14:20:00,0.055631945841014385
2026-08-31 14:21:00,0.055631945841014385
2026-08-31 14:22:00,0.055631945841014385
2026-08-31 14:23:00,0.055631945841014385
2026-08-31 14:24:00,0.055631945841014385
2026-08-31 14:25:00,0.05850211717188358
2026-08-31 14:26:00,0.05850211717188358
2026-08-31 14:27:00,0.05850211717188358
2026-08-31 14:28:00,0.05850211717188358
2026-08-31 14:29:00,0.05850211717188358
2026-08-31 14:30:00,0.061216460540890694
2026-08-31 14:31:00,0.061216460540890694
2026-08-31 14:32:00,0.061216460540890694
2026-08-31 14:33:00,0.061216460540890694
2026-08-31 14:34:00,0.061216460540890694
2026-08-31 14:35:00,0.06611390691250563
2026-08-31 14:36:00,0.06611390691250563
2026-08-31 14:37:00,0.06611390691250563
2026-08-31 14:38:00,0.06611390691250563
2026-08-31 14:39:00,0.06611390691250563
2026-08-31 14:40:00,0.06993990764021873
2026-08-31 14:41:00,0.06993990764021873
2026-08-31 14:42:00,0.06993990764021873
2026-08-31 14:43:00,0.06993990764021873
2026-08-31 14:44:00,0.06993990764021873
2026-08-31 14:45:00,0.07148434780538082
2026-08-31 14:46:00,0.07148434780538082
2026-08-31 14:47:00,0.07148434780538082
2026-08-31 14:48:00,0.07148434780538082
2026-08-31 14:49:00,0.07148434780538082
2026-08-31 14:50:00,0.07528868317604065
2026-08-31 14:51:00,0.07528868317604065
2026-08-31 14:52:00,0.07528868317604065
2026-08-31 14:53:00,0.07528868317604065
2026-08-31 14:54:00,0.07528868317604065
2026-08-31 14:55:00,0.16215729713439941
2026-08-31 14:56:00,0.16215729713439941
2026-08-31 14:57:00,0.16215729713439941
2026-08-31 14:58:00,0.16215729713439941
2026-08-31 14:59:00,0.16215729713439941
2026-08-31 15:00:00,0.25213866122066975
2026-08-31 15:01:00,0.25213866122066975
2026-08-31 15:02:00,0.25213866122066975
2026-08-31 15:03:00,0.25213866122066975
2026-08-31 15:04:00,0.25213866122066975
2026-08-31 15:05:00,0.33815282583236694
2026-08-31 15:06:00,0.33815282583236694
2026-08-31 15:07:00,0.33815282583236694
2026-08-31 15:08:00,0.33815282583236694
2026-08-31 15:09:00,0.33815282583236694
2026-08-31 15:10:00,0.4214116409420967
2026-08-31 15:11:00,0.4214116409420967
2026-08-31 15:12:00,0.4214116409420967
2026-08-31 15:13:00,0.4214116409420967
2026-08-31 15:14:00,0.4214116409420967
2026-08-31 15:15:00,0.32877360843122005
2026-08-31 15:16:00,0.32877360843122005
2026-08-31 15:17:00,0.32877360843122005
2026-08-31 15:18:00,0.32877360843122005
2026-08-31 15:19:00,0.32877360843122005
2026-08-31 15:20:00,0.23328006267547607
2026-08-31 15:21:00,0.23328006267547607
2026-08-31 15:22:00,0.23328006267547607
2026-08-31 15:23:00,0.23328006267547607
2026-08-31 15:24:00,0.23328006267547607
2026-08-31 15:25:00,0.23768500238656998
2026-08-31 15:26:00,0.23768500238656998
2026-08-31 15:27:00,0.23768500238656998
2026-08-31 15:28:00,0.23768500238656998
2026-08-31 15:29:00,0.23768500238656998
2026-08-31 15:30:00,0.2439315989613533
2026-08-31 15:31:00,0.2439315989613533
2026-08-31 15:32:00,0.2439315989613533
2026-08-31 15:33:00,0.2439315989613533
2026-08-31 15:34:00,0.2439315989613533
2026-08-31 15:35:00,0.3395001236349344
2026-08-31 15:36:00,0.3395001236349344
2026-08-31 15:37:00,0.3395001236349344
2026-08-31 15:38:00,0.3395001236349344
2026-08-31 15:39:00,0.3395001236349344
2026-08-31 15:40:00,0.4349788874387741
2026-08-31 15:41:00,0.4349788874387741
2026-08-31 15:42:00,0.4349788874387741
2026-08-31 15:43:00,0.4349788874387741
2026-08-31 15:44:00,0.4349788874387741
2026-08-31 15:45:00,0.34474941715598106
2026-08-31 15:46:00,0.34474941715598106
2026-08-31 15:47:00,0.34474941715598106
2026-08-31 15:48:00,0.34474941715598106
2026-08-31 15:49:00,0.34474941715598106
2026-08-31 15:50:00,0.2514966893941164
2026-08-31 15:51:00,0.2514966893941164
2026-08-31 15:52:00,0.2514966893941164
2026-08-31 15:53:00,0.2514966893941164
2026-08-31 15:54:00,0.2514966893941164
2026-08-31 15:55:00,0.16200696676969528
2026-08-31 15:56:00,0.16200696676969528
2026-08-31 15:57:00,0.16200696676969528
2026-08-31 15:58:00,0.16200696676969528
2026-08-31 15:59:00,0.16200696676969528
2026-08-31 16:00:00,0.07109315879642963
2026-08-31 16:01:00,0.07109315879642963
2026-08-31 16:02:00,0.07109315879642963
2026-08-31 16:03:00,0.07109315879642963
2026-08-31 16:04:00,0.07109315879642963
2026-08-31 16:05:00,0.06992271542549133
2026-08-31 16:06:00,0.06992271542549133
2026-08-31 16:07:00,0.06992271542549133
2026-08-31 16:08:00,0.06992271542549133
2026-08-31 16:09:00,0.06992271542549133
2026-08-31 16:10:00,0.0667471457272768
2026-08-31 16:11:00,0.0667471457272768
2026-08-31 16:12:00,0.0667471457272768
2026-08-31 16:13:00,0.0667471457272768
2026-08-31 16:14:00,0.0667471457272768
2026-08-31 16:15:00,0.060129386372864246
2026-08-31 16:16:00,0.060129386372864246
2026-08-31 16:17:00,0.060129386372864246
2026-08-31 16:18:00,0.060129386372864246
2026-08-31 16:19:00,0.060129386372864246
2026-08-31 16:20:00,0.05446347873657942
2026-08-31 16:21:00,0.05446347873657942
2026-08-31 16:22:00,0.05446347873657942
2026-08-31 16:23:00,0.05446347873657942
2026-08-31 16:24:00,0.05446347873657942
2026-08-31 16:25:00,0.052709286101162434
2026-08-31 16:26:00,0.052709286101162434
2026-08-31 16:27:00,0.052709286101162434
2026-08-31 16:28:00,0.052709286101162434
2026-08-31 16:29:00,0.052709286101162434
2026-08-31 16:30:00,0.056282379664480686
2026-08-31 16:31:00,0.056282379664480686
2026-08-31 16:32:00,0.056282379664480686
2026-08-31 16:33:00,0.056282379664480686
2026-08-31 16:34:00,0.056282379664480686
2026-08-31 16:35:00,0.05999636463820934
2026-08-31 16:36:00,0.05999636463820934
2026-08-31 16:37:00,0.05999636463820934
2026-08-31 16:38:00,0.05999636463820934
2026-08-31 16:39:00,0.05999636463820934
2026-08-31 16:40:00,0.06109315808862448
2026-08-31 16:41:00,0.06109315808862448
2026-08-31 16:42:00,0.06109315808862448
2026-08-31 16:43:00,0.06109315808862448
2026-08-31 16:44:00,0.06109315808862448
2026-08-31 16:45:00,0.05672551691532135
2026-08-31 16:46:00,0.05672551691532135
2026-08-31 16:47:00,0.05672551691532135
2026-08-31 16:48:00,0.05672551691532135
2026-08-31 16:49:00,0.05672551691532135
2026-08-31 16:50:00,0.0510925343260169
2026-08-31 16:51:00,0.0510925343260169
2026-08-31 16:52:00,0.0510925343260169
2026-08-31 16:53:00,0.0510925343260169
2026-08-31 16:54:00,0.0510925343260169
2026-08-31 16:55:00,0.04658412653952837
2026-08-31 16:56:00,0.04658412653952837
2026-08-31 16:57:00,0.04658412653952837
2026-08-31 16:58:00,0.04658412653952837
2026-08-31 16:59:00,0.04658412653952837
2026-08-31 17:00:00,0.042784010991454124
2026-08-31 17:01:00,0.042784010991454124
2026-08-31 17:02:00,0.042784010991454124
2026-08-31 17:03:00,0.042784010991454124
2026-08-31 17:04:00,0.042784010991454124
2026-08-31 17:05:00,0.04192877467721701
2026-08-31 17:06:00,0.04192877467721701
2026-08-31 17:07:00,0.04192877467721701
2026-08-31 17:08:00,0.04192877467721701
2026-08-31 17:09:00,0.04192877467721701
2026-08-31 17:10:00,0.04057549778372049
2026-08-31 17:11:00,0.04057549778372049
2026-08-31 17:12:00,0.04057549778372049
2026-08-31 17:13:00,0.04057549778372049
2026-08-31 17:14:00,0.04057549778372049
2026-08-31 17:15:00,0.04624612722545862
2026-08-31 17:16:00,0.04624612722545862
2026-08-31 17:17:00,0.04624612722545862
2026-08-31 17:18:00,0.04624612722545862
2026-08-31 17:19:00,0.04624612722545862
2026-08-31 17:20:00,0.054463316686451435
2026-08-31 17:21:00,0.054463316686451435
2026-08-31 17:22:00,0.054463316686451435
2026-08-31 17:23:00,0.054463316686451435
2026-08-31 17:24:00,0.054463316686451435
2026-08-31 17:25:00,0.06348641868680716
2026-08-31 17:26:00,0.06348641868680716
2026-08-31 17:27:00,0.06348641868680716
2026-08-31 17:28:00,0.06348641868680716
2026-08-31 17:29:00,0.06348641868680716
2026-08-31 17:30:00,0.07348077185451984
2026-08-31 17:31:00,0.07348077185451984
2026-08-31 17:32:00,0.07348077185451984
2026-08-31 17:33:00,0.07348077185451984
2026-08-31 17:34:00,0.07348077185451984
2026-08-31 17:35:00,0.06934008561074734
2026-08-31 17:36:00,0.06934008561074734
2026-08-31 17:37:00,0.06934008561074734
2026-08-31 17:38:00,0.06934008561074734
2026-08-31 17:39:00,0.06934008561074734
2026-08-31 17:40:00,0.06405118480324745
2026-08-31 17:41:00,0.06405118480324745
2026-08-31 17:42:00,0.06405118480324745
2026-08-31 17:43:00,0.06405118480324745
2026-08-31 17:44:00,0.06405118480324745
2026-08-31 17:45:00,0.05478841811418533
2026-08-31 17:46:00,0.05478841811418533
2026-08-31 17:47:00,0.05478841811418533
2026-08-31 17:48:00,0.05478841811418533
2026-08-31 17:49:00,0.05478841811418533
2026-08-31 17:50:00,0.04661761038005352
2026-08-31 17:51:00,0.04661761038005352
2026-08-31 17:52:00,0.04661761038005352
2026-08-31 17:53:00,0.04661761038005352
2026-08-31 17:54:00,0.04661761038005352
2026-08-31 17:55:00,0.04671135824173689
2026-08-31 17:56:00,0.04671135824173689
2026-08-31 17:57:00,0.04671135824173689
2026-08-31 17:58:00,0.04671135824173689
2026-08-31 17:59:00,0.04671135824173689
2026-08-31 18:00:00,0.04486739356070757
2026-08-31 18:01:00,0.04486739356070757
2026-08-31 18:02:00,0.04486739356070757
2026-08-31 18:03:00,0.04486739356070757
2026-08-31 18:04:00,0.04486739356070757
2026-08-31 18:05:00,0.04774761479347944
2026-08-31 18:06:00,0.04774761479347944
2026-08-31 18:07:00,0.04774761479347944
2026-08-31 18:08:00,0.04774761479347944
2026-08-31 18:09:00,0.04774761479347944
2026-08-31 18:10:00,0.052938095293939114
2026-08-31 18:11:00,0.052938095293939114
2026-08-31 18:12:00,0.052938095293939114
2026-08-31 18:13:00,0.052938095293939114
2026-08-31 18:14:00,0.052938095293939114
2026-08-31 18:15:00,0.05541644152253866
2026-08-31 18:16:00,0.05541644152253866
2026-08-31 18:17:00,0.05541644152253866
2026-08-31 18:18:00,0.05541644152253866
2026-08-31 18:19:00,0.05541644152253866
2026-08-31 18:20:00,0.05786143243312836
2026-08-31 18:21:00,0.05786143243312836
2026-08-31 18:22:00,0.05786143243312836
2026-08-31 18:23:00,0.05786143243312836
2026-08-31 18:24:00,0.05786143243312836
2026-08-31 18:25:00,0.05748762283474207
2026-08-31 18:26:00,0.05748762283474207
2026-08-31 18:27:00,0.05748762283474207
2026-08-31 18:28:00,0.05748762283474207
2026-08-31 18:29:00,0.05748762283474207
2026-08-31 18:30:00,0.05492974352091551
2026-08-31 18:31:00,0.05492974352091551
2026-08-31 18:32:00,0.05492974352091551
2026-08-31 18:33:00,0.05492974352091551
2026-08-31 18:34:00,0.05492974352091551
2026-08-31 18:35:00,0.05245778989046812
2026-08-31 18:36:00,0.05245778989046812
2026-08-31 18:37:00,0.05245778989046812
2026-08-31 18:38:00,0.05245778989046812
2026-08-31 18:39:00,0.05245778989046812
2026-08-31 18:40:00,0.053606534376740456
2026-08-31 18:41:00,0.053606534376740456
2026-08-31 18:42:00,0.053606534376740456
2026-08-31 18:43:00,0.053606534376740456
2026-08-31 18:44:00,0.053606534376740456
2026-08-31 18:45:00,0.0562996007502079
2026-08-31 18:46:00,0.0562996007502079
2026-08-31 18:47:00,0.0562996007502079
2026-08-31 18:48:00,0.0562996007502079
2026-08-31 18:49:00,0.0562996007502079
2026-08-31 18:50:00,0.05948835611343384
2026-08-31 18:51:00,0.05948835611343384
2026-08-31 18:52:00,0.05948835611343384
2026-08-31 18:53:00,0.05948835611343384
2026-08-31 18:54:00,0.05948835611343384
2026-08-31 18:55:00,0.06410117354243994
2026-08-31 18:56:00,0.06410117354243994
2026-08-31 18:57:00,0.06410117354243994
2026-08-31 18:58:00,0.06410117354243994
2026-08-31 18:59:00,0.06410117354243994
2026-08-31 19:00:00,0.0712871989235282
2026-08-31 19:01:00,0.0712871989235282
2026-08-31 19:02:00,0.0712871989235282
2026-08-31 19:03:00,0.0712871989235282
2026-08-31 19:04:00,0.0712871989235282
2026-08-31 19:05:00,0.08377226628363132
2026-08-31 19:06:00,0.08377226628363132
2026-08-31 19:07:00,0.08377226628363132
2026-08-31 19:08:00,0.08377226628363132
2026-08-31 19:09:00,0.08377226628363132
2026-08-31 19:10:00,0.09698789194226265
2026-08-31 19:11:00,0.09698789194226265
2026-08-31 19:12:00,0.09698789194226265
2026-08-31 19:13:00,0.09698789194226265
2026-08-31 19:14:00,0.09698789194226265
2026-08-31 19:15:00,0.11025271192193031
2026-08-31 19:16:00,0.11025271192193031
2026-08-31 19:17:00,0.11025271192193031
2026-08-31 19:18:00,0.11025271192193031
2026-08-31 19:19:00,0.11025271192193031
2026-08-31 19:20:00,0.11370257660746574
2026-08-31 19:21:00,0.11370257660746574
2026-08-31 19:22:00,0.11370257660746574
2026-08-31 19:23:00,0.11370257660746574
2026-08-31 19:24:00,0.11370257660746574
2026-08-31 19:25:00,0.10813278704881668
2026-08-31 19:26:00,0.10813278704881668
2026-08-31 19:27:00,0.10813278704881668
2026-08-31 19:28:00,0.10813278704881668
2026-08-31 19:29:00,0.10813278704881668
2026-08-31 19:30:00,0.09673229791224003
2026-08-31 19:31:00,0.09673229791224003
2026-08-31 19:32:00,0.09673229791224003
2026-08-31 19:33:00,0.09673229791224003
2026-08-31 19:34:00,0.09673229791224003
2026-08-31 19:35:00,0.08260061964392662
2026-08-31 19:36:00,0.08260061964392662
2026-08-31 19:37:00,0.08260061964392662
2026-08-31 19:38:00,0.08260061964392662
2026-08-31 19:39:00,0.08260061964392662
2026-08-31 19:40:00,0.06976457685232162
2026-08-31 19:41:00,0.06976457685232162
2026-08-31 19:42:00,0.06976457685232162
2026-08-31 19:43:00,0.06976457685232162
2026-08-31 19:44:00,0.06976457685232162
2026-08-31 19:45:00,0.060509709641337395
2026-08-31 19:46:00,0.060509709641337395
2026-08-31 19:47:00,0.060509709641337395
2026-08-31 19:48:00,0.060509709641337395
2026-08-31 19:49:00,0.060509709641337395
2026-08-31 19:50:00,0.060997627675533295
2026-08-31 19:51:00,0.060997627675533295
2026-08-31 19:52:00,0.060997627675533295
2026-08-31 19:53:00,0.060997627675533295
2026-08-31 19:54:00,0.060997627675533295
2026-08-31 19:55:00,0.06405136361718178
2026-08-31 19:56:00,0.06405136361718178
2026-08-31 19:57:00,0.06405136361718178
2026-08-31 19:58:00,0.06405136361718178
2026-08-31 19:59:00,0.06405136361718178
2026-08-31 20:00:00,0.0756522212177515
2026-08-31 20:01:00,0.0756522212177515
2026-08-31 20:02:00,0.0756522212177515
2026-08-31 20:03:00,0.0756522212177515
2026-08-31 20:04:00,0.0756522212177515
2026-08-31 20:05:00,0.0881417840719223
2026-08-31 20:06:00,0.0881417840719223
2026-08-31 20:07:00,0.0881417840719223
2026-08-31 20:08:00,0.0881417840719223
2026-08-31 20:09:00,0.0881417840719223
2026-08-31 20:10:00,0.0959919635206461
2026-08-31 20:11:00,0.0959919635206461
2026-08-31 20:12:00,0.0959919635206461
2026-08-31 20:13:00,0.0959919635206461
2026-08-31 20:14:00,0.0959919635206461
2026-08-31 20:15:00,0.10226093232631683
2026-08-31 20:16:00,0.10226093232631683
2026-08-31 20:17:00,0.10226093232631683
2026-08-31 20:18:00,0.10226093232631683
2026-08-31 20:19:00,0.10226093232631683
2026-08-31 20:20:00,0.09620744548738003
2026-08-31 20:21:00,0.09620744548738003
2026-08-31 20:22:00,0.09620744548738003
2026-08-31 20:23:00,0.09620744548738003
2026-08-31 20:24:00,0.09620744548738003
2026-08-31 20:25:00,0.08224454987794161
2026-08-31 20:26:00,0.08224454987794161
2026-08-31 20:27:00,0.08224454987794161
2026-08-31 20:28:00,0.08224454987794161
2026-08-31 20:29:00,0.08224454987794161
2026-08-31 20:30:00,0.06747852452099323
2026-08-31 20:31:00,0.06747852452099323
2026-08-31 20:32:00,0.06747852452099323
2026-08-31 20:33:00,0.06747852452099323
2026-08-31 20:34:00,0.06747852452099323
2026-08-31 20:35:00,0.05570935271680355
2026-08-31 20:36:00,0.05570935271680355
2026-08-31 20:37:00,0.05570935271680355
2026-08-31 20:38:00,0.05570935271680355
2026-08-31 20:39:00,0.05570935271680355
2026-08-31 20:40:00,0.05259409826248884
2026-08-31 20:41:00,0.05259409826248884
2026-08-31 20:42:00,0.05259409826248884
2026-08-31 20:43:00,0.05259409826248884
2026-08-31 20:44:00,0.05259409826248884
2026-08-31 20:45:00,0.055635382421314716
2026-08-31 20:46:00,0.055635382421314716
2026-08-31 20:47:00,0.055635382421314716
2026-08-31 20:48:00,0.055635382421314716
2026-08-31 20:49:00,0.055635382421314716
2026-08-31 20:50:00,0.05355232674628496
2026-08-31 20:51:00,0.05355232674628496
2026-08-31 20:52:00,0.05355232674628496
2026-08-31 20:53:00,0.05355232674628496
2026-08-31 20:54:00,0.05355232674628496
2026-08-31 20:55:00,0.05110951419919729
2026-08-31 20:56:00,0.05110951419919729
2026-08-31 20:57:00,0.05110951419919729
2026-08-31 20:58:00,0.05110951419919729
2026-08-31 20:59:00,0.05110951419919729
2026-08-31 21:00:00,0.051482196897268295
2026-08-31 21:01:00,0.051482196897268295
2026-08-31 21:02:00,0.051482196897268295
2026-08-31 21:03:00,0.051482196897268295
2026-08-31 21:04:00,0.051482196897268295
2026-08-31 21:05:00,0.05172269977629185
2026-08-31 21:06:00,0.05172269977629185
2026-08-31 21:07:00,0.05172269977629185
2026-08-31 21:08:00,0.05172269977629185
2026-08-31 21:09:00,0.05172269977629185
2026-08-31 21:10:00,0.05556909739971161
2026-08-31 21:11:00,0.05556909739971161
2026-08-31 21:12:00,0.05556909739971161
2026-08-31 21:13:00,0.05556909739971161
2026-08-31 21:14:00,0.05556909739971161
2026-08-31 21:15:00,0.06120193749666214
2026-08-31 21:16:00,0.06120193749666214
2026-08-31 21:17:00,0.06120193749666214
2026-08-31 21:18:00,0.06120193749666214
2026-08-31 21:19:00,0.06120193749666214
2026-08-31 21:20:00,0.06855694018304348
2026-08-31 21:21:00,0.06855694018304348
2026-08-31 21:22:00,0.06855694018304348
2026-08-31 21:23:00,0.06855694018304348
2026-08-31 21:24:00,0.06855694018304348
2026-08-31 21:25:00,0.07880449760705233
2026-08-31 21:26:00,0.07880449760705233
2026-08-31 21:27:00,0.07880449760705233
2026-08-31 21:28:00,0.07880449760705233
2026-08-31 21:29:00,0.07880449760705233
2026-08-31 21:30:00,0.07826474495232105
2026-08-31 21:31:00,0.07826474495232105
2026-08-31 21:32:00,0.07826474495232105
2026-08-31 21:33:00,0.07826474495232105
2026-08-31 21:34:00,0.07826474495232105
2026-08-31 21:35:00,0.07164192013442516
2026-08-31 21:36:00,0.07164192013442516
2026-08-31 21:37:00,0.07164192013442516
2026-08-31 21:38:00,0.07164192013442516
2026-08-31 21:39:00,0.07164192013442516
2026-08-31 21:40:00,0.0630375249311328
2026-08-31 21:41:00,0.0630375249311328
2026-08-31 21:42:00,0.0630375249311328
2026-08-31 21:43:00,0.0630375249311328
2026-08-31 21:44:00,0.0630375249311328
2026-08-31 21:45:00,0.05457831081002951
2026-08-31 21:46:00,0.05457831081002951
2026-08-31 21:47:00,0.05457831081002951
2026-08-31 21:48:00,0.05457831081002951
2026-08-31 21:49:00,0.05457831081002951
2026-08-31 21:50:00,0.059608845971524715
2026-08-31 21:51:00,0.059608845971524715
2026-08-31 21:52:00,0.059608845971524715
2026-08-31 21:53:00,0.059608845971524715
2026-08-31 21:54:00,0.059608845971524715
2026-08-31 21:55:00,0.06911391858011484
2026-08-31 21:56:00,0.06911391858011484
2026-08-31 21:57:00,0.06911391858011484
2026-08-31 21:58:00,0.06911391858011484
2026-08-31 21:59:00,0.06911391858011484
2026-08-31 22:00:00,0.06713405903428793
2026-08-31 22:01:00,0.06713405903428793
2026-08-31 22:02:00,0.06713405903428793
2026-08-31 22:03:00,0.06713405903428793
2026-08-31 22:04:00,0.06713405903428793
2026-08-31 22:05:00,0.058280919678509235
2026-08-31 22:06:00,0.058280919678509235
2026-08-31 22:07:00,0.058280919678509235
2026-08-31 22:08:00,0.058280919678509235
2026-08-31 22:09:00,0.058280919678509235
2026-08-31 22:10:00,0.05065923370420933
2026-08-31 22:11:00,0.05065923370420933
2026-08-31 22:12:00,0.05065923370420933
2026-08-31 22:13:00,0.05065923370420933
2026-08-31 22:14:00,0.05065923370420933
2026-08-31 22:15:00,0.04234871920198202
2026-08-31 22:16:00,0.04234871920198202
2026-08-31 22:17:00,0.04234871920198202
2026-08-31 22:18:00,0.04234871920198202
2026-08-31 22:19:00,0.04234871920198202
2026-08-31 22:20:00,0.040885946713387966
2026-08-31 22:21:00,0.040885946713387966
2026-08-31 22:22:00,0.040885946713387966
2026-08-31 22:23:00,0.040885946713387966
2026-08-31 22:24:00,0.040885946713387966
2026-08-31 22:25:00,0.04491062089800835
2026-08-31 22:26:00,0.04491062089800835
2026-08-31 22:27:00,0.04491062089800835
2026-08-31 22:28:00,0.04491062089800835
2026-08-31 22:29:00,0.04491062089800835
2026-08-31 22:30:00,0.04336411412805319
2026-08-31 22:31:00,0.04336411412805319
2026-08-31 22:32:00,0.04336411412805319
2026-08-31 22:33:00,0.04336411412805319
2026-08-31 22:34:00,0.04336411412805319
2026-08-31 22:35:00,0.04034987557679415
2026-08-31 22:36:00,0.04034987557679415
2026-08-31 22:37:00,0.04034987557679415
2026-08-31 22:38:00,0.04034987557679415
2026-08-31 22:39:00,0.04034987557679415
2026-08-31 22:40:00,0.03872882667928934
2026-08-31 22:41:00,0.03872882667928934
2026-08-31 22:42:00,0.03872882667928934
2026-08-31 22:43:00,0.03872882667928934
2026-08-31 22:44:00,0.03872882667928934
2026-08-31 22:45:00,0.035739609971642494
2026-08-31 22:46:00,0.035739609971642494
2026-08-31 22:47:00,0.035739609971642494
2026-08-31 22:48:00,0.035739609971642494
2026-08-31 22:49:00,0.035739609971642494
2026-08-31 22:50:00,0.03619616385549307
2026-08-31 22:51:00,0.03619616385549307
2026-08-31 22:52:00,0.03619616385549307
2026-08-31 22:53:00,0.03619616385549307
2026-08-31 22:54:00,0.03619616385549307
2026-08-31 22:55:00,0.04221293702721596
2026-08-31 22:56:00,0.04221293702721596
2026-08-31 22:57:00,0.04221293702721596
2026-08-31 22:58:00,0.04221293702721596
2026-08-31 22:59:00,0.04221293702721596
2026-08-31 23:00:00,0.050768216140568256
2026-08-31 23:01:00,0.050768216140568256
2026-08-31 23:02:00,0.050768216140568256
2026-08-31 23:03:00,0.050768216140568256
2026-08-31 23:04:00,0.050768216140568256
2026-08-31 23:05:00,0.05697683244943619
2026-08-31 23:06:00,0.05697683244943619
2026-08-31 23:07:00,0.05697683244943619
2026-08-31 23:08:00,0.05697683244943619
2026-08-31 23:09:00,0.05697683244943619
2026-08-31 23:10:00,0.0593737680464983
2026-08-31 23:11:00,0.0593737680464983
2026-08-31 23:12:00,0.0593737680464983
2026-08-31 23:13:00,0.0593737680464983
2026-08-31 23:14:00,0.0593737680464983
2026-08-31 23:15:00,0.05740886554121971
2026-08-31 23:16:00,0.05740886554121971
2026-08-31 23:17:00,0.05740886554121971
2026-08-31 23:18:00,0.05740886554121971
2026-08-31 23:19:00,0.05740886554121971
2026-08-31 23:20:00,0.05627329647541046
2026-08-31 23:21:00,0.05627329647541046
2026-08-31 23:22:00,0.05627329647541046
2026-08-31 23:23:00,0.05627329647541046
2026-08-31 23:24:00,0.05627329647541046
2026-08-31 23:25:00,0.055779220536351204
2026-08-31 23:26:00,0.055779220536351204
2026-08-31 23:27:00,0.055779220536351204
2026-08-31 23:28:00,0.055779220536351204
2026-08-31 23:29:00,0.055779220536351204
2026-08-31 23:30:00,0.0567032266408205
2026-08-31 23:31:00,0.0567032266408205
2026-08-31 23:32:00,0.0567032266408205
2026-08-31 23:33:00,0.0567032266408205
2026-08-31 23:34:00,0.0567032266408205
2026-08-31 23:35:00,0.05767303518950939
2026-08-31 23:36:00,0.05767303518950939
2026-08-31 23:37:00,0.05767303518950939
2026-08-31 23:38:00,0.05767303518950939
2026-08-31 23:39:00,0.05767303518950939
2026-08-31 23:40:00,0.05970725044608116
2026-08-31 23:41:00,0.05970725044608116
2026-08-31 23:42:00,0.05970725044608116
2026-08-31 23:43:00,0.05970725044608116
2026-08-31 23:44:00,0.05970725044608116
2026-08-31 23:45:00,0.3040119940415025
2026-08-31 23:46:00,0.3040119940415025
2026-08-31 23:47:00,0.3040119940415025
2026-08-31 23:48:00,0.3040119940415025
2026-08-31 23:49:00,0.3040119940415025
2026-08-31 23:50:00,0.5488194394856691
2026-08-31 23:51:00,0.5488194394856691
2026-08-31 23:52:00,0.5488194394856691
2026-08-31 23:53:00,0.5488194394856691
2026-08-31 23:54:00,0.5488194394856691
2026-08-31 23:55:00,0.7932261303067207
2026-08-31 23:56:00,0.7932261303067207
2026-08-31 23:57:00,0.7932261303067207
2026-08-31 23:58:00,0.7932261303067207
2026-08-31 23:59:00,0.7932261303067207
2026-09-01 00:00:00,1.0335322320461273
2026-09-01 00:01:00,1.0335322320461273
2026-09-01 00:02:00,1.0335322320461273
2026-09-01 00:03:00,1.0335322320461273
2026-09-01 00:04:00,1.0335322320461273
2026-09-01 00:05:00,0.8028403669595718
2026-09-01 00:06:00,0.8028403669595718
2026-09-01 00:07:00,0.8028403669595718
2026-09-01 00:08:00,0.8028403669595718
2026-09-01 00:09:00,0.8028403669595718
2026-09-01 00:10:00,0.5742833707481623
2026-09-01 00:11:00,0.5742833707481623
2026-09-01 00:12:00,0.5742833707481623
2026-09-01 00:13:00,0.5742833707481623
2026-09-01 00:14:00,0.5742833707481623
2026-09-01 00:15:00,0.3480167407542467
2026-09-01 00:16:00,0.3480167407542467
2026-09-01 00:17:00,0.3480167407542467
2026-09-01 00:18:00,0.3480167407542467
2026-09-01 00:19:00,0.3480167407542467
2026-09-01 00:20:00,0.11871621198952198
2026-09-01 00:21:00,0.11871621198952198
2026-09-01 00:22:00,0.11871621198952198
2026-09-01 00:23:00,0.11871621198952198
2026-09-01 00:24:00,0.11871621198952198
2026-09-01 00:25:00,0.1200356874614954
2026-09-01 00:26:00,0.1200356874614954
2026-09-01 00:27:00,0.1200356874614954
2026-09-01 00:28:00,0.1200356874614954
2026-09-01 00:29:00,0.1200356874614954
2026-09-01 00:30:00,0.12200234830379486
2026-09-01 00:31:00,0.12200234830379486
2026-09-01 00:32:00,0.12200234830379486
2026-09-01 00:33:00,0.12200234830379486
2026-09-01 00:34:00,0.12200234830379486
2026-09-01 00:35:00,0.11837708577513695
2026-09-01 00:36:00,0.11837708577513695
2026-09-01 00:37:00,0.11837708577513695
2026-09-01 00:38:00,0.11837708577513695
2026-09-01 00:39:00,0.11837708577513695
2026-09-01 00:40:00,0.11883046105504036
2026-09-01 00:41:00,0.11883046105504036
2026-09-01 00:42:00,0.11883046105504036
2026-09-01 00:43:00,0.11883046105504036
2026-09-01 00:44:00,0.11883046105504036
2026-09-01 00:45:00,0.11981366947293282
2026-09-01 00:46:00,0.11981366947293282
2026-09-01 00:47:00,0.11981366947293282
2026-09-01 00:48:00,0.11981366947293282
2026-09-01 00:49:00,0.11981366947293282
2026-09-01 00:50:00,0.11807384714484215
2026-09-01 00:51:00,0.11807384714484215
2026-09-01 00:52:00,0.11807384714484215
2026-09-01 00:53:00,0.11807384714484215
2026-09-01 00:54:00,0.11807384714484215
2026-09-01 00:55:00,0.12089092656970024
2026-09-01 00:56:00,0.12089092656970024
2026-09-01 00:57:00,0.12089092656970024
2026-09-01 00:58:00,0.12089092656970024
2026-09-01 00:59:00,0.12089092656970024
2026-09-01 01:00:00,0.12764134630560875
2026-09-01 01:01:00,0.12764134630560875
2026-09-01 01:02:00,0.12764134630560875
2026-09-01 01:03:00,0.12764134630560875
2026-09-01 01:04:00,0.12764134630560875
2026-09-01 01:05:00,0.11784463562071323
2026-09-01 01:06:00,0.11784463562071323
2026-09-01 01:07:00,0.11784463562071323
2026-09-01 01:08:00,0.11784463562071323
2026-09-01 01:09:00,0.11784463562071323
2026-09-01 01:10:00,0.10828593745827675
2026-09-01 01:11:00,0.10828593745827675
2026-09-01 01:12:00,0.10828593745827675
2026-09-01 01:13:00,0.10828593745827675
2026-09-01 01:14:00,0.10828593745827675
2026-09-01 01:15:00,0.10011451877653599
2026-09-01 01:16:00,0.10011451877653599
2026-09-01 01:17:00,0.10011451877653599
2026-09-01 01:18:00,0.10011451877653599
2026-09-01 01:19:00,0.10011451877653599
2026-09-01 01:20:00,0.07959829829633236
2026-09-01 01:21:00,0.07959829829633236
2026-09-01 01:22:00,0.07959829829633236
2026-09-01 01:23:00,0.07959829829633236
2026-09-01 01:24:00,0.07959829829633236
2026-09-01 01:25:00,0.07058535236865282
2026-09-01 01:26:00,0.07058535236865282
2026-09-01 01:27:00,0.07058535236865282
2026-09-01 01:28:00,0.07058535236865282
2026-09-01 01:29:00,0.07058535236865282
2026-09-01 01:30:00,0.06013693381100893
2026-09-01 01:31:00,0.06013693381100893
2026-09-01 01:32:00,0.06013693381100893
2026-09-01 01:33:00,0.06013693381100893
2026-09-01 01:34:00,0.06013693381100893
2026-09-01 01:35:00,0.04786286503076553
2026-09-01 01:36:00,0.04786286503076553
2026-09-01 01:37:00,0.04786286503076553
2026-09-01 01:38:00,0.04786286503076553
2026-09-01 01:39:00,0.04786286503076553
2026-09-01 01:40:00,0.046971832402050495
2026-09-01 01:41:00,0.046971832402050495
2026-09-01 01:42:00,0.046971832402050495
2026-09-01 01:43:00,0.046971832402050495
2026-09-01 01:44:00,0.046971832402050495
2026-09-01 01:45:00,0.05214480124413967
2026-09-01 01:46:00,0.05214480124413967
2026-09-01 01:47:00,0.05214480124413967
2026-09-01 01:48:00,0.05214480124413967
2026-09-01 01:49:00,0.05214480124413967
2026-09-01 01:50:00,0.060458673164248466
2026-09-01 01:51:00,0.060458673164248466
2026-09-01 01:52:00,0.060458673164248466
2026-09-01 01:53:00,0.060458673164248466
2026-09-01 01:54:00,0.060458673164248466
2026-09-01 01:55:00,0.06843353528529406
2026-09-01 01:56:00,0.06843353528529406
2026-09-01 01:57:00,0.06843353528529406
2026-09-01 01:58:00,0.06843353528529406
2026-09-01 01:59:00,0.06843353528529406
2026-09-01 02:00:00,0.07537974789738655
2026-09-01 02:01:00,0.07537974789738655
2026-09-01 02:02:00,0.07537974789738655
2026-09-01 02:03:00,0.07537974789738655
2026-09-01 02:04:00,0.07537974789738655
2026-09-01 02:05:00,0.08275014534592628
2026-09-01 02:06:00,0.08275014534592628
2026-09-01 02:07:00,0.08275014534592628
2026-09-01 02:08:00,0.08275014534592628
2026-09-01 02:09:00,0.08275014534592628
2026-09-01 02:10:00,0.08527142181992531
2026-09-01 02:11:00,0.08527142181992531
2026-09-01 02:12:00,0.08527142181992531
2026-09-01 02:13:00,0.08527142181992531
2026-09-01 02:14:00,0.08527142181992531
2026-09-01 02:15:00,0.08837169967591763
2026-09-01 02:16:00,0.08837169967591763
2026-09-01 02:17:00,0.08837169967591763
2026-09-01 02:18:00,0.08837169967591763
2026-09-01 02:19:00,0.08837169967591763
2026-09-01 02:20:00,0.08541892282664776
2026-09-01 02:21:00,0.08541892282664776
2026-09-01 02:22:00,0.08541892282664776
2026-09-01 02:23:00,0.08541892282664776
2026-09-01 02:24:00,0.08541892282664776
2026-09-01 02:25:00,0.07980058901011944
2026-09-01 02:26:00,0.07980058901011944
2026-09-01 02:27:00,0.07980058901011944
2026-09-01 02:28:00,0.07980058901011944
2026-09-01 02:29:00,0.07980058901011944
2026-09-01 02:30:00,0.07724559679627419
2026-09-01 02:31:00,0.07724559679627419
2026-09-01 02:32:00,0.07724559679627419
2026-09-01 02:33:00,0.07724559679627419
2026-09-01 02:34:00,0.07724559679627419
2026-09-01 02:35:00,0.06940289959311485
2026-09-01 02:36:00,0.06940289959311485
2026-09-01 02:37:00,0.06940289959311485
2026-09-01 02:38:00,0.06940289959311485
2026-09-01 02:39:00,0.06940289959311485
2026-09-01 02:40:00,0.06402566842734814
2026-09-01 02:41:00,0.06402566842734814
2026-09-01 02:42:00,0.06402566842734814
2026-09-01 02:43:00,0.06402566842734814
2026-09-01 02:44:00,0.06402566842734814
2026-09-01 02:45:00,0.05337377265095711
2026-09-01 02:46:00,0.05337377265095711
2026-09-01 02:47:00,0.05337377265095711
2026-09-01 02:48:00,0.05337377265095711
2026-09-01 02:49:00,0.05337377265095711
2026-09-01 02:50:00,0.04637002944946289
2026-09-01 02:51:00,0.04637002944946289
2026-09-01 02:52:00,0.04637002944946289
2026-09-01 02:53:00,0.04637002944946289
2026-09-01 02:54:00,0.04637002944946289
2026-09-01 02:55:00,0.04668665397912264
2026-09-01 02:56:00,0.04668665397912264
2026-09-01 02:57:00,0.04668665397912264
2026-09-01 02:58:00,0.04668665397912264
2026-09-01 02:59:00,0.04668665397912264
2026-09-01 03:00:00,0.05300262290984392
2026-09-01 03:01:00,0.05300262290984392
2026-09-01 03:02:00,0.05300262290984392
2026-09-01 03:03:00,0.05300262290984392
2026-09-01 03:04:00,0.05300262290984392
2026-09-01 03:05:00,0.06377680506557226
2026-09-01 03:06:00,0.06377680506557226
2026-09-01 03:07:00,0.06377680506557226
2026-09-01 03:08:00,0.06377680506557226
2026-09-01 03:09:00,0.06377680506557226
2026-09-01 03:10:00,0.07184740249067545
2026-09-01 03:11:00,0.07184740249067545
2026-09-01 03:12:00,0.07184740249067545
2026-09-01 03:13:00,0.07184740249067545
2026-09-01 03:14:00,0.07184740249067545
2026-09-01 03:15:00,0.08042365126311779
2026-09-01 03:16:00,0.08042365126311779
2026-09-01 03:17:00,0.08042365126311779
2026-09-01 03:18:00,0.08042365126311779
2026-09-01 03:19:00,0.08042365126311779
2026-09-01 03:20:00,0.08086796663701534
2026-09-01 03:21:00,0.08086796663701534
2026-09-01 03:22:00,0.08086796663701534
2026-09-01 03:23:00,0.08086796663701534
2026-09-01 03:24:00,0.08086796663701534
2026-09-01 03:25:00,0.08427141793072224
2026-09-01 03:26:00,0.08427141793072224
2026-09-01 03:27:00,0.08427141793072224
2026-09-01 03:28:00,0.08427141793072224
2026-09-01 03:29:00,0.08427141793072224
2026-09-01 03:30:00,0.08447150513529778
2026-09-01 03:31:00,0.08447150513529778
2026-09-01 03:32:00,0.08447150513529778
2026-09-01 03:33:00,0.08447150513529778
2026-09-01 03:34:00,0.08447150513529778
2026-09-01 03:35:00,0.07418964896351099
2026-09-01 03:36:00,0.07418964896351099
2026-09-01 03:37:00,0.07418964896351099
2026-09-01 03:38:00,0.07418964896351099
2026-09-01 03:39:00,0.07418964896351099
2026-09-01 03:40:00,0.0646074851974845
2026-09-01 03:41:00,0.0646074851974845
2026-09-01 03:42:00,0.0646074851974845
2026-09-01 03:43:00,0.0646074851974845
2026-09-01 03:44:00,0.0646074851974845
2026-09-01 03:45:00,0.05872620176523924
2026-09-01 03:46:00,0.05872620176523924
2026-09-01 03:47:00,0.05872620176523924
2026-09-01 03:48:00,0.05872620176523924
2026-09-01 03:49:00,0.05872620176523924
2026-09-01 03:50:00,0.05745483282953501
2026-09-01 03:51:00,0.05745483282953501
2026-09-01 03:52:00,0.05745483282953501
2026-09-01 03:53:00,0.05745483282953501
2026-09-01 03:54:00,0.05745483282953501
2026-09-01 03:55:00,0.06644637137651443
2026-09-01 03:56:00,0.06644637137651443
2026-09-01 03:57:00,0.06644637137651443
2026-09-01 03:58:00,0.06644637137651443
2026-09-01 03:59:00,0.06644637137651443
2026-09-01 04:00:00,0.08126762695610523
2026-09-01 04:01:00,0.08126762695610523
2026-09-01 04:02:00,0.08126762695610523
2026-09-01 04:03:00,0.08126762695610523
2026-09-01 04:04:00,0.08126762695610523
2026-09-01 04:05:00,0.0871778056025505
2026-09-01 04:06:00,0.0871778056025505
2026-09-01 04:07:00,0.0871778056025505
2026-09-01 04:08:00,0.0871778056025505
2026-09-01 04:09:00,0.0871778056025505
2026-09-01 04:10:00,0.08730309084057808
2026-09-01 04:11:00,0.08730309084057808
2026-09-01 04:12:00,0.08730309084057808
2026-09-01 04:13:00,0.08730309084057808
2026-09-01 04:14:00,0.08730309084057808
2026-09-01 04:15:00,0.08051967807114124
2026-09-01 04:16:00,0.08051967807114124
2026-09-01 04:17:00,0.08051967807114124
2026-09-01 04:18:00,0.08051967807114124
2026-09-01 04:19:00,0.08051967807114124
2026-09-01 04:20:00,0.0678043020889163
2026-09-01 04:21:00,0.0678043020889163
2026-09-01 04:22:00,0.0678043020889163
2026-09-01 04:23:00,0.0678043020889163
2026-09-01 04:24:00,0.0678043020889163
2026-09-01 04:25:00,0.05947611015290022
2026-09-01 04:26:00,0.05947611015290022
2026-09-01 04:27:00,0.05947611015290022
2026-09-01 04:28:00,0.05947611015290022
2026-09-01 04:29:00,0.05947611015290022
2026-09-01 04:30:00,0.06030625943094492
2026-09-01 04:31:00,0.06030625943094492
2026-09-01 04:32:00,0.06030625943094492
2026-09-01 04:33:00,0.06030625943094492
2026-09-01 04:34:00,0.06030625943094492
2026-09-01 04:35:00,0.06875419896095991
2026-09-01 04:36:00,0.06875419896095991
2026-09-01 04:37:00,0.06875419896095991
2026-09-01 04:38:00,0.06875419896095991
2026-09-01 04:39:00,0.06875419896095991
2026-09-01 04:40:00,0.07818599231541157
2026-09-01 04:41:00,0.07818599231541157
2026-09-01 04:42:00,0.07818599231541157
2026-09-01 04:43:00,0.07818599231541157
2026-09-01 04:44:00,0.07818599231541157
2026-09-01 04:45:00,0.07873333059251308
2026-09-01 04:46:00,0.07873333059251308
2026-09-01 04:47:00,0.07873333059251308
2026-09-01 04:48:00,0.07873333059251308
2026-09-01 04:49:00,0.07873333059251308
2026-09-01 04:50:00,0.06962973158806562
2026-09-01 04:51:00,0.06962973158806562
2026-09-01 04:52:00,0.06962973158806562
2026-09-01 04:53:00,0.06962973158806562
2026-09-01 04:54:00,0.06962973158806562
2026-09-01 04:55:00,0.05988041404634714
2026-09-01 04:56:00,0.05988041404634714
2026-09-01 04:57:00,0.05988041404634714
2026-09-01 04:58:00,0.05988041404634714
2026-09-01 04:59:00,0.05988041404634714
2026-09-01 05:00:00,0.05482501070946455
2026-09-01 05:01:00,0.05482501070946455
2026-09-01 05:02:00,0.05482501070946455
2026-09-01 05:03:00,0.05482501070946455
2026-09-01 05:04:00,0.05482501070946455
2026-09-01 05:05:00,0.05984605010598898
2026-09-01 05:06:00,0.05984605010598898
2026-09-01 05:07:00,0.05984605010598898
2026-09-01 05:08:00,0.05984605010598898
2026-09-01 05:09:00,0.05984605010598898
2026-09-01 05:10:00,0.07001033052802086
2026-09-01 05:11:00,0.07001033052802086
2026-09-01 05:12:00,0.07001033052802086
2026-09-01 05:13:00,0.07001033052802086
2026-09-01 05:14:00,0.07001033052802086
2026-09-01 05:15:00,0.07584266923367977
2026-09-01 05:16:00,0.07584266923367977
2026-09-01 05:17:00,0.07584266923367977
2026-09-01 05:18:00,0.07584266923367977
2026-09-01 05:19:00,0.07584266923367977
2026-09-01 05:20:00,0.07537706568837166
2026-09-01 05:21:00,0.07537706568837166
2026-09-01 05:22:00,0.07537706568837166
2026-09-01 05:23:00,0.07537706568837166
2026-09-01 05:24:00,0.07537706568837166
2026-09-01 05:25:00,0.06857281271368265
2026-09-01 05:26:00,0.06857281271368265
2026-09-01 05:27:00,0.06857281271368265
2026-09-01 05:28:00,0.06857281271368265
2026-09-01 05:29:00,0.06857281271368265
2026-09-01 05:30:00,0.05877984035760164
2026-09-01 05:31:00,0.05877984035760164
2026-09-01 05:32:00,0.05877984035760164
2026-09-01 05:33:00,0.05877984035760164
2026-09-01 05:34:00,0.05877984035760164
2026-09-01 05:35:00,0.049336027354002
2026-09-01 05:36:00,0.049336027354002
2026-09-01 05:37:00,0.049336027354002
2026-09-01 05:38:00,0.049336027354002
2026-09-01 05:39:00,0.049336027354002
2026-09-01 05:40:00,0.11080975271761417
2026-09-01 05:41:00,0.11080975271761417
2026-09-01 05:42:00,0.11080975271761417
2026-09-01 05:43:00,0.11080975271761417
2026-09-01 05:44:00,0.11080975271761417
2026-09-01 05:45:00,0.1797106871381402
2026-09-01 05:46:00,0.1797106871381402
2026-09-01 05:47:00,0.1797106871381402
2026-09-01 05:48:00,0.1797106871381402
2026-09-01 05:49:00,0.1797106871381402
2026-09-01 05:50:00,0.42583378683775663
2026-09-01 05:51:00,0.42583378683775663
2026-09-01 05:52:00,0.42583378683775663
2026-09-01 05:53:00,0.42583378683775663
2026-09-01 05:54:00,0.42583378683775663
2026-09-01 05:55:00,0.6725692823529243
2026-09-01 05:56:00,0.6725692823529243
2026-09-01 05:57:00,0.6725692823529243
2026-09-01 05:58:00,0.6725692823529243
2026-09-01 05:59:00,0.6725692823529243
2026-09-01 06:00:00,0.8521214574575424
2026-09-01 06:01:00,0.8521214574575424
2026-09-01 06:02:00,0.8521214574575424
2026-09-01 06:03:00,0.8521214574575424
2026-09-01 06:04:00,0.8521214574575424
2026-09-01 06:05:00,1.0288414359092712
2026-09-01 06:06:00,1.0288414359092712
2026-09-01 06:07:00,1.0288414359092712
2026-09-01 06:08:00,1.0288414359092712
2026-09-01 06:09:00,1.0288414359092712
2026-09-01 06:10:00,0.8257892690598965
2026-09-01 06:11:00,0.8257892690598965
2026-09-01 06:12:00,0.8257892690598965
2026-09-01 06:13:00,0.8257892690598965
2026-09-01 06:14:00,0.8257892690598965
2026-09-01 06:15:00,0.6234942302107811
2026-09-01 06:16:00,0.6234942302107811
2026-09-01 06:17:00,0.6234942302107811
2026-09-01 06:18:00,0.6234942302107811
2026-09-01 06:19:00,0.6234942302107811
2026-09-01 06:20:00,0.6810419782996178
2026-09-01 06:21:00,0.6810419782996178
2026-09-01 06:22:00,0.6810419782996178
2026-09-01 06:23:00,0.6810419782996178
2026-09-01 06:24:00,0.6810419782996178
2026-09-01 06:25:00,0.7384681329131126
2026-09-01 06:26:00,0.7384681329131126
2026-09-01 06:27:00,0.7384681329131126
2026-09-01 06:28:00,0.7384681329131126
2026-09-01 06:29:00,0.7384681329131126
2026-09-01 06:30:00,0.9995979927480221
2026-09-01 06:31:00,0.9995979927480221
2026-09-01 06:32:00,0.9995979927480221
2026-09-01 06:33:00,0.9995979927480221
2026-09-01 06:34:00,0.9995979927480221
2026-09-01 06:35:00,1.252674251794815
2026-09-01 06:36:00,1.252674251794815
2026-09-01 06:37:00,1.252674251794815
2026-09-01 06:38:00,1.252674251794815
2026-09-01 06:39:00,1.252674251794815
2026-09-01 06:40:00,1.189831018447876
2026-09-01 06:41:00,1.189831018447876
2026-09-01 06:42:00,1.189831018447876
2026-09-01 06:43:00,1.189831018447876
2026-09-01 06:44:00,1.189831018447876
2026-09-01 06:45:00,1.1283405721187592
2026-09-01 06:46:00,1.1283405721187592
2026-09-01 06:47:00,1.1283405721187592
2026-09-01 06:48:00,1.1283405721187592
2026-09-01 06:49:00,1.1283405721187592
2026-09-01 06:50:00,1.0671251714229584
2026-09-01 06:51:00,1.0671251714229584
2026-09-01 06:52:00,1.0671251714229584
2026-09-01 06:53:00,1.0671251714229584
2026-09-01 06:54:00,1.0671251714229584
2026-09-01 06:55:00,1.004520833492279
2026-09-01 06:56:00,1.004520833492279
2026-09-01 06:57:00,1.004520833492279
2026-09-01 06:58:00,1.004520833492279
2026-09-01 06:59:00,1.004520833492279
2026-09-01 07:00:00,0.7887431532144547
2026-09-01 07:01:00,0.7887431532144547
2026-09-01 07:02:00,0.7887431532144547
2026-09-01 07:03:00,0.7887431532144547
2026-09-01 07:04:00,0.7887431532144547
2026-09-01 07:05:00,0.5709802843630314
2026-09-01 07:06:00,0.5709802843630314
2026-09-01 07:07:00,0.5709802843630314
2026-09-01 07:08:00,0.5709802843630314
2026-09-01 07:09:00,0.5709802843630314
2026-09-01 07:10:00,0.36807436496019363
2026-09-01 07:11:00,0.36807436496019363
2026-09-01 07:12:00,0.36807436496019363
2026-09-01 07:13:00,0.36807436496019363
2026-09-01 07:14:00,0.36807436496019363
2026-09-01 07:15:00,0.17457320913672447
2026-09-01 07:16:00,0.17457320913672447
2026-09-01 07:17:00,0.17457320913672447
2026-09-01 07:18:00,0.17457320913672447
2026-09-01 07:19:00,0.17457320913672447
2026-09-01 07:20:00,0.18917419016361237
2026-09-01 07:21:00,0.18917419016361237
2026-09-01 07:22:00,0.18917419016361237
2026-09-01 07:23:00,0.18917419016361237
2026-09-01 07:24:00,0.18917419016361237
2026-09-01 07:25:00,0.20448918268084526
2026-09-01 07:26:00,0.20448918268084526
2026-09-01 07:27:00,0.20448918268084526
2026-09-01 07:28:00,0.20448918268084526
2026-09-01 07:29:00,0.20448918268084526
2026-09-01 07:30:00,0.2068193145096302
2026-09-01 07:31:00,0.2068193145096302
2026-09-01 07:32:00,0.2068193145096302
2026-09-01 07:33:00,0.2068193145096302
2026-09-01 07:34:00,0.2068193145096302
2026-09-01 07:35:00,0.20665326341986656
2026-09-01 07:36:00,0.20665326341986656
2026-09-01 07:37:00,0.20665326341986656
2026-09-01 07:38:00,0.20665326341986656
2026-09-01 07:39:00,0.20665326341986656
2026-09-01 07:40:00,0.18423118256032467
2026-09-01 07:41:00,0.18423118256032467
2026-09-01 07:42:00,0.18423118256032467
2026-09-01 07:43:00,0.18423118256032467
2026-09-01 07:44:00,0.18423118256032467
2026-09-01 07:45:00,0.16437405906617641
2026-09-01 07:46:00,0.16437405906617641
2026-09-01 07:47:00,0.16437405906617641
2026-09-01 07:48:00,0.16437405906617641
2026-09-01 07:49:00,0.16437405906617641
2026-09-01 07:50:00,0.14422487281262875
2026-09-01 07:51:00,0.14422487281262875
2026-09-01 07:52:00,0.14422487281262875
2026-09-01 07:53:00,0.14422487281262875
2026-09-01 07:54:00,0.14422487281262875
2026-09-01 07:55:00,0.12390677630901337
2026-09-01 07:56:00,0.12390677630901337
2026-09-01 07:57:00,0.12390677630901337
2026-09-01 07:58:00,0.12390677630901337
2026-09-01 07:59:00,0.12390677630901337
2026-09-01 08:00:00,0.11012507975101471
2026-09-01 08:01:00,0.11012507975101471
2026-09-01 08:02:00,0.11012507975101471
2026-09-01 08:03:00,0.11012507975101471
2026-09-01 08:04:00,0.11012507975101471
2026-09-01 08:05:00,0.08899389673024416
2026-09-01 08:06:00,0.08899389673024416
2026-09-01 08:07:00,0.08899389673024416
2026-09-01 08:08:00,0.08899389673024416
2026-09-01 08:09:00,0.08899389673024416
2026-09-01 08:10:00,0.06625975016504526
2026-09-01 08:11:00,0.06625975016504526
2026-09-01 08:12:00,0.06625975016504526
2026-09-01 08:13:00,0.06625975016504526
2026-09-01 08:14:00,0.06625975016504526
2026-09-01 08:15:00,0.04368055798113346
2026-09-01 08:16:00,0.04368055798113346
2026-09-01 08:17:00,0.04368055798113346
2026-09-01 08:18:00,0.04368055798113346
2026-09-01 08:19:00,0.04368055798113346
2026-09-01 08:20:00,0.03756099287420511
2026-09-01 08:21:00,0.03756099287420511
2026-09-01 08:22:00,0.03756099287420511
2026-09-01 08:23:00,0.03756099287420511
2026-09-01 08:24:00,0.03756099287420511
2026-09-01 08:25:00,0.034387549851089716
2026-09-01 08:26:00,0.034387549851089716
2026-09-01 08:27:00,0.034387549851089716
2026-09-01 08:28:00,0.034387549851089716
2026-09-01 08:29:00,0.034387549851089716
2026-09-01 08:30:00,0.03274161322042346
2026-09-01 08:31:00,0.03274161322042346
2026-09-01 08:32:00,0.03274161322042346
2026-09-01 08:33:00,0.03274161322042346
2026-09-01 08:34:00,0.03274161322042346
2026-09-01 08:35:00,0.036216970067471266
2026-09-01 08:36:00,0.036216970067471266
2026-09-01 08:37:00,0.036216970067471266
2026-09-01 08:38:00,0.036216970067471266
2026-09-01 08:39:00,0.036216970067471266
2026-09-01 08:40:00,0.04035079712048173
2026-09-01 08:41:00,0.04035079712048173
2026-09-01 08:42:00,0.04035079712048173
2026-09-01 08:43:00,0.04035079712048173
2026-09-01 08:44:00,0.04035079712048173
2026-09-01 08:45:00,0.047239188104867935
2026-09-01 08:46:00,0.047239188104867935
2026-09-01 08:47:00,0.047239188104867935
2026-09-01 08:48:00,0.047239188104867935
2026-09-01 08:49:00,0.047239188104867935
2026-09-01 08:50:00,0.05564549285918474
2026-09-01 08:51:00,0.05564549285918474
2026-09-01 08:52:00,0.05564549285918474
2026-09-01 08:53:00,0.05564549285918474
2026-09-01 08:54:00,0.05564549285918474
2026-09-01 08:55:00,0.05645883176475763
2026-09-01 08:56:00,0.05645883176475763
2026-09-01 08:57:00,0.05645883176475763
2026-09-01 08:58:00,0.05645883176475763
2026-09-01 08:59:00,0.05645883176475763
2026-09-01 09:00:00,0.057569719851017
2026-09-01 09:01:00,0.057569719851017
2026-09-01 09:02:00,0.057569719851017
2026-09-01 09:03:00,0.057569719851017
2026-09-01 09:04:00,0.057569719851017
2026-09-01 09:05:00,0.05593534093350172
2026-09-01 09:06:00,0.05593534093350172
2026-09-01 09:07:00,0.05593534093350172
2026-09-01 09:08:00,0.05593534093350172
2026-09-01 09:09:00,0.05593534093350172
2026-09-01 09:10:00,0.053522649221122265
2026-09-01 09:11:00,0.053522649221122265
2026-09-01 09:12:00,0.053522649221122265
2026-09-01 09:13:00,0.053522649221122265
2026-09-01 09:14:00,0.053522649221122265
2026-09-01 09:15:00,0.059158314019441605
2026-09-01 09:16:00,0.059158314019441605
2026-09-01 09:17:00,0.059158314019441605
2026-09-01 09:18:00,0.059158314019441605
2026-09-01 09:19:00,0.059158314019441605
2026-09-01 09:20:00,0.06564168352633715
2026-09-01 09:21:00,0.06564168352633715
2026-09-01 09:22:00,0.06564168352633715
2026-09-01 09:23:00,0.06564168352633715
2026-09-01 09:24:00,0.06564168352633715
2026-09-01 09:25:00,0.07016216032207012
2026-09-01 09:26:00,0.07016216032207012
2026-09-01 09:27:00,0.07016216032207012
2026-09-01 09:28:00,0.07016216032207012
2026-09-01 09:29:00,0.07016216032207012
2026-09-01 09:30:00,0.07317091338336468
2026-09-01 09:31:00,0.07317091338336468
2026-09-01 09:32:00,0.07317091338336468
2026-09-01 09:33:00,0.07317091338336468
2026-09-01 09:34:00,0.07317091338336468
2026-09-01 09:35:00,0.06658065132796764
2026-09-01 09:36:00,0.06658065132796764
2026-09-01 09:37:00,0.06658065132796764
2026-09-01 09:38:00,0.06658065132796764
2026-09-01 09:39:00,0.06658065132796764
2026-09-01 09:40:00,0.059183438308537006
2026-09-01 09:41:00,0.059183438308537006
2026-09-01 09:42:00,0.059183438308537006
2026-09-01 09:43:00,0.059183438308537006
2026-09-01 09:44:00,0.059183438308537006
2026-09-01 09:45:00,0.056949094869196415
2026-09-01 09:46:00,0.056949094869196415
2026-09-01 09:47:00,0.056949094869196415
2026-09-01 09:48:00,0.056949094869196415
2026-09-01 09:49:00,0.056949094869196415
2026-09-01 09:50:00,0.05450752470642328
2026-09-01 09:51:00,0.05450752470642328
2026-09-01 09:52:00,0.05450752470642328
2026-09-01 09:53:00,0.05450752470642328
2026-09-01 09:54:00,0.05450752470642328
2026-09-01 09:55:00,0.05935398396104574
2026-09-01 09:56:00,0.05935398396104574
2026-09-01 09:57:00,0.05935398396104574
2026-09-01 09:58:00,0.05935398396104574
2026-09-01 09:59:00,0.05935398396104574
2026-09-01 10:00:00,0.06192757934331894
2026-09-01 10:01:00,0.06192757934331894
2026-09-01 10:02:00,0.06192757934331894
2026-09-01 10:03:00,0.06192757934331894
2026-09-01 10:04:00,0.06192757934331894
2026-09-01 10:05:00,0.06410319730639458
2026-09-01 10:06:00,0.06410319730639458
2026-09-01 10:07:00,0.06410319730639458
2026-09-01 10:08:00,0.06410319730639458
2026-09-01 10:09:00,0.06410319730639458
2026-09-01 10:10:00,0.061610390432178974
2026-09-01 10:11:00,0.061610390432178974
2026-09-01 10:12:00,0.061610390432178974
2026-09-01 10:13:00,0.061610390432178974
2026-09-01 10:14:00,0.061610390432178974
2026-09-01 10:15:00,0.05724100582301617
2026-09-01 10:16:00,0.05724100582301617
2026-09-01 10:17:00,0.05724100582301617
2026-09-01 10:18:00,0.05724100582301617
2026-09-01 10:19:00,0.05724100582301617
2026-09-01 10:20:00,0.060462482273578644
2026-09-01 10:21:00,0.060462482273578644
2026-09-01 10:22:00,0.060462482273578644
2026-09-01 10:23:00,0.060462482273578644
2026-09-01 10:24:00,0.060462482273578644
2026-09-01 10:25:00,0.06317994929850101
2026-09-01 10:26:00,0.06317994929850101
2026-09-01 10:27:00,0.06317994929850101
2026-09-01 10:28:00,0.06317994929850101
2026-09-01 10:29:00,0.06317994929850101
2026-09-01 10:30:00,0.06934645120054483
2026-09-01 10:31:00,0.06934645120054483
2026-09-01 10:32:00,0.06934645120054483
2026-09-01 10:33:00,0.06934645120054483
2026-09-01 10:34:00,0.06934645120054483
2026-09-01 10:35:00,0.072376299649477
2026-09-01 10:36:00,0.072376299649477
2026-09-01 10:37:00,0.072376299649477
2026-09-01 10:38:00,0.072376299649477
2026-09-01 10:39:00,0.072376299649477
2026-09-01 10:40:00,0.07228169217705727
2026-09-01 10:41:00,0.07228169217705727
2026-09-01 10:42:00,0.07228169217705727
2026-09-01 10:43:00,0.07228169217705727
2026-09-01 10:44:00,0.07228169217705727
2026-09-01 10:45:00,0.07032579928636551
2026-09-01 10:46:00,0.07032579928636551
2026-09-01 10:47:00,0.07032579928636551
2026-09-01 10:48:00,0.07032579928636551
2026-09-01 10:49:00,0.07032579928636551
2026-09-01 10:50:00,0.06903603114187717
2026-09-01 10:51:00,0.06903603114187717
2026-09-01 10:52:00,0.06903603114187717
2026-09-01 10:53:00,0.06903603114187717
2026-09-01 10:54:00,0.06903603114187717
2026-09-01 10:55:00,0.1070820763707161
2026-09-01 10:56:00,0.1070820763707161
2026-09-01 10:57:00,0.1070820763707161
2026-09-01 10:58:00,0.1070820763707161
2026-09-01 10:59:00,0.1070820763707161
2026-09-01 11:00:00,0.14636471681296825
2026-09-01 11:01:00,0.14636471681296825
2026-09-01 11:02:00,0.14636471681296825
2026-09-01 11:03:00,0.14636471681296825
2026-09-01 11:04:00,0.14636471681296825
2026-09-01 11:05:00,0.18749573826789856
2026-09-01 11:06:00,0.18749573826789856
2026-09-01 11:07:00,0.18749573826789856
2026-09-01 11:08:00,0.18749573826789856
2026-09-01 11:09:00,0.18749573826789856
2026-09-01 11:10:00,0.231160506606102
2026-09-01 11:11:00,0.231160506606102
2026-09-01 11:12:00,0.231160506606102
2026-09-01 11:13:00,0.231160506606102
2026-09-01 11:14:00,0.231160506606102
2026-09-01 11:15:00,0.19723166711628437
2026-09-01 11:16:00,0.19723166711628437
2026-09-01 11:17:00,0.19723166711628437
2026-09-01 11:18:00,0.19723166711628437
2026-09-01 11:19:00,0.19723166711628437
2026-09-01 11:20:00,0.15325003676116467
2026-09-01 11:21:00,0.15325003676116467
2026-09-01 11:22:00,0.15325003676116467
2026-09-01 11:23:00,0.15325003676116467
2026-09-01 11:24:00,0.15325003676116467
2026-09-01 11:25:00,0.11016404069960117
2026-09-01 11:26:00,0.11016404069960117
2026-09-01 11:27:00,0.11016404069960117
2026-09-01 11:28:00,0.11016404069960117
2026-09-01 11:29:00,0.11016404069960117
2026-09-01 11:30:00,0.06239564623683691
2026-09-01 11:31:00,0.06239564623683691
2026-09-01 11:32:00,0.06239564623683691
2026-09-01 11:33:00,0.06239564623683691
2026-09-01 11:34:00,0.06239564623683691
2026-09-01 11:35:00,0.05176637880504131
2026-09-01 11:36:00,0.05176637880504131
2026-09-01 11:37:00,0.05176637880504131
2026-09-01 11:38:00,0.05176637880504131
2026-09-01 11:39:00,0.05176637880504131
2026-09-01 11:40:00,0.048622237518429756
2026-09-01 11:41:00,0.048622237518429756
2026-09-01 11:42:00,0.048622237518429756
2026-09-01 11:43:00,0.048622237518429756
2026-09-01 11:44:00,0.048622237518429756
2026-09-01 11:45:00,0.04759499244391918
2026-09-01 11:46:00,0.04759499244391918
2026-09-01 11:47:00,0.04759499244391918
2026-09-01 11:48:00,0.04759499244391918
2026-09-01 11:49:00,0.04759499244391918
2026-09-01 11:50:00,0.04712885804474354
2026-09-01 11:51:00,0.04712885804474354
2026-09-01 11:52:00,0.04712885804474354
2026-09-01 11:53:00,0.04712885804474354
2026-09-01 11:54:00,0.04712885804474354
2026-09-01 11:55:00,0.05272448994219303
2026-09-01 11:56:00,0.05272448994219303
2026-09-01 11:57:00,0.05272448994219303
2026-09-01 11:58:00,0.05272448994219303
2026-09-01 11:59:00,0.05272448994219303
2026-09-01 12:00:00,0.056169064715504646
2026-09-01 12:01:00,0.056169064715504646
2026-09-01 12:02:00,0.056169064715504646
2026-09-01 12:03:00,0.056169064715504646
2026-09-01 12:04:00,0.056169064715504646
2026-09-01 12:05:00,0.05754631757736206
2026-09-01 12:06:00,0.05754631757736206
2026-09-01 12:07:00,0.05754631757736206
2026-09-01 12:08:00,0.05754631757736206
2026-09-01 12:09:00,0.05754631757736206
2026-09-01 12:10:00,0.06252761464565992
2026-09-01 12:11:00,0.06252761464565992
2026-09-01 12:12:00,0.06252761464565992
2026-09-01 12:13:00,0.06252761464565992
2026-09-01 12:14:00,0.06252761464565992
2026-09-01 12:15:00,0.07179276272654533
2026-09-01 12:16:00,0.07179276272654533
2026-09-01 12:17:00,0.07179276272654533
2026-09-01 12:18:00,0.07179276272654533
2026-09-01 12:19:00,0.07179276272654533
2026-09-01 12:20:00,0.07945642806589603
2026-09-01 12:21:00,0.07945642806589603
2026-09-01 12:22:00,0.07945642806589603
2026-09-01 12:23:00,0.07945642806589603
2026-09-01 12:24:00,0.07945642806589603
2026-09-01 12:25:00,0.08534620143473148
2026-09-01 12:26:00,0.08534620143473148
2026-09-01 12:27:00,0.08534620143473148
2026-09-01 12:28:00,0.08534620143473148
2026-09-01 12:29:00,0.08534620143473148
2026-09-01 12:30:00,0.08480842225253582
2026-09-01 12:31:00,0.08480842225253582
2026-09-01 12:32:00,0.08480842225253582
2026-09-01 12:33:00,0.08480842225253582
2026-09-01 12:34:00,0.08480842225253582
2026-09-01 12:35:00,0.07391820009797812
2026-09-01 12:36:00,0.07391820009797812
2026-09-01 12:37:00,0.07391820009797812
2026-09-01 12:38:00,0.07391820009797812
2026-09-01 12:39:00,0.07391820009797812
2026-09-01 12:40:00,0.06583277601748705
2026-09-01 12:41:00,0.06583277601748705
2026-09-01 12:42:00,0.06583277601748705
2026-09-01 12:43:00,0.06583277601748705
2026-09-01 12:44:00,0.06583277601748705
2026-09-01 12:45:00,0.062218294478952885
2026-09-01 12:46:00,0.062218294478952885
2026-09-01 12:47:00,0.062218294478952885
2026-09-01 12:48:00,0.062218294478952885
2026-09-01 12:49:00,0.062218294478952885
2026-09-01 12:50:00,0.0663398364558816
2026-09-01 12:51:00,0.0663398364558816
2026-09-01 12:52:00,0.0663398364558816
2026-09-01 12:53:00,0.0663398364558816
2026-09-01 12:54:00,0.0663398364558816
2026-09-01 12:55:00,0.07260370999574661
2026-09-01 12:56:00,0.07260370999574661
2026-09-01 12:57:00,0.07260370999574661
2026-09-01 12:58:00,0.07260370999574661
2026-09-01 12:59:00,0.07260370999574661
2026-09-01 13:00:00,0.07627026364207268
2026-09-01 13:01:00,0.07627026364207268
2026-09-01 13:02:00,0.07627026364207268
2026-09-01 13:03:00,0.07627026364207268
2026-09-01 13:04:00,0.07627026364207268
2026-09-01 13:05:00,0.06784837692975998
2026-09-01 13:06:00,0.06784837692975998
2026-09-01 13:07:00,0.06784837692975998
2026-09-01 13:08:00,0.06784837692975998
2026-09-01 13:09:00,0.06784837692975998
2026-09-01 13:10:00,0.057521531358361244
2026-09-01 13:11:00,0.057521531358361244
2026-09-01 13:12:00,0.057521531358361244
2026-09-01 13:13:00,0.057521531358361244
2026-09-01 13:14:00,0.057521531358361244
2026-09-01 13:15:00,0.05380900762975216
2026-09-01 13:16:00,0.05380900762975216
2026-09-01 13:17:00,0.05380900762975216
2026-09-01 13:18:00,0.05380900762975216
2026-09-01 13:19:00,0.05380900762975216
2026-09-01 13:20:00,0.09742751903831959
2026-09-01 13:21:00,0.09742751903831959
2026-09-01 13:22:00,0.09742751903831959
2026-09-01 13:23:00,0.09742751903831959
2026-09-01 13:24:00,0.09742751903831959
2026-09-01 13:25:00,0.23329729214310646
2026-09-01 13:26:00,0.23329729214310646
2026-09-01 13:27:00,0.23329729214310646
2026-09-01 13:28:00,0.23329729214310646
2026-09-01 13:29:00,0.23329729214310646
2026-09-01 13:30:00,0.368009714409709
2026-09-01 13:31:00,0.368009714409709
2026-09-01 13:32:00,0.368009714409709
2026-09-01 13:33:00,0.368009714409709
2026-09-01 13:34:00,0.368009714409709
2026-09-01 13:35:00,0.49567874521017075
2026-09-01 13:36:00,0.49567874521017075
2026-09-01 13:37:00,0.49567874521017075
2026-09-01 13:38:00,0.49567874521017075
2026-09-01 13:39:00,0.49567874521017075
2026-09-01 13:40:00,0.5160403549671173
2026-09-01 13:41:00,0.5160403549671173
2026-09-01 13:42:00,0.5160403549671173
2026-09-01 13:43:00,0.5160403549671173
2026-09-01 13:44:00,0.5160403549671173
2026-09-01 13:45:00,0.38374137599021196
2026-09-01 13:46:00,0.38374137599021196
2026-09-01 13:47:00,0.38374137599021196
2026-09-01 13:48:00,0.38374137599021196
2026-09-01 13:49:00,0.38374137599021196
2026-09-01 13:50:00,0.25519430357962847
2026-09-01 13:51:00,0.25519430357962847
2026-09-01 13:52:00,0.25519430357962847
2026-09-01 13:53:00,0.25519430357962847
2026-09-01 13:54:00,0.25519430357962847
2026-09-01 13:55:00,0.13485706504434347
2026-09-01 13:56:00,0.13485706504434347
2026-09-01 13:57:00,0.13485706504434347
2026-09-01 13:58:00,0.13485706504434347
2026-09-01 13:59:00,0.13485706504434347
2026-09-01 14:00:00,0.07674189005047083
2026-09-01 14:01:00,0.07674189005047083
2026-09-01 14:02:00,0.07674189005047083
2026-09-01 14:03:00,0.07674189005047083
2026-09-01 14:04:00,0.07674189005047083
2026-09-01 14:05:00,0.0794286411255598
2026-09-01 14:06:00,0.0794286411255598
2026-09-01 14:07:00,0.0794286411255598
2026-09-01 14:08:00,0.0794286411255598
2026-09-01 14:09:00,0.0794286411255598
2026-09-01 14:10:00,0.07360318955034018
2026-09-01 14:11:00,0.07360318955034018
2026-09-01 14:12:00,0.07360318955034018
2026-09-01 14:13:00,0.07360318955034018
2026-09-01 14:14:00,0.07360318955034018
2026-09-01 14:15:00,0.06291250232607126
2026-09-01 14:16:00,0.06291250232607126
2026-09-01 14:17:00,0.06291250232607126
2026-09-01 14:18:00,0.06291250232607126
2026-09-01 14:19:00,0.06291250232607126
2026-09-01 14:20:00,0.0528632216155529
2026-09-01 14:21:00,0.0528632216155529
2026-09-01 14:22:00,0.0528632216155529
2026-09-01 14:23:00,0.0528632216155529
2026-09-01 14:24:00,0.0528632216155529
2026-09-01 14:25:00,0.05210532620549202
2026-09-01 14:26:00,0.05210532620549202
2026-09-01 14:27:00,0.05210532620549202
2026-09-01 14:28:00,0.05210532620549202
2026-09-01 14:29:00,0.05210532620549202
2026-09-01 14:30:00,0.06259345170110464
2026-09-01 14:31:00,0.06259345170110464
2026-09-01 14:32:00,0.06259345170110464
2026-09-01 14:33:00,0.06259345170110464
2026-09-01 14:34:00,0.06259345170110464
2026-09-01 14:35:00,0.07006773632019758
2026-09-01 14:36:00,0.07006773632019758
2026-09-01 14:37:00,0.07006773632019758
2026-09-01 14:38:00,0.07006773632019758
2026-09-01 14:39:00,0.07006773632019758
2026-09-01 14:40:00,0.0725110936909914
2026-09-01 14:41:00,0.0725110936909914
2026-09-01 14:42:00,0.0725110936909914
2026-09-01 14:43:00,0.0725110936909914
2026-09-01 14:44:00,0.0725110936909914
2026-09-01 14:45:00,0.07441327907145023
2026-09-01 14:46:00,0.07441327907145023
2026-09-01 14:47:00,0.07441327907145023
2026-09-01 14:48:00,0.07441327907145023
2026-09-01 14:49:00,0.07441327907145023
2026-09-01 14:50:00,0.06682589370757341
2026-09-01 14:51:00,0.06682589370757341
2026-09-01 14:52:00,0.06682589370757341
2026-09-01 14:53:00,0.06682589370757341
2026-09-01 14:54:00,0.06682589370757341
2026-09-01 14:55:00,0.060129666700959206
2026-09-01 14:56:00,0.060129666700959206
2026-09-01 14:57:00,0.060129666700959206
2026-09-01 14:58:00,0.060129666700959206
2026-09-01 14:59:00,0.060129666700959206
2026-09-01 15:00:00,0.05682781431823969
2026-09-01 15:01:00,0.05682781431823969
2026-09-01 15:02:00,0.05682781431823969
2026-09-01 15:03:00,0.05682781431823969
2026-09-01 15:04:00,0.05682781431823969
2026-09-01 15:05:00,0.056571532972157
2026-09-01 15:06:00,0.056571532972157
2026-09-01 15:07:00,0.056571532972157
2026-09-01 15:08:00,0.056571532972157
2026-09-01 15:09:00,0.056571532972157
2026-09-01 15:10:00,0.05692691635340452
2026-09-01 15:11:00,0.05692691635340452
2026-09-01 15:12:00,0.05692691635340452
2026-09-01 15:13:00,0.05692691635340452
2026-09-01 15:14:00,0.05692691635340452
2026-09-01 15:15:00,0.05792097095400095
2026-09-01 15:16:00,0.05792097095400095
2026-09-01 15:17:00,0.05792097095400095
2026-09-01 15:18:00,0.05792097095400095
2026-09-01 15:19:00,0.05792097095400095
2026-09-01 15:20:00,0.05870953481644392
2026-09-01 15:21:00,0.05870953481644392
2026-09-01 15:22:00,0.05870953481644392
2026-09-01 15:23:00,0.05870953481644392
2026-09-01 15:24:00,0.05870953481644392
2026-09-01 15:25:00,0.05290242377668619
2026-09-01 15:26:00,0.05290242377668619
2026-09-01 15:27:00,0.05290242377668619
2026-09-01 15:28:00,0.05290242377668619
2026-09-01 15:29:00,0.05290242377668619
2026-09-01 15:30:00,0.048997207544744015
2026-09-01 15:31:00,0.048997207544744015
2026-09-01 15:32:00,0.048997207544744015
2026-09-01 15:33:00,0.048997207544744015
2026-09-01 15:34:00,0.048997207544744015
2026-09-01 15:35:00,0.04523224011063576
2026-09-01 15:36:00,0.04523224011063576
2026-09-01 15:37:00,0.04523224011063576
2026-09-01 15:38:00,0.04523224011063576
2026-09-01 15:39:00,0.04523224011063576
2026-09-01 15:40:00,0.04232237860560417
2026-09-01 15:41:00,0.04232237860560417
2026-09-01 15:42:00,0.04232237860560417
2026-09-01 15:43:00,0.04232237860560417
2026-09-01 15:44:00,0.04232237860560417
2026-09-01 15:45:00,0.03877763031050563
2026-09-01 15:46:00,0.03877763031050563
2026-09-01 15:47:00,0.03877763031050563
2026-09-01 15:48:00,0.03877763031050563
2026-09-01 15:49:00,0.03877763031050563
2026-09-01 15:50:00,0.03725970769301057
2026-09-01 15:51:00,0.03725970769301057
2026-09-01 15:52:00,0.03725970769301057
2026-09-01 15:53:00,0.03725970769301057
2026-09-01 15:54:00,0.03725970769301057
2026-09-01 15:55:00,0.03632447263225913
2026-09-01 15:56:00,0.03632447263225913
2026-09-01 15:57:00,0.03632447263225913
2026-09-01 15:58:00,0.03632447263225913
2026-09-01 15:59:00,0.03632447263225913
2026-09-01 16:00:00,0.03517648158594966
2026-09-01 16:01:00,0.03517648158594966
2026-09-01 16:02:00,0.03517648158594966
2026-09-01 16:03:00,0.03517648158594966
2026-09-01 16:04:00,0.03517648158594966
2026-09-01 16:05:00,0.04000202566385269
2026-09-01 16:06:00,0.04000202566385269
2026-09-01 16:07:00,0.04000202566385269
2026-09-01 16:08:00,0.04000202566385269
2026-09-01 16:09:00,0.04000202566385269
2026-09-01 16:10:00,0.04150173533707857
2026-09-01 16:11:00,0.04150173533707857
2026-09-01 16:12:00,0.04150173533707857
2026-09-01 16:13:00,0.04150173533707857
2026-09-01 16:14:00,0.04150173533707857
2026-09-01 16:15:00,0.05002795532345772
2026-09-01 16:16:00,0.05002795532345772
2026-09-01 16:17:00,0.05002795532345772
2026-09-01 16:18:00,0.05002795532345772
2026-09-01 16:19:00,0.05002795532345772
2026-09-01 16:20:00,0.06557356845587492
2026-09-01 16:21:00,0.06557356845587492
2026-09-01 16:22:00,0.06557356845587492
2026-09-01 16:23:00,0.06557356845587492
2026-09-01 16:24:00,0.06557356845587492
2026-09-01 16:25:00,0.07156426552683115
2026-09-01 16:26:00,0.07156426552683115
2026-09-01 16:27:00,0.07156426552683115
2026-09-01 16:28:00,0.07156426552683115
2026-09-01 16:29:00,0.07156426552683115
2026-09-01 16:30:00,0.07953950390219688
2026-09-01 16:31:00,0.07953950390219688
2026-09-01 16:32:00,0.07953950390219688
2026-09-01 16:33:00,0.07953950390219688
2026-09-01 16:34:00,0.07953950390219688
2026-09-01 16:35:00,0.07427408453077078
2026-09-01 16:36:00,0.07427408453077078
2026-09-01 16:37:00,0.07427408453077078
2026-09-01 16:38:00,0.07427408453077078
2026-09-01 16:39:00,0.07427408453077078
2026-09-01 16:40:00,0.05952084995806217
2026-09-01 16:41:00,0.05952084995806217
2026-09-01 16:42:00,0.05952084995806217
2026-09-01 16:43:00,0.05952084995806217
2026-09-01 16:44:00,0.05952084995806217
2026-09-01 16:45:00,0.11347832158207893
2026-09-01 16:46:00,0.11347832158207893
2026-09-01 16:47:00,0.11347832158207893
2026-09-01 16:48:00,0.11347832158207893
2026-09-01 16:49:00,0.11347832158207893
2026-09-01 16:50:00,0.1680836547166109
2026-09-01 16:51:00,0.1680836547166109
2026-09-01 16:52:00,0.1680836547166109
2026-09-01 16:53:00,0.1680836547166109
2026-09-01 16:54:00,0.1680836547166109
2026-09-01 16:55:00,0.23293718788772821
2026-09-01 16:56:00,0.23293718788772821
2026-09-01 16:57:00,0.23293718788772821
2026-09-01 16:58:00,0.23293718788772821
2026-09-01 16:59:00,0.23293718788772821
2026-09-01 17:00:00,0.2915947139263153
2026-09-01 17:01:00,0.2915947139263153
2026-09-01 17:02:00,0.2915947139263153
2026-09-01 17:03:00,0.2915947139263153
2026-09-01 17:04:00,0.2915947139263153
2026-09-01 17:05:00,0.2299723057076335
2026-09-01 17:06:00,0.2299723057076335
2026-09-01 17:07:00,0.2299723057076335
2026-09-01 17:08:00,0.2299723057076335
2026-09-01 17:09:00,0.2299723057076335
2026-09-01 17:10:00,0.16800141334533691
2026-09-01 17:11:00,0.16800141334533691
2026-09-01 17:12:00,0.16800141334533691
2026-09-01 17:13:00,0.16800141334533691
2026-09-01 17:14:00,0.16800141334533691
2026-09-01 17:15:00,0.10600719880312681
2026-09-01 17:16:00,0.10600719880312681
2026-09-01 17:17:00,0.10600719880312681
2026-09-01 17:18:00,0.10600719880312681
2026-09-01 17:19:00,0.10600719880312681
2026-09-01 17:20:00,0.051235090009868145
2026-09-01 17:21:00,0.051235090009868145
2026-09-01 17:22:00,0.051235090009868145
2026-09-01 17:23:00,0.051235090009868145
2026-09-01 17:24:00,0.051235090009868145
2026-09-01 17:25:00,0.056093594059348106
2026-09-01 17:26:00,0.056093594059348106
2026-09-01 17:27:00,0.056093594059348106
2026-09-01 17:28:00,0.056093594059348106
2026-09-01 17:29:00,0.056093594059348106
2026-09-01 17:30:00,0.0606860825791955
2026-09-01 17:31:00,0.0606860825791955
2026-09-01 17:32:00,0.0606860825791955
2026-09-01 17:33:00,0.0606860825791955
2026-09-01 17:34:00,0.0606860825791955
2026-09-01 17:35:00,0.0655460748821497
2026-09-01 17:36:00,0.0655460748821497
2026-09-01 17:37:00,0.0655460748821497
2026-09-01 17:38:00,0.0655460748821497
2026-09-01 17:39:00,0.0655460748821497
2026-09-01 17:40:00,0.07022405415773392
2026-09-01 17:41:00,0.07022405415773392
2026-09-01 17:42:00,0.07022405415773392
2026-09-01 17:43:00,0.07022405415773392
2026-09-01 17:44:00,0.07022405415773392
2026-09-01 17:45:00,0.07548440247774124
2026-09-01 17:46:00,0.07548440247774124
2026-09-01 17:47:00,0.07548440247774124
2026-09-01 17:48:00,0.07548440247774124
2026-09-01 17:49:00,0.07548440247774124
2026-09-01 17:50:00,0.07924510724842548
2026-09-01 17:51:00,0.07924510724842548
2026-09-01 17:52:00,0.07924510724842548
2026-09-01 17:53:00,0.07924510724842548
2026-09-01 17:54:00,0.07924510724842548
2026-09-01 17:55:00,0.0770974587649107
2026-09-01 17:56:00,0.0770974587649107
2026-09-01 17:57:00,0.0770974587649107
2026-09-01 17:58:00,0.0770974587649107
2026-09-01 17:59:00,0.0770974587649107
2026-09-01 18:00:00,0.07739504799246788
2026-09-01 18:01:00,0.07739504799246788
2026-09-01 18:02:00,0.07739504799246788
2026-09-01 18:03:00,0.07739504799246788
2026-09-01 18:04:00,0.07739504799246788
2026-09-01 18:05:00,0.06955877132713795
2026-09-01 18:06:00,0.06955877132713795
2026-09-01 18:07:00,0.06955877132713795
2026-09-01 18:08:00,0.06955877132713795
2026-09-01 18:09:00,0.06955877132713795
2026-09-01 18:10:00,0.0600029481574893
2026-09-01 18:11:00,0.0600029481574893
2026-09-01 18:12:00,0.0600029481574893
2026-09-01 18:13:00,0.0600029481574893
2026-09-01 18:14:00,0.0600029481574893
2026-09-01 18:15:00,0.055774252861738205
2026-09-01 18:16:00,0.055774252861738205
2026-09-01 18:17:00,0.055774252861738205
2026-09-01 18:18:00,0.055774252861738205
2026-09-01 18:19:00,0.055774252861738205
2026-09-01 18:20:00,0.04701303597539663
2026-09-01 18:21:00,0.04701303597539663
2026-09-01 18:22:00,0.04701303597539663
2026-09-01 18:23:00,0.04701303597539663
2026-09-01 18:24:00,0.04701303597539663
2026-09-01 18:25:00,0.045825375244021416
2026-09-01 18:26:00,0.045825375244021416
2026-09-01 18:27:00,0.045825375244021416
2026-09-01 18:28:00,0.045825375244021416
2026-09-01 18:29:00,0.045825375244021416
2026-09-01 18:30:00,0.04867788963019848
2026-09-01 18:31:00,0.04867788963019848
2026-09-01 18:32:00,0.04867788963019848
2026-09-01 18:33:00,0.04867788963019848
2026-09-01 18:34:00,0.04867788963019848
2026-09-01 18:35:00,0.043531568720936775
2026-09-01 18:36:00,0.043531568720936775
2026-09-01 18:37:00,0.043531568720936775
2026-09-01 18:38:00,0.043531568720936775
2026-09-01 18:39:00,0.043531568720936775
2026-09-01 18:40:00,0.044326708652079105
2026-09-01 18:41:00,0.044326708652079105
2026-09-01 18:42:00,0.044326708652079105
2026-09-01 18:43:00,0.044326708652079105
2026-09-01 18:44:00,0.044326708652079105
2026-09-01 18:45:00,0.04664077889174223
2026-09-01 18:46:00,0.04664077889174223
2026-09-01 18:47:00,0.04664077889174223
2026-09-01 18:48:00,0.04664077889174223
2026-09-01 18:49:00,0.04664077889174223
2026-09-01 18:50:00,0.04666636511683464
2026-09-01 18:51:00,0.04666636511683464
2026-09-01 18:52:00,0.04666636511683464
2026-09-01 18:53:00,0.04666636511683464
2026-09-01 18:54:00,0.04666636511683464
2026-09-01 18:55:00,0.04940786585211754
2026-09-01 18:56:00,0.04940786585211754
2026-09-01 18:57:00,0.04940786585211754
2026-09-01 18:58:00,0.04940786585211754
2026-09-01 18:59:00,0.04940786585211754
2026-09-01 19:00:00,0.047495510429143906
2026-09-01 19:01:00,0.047495510429143906
2026-09-01 19:02:00,0.047495510429143906
2026-09-01 19:03:00,0.047495510429143906
2026-09-01 19:04:00,0.047495510429143906
2026-09-01 19:05:00,0.04219603259116411
2026-09-01 19:06:00,0.04219603259116411
2026-09-01 19:07:00,0.04219603259116411
2026-09-01 19:08:00,0.04219603259116411
2026-09-01 19:09:00,0.04219603259116411
2026-09-01 19:10:00,0.03780114836990833
2026-09-01 19:11:00,0.03780114836990833
2026-09-01 19:12:00,0.03780114836990833
2026-09-01 19:13:00,0.03780114836990833
2026-09-01 19:14:00,0.03780114836990833
2026-09-01 19:15:00,0.03865649085491896
2026-09-01 19:16:00,0.03865649085491896
2026-09-01 19:17:00,0.03865649085491896
2026-09-01 19:18:00,0.03865649085491896
2026-09-01 19:19:00,0.03865649085491896
2026-09-01 19:20:00,0.03949296474456787
2026-09-01 19:21:00,0.03949296474456787
2026-09-01 19:22:00,0.03949296474456787
2026-09-01 19:23:00,0.03949296474456787
2026-09-01 19:24:00,0.03949296474456787
2026-09-01 19:25:00,0.043859485536813736
2026-09-01 19:26:00,0.043859485536813736
2026-09-01 19:27:00,0.043859485536813736
2026-09-01 19:28:00,0.043859485536813736
2026-09-01 19:29:00,0.043859485536813736
2026-09-01 19:30:00,0.061864892952144146
2026-09-01 19:31:00,0.061864892952144146
2026-09-01 19:32:00,0.061864892952144146
2026-09-01 19:33:00,0.061864892952144146
2026-09-01 19:34:00,0.061864892952144146
2026-09-01 19:35:00,0.08166175801306963
2026-09-01 19:36:00,0.08166175801306963
2026-09-01 19:37:00,0.08166175801306963
2026-09-01 19:38:00,0.08166175801306963
2026-09-01 19:39:00,0.08166175801306963
2026-09-01 19:40:00,0.10541324503719807
2026-09-01 19:41:00,0.10541324503719807
2026-09-01 19:42:00,0.10541324503719807
2026-09-01 19:43:00,0.10541324503719807
2026-09-01 19:44:00,0.10541324503719807
2026-09-01 19:45:00,0.1190851666033268
2026-09-01 19:46:00,0.1190851666033268
2026-09-01 19:47:00,0.1190851666033268
2026-09-01 19:48:00,0.1190851666033268
2026-09-01 19:49:00,0.1190851666033268
2026-09-01 19:50:00,0.11595797166228294
2026-09-01 19:51:00,0.11595797166228294
2026-09-01 19:52:00,0.11595797166228294
2026-09-01 19:53:00,0.11595797166228294
2026-09-01 19:54:00,0.11595797166228294
2026-09-01 19:55:00,0.10423029214143753
2026-09-01 19:56:00,0.10423029214143753
2026-09-01 19:57:00,0.10423029214143753
2026-09-01 19:58:00,0.10423029214143753
2026-09-01 19:59:00,0.10423029214143753
2026-09-01 20:00:00,0.09390387870371342
2026-09-01 20:01:00,0.09390387870371342
2026-09-01 20:02:00,0.09390387870371342
2026-09-01 20:03:00,0.09390387870371342
2026-09-01 20:04:00,0.09390387870371342
2026-09-01 20:05:00,0.08456498384475708
2026-09-01 20:06:00,0.08456498384475708
2026-09-01 20:07:00,0.08456498384475708
2026-09-01 20:08:00,0.08456498384475708
2026-09-01 20:09:00,0.08456498384475708
2026-09-01 20:10:00,0.08001849241554737
2026-09-01 20:11:00,0.08001849241554737
2026-09-01 20:12:00,0.08001849241554737
2026-09-01 20:13:00,0.08001849241554737
2026-09-01 20:14:00,0.08001849241554737
2026-09-01 20:15:00,0.07418331131339073
2026-09-01 20:16:00,0.07418331131339073
2026-09-01 20:17:00,0.07418331131339073
2026-09-01 20:18:00,0.07418331131339073
2026-09-01 20:19:00,0.07418331131339073
2026-09-01 20:20:00,0.06392095889896154
2026-09-01 20:21:00,0.06392095889896154
2026-09-01 20:22:00,0.06392095889896154
2026-09-01 20:23:00,0.06392095889896154
2026-09-01 20:24:00,0.06392095889896154
2026-09-01 20:25:00,0.06184762250632048
2026-09-01 20:26:00,0.06184762250632048
2026-09-01 20:27:00,0.06184762250632048
2026-09-01 20:28:00,0.06184762250632048
2026-09-01 20:29:00,0.06184762250632048
2026-09-01 20:30:00,0.05744387116283178
2026-09-01 20:31:00,0.05744387116283178
2026-09-01 20:32:00,0.05744387116283178
2026-09-01 20:33:00,0.05744387116283178
2026-09-01 20:34:00,0.05744387116283178
2026-09-01 20:35:00,0.059185185469686985
2026-09-01 20:36:00,0.059185185469686985
2026-09-01 20:37:00,0.059185185469686985
2026-09-01 20:38:00,0.059185185469686985
2026-09-01 20:39:00,0.059185185469686985
2026-09-01 20:40:00,0.06141107063740492
2026-09-01 20:41:00,0.06141107063740492
2026-09-01 20:42:00,0.06141107063740492
2026-09-01 20:43:00,0.06141107063740492
2026-09-01 20:44:00,0.06141107063740492
2026-09-01 20:45:00,0.06275329645723104
2026-09-01 20:46:00,0.06275329645723104
2026-09-01 20:47:00,0.06275329645723104
2026-09-01 20:48:00,0.06275329645723104
2026-09-01 20:49:00,0.06275329645723104
2026-09-01 20:50:00,0.06390540022403002
2026-09-01 20:51:00,0.06390540022403002
2026-09-01 20:52:00,0.06390540022403002
2026-09-01 20:53:00,0.06390540022403002
2026-09-01 20:54:00,0.06390540022403002
2026-09-01 20:55:00,0.06031131558120251
2026-09-01 20:56:00,0.06031131558120251
2026-09-01 20:57:00,0.06031131558120251
2026-09-01 20:58:00,0.06031131558120251
2026-09-01 20:59:00,0.06031131558120251
2026-09-01 21:00:00,0.056202616542577744
2026-09-01 21:01:00,0.056202616542577744
2026-09-01 21:02:00,0.056202616542577744
2026-09-01 21:03:00,0.056202616542577744
2026-09-01 21:04:00,0.056202616542577744
2026-09-01 21:05:00,0.04831702448427677
2026-09-01 21:06:00,0.04831702448427677
2026-09-01 21:07:00,0.04831702448427677
2026-09-01 21:08:00,0.04831702448427677
2026-09-01 21:09:00,0.04831702448427677
2026-09-01 21:10:00,0.04363314714282751
2026-09-01 21:11:00,0.04363314714282751
2026-09-01 21:12:00,0.04363314714282751
2026-09-01 21:13:00,0.04363314714282751
2026-09-01 21:14:00,0.04363314714282751
2026-09-01 21:15:00,0.041499401442706585
2026-09-01 21:16:00,0.041499401442706585
2026-09-01 21:17:00,0.041499401442706585
2026-09-01 21:18:00,0.041499401442706585
2026-09-01 21:19:00,0.041499401442706585
2026-09-01 21:20:00,0.03911312762647867
2026-09-01 21:21:00,0.03911312762647867
2026-09-01 21:22:00,0.03911312762647867
2026-09-01 21:23:00,0.03911312762647867
2026-09-01 21:24:00,0.03911312762647867
2026-09-01 21:25:00,0.03831620421260595
2026-09-01 21:26:00,0.03831620421260595
2026-09-01 21:27:00,0.03831620421260595
2026-09-01 21:28:00,0.03831620421260595
2026-09-01 21:29:00,0.03831620421260595
2026-09-01 21:30:00,0.0353635735809803
2026-09-01 21:31:00,0.0353635735809803
2026-09-01 21:32:00,0.0353635735809803
2026-09-01 21:33:00,0.0353635735809803
2026-09-01 21:34:00,0.0353635735809803
2026-09-01 21:35:00,0.03305177576839924
2026-09-01 21:36:00,0.03305177576839924
2026-09-01 21:37:00,0.03305177576839924
2026-09-01 21:38:00,0.03305177576839924
2026-09-01 21:39:00,0.03305177576839924
2026-09-01 21:40:00,0.03286498598754406
2026-09-01 21:41:00,0.03286498598754406
2026-09-01 21:42:00,0.03286498598754406
2026-09-01 21:43:00,0.03286498598754406
2026-09-01 21:44:00,0.03286498598754406
2026-09-01 21:45:00,0.03524862229824066
2026-09-01 21:46:00,0.03524862229824066
2026-09-01 21:47:00,0.03524862229824066
2026-09-01 21:48:00,0.03524862229824066
2026-09-01 21:49:00,0.03524862229824066
2026-09-01 21:50:00,0.03697023168206215
2026-09-01 21:51:00,0.03697023168206215
2026-09-01 21:52:00,0.03697023168206215
2026-09-01 21:53:00,0.03697023168206215
2026-09-01 21:54:00,0.03697023168206215
2026-09-01 21:55:00,0.04071017727255821
2026-09-01 21:56:00,0.04071017727255821
2026-09-01 21:57:00,0.04071017727255821
2026-09-01 21:58:00,0.04071017727255821
2026-09-01 21:59:00,0.04071017727255821
2026-09-01 22:00:00,0.0429708007723093
2026-09-01 22:01:00,0.0429708007723093
2026-09-01 22:02:00,0.0429708007723093
2026-09-01 22:03:00,0.0429708007723093
2026-09-01 22:04:00,0.0429708007723093
2026-09-01 22:05:00,0.04672418441623449
2026-09-01 22:06:00,0.04672418441623449
2026-09-01 22:07:00,0.04672418441623449
2026-09-01 22:08:00,0.04672418441623449
2026-09-01 22:09:00,0.04672418441623449
2026-09-01 22:10:00,0.056667192839086056
2026-09-01 22:11:00,0.056667192839086056
2026-09-01 22:12:00,0.056667192839086056
2026-09-01 22:13:00,0.056667192839086056
2026-09-01 22:14:00,0.056667192839086056
2026-09-01 22:15:00,0.06537455134093761
2026-09-01 22:16:00,0.06537455134093761
2026-09-01 22:17:00,0.06537455134093761
2026-09-01 22:18:00,0.06537455134093761
2026-09-01 22:19:00,0.06537455134093761
2026-09-01 22:20:00,0.07645313534885645
2026-09-01 22:21:00,0.07645313534885645
2026-09-01 22:22:00,0.07645313534885645
2026-09-01 22:23:00,0.07645313534885645
2026-09-01 22:24:00,0.07645313534885645
2026-09-01 22:25:00,0.08055812306702137
2026-09-01 22:26:00,0.08055812306702137
2026-09-01 22:27:00,0.08055812306702137
2026-09-01 22:28:00,0.08055812306702137
2026-09-01 22:29:00,0.08055812306702137
2026-09-01 22:30:00,0.0768932793289423
2026-09-01 22:31:00,0.0768932793289423
2026-09-01 22:32:00,0.0768932793289423
2026-09-01 22:33:00,0.0768932793289423
2026-09-01 22:34:00,0.0768932793289423
2026-09-01 22:35:00,0.07434402406215668
2026-09-01 22:36:00,0.07434402406215668
2026-09-01 22:37:00,0.07434402406215668
2026-09-01 22:38:00,0.07434402406215668
2026-09-01 22:39:00,0.07434402406215668
2026-09-01 22:40:00,0.07064659520983696
2026-09-01 22:41:00,0.07064659520983696
2026-09-01 22:42:00,0.07064659520983696
2026-09-01 22:43:00,0.07064659520983696
2026-09-01 22:44:00,0.07064659520983696
2026-09-01 22:45:00,0.06427262537181377
2026-09-01 22:46:00,0.06427262537181377
2026-09-01 22:47:00,0.06427262537181377
2026-09-01 22:48:00,0.06427262537181377
2026-09-01 22:49:00,0.06427262537181377
2026-09-01 22:50:00,0.058571068570017815
2026-09-01 22:51:00,0.058571068570017815
2026-09-01 22:52:00,0.058571068570017815
2026-09-01 22:53:00,0.058571068570017815
2026-09-01 22:54:00,0.058571068570017815
2026-09-01 22:55:00,0.05015639588236809
2026-09-01 22:56:00,0.05015639588236809
2026-09-01 22:57:00,0.05015639588236809
2026-09-01 22:58:00,0.05015639588236809
2026-09-01 22:59:00,0.05015639588236809
2026-09-01 23:00:00,0.040687497705221176
2026-09-01 23:01:00,0.040687497705221176
2026-09-01 23:02:00,0.040687497705221176
2026-09-01 23:03:00,0.040687497705221176
2026-09-01 23:04:00,0.040687497705221176
2026-09-01 23:05:00,0.03978964127600193
2026-09-01 23:06:00,0.03978964127600193
2026-09-01 23:07:00,0.03978964127600193
2026-09-01 23:08:00,0.03978964127600193
2026-09-01 23:09:00,0.03978964127600193
2026-09-01 23:10:00,0.04515775851905346
2026-09-01 23:11:00,0.04515775851905346
2026-09-01 23:12:00,0.04515775851905346
2026-09-01 23:13:00,0.04515775851905346
2026-09-01 23:14:00,0.04515775851905346
2026-09-01 23:15:00,0.056106479838490486
2026-09-01 23:16:00,0.056106479838490486
2026-09-01 23:17:00,0.056106479838490486
2026-09-01 23:18:00,0.056106479838490486
2026-09-01 23:19:00,0.056106479838490486
2026-09-01 23:20:00,0.06856401078402996
2026-09-01 23:21:00,0.06856401078402996
2026-09-01 23:22:00,0.06856401078402996
2026-09-01 23:23:00,0.06856401078402996
2026-09-01 23:24:00,0.06856401078402996
2026-09-01 23:25:00,0.07950582168996334
2026-09-01 23:26:00,0.07950582168996334
2026-09-01 23:27:00,0.07950582168996334
2026-09-01 23:28:00,0.07950582168996334
2026-09-01 23:29:00,0.07950582168996334
2026-09-01 23:30:00,0.08495870046317577
2026-09-01 23:31:00,0.08495870046317577
2026-09-01 23:32:00,0.08495870046317577
2026-09-01 23:33:00,0.08495870046317577
2026-09-01 23:34:00,0.08495870046317577
2026-09-01 23:35:00,0.08251994103193283
2026-09-01 23:36:00,0.08251994103193283
2026-09-01 23:37:00,0.08251994103193283
2026-09-01 23:38:00,0.08251994103193283
2026-09-01 23:39:00,0.08251994103193283
2026-09-01 23:40:00,0.07694597914814949
2026-09-01 23:41:00,0.07694597914814949
2026-09-01 23:42:00,0.07694597914814949
2026-09-01 23:43:00,0.07694597914814949
2026-09-01 23:44:00,0.07694597914814949
2026-09-01 23:45:00,0.07282259315252304
2026-09-01 23:46:00,0.07282259315252304
2026-09-01 23:47:00,0.07282259315252304
2026-09-01 23:48:00,0.07282259315252304
2026-09-01 23:49:00,0.07282259315252304
2026-09-01 23:50:00,0.06456986349076033
2026-09-01 23:51:00,0.06456986349076033
2026-09-01 23:52:00,0.06456986349076033
2026-09-01 23:53:00,0.06456986349076033
2026-09-01 23:54:00,0.06456986349076033
2026-09-01 23:55:00,0.056587631814181805
2026-09-01 23:56:00,0.056587631814181805
2026-09-01 23:57:00,0.056587631814181805
2026-09-01 23:58:00,0.056587631814181805
2026-09-01 23:59:00,0.056587631814181805
2026-09-02 00:00:00,0.05519315041601658
2026-09-02 00:01:00,0.05519315041601658
2026-09-02 00:02:00,0.05519315041601658
2026-09-02 00:03:00,0.05519315041601658
2026-09-02 00:04:00,0.05519315041601658
2026-09-02 00:05:00,0.05608789809048176
2026-09-02 00:06:00,0.05608789809048176
2026-09-02 00:07:00,0.05608789809048176
2026-09-02 00:08:00,0.05608789809048176
2026-09-02 00:09:00,0.05608789809048176
2026-09-02 00:10:00,0.05786461476236582
2026-09-02 00:11:00,0.05786461476236582
2026-09-02 00:12:00,0.05786461476236582
2026-09-02 00:13:00,0.05786461476236582
2026-09-02 00:14:00,0.05786461476236582
2026-09-02 00:15:00,0.06266042869538069
2026-09-02 00:16:00,0.06266042869538069
2026-09-02 00:17:00,0.06266042869538069
2026-09-02 00:18:00,0.06266042869538069
2026-09-02 00:19:00,0.06266042869538069
2026-09-02 00:20:00,0.06071609817445278
2026-09-02 00:21:00,0.06071609817445278
2026-09-02 00:22:00,0.06071609817445278
2026-09-02 00:23:00,0.06071609817445278
2026-09-02 00:24:00,0.06071609817445278
2026-09-02 00:25:00,0.06149601191282272
2026-09-02 00:26:00,0.06149601191282272
2026-09-02 00:27:00,0.06149601191282272
2026-09-02 00:28:00,0.06149601191282272
2026-09-02 00:29:00,0.06149601191282272
2026-09-02 00:30:00,0.06507017277181149
2026-09-02 00:31:00,0.06507017277181149
2026-09-02 00:32:00,0.06507017277181149
2026-09-02 00:33:00,0.06507017277181149
2026-09-02 00:34:00,0.06507017277181149
2026-09-02 00:35:00,0.06509194243699312
2026-09-02 00:36:00,0.06509194243699312
2026-09-02 00:37:00,0.06509194243699312
2026-09-02 00:38:00,0.06509194243699312
2026-09-02 00:39:00,0.06509194243699312
2026-09-02 00:40:00,0.06985815521329641
2026-09-02 00:41:00,0.06985815521329641
2026-09-02 00:42:00,0.06985815521329641
2026-09-02 00:43:00,0.06985815521329641
2026-09-02 00:44:00,0.06985815521329641
2026-09-02 00:45:00,0.06827465165406466
2026-09-02 00:46:00,0.06827465165406466
2026-09-02 00:47:00,0.06827465165406466
2026-09-02 00:48:00,0.06827465165406466
2026-09-02 00:49:00,0.06827465165406466
2026-09-02 00:50:00,0.06977355759590864
2026-09-02 00:51:00,0.06977355759590864
2026-09-02 00:52:00,0.06977355759590864
2026-09-02 00:53:00,0.06977355759590864
2026-09-02 00:54:00,0.06977355759590864
2026-09-02 00:55:00,0.07408006303012371
2026-09-02 00:56:00,0.07408006303012371
2026-09-02 00:57:00,0.07408006303012371
2026-09-02 00:58:00,0.07408006303012371
2026-09-02 00:59:00,0.07408006303012371
2026-09-02 01:00:00,0.07797260954976082
2026-09-02 01:01:00,0.07797260954976082
2026-09-02 01:02:00,0.07797260954976082
2026-09-02 01:03:00,0.07797260954976082
2026-09-02 01:04:00,0.07797260954976082
2026-09-02 01:05:00,0.0816709790378809
2026-09-02 01:06:00,0.0816709790378809
2026-09-02 01:07:00,0.0816709790378809
2026-09-02 01:08:00,0.0816709790378809
2026-09-02 01:09:00,0.0816709790378809
2026-09-02 01:10:00,0.07587325107306242
2026-09-02 01:11:00,0.07587325107306242
2026-09-02 01:12:00,0.07587325107306242
2026-09-02 01:13:00,0.07587325107306242
2026-09-02 01:14:00,0.07587325107306242
2026-09-02 01:15:00,0.071462525986135
2026-09-02 01:16:00,0.071462525986135
2026-09-02 01:17:00,0.071462525986135
2026-09-02 01:18:00,0.071462525986135
2026-09-02 01:19:00,0.071462525986135
2026-09-02 01:20:00,0.06057422421872616
2026-09-02 01:21:00,0.06057422421872616
2026-09-02 01:22:00,0.06057422421872616
2026-09-02 01:23:00,0.06057422421872616
2026-09-02 01:24:00,0.06057422421872616
2026-09-02 01:25:00,0.04920010268688202
2026-09-02 01:26:00,0.04920010268688202
2026-09-02 01:27:00,0.04920010268688202
2026-09-02 01:28:00,0.04920010268688202
2026-09-02 01:29:00,0.04920010268688202
2026-09-02 01:30:00,0.04782501235604286
2026-09-02 01:31:00,0.04782501235604286
2026-09-02 01:32:00,0.04782501235604286
2026-09-02 01:33:00,0.04782501235604286
2026-09-02 01:34:00,0.04782501235604286
2026-09-02 01:35:00,0.04383066575974226
2026-09-02 01:36:00,0.04383066575974226
2026-09-02 01:37:00,0.04383066575974226
2026-09-02 01:38:00,0.04383066575974226
2026-09-02 01:39:00,0.04383066575974226
2026-09-02 01:40:00,0.043881021440029144
2026-09-02 01:41:00,0.043881021440029144
2026-09-02 01:42:00,0.043881021440029144
2026-09-02 01:43:00,0.043881021440029144
2026-09-02 01:44:00,0.043881021440029144
2026-09-02 01:45:00,0.04413196910172701
2026-09-02 01:46:00,0.04413196910172701
2026-09-02 01:47:00,0.04413196910172701
2026-09-02 01:48:00,0.04413196910172701
2026-09-02 01:49:00,0.04413196910172701
2026-09-02 01:50:00,0.0441613644361496
2026-09-02 01:51:00,0.0441613644361496
2026-09-02 01:52:00,0.0441613644361496
2026-09-02 01:53:00,0.0441613644361496
2026-09-02 01:54:00,0.0441613644361496
2026-09-02 01:55:00,0.047053635120391846
2026-09-02 01:56:00,0.047053635120391846
2026-09-02 01:57:00,0.047053635120391846
2026-09-02 01:58:00,0.047053635120391846
2026-09-02 01:59:00,0.047053635120391846
2026-09-02 02:00:00,0.046837824396789074
2026-09-02 02:01:00,0.046837824396789074
2026-09-02 02:02:00,0.046837824396789074
2026-09-02 02:03:00,0.046837824396789074
2026-09-02 02:04:00,0.046837824396789074
2026-09-02 02:05:00,0.04638312943279743
2026-09-02 02:06:00,0.04638312943279743
2026-09-02 02:07:00,0.04638312943279743
2026-09-02 02:08:00,0.04638312943279743
2026-09-02 02:09:00,0.04638312943279743
2026-09-02 02:10:00,0.046731505542993546
2026-09-02 02:11:00,0.046731505542993546
2026-09-02 02:12:00,0.046731505542993546
2026-09-02 02:13:00,0.046731505542993546
2026-09-02 02:14:00,0.046731505542993546
2026-09-02 02:15:00,0.046280644834041595
2026-09-02 02:16:00,0.046280644834041595
2026-09-02 02:17:00,0.046280644834041595
2026-09-02 02:18:00,0.046280644834041595
2026-09-02 02:19:00,0.046280644834041595
2026-09-02 02:20:00,0.17852300684899092
2026-09-02 02:21:00,0.17852300684899092
2026-09-02 02:22:00,0.17852300684899092
2026-09-02 02:23:00,0.17852300684899092
2026-09-02 02:24:00,0.17852300684899092
2026-09-02 02:25:00,0.31047329027205706
2026-09-02 02:26:00,0.31047329027205706
2026-09-02 02:27:00,0.31047329027205706
2026-09-02 02:28:00,0.31047329027205706
2026-09-02 02:29:00,0.31047329027205706
2026-09-02 02:30:00,0.4374396866187453
2026-09-02 02:31:00,0.4374396866187453
2026-09-02 02:32:00,0.4374396866187453
2026-09-02 02:33:00,0.4374396866187453
2026-09-02 02:34:00,0.4374396866187453
2026-09-02 02:35:00,0.5628779232501984
2026-09-02 02:36:00,0.5628779232501984
2026-09-02 02:37:00,0.5628779232501984
2026-09-02 02:38:00,0.5628779232501984
2026-09-02 02:39:00,0.5628779232501984
2026-09-02 02:40:00,0.43286855332553387
2026-09-02 02:41:00,0.43286855332553387
2026-09-02 02:42:00,0.43286855332553387
2026-09-02 02:43:00,0.43286855332553387
2026-09-02 02:44:00,0.43286855332553387
2026-09-02 02:45:00,0.3072734121233225
2026-09-02 02:46:00,0.3072734121233225
2026-09-02 02:47:00,0.3072734121233225
2026-09-02 02:48:00,0.3072734121233225
2026-09-02 02:49:00,0.3072734121233225
2026-09-02 02:50:00,0.1861320696771145
2026-09-02 02:51:00,0.1861320696771145
2026-09-02 02:52:00,0.1861320696771145
2026-09-02 02:53:00,0.1861320696771145
2026-09-02 02:54:00,0.1861320696771145
2026-09-02 02:55:00,0.06811942718923092
2026-09-02 02:56:00,0.06811942718923092
2026-09-02 02:57:00,0.06811942718923092
2026-09-02 02:58:00,0.06811942718923092
2026-09-02 02:59:00,0.06811942718923092
2026-09-02 03:00:00,0.07607810012996197
2026-09-02 03:01:00,0.07607810012996197
2026-09-02 03:02:00,0.07607810012996197
2026-09-02 03:03:00,0.07607810012996197
2026-09-02 03:04:00,0.07607810012996197
2026-09-02 03:05:00,0.07509236317127943
2026-09-02 03:06:00,0.07509236317127943
2026-09-02 03:07:00,0.07509236317127943
2026-09-02 03:08:00,0.07509236317127943
2026-09-02 03:09:00,0.07509236317127943
2026-09-02 03:10:00,0.07166136428713799
2026-09-02 03:11:00,0.07166136428713799
2026-09-02 03:12:00,0.07166136428713799
2026-09-02 03:13:00,0.07166136428713799
2026-09-02 03:14:00,0.07166136428713799
2026-09-02 03:15:00,0.06766126118600368
2026-09-02 03:16:00,0.06766126118600368
2026-09-02 03:17:00,0.06766126118600368
2026-09-02 03:18:00,0.06766126118600368
2026-09-02 03:19:00,0.06766126118600368
2026-09-02 03:20:00,0.05921587999910116
2026-09-02 03:21:00,0.05921587999910116
2026-09-02 03:22:00,0.05921587999910116
2026-09-02 03:23:00,0.05921587999910116
2026-09-02 03:24:00,0.05921587999910116
2026-09-02 03:25:00,0.054899901151657104
2026-09-02 03:26:00,0.054899901151657104
2026-09-02 03:27:00,0.054899901151657104
2026-09-02 03:28:00,0.054899901151657104
2026-09-02 03:29:00,0.054899901151657104
2026-09-02 03:30:00,0.05077889654785395
2026-09-02 03:31:00,0.05077889654785395
2026-09-02 03:32:00,0.05077889654785395
2026-09-02 03:33:00,0.05077889654785395
2026-09-02 03:34:00,0.05077889654785395
2026-09-02 03:35:00,0.044818658381700516
2026-09-02 03:36:00,0.044818658381700516
2026-09-02 03:37:00,0.044818658381700516
2026-09-02 03:38:00,0.044818658381700516
2026-09-02 03:39:00,0.044818658381700516
2026-09-02 03:40:00,0.0423316340893507
2026-09-02 03:41:00,0.0423316340893507
2026-09-02 03:42:00,0.0423316340893507
2026-09-02 03:43:00,0.0423316340893507
2026-09-02 03:44:00,0.0423316340893507
2026-09-02 03:45:00,0.04145261148611704
2026-09-02 03:46:00,0.04145261148611704
2026-09-02 03:47:00,0.04145261148611704
2026-09-02 03:48:00,0.04145261148611704
2026-09-02 03:49:00,0.04145261148611704
2026-09-02 03:50:00,0.039698198437690735
2026-09-02 03:51:00,0.039698198437690735
2026-09-02 03:52:00,0.039698198437690735
2026-09-02 03:53:00,0.039698198437690735
2026-09-02 03:54:00,0.039698198437690735
2026-09-02 03:55:00,0.03728539124131203
2026-09-02 03:56:00,0.03728539124131203
2026-09-02 03:57:00,0.03728539124131203
2026-09-02 03:58:00,0.03728539124131203
2026-09-02 03:59:00,0.03728539124131203
