timestamp,jepa_score
2026-08-19 04:00:00,0.0
2026-08-19 04:01:00,0.0
2026-08-19 04:02:00,0.0
2026-08-19 04:03:00,0.0
2026-08-19 04:04:00,0.0
2026-08-19 04:05:00,0.0
2026-08-19 04:06:00,0.0
2026-08-19 04:07:00,0.0
2026-08-19 04:08:00,0.0
2026-08-19 04:09:00,0.0
2026-08-19 04:10:00,0.0
2026-08-19 04:11:00,0.0
2026-08-19 04:12:00,0.0
2026-08-19 04:13:00,0.0
2026-08-19 04:14:00,0.0
2026-08-19 04:15:00,0.0
2026-08-19 04:16:00,0.0
2026-08-19 04:17:00,0.0
2026-08-19 04:18:00,0.0
2026-08-19 04:19:00,0.0
2026-08-19 04:20:00,0.0
2026-08-19 04:21:00,0.0
2026-08-19 04:22:00,0.0
2026-08-19 04:23:00,0.0
2026-08-19 04:24:00,0.0
2026-08-19 04:25:00,0.0
2026-08-19 04:26:00,0.0
2026-08-19 04:27:00,0.0
2026-08-19 04:28:00,0.0
2026-08-19 04:29:00,0.0
2026-08-19 04:30:00,0.0
2026-08-19 04:31:00,0.0
2026-08-19 04:32:00,0.0
2026-08-19 04:33:00,0.0
2026-08-19 04:34:00,0.0
2026-08-19 04:35:00,0.0
2026-08-19 04:36:00,0.0
2026-08-19 04:37:00,0.0
2026-08-19 04:38:00,0.0
2026-08-19 04:39:00,0.0
2026-08-19 04:40:00,0.0
2026-08-19 04:41:00,0.0
2026-08-19 04:42:00,0.0
2026-08-19 04:43:00,0.0
2026-08-19 04:44:00,0.0
2026-08-19 04:45:00,0.0
2026-08-19 04:46:00,0.0
2026-08-19 04:47:00,0.0
2026-08-19 04:48:00,0.0
2026-08-19 04:49:00,0.0
2026-08-19 04:50:00,0.0
2026-08-19 04:51:00,0.0
2026-08-19 04:52:00,0.0
2026-08-19 04:53:00,0.0
2026-08-19 04:54:00,0.0
2026-08-19 04:55:00,0.0
2026-08-19 04:56:00,0.0
2026-08-19 04:57:00,0.0
2026-08-19 04:58:00,0.0
2026-08-19 04:59:00,0.0
2026-08-19 05:00:00,0.07195360213518143
2026-08-19 05:01:00,0.07195360213518143
2026-08-19 05:02:00,0.07195360213518143
2026-08-19 05:03:00,0.07195360213518143
2026-08-19 05:04:00,0.07195360213518143
2026-08-19 05:05:00,0.07026945427060127
2026-08-19 05:06:00,0.07026945427060127
2026-08-19 05:07:00,0.07026945427060127
2026-08-19 05:08:00,0.07026945427060127
2026-08-19 05:09:00,0.07026945427060127
2026-08-19 05:10:00,0.07130096852779388
2026-08-19 05:11:00,0.07130096852779388
2026-08-19 05:12:00,0.07130096852779388
2026-08-19 05:13:00,0.07130096852779388
2026-08-19 05:14:00,0.07130096852779388
2026-08-19 05:15:00,0.07165311463177204
2026-08-19 05:16:00,0.07165311463177204
2026-08-19 05:17:00,0.07165311463177204
2026-08-19 05:18:00,0.07165311463177204
2026-08-19 05:19:00,0.07165311463177204
2026-08-19 05:20:00,0.07079137489199638
2026-08-19 05:21:00,0.07079137489199638
2026-08-19 05:22:00,0.07079137489199638
2026-08-19 05:23:00,0.07079137489199638
2026-08-19 05:24:00,0.07079137489199638
2026-08-19 05:25:00,0.07000982202589512
2026-08-19 05:26:00,0.07000982202589512
2026-08-19 05:27:00,0.07000982202589512
2026-08-19 05:28:00,0.07000982202589512
2026-08-19 05:29:00,0.07000982202589512
2026-08-19 05:30:00,0.06824204325675964
2026-08-19 05:31:00,0.06824204325675964
2026-08-19 05:32:00,0.06824204325675964
2026-08-19 05:33:00,0.06824204325675964
2026-08-19 05:34:00,0.06824204325675964
2026-08-19 05:35:00,0.06952648982405663
2026-08-19 05:36:00,0.06952648982405663
2026-08-19 05:37:00,0.06952648982405663
2026-08-19 05:38:00,0.06952648982405663
2026-08-19 05:39:00,0.06952648982405663
2026-08-19 05:40:00,0.07012441009283066
2026-08-19 05:41:00,0.07012441009283066
2026-08-19 05:42:00,0.07012441009283066
2026-08-19 05:43:00,0.07012441009283066
2026-08-19 05:44:00,0.07012441009283066
2026-08-19 05:45:00,0.07141422480344772
2026-08-19 05:46:00,0.07141422480344772
2026-08-19 05:47:00,0.07141422480344772
2026-08-19 05:48:00,0.07141422480344772
2026-08-19 05:49:00,0.07141422480344772
2026-08-19 05:50:00,0.07244846597313881
2026-08-19 05:51:00,0.07244846597313881
2026-08-19 05:52:00,0.07244846597313881
2026-08-19 05:53:00,0.07244846597313881
2026-08-19 05:54:00,0.07244846597313881
2026-08-19 05:55:00,0.069248728454113
2026-08-19 05:56:00,0.069248728454113
2026-08-19 05:57:00,0.069248728454113
2026-08-19 05:58:00,0.069248728454113
2026-08-19 05:59:00,0.069248728454113
2026-08-19 06:00:00,0.06828371621668339
2026-08-19 06:01:00,0.06828371621668339
2026-08-19 06:02:00,0.06828371621668339
2026-08-19 06:03:00,0.06828371621668339
2026-08-19 06:04:00,0.06828371621668339
2026-08-19 06:05:00,0.06897918321192265
2026-08-19 06:06:00,0.06897918321192265
2026-08-19 06:07:00,0.06897918321192265
2026-08-19 06:08:00,0.06897918321192265
2026-08-19 06:09:00,0.06897918321192265
2026-08-19 06:10:00,0.07128352113068104
2026-08-19 06:11:00,0.07128352113068104
2026-08-19 06:12:00,0.07128352113068104
2026-08-19 06:13:00,0.07128352113068104
2026-08-19 06:14:00,0.07128352113068104
2026-08-19 06:15:00,0.07882594130933285
2026-08-19 06:16:00,0.07882594130933285
2026-08-19 06:17:00,0.07882594130933285
2026-08-19 06:18:00,0.07882594130933285
2026-08-19 06:19:00,0.07882594130933285
2026-08-19 06:20:00,0.0907359067350626
2026-08-19 06:21:00,0.0907359067350626
2026-08-19 06:22:00,0.0907359067350626
2026-08-19 06:23:00,0.0907359067350626
2026-08-19 06:24:00,0.0907359067350626
2026-08-19 06:25:00,0.18850916251540184
2026-08-19 06:26:00,0.18850916251540184
2026-08-19 06:27:00,0.18850916251540184
2026-08-19 06:28:00,0.18850916251540184
2026-08-19 06:29:00,0.18850916251540184
2026-08-19 06:30:00,0.28448641300201416
2026-08-19 06:31:00,0.28448641300201416
2026-08-19 06:32:00,0.28448641300201416
2026-08-19 06:33:00,0.28448641300201416
2026-08-19 06:34:00,0.28448641300201416
2026-08-19 06:35:00,0.37601799331605434
2026-08-19 06:36:00,0.37601799331605434
2026-08-19 06:37:00,0.37601799331605434
2026-08-19 06:38:00,0.37601799331605434
2026-08-19 06:39:00,0.37601799331605434
2026-08-19 06:40:00,0.4613092541694641
2026-08-19 06:41:00,0.4613092541694641
2026-08-19 06:42:00,0.4613092541694641
2026-08-19 06:43:00,0.4613092541694641
2026-08-19 06:44:00,0.4613092541694641
2026-08-19 06:45:00,0.3677435666322708
2026-08-19 06:46:00,0.3677435666322708
2026-08-19 06:47:00,0.3677435666322708
2026-08-19 06:48:00,0.3677435666322708
2026-08-19 06:49:00,0.3677435666322708
2026-08-19 06:50:00,0.2772610206156969
2026-08-19 06:51:00,0.2772610206156969
2026-08-19 06:52:00,0.2772610206156969
2026-08-19 06:53:00,0.2772610206156969
2026-08-19 06:54:00,0.2772610206156969
2026-08-19 06:55:00,0.18687475472688675
2026-08-19 06:56:00,0.18687475472688675
2026-08-19 06:57:00,0.18687475472688675
2026-08-19 06:58:00,0.18687475472688675
2026-08-19 06:59:00,0.18687475472688675
2026-08-19 07:00:00,0.09615741856396198
2026-08-19 07:01:00,0.09615741856396198
2026-08-19 07:02:00,0.09615741856396198
2026-08-19 07:03:00,0.09615741856396198
2026-08-19 07:04:00,0.09615741856396198
2026-08-19 07:05:00,0.20859798230230808
2026-08-19 07:06:00,0.20859798230230808
2026-08-19 07:07:00,0.20859798230230808
2026-08-19 07:08:00,0.20859798230230808
2026-08-19 07:09:00,0.20859798230230808
2026-08-19 07:10:00,0.31686070561408997
2026-08-19 07:11:00,0.31686070561408997
2026-08-19 07:12:00,0.31686070561408997
2026-08-19 07:13:00,0.31686070561408997
2026-08-19 07:14:00,0.31686070561408997
2026-08-19 07:15:00,0.42418798990547657
2026-08-19 07:16:00,0.42418798990547657
2026-08-19 07:17:00,0.42418798990547657
2026-08-19 07:18:00,0.42418798990547657
2026-08-19 07:19:00,0.42418798990547657
2026-08-19 07:20:00,0.531814843416214
2026-08-19 07:21:00,0.531814843416214
2026-08-19 07:22:00,0.531814843416214
2026-08-19 07:23:00,0.531814843416214
2026-08-19 07:24:00,0.531814843416214
2026-08-19 07:25:00,0.49556706845760345
2026-08-19 07:26:00,0.49556706845760345
2026-08-19 07:27:00,0.49556706845760345
2026-08-19 07:28:00,0.49556706845760345
2026-08-19 07:29:00,0.49556706845760345
2026-08-19 07:30:00,0.645167663693428
2026-08-19 07:31:00,0.645167663693428
2026-08-19 07:32:00,0.645167663693428
2026-08-19 07:33:00,0.645167663693428
2026-08-19 07:34:00,0.645167663693428
2026-08-19 07:35:00,0.7961725294589996
2026-08-19 07:36:00,0.7961725294589996
2026-08-19 07:37:00,0.7961725294589996
2026-08-19 07:38:00,0.7961725294589996
2026-08-19 07:39:00,0.7961725294589996
2026-08-19 07:40:00,0.9486955404281616
2026-08-19 07:41:00,0.9486955404281616
2026-08-19 07:42:00,0.9486955404281616
2026-08-19 07:43:00,0.9486955404281616
2026-08-19 07:44:00,0.9486955404281616
2026-08-19 07:45:00,1.1325936615467072
2026-08-19 07:46:00,1.1325936615467072
2026-08-19 07:47:00,1.1325936615467072
2026-08-19 07:48:00,1.1325936615467072
2026-08-19 07:49:00,1.1325936615467072
2026-08-19 07:50:00,1.0798418670892715
2026-08-19 07:51:00,1.0798418670892715
2026-08-19 07:52:00,1.0798418670892715
2026-08-19 07:53:00,1.0798418670892715
2026-08-19 07:54:00,1.0798418670892715
2026-08-19 07:55:00,1.025547593832016
2026-08-19 07:56:00,1.025547593832016
2026-08-19 07:57:00,1.025547593832016
2026-08-19 07:58:00,1.025547593832016
2026-08-19 07:59:00,1.025547593832016
2026-08-19 08:00:00,0.8071935474872589
2026-08-19 08:01:00,0.8071935474872589
2026-08-19 08:02:00,0.8071935474872589
2026-08-19 08:03:00,0.8071935474872589
2026-08-19 08:04:00,0.8071935474872589
2026-08-19 08:05:00,0.5907469689846039
2026-08-19 08:06:00,0.5907469689846039
2026-08-19 08:07:00,0.5907469689846039
2026-08-19 08:08:00,0.5907469689846039
2026-08-19 08:09:00,0.5907469689846039
2026-08-19 08:10:00,0.42665494978427887
2026-08-19 08:11:00,0.42665494978427887
2026-08-19 08:12:00,0.42665494978427887
2026-08-19 08:13:00,0.42665494978427887
2026-08-19 08:14:00,0.42665494978427887
2026-08-19 08:15:00,0.2628946006298065
2026-08-19 08:16:00,0.2628946006298065
2026-08-19 08:17:00,0.2628946006298065
2026-08-19 08:18:00,0.2628946006298065
2026-08-19 08:19:00,0.2628946006298065
2026-08-19 08:20:00,0.2618708983063698
2026-08-19 08:21:00,0.2618708983063698
2026-08-19 08:22:00,0.2618708983063698
2026-08-19 08:23:00,0.2618708983063698
2026-08-19 08:24:00,0.2618708983063698
2026-08-19 08:25:00,0.25901857763528824
2026-08-19 08:26:00,0.25901857763528824
2026-08-19 08:27:00,0.25901857763528824
2026-08-19 08:28:00,0.25901857763528824
2026-08-19 08:29:00,0.25901857763528824
2026-08-19 08:30:00,0.2552318722009659
2026-08-19 08:31:00,0.2552318722009659
2026-08-19 08:32:00,0.2552318722009659
2026-08-19 08:33:00,0.2552318722009659
2026-08-19 08:34:00,0.2552318722009659
2026-08-19 08:35:00,0.2530468851327896
2026-08-19 08:36:00,0.2530468851327896
2026-08-19 08:37:00,0.2530468851327896
2026-08-19 08:38:00,0.2530468851327896
2026-08-19 08:39:00,0.2530468851327896
2026-08-19 08:40:00,0.25210612267255783
2026-08-19 08:41:00,0.25210612267255783
2026-08-19 08:42:00,0.25210612267255783
2026-08-19 08:43:00,0.25210612267255783
2026-08-19 08:44:00,0.25210612267255783
2026-08-19 08:45:00,0.2521653547883034
2026-08-19 08:46:00,0.2521653547883034
2026-08-19 08:47:00,0.2521653547883034
2026-08-19 08:48:00,0.2521653547883034
2026-08-19 08:49:00,0.2521653547883034
2026-08-19 08:50:00,0.2281445860862732
2026-08-19 08:51:00,0.2281445860862732
2026-08-19 08:52:00,0.2281445860862732
2026-08-19 08:53:00,0.2281445860862732
2026-08-19 08:54:00,0.2281445860862732
2026-08-19 08:55:00,0.20440572872757912
2026-08-19 08:56:00,0.20440572872757912
2026-08-19 08:57:00,0.20440572872757912
2026-08-19 08:58:00,0.20440572872757912
2026-08-19 08:59:00,0.20440572872757912
2026-08-19 09:00:00,0.1606582347303629
2026-08-19 09:01:00,0.1606582347303629
2026-08-19 09:02:00,0.1606582347303629
2026-08-19 09:03:00,0.1606582347303629
2026-08-19 09:04:00,0.1606582347303629
2026-08-19 09:05:00,0.38092816807329655
2026-08-19 09:06:00,0.38092816807329655
2026-08-19 09:07:00,0.38092816807329655
2026-08-19 09:08:00,0.38092816807329655
2026-08-19 09:09:00,0.38092816807329655
2026-08-19 09:10:00,0.6259420905262232
2026-08-19 09:11:00,0.6259420905262232
2026-08-19 09:12:00,0.6259420905262232
2026-08-19 09:13:00,0.6259420905262232
2026-08-19 09:14:00,0.6259420905262232
2026-08-19 09:15:00,0.8702770229429007
2026-08-19 09:16:00,0.8702770229429007
2026-08-19 09:17:00,0.8702770229429007
2026-08-19 09:18:00,0.8702770229429007
2026-08-19 09:19:00,0.8702770229429007
2026-08-19 09:20:00,1.1344163417816162
2026-08-19 09:21:00,1.1344163417816162
2026-08-19 09:22:00,1.1344163417816162
2026-08-19 09:23:00,1.1344163417816162
2026-08-19 09:24:00,1.1344163417816162
2026-08-19 09:25:00,0.911988403648138
2026-08-19 09:26:00,0.911988403648138
2026-08-19 09:27:00,0.911988403648138
2026-08-19 09:28:00,0.911988403648138
2026-08-19 09:29:00,0.911988403648138
2026-08-19 09:30:00,0.690215714275837
2026-08-19 09:31:00,0.690215714275837
2026-08-19 09:32:00,0.690215714275837
2026-08-19 09:33:00,0.690215714275837
2026-08-19 09:34:00,0.690215714275837
2026-08-19 09:35:00,0.46870481595396996
2026-08-19 09:36:00,0.46870481595396996
2026-08-19 09:37:00,0.46870481595396996
2026-08-19 09:38:00,0.46870481595396996
2026-08-19 09:39:00,0.46870481595396996
2026-08-19 09:40:00,0.24906782433390617
2026-08-19 09:41:00,0.24906782433390617
2026-08-19 09:42:00,0.24906782433390617
2026-08-19 09:43:00,0.24906782433390617
2026-08-19 09:44:00,0.24906782433390617
2026-08-19 09:45:00,0.2533261701464653
2026-08-19 09:46:00,0.2533261701464653
2026-08-19 09:47:00,0.2533261701464653
2026-08-19 09:48:00,0.2533261701464653
2026-08-19 09:49:00,0.2533261701464653
2026-08-19 09:50:00,0.23660723865032196
2026-08-19 09:51:00,0.23660723865032196
2026-08-19 09:52:00,0.23660723865032196
2026-08-19 09:53:00,0.23660723865032196
2026-08-19 09:54:00,0.23660723865032196
2026-08-19 09:55:00,0.22001341357827187
2026-08-19 09:56:00,0.22001341357827187
2026-08-19 09:57:00,0.22001341357827187
2026-08-19 09:58:00,0.22001341357827187
2026-08-19 09:59:00,0.22001341357827187
2026-08-19 10:00:00,0.19901485741138458
2026-08-19 10:01:00,0.19901485741138458
2026-08-19 10:02:00,0.19901485741138458
2026-08-19 10:03:00,0.19901485741138458
2026-08-19 10:04:00,0.19901485741138458
2026-08-19 10:05:00,0.17608819529414177
2026-08-19 10:06:00,0.17608819529414177
2026-08-19 10:07:00,0.17608819529414177
2026-08-19 10:08:00,0.17608819529414177
2026-08-19 10:09:00,0.17608819529414177
2026-08-19 10:10:00,0.19544826447963715
2026-08-19 10:11:00,0.19544826447963715
2026-08-19 10:12:00,0.19544826447963715
2026-08-19 10:13:00,0.19544826447963715
2026-08-19 10:14:00,0.19544826447963715
2026-08-19 10:15:00,0.21506299823522568
2026-08-19 10:16:00,0.21506299823522568
2026-08-19 10:17:00,0.21506299823522568
2026-08-19 10:18:00,0.21506299823522568
2026-08-19 10:19:00,0.21506299823522568
2026-08-19 10:20:00,0.2366185300052166
2026-08-19 10:21:00,0.2366185300052166
2026-08-19 10:22:00,0.2366185300052166
2026-08-19 10:23:00,0.2366185300052166
2026-08-19 10:24:00,0.2366185300052166
2026-08-19 10:25:00,0.21454680897295475
2026-08-19 10:26:00,0.21454680897295475
2026-08-19 10:27:00,0.21454680897295475
2026-08-19 10:28:00,0.21454680897295475
2026-08-19 10:29:00,0.21454680897295475
2026-08-19 10:30:00,0.16927294991910458
2026-08-19 10:31:00,0.16927294991910458
2026-08-19 10:32:00,0.16927294991910458
2026-08-19 10:33:00,0.16927294991910458
2026-08-19 10:34:00,0.16927294991910458
2026-08-19 10:35:00,0.12278914637863636
2026-08-19 10:36:00,0.12278914637863636
2026-08-19 10:37:00,0.12278914637863636
2026-08-19 10:38:00,0.12278914637863636
2026-08-19 10:39:00,0.12278914637863636
2026-08-19 10:40:00,0.0784392599016428
2026-08-19 10:41:00,0.0784392599016428
2026-08-19 10:42:00,0.0784392599016428
2026-08-19 10:43:00,0.0784392599016428
2026-08-19 10:44:00,0.0784392599016428
2026-08-19 10:45:00,0.07847577333450317
2026-08-19 10:46:00,0.07847577333450317
2026-08-19 10:47:00,0.07847577333450317
2026-08-19 10:48:00,0.07847577333450317
2026-08-19 10:49:00,0.07847577333450317
2026-08-19 10:50:00,0.3276064209640026
2026-08-19 10:51:00,0.3276064209640026
2026-08-19 10:52:00,0.3276064209640026
2026-08-19 10:53:00,0.3276064209640026
2026-08-19 10:54:00,0.3276064209640026
2026-08-19 10:55:00,0.5774471312761307
2026-08-19 10:56:00,0.5774471312761307
2026-08-19 10:57:00,0.5774471312761307
2026-08-19 10:58:00,0.5774471312761307
2026-08-19 10:59:00,0.5774471312761307
2026-08-19 11:00:00,0.8256375566124916
2026-08-19 11:01:00,0.8256375566124916
2026-08-19 11:02:00,0.8256375566124916
2026-08-19 11:03:00,0.8256375566124916
2026-08-19 11:04:00,0.8256375566124916
2026-08-19 11:05:00,1.0797371864318848
2026-08-19 11:06:00,1.0797371864318848
2026-08-19 11:07:00,1.0797371864318848
2026-08-19 11:08:00,1.0797371864318848
2026-08-19 11:09:00,1.0797371864318848
2026-08-19 11:10:00,1.0505893528461456
2026-08-19 11:11:00,1.0505893528461456
2026-08-19 11:12:00,1.0505893528461456
2026-08-19 11:13:00,1.0505893528461456
2026-08-19 11:14:00,1.0505893528461456
2026-08-19 11:15:00,1.0284673571586609
2026-08-19 11:16:00,1.0284673571586609
2026-08-19 11:17:00,1.0284673571586609
2026-08-19 11:18:00,1.0284673571586609
2026-08-19 11:19:00,1.0284673571586609
2026-08-19 11:20:00,1.0067202299833298
2026-08-19 11:21:00,1.0067202299833298
2026-08-19 11:22:00,1.0067202299833298
2026-08-19 11:23:00,1.0067202299833298
2026-08-19 11:24:00,1.0067202299833298
2026-08-19 11:25:00,0.9675298631191254
2026-08-19 11:26:00,0.9675298631191254
2026-08-19 11:27:00,0.9675298631191254
2026-08-19 11:28:00,0.9675298631191254
2026-08-19 11:29:00,0.9675298631191254
2026-08-19 11:30:00,0.96382075548172
2026-08-19 11:31:00,0.96382075548172
2026-08-19 11:32:00,0.96382075548172
2026-08-19 11:33:00,0.96382075548172
2026-08-19 11:34:00,0.96382075548172
2026-08-19 11:35:00,0.7799597606062889
2026-08-19 11:36:00,0.7799597606062889
2026-08-19 11:37:00,0.7799597606062889
2026-08-19 11:38:00,0.7799597606062889
2026-08-19 11:39:00,0.7799597606062889
2026-08-19 11:40:00,0.7706394121050835
2026-08-19 11:41:00,0.7706394121050835
2026-08-19 11:42:00,0.7706394121050835
2026-08-19 11:43:00,0.7706394121050835
2026-08-19 11:44:00,0.7706394121050835
2026-08-19 11:45:00,0.7720585241913795
2026-08-19 11:46:00,0.7720585241913795
2026-08-19 11:47:00,0.7720585241913795
2026-08-19 11:48:00,0.7720585241913795
2026-08-19 11:49:00,0.7720585241913795
2026-08-19 11:50:00,0.7734141424298286
2026-08-19 11:51:00,0.7734141424298286
2026-08-19 11:52:00,0.7734141424298286
2026-08-19 11:53:00,0.7734141424298286
2026-08-19 11:54:00,0.7734141424298286
2026-08-19 11:55:00,0.9483009576797485
2026-08-19 11:56:00,0.9483009576797485
2026-08-19 11:57:00,0.9483009576797485
2026-08-19 11:58:00,0.9483009576797485
2026-08-19 11:59:00,0.9483009576797485
2026-08-19 12:00:00,0.9413764923810959
2026-08-19 12:01:00,0.9413764923810959
2026-08-19 12:02:00,0.9413764923810959
2026-08-19 12:03:00,0.9413764923810959
2026-08-19 12:04:00,0.9413764923810959
2026-08-19 12:05:00,0.9346293359994888
2026-08-19 12:06:00,0.9346293359994888
2026-08-19 12:07:00,0.9346293359994888
2026-08-19 12:08:00,0.9346293359994888
2026-08-19 12:09:00,0.9346293359994888
2026-08-19 12:10:00,0.9275522083044052
2026-08-19 12:11:00,0.9275522083044052
2026-08-19 12:12:00,0.9275522083044052
2026-08-19 12:13:00,0.9275522083044052
2026-08-19 12:14:00,0.9275522083044052
2026-08-19 12:15:00,0.7539396658539772
2026-08-19 12:16:00,0.7539396658539772
2026-08-19 12:17:00,0.7539396658539772
2026-08-19 12:18:00,0.7539396658539772
2026-08-19 12:19:00,0.7539396658539772
2026-08-19 12:20:00,0.5866388082504272
2026-08-19 12:21:00,0.5866388082504272
2026-08-19 12:22:00,0.5866388082504272
2026-08-19 12:23:00,0.5866388082504272
2026-08-19 12:24:00,0.5866388082504272
2026-08-19 12:25:00,0.41964516788721085
2026-08-19 12:26:00,0.41964516788721085
2026-08-19 12:27:00,0.41964516788721085
2026-08-19 12:28:00,0.41964516788721085
2026-08-19 12:29:00,0.41964516788721085
2026-08-19 12:30:00,0.2861589342355728
2026-08-19 12:31:00,0.2861589342355728
2026-08-19 12:32:00,0.2861589342355728
2026-08-19 12:33:00,0.2861589342355728
2026-08-19 12:34:00,0.2861589342355728
2026-08-19 12:35:00,0.3194301277399063
2026-08-19 12:36:00,0.3194301277399063
2026-08-19 12:37:00,0.3194301277399063
2026-08-19 12:38:00,0.3194301277399063
2026-08-19 12:39:00,0.3194301277399063
2026-08-19 12:40:00,0.3550882488489151
2026-08-19 12:41:00,0.3550882488489151
2026-08-19 12:42:00,0.3550882488489151
2026-08-19 12:43:00,0.3550882488489151
2026-08-19 12:44:00,0.3550882488489151
2026-08-19 12:45:00,0.39141952246427536
2026-08-19 12:46:00,0.39141952246427536
2026-08-19 12:47:00,0.39141952246427536
2026-08-19 12:48:00,0.39141952246427536
2026-08-19 12:49:00,0.39141952246427536
2026-08-19 12:50:00,0.3585725203156471
2026-08-19 12:51:00,0.3585725203156471
2026-08-19 12:52:00,0.3585725203156471
2026-08-19 12:53:00,0.3585725203156471
2026-08-19 12:54:00,0.3585725203156471
2026-08-19 12:55:00,0.34528110176324844
2026-08-19 12:56:00,0.34528110176324844
2026-08-19 12:57:00,0.34528110176324844
2026-08-19 12:58:00,0.34528110176324844
2026-08-19 12:59:00,0.34528110176324844
2026-08-19 13:00:00,0.326742485165596
2026-08-19 13:01:00,0.326742485165596
2026-08-19 13:02:00,0.326742485165596
2026-08-19 13:03:00,0.326742485165596
2026-08-19 13:04:00,0.326742485165596
2026-08-19 13:05:00,0.3062758222222328
2026-08-19 13:06:00,0.3062758222222328
2026-08-19 13:07:00,0.3062758222222328
2026-08-19 13:08:00,0.3062758222222328
2026-08-19 13:09:00,0.3062758222222328
2026-08-19 13:10:00,0.32198385894298553
2026-08-19 13:11:00,0.32198385894298553
2026-08-19 13:12:00,0.32198385894298553
2026-08-19 13:13:00,0.32198385894298553
2026-08-19 13:14:00,0.32198385894298553
2026-08-19 13:15:00,0.2654327731579542
2026-08-19 13:16:00,0.2654327731579542
2026-08-19 13:17:00,0.2654327731579542
2026-08-19 13:18:00,0.2654327731579542
2026-08-19 13:19:00,0.2654327731579542
2026-08-19 13:20:00,0.2143939808011055
2026-08-19 13:21:00,0.2143939808011055
2026-08-19 13:22:00,0.2143939808011055
2026-08-19 13:23:00,0.2143939808011055
2026-08-19 13:24:00,0.2143939808011055
2026-08-19 13:25:00,0.1614203117787838
2026-08-19 13:26:00,0.1614203117787838
2026-08-19 13:27:00,0.1614203117787838
2026-08-19 13:28:00,0.1614203117787838
2026-08-19 13:29:00,0.1614203117787838
2026-08-19 13:30:00,0.10838994570076466
2026-08-19 13:31:00,0.10838994570076466
2026-08-19 13:32:00,0.10838994570076466
2026-08-19 13:33:00,0.10838994570076466
2026-08-19 13:34:00,0.10838994570076466
2026-08-19 13:35:00,0.33507339283823967
2026-08-19 13:36:00,0.33507339283823967
2026-08-19 13:37:00,0.33507339283823967
2026-08-19 13:38:00,0.33507339283823967
2026-08-19 13:39:00,0.33507339283823967
2026-08-19 13:40:00,0.5595616716891527
2026-08-19 13:41:00,0.5595616716891527
2026-08-19 13:42:00,0.5595616716891527
2026-08-19 13:43:00,0.5595616716891527
2026-08-19 13:44:00,0.5595616716891527
2026-08-19 13:45:00,0.7870242651551962
2026-08-19 13:46:00,0.7870242651551962
2026-08-19 13:47:00,0.7870242651551962
2026-08-19 13:48:00,0.7870242651551962
2026-08-19 13:49:00,0.7870242651551962
2026-08-19 13:50:00,1.0157929360866547
2026-08-19 13:51:00,1.0157929360866547
2026-08-19 13:52:00,1.0157929360866547
2026-08-19 13:53:00,1.0157929360866547
2026-08-19 13:54:00,1.0157929360866547
2026-08-19 13:55:00,0.8183101788163185
2026-08-19 13:56:00,0.8183101788163185
2026-08-19 13:57:00,0.8183101788163185
2026-08-19 13:58:00,0.8183101788163185
2026-08-19 13:59:00,0.8183101788163185
2026-08-19 14:00:00,0.6201595142483711
2026-08-19 14:01:00,0.6201595142483711
2026-08-19 14:02:00,0.6201595142483711
2026-08-19 14:03:00,0.6201595142483711
2026-08-19 14:04:00,0.6201595142483711
2026-08-19 14:05:00,0.42036648467183113
2026-08-19 14:06:00,0.42036648467183113
2026-08-19 14:07:00,0.42036648467183113
2026-08-19 14:08:00,0.42036648467183113
2026-08-19 14:09:00,0.42036648467183113
2026-08-19 14:10:00,0.2185635082423687
2026-08-19 14:11:00,0.2185635082423687
2026-08-19 14:12:00,0.2185635082423687
2026-08-19 14:13:00,0.2185635082423687
2026-08-19 14:14:00,0.2185635082423687
2026-08-19 14:15:00,0.2130064070224762
2026-08-19 14:16:00,0.2130064070224762
2026-08-19 14:17:00,0.2130064070224762
2026-08-19 14:18:00,0.2130064070224762
2026-08-19 14:19:00,0.2130064070224762
2026-08-19 14:20:00,0.20828531682491302
2026-08-19 14:21:00,0.20828531682491302
2026-08-19 14:22:00,0.20828531682491302
2026-08-19 14:23:00,0.20828531682491302
2026-08-19 14:24:00,0.20828531682491302
2026-08-19 14:25:00,0.20599351823329926
2026-08-19 14:26:00,0.20599351823329926
2026-08-19 14:27:00,0.20599351823329926
2026-08-19 14:28:00,0.20599351823329926
2026-08-19 14:29:00,0.20599351823329926
2026-08-19 14:30:00,0.2030804045498371
2026-08-19 14:31:00,0.2030804045498371
2026-08-19 14:32:00,0.2030804045498371
2026-08-19 14:33:00,0.2030804045498371
2026-08-19 14:34:00,0.2030804045498371
2026-08-19 14:35:00,0.20146071910858154
2026-08-19 14:36:00,0.20146071910858154
2026-08-19 14:37:00,0.20146071910858154
2026-08-19 14:38:00,0.20146071910858154
2026-08-19 14:39:00,0.20146071910858154
2026-08-19 14:40:00,0.19958381727337837
2026-08-19 14:41:00,0.19958381727337837
2026-08-19 14:42:00,0.19958381727337837
2026-08-19 14:43:00,0.19958381727337837
2026-08-19 14:44:00,0.19958381727337837
2026-08-19 14:45:00,0.19795309752225876
2026-08-19 14:46:00,0.19795309752225876
2026-08-19 14:47:00,0.19795309752225876
2026-08-19 14:48:00,0.19795309752225876
2026-08-19 14:49:00,0.19795309752225876
2026-08-19 14:50:00,0.26300325617194176
2026-08-19 14:51:00,0.26300325617194176
2026-08-19 14:52:00,0.26300325617194176
2026-08-19 14:53:00,0.26300325617194176
2026-08-19 14:54:00,0.26300325617194176
2026-08-19 14:55:00,0.3410337008535862
2026-08-19 14:56:00,0.3410337008535862
2026-08-19 14:57:00,0.3410337008535862
2026-08-19 14:58:00,0.3410337008535862
2026-08-19 14:59:00,0.3410337008535862
2026-08-19 15:00:00,0.41910460591316223
2026-08-19 15:01:00,0.41910460591316223
2026-08-19 15:02:00,0.41910460591316223
2026-08-19 15:03:00,0.41910460591316223
2026-08-19 15:04:00,0.41910460591316223
2026-08-19 15:05:00,0.49632728099823
2026-08-19 15:06:00,0.49632728099823
2026-08-19 15:07:00,0.49632728099823
2026-08-19 15:08:00,0.49632728099823
2026-08-19 15:09:00,0.49632728099823
2026-08-19 15:10:00,0.4061792101711035
2026-08-19 15:11:00,0.4061792101711035
2026-08-19 15:12:00,0.4061792101711035
2026-08-19 15:13:00,0.4061792101711035
2026-08-19 15:14:00,0.4061792101711035
2026-08-19 15:15:00,0.42814420722424984
2026-08-19 15:16:00,0.42814420722424984
2026-08-19 15:17:00,0.42814420722424984
2026-08-19 15:18:00,0.42814420722424984
2026-08-19 15:19:00,0.42814420722424984
2026-08-19 15:20:00,0.45198524557054043
2026-08-19 15:21:00,0.45198524557054043
2026-08-19 15:22:00,0.45198524557054043
2026-08-19 15:23:00,0.45198524557054043
2026-08-19 15:24:00,0.45198524557054043
2026-08-19 15:25:00,0.4749640431255102
2026-08-19 15:26:00,0.4749640431255102
2026-08-19 15:27:00,0.4749640431255102
2026-08-19 15:28:00,0.4749640431255102
2026-08-19 15:29:00,0.4749640431255102
2026-08-19 15:30:00,0.6004773676395416
2026-08-19 15:31:00,0.6004773676395416
2026-08-19 15:32:00,0.6004773676395416
2026-08-19 15:33:00,0.6004773676395416
2026-08-19 15:34:00,0.6004773676395416
2026-08-19 15:35:00,0.4769298378378153
2026-08-19 15:36:00,0.4769298378378153
2026-08-19 15:37:00,0.4769298378378153
2026-08-19 15:38:00,0.4769298378378153
2026-08-19 15:39:00,0.4769298378378153
2026-08-19 15:40:00,0.35458922758698463
2026-08-19 15:41:00,0.35458922758698463
2026-08-19 15:42:00,0.35458922758698463
2026-08-19 15:43:00,0.35458922758698463
2026-08-19 15:44:00,0.35458922758698463
2026-08-19 15:45:00,0.23352402821183205
2026-08-19 15:46:00,0.23352402821183205
2026-08-19 15:47:00,0.23352402821183205
2026-08-19 15:48:00,0.23352402821183205
2026-08-19 15:49:00,0.23352402821183205
2026-08-19 15:50:00,0.11173943988978863
2026-08-19 15:51:00,0.11173943988978863
2026-08-19 15:52:00,0.11173943988978863
2026-08-19 15:53:00,0.11173943988978863
2026-08-19 15:54:00,0.11173943988978863
2026-08-19 15:55:00,0.11403032019734383
2026-08-19 15:56:00,0.11403032019734383
2026-08-19 15:57:00,0.11403032019734383
2026-08-19 15:58:00,0.11403032019734383
2026-08-19 15:59:00,0.11403032019734383
2026-08-19 16:00:00,0.11373256891965866
2026-08-19 16:01:00,0.11373256891965866
2026-08-19 16:02:00,0.11373256891965866
2026-08-19 16:03:00,0.11373256891965866
2026-08-19 16:04:00,0.11373256891965866
2026-08-19 16:05:00,0.113167529925704
2026-08-19 16:06:00,0.113167529925704
2026-08-19 16:07:00,0.113167529925704
2026-08-19 16:08:00,0.113167529925704
2026-08-19 16:09:00,0.113167529925704
2026-08-19 16:10:00,0.10424578562378883
2026-08-19 16:11:00,0.10424578562378883
2026-08-19 16:12:00,0.10424578562378883
2026-08-19 16:13:00,0.10424578562378883
2026-08-19 16:14:00,0.10424578562378883
2026-08-19 16:15:00,0.09767136909067631
2026-08-19 16:16:00,0.09767136909067631
2026-08-19 16:17:00,0.09767136909067631
2026-08-19 16:18:00,0.09767136909067631
2026-08-19 16:19:00,0.09767136909067631
2026-08-19 16:20:00,0.09459715150296688
2026-08-19 16:21:00,0.09459715150296688
2026-08-19 16:22:00,0.09459715150296688
2026-08-19 16:23:00,0.09459715150296688
2026-08-19 16:24:00,0.09459715150296688
2026-08-19 16:25:00,0.08961585350334644
2026-08-19 16:26:00,0.08961585350334644
2026-08-19 16:27:00,0.08961585350334644
2026-08-19 16:28:00,0.08961585350334644
2026-08-19 16:29:00,0.08961585350334644
2026-08-19 16:30:00,0.09448427334427834
2026-08-19 16:31:00,0.09448427334427834
2026-08-19 16:32:00,0.09448427334427834
2026-08-19 16:33:00,0.09448427334427834
2026-08-19 16:34:00,0.09448427334427834
2026-08-19 16:35:00,0.09297255054116249
2026-08-19 16:36:00,0.09297255054116249
2026-08-19 16:37:00,0.09297255054116249
2026-08-19 16:38:00,0.09297255054116249
2026-08-19 16:39:00,0.09297255054116249
2026-08-19 16:40:00,0.0863323975354433
2026-08-19 16:41:00,0.0863323975354433
2026-08-19 16:42:00,0.0863323975354433
2026-08-19 16:43:00,0.0863323975354433
2026-08-19 16:44:00,0.0863323975354433
2026-08-19 16:45:00,0.08063613064587116
2026-08-19 16:46:00,0.08063613064587116
2026-08-19 16:47:00,0.08063613064587116
2026-08-19 16:48:00,0.08063613064587116
2026-08-19 16:49:00,0.08063613064587116
2026-08-19 16:50:00,0.08220637030899525
2026-08-19 16:51:00,0.08220637030899525
2026-08-19 16:52:00,0.08220637030899525
2026-08-19 16:53:00,0.08220637030899525
2026-08-19 16:54:00,0.08220637030899525
2026-08-19 16:55:00,0.08998838812112808
2026-08-19 16:56:00,0.08998838812112808
2026-08-19 16:57:00,0.08998838812112808
2026-08-19 16:58:00,0.08998838812112808
2026-08-19 16:59:00,0.08998838812112808
2026-08-19 17:00:00,0.09979888051748276
2026-08-19 17:01:00,0.09979888051748276
2026-08-19 17:02:00,0.09979888051748276
2026-08-19 17:03:00,0.09979888051748276
2026-08-19 17:04:00,0.09979888051748276
2026-08-19 17:05:00,0.10880861803889275
2026-08-19 17:06:00,0.10880861803889275
2026-08-19 17:07:00,0.10880861803889275
2026-08-19 17:08:00,0.10880861803889275
2026-08-19 17:09:00,0.10880861803889275
2026-08-19 17:10:00,0.10407443344593048
2026-08-19 17:11:00,0.10407443344593048
2026-08-19 17:12:00,0.10407443344593048
2026-08-19 17:13:00,0.10407443344593048
2026-08-19 17:14:00,0.10407443344593048
2026-08-19 17:15:00,0.09844193607568741
2026-08-19 17:16:00,0.09844193607568741
2026-08-19 17:17:00,0.09844193607568741
2026-08-19 17:18:00,0.09844193607568741
2026-08-19 17:19:00,0.09844193607568741
2026-08-19 17:20:00,0.09006079658865929
2026-08-19 17:21:00,0.09006079658865929
2026-08-19 17:22:00,0.09006079658865929
2026-08-19 17:23:00,0.09006079658865929
2026-08-19 17:24:00,0.09006079658865929
2026-08-19 17:25:00,0.08195481635630131
2026-08-19 17:26:00,0.08195481635630131
2026-08-19 17:27:00,0.08195481635630131
2026-08-19 17:28:00,0.08195481635630131
2026-08-19 17:29:00,0.08195481635630131
2026-08-19 17:30:00,0.08054838888347149
2026-08-19 17:31:00,0.08054838888347149
2026-08-19 17:32:00,0.08054838888347149
2026-08-19 17:33:00,0.08054838888347149
2026-08-19 17:34:00,0.08054838888347149
2026-08-19 17:35:00,0.07944422215223312
2026-08-19 17:36:00,0.07944422215223312
2026-08-19 17:37:00,0.07944422215223312
2026-08-19 17:38:00,0.07944422215223312
2026-08-19 17:39:00,0.07944422215223312
2026-08-19 17:40:00,0.08043168298900127
2026-08-19 17:41:00,0.08043168298900127
2026-08-19 17:42:00,0.08043168298900127
2026-08-19 17:43:00,0.08043168298900127
2026-08-19 17:44:00,0.08043168298900127
2026-08-19 17:45:00,0.08186421357095242
2026-08-19 17:46:00,0.08186421357095242
2026-08-19 17:47:00,0.08186421357095242
2026-08-19 17:48:00,0.08186421357095242
2026-08-19 17:49:00,0.08186421357095242
2026-08-19 17:50:00,0.07975657656788826
2026-08-19 17:51:00,0.07975657656788826
2026-08-19 17:52:00,0.07975657656788826
2026-08-19 17:53:00,0.07975657656788826
2026-08-19 17:54:00,0.07975657656788826
2026-08-19 17:55:00,0.07649163343012333
2026-08-19 17:56:00,0.07649163343012333
2026-08-19 17:57:00,0.07649163343012333
2026-08-19 17:58:00,0.07649163343012333
2026-08-19 17:59:00,0.07649163343012333
2026-08-19 18:00:00,0.07571038976311684
2026-08-19 18:01:00,0.07571038976311684
2026-08-19 18:02:00,0.07571038976311684
2026-08-19 18:03:00,0.07571038976311684
2026-08-19 18:04:00,0.07571038976311684
2026-08-19 18:05:00,0.07856610231101513
2026-08-19 18:06:00,0.07856610231101513
2026-08-19 18:07:00,0.07856610231101513
2026-08-19 18:08:00,0.07856610231101513
2026-08-19 18:09:00,0.07856610231101513
2026-08-19 18:10:00,0.08338307030498981
2026-08-19 18:11:00,0.08338307030498981
2026-08-19 18:12:00,0.08338307030498981
2026-08-19 18:13:00,0.08338307030498981
2026-08-19 18:14:00,0.08338307030498981
2026-08-19 18:15:00,0.08774344623088837
2026-08-19 18:16:00,0.08774344623088837
2026-08-19 18:17:00,0.08774344623088837
2026-08-19 18:18:00,0.08774344623088837
2026-08-19 18:19:00,0.08774344623088837
2026-08-19 18:20:00,0.08823132328689098
2026-08-19 18:21:00,0.08823132328689098
2026-08-19 18:22:00,0.08823132328689098
2026-08-19 18:23:00,0.08823132328689098
2026-08-19 18:24:00,0.08823132328689098
2026-08-19 18:25:00,0.08606868237257004
2026-08-19 18:26:00,0.08606868237257004
2026-08-19 18:27:00,0.08606868237257004
2026-08-19 18:28:00,0.08606868237257004
2026-08-19 18:29:00,0.08606868237257004
2026-08-19 18:30:00,0.08418373204767704
2026-08-19 18:31:00,0.08418373204767704
2026-08-19 18:32:00,0.08418373204767704
2026-08-19 18:33:00,0.08418373204767704
2026-08-19 18:34:00,0.08418373204767704
2026-08-19 18:35:00,0.08420085720717907
2026-08-19 18:36:00,0.08420085720717907
2026-08-19 18:37:00,0.08420085720717907
2026-08-19 18:38:00,0.08420085720717907
2026-08-19 18:39:00,0.08420085720717907
2026-08-19 18:40:00,0.08363151736557484
2026-08-19 18:41:00,0.08363151736557484
2026-08-19 18:42:00,0.08363151736557484
2026-08-19 18:43:00,0.08363151736557484
2026-08-19 18:44:00,0.08363151736557484
2026-08-19 18:45:00,0.08058145828545094
2026-08-19 18:46:00,0.08058145828545094
2026-08-19 18:47:00,0.08058145828545094
2026-08-19 18:48:00,0.08058145828545094
2026-08-19 18:49:00,0.08058145828545094
2026-08-19 18:50:00,0.07815058901906013
2026-08-19 18:51:00,0.07815058901906013
2026-08-19 18:52:00,0.07815058901906013
2026-08-19 18:53:00,0.07815058901906013
2026-08-19 18:54:00,0.07815058901906013
2026-08-19 18:55:00,0.07372105121612549
2026-08-19 18:56:00,0.07372105121612549
2026-08-19 18:57:00,0.07372105121612549
2026-08-19 18:58:00,0.07372105121612549
2026-08-19 18:59:00,0.07372105121612549
2026-08-19 19:00:00,0.07258772850036621
2026-08-19 19:01:00,0.07258772850036621
2026-08-19 19:02:00,0.07258772850036621
2026-08-19 19:03:00,0.07258772850036621
2026-08-19 19:04:00,0.07258772850036621
2026-08-19 19:05:00,0.07130100019276142
2026-08-19 19:06:00,0.07130100019276142
2026-08-19 19:07:00,0.07130100019276142
2026-08-19 19:08:00,0.07130100019276142
2026-08-19 19:09:00,0.07130100019276142
2026-08-19 19:10:00,0.07045211642980576
2026-08-19 19:11:00,0.07045211642980576
2026-08-19 19:12:00,0.07045211642980576
2026-08-19 19:13:00,0.07045211642980576
2026-08-19 19:14:00,0.07045211642980576
2026-08-19 19:15:00,0.07251855172216892
2026-08-19 19:16:00,0.07251855172216892
2026-08-19 19:17:00,0.07251855172216892
2026-08-19 19:18:00,0.07251855172216892
2026-08-19 19:19:00,0.07251855172216892
2026-08-19 19:20:00,0.07247624360024929
2026-08-19 19:21:00,0.07247624360024929
2026-08-19 19:22:00,0.07247624360024929
2026-08-19 19:23:00,0.07247624360024929
2026-08-19 19:24:00,0.07247624360024929
2026-08-19 19:25:00,0.07568888552486897
2026-08-19 19:26:00,0.07568888552486897
2026-08-19 19:27:00,0.07568888552486897
2026-08-19 19:28:00,0.07568888552486897
2026-08-19 19:29:00,0.07568888552486897
2026-08-19 19:30:00,0.07661396823823452
2026-08-19 19:31:00,0.07661396823823452
2026-08-19 19:32:00,0.07661396823823452
2026-08-19 19:33:00,0.07661396823823452
2026-08-19 19:34:00,0.07661396823823452
2026-08-19 19:35:00,0.07672145031392574
2026-08-19 19:36:00,0.07672145031392574
2026-08-19 19:37:00,0.07672145031392574
2026-08-19 19:38:00,0.07672145031392574
2026-08-19 19:39:00,0.07672145031392574
2026-08-19 19:40:00,0.08063378371298313
2026-08-19 19:41:00,0.08063378371298313
2026-08-19 19:42:00,0.08063378371298313
2026-08-19 19:43:00,0.08063378371298313
2026-08-19 19:44:00,0.08063378371298313
2026-08-19 19:45:00,0.08504118956625462
2026-08-19 19:46:00,0.08504118956625462
2026-08-19 19:47:00,0.08504118956625462
2026-08-19 19:48:00,0.08504118956625462
2026-08-19 19:49:00,0.08504118956625462
2026-08-19 19:50:00,0.09000133723020554
2026-08-19 19:51:00,0.09000133723020554
2026-08-19 19:52:00,0.09000133723020554
2026-08-19 19:53:00,0.09000133723020554
2026-08-19 19:54:00,0.09000133723020554
2026-08-19 19:55:00,0.09060819260776043
2026-08-19 19:56:00,0.09060819260776043
2026-08-19 19:57:00,0.09060819260776043
2026-08-19 19:58:00,0.09060819260776043
2026-08-19 19:59:00,0.09060819260776043
2026-08-19 20:00:00,0.08632210083305836
2026-08-19 20:01:00,0.08632210083305836
2026-08-19 20:02:00,0.08632210083305836
2026-08-19 20:03:00,0.08632210083305836
2026-08-19 20:04:00,0.08632210083305836
2026-08-19 20:05:00,0.08030889369547367
2026-08-19 20:06:00,0.08030889369547367
2026-08-19 20:07:00,0.08030889369547367
2026-08-19 20:08:00,0.08030889369547367
2026-08-19 20:09:00,0.08030889369547367
2026-08-19 20:10:00,0.0744788907468319
2026-08-19 20:11:00,0.0744788907468319
2026-08-19 20:12:00,0.0744788907468319
2026-08-19 20:13:00,0.0744788907468319
2026-08-19 20:14:00,0.0744788907468319
2026-08-19 20:15:00,0.07063594087958336
2026-08-19 20:16:00,0.07063594087958336
2026-08-19 20:17:00,0.07063594087958336
2026-08-19 20:18:00,0.07063594087958336
2026-08-19 20:19:00,0.07063594087958336
2026-08-19 20:20:00,0.07083885930478573
2026-08-19 20:21:00,0.07083885930478573
2026-08-19 20:22:00,0.07083885930478573
2026-08-19 20:23:00,0.07083885930478573
2026-08-19 20:24:00,0.07083885930478573
2026-08-19 20:25:00,0.06952912732958794
2026-08-19 20:26:00,0.06952912732958794
2026-08-19 20:27:00,0.06952912732958794
2026-08-19 20:28:00,0.06952912732958794
2026-08-19 20:29:00,0.06952912732958794
2026-08-19 20:30:00,0.06980744190514088
2026-08-19 20:31:00,0.06980744190514088
2026-08-19 20:32:00,0.06980744190514088
2026-08-19 20:33:00,0.06980744190514088
2026-08-19 20:34:00,0.06980744190514088
2026-08-19 20:35:00,0.07318566925823689
2026-08-19 20:36:00,0.07318566925823689
2026-08-19 20:37:00,0.07318566925823689
2026-08-19 20:38:00,0.07318566925823689
2026-08-19 20:39:00,0.07318566925823689
2026-08-19 20:40:00,0.07354531809687614
2026-08-19 20:41:00,0.07354531809687614
2026-08-19 20:42:00,0.07354531809687614
2026-08-19 20:43:00,0.07354531809687614
2026-08-19 20:44:00,0.07354531809687614
2026-08-19 20:45:00,0.07495207712054253
2026-08-19 20:46:00,0.07495207712054253
2026-08-19 20:47:00,0.07495207712054253
2026-08-19 20:48:00,0.07495207712054253
2026-08-19 20:49:00,0.07495207712054253
2026-08-19 20:50:00,0.07541012577712536
2026-08-19 20:51:00,0.07541012577712536
2026-08-19 20:52:00,0.07541012577712536
2026-08-19 20:53:00,0.07541012577712536
2026-08-19 20:54:00,0.07541012577712536
2026-08-19 20:55:00,0.07480078563094139
2026-08-19 20:56:00,0.07480078563094139
2026-08-19 20:57:00,0.07480078563094139
2026-08-19 20:58:00,0.07480078563094139
2026-08-19 20:59:00,0.07480078563094139
2026-08-19 21:00:00,0.07509869337081909
2026-08-19 21:01:00,0.07509869337081909
2026-08-19 21:02:00,0.07509869337081909
2026-08-19 21:03:00,0.07509869337081909
2026-08-19 21:04:00,0.07509869337081909
2026-08-19 21:05:00,0.07782458700239658
2026-08-19 21:06:00,0.07782458700239658
2026-08-19 21:07:00,0.07782458700239658
2026-08-19 21:08:00,0.07782458700239658
2026-08-19 21:09:00,0.07782458700239658
2026-08-19 21:10:00,0.07844583131372929
2026-08-19 21:11:00,0.07844583131372929
2026-08-19 21:12:00,0.07844583131372929
2026-08-19 21:13:00,0.07844583131372929
2026-08-19 21:14:00,0.07844583131372929
2026-08-19 21:15:00,0.07786988653242588
2026-08-19 21:16:00,0.07786988653242588
2026-08-19 21:17:00,0.07786988653242588
2026-08-19 21:18:00,0.07786988653242588
2026-08-19 21:19:00,0.07786988653242588
2026-08-19 21:20:00,0.07753644697368145
2026-08-19 21:21:00,0.07753644697368145
2026-08-19 21:22:00,0.07753644697368145
2026-08-19 21:23:00,0.07753644697368145
2026-08-19 21:24:00,0.07753644697368145
2026-08-19 21:25:00,0.07613923028111458
2026-08-19 21:26:00,0.07613923028111458
2026-08-19 21:27:00,0.07613923028111458
2026-08-19 21:28:00,0.07613923028111458
2026-08-19 21:29:00,0.07613923028111458
2026-08-19 21:30:00,0.07542723976075649
2026-08-19 21:31:00,0.07542723976075649
2026-08-19 21:32:00,0.07542723976075649
2026-08-19 21:33:00,0.07542723976075649
2026-08-19 21:34:00,0.07542723976075649
2026-08-19 21:35:00,0.07489377446472645
2026-08-19 21:36:00,0.07489377446472645
2026-08-19 21:37:00,0.07489377446472645
2026-08-19 21:38:00,0.07489377446472645
2026-08-19 21:39:00,0.07489377446472645
2026-08-19 21:40:00,0.0778713021427393
2026-08-19 21:41:00,0.0778713021427393
2026-08-19 21:42:00,0.0778713021427393
2026-08-19 21:43:00,0.0778713021427393
2026-08-19 21:44:00,0.0778713021427393
2026-08-19 21:45:00,0.08197811059653759
2026-08-19 21:46:00,0.08197811059653759
2026-08-19 21:47:00,0.08197811059653759
2026-08-19 21:48:00,0.08197811059653759
2026-08-19 21:49:00,0.08197811059653759
2026-08-19 21:50:00,0.08779902383685112
2026-08-19 21:51:00,0.08779902383685112
2026-08-19 21:52:00,0.08779902383685112
2026-08-19 21:53:00,0.08779902383685112
2026-08-19 21:54:00,0.08779902383685112
2026-08-19 21:55:00,0.09276104159653187
2026-08-19 21:56:00,0.09276104159653187
2026-08-19 21:57:00,0.09276104159653187
2026-08-19 21:58:00,0.09276104159653187
2026-08-19 21:59:00,0.09276104159653187
2026-08-19 22:00:00,0.09104942716658115
2026-08-19 22:01:00,0.09104942716658115
2026-08-19 22:02:00,0.09104942716658115
2026-08-19 22:03:00,0.09104942716658115
2026-08-19 22:04:00,0.09104942716658115
2026-08-19 22:05:00,0.08654572442173958
2026-08-19 22:06:00,0.08654572442173958
2026-08-19 22:07:00,0.08654572442173958
2026-08-19 22:08:00,0.08654572442173958
2026-08-19 22:09:00,0.08654572442173958
2026-08-19 22:10:00,0.08090872317552567
2026-08-19 22:11:00,0.08090872317552567
2026-08-19 22:12:00,0.08090872317552567
2026-08-19 22:13:00,0.08090872317552567
2026-08-19 22:14:00,0.08090872317552567
2026-08-19 22:15:00,0.07589045353233814
2026-08-19 22:16:00,0.07589045353233814
2026-08-19 22:17:00,0.07589045353233814
2026-08-19 22:18:00,0.07589045353233814
2026-08-19 22:19:00,0.07589045353233814
2026-08-19 22:20:00,0.0729623306542635
2026-08-19 22:21:00,0.0729623306542635
2026-08-19 22:22:00,0.0729623306542635
2026-08-19 22:23:00,0.0729623306542635
2026-08-19 22:24:00,0.0729623306542635
2026-08-19 22:25:00,0.07077881693840027
2026-08-19 22:26:00,0.07077881693840027
2026-08-19 22:27:00,0.07077881693840027
2026-08-19 22:28:00,0.07077881693840027
2026-08-19 22:29:00,0.07077881693840027
2026-08-19 22:30:00,0.06821984238922596
2026-08-19 22:31:00,0.06821984238922596
2026-08-19 22:32:00,0.06821984238922596
2026-08-19 22:33:00,0.06821984238922596
2026-08-19 22:34:00,0.06821984238922596
2026-08-19 22:35:00,0.06662007421255112
2026-08-19 22:36:00,0.06662007421255112
2026-08-19 22:37:00,0.06662007421255112
2026-08-19 22:38:00,0.06662007421255112
2026-08-19 22:39:00,0.06662007421255112
2026-08-19 22:40:00,0.06594464741647243
2026-08-19 22:41:00,0.06594464741647243
2026-08-19 22:42:00,0.06594464741647243
2026-08-19 22:43:00,0.06594464741647243
2026-08-19 22:44:00,0.06594464741647243
2026-08-19 22:45:00,0.06623179093003273
2026-08-19 22:46:00,0.06623179093003273
2026-08-19 22:47:00,0.06623179093003273
2026-08-19 22:48:00,0.06623179093003273
2026-08-19 22:49:00,0.06623179093003273
2026-08-19 22:50:00,0.06918818689882755
2026-08-19 22:51:00,0.06918818689882755
2026-08-19 22:52:00,0.06918818689882755
2026-08-19 22:53:00,0.06918818689882755
2026-08-19 22:54:00,0.06918818689882755
2026-08-19 22:55:00,0.07358729466795921
2026-08-19 22:56:00,0.07358729466795921
2026-08-19 22:57:00,0.07358729466795921
2026-08-19 22:58:00,0.07358729466795921
2026-08-19 22:59:00,0.07358729466795921
2026-08-19 23:00:00,0.07799426093697548
2026-08-19 23:01:00,0.07799426093697548
2026-08-19 23:02:00,0.07799426093697548
2026-08-19 23:03:00,0.07799426093697548
2026-08-19 23:04:00,0.07799426093697548
2026-08-19 23:05:00,0.08070690929889679
2026-08-19 23:06:00,0.08070690929889679
2026-08-19 23:07:00,0.08070690929889679
2026-08-19 23:08:00,0.08070690929889679
2026-08-19 23:09:00,0.08070690929889679
2026-08-19 23:10:00,0.08013835549354553
2026-08-19 23:11:00,0.08013835549354553
2026-08-19 23:12:00,0.08013835549354553
2026-08-19 23:13:00,0.08013835549354553
2026-08-19 23:14:00,0.08013835549354553
2026-08-19 23:15:00,0.07991243526339531
2026-08-19 23:16:00,0.07991243526339531
2026-08-19 23:17:00,0.07991243526339531
2026-08-19 23:18:00,0.07991243526339531
2026-08-19 23:19:00,0.07991243526339531
2026-08-19 23:20:00,0.08464683219790459
2026-08-19 23:21:00,0.08464683219790459
2026-08-19 23:22:00,0.08464683219790459
2026-08-19 23:23:00,0.08464683219790459
2026-08-19 23:24:00,0.08464683219790459
2026-08-19 23:25:00,0.09110179357230663
2026-08-19 23:26:00,0.09110179357230663
2026-08-19 23:27:00,0.09110179357230663
2026-08-19 23:28:00,0.09110179357230663
2026-08-19 23:29:00,0.09110179357230663
2026-08-19 23:30:00,0.1014679130166769
2026-08-19 23:31:00,0.1014679130166769
2026-08-19 23:32:00,0.1014679130166769
2026-08-19 23:33:00,0.1014679130166769
2026-08-19 23:34:00,0.1014679130166769
2026-08-19 23:35:00,0.10701018013060093
2026-08-19 23:36:00,0.10701018013060093
2026-08-19 23:37:00,0.10701018013060093
2026-08-19 23:38:00,0.10701018013060093
2026-08-19 23:39:00,0.10701018013060093
2026-08-19 23:40:00,0.10347340628504753
2026-08-19 23:41:00,0.10347340628504753
2026-08-19 23:42:00,0.10347340628504753
2026-08-19 23:43:00,0.10347340628504753
2026-08-19 23:44:00,0.10347340628504753
2026-08-19 23:45:00,0.36315836012363434
2026-08-19 23:46:00,0.36315836012363434
2026-08-19 23:47:00,0.36315836012363434
2026-08-19 23:48:00,0.36315836012363434
2026-08-19 23:49:00,0.36315836012363434
2026-08-19 23:50:00,0.6194555331021547
2026-08-19 23:51:00,0.6194555331021547
2026-08-19 23:52:00,0.6194555331021547
2026-08-19 23:53:00,0.6194555331021547
2026-08-19 23:54:00,0.6194555331021547
2026-08-19 23:55:00,0.8781330939382315
2026-08-19 23:56:00,0.8781330939382315
2026-08-19 23:57:00,0.8781330939382315
2026-08-19 23:58:00,0.8781330939382315
2026-08-19 23:59:00,0.8781330939382315
2026-08-20 00:00:00,1.1421157121658325
2026-08-20 00:01:00,1.1421157121658325
2026-08-20 00:02:00,1.1421157121658325
2026-08-20 00:03:00,1.1421157121658325
2026-08-20 00:04:00,1.1421157121658325
2026-08-20 00:05:00,0.8967044614255428
2026-08-20 00:06:00,0.8967044614255428
2026-08-20 00:07:00,0.8967044614255428
2026-08-20 00:08:00,0.8967044614255428
2026-08-20 00:09:00,0.8967044614255428
2026-08-20 00:10:00,0.6519023142755032
2026-08-20 00:11:00,0.6519023142755032
2026-08-20 00:12:00,0.6519023142755032
2026-08-20 00:13:00,0.6519023142755032
2026-08-20 00:14:00,0.6519023142755032
2026-08-20 00:15:00,0.4064454957842827
2026-08-20 00:16:00,0.4064454957842827
2026-08-20 00:17:00,0.4064454957842827
2026-08-20 00:18:00,0.4064454957842827
2026-08-20 00:19:00,0.4064454957842827
2026-08-20 00:20:00,0.1586259789764881
2026-08-20 00:21:00,0.1586259789764881
2026-08-20 00:22:00,0.1586259789764881
2026-08-20 00:23:00,0.1586259789764881
2026-08-20 00:24:00,0.1586259789764881
2026-08-20 00:25:00,0.15659790113568306
2026-08-20 00:26:00,0.15659790113568306
2026-08-20 00:27:00,0.15659790113568306
2026-08-20 00:28:00,0.15659790113568306
2026-08-20 00:29:00,0.15659790113568306
2026-08-20 00:30:00,0.1567409634590149
2026-08-20 00:31:00,0.1567409634590149
2026-08-20 00:32:00,0.1567409634590149
2026-08-20 00:33:00,0.1567409634590149
2026-08-20 00:34:00,0.1567409634590149
2026-08-20 00:35:00,0.15915554389357567
2026-08-20 00:36:00,0.15915554389357567
2026-08-20 00:37:00,0.15915554389357567
2026-08-20 00:38:00,0.15915554389357567
2026-08-20 00:39:00,0.15915554389357567
2026-08-20 00:40:00,0.16316011920571327
2026-08-20 00:41:00,0.16316011920571327
2026-08-20 00:42:00,0.16316011920571327
2026-08-20 00:43:00,0.16316011920571327
2026-08-20 00:44:00,0.16316011920571327
2026-08-20 00:45:00,0.19128666073083878
2026-08-20 00:46:00,0.19128666073083878
2026-08-20 00:47:00,0.19128666073083878
2026-08-20 00:48:00,0.19128666073083878
2026-08-20 00:49:00,0.19128666073083878
2026-08-20 00:50:00,0.21937864646315575
2026-08-20 00:51:00,0.21937864646315575
2026-08-20 00:52:00,0.21937864646315575
2026-08-20 00:53:00,0.21937864646315575
2026-08-20 00:54:00,0.21937864646315575
2026-08-20 00:55:00,0.24711396172642708
2026-08-20 00:56:00,0.24711396172642708
2026-08-20 00:57:00,0.24711396172642708
2026-08-20 00:58:00,0.24711396172642708
2026-08-20 00:59:00,0.24711396172642708
2026-08-20 01:00:00,0.48124195635318756
2026-08-20 01:01:00,0.48124195635318756
2026-08-20 01:02:00,0.48124195635318756
2026-08-20 01:03:00,0.48124195635318756
2026-08-20 01:04:00,0.48124195635318756
2026-08-20 01:05:00,0.6999666541814804
2026-08-20 01:06:00,0.6999666541814804
2026-08-20 01:07:00,0.6999666541814804
2026-08-20 01:08:00,0.6999666541814804
2026-08-20 01:09:00,0.6999666541814804
2026-08-20 01:10:00,0.9156292825937271
2026-08-20 01:11:00,0.9156292825937271
2026-08-20 01:12:00,0.9156292825937271
2026-08-20 01:13:00,0.9156292825937271
2026-08-20 01:14:00,0.9156292825937271
2026-08-20 01:15:00,1.1296570003032684
2026-08-20 01:16:00,1.1296570003032684
2026-08-20 01:17:00,1.1296570003032684
2026-08-20 01:18:00,1.1296570003032684
2026-08-20 01:19:00,1.1296570003032684
2026-08-20 01:20:00,0.9077808111906052
2026-08-20 01:21:00,0.9077808111906052
2026-08-20 01:22:00,0.9077808111906052
2026-08-20 01:23:00,0.9077808111906052
2026-08-20 01:24:00,0.9077808111906052
2026-08-20 01:25:00,0.677730992436409
2026-08-20 01:26:00,0.677730992436409
2026-08-20 01:27:00,0.677730992436409
2026-08-20 01:28:00,0.677730992436409
2026-08-20 01:29:00,0.677730992436409
2026-08-20 01:30:00,0.6619553118944168
2026-08-20 01:31:00,0.6619553118944168
2026-08-20 01:32:00,0.6619553118944168
2026-08-20 01:33:00,0.6619553118944168
2026-08-20 01:34:00,0.6619553118944168
2026-08-20 01:35:00,0.6467395573854446
2026-08-20 01:36:00,0.6467395573854446
2026-08-20 01:37:00,0.6467395573854446
2026-08-20 01:38:00,0.6467395573854446
2026-08-20 01:39:00,0.6467395573854446
2026-08-20 01:40:00,0.8600620329380035
2026-08-20 01:41:00,0.8600620329380035
2026-08-20 01:42:00,0.8600620329380035
2026-08-20 01:43:00,0.8600620329380035
2026-08-20 01:44:00,0.8600620329380035
2026-08-20 01:45:00,1.0725500881671906
2026-08-20 01:46:00,1.0725500881671906
2026-08-20 01:47:00,1.0725500881671906
2026-08-20 01:48:00,1.0725500881671906
2026-08-20 01:49:00,1.0725500881671906
2026-08-20 01:50:00,0.8459879942238331
2026-08-20 01:51:00,0.8459879942238331
2026-08-20 01:52:00,0.8459879942238331
2026-08-20 01:53:00,0.8459879942238331
2026-08-20 01:54:00,0.8459879942238331
2026-08-20 01:55:00,0.6195349097251892
2026-08-20 01:56:00,0.6195349097251892
2026-08-20 01:57:00,0.6195349097251892
2026-08-20 01:58:00,0.6195349097251892
2026-08-20 01:59:00,0.6195349097251892
2026-08-20 02:00:00,0.4134613685309887
2026-08-20 02:01:00,0.4134613685309887
2026-08-20 02:02:00,0.4134613685309887
2026-08-20 02:03:00,0.4134613685309887
2026-08-20 02:04:00,0.4134613685309887
2026-08-20 02:05:00,0.20660565048456192
2026-08-20 02:06:00,0.20660565048456192
2026-08-20 02:07:00,0.20660565048456192
2026-08-20 02:08:00,0.20660565048456192
2026-08-20 02:09:00,0.20660565048456192
2026-08-20 02:10:00,0.22758496180176735
2026-08-20 02:11:00,0.22758496180176735
2026-08-20 02:12:00,0.22758496180176735
2026-08-20 02:13:00,0.22758496180176735
2026-08-20 02:14:00,0.22758496180176735
2026-08-20 02:15:00,0.24882148951292038
2026-08-20 02:16:00,0.24882148951292038
2026-08-20 02:17:00,0.24882148951292038
2026-08-20 02:18:00,0.24882148951292038
2026-08-20 02:19:00,0.24882148951292038
2026-08-20 02:20:00,0.2506546638906002
2026-08-20 02:21:00,0.2506546638906002
2026-08-20 02:22:00,0.2506546638906002
2026-08-20 02:23:00,0.2506546638906002
2026-08-20 02:24:00,0.2506546638906002
2026-08-20 02:25:00,0.25374141335487366
2026-08-20 02:26:00,0.25374141335487366
2026-08-20 02:27:00,0.25374141335487366
2026-08-20 02:28:00,0.25374141335487366
2026-08-20 02:29:00,0.25374141335487366
2026-08-20 02:30:00,0.4340687394142151
2026-08-20 02:31:00,0.4340687394142151
2026-08-20 02:32:00,0.4340687394142151
2026-08-20 02:33:00,0.4340687394142151
2026-08-20 02:34:00,0.4340687394142151
2026-08-20 02:35:00,0.6141766905784607
2026-08-20 02:36:00,0.6141766905784607
2026-08-20 02:37:00,0.6141766905784607
2026-08-20 02:38:00,0.6141766905784607
2026-08-20 02:39:00,0.6141766905784607
2026-08-20 02:40:00,0.7940351665019989
2026-08-20 02:41:00,0.7940351665019989
2026-08-20 02:42:00,0.7940351665019989
2026-08-20 02:43:00,0.7940351665019989
2026-08-20 02:44:00,0.7940351665019989
2026-08-20 02:45:00,0.973512664437294
2026-08-20 02:46:00,0.973512664437294
2026-08-20 02:47:00,0.973512664437294
2026-08-20 02:48:00,0.973512664437294
2026-08-20 02:49:00,0.973512664437294
2026-08-20 02:50:00,0.7961377874016762
2026-08-20 02:51:00,0.7961377874016762
2026-08-20 02:52:00,0.7961377874016762
2026-08-20 02:53:00,0.7961377874016762
2026-08-20 02:54:00,0.7961377874016762
2026-08-20 02:55:00,0.6173302680253983
2026-08-20 02:56:00,0.6173302680253983
2026-08-20 02:57:00,0.6173302680253983
2026-08-20 02:58:00,0.6173302680253983
2026-08-20 02:59:00,0.6173302680253983
2026-08-20 03:00:00,0.43893350660800934
2026-08-20 03:01:00,0.43893350660800934
2026-08-20 03:02:00,0.43893350660800934
2026-08-20 03:03:00,0.43893350660800934
2026-08-20 03:04:00,0.43893350660800934
2026-08-20 03:05:00,0.26179923117160797
2026-08-20 03:06:00,0.26179923117160797
2026-08-20 03:07:00,0.26179923117160797
2026-08-20 03:08:00,0.26179923117160797
2026-08-20 03:09:00,0.26179923117160797
2026-08-20 03:10:00,0.25623228773474693
2026-08-20 03:11:00,0.25623228773474693
2026-08-20 03:12:00,0.25623228773474693
2026-08-20 03:13:00,0.25623228773474693
2026-08-20 03:14:00,0.25623228773474693
2026-08-20 03:15:00,0.43964727595448494
2026-08-20 03:16:00,0.43964727595448494
2026-08-20 03:17:00,0.43964727595448494
2026-08-20 03:18:00,0.43964727595448494
2026-08-20 03:19:00,0.43964727595448494
2026-08-20 03:20:00,0.6225566901266575
2026-08-20 03:21:00,0.6225566901266575
2026-08-20 03:22:00,0.6225566901266575
2026-08-20 03:23:00,0.6225566901266575
2026-08-20 03:24:00,0.6225566901266575
2026-08-20 03:25:00,0.8041675724089146
2026-08-20 03:26:00,0.8041675724089146
2026-08-20 03:27:00,0.8041675724089146
2026-08-20 03:28:00,0.8041675724089146
2026-08-20 03:29:00,0.8041675724089146
2026-08-20 03:30:00,0.9919543713331223
2026-08-20 03:31:00,0.9919543713331223
2026-08-20 03:32:00,0.9919543713331223
2026-08-20 03:33:00,0.9919543713331223
2026-08-20 03:34:00,0.9919543713331223
2026-08-20 03:35:00,0.8066263049840927
2026-08-20 03:36:00,0.8066263049840927
2026-08-20 03:37:00,0.8066263049840927
2026-08-20 03:38:00,0.8066263049840927
2026-08-20 03:39:00,0.8066263049840927
2026-08-20 03:40:00,0.6204293854534626
2026-08-20 03:41:00,0.6204293854534626
2026-08-20 03:42:00,0.6204293854534626
2026-08-20 03:43:00,0.6204293854534626
2026-08-20 03:44:00,0.6204293854534626
2026-08-20 03:45:00,0.43515555933117867
2026-08-20 03:46:00,0.43515555933117867
2026-08-20 03:47:00,0.43515555933117867
2026-08-20 03:48:00,0.43515555933117867
2026-08-20 03:49:00,0.43515555933117867
2026-08-20 03:50:00,0.24918585270643234
2026-08-20 03:51:00,0.24918585270643234
2026-08-20 03:52:00,0.24918585270643234
2026-08-20 03:53:00,0.24918585270643234
2026-08-20 03:54:00,0.24918585270643234
2026-08-20 03:55:00,0.24942196905612946
2026-08-20 03:56:00,0.24942196905612946
2026-08-20 03:57:00,0.24942196905612946
2026-08-20 03:58:00,0.24942196905612946
2026-08-20 03:59:00,0.24942196905612946
2026-08-20 04:00:00,0.24939461797475815
2026-08-20 04:01:00,0.24939461797475815
2026-08-20 04:02:00,0.24939461797475815
2026-08-20 04:03:00,0.24939461797475815
2026-08-20 04:04:00,0.24939461797475815
2026-08-20 04:05:00,0.3627846911549568
2026-08-20 04:06:00,0.3627846911549568
2026-08-20 04:07:00,0.3627846911549568
2026-08-20 04:08:00,0.3627846911549568
2026-08-20 04:09:00,0.3627846911549568
2026-08-20 04:10:00,0.4772992171347141
2026-08-20 04:11:00,0.4772992171347141
2026-08-20 04:12:00,0.4772992171347141
2026-08-20 04:13:00,0.4772992171347141
2026-08-20 04:14:00,0.4772992171347141
2026-08-20 04:15:00,0.588629525154829
2026-08-20 04:16:00,0.588629525154829
2026-08-20 04:17:00,0.588629525154829
2026-08-20 04:18:00,0.588629525154829
2026-08-20 04:19:00,0.588629525154829
2026-08-20 04:20:00,0.7014537304639816
2026-08-20 04:21:00,0.7014537304639816
2026-08-20 04:22:00,0.7014537304639816
2026-08-20 04:23:00,0.7014537304639816
2026-08-20 04:24:00,0.7014537304639816
2026-08-20 04:25:00,0.5862471871078014
2026-08-20 04:26:00,0.5862471871078014
2026-08-20 04:27:00,0.5862471871078014
2026-08-20 04:28:00,0.5862471871078014
2026-08-20 04:29:00,0.5862471871078014
2026-08-20 04:30:00,0.46912192553281784
2026-08-20 04:31:00,0.46912192553281784
2026-08-20 04:32:00,0.46912192553281784
2026-08-20 04:33:00,0.46912192553281784
2026-08-20 04:34:00,0.46912192553281784
2026-08-20 04:35:00,0.32738448679447174
2026-08-20 04:36:00,0.32738448679447174
2026-08-20 04:37:00,0.32738448679447174
2026-08-20 04:38:00,0.32738448679447174
2026-08-20 04:39:00,0.32738448679447174
2026-08-20 04:40:00,0.18575910106301308
2026-08-20 04:41:00,0.18575910106301308
2026-08-20 04:42:00,0.18575910106301308
2026-08-20 04:43:00,0.18575910106301308
2026-08-20 04:44:00,0.18575910106301308
2026-08-20 04:45:00,0.15817531198263168
2026-08-20 04:46:00,0.15817531198263168
2026-08-20 04:47:00,0.15817531198263168
2026-08-20 04:48:00,0.15817531198263168
2026-08-20 04:49:00,0.15817531198263168
2026-08-20 04:50:00,0.13225867971777916
2026-08-20 04:51:00,0.13225867971777916
2026-08-20 04:52:00,0.13225867971777916
2026-08-20 04:53:00,0.13225867971777916
2026-08-20 04:54:00,0.13225867971777916
2026-08-20 04:55:00,0.13269896432757378
2026-08-20 04:56:00,0.13269896432757378
2026-08-20 04:57:00,0.13269896432757378
2026-08-20 04:58:00,0.13269896432757378
2026-08-20 04:59:00,0.13269896432757378
2026-08-20 05:00:00,0.1307831760495901
2026-08-20 05:01:00,0.1307831760495901
2026-08-20 05:02:00,0.1307831760495901
2026-08-20 05:03:00,0.1307831760495901
2026-08-20 05:04:00,0.1307831760495901
2026-08-20 05:05:00,0.1290323454886675
2026-08-20 05:06:00,0.1290323454886675
2026-08-20 05:07:00,0.1290323454886675
2026-08-20 05:08:00,0.1290323454886675
2026-08-20 05:09:00,0.1290323454886675
2026-08-20 05:10:00,0.3793723154813051
2026-08-20 05:11:00,0.3793723154813051
2026-08-20 05:12:00,0.3793723154813051
2026-08-20 05:13:00,0.3793723154813051
2026-08-20 05:14:00,0.3793723154813051
2026-08-20 05:15:00,0.629862317815423
2026-08-20 05:16:00,0.629862317815423
2026-08-20 05:17:00,0.629862317815423
2026-08-20 05:18:00,0.629862317815423
2026-08-20 05:19:00,0.629862317815423
2026-08-20 05:20:00,0.8820107989013195
2026-08-20 05:21:00,0.8820107989013195
2026-08-20 05:22:00,0.8820107989013195
2026-08-20 05:23:00,0.8820107989013195
2026-08-20 05:24:00,0.8820107989013195
2026-08-20 05:25:00,1.1394094228744507
2026-08-20 05:26:00,1.1394094228744507
2026-08-20 05:27:00,1.1394094228744507
2026-08-20 05:28:00,1.1394094228744507
2026-08-20 05:29:00,1.1394094228744507
2026-08-20 05:30:00,0.8943499475717545
2026-08-20 05:31:00,0.8943499475717545
2026-08-20 05:32:00,0.8943499475717545
2026-08-20 05:33:00,0.8943499475717545
2026-08-20 05:34:00,0.8943499475717545
2026-08-20 05:35:00,0.64994016289711
2026-08-20 05:36:00,0.64994016289711
2026-08-20 05:37:00,0.64994016289711
2026-08-20 05:38:00,0.64994016289711
2026-08-20 05:39:00,0.64994016289711
2026-08-20 05:40:00,0.40629737824201584
2026-08-20 05:41:00,0.40629737824201584
2026-08-20 05:42:00,0.40629737824201584
2026-08-20 05:43:00,0.40629737824201584
2026-08-20 05:44:00,0.40629737824201584
2026-08-20 05:45:00,0.15633971244096756
2026-08-20 05:46:00,0.15633971244096756
2026-08-20 05:47:00,0.15633971244096756
2026-08-20 05:48:00,0.15633971244096756
2026-08-20 05:49:00,0.15633971244096756
2026-08-20 05:50:00,0.4438055083155632
2026-08-20 05:51:00,0.4438055083155632
2026-08-20 05:52:00,0.4438055083155632
2026-08-20 05:53:00,0.4438055083155632
2026-08-20 05:54:00,0.4438055083155632
2026-08-20 05:55:00,0.7311109974980354
2026-08-20 05:56:00,0.7311109974980354
2026-08-20 05:57:00,0.7311109974980354
2026-08-20 05:58:00,0.7311109974980354
2026-08-20 05:59:00,0.7311109974980354
2026-08-20 06:00:00,0.9632127732038498
2026-08-20 06:01:00,0.9632127732038498
2026-08-20 06:02:00,0.9632127732038498
2026-08-20 06:03:00,0.9632127732038498
2026-08-20 06:04:00,0.9632127732038498
2026-08-20 06:05:00,1.1959085762500763
2026-08-20 06:06:00,1.1959085762500763
2026-08-20 06:07:00,1.1959085762500763
2026-08-20 06:08:00,1.1959085762500763
2026-08-20 06:09:00,1.1959085762500763
2026-08-20 06:10:00,1.1143686473369598
2026-08-20 06:11:00,1.1143686473369598
2026-08-20 06:12:00,1.1143686473369598
2026-08-20 06:13:00,1.1143686473369598
2026-08-20 06:14:00,1.1143686473369598
2026-08-20 06:15:00,1.03279247879982
2026-08-20 06:16:00,1.03279247879982
2026-08-20 06:17:00,1.03279247879982
2026-08-20 06:18:00,1.03279247879982
2026-08-20 06:19:00,1.03279247879982
2026-08-20 06:20:00,0.9924876540899277
2026-08-20 06:21:00,0.9924876540899277
2026-08-20 06:22:00,0.9924876540899277
2026-08-20 06:23:00,0.9924876540899277
2026-08-20 06:24:00,0.9924876540899277
2026-08-20 06:25:00,0.9525252133607864
2026-08-20 06:26:00,0.9525252133607864
2026-08-20 06:27:00,0.9525252133607864
2026-08-20 06:28:00,0.9525252133607864
2026-08-20 06:29:00,0.9525252133607864
2026-08-20 06:30:00,0.990451380610466
2026-08-20 06:31:00,0.990451380610466
2026-08-20 06:32:00,0.990451380610466
2026-08-20 06:33:00,0.990451380610466
2026-08-20 06:34:00,0.990451380610466
2026-08-20 06:35:00,1.0225138515233994
2026-08-20 06:36:00,1.0225138515233994
2026-08-20 06:37:00,1.0225138515233994
2026-08-20 06:38:00,1.0225138515233994
2026-08-20 06:39:00,1.0225138515233994
2026-08-20 06:40:00,0.8645185008645058
2026-08-20 06:41:00,0.8645185008645058
2026-08-20 06:42:00,0.8645185008645058
2026-08-20 06:43:00,0.8645185008645058
2026-08-20 06:44:00,0.8645185008645058
2026-08-20 06:45:00,0.8306639418005943
2026-08-20 06:46:00,0.8306639418005943
2026-08-20 06:47:00,0.8306639418005943
2026-08-20 06:48:00,0.8306639418005943
2026-08-20 06:49:00,0.8306639418005943
2026-08-20 06:50:00,0.7453185990452766
2026-08-20 06:51:00,0.7453185990452766
2026-08-20 06:52:00,0.7453185990452766
2026-08-20 06:53:00,0.7453185990452766
2026-08-20 06:54:00,0.7453185990452766
2026-08-20 06:55:00,0.6665254607796669
2026-08-20 06:56:00,0.6665254607796669
2026-08-20 06:57:00,0.6665254607796669
2026-08-20 06:58:00,0.6665254607796669
2026-08-20 06:59:00,0.6665254607796669
2026-08-20 07:00:00,0.8321638405323029
2026-08-20 07:01:00,0.8321638405323029
2026-08-20 07:02:00,0.8321638405323029
2026-08-20 07:03:00,0.8321638405323029
2026-08-20 07:04:00,0.8321638405323029
2026-08-20 07:05:00,0.8711962103843689
2026-08-20 07:06:00,0.8711962103843689
2026-08-20 07:07:00,0.8711962103843689
2026-08-20 07:08:00,0.8711962103843689
2026-08-20 07:09:00,0.8711962103843689
2026-08-20 07:10:00,0.9111974239349365
2026-08-20 07:11:00,0.9111974239349365
2026-08-20 07:12:00,0.9111974239349365
2026-08-20 07:13:00,0.9111974239349365
2026-08-20 07:14:00,0.9111974239349365
2026-08-20 07:15:00,0.9503070712089539
2026-08-20 07:16:00,0.9503070712089539
2026-08-20 07:17:00,0.9503070712089539
2026-08-20 07:18:00,0.9503070712089539
2026-08-20 07:19:00,0.9503070712089539
2026-08-20 07:20:00,0.7802451848983765
2026-08-20 07:21:00,0.7802451848983765
2026-08-20 07:22:00,0.7802451848983765
2026-08-20 07:23:00,0.7802451848983765
2026-08-20 07:24:00,0.7802451848983765
2026-08-20 07:25:00,0.6128080114722252
2026-08-20 07:26:00,0.6128080114722252
2026-08-20 07:27:00,0.6128080114722252
2026-08-20 07:28:00,0.6128080114722252
2026-08-20 07:29:00,0.6128080114722252
2026-08-20 07:30:00,0.4399281218647957
2026-08-20 07:31:00,0.4399281218647957
2026-08-20 07:32:00,0.4399281218647957
2026-08-20 07:33:00,0.4399281218647957
2026-08-20 07:34:00,0.4399281218647957
2026-08-20 07:35:00,0.26644858717918396
2026-08-20 07:36:00,0.26644858717918396
2026-08-20 07:37:00,0.26644858717918396
2026-08-20 07:38:00,0.26644858717918396
2026-08-20 07:39:00,0.26644858717918396
2026-08-20 07:40:00,0.2581277899444103
2026-08-20 07:41:00,0.2581277899444103
2026-08-20 07:42:00,0.2581277899444103
2026-08-20 07:43:00,0.2581277899444103
2026-08-20 07:44:00,0.2581277899444103
2026-08-20 07:45:00,0.248480636626482
2026-08-20 07:46:00,0.248480636626482
2026-08-20 07:47:00,0.248480636626482
2026-08-20 07:48:00,0.248480636626482
2026-08-20 07:49:00,0.248480636626482
2026-08-20 07:50:00,0.24326252192258835
2026-08-20 07:51:00,0.24326252192258835
2026-08-20 07:52:00,0.24326252192258835
2026-08-20 07:53:00,0.24326252192258835
2026-08-20 07:54:00,0.24326252192258835
2026-08-20 07:55:00,0.23943020030856133
2026-08-20 07:56:00,0.23943020030856133
2026-08-20 07:57:00,0.23943020030856133
2026-08-20 07:58:00,0.23943020030856133
2026-08-20 07:59:00,0.23943020030856133
2026-08-20 08:00:00,0.23673968389630318
2026-08-20 08:01:00,0.23673968389630318
2026-08-20 08:02:00,0.23673968389630318
2026-08-20 08:03:00,0.23673968389630318
2026-08-20 08:04:00,0.23673968389630318
2026-08-20 08:05:00,0.23572907596826553
2026-08-20 08:06:00,0.23572907596826553
2026-08-20 08:07:00,0.23572907596826553
2026-08-20 08:08:00,0.23572907596826553
2026-08-20 08:09:00,0.23572907596826553
2026-08-20 08:10:00,0.23504269868135452
2026-08-20 08:11:00,0.23504269868135452
2026-08-20 08:12:00,0.23504269868135452
2026-08-20 08:13:00,0.23504269868135452
2026-08-20 08:14:00,0.23504269868135452
2026-08-20 08:15:00,0.23280711099505424
2026-08-20 08:16:00,0.23280711099505424
2026-08-20 08:17:00,0.23280711099505424
2026-08-20 08:18:00,0.23280711099505424
2026-08-20 08:19:00,0.23280711099505424
2026-08-20 08:20:00,0.19258824363350868
2026-08-20 08:21:00,0.19258824363350868
2026-08-20 08:22:00,0.19258824363350868
2026-08-20 08:23:00,0.19258824363350868
2026-08-20 08:24:00,0.19258824363350868
2026-08-20 08:25:00,0.1506330966949463
2026-08-20 08:26:00,0.1506330966949463
2026-08-20 08:27:00,0.1506330966949463
2026-08-20 08:28:00,0.1506330966949463
2026-08-20 08:29:00,0.1506330966949463
2026-08-20 08:30:00,0.22277658805251122
2026-08-20 08:31:00,0.22277658805251122
2026-08-20 08:32:00,0.22277658805251122
2026-08-20 08:33:00,0.22277658805251122
2026-08-20 08:34:00,0.22277658805251122
2026-08-20 08:35:00,0.4204222075641155
2026-08-20 08:36:00,0.4204222075641155
2026-08-20 08:37:00,0.4204222075641155
2026-08-20 08:38:00,0.4204222075641155
2026-08-20 08:39:00,0.4204222075641155
2026-08-20 08:40:00,0.6575364470481873
2026-08-20 08:41:00,0.6575364470481873
2026-08-20 08:42:00,0.6575364470481873
2026-08-20 08:43:00,0.6575364470481873
2026-08-20 08:44:00,0.6575364470481873
2026-08-20 08:45:00,0.8948045074939728
2026-08-20 08:46:00,0.8948045074939728
2026-08-20 08:47:00,0.8948045074939728
2026-08-20 08:48:00,0.8948045074939728
2026-08-20 08:49:00,0.8948045074939728
2026-08-20 08:50:00,1.029003530740738
2026-08-20 08:51:00,1.029003530740738
2026-08-20 08:52:00,1.029003530740738
2026-08-20 08:53:00,1.029003530740738
2026-08-20 08:54:00,1.029003530740738
2026-08-20 08:55:00,0.8191236965358257
2026-08-20 08:56:00,0.8191236965358257
2026-08-20 08:57:00,0.8191236965358257
2026-08-20 08:58:00,0.8191236965358257
2026-08-20 08:59:00,0.8191236965358257
2026-08-20 09:00:00,0.6087629571557045
2026-08-20 09:01:00,0.6087629571557045
2026-08-20 09:02:00,0.6087629571557045
2026-08-20 09:03:00,0.6087629571557045
2026-08-20 09:04:00,0.6087629571557045
2026-08-20 09:05:00,0.39939333498477936
2026-08-20 09:06:00,0.39939333498477936
2026-08-20 09:07:00,0.39939333498477936
2026-08-20 09:08:00,0.39939333498477936
2026-08-20 09:09:00,0.39939333498477936
2026-08-20 09:10:00,0.18002862483263016
2026-08-20 09:11:00,0.18002862483263016
2026-08-20 09:12:00,0.18002862483263016
2026-08-20 09:13:00,0.18002862483263016
2026-08-20 09:14:00,0.18002862483263016
2026-08-20 09:15:00,0.18048199638724327
2026-08-20 09:16:00,0.18048199638724327
2026-08-20 09:17:00,0.18048199638724327
2026-08-20 09:18:00,0.18048199638724327
2026-08-20 09:19:00,0.18048199638724327
2026-08-20 09:20:00,0.18114685639739037
2026-08-20 09:21:00,0.18114685639739037
2026-08-20 09:22:00,0.18114685639739037
2026-08-20 09:23:00,0.18114685639739037
2026-08-20 09:24:00,0.18114685639739037
2026-08-20 09:25:00,0.1807093657553196
2026-08-20 09:26:00,0.1807093657553196
2026-08-20 09:27:00,0.1807093657553196
2026-08-20 09:28:00,0.1807093657553196
2026-08-20 09:29:00,0.1807093657553196
2026-08-20 09:30:00,0.1778024211525917
2026-08-20 09:31:00,0.1778024211525917
2026-08-20 09:32:00,0.1778024211525917
2026-08-20 09:33:00,0.1778024211525917
2026-08-20 09:34:00,0.1778024211525917
2026-08-20 09:35:00,0.17515714466571808
2026-08-20 09:36:00,0.17515714466571808
2026-08-20 09:37:00,0.17515714466571808
2026-08-20 09:38:00,0.17515714466571808
2026-08-20 09:39:00,0.17515714466571808
2026-08-20 09:40:00,0.17289762943983078
2026-08-20 09:41:00,0.17289762943983078
2026-08-20 09:42:00,0.17289762943983078
2026-08-20 09:43:00,0.17289762943983078
2026-08-20 09:44:00,0.17289762943983078
2026-08-20 09:45:00,0.17200931906700134
2026-08-20 09:46:00,0.17200931906700134
2026-08-20 09:47:00,0.17200931906700134
2026-08-20 09:48:00,0.17200931906700134
2026-08-20 09:49:00,0.17200931906700134
2026-08-20 09:50:00,0.16896069049835205
2026-08-20 09:51:00,0.16896069049835205
2026-08-20 09:52:00,0.16896069049835205
2026-08-20 09:53:00,0.16896069049835205
2026-08-20 09:54:00,0.16896069049835205
2026-08-20 09:55:00,0.14822534658014774
2026-08-20 09:56:00,0.14822534658014774
2026-08-20 09:57:00,0.14822534658014774
2026-08-20 09:58:00,0.14822534658014774
2026-08-20 09:59:00,0.14822534658014774
2026-08-20 10:00:00,0.13059088215231895
2026-08-20 10:01:00,0.13059088215231895
2026-08-20 10:02:00,0.13059088215231895
2026-08-20 10:03:00,0.13059088215231895
2026-08-20 10:04:00,0.13059088215231895
2026-08-20 10:05:00,0.11183914728462696
2026-08-20 10:06:00,0.11183914728462696
2026-08-20 10:07:00,0.11183914728462696
2026-08-20 10:08:00,0.11183914728462696
2026-08-20 10:09:00,0.11183914728462696
2026-08-20 10:10:00,0.09565077163279057
2026-08-20 10:11:00,0.09565077163279057
2026-08-20 10:12:00,0.09565077163279057
2026-08-20 10:13:00,0.09565077163279057
2026-08-20 10:14:00,0.09565077163279057
2026-08-20 10:15:00,0.09303838573396206
2026-08-20 10:16:00,0.09303838573396206
2026-08-20 10:17:00,0.09303838573396206
2026-08-20 10:18:00,0.09303838573396206
2026-08-20 10:19:00,0.09303838573396206
2026-08-20 10:20:00,0.08655806444585323
2026-08-20 10:21:00,0.08655806444585323
2026-08-20 10:22:00,0.08655806444585323
2026-08-20 10:23:00,0.08655806444585323
2026-08-20 10:24:00,0.08655806444585323
2026-08-20 10:25:00,0.07997376285493374
2026-08-20 10:26:00,0.07997376285493374
2026-08-20 10:27:00,0.07997376285493374
2026-08-20 10:28:00,0.07997376285493374
2026-08-20 10:29:00,0.07997376285493374
2026-08-20 10:30:00,0.072799326851964
2026-08-20 10:31:00,0.072799326851964
2026-08-20 10:32:00,0.072799326851964
2026-08-20 10:33:00,0.072799326851964
2026-08-20 10:34:00,0.072799326851964
2026-08-20 10:35:00,0.06996023841202259
2026-08-20 10:36:00,0.06996023841202259
2026-08-20 10:37:00,0.06996023841202259
2026-08-20 10:38:00,0.06996023841202259
2026-08-20 10:39:00,0.06996023841202259
2026-08-20 10:40:00,0.06905102916061878
2026-08-20 10:41:00,0.06905102916061878
2026-08-20 10:42:00,0.06905102916061878
2026-08-20 10:43:00,0.06905102916061878
2026-08-20 10:44:00,0.06905102916061878
2026-08-20 10:45:00,0.07049515098333359
2026-08-20 10:46:00,0.07049515098333359
2026-08-20 10:47:00,0.07049515098333359
2026-08-20 10:48:00,0.07049515098333359
2026-08-20 10:49:00,0.07049515098333359
2026-08-20 10:50:00,0.0760362446308136
2026-08-20 10:51:00,0.0760362446308136
2026-08-20 10:52:00,0.0760362446308136
2026-08-20 10:53:00,0.0760362446308136
2026-08-20 10:54:00,0.0760362446308136
2026-08-20 10:55:00,0.07954751141369343
2026-08-20 10:56:00,0.07954751141369343
2026-08-20 10:57:00,0.07954751141369343
2026-08-20 10:58:00,0.07954751141369343
2026-08-20 10:59:00,0.07954751141369343
2026-08-20 11:00:00,0.08135460503399372
2026-08-20 11:01:00,0.08135460503399372
2026-08-20 11:02:00,0.08135460503399372
2026-08-20 11:03:00,0.08135460503399372
2026-08-20 11:04:00,0.08135460503399372
2026-08-20 11:05:00,0.3181458245962858
2026-08-20 11:06:00,0.3181458245962858
2026-08-20 11:07:00,0.3181458245962858
2026-08-20 11:08:00,0.3181458245962858
2026-08-20 11:09:00,0.3181458245962858
2026-08-20 11:10:00,0.5527188833802938
2026-08-20 11:11:00,0.5527188833802938
2026-08-20 11:12:00,0.5527188833802938
2026-08-20 11:13:00,0.5527188833802938
2026-08-20 11:14:00,0.5527188833802938
2026-08-20 11:15:00,0.8047798033803701
2026-08-20 11:16:00,0.8047798033803701
2026-08-20 11:17:00,0.8047798033803701
2026-08-20 11:18:00,0.8047798033803701
2026-08-20 11:19:00,0.8047798033803701
2026-08-20 11:20:00,1.0574646890163422
2026-08-20 11:21:00,1.0574646890163422
2026-08-20 11:22:00,1.0574646890163422
2026-08-20 11:23:00,1.0574646890163422
2026-08-20 11:24:00,1.0574646890163422
2026-08-20 11:25:00,1.0230923295021057
2026-08-20 11:26:00,1.0230923295021057
2026-08-20 11:27:00,1.0230923295021057
2026-08-20 11:28:00,1.0230923295021057
2026-08-20 11:29:00,1.0230923295021057
2026-08-20 11:30:00,0.9889092743396759
2026-08-20 11:31:00,0.9889092743396759
2026-08-20 11:32:00,0.9889092743396759
2026-08-20 11:33:00,0.9889092743396759
2026-08-20 11:34:00,0.9889092743396759
2026-08-20 11:35:00,0.9287976920604706
2026-08-20 11:36:00,0.9287976920604706
2026-08-20 11:37:00,0.9287976920604706
2026-08-20 11:38:00,0.9287976920604706
2026-08-20 11:39:00,0.9287976920604706
2026-08-20 11:40:00,0.8688248842954636
2026-08-20 11:41:00,0.8688248842954636
2026-08-20 11:42:00,0.8688248842954636
2026-08-20 11:43:00,0.8688248842954636
2026-08-20 11:44:00,0.8688248842954636
2026-08-20 11:45:00,0.8635378479957581
2026-08-20 11:46:00,0.8635378479957581
2026-08-20 11:47:00,0.8635378479957581
2026-08-20 11:48:00,0.8635378479957581
2026-08-20 11:49:00,0.8635378479957581
2026-08-20 11:50:00,0.8576358705759048
2026-08-20 11:51:00,0.8576358705759048
2026-08-20 11:52:00,0.8576358705759048
2026-08-20 11:53:00,0.8576358705759048
2026-08-20 11:54:00,0.8576358705759048
2026-08-20 11:55:00,0.8618440330028534
2026-08-20 11:56:00,0.8618440330028534
2026-08-20 11:57:00,0.8618440330028534
2026-08-20 11:58:00,0.8618440330028534
2026-08-20 11:59:00,0.8618440330028534
2026-08-20 12:00:00,0.8660649508237839
2026-08-20 12:01:00,0.8660649508237839
2026-08-20 12:02:00,0.8660649508237839
2026-08-20 12:03:00,0.8660649508237839
2026-08-20 12:04:00,0.8660649508237839
2026-08-20 12:05:00,0.8964246511459351
2026-08-20 12:06:00,0.8964246511459351
2026-08-20 12:07:00,0.8964246511459351
2026-08-20 12:08:00,0.8964246511459351
2026-08-20 12:09:00,0.8964246511459351
2026-08-20 12:10:00,0.9272680431604385
2026-08-20 12:11:00,0.9272680431604385
2026-08-20 12:12:00,0.9272680431604385
2026-08-20 12:13:00,0.9272680431604385
2026-08-20 12:14:00,0.9272680431604385
2026-08-20 12:15:00,0.9577327072620392
2026-08-20 12:16:00,0.9577327072620392
2026-08-20 12:17:00,0.9577327072620392
2026-08-20 12:18:00,0.9577327072620392
2026-08-20 12:19:00,0.9577327072620392
2026-08-20 12:20:00,0.9882318079471588
2026-08-20 12:21:00,0.9882318079471588
2026-08-20 12:22:00,0.9882318079471588
2026-08-20 12:23:00,0.9882318079471588
2026-08-20 12:24:00,0.9882318079471588
2026-08-20 12:25:00,0.8047656342387199
2026-08-20 12:26:00,0.8047656342387199
2026-08-20 12:27:00,0.8047656342387199
2026-08-20 12:28:00,0.8047656342387199
2026-08-20 12:29:00,0.8047656342387199
2026-08-20 12:30:00,0.6220983788371086
2026-08-20 12:31:00,0.6220983788371086
2026-08-20 12:32:00,0.6220983788371086
2026-08-20 12:33:00,0.6220983788371086
2026-08-20 12:34:00,0.6220983788371086
2026-08-20 12:35:00,0.43717605248093605
2026-08-20 12:36:00,0.43717605248093605
2026-08-20 12:37:00,0.43717605248093605
2026-08-20 12:38:00,0.43717605248093605
2026-08-20 12:39:00,0.43717605248093605
2026-08-20 12:40:00,0.25294801965355873
2026-08-20 12:41:00,0.25294801965355873
2026-08-20 12:42:00,0.25294801965355873
2026-08-20 12:43:00,0.25294801965355873
2026-08-20 12:44:00,0.25294801965355873
2026-08-20 12:45:00,0.2518433779478073
2026-08-20 12:46:00,0.2518433779478073
2026-08-20 12:47:00,0.2518433779478073
2026-08-20 12:48:00,0.2518433779478073
2026-08-20 12:49:00,0.2518433779478073
2026-08-20 12:50:00,0.24997597187757492
2026-08-20 12:51:00,0.24997597187757492
2026-08-20 12:52:00,0.24997597187757492
2026-08-20 12:53:00,0.24997597187757492
2026-08-20 12:54:00,0.24997597187757492
2026-08-20 12:55:00,0.25084635242819786
2026-08-20 12:56:00,0.25084635242819786
2026-08-20 12:57:00,0.25084635242819786
2026-08-20 12:58:00,0.25084635242819786
2026-08-20 12:59:00,0.25084635242819786
2026-08-20 13:00:00,0.25085004046559334
2026-08-20 13:01:00,0.25085004046559334
2026-08-20 13:02:00,0.25085004046559334
2026-08-20 13:03:00,0.25085004046559334
2026-08-20 13:04:00,0.25085004046559334
2026-08-20 13:05:00,0.2492646500468254
2026-08-20 13:06:00,0.2492646500468254
2026-08-20 13:07:00,0.2492646500468254
2026-08-20 13:08:00,0.2492646500468254
2026-08-20 13:09:00,0.2492646500468254
2026-08-20 13:10:00,0.3599116951227188
2026-08-20 13:11:00,0.3599116951227188
2026-08-20 13:12:00,0.3599116951227188
2026-08-20 13:13:00,0.3599116951227188
2026-08-20 13:14:00,0.3599116951227188
2026-08-20 13:15:00,0.47302059829235077
2026-08-20 13:16:00,0.47302059829235077
2026-08-20 13:17:00,0.47302059829235077
2026-08-20 13:18:00,0.47302059829235077
2026-08-20 13:19:00,0.47302059829235077
2026-08-20 13:20:00,0.5848800167441368
2026-08-20 13:21:00,0.5848800167441368
2026-08-20 13:22:00,0.5848800167441368
2026-08-20 13:23:00,0.5848800167441368
2026-08-20 13:24:00,0.5848800167441368
2026-08-20 13:25:00,0.71879443526268
2026-08-20 13:26:00,0.71879443526268
2026-08-20 13:27:00,0.71879443526268
2026-08-20 13:28:00,0.71879443526268
2026-08-20 13:29:00,0.71879443526268
2026-08-20 13:30:00,0.5782118104398251
2026-08-20 13:31:00,0.5782118104398251
2026-08-20 13:32:00,0.5782118104398251
2026-08-20 13:33:00,0.5782118104398251
2026-08-20 13:34:00,0.5782118104398251
2026-08-20 13:35:00,0.43347371369600296
2026-08-20 13:36:00,0.43347371369600296
2026-08-20 13:37:00,0.43347371369600296
2026-08-20 13:38:00,0.43347371369600296
2026-08-20 13:39:00,0.43347371369600296
2026-08-20 13:40:00,0.2908482365310192
2026-08-20 13:41:00,0.2908482365310192
2026-08-20 13:42:00,0.2908482365310192
2026-08-20 13:43:00,0.2908482365310192
2026-08-20 13:44:00,0.2908482365310192
2026-08-20 13:45:00,0.13605894148349762
2026-08-20 13:46:00,0.13605894148349762
2026-08-20 13:47:00,0.13605894148349762
2026-08-20 13:48:00,0.13605894148349762
2026-08-20 13:49:00,0.13605894148349762
2026-08-20 13:50:00,0.14574051275849342
2026-08-20 13:51:00,0.14574051275849342
2026-08-20 13:52:00,0.14574051275849342
2026-08-20 13:53:00,0.14574051275849342
2026-08-20 13:54:00,0.14574051275849342
2026-08-20 13:55:00,0.40685219317674637
2026-08-20 13:56:00,0.40685219317674637
2026-08-20 13:57:00,0.40685219317674637
2026-08-20 13:58:00,0.40685219317674637
2026-08-20 13:59:00,0.40685219317674637
2026-08-20 14:00:00,0.6676739193499088
2026-08-20 14:01:00,0.6676739193499088
2026-08-20 14:02:00,0.6676739193499088
2026-08-20 14:03:00,0.6676739193499088
2026-08-20 14:04:00,0.6676739193499088
2026-08-20 14:05:00,0.920889213681221
2026-08-20 14:06:00,0.920889213681221
2026-08-20 14:07:00,0.920889213681221
2026-08-20 14:08:00,0.920889213681221
2026-08-20 14:09:00,0.920889213681221
2026-08-20 14:10:00,1.172581970691681
2026-08-20 14:11:00,1.172581970691681
2026-08-20 14:12:00,1.172581970691681
2026-08-20 14:13:00,1.172581970691681
2026-08-20 14:14:00,1.172581970691681
2026-08-20 14:15:00,0.9203112572431564
2026-08-20 14:16:00,0.9203112572431564
2026-08-20 14:17:00,0.9203112572431564
2026-08-20 14:18:00,0.9203112572431564
2026-08-20 14:19:00,0.9203112572431564
2026-08-20 14:20:00,0.6652692183852196
2026-08-20 14:21:00,0.6652692183852196
2026-08-20 14:22:00,0.6652692183852196
2026-08-20 14:23:00,0.6652692183852196
2026-08-20 14:24:00,0.6652692183852196
2026-08-20 14:25:00,0.408702053129673
2026-08-20 14:26:00,0.408702053129673
2026-08-20 14:27:00,0.408702053129673
2026-08-20 14:28:00,0.408702053129673
2026-08-20 14:29:00,0.408702053129673
2026-08-20 14:30:00,0.1519222855567932
2026-08-20 14:31:00,0.1519222855567932
2026-08-20 14:32:00,0.1519222855567932
2026-08-20 14:33:00,0.1519222855567932
2026-08-20 14:34:00,0.1519222855567932
2026-08-20 14:35:00,0.14959759637713432
2026-08-20 14:36:00,0.14959759637713432
2026-08-20 14:37:00,0.14959759637713432
2026-08-20 14:38:00,0.14959759637713432
2026-08-20 14:39:00,0.14959759637713432
2026-08-20 14:40:00,0.14919188246130943
2026-08-20 14:41:00,0.14919188246130943
2026-08-20 14:42:00,0.14919188246130943
2026-08-20 14:43:00,0.14919188246130943
2026-08-20 14:44:00,0.14919188246130943
2026-08-20 14:45:00,0.1501900553703308
2026-08-20 14:46:00,0.1501900553703308
2026-08-20 14:47:00,0.1501900553703308
2026-08-20 14:48:00,0.1501900553703308
2026-08-20 14:49:00,0.1501900553703308
2026-08-20 14:50:00,0.14987578243017197
2026-08-20 14:51:00,0.14987578243017197
2026-08-20 14:52:00,0.14987578243017197
2026-08-20 14:53:00,0.14987578243017197
2026-08-20 14:54:00,0.14987578243017197
2026-08-20 14:55:00,0.36774077638983727
2026-08-20 14:56:00,0.36774077638983727
2026-08-20 14:57:00,0.36774077638983727
2026-08-20 14:58:00,0.36774077638983727
2026-08-20 14:59:00,0.36774077638983727
2026-08-20 15:00:00,0.5863391198217869
2026-08-20 15:01:00,0.5863391198217869
2026-08-20 15:02:00,0.5863391198217869
2026-08-20 15:03:00,0.5863391198217869
2026-08-20 15:04:00,0.5863391198217869
2026-08-20 15:05:00,0.8048289269208908
2026-08-20 15:06:00,0.8048289269208908
2026-08-20 15:07:00,0.8048289269208908
2026-08-20 15:08:00,0.8048289269208908
2026-08-20 15:09:00,0.8048289269208908
2026-08-20 15:10:00,1.0241340398788452
2026-08-20 15:11:00,1.0241340398788452
2026-08-20 15:12:00,1.0241340398788452
2026-08-20 15:13:00,1.0241340398788452
2026-08-20 15:14:00,1.0241340398788452
2026-08-20 15:15:00,0.8069334998726845
2026-08-20 15:16:00,0.8069334998726845
2026-08-20 15:17:00,0.8069334998726845
2026-08-20 15:18:00,0.8069334998726845
2026-08-20 15:19:00,0.8069334998726845
2026-08-20 15:20:00,0.5898761078715324
2026-08-20 15:21:00,0.5898761078715324
2026-08-20 15:22:00,0.5898761078715324
2026-08-20 15:23:00,0.5898761078715324
2026-08-20 15:24:00,0.5898761078715324
2026-08-20 15:25:00,0.49509235471487045
2026-08-20 15:26:00,0.49509235471487045
2026-08-20 15:27:00,0.49509235471487045
2026-08-20 15:28:00,0.49509235471487045
2026-08-20 15:29:00,0.49509235471487045
2026-08-20 15:30:00,0.40723390132188797
2026-08-20 15:31:00,0.40723390132188797
2026-08-20 15:32:00,0.40723390132188797
2026-08-20 15:33:00,0.40723390132188797
2026-08-20 15:34:00,0.40723390132188797
2026-08-20 15:35:00,0.5353121608495712
2026-08-20 15:36:00,0.5353121608495712
2026-08-20 15:37:00,0.5353121608495712
2026-08-20 15:38:00,0.5353121608495712
2026-08-20 15:39:00,0.5353121608495712
2026-08-20 15:40:00,0.663915678858757
2026-08-20 15:41:00,0.663915678858757
2026-08-20 15:42:00,0.663915678858757
2026-08-20 15:43:00,0.663915678858757
2026-08-20 15:44:00,0.663915678858757
2026-08-20 15:45:00,0.5453212782740593
2026-08-20 15:46:00,0.5453212782740593
2026-08-20 15:47:00,0.5453212782740593
2026-08-20 15:48:00,0.5453212782740593
2026-08-20 15:49:00,0.5453212782740593
2026-08-20 15:50:00,0.41660475358366966
2026-08-20 15:51:00,0.41660475358366966
2026-08-20 15:52:00,0.41660475358366966
2026-08-20 15:53:00,0.41660475358366966
2026-08-20 15:54:00,0.41660475358366966
2026-08-20 15:55:00,0.2887641191482544
2026-08-20 15:56:00,0.2887641191482544
2026-08-20 15:57:00,0.2887641191482544
2026-08-20 15:58:00,0.2887641191482544
2026-08-20 15:59:00,0.2887641191482544
2026-08-20 16:00:00,0.15839092433452606
2026-08-20 16:01:00,0.15839092433452606
2026-08-20 16:02:00,0.15839092433452606
2026-08-20 16:03:00,0.15839092433452606
2026-08-20 16:04:00,0.15839092433452606
2026-08-20 16:05:00,0.15347172692418098
2026-08-20 16:06:00,0.15347172692418098
2026-08-20 16:07:00,0.15347172692418098
2026-08-20 16:08:00,0.15347172692418098
2026-08-20 16:09:00,0.15347172692418098
2026-08-20 16:10:00,0.16038266941905022
2026-08-20 16:11:00,0.16038266941905022
2026-08-20 16:12:00,0.16038266941905022
2026-08-20 16:13:00,0.16038266941905022
2026-08-20 16:14:00,0.16038266941905022
2026-08-20 16:15:00,0.17185654491186142
2026-08-20 16:16:00,0.17185654491186142
2026-08-20 16:17:00,0.17185654491186142
2026-08-20 16:18:00,0.17185654491186142
2026-08-20 16:19:00,0.17185654491186142
2026-08-20 16:20:00,0.18187368288636208
2026-08-20 16:21:00,0.18187368288636208
2026-08-20 16:22:00,0.18187368288636208
2026-08-20 16:23:00,0.18187368288636208
2026-08-20 16:24:00,0.18187368288636208
2026-08-20 16:25:00,0.1876639500260353
2026-08-20 16:26:00,0.1876639500260353
2026-08-20 16:27:00,0.1876639500260353
2026-08-20 16:28:00,0.1876639500260353
2026-08-20 16:29:00,0.1876639500260353
2026-08-20 16:30:00,0.16386796534061432
2026-08-20 16:31:00,0.16386796534061432
2026-08-20 16:32:00,0.16386796534061432
2026-08-20 16:33:00,0.16386796534061432
2026-08-20 16:34:00,0.16386796534061432
2026-08-20 16:35:00,0.13496026955544949
2026-08-20 16:36:00,0.13496026955544949
2026-08-20 16:37:00,0.13496026955544949
2026-08-20 16:38:00,0.13496026955544949
2026-08-20 16:39:00,0.13496026955544949
2026-08-20 16:40:00,0.11052333191037178
2026-08-20 16:41:00,0.11052333191037178
2026-08-20 16:42:00,0.11052333191037178
2026-08-20 16:43:00,0.11052333191037178
2026-08-20 16:44:00,0.11052333191037178
2026-08-20 16:45:00,0.2874665595591068
2026-08-20 16:46:00,0.2874665595591068
2026-08-20 16:47:00,0.2874665595591068
2026-08-20 16:48:00,0.2874665595591068
2026-08-20 16:49:00,0.2874665595591068
2026-08-20 16:50:00,0.4877706468105316
2026-08-20 16:51:00,0.4877706468105316
2026-08-20 16:52:00,0.4877706468105316
2026-08-20 16:53:00,0.4877706468105316
2026-08-20 16:54:00,0.4877706468105316
2026-08-20 16:55:00,0.6897675041109324
2026-08-20 16:56:00,0.6897675041109324
2026-08-20 16:57:00,0.6897675041109324
2026-08-20 16:58:00,0.6897675041109324
2026-08-20 16:59:00,0.6897675041109324
2026-08-20 17:00:00,0.890349492430687
2026-08-20 17:01:00,0.890349492430687
2026-08-20 17:02:00,0.890349492430687
2026-08-20 17:03:00,0.890349492430687
2026-08-20 17:04:00,0.890349492430687
2026-08-20 17:05:00,0.7045465223491192
2026-08-20 17:06:00,0.7045465223491192
2026-08-20 17:07:00,0.7045465223491192
2026-08-20 17:08:00,0.7045465223491192
2026-08-20 17:09:00,0.7045465223491192
2026-08-20 17:10:00,0.5162094384431839
2026-08-20 17:11:00,0.5162094384431839
2026-08-20 17:12:00,0.5162094384431839
2026-08-20 17:13:00,0.5162094384431839
2026-08-20 17:14:00,0.5162094384431839
2026-08-20 17:15:00,0.32848595455288887
2026-08-20 17:16:00,0.32848595455288887
2026-08-20 17:17:00,0.32848595455288887
2026-08-20 17:18:00,0.32848595455288887
2026-08-20 17:19:00,0.32848595455288887
2026-08-20 17:20:00,0.25898173823952675
2026-08-20 17:21:00,0.25898173823952675
2026-08-20 17:22:00,0.25898173823952675
2026-08-20 17:23:00,0.25898173823952675
2026-08-20 17:24:00,0.25898173823952675
2026-08-20 17:25:00,0.3787197843194008
2026-08-20 17:26:00,0.3787197843194008
2026-08-20 17:27:00,0.3787197843194008
2026-08-20 17:28:00,0.3787197843194008
2026-08-20 17:29:00,0.3787197843194008
2026-08-20 17:30:00,0.5001346804201603
2026-08-20 17:31:00,0.5001346804201603
2026-08-20 17:32:00,0.5001346804201603
2026-08-20 17:33:00,0.5001346804201603
2026-08-20 17:34:00,0.5001346804201603
2026-08-20 17:35:00,0.6206440180540085
2026-08-20 17:36:00,0.6206440180540085
2026-08-20 17:37:00,0.6206440180540085
2026-08-20 17:38:00,0.6206440180540085
2026-08-20 17:39:00,0.6206440180540085
2026-08-20 17:40:00,0.5133852027356625
2026-08-20 17:41:00,0.5133852027356625
2026-08-20 17:42:00,0.5133852027356625
2026-08-20 17:43:00,0.5133852027356625
2026-08-20 17:44:00,0.5133852027356625
2026-08-20 17:45:00,0.40775126218795776
2026-08-20 17:46:00,0.40775126218795776
2026-08-20 17:47:00,0.40775126218795776
2026-08-20 17:48:00,0.40775126218795776
2026-08-20 17:49:00,0.40775126218795776
2026-08-20 17:50:00,0.28704899176955223
2026-08-20 17:51:00,0.28704899176955223
2026-08-20 17:52:00,0.28704899176955223
2026-08-20 17:53:00,0.28704899176955223
2026-08-20 17:54:00,0.28704899176955223
2026-08-20 17:55:00,0.16486205533146858
2026-08-20 17:56:00,0.16486205533146858
2026-08-20 17:57:00,0.16486205533146858
2026-08-20 17:58:00,0.16486205533146858
2026-08-20 17:59:00,0.16486205533146858
2026-08-20 18:00:00,0.15202919021248817
2026-08-20 18:01:00,0.15202919021248817
2026-08-20 18:02:00,0.15202919021248817
2026-08-20 18:03:00,0.15202919021248817
2026-08-20 18:04:00,0.15202919021248817
2026-08-20 18:05:00,0.13928301632404327
2026-08-20 18:06:00,0.13928301632404327
2026-08-20 18:07:00,0.13928301632404327
2026-08-20 18:08:00,0.13928301632404327
2026-08-20 18:09:00,0.13928301632404327
2026-08-20 18:10:00,0.13542477414011955
2026-08-20 18:11:00,0.13542477414011955
2026-08-20 18:12:00,0.13542477414011955
2026-08-20 18:13:00,0.13542477414011955
2026-08-20 18:14:00,0.13542477414011955
2026-08-20 18:15:00,0.1351735256612301
2026-08-20 18:16:00,0.1351735256612301
2026-08-20 18:17:00,0.1351735256612301
2026-08-20 18:18:00,0.1351735256612301
2026-08-20 18:19:00,0.1351735256612301
2026-08-20 18:20:00,0.13561638444662094
2026-08-20 18:21:00,0.13561638444662094
2026-08-20 18:22:00,0.13561638444662094
2026-08-20 18:23:00,0.13561638444662094
2026-08-20 18:24:00,0.13561638444662094
2026-08-20 18:25:00,0.13150469958782196
2026-08-20 18:26:00,0.13150469958782196
2026-08-20 18:27:00,0.13150469958782196
2026-08-20 18:28:00,0.13150469958782196
2026-08-20 18:29:00,0.13150469958782196
2026-08-20 18:30:00,0.1352229006588459
2026-08-20 18:31:00,0.1352229006588459
2026-08-20 18:32:00,0.1352229006588459
2026-08-20 18:33:00,0.1352229006588459
2026-08-20 18:34:00,0.1352229006588459
2026-08-20 18:35:00,0.13478635624051094
2026-08-20 18:36:00,0.13478635624051094
2026-08-20 18:37:00,0.13478635624051094
2026-08-20 18:38:00,0.13478635624051094
2026-08-20 18:39:00,0.13478635624051094
2026-08-20 18:40:00,0.12202104553580284
2026-08-20 18:41:00,0.12202104553580284
2026-08-20 18:42:00,0.12202104553580284
2026-08-20 18:43:00,0.12202104553580284
2026-08-20 18:44:00,0.12202104553580284
2026-08-20 18:45:00,0.11342278495430946
2026-08-20 18:46:00,0.11342278495430946
2026-08-20 18:47:00,0.11342278495430946
2026-08-20 18:48:00,0.11342278495430946
2026-08-20 18:49:00,0.11342278495430946
2026-08-20 18:50:00,0.09665724262595177
2026-08-20 18:51:00,0.09665724262595177
2026-08-20 18:52:00,0.09665724262595177
2026-08-20 18:53:00,0.09665724262595177
2026-08-20 18:54:00,0.09665724262595177
2026-08-20 18:55:00,0.08059301413595676
2026-08-20 18:56:00,0.08059301413595676
2026-08-20 18:57:00,0.08059301413595676
2026-08-20 18:58:00,0.08059301413595676
2026-08-20 18:59:00,0.08059301413595676
2026-08-20 19:00:00,0.07755553908646107
2026-08-20 19:01:00,0.07755553908646107
2026-08-20 19:02:00,0.07755553908646107
2026-08-20 19:03:00,0.07755553908646107
2026-08-20 19:04:00,0.07755553908646107
2026-08-20 19:05:00,0.07284245081245899
2026-08-20 19:06:00,0.07284245081245899
2026-08-20 19:07:00,0.07284245081245899
2026-08-20 19:08:00,0.07284245081245899
2026-08-20 19:09:00,0.07284245081245899
2026-08-20 19:10:00,0.07022827491164207
2026-08-20 19:11:00,0.07022827491164207
2026-08-20 19:12:00,0.07022827491164207
2026-08-20 19:13:00,0.07022827491164207
2026-08-20 19:14:00,0.07022827491164207
2026-08-20 19:15:00,0.06932050734758377
2026-08-20 19:16:00,0.06932050734758377
2026-08-20 19:17:00,0.06932050734758377
2026-08-20 19:18:00,0.06932050734758377
2026-08-20 19:19:00,0.06932050734758377
2026-08-20 19:20:00,0.06518313009291887
2026-08-20 19:21:00,0.06518313009291887
2026-08-20 19:22:00,0.06518313009291887
2026-08-20 19:23:00,0.06518313009291887
2026-08-20 19:24:00,0.06518313009291887
2026-08-20 19:25:00,0.06007767468690872
2026-08-20 19:26:00,0.06007767468690872
2026-08-20 19:27:00,0.06007767468690872
2026-08-20 19:28:00,0.06007767468690872
2026-08-20 19:29:00,0.06007767468690872
2026-08-20 19:30:00,0.05581285059452057
2026-08-20 19:31:00,0.05581285059452057
2026-08-20 19:32:00,0.05581285059452057
2026-08-20 19:33:00,0.05581285059452057
2026-08-20 19:34:00,0.05581285059452057
2026-08-20 19:35:00,0.05189642682671547
2026-08-20 19:36:00,0.05189642682671547
2026-08-20 19:37:00,0.05189642682671547
2026-08-20 19:38:00,0.05189642682671547
2026-08-20 19:39:00,0.05189642682671547
2026-08-20 19:40:00,0.05115298740565777
2026-08-20 19:41:00,0.05115298740565777
2026-08-20 19:42:00,0.05115298740565777
2026-08-20 19:43:00,0.05115298740565777
2026-08-20 19:44:00,0.05115298740565777
2026-08-20 19:45:00,0.05151704419404268
2026-08-20 19:46:00,0.05151704419404268
2026-08-20 19:47:00,0.05151704419404268
2026-08-20 19:48:00,0.05151704419404268
2026-08-20 19:49:00,0.05151704419404268
2026-08-20 19:50:00,0.05359674245119095
2026-08-20 19:51:00,0.05359674245119095
2026-08-20 19:52:00,0.05359674245119095
2026-08-20 19:53:00,0.05359674245119095
2026-08-20 19:54:00,0.05359674245119095
2026-08-20 19:55:00,0.05707324668765068
2026-08-20 19:56:00,0.05707324668765068
2026-08-20 19:57:00,0.05707324668765068
2026-08-20 19:58:00,0.05707324668765068
2026-08-20 19:59:00,0.05707324668765068
2026-08-20 20:00:00,0.059291924349963665
2026-08-20 20:01:00,0.059291924349963665
2026-08-20 20:02:00,0.059291924349963665
2026-08-20 20:03:00,0.059291924349963665
2026-08-20 20:04:00,0.059291924349963665
2026-08-20 20:05:00,0.06144013721495867
2026-08-20 20:06:00,0.06144013721495867
2026-08-20 20:07:00,0.06144013721495867
2026-08-20 20:08:00,0.06144013721495867
2026-08-20 20:09:00,0.06144013721495867
2026-08-20 20:10:00,0.060894858092069626
2026-08-20 20:11:00,0.060894858092069626
2026-08-20 20:12:00,0.060894858092069626
2026-08-20 20:13:00,0.060894858092069626
2026-08-20 20:14:00,0.060894858092069626
2026-08-20 20:15:00,0.058896477334201336
2026-08-20 20:16:00,0.058896477334201336
2026-08-20 20:17:00,0.058896477334201336
2026-08-20 20:18:00,0.058896477334201336
2026-08-20 20:19:00,0.058896477334201336
2026-08-20 20:20:00,0.06000221986323595
2026-08-20 20:21:00,0.06000221986323595
2026-08-20 20:22:00,0.06000221986323595
2026-08-20 20:23:00,0.06000221986323595
2026-08-20 20:24:00,0.06000221986323595
2026-08-20 20:25:00,0.0625704089179635
2026-08-20 20:26:00,0.0625704089179635
2026-08-20 20:27:00,0.0625704089179635
2026-08-20 20:28:00,0.0625704089179635
2026-08-20 20:29:00,0.0625704089179635
2026-08-20 20:30:00,0.06581928487867117
2026-08-20 20:31:00,0.06581928487867117
2026-08-20 20:32:00,0.06581928487867117
2026-08-20 20:33:00,0.06581928487867117
2026-08-20 20:34:00,0.06581928487867117
2026-08-20 20:35:00,0.07024719938635826
2026-08-20 20:36:00,0.07024719938635826
2026-08-20 20:37:00,0.07024719938635826
2026-08-20 20:38:00,0.07024719938635826
2026-08-20 20:39:00,0.07024719938635826
2026-08-20 20:40:00,0.0693333838135004
2026-08-20 20:41:00,0.0693333838135004
2026-08-20 20:42:00,0.0693333838135004
2026-08-20 20:43:00,0.0693333838135004
2026-08-20 20:44:00,0.0693333838135004
2026-08-20 20:45:00,0.06660055555403233
2026-08-20 20:46:00,0.06660055555403233
2026-08-20 20:47:00,0.06660055555403233
2026-08-20 20:48:00,0.06660055555403233
2026-08-20 20:49:00,0.06660055555403233
2026-08-20 20:50:00,0.06967556290328503
2026-08-20 20:51:00,0.06967556290328503
2026-08-20 20:52:00,0.06967556290328503
2026-08-20 20:53:00,0.06967556290328503
2026-08-20 20:54:00,0.06967556290328503
2026-08-20 20:55:00,0.07232189178466797
2026-08-20 20:56:00,0.07232189178466797
2026-08-20 20:57:00,0.07232189178466797
2026-08-20 20:58:00,0.07232189178466797
2026-08-20 20:59:00,0.07232189178466797
2026-08-20 21:00:00,0.07694243639707565
2026-08-20 21:01:00,0.07694243639707565
2026-08-20 21:02:00,0.07694243639707565
2026-08-20 21:03:00,0.07694243639707565
2026-08-20 21:04:00,0.07694243639707565
2026-08-20 21:05:00,0.08058616332709789
2026-08-20 21:06:00,0.08058616332709789
2026-08-20 21:07:00,0.08058616332709789
2026-08-20 21:08:00,0.08058616332709789
2026-08-20 21:09:00,0.08058616332709789
2026-08-20 21:10:00,0.07786457799375057
2026-08-20 21:11:00,0.07786457799375057
2026-08-20 21:12:00,0.07786457799375057
2026-08-20 21:13:00,0.07786457799375057
2026-08-20 21:14:00,0.07786457799375057
2026-08-20 21:15:00,0.07134223263710737
2026-08-20 21:16:00,0.07134223263710737
2026-08-20 21:17:00,0.07134223263710737
2026-08-20 21:18:00,0.07134223263710737
2026-08-20 21:19:00,0.07134223263710737
2026-08-20 21:20:00,0.06657753232866526
2026-08-20 21:21:00,0.06657753232866526
2026-08-20 21:22:00,0.06657753232866526
2026-08-20 21:23:00,0.06657753232866526
2026-08-20 21:24:00,0.06657753232866526
2026-08-20 21:25:00,0.06174679473042488
2026-08-20 21:26:00,0.06174679473042488
2026-08-20 21:27:00,0.06174679473042488
2026-08-20 21:28:00,0.06174679473042488
2026-08-20 21:29:00,0.06174679473042488
2026-08-20 21:30:00,0.05854008439928293
2026-08-20 21:31:00,0.05854008439928293
2026-08-20 21:32:00,0.05854008439928293
2026-08-20 21:33:00,0.05854008439928293
2026-08-20 21:34:00,0.05854008439928293
2026-08-20 21:35:00,0.05687730200588703
2026-08-20 21:36:00,0.05687730200588703
2026-08-20 21:37:00,0.05687730200588703
2026-08-20 21:38:00,0.05687730200588703
2026-08-20 21:39:00,0.05687730200588703
2026-08-20 21:40:00,0.05414562299847603
2026-08-20 21:41:00,0.05414562299847603
2026-08-20 21:42:00,0.05414562299847603
2026-08-20 21:43:00,0.05414562299847603
2026-08-20 21:44:00,0.05414562299847603
2026-08-20 21:45:00,0.05231446586549282
2026-08-20 21:46:00,0.05231446586549282
2026-08-20 21:47:00,0.05231446586549282
2026-08-20 21:48:00,0.05231446586549282
2026-08-20 21:49:00,0.05231446586549282
2026-08-20 21:50:00,0.05128456652164459
2026-08-20 21:51:00,0.05128456652164459
2026-08-20 21:52:00,0.05128456652164459
2026-08-20 21:53:00,0.05128456652164459
2026-08-20 21:54:00,0.05128456652164459
2026-08-20 21:55:00,0.051359555684030056
2026-08-20 21:56:00,0.051359555684030056
2026-08-20 21:57:00,0.051359555684030056
2026-08-20 21:58:00,0.051359555684030056
2026-08-20 21:59:00,0.051359555684030056
2026-08-20 22:00:00,0.052179817110300064
2026-08-20 22:01:00,0.052179817110300064
2026-08-20 22:02:00,0.052179817110300064
2026-08-20 22:03:00,0.052179817110300064
2026-08-20 22:04:00,0.052179817110300064
2026-08-20 22:05:00,0.05489562917500734
2026-08-20 22:06:00,0.05489562917500734
2026-08-20 22:07:00,0.05489562917500734
2026-08-20 22:08:00,0.05489562917500734
2026-08-20 22:09:00,0.05489562917500734
2026-08-20 22:10:00,0.05899408087134361
2026-08-20 22:11:00,0.05899408087134361
2026-08-20 22:12:00,0.05899408087134361
2026-08-20 22:13:00,0.05899408087134361
2026-08-20 22:14:00,0.05899408087134361
2026-08-20 22:15:00,0.062360419891774654
2026-08-20 22:16:00,0.062360419891774654
2026-08-20 22:17:00,0.062360419891774654
2026-08-20 22:18:00,0.062360419891774654
2026-08-20 22:19:00,0.062360419891774654
2026-08-20 22:20:00,0.06513324938714504
2026-08-20 22:21:00,0.06513324938714504
2026-08-20 22:22:00,0.06513324938714504
2026-08-20 22:23:00,0.06513324938714504
2026-08-20 22:24:00,0.06513324938714504
2026-08-20 22:25:00,0.06900771893560886
2026-08-20 22:26:00,0.06900771893560886
2026-08-20 22:27:00,0.06900771893560886
2026-08-20 22:28:00,0.06900771893560886
2026-08-20 22:29:00,0.06900771893560886
2026-08-20 22:30:00,0.07226947695016861
2026-08-20 22:31:00,0.07226947695016861
2026-08-20 22:32:00,0.07226947695016861
2026-08-20 22:33:00,0.07226947695016861
2026-08-20 22:34:00,0.07226947695016861
2026-08-20 22:35:00,0.07737617380917072
2026-08-20 22:36:00,0.07737617380917072
2026-08-20 22:37:00,0.07737617380917072
2026-08-20 22:38:00,0.07737617380917072
2026-08-20 22:39:00,0.07737617380917072
2026-08-20 22:40:00,0.07983019016683102
2026-08-20 22:41:00,0.07983019016683102
2026-08-20 22:42:00,0.07983019016683102
2026-08-20 22:43:00,0.07983019016683102
2026-08-20 22:44:00,0.07983019016683102
2026-08-20 22:45:00,0.07556308433413506
2026-08-20 22:46:00,0.07556308433413506
2026-08-20 22:47:00,0.07556308433413506
2026-08-20 22:48:00,0.07556308433413506
2026-08-20 22:49:00,0.07556308433413506
2026-08-20 22:50:00,0.07217737659811974
2026-08-20 22:51:00,0.07217737659811974
2026-08-20 22:52:00,0.07217737659811974
2026-08-20 22:53:00,0.07217737659811974
2026-08-20 22:54:00,0.07217737659811974
2026-08-20 22:55:00,0.07024693116545677
2026-08-20 22:56:00,0.07024693116545677
2026-08-20 22:57:00,0.07024693116545677
2026-08-20 22:58:00,0.07024693116545677
2026-08-20 22:59:00,0.07024693116545677
2026-08-20 23:00:00,0.07336119934916496
2026-08-20 23:01:00,0.07336119934916496
2026-08-20 23:02:00,0.07336119934916496
2026-08-20 23:03:00,0.07336119934916496
2026-08-20 23:04:00,0.07336119934916496
2026-08-20 23:05:00,0.08213880099356174
2026-08-20 23:06:00,0.08213880099356174
2026-08-20 23:07:00,0.08213880099356174
2026-08-20 23:08:00,0.08213880099356174
2026-08-20 23:09:00,0.08213880099356174
2026-08-20 23:10:00,0.3363247774541378
2026-08-20 23:11:00,0.3363247774541378
2026-08-20 23:12:00,0.3363247774541378
2026-08-20 23:13:00,0.3363247774541378
2026-08-20 23:14:00,0.3363247774541378
2026-08-20 23:15:00,0.5865511018782854
2026-08-20 23:16:00,0.5865511018782854
2026-08-20 23:17:00,0.5865511018782854
2026-08-20 23:18:00,0.5865511018782854
2026-08-20 23:19:00,0.5865511018782854
2026-08-20 23:20:00,0.8335058577358723
2026-08-20 23:21:00,0.8335058577358723
2026-08-20 23:22:00,0.8335058577358723
2026-08-20 23:23:00,0.8335058577358723
2026-08-20 23:24:00,0.8335058577358723
2026-08-20 23:25:00,1.0781317353248596
2026-08-20 23:26:00,1.0781317353248596
2026-08-20 23:27:00,1.0781317353248596
2026-08-20 23:28:00,1.0781317353248596
2026-08-20 23:29:00,1.0781317353248596
2026-08-20 23:30:00,0.8442104980349541
2026-08-20 23:31:00,0.8442104980349541
2026-08-20 23:32:00,0.8442104980349541
2026-08-20 23:33:00,0.8442104980349541
2026-08-20 23:34:00,0.8442104980349541
2026-08-20 23:35:00,0.6106609180569649
2026-08-20 23:36:00,0.6106609180569649
2026-08-20 23:37:00,0.6106609180569649
2026-08-20 23:38:00,0.6106609180569649
2026-08-20 23:39:00,0.6106609180569649
2026-08-20 23:40:00,0.3760368488729
2026-08-20 23:41:00,0.3760368488729
2026-08-20 23:42:00,0.3760368488729
2026-08-20 23:43:00,0.3760368488729
2026-08-20 23:44:00,0.3760368488729
2026-08-20 23:45:00,0.43994077667593956
2026-08-20 23:46:00,0.43994077667593956
2026-08-20 23:47:00,0.43994077667593956
2026-08-20 23:48:00,0.43994077667593956
2026-08-20 23:49:00,0.43994077667593956
2026-08-20 23:50:00,0.7358918525278568
2026-08-20 23:51:00,0.7358918525278568
2026-08-20 23:52:00,0.7358918525278568
2026-08-20 23:53:00,0.7358918525278568
2026-08-20 23:54:00,0.7358918525278568
2026-08-20 23:55:00,1.0326137728989124
2026-08-20 23:56:00,1.0326137728989124
2026-08-20 23:57:00,1.0326137728989124
2026-08-20 23:58:00,1.0326137728989124
2026-08-20 23:59:00,1.0326137728989124
2026-08-21 00:00:00,1.3307677805423737
2026-08-21 00:01:00,1.3307677805423737
2026-08-21 00:02:00,1.3307677805423737
2026-08-21 00:03:00,1.3307677805423737
2026-08-21 00:04:00,1.3307677805423737
2026-08-21 00:05:00,1.0412465296685696
2026-08-21 00:06:00,1.0412465296685696
2026-08-21 00:07:00,1.0412465296685696
2026-08-21 00:08:00,1.0412465296685696
2026-08-21 00:09:00,1.0412465296685696
2026-08-21 00:10:00,0.75224968791008
2026-08-21 00:11:00,0.75224968791008
2026-08-21 00:12:00,0.75224968791008
2026-08-21 00:13:00,0.75224968791008
2026-08-21 00:14:00,0.75224968791008
2026-08-21 00:15:00,0.46445316076278687
2026-08-21 00:16:00,0.46445316076278687
2026-08-21 00:17:00,0.46445316076278687
2026-08-21 00:18:00,0.46445316076278687
2026-08-21 00:19:00,0.46445316076278687
2026-08-21 00:20:00,0.17596660181879997
2026-08-21 00:21:00,0.17596660181879997
2026-08-21 00:22:00,0.17596660181879997
2026-08-21 00:23:00,0.17596660181879997
2026-08-21 00:24:00,0.17596660181879997
2026-08-21 00:25:00,0.17744402959942818
2026-08-21 00:26:00,0.17744402959942818
2026-08-21 00:27:00,0.17744402959942818
2026-08-21 00:28:00,0.17744402959942818
2026-08-21 00:29:00,0.17744402959942818
2026-08-21 00:30:00,0.17802207171916962
2026-08-21 00:31:00,0.17802207171916962
2026-08-21 00:32:00,0.17802207171916962
2026-08-21 00:33:00,0.17802207171916962
2026-08-21 00:34:00,0.17802207171916962
2026-08-21 00:35:00,0.17715340107679367
2026-08-21 00:36:00,0.17715340107679367
2026-08-21 00:37:00,0.17715340107679367
2026-08-21 00:38:00,0.17715340107679367
2026-08-21 00:39:00,0.17715340107679367
2026-08-21 00:40:00,0.17813259363174438
2026-08-21 00:41:00,0.17813259363174438
2026-08-21 00:42:00,0.17813259363174438
2026-08-21 00:43:00,0.17813259363174438
2026-08-21 00:44:00,0.17813259363174438
2026-08-21 00:45:00,0.17945104092359543
2026-08-21 00:46:00,0.17945104092359543
2026-08-21 00:47:00,0.17945104092359543
2026-08-21 00:48:00,0.17945104092359543
2026-08-21 00:49:00,0.17945104092359543
2026-08-21 00:50:00,0.18206381797790527
2026-08-21 00:51:00,0.18206381797790527
2026-08-21 00:52:00,0.18206381797790527
2026-08-21 00:53:00,0.18206381797790527
2026-08-21 00:54:00,0.18206381797790527
2026-08-21 00:55:00,0.18444674089550972
2026-08-21 00:56:00,0.18444674089550972
2026-08-21 00:57:00,0.18444674089550972
2026-08-21 00:58:00,0.18444674089550972
2026-08-21 00:59:00,0.18444674089550972
2026-08-21 01:00:00,0.18461667373776436
2026-08-21 01:01:00,0.18461667373776436
2026-08-21 01:02:00,0.18461667373776436
2026-08-21 01:03:00,0.18461667373776436
2026-08-21 01:04:00,0.18461667373776436
2026-08-21 01:05:00,0.15762971341609955
2026-08-21 01:06:00,0.15762971341609955
2026-08-21 01:07:00,0.15762971341609955
2026-08-21 01:08:00,0.15762971341609955
2026-08-21 01:09:00,0.15762971341609955
2026-08-21 01:10:00,0.12926995754241943
2026-08-21 01:11:00,0.12926995754241943
2026-08-21 01:12:00,0.12926995754241943
2026-08-21 01:13:00,0.12926995754241943
2026-08-21 01:14:00,0.12926995754241943
2026-08-21 01:15:00,0.10128193907439709
2026-08-21 01:16:00,0.10128193907439709
2026-08-21 01:17:00,0.10128193907439709
2026-08-21 01:18:00,0.10128193907439709
2026-08-21 01:19:00,0.10128193907439709
2026-08-21 01:20:00,0.07585425861179829
2026-08-21 01:21:00,0.07585425861179829
2026-08-21 01:22:00,0.07585425861179829
2026-08-21 01:23:00,0.07585425861179829
2026-08-21 01:24:00,0.07585425861179829
2026-08-21 01:25:00,0.07427671179175377
2026-08-21 01:26:00,0.07427671179175377
2026-08-21 01:27:00,0.07427671179175377
2026-08-21 01:28:00,0.07427671179175377
2026-08-21 01:29:00,0.07427671179175377
2026-08-21 01:30:00,0.0755439605563879
2026-08-21 01:31:00,0.0755439605563879
2026-08-21 01:32:00,0.0755439605563879
2026-08-21 01:33:00,0.0755439605563879
2026-08-21 01:34:00,0.0755439605563879
2026-08-21 01:35:00,0.07959563843905926
2026-08-21 01:36:00,0.07959563843905926
2026-08-21 01:37:00,0.07959563843905926
2026-08-21 01:38:00,0.07959563843905926
2026-08-21 01:39:00,0.07959563843905926
2026-08-21 01:40:00,0.14020615629851818
2026-08-21 01:41:00,0.14020615629851818
2026-08-21 01:42:00,0.14020615629851818
2026-08-21 01:43:00,0.14020615629851818
2026-08-21 01:44:00,0.14020615629851818
2026-08-21 01:45:00,0.20317509397864342
2026-08-21 01:46:00,0.20317509397864342
2026-08-21 01:47:00,0.20317509397864342
2026-08-21 01:48:00,0.20317509397864342
2026-08-21 01:49:00,0.20317509397864342
2026-08-21 01:50:00,0.2617173511534929
2026-08-21 01:51:00,0.2617173511534929
2026-08-21 01:52:00,0.2617173511534929
2026-08-21 01:53:00,0.2617173511534929
2026-08-21 01:54:00,0.2617173511534929
2026-08-21 01:55:00,0.31766021251678467
2026-08-21 01:56:00,0.31766021251678467
2026-08-21 01:57:00,0.31766021251678467
2026-08-21 01:58:00,0.31766021251678467
2026-08-21 01:59:00,0.31766021251678467
2026-08-21 02:00:00,0.2566489279270172
2026-08-21 02:01:00,0.2566489279270172
2026-08-21 02:02:00,0.2566489279270172
2026-08-21 02:03:00,0.2566489279270172
2026-08-21 02:04:00,0.2566489279270172
2026-08-21 02:05:00,0.1948703844100237
2026-08-21 02:06:00,0.1948703844100237
2026-08-21 02:07:00,0.1948703844100237
2026-08-21 02:08:00,0.1948703844100237
2026-08-21 02:09:00,0.1948703844100237
2026-08-21 02:10:00,0.13422038592398167
2026-08-21 02:11:00,0.13422038592398167
2026-08-21 02:12:00,0.13422038592398167
2026-08-21 02:13:00,0.13422038592398167
2026-08-21 02:14:00,0.13422038592398167
2026-08-21 02:15:00,0.07428799755871296
2026-08-21 02:16:00,0.07428799755871296
2026-08-21 02:17:00,0.07428799755871296
2026-08-21 02:18:00,0.07428799755871296
2026-08-21 02:19:00,0.07428799755871296
2026-08-21 02:20:00,0.29618742503225803
2026-08-21 02:21:00,0.29618742503225803
2026-08-21 02:22:00,0.29618742503225803
2026-08-21 02:23:00,0.29618742503225803
2026-08-21 02:24:00,0.29618742503225803
2026-08-21 02:25:00,0.5194960907101631
2026-08-21 02:26:00,0.5194960907101631
2026-08-21 02:27:00,0.5194960907101631
2026-08-21 02:28:00,0.5194960907101631
2026-08-21 02:29:00,0.5194960907101631
2026-08-21 02:30:00,0.744205467402935
2026-08-21 02:31:00,0.744205467402935
2026-08-21 02:32:00,0.744205467402935
2026-08-21 02:33:00,0.744205467402935
2026-08-21 02:34:00,0.744205467402935
2026-08-21 02:35:00,0.9679605960845947
2026-08-21 02:36:00,0.9679605960845947
2026-08-21 02:37:00,0.9679605960845947
2026-08-21 02:38:00,0.9679605960845947
2026-08-21 02:39:00,0.9679605960845947
2026-08-21 02:40:00,0.7725235186517239
2026-08-21 02:41:00,0.7725235186517239
2026-08-21 02:42:00,0.7725235186517239
2026-08-21 02:43:00,0.7725235186517239
2026-08-21 02:44:00,0.7725235186517239
2026-08-21 02:45:00,0.5769033953547478
2026-08-21 02:46:00,0.5769033953547478
2026-08-21 02:47:00,0.5769033953547478
2026-08-21 02:48:00,0.5769033953547478
2026-08-21 02:49:00,0.5769033953547478
2026-08-21 02:50:00,0.3806998059153557
2026-08-21 02:51:00,0.3806998059153557
2026-08-21 02:52:00,0.3806998059153557
2026-08-21 02:53:00,0.3806998059153557
2026-08-21 02:54:00,0.3806998059153557
2026-08-21 02:55:00,0.1846724934875965
2026-08-21 02:56:00,0.1846724934875965
2026-08-21 02:57:00,0.1846724934875965
2026-08-21 02:58:00,0.1846724934875965
2026-08-21 02:59:00,0.1846724934875965
2026-08-21 03:00:00,0.18753886967897415
2026-08-21 03:01:00,0.18753886967897415
2026-08-21 03:02:00,0.18753886967897415
2026-08-21 03:03:00,0.18753886967897415
2026-08-21 03:04:00,0.18753886967897415
2026-08-21 03:05:00,0.1905858926475048
2026-08-21 03:06:00,0.1905858926475048
2026-08-21 03:07:00,0.1905858926475048
2026-08-21 03:08:00,0.1905858926475048
2026-08-21 03:09:00,0.1905858926475048
2026-08-21 03:10:00,0.19341428205370903
2026-08-21 03:11:00,0.19341428205370903
2026-08-21 03:12:00,0.19341428205370903
2026-08-21 03:13:00,0.19341428205370903
2026-08-21 03:14:00,0.19341428205370903
2026-08-21 03:15:00,0.19580917805433273
2026-08-21 03:16:00,0.19580917805433273
2026-08-21 03:17:00,0.19580917805433273
2026-08-21 03:18:00,0.19580917805433273
2026-08-21 03:19:00,0.19580917805433273
2026-08-21 03:20:00,0.19333237782120705
2026-08-21 03:21:00,0.19333237782120705
2026-08-21 03:22:00,0.19333237782120705
2026-08-21 03:23:00,0.19333237782120705
2026-08-21 03:24:00,0.19333237782120705
2026-08-21 03:25:00,0.18926602229475975
2026-08-21 03:26:00,0.18926602229475975
2026-08-21 03:27:00,0.18926602229475975
2026-08-21 03:28:00,0.18926602229475975
2026-08-21 03:29:00,0.18926602229475975
2026-08-21 03:30:00,0.18646590784192085
2026-08-21 03:31:00,0.18646590784192085
2026-08-21 03:32:00,0.18646590784192085
2026-08-21 03:33:00,0.18646590784192085
2026-08-21 03:34:00,0.18646590784192085
2026-08-21 03:35:00,0.18531955406069756
2026-08-21 03:36:00,0.18531955406069756
2026-08-21 03:37:00,0.18531955406069756
2026-08-21 03:38:00,0.18531955406069756
2026-08-21 03:39:00,0.18531955406069756
2026-08-21 03:40:00,0.1545886192470789
2026-08-21 03:41:00,0.1545886192470789
2026-08-21 03:42:00,0.1545886192470789
2026-08-21 03:43:00,0.1545886192470789
2026-08-21 03:44:00,0.1545886192470789
2026-08-21 03:45:00,0.126248924061656
2026-08-21 03:46:00,0.126248924061656
2026-08-21 03:47:00,0.126248924061656
2026-08-21 03:48:00,0.126248924061656
2026-08-21 03:49:00,0.126248924061656
2026-08-21 03:50:00,0.0960488710552454
2026-08-21 03:51:00,0.0960488710552454
2026-08-21 03:52:00,0.0960488710552454
2026-08-21 03:53:00,0.0960488710552454
2026-08-21 03:54:00,0.0960488710552454
2026-08-21 03:55:00,0.06557095050811768
2026-08-21 03:56:00,0.06557095050811768
2026-08-21 03:57:00,0.06557095050811768
2026-08-21 03:58:00,0.06557095050811768
2026-08-21 03:59:00,0.06557095050811768
2026-08-21 04:00:00,0.06848043575882912
2026-08-21 04:01:00,0.06848043575882912
2026-08-21 04:02:00,0.06848043575882912
2026-08-21 04:03:00,0.06848043575882912
2026-08-21 04:04:00,0.06848043575882912
2026-08-21 04:05:00,0.07274930365383625
2026-08-21 04:06:00,0.07274930365383625
2026-08-21 04:07:00,0.07274930365383625
2026-08-21 04:08:00,0.07274930365383625
2026-08-21 04:09:00,0.07274930365383625
2026-08-21 04:10:00,0.07462888769805431
2026-08-21 04:11:00,0.07462888769805431
2026-08-21 04:12:00,0.07462888769805431
2026-08-21 04:13:00,0.07462888769805431
2026-08-21 04:14:00,0.07462888769805431
2026-08-21 04:15:00,0.07684290036559105
2026-08-21 04:16:00,0.07684290036559105
2026-08-21 04:17:00,0.07684290036559105
2026-08-21 04:18:00,0.07684290036559105
2026-08-21 04:19:00,0.07684290036559105
2026-08-21 04:20:00,0.07828671671450138
2026-08-21 04:21:00,0.07828671671450138
2026-08-21 04:22:00,0.07828671671450138
2026-08-21 04:23:00,0.07828671671450138
2026-08-21 04:24:00,0.07828671671450138
2026-08-21 04:25:00,0.07345884665846825
2026-08-21 04:26:00,0.07345884665846825
2026-08-21 04:27:00,0.07345884665846825
2026-08-21 04:28:00,0.07345884665846825
2026-08-21 04:29:00,0.07345884665846825
2026-08-21 04:30:00,0.07115963008254766
2026-08-21 04:31:00,0.07115963008254766
2026-08-21 04:32:00,0.07115963008254766
2026-08-21 04:33:00,0.07115963008254766
2026-08-21 04:34:00,0.07115963008254766
2026-08-21 04:35:00,0.06576577108353376
2026-08-21 04:36:00,0.06576577108353376
2026-08-21 04:37:00,0.06576577108353376
2026-08-21 04:38:00,0.06576577108353376
2026-08-21 04:39:00,0.06576577108353376
2026-08-21 04:40:00,0.06255853269249201
2026-08-21 04:41:00,0.06255853269249201
2026-08-21 04:42:00,0.06255853269249201
2026-08-21 04:43:00,0.06255853269249201
2026-08-21 04:44:00,0.06255853269249201
2026-08-21 04:45:00,0.06410951819270849
2026-08-21 04:46:00,0.06410951819270849
2026-08-21 04:47:00,0.06410951819270849
2026-08-21 04:48:00,0.06410951819270849
2026-08-21 04:49:00,0.06410951819270849
2026-08-21 04:50:00,0.06802060268819332
2026-08-21 04:51:00,0.06802060268819332
2026-08-21 04:52:00,0.06802060268819332
2026-08-21 04:53:00,0.06802060268819332
2026-08-21 04:54:00,0.06802060268819332
2026-08-21 04:55:00,0.07354721799492836
2026-08-21 04:56:00,0.07354721799492836
2026-08-21 04:57:00,0.07354721799492836
2026-08-21 04:58:00,0.07354721799492836
2026-08-21 04:59:00,0.07354721799492836
2026-08-21 05:00:00,0.07260903343558311
2026-08-21 05:01:00,0.07260903343558311
2026-08-21 05:02:00,0.07260903343558311
2026-08-21 05:03:00,0.07260903343558311
2026-08-21 05:04:00,0.07260903343558311
2026-08-21 05:05:00,0.07119119353592396
2026-08-21 05:06:00,0.07119119353592396
2026-08-21 05:07:00,0.07119119353592396
2026-08-21 05:08:00,0.07119119353592396
2026-08-21 05:09:00,0.07119119353592396
2026-08-21 05:10:00,0.06477712001651525
2026-08-21 05:11:00,0.06477712001651525
2026-08-21 05:12:00,0.06477712001651525
2026-08-21 05:13:00,0.06477712001651525
2026-08-21 05:14:00,0.06477712001651525
2026-08-21 05:15:00,0.058708599768579006
2026-08-21 05:16:00,0.058708599768579006
2026-08-21 05:17:00,0.058708599768579006
2026-08-21 05:18:00,0.058708599768579006
2026-08-21 05:19:00,0.058708599768579006
2026-08-21 05:20:00,0.058409739285707474
2026-08-21 05:21:00,0.058409739285707474
2026-08-21 05:22:00,0.058409739285707474
2026-08-21 05:23:00,0.058409739285707474
2026-08-21 05:24:00,0.058409739285707474
2026-08-21 05:25:00,0.05826698802411556
2026-08-21 05:26:00,0.05826698802411556
2026-08-21 05:27:00,0.05826698802411556
2026-08-21 05:28:00,0.05826698802411556
2026-08-21 05:29:00,0.05826698802411556
2026-08-21 05:30:00,0.06806644517928362
2026-08-21 05:31:00,0.06806644517928362
2026-08-21 05:32:00,0.06806644517928362
2026-08-21 05:33:00,0.06806644517928362
2026-08-21 05:34:00,0.06806644517928362
2026-08-21 05:35:00,0.07705773692578077
2026-08-21 05:36:00,0.07705773692578077
2026-08-21 05:37:00,0.07705773692578077
2026-08-21 05:38:00,0.07705773692578077
2026-08-21 05:39:00,0.07705773692578077
2026-08-21 05:40:00,0.0854446068406105
2026-08-21 05:41:00,0.0854446068406105
2026-08-21 05:42:00,0.0854446068406105
2026-08-21 05:43:00,0.0854446068406105
2026-08-21 05:44:00,0.0854446068406105
2026-08-21 05:45:00,0.09381457790732384
2026-08-21 05:46:00,0.09381457790732384
2026-08-21 05:47:00,0.09381457790732384
2026-08-21 05:48:00,0.09381457790732384
2026-08-21 05:49:00,0.09381457790732384
2026-08-21 05:50:00,0.08850703202188015
2026-08-21 05:51:00,0.08850703202188015
2026-08-21 05:52:00,0.08850703202188015
2026-08-21 05:53:00,0.08850703202188015
2026-08-21 05:54:00,0.08850703202188015
2026-08-21 05:55:00,0.29775569029152393
2026-08-21 05:56:00,0.29775569029152393
2026-08-21 05:57:00,0.29775569029152393
2026-08-21 05:58:00,0.29775569029152393
2026-08-21 05:59:00,0.29775569029152393
2026-08-21 06:00:00,0.5057943891733885
2026-08-21 06:01:00,0.5057943891733885
2026-08-21 06:02:00,0.5057943891733885
2026-08-21 06:03:00,0.5057943891733885
2026-08-21 06:04:00,0.5057943891733885
2026-08-21 06:05:00,0.7136820927262306
2026-08-21 06:06:00,0.7136820927262306
2026-08-21 06:07:00,0.7136820927262306
2026-08-21 06:08:00,0.7136820927262306
2026-08-21 06:09:00,0.7136820927262306
2026-08-21 06:10:00,0.9563109427690506
2026-08-21 06:11:00,0.9563109427690506
2026-08-21 06:12:00,0.9563109427690506
2026-08-21 06:13:00,0.9563109427690506
2026-08-21 06:14:00,0.9563109427690506
2026-08-21 06:15:00,1.0085498988628387
2026-08-21 06:16:00,1.0085498988628387
2026-08-21 06:17:00,1.0085498988628387
2026-08-21 06:18:00,1.0085498988628387
2026-08-21 06:19:00,1.0085498988628387
2026-08-21 06:20:00,1.0603685975074768
2026-08-21 06:21:00,1.0603685975074768
2026-08-21 06:22:00,1.0603685975074768
2026-08-21 06:23:00,1.0603685975074768
2026-08-21 06:24:00,1.0603685975074768
2026-08-21 06:25:00,1.1117601692676544
2026-08-21 06:26:00,1.1117601692676544
2026-08-21 06:27:00,1.1117601692676544
2026-08-21 06:28:00,1.1117601692676544
2026-08-21 06:29:00,1.1117601692676544
2026-08-21 06:30:00,1.1084025502204895
2026-08-21 06:31:00,1.1084025502204895
2026-08-21 06:32:00,1.1084025502204895
2026-08-21 06:33:00,1.1084025502204895
2026-08-21 06:34:00,1.1084025502204895
2026-08-21 06:35:00,1.0467634797096252
2026-08-21 06:36:00,1.0467634797096252
2026-08-21 06:37:00,1.0467634797096252
2026-08-21 06:38:00,1.0467634797096252
2026-08-21 06:39:00,1.0467634797096252
2026-08-21 06:40:00,0.9850288182497025
2026-08-21 06:41:00,0.9850288182497025
2026-08-21 06:42:00,0.9850288182497025
2026-08-21 06:43:00,0.9850288182497025
2026-08-21 06:44:00,0.9850288182497025
2026-08-21 06:45:00,0.9301114976406097
2026-08-21 06:46:00,0.9301114976406097
2026-08-21 06:47:00,0.9301114976406097
2026-08-21 06:48:00,0.9301114976406097
2026-08-21 06:49:00,0.9301114976406097
2026-08-21 06:50:00,0.9031866490840912
2026-08-21 06:51:00,0.9031866490840912
2026-08-21 06:52:00,0.9031866490840912
2026-08-21 06:53:00,0.9031866490840912
2026-08-21 06:54:00,0.9031866490840912
2026-08-21 06:55:00,0.9109441190958023
2026-08-21 06:56:00,0.9109441190958023
2026-08-21 06:57:00,0.9109441190958023
2026-08-21 06:58:00,0.9109441190958023
2026-08-21 06:59:00,0.9109441190958023
2026-08-21 07:00:00,0.9187021553516388
2026-08-21 07:01:00,0.9187021553516388
2026-08-21 07:02:00,0.9187021553516388
2026-08-21 07:03:00,0.9187021553516388
2026-08-21 07:04:00,0.9187021553516388
2026-08-21 07:05:00,0.7714915201067924
2026-08-21 07:06:00,0.7714915201067924
2026-08-21 07:07:00,0.7714915201067924
2026-08-21 07:08:00,0.7714915201067924
2026-08-21 07:09:00,0.7714915201067924
2026-08-21 07:10:00,0.6230346485972404
2026-08-21 07:11:00,0.6230346485972404
2026-08-21 07:12:00,0.6230346485972404
2026-08-21 07:13:00,0.6230346485972404
2026-08-21 07:14:00,0.6230346485972404
2026-08-21 07:15:00,0.5697086527943611
2026-08-21 07:16:00,0.5697086527943611
2026-08-21 07:17:00,0.5697086527943611
2026-08-21 07:18:00,0.5697086527943611
2026-08-21 07:19:00,0.5697086527943611
2026-08-21 07:20:00,0.5163884237408638
2026-08-21 07:21:00,0.5163884237408638
2026-08-21 07:22:00,0.5163884237408638
2026-08-21 07:23:00,0.5163884237408638
2026-08-21 07:24:00,0.5163884237408638
2026-08-21 07:25:00,0.6105281710624695
2026-08-21 07:26:00,0.6105281710624695
2026-08-21 07:27:00,0.6105281710624695
2026-08-21 07:28:00,0.6105281710624695
2026-08-21 07:29:00,0.6105281710624695
2026-08-21 07:30:00,0.7051982432603836
2026-08-21 07:31:00,0.7051982432603836
2026-08-21 07:32:00,0.7051982432603836
2026-08-21 07:33:00,0.7051982432603836
2026-08-21 07:34:00,0.7051982432603836
2026-08-21 07:35:00,0.603829063475132
2026-08-21 07:36:00,0.603829063475132
2026-08-21 07:37:00,0.603829063475132
2026-08-21 07:38:00,0.603829063475132
2026-08-21 07:39:00,0.603829063475132
2026-08-21 07:40:00,0.5039708018302917
2026-08-21 07:41:00,0.5039708018302917
2026-08-21 07:42:00,0.5039708018302917
2026-08-21 07:43:00,0.5039708018302917
2026-08-21 07:44:00,0.5039708018302917
2026-08-21 07:45:00,0.40621160715818405
2026-08-21 07:46:00,0.40621160715818405
2026-08-21 07:47:00,0.40621160715818405
2026-08-21 07:48:00,0.40621160715818405
2026-08-21 07:49:00,0.40621160715818405
2026-08-21 07:50:00,0.31000229716300964
2026-08-21 07:51:00,0.31000229716300964
2026-08-21 07:52:00,0.31000229716300964
2026-08-21 07:53:00,0.31000229716300964
2026-08-21 07:54:00,0.31000229716300964
2026-08-21 07:55:00,0.31523989140987396
2026-08-21 07:56:00,0.31523989140987396
2026-08-21 07:57:00,0.31523989140987396
2026-08-21 07:58:00,0.31523989140987396
2026-08-21 07:59:00,0.31523989140987396
2026-08-21 08:00:00,0.3185756132006645
2026-08-21 08:01:00,0.3185756132006645
2026-08-21 08:02:00,0.3185756132006645
2026-08-21 08:03:00,0.3185756132006645
2026-08-21 08:04:00,0.3185756132006645
2026-08-21 08:05:00,0.2656626757234335
2026-08-21 08:06:00,0.2656626757234335
2026-08-21 08:07:00,0.2656626757234335
2026-08-21 08:08:00,0.2656626757234335
2026-08-21 08:09:00,0.2656626757234335
2026-08-21 08:10:00,0.21127409301698208
2026-08-21 08:11:00,0.21127409301698208
2026-08-21 08:12:00,0.21127409301698208
2026-08-21 08:13:00,0.21127409301698208
2026-08-21 08:14:00,0.21127409301698208
2026-08-21 08:15:00,0.15532348863780499
2026-08-21 08:16:00,0.15532348863780499
2026-08-21 08:17:00,0.15532348863780499
2026-08-21 08:18:00,0.15532348863780499
2026-08-21 08:19:00,0.15532348863780499
2026-08-21 08:20:00,0.09926868043839931
2026-08-21 08:21:00,0.09926868043839931
2026-08-21 08:22:00,0.09926868043839931
2026-08-21 08:23:00,0.09926868043839931
2026-08-21 08:24:00,0.09926868043839931
2026-08-21 08:25:00,0.10002628341317177
2026-08-21 08:26:00,0.10002628341317177
2026-08-21 08:27:00,0.10002628341317177
2026-08-21 08:28:00,0.10002628341317177
2026-08-21 08:29:00,0.10002628341317177
2026-08-21 08:30:00,0.10146532021462917
2026-08-21 08:31:00,0.10146532021462917
2026-08-21 08:32:00,0.10146532021462917
2026-08-21 08:33:00,0.10146532021462917
2026-08-21 08:34:00,0.10146532021462917
2026-08-21 08:35:00,0.09829724207520485
2026-08-21 08:36:00,0.09829724207520485
2026-08-21 08:37:00,0.09829724207520485
2026-08-21 08:38:00,0.09829724207520485
2026-08-21 08:39:00,0.09829724207520485
2026-08-21 08:40:00,0.09546404331922531
2026-08-21 08:41:00,0.09546404331922531
2026-08-21 08:42:00,0.09546404331922531
2026-08-21 08:43:00,0.09546404331922531
2026-08-21 08:44:00,0.09546404331922531
2026-08-21 08:45:00,0.08820322342216969
2026-08-21 08:46:00,0.08820322342216969
2026-08-21 08:47:00,0.08820322342216969
2026-08-21 08:48:00,0.08820322342216969
2026-08-21 08:49:00,0.08820322342216969
2026-08-21 08:50:00,0.07598359137773514
2026-08-21 08:51:00,0.07598359137773514
2026-08-21 08:52:00,0.07598359137773514
2026-08-21 08:53:00,0.07598359137773514
2026-08-21 08:54:00,0.07598359137773514
2026-08-21 08:55:00,0.0681315092369914
2026-08-21 08:56:00,0.0681315092369914
2026-08-21 08:57:00,0.0681315092369914
2026-08-21 08:58:00,0.0681315092369914
2026-08-21 08:59:00,0.0681315092369914
2026-08-21 09:00:00,0.06065268535166979
2026-08-21 09:01:00,0.06065268535166979
2026-08-21 09:02:00,0.06065268535166979
2026-08-21 09:03:00,0.06065268535166979
2026-08-21 09:04:00,0.06065268535166979
2026-08-21 09:05:00,0.1520279934629798
2026-08-21 09:06:00,0.1520279934629798
2026-08-21 09:07:00,0.1520279934629798
2026-08-21 09:08:00,0.1520279934629798
2026-08-21 09:09:00,0.1520279934629798
2026-08-21 09:10:00,0.2882170518860221
2026-08-21 09:11:00,0.2882170518860221
2026-08-21 09:12:00,0.2882170518860221
2026-08-21 09:13:00,0.2882170518860221
2026-08-21 09:14:00,0.2882170518860221
2026-08-21 09:15:00,0.4271953161805868
2026-08-21 09:16:00,0.4271953161805868
2026-08-21 09:17:00,0.4271953161805868
2026-08-21 09:18:00,0.4271953161805868
2026-08-21 09:19:00,0.4271953161805868
2026-08-21 09:20:00,0.5664449781179428
2026-08-21 09:21:00,0.5664449781179428
2026-08-21 09:22:00,0.5664449781179428
2026-08-21 09:23:00,0.5664449781179428
2026-08-21 09:24:00,0.5664449781179428
2026-08-21 09:25:00,0.5661055222153664
2026-08-21 09:26:00,0.5661055222153664
2026-08-21 09:27:00,0.5661055222153664
2026-08-21 09:28:00,0.5661055222153664
2026-08-21 09:29:00,0.5661055222153664
2026-08-21 09:30:00,0.4383429288864136
2026-08-21 09:31:00,0.4383429288864136
2026-08-21 09:32:00,0.4383429288864136
2026-08-21 09:33:00,0.4383429288864136
2026-08-21 09:34:00,0.4383429288864136
2026-08-21 09:35:00,0.3084998391568661
2026-08-21 09:36:00,0.3084998391568661
2026-08-21 09:37:00,0.3084998391568661
2026-08-21 09:38:00,0.3084998391568661
2026-08-21 09:39:00,0.3084998391568661
2026-08-21 09:40:00,0.18021569959819317
2026-08-21 09:41:00,0.18021569959819317
2026-08-21 09:42:00,0.18021569959819317
2026-08-21 09:43:00,0.18021569959819317
2026-08-21 09:44:00,0.18021569959819317
2026-08-21 09:45:00,0.09445733018219471
2026-08-21 09:46:00,0.09445733018219471
2026-08-21 09:47:00,0.09445733018219471
2026-08-21 09:48:00,0.09445733018219471
2026-08-21 09:49:00,0.09445733018219471
2026-08-21 09:50:00,0.09538239426910877
2026-08-21 09:51:00,0.09538239426910877
2026-08-21 09:52:00,0.09538239426910877
2026-08-21 09:53:00,0.09538239426910877
2026-08-21 09:54:00,0.09538239426910877
2026-08-21 09:55:00,0.09633364900946617
2026-08-21 09:56:00,0.09633364900946617
2026-08-21 09:57:00,0.09633364900946617
2026-08-21 09:58:00,0.09633364900946617
2026-08-21 09:59:00,0.09633364900946617
2026-08-21 10:00:00,0.0943123959004879
2026-08-21 10:01:00,0.0943123959004879
2026-08-21 10:02:00,0.0943123959004879
2026-08-21 10:03:00,0.0943123959004879
2026-08-21 10:04:00,0.0943123959004879
2026-08-21 10:05:00,0.09451954625546932
2026-08-21 10:06:00,0.09451954625546932
2026-08-21 10:07:00,0.09451954625546932
2026-08-21 10:08:00,0.09451954625546932
2026-08-21 10:09:00,0.09451954625546932
2026-08-21 10:10:00,0.09473403356969357
2026-08-21 10:11:00,0.09473403356969357
2026-08-21 10:12:00,0.09473403356969357
2026-08-21 10:13:00,0.09473403356969357
2026-08-21 10:14:00,0.09473403356969357
2026-08-21 10:15:00,0.09514935873448849
2026-08-21 10:16:00,0.09514935873448849
2026-08-21 10:17:00,0.09514935873448849
2026-08-21 10:18:00,0.09514935873448849
2026-08-21 10:19:00,0.09514935873448849
2026-08-21 10:20:00,0.33411780372262
2026-08-21 10:21:00,0.33411780372262
2026-08-21 10:22:00,0.33411780372262
2026-08-21 10:23:00,0.33411780372262
2026-08-21 10:24:00,0.33411780372262
2026-08-21 10:25:00,0.5770858805626631
2026-08-21 10:26:00,0.5770858805626631
2026-08-21 10:27:00,0.5770858805626631
2026-08-21 10:28:00,0.5770858805626631
2026-08-21 10:29:00,0.5770858805626631
2026-08-21 10:30:00,0.8219129052013159
2026-08-21 10:31:00,0.8219129052013159
2026-08-21 10:32:00,0.8219129052013159
2026-08-21 10:33:00,0.8219129052013159
2026-08-21 10:34:00,0.8219129052013159
2026-08-21 10:35:00,1.0668098628520966
2026-08-21 10:36:00,1.0668098628520966
2026-08-21 10:37:00,1.0668098628520966
2026-08-21 10:38:00,1.0668098628520966
2026-08-21 10:39:00,1.0668098628520966
2026-08-21 10:40:00,0.8613452054560184
2026-08-21 10:41:00,0.8613452054560184
2026-08-21 10:42:00,0.8613452054560184
2026-08-21 10:43:00,0.8613452054560184
2026-08-21 10:44:00,0.8613452054560184
2026-08-21 10:45:00,0.6505890786647797
2026-08-21 10:46:00,0.6505890786647797
2026-08-21 10:47:00,0.6505890786647797
2026-08-21 10:48:00,0.6505890786647797
2026-08-21 10:49:00,0.6505890786647797
2026-08-21 10:50:00,0.439547561109066
2026-08-21 10:51:00,0.439547561109066
2026-08-21 10:52:00,0.439547561109066
2026-08-21 10:53:00,0.439547561109066
2026-08-21 10:54:00,0.439547561109066
2026-08-21 10:55:00,0.22944603487849236
2026-08-21 10:56:00,0.22944603487849236
2026-08-21 10:57:00,0.22944603487849236
2026-08-21 10:58:00,0.22944603487849236
2026-08-21 10:59:00,0.22944603487849236
2026-08-21 11:00:00,0.23202557489275932
2026-08-21 11:01:00,0.23202557489275932
2026-08-21 11:02:00,0.23202557489275932
2026-08-21 11:03:00,0.23202557489275932
2026-08-21 11:04:00,0.23202557489275932
2026-08-21 11:05:00,0.3502320349216461
2026-08-21 11:06:00,0.3502320349216461
2026-08-21 11:07:00,0.3502320349216461
2026-08-21 11:08:00,0.3502320349216461
2026-08-21 11:09:00,0.3502320349216461
2026-08-21 11:10:00,0.46687788516283035
2026-08-21 11:11:00,0.46687788516283035
2026-08-21 11:12:00,0.46687788516283035
2026-08-21 11:13:00,0.46687788516283035
2026-08-21 11:14:00,0.46687788516283035
2026-08-21 11:15:00,0.5834568478167057
2026-08-21 11:16:00,0.5834568478167057
2026-08-21 11:17:00,0.5834568478167057
2026-08-21 11:18:00,0.5834568478167057
2026-08-21 11:19:00,0.5834568478167057
2026-08-21 11:20:00,0.7009444236755371
2026-08-21 11:21:00,0.7009444236755371
2026-08-21 11:22:00,0.7009444236755371
2026-08-21 11:23:00,0.7009444236755371
2026-08-21 11:24:00,0.7009444236755371
2026-08-21 11:25:00,0.5862944722175598
2026-08-21 11:26:00,0.5862944722175598
2026-08-21 11:27:00,0.5862944722175598
2026-08-21 11:28:00,0.5862944722175598
2026-08-21 11:29:00,0.5862944722175598
2026-08-21 11:30:00,0.47034281492233276
2026-08-21 11:31:00,0.47034281492233276
2026-08-21 11:32:00,0.47034281492233276
2026-08-21 11:33:00,0.47034281492233276
2026-08-21 11:34:00,0.47034281492233276
2026-08-21 11:35:00,0.3542773015797138
2026-08-21 11:36:00,0.3542773015797138
2026-08-21 11:37:00,0.3542773015797138
2026-08-21 11:38:00,0.3542773015797138
2026-08-21 11:39:00,0.3542773015797138
2026-08-21 11:40:00,0.21668019890785217
2026-08-21 11:41:00,0.21668019890785217
2026-08-21 11:42:00,0.21668019890785217
2026-08-21 11:43:00,0.21668019890785217
2026-08-21 11:44:00,0.21668019890785217
2026-08-21 11:45:00,0.198058620095253
2026-08-21 11:46:00,0.198058620095253
2026-08-21 11:47:00,0.198058620095253
2026-08-21 11:48:00,0.198058620095253
2026-08-21 11:49:00,0.198058620095253
2026-08-21 11:50:00,0.18304824084043503
2026-08-21 11:51:00,0.18304824084043503
2026-08-21 11:52:00,0.18304824084043503
2026-08-21 11:53:00,0.18304824084043503
2026-08-21 11:54:00,0.18304824084043503
2026-08-21 11:55:00,0.40820588544011116
2026-08-21 11:56:00,0.40820588544011116
2026-08-21 11:57:00,0.40820588544011116
2026-08-21 11:58:00,0.40820588544011116
2026-08-21 11:59:00,0.40820588544011116
2026-08-21 12:00:00,0.6541028991341591
2026-08-21 12:01:00,0.6541028991341591
2026-08-21 12:02:00,0.6541028991341591
2026-08-21 12:03:00,0.6541028991341591
2026-08-21 12:04:00,0.6541028991341591
2026-08-21 12:05:00,0.8972134962677956
2026-08-21 12:06:00,0.8972134962677956
2026-08-21 12:07:00,0.8972134962677956
2026-08-21 12:08:00,0.8972134962677956
2026-08-21 12:09:00,0.8972134962677956
2026-08-21 12:10:00,1.137813240289688
2026-08-21 12:11:00,1.137813240289688
2026-08-21 12:12:00,1.137813240289688
2026-08-21 12:13:00,1.137813240289688
2026-08-21 12:14:00,1.137813240289688
2026-08-21 12:15:00,1.141076236963272
2026-08-21 12:16:00,1.141076236963272
2026-08-21 12:17:00,1.141076236963272
2026-08-21 12:18:00,1.141076236963272
2026-08-21 12:19:00,1.141076236963272
2026-08-21 12:20:00,1.144442617893219
2026-08-21 12:21:00,1.144442617893219
2026-08-21 12:22:00,1.144442617893219
2026-08-21 12:23:00,1.144442617893219
2026-08-21 12:24:00,1.144442617893219
2026-08-21 12:25:00,1.1473060846328735
2026-08-21 12:26:00,1.1473060846328735
2026-08-21 12:27:00,1.1473060846328735
2026-08-21 12:28:00,1.1473060846328735
2026-08-21 12:29:00,1.1473060846328735
2026-08-21 12:30:00,1.151965469121933
2026-08-21 12:31:00,1.151965469121933
2026-08-21 12:32:00,1.151965469121933
2026-08-21 12:33:00,1.151965469121933
2026-08-21 12:34:00,1.151965469121933
2026-08-21 12:35:00,0.92667131498456
2026-08-21 12:36:00,0.92667131498456
2026-08-21 12:37:00,0.92667131498456
2026-08-21 12:38:00,0.92667131498456
2026-08-21 12:39:00,0.92667131498456
2026-08-21 12:40:00,0.7011644281446934
2026-08-21 12:41:00,0.7011644281446934
2026-08-21 12:42:00,0.7011644281446934
2026-08-21 12:43:00,0.7011644281446934
2026-08-21 12:44:00,0.7011644281446934
2026-08-21 12:45:00,0.47497759386897087
2026-08-21 12:46:00,0.47497759386897087
2026-08-21 12:47:00,0.47497759386897087
2026-08-21 12:48:00,0.47497759386897087
2026-08-21 12:49:00,0.47497759386897087
2026-08-21 12:50:00,0.25600579753518105
2026-08-21 12:51:00,0.25600579753518105
2026-08-21 12:52:00,0.25600579753518105
2026-08-21 12:53:00,0.25600579753518105
2026-08-21 12:54:00,0.25600579753518105
2026-08-21 12:55:00,0.34893931448459625
2026-08-21 12:56:00,0.34893931448459625
2026-08-21 12:57:00,0.34893931448459625
2026-08-21 12:58:00,0.34893931448459625
2026-08-21 12:59:00,0.34893931448459625
2026-08-21 13:00:00,0.44102124869823456
2026-08-21 13:01:00,0.44102124869823456
2026-08-21 13:02:00,0.44102124869823456
2026-08-21 13:03:00,0.44102124869823456
2026-08-21 13:04:00,0.44102124869823456
2026-08-21 13:05:00,0.5336936637759209
2026-08-21 13:06:00,0.5336936637759209
2026-08-21 13:07:00,0.5336936637759209
2026-08-21 13:08:00,0.5336936637759209
2026-08-21 13:09:00,0.5336936637759209
2026-08-21 13:10:00,0.6138340532779694
2026-08-21 13:11:00,0.6138340532779694
2026-08-21 13:12:00,0.6138340532779694
2026-08-21 13:13:00,0.6138340532779694
2026-08-21 13:14:00,0.6138340532779694
2026-08-21 13:15:00,0.49538202211260796
2026-08-21 13:16:00,0.49538202211260796
2026-08-21 13:17:00,0.49538202211260796
2026-08-21 13:18:00,0.49538202211260796
2026-08-21 13:19:00,0.49538202211260796
2026-08-21 13:20:00,0.3783705532550812
2026-08-21 13:21:00,0.3783705532550812
2026-08-21 13:22:00,0.3783705532550812
2026-08-21 13:23:00,0.3783705532550812
2026-08-21 13:24:00,0.3783705532550812
2026-08-21 13:25:00,0.2608198784291744
2026-08-21 13:26:00,0.2608198784291744
2026-08-21 13:27:00,0.2608198784291744
2026-08-21 13:28:00,0.2608198784291744
2026-08-21 13:29:00,0.2608198784291744
2026-08-21 13:30:00,0.14714833348989487
2026-08-21 13:31:00,0.14714833348989487
2026-08-21 13:32:00,0.14714833348989487
2026-08-21 13:33:00,0.14714833348989487
2026-08-21 13:34:00,0.14714833348989487
2026-08-21 13:35:00,0.12610278651118279
2026-08-21 13:36:00,0.12610278651118279
2026-08-21 13:37:00,0.12610278651118279
2026-08-21 13:38:00,0.12610278651118279
2026-08-21 13:39:00,0.12610278651118279
2026-08-21 13:40:00,0.10497685708105564
2026-08-21 13:41:00,0.10497685708105564
2026-08-21 13:42:00,0.10497685708105564
2026-08-21 13:43:00,0.10497685708105564
2026-08-21 13:44:00,0.10497685708105564
2026-08-21 13:45:00,0.08575173653662205
2026-08-21 13:46:00,0.08575173653662205
2026-08-21 13:47:00,0.08575173653662205
2026-08-21 13:48:00,0.08575173653662205
2026-08-21 13:49:00,0.08575173653662205
2026-08-21 13:50:00,0.06722922995686531
2026-08-21 13:51:00,0.06722922995686531
2026-08-21 13:52:00,0.06722922995686531
2026-08-21 13:53:00,0.06722922995686531
2026-08-21 13:54:00,0.06722922995686531
2026-08-21 13:55:00,0.07599210366606712
2026-08-21 13:56:00,0.07599210366606712
2026-08-21 13:57:00,0.07599210366606712
2026-08-21 13:58:00,0.07599210366606712
2026-08-21 13:59:00,0.07599210366606712
2026-08-21 14:00:00,0.0836370438337326
2026-08-21 14:01:00,0.0836370438337326
2026-08-21 14:02:00,0.0836370438337326
2026-08-21 14:03:00,0.0836370438337326
2026-08-21 14:04:00,0.0836370438337326
2026-08-21 14:05:00,0.08627069182693958
2026-08-21 14:06:00,0.08627069182693958
2026-08-21 14:07:00,0.08627069182693958
2026-08-21 14:08:00,0.08627069182693958
2026-08-21 14:09:00,0.08627069182693958
2026-08-21 14:10:00,0.08647657744586468
2026-08-21 14:11:00,0.08647657744586468
2026-08-21 14:12:00,0.08647657744586468
2026-08-21 14:13:00,0.08647657744586468
2026-08-21 14:14:00,0.08647657744586468
2026-08-21 14:15:00,0.07892695628106594
2026-08-21 14:16:00,0.07892695628106594
2026-08-21 14:17:00,0.07892695628106594
2026-08-21 14:18:00,0.07892695628106594
2026-08-21 14:19:00,0.07892695628106594
2026-08-21 14:20:00,0.07379637658596039
2026-08-21 14:21:00,0.07379637658596039
2026-08-21 14:22:00,0.07379637658596039
2026-08-21 14:23:00,0.07379637658596039
2026-08-21 14:24:00,0.07379637658596039
2026-08-21 14:25:00,0.07492216676473618
2026-08-21 14:26:00,0.07492216676473618
2026-08-21 14:27:00,0.07492216676473618
2026-08-21 14:28:00,0.07492216676473618
2026-08-21 14:29:00,0.07492216676473618
2026-08-21 14:30:00,0.07419282756745815
2026-08-21 14:31:00,0.07419282756745815
2026-08-21 14:32:00,0.07419282756745815
2026-08-21 14:33:00,0.07419282756745815
2026-08-21 14:34:00,0.07419282756745815
2026-08-21 14:35:00,0.07368003204464912
2026-08-21 14:36:00,0.07368003204464912
2026-08-21 14:37:00,0.07368003204464912
2026-08-21 14:38:00,0.07368003204464912
2026-08-21 14:39:00,0.07368003204464912
2026-08-21 14:40:00,0.07117637433111668
2026-08-21 14:41:00,0.07117637433111668
2026-08-21 14:42:00,0.07117637433111668
2026-08-21 14:43:00,0.07117637433111668
2026-08-21 14:44:00,0.07117637433111668
2026-08-21 14:45:00,0.064640237018466
2026-08-21 14:46:00,0.064640237018466
2026-08-21 14:47:00,0.064640237018466
2026-08-21 14:48:00,0.064640237018466
2026-08-21 14:49:00,0.064640237018466
2026-08-21 14:50:00,0.06577758118510246
2026-08-21 14:51:00,0.06577758118510246
2026-08-21 14:52:00,0.06577758118510246
2026-08-21 14:53:00,0.06577758118510246
2026-08-21 14:54:00,0.06577758118510246
2026-08-21 14:55:00,0.06749440170824528
2026-08-21 14:56:00,0.06749440170824528
2026-08-21 14:57:00,0.06749440170824528
2026-08-21 14:58:00,0.06749440170824528
2026-08-21 14:59:00,0.06749440170824528
2026-08-21 15:00:00,0.2580508776009083
2026-08-21 15:01:00,0.2580508776009083
2026-08-21 15:02:00,0.2580508776009083
2026-08-21 15:03:00,0.2580508776009083
2026-08-21 15:04:00,0.2580508776009083
2026-08-21 15:05:00,0.45071508921682835
2026-08-21 15:06:00,0.45071508921682835
2026-08-21 15:07:00,0.45071508921682835
2026-08-21 15:08:00,0.45071508921682835
2026-08-21 15:09:00,0.45071508921682835
2026-08-21 15:10:00,0.6384911201894283
2026-08-21 15:11:00,0.6384911201894283
2026-08-21 15:12:00,0.6384911201894283
2026-08-21 15:13:00,0.6384911201894283
2026-08-21 15:14:00,0.6384911201894283
2026-08-21 15:15:00,0.8272385001182556
2026-08-21 15:16:00,0.8272385001182556
2026-08-21 15:17:00,0.8272385001182556
2026-08-21 15:18:00,0.8272385001182556
2026-08-21 15:19:00,0.8272385001182556
2026-08-21 15:20:00,0.6589559577405453
2026-08-21 15:21:00,0.6589559577405453
2026-08-21 15:22:00,0.6589559577405453
2026-08-21 15:23:00,0.6589559577405453
2026-08-21 15:24:00,0.6589559577405453
2026-08-21 15:25:00,0.4919942244887352
2026-08-21 15:26:00,0.4919942244887352
2026-08-21 15:27:00,0.4919942244887352
2026-08-21 15:28:00,0.4919942244887352
2026-08-21 15:29:00,0.4919942244887352
2026-08-21 15:30:00,0.32561690732836723
2026-08-21 15:31:00,0.32561690732836723
2026-08-21 15:32:00,0.32561690732836723
2026-08-21 15:33:00,0.32561690732836723
2026-08-21 15:34:00,0.32561690732836723
2026-08-21 15:35:00,0.1562163382768631
2026-08-21 15:36:00,0.1562163382768631
2026-08-21 15:37:00,0.1562163382768631
2026-08-21 15:38:00,0.1562163382768631
2026-08-21 15:39:00,0.1562163382768631
2026-08-21 15:40:00,0.1546180695295334
2026-08-21 15:41:00,0.1546180695295334
2026-08-21 15:42:00,0.1546180695295334
2026-08-21 15:43:00,0.1546180695295334
2026-08-21 15:44:00,0.1546180695295334
2026-08-21 15:45:00,0.39437179639935493
2026-08-21 15:46:00,0.39437179639935493
2026-08-21 15:47:00,0.39437179639935493
2026-08-21 15:48:00,0.39437179639935493
2026-08-21 15:49:00,0.39437179639935493
2026-08-21 15:50:00,0.6343222409486771
2026-08-21 15:51:00,0.6343222409486771
2026-08-21 15:52:00,0.6343222409486771
2026-08-21 15:53:00,0.6343222409486771
2026-08-21 15:54:00,0.6343222409486771
2026-08-21 15:55:00,0.8766396008431911
2026-08-21 15:56:00,0.8766396008431911
2026-08-21 15:57:00,0.8766396008431911
2026-08-21 15:58:00,0.8766396008431911
2026-08-21 15:59:00,0.8766396008431911
2026-08-21 16:00:00,1.1196190416812897
2026-08-21 16:01:00,1.1196190416812897
2026-08-21 16:02:00,1.1196190416812897
2026-08-21 16:03:00,1.1196190416812897
2026-08-21 16:04:00,1.1196190416812897
2026-08-21 16:05:00,0.8931338638067245
2026-08-21 16:06:00,0.8931338638067245
2026-08-21 16:07:00,0.8931338638067245
2026-08-21 16:08:00,0.8931338638067245
2026-08-21 16:09:00,0.8931338638067245
2026-08-21 16:10:00,0.6668783761560917
2026-08-21 16:11:00,0.6668783761560917
2026-08-21 16:12:00,0.6668783761560917
2026-08-21 16:13:00,0.6668783761560917
2026-08-21 16:14:00,0.6668783761560917
2026-08-21 16:15:00,0.4413318783044815
2026-08-21 16:16:00,0.4413318783044815
2026-08-21 16:17:00,0.4413318783044815
2026-08-21 16:18:00,0.4413318783044815
2026-08-21 16:19:00,0.4413318783044815
2026-08-21 16:20:00,0.19908778369426727
2026-08-21 16:21:00,0.19908778369426727
2026-08-21 16:22:00,0.19908778369426727
2026-08-21 16:23:00,0.19908778369426727
2026-08-21 16:24:00,0.19908778369426727
2026-08-21 16:25:00,0.18130109086632729
2026-08-21 16:26:00,0.18130109086632729
2026-08-21 16:27:00,0.18130109086632729
2026-08-21 16:28:00,0.18130109086632729
2026-08-21 16:29:00,0.18130109086632729
2026-08-21 16:30:00,0.16191992536187172
2026-08-21 16:31:00,0.16191992536187172
2026-08-21 16:32:00,0.16191992536187172
2026-08-21 16:33:00,0.16191992536187172
2026-08-21 16:34:00,0.16191992536187172
2026-08-21 16:35:00,0.14209462329745293
2026-08-21 16:36:00,0.14209462329745293
2026-08-21 16:37:00,0.14209462329745293
2026-08-21 16:38:00,0.14209462329745293
2026-08-21 16:39:00,0.14209462329745293
2026-08-21 16:40:00,0.14185766503214836
2026-08-21 16:41:00,0.14185766503214836
2026-08-21 16:42:00,0.14185766503214836
2026-08-21 16:43:00,0.14185766503214836
2026-08-21 16:44:00,0.14185766503214836
2026-08-21 16:45:00,0.144159946590662
2026-08-21 16:46:00,0.144159946590662
2026-08-21 16:47:00,0.144159946590662
2026-08-21 16:48:00,0.144159946590662
2026-08-21 16:49:00,0.144159946590662
2026-08-21 16:50:00,0.14701949805021286
2026-08-21 16:51:00,0.14701949805021286
2026-08-21 16:52:00,0.14701949805021286
2026-08-21 16:53:00,0.14701949805021286
2026-08-21 16:54:00,0.14701949805021286
2026-08-21 16:55:00,0.14994511008262634
2026-08-21 16:56:00,0.14994511008262634
2026-08-21 16:57:00,0.14994511008262634
2026-08-21 16:58:00,0.14994511008262634
2026-08-21 16:59:00,0.14994511008262634
2026-08-21 17:00:00,0.2533888518810272
2026-08-21 17:01:00,0.2533888518810272
2026-08-21 17:02:00,0.2533888518810272
2026-08-21 17:03:00,0.2533888518810272
2026-08-21 17:04:00,0.2533888518810272
2026-08-21 17:05:00,0.35787205770611763
2026-08-21 17:06:00,0.35787205770611763
2026-08-21 17:07:00,0.35787205770611763
2026-08-21 17:08:00,0.35787205770611763
2026-08-21 17:09:00,0.35787205770611763
2026-08-21 17:10:00,0.46361320838332176
2026-08-21 17:11:00,0.46361320838332176
2026-08-21 17:12:00,0.46361320838332176
2026-08-21 17:13:00,0.46361320838332176
2026-08-21 17:14:00,0.46361320838332176
2026-08-21 17:15:00,0.5664295852184296
2026-08-21 17:16:00,0.5664295852184296
2026-08-21 17:17:00,0.5664295852184296
2026-08-21 17:18:00,0.5664295852184296
2026-08-21 17:19:00,0.5664295852184296
2026-08-21 17:20:00,0.4436987079679966
2026-08-21 17:21:00,0.4436987079679966
2026-08-21 17:22:00,0.4436987079679966
2026-08-21 17:23:00,0.4436987079679966
2026-08-21 17:24:00,0.4436987079679966
2026-08-21 17:25:00,0.3206025343388319
2026-08-21 17:26:00,0.3206025343388319
2026-08-21 17:27:00,0.3206025343388319
2026-08-21 17:28:00,0.3206025343388319
2026-08-21 17:29:00,0.3206025343388319
2026-08-21 17:30:00,0.19563973136246204
2026-08-21 17:31:00,0.19563973136246204
2026-08-21 17:32:00,0.19563973136246204
2026-08-21 17:33:00,0.19563973136246204
2026-08-21 17:34:00,0.19563973136246204
2026-08-21 17:35:00,0.07286911457777023
2026-08-21 17:36:00,0.07286911457777023
2026-08-21 17:37:00,0.07286911457777023
2026-08-21 17:38:00,0.07286911457777023
2026-08-21 17:39:00,0.07286911457777023
2026-08-21 17:40:00,0.0713473130017519
2026-08-21 17:41:00,0.0713473130017519
2026-08-21 17:42:00,0.0713473130017519
2026-08-21 17:43:00,0.0713473130017519
2026-08-21 17:44:00,0.0713473130017519
2026-08-21 17:45:00,0.06887738592922688
2026-08-21 17:46:00,0.06887738592922688
2026-08-21 17:47:00,0.06887738592922688
2026-08-21 17:48:00,0.06887738592922688
2026-08-21 17:49:00,0.06887738592922688
2026-08-21 17:50:00,0.06874239630997181
2026-08-21 17:51:00,0.06874239630997181
2026-08-21 17:52:00,0.06874239630997181
2026-08-21 17:53:00,0.06874239630997181
2026-08-21 17:54:00,0.06874239630997181
2026-08-21 17:55:00,0.07257294468581676
2026-08-21 17:56:00,0.07257294468581676
2026-08-21 17:57:00,0.07257294468581676
2026-08-21 17:58:00,0.07257294468581676
2026-08-21 17:59:00,0.07257294468581676
2026-08-21 18:00:00,0.07392788492143154
2026-08-21 18:01:00,0.07392788492143154
2026-08-21 18:02:00,0.07392788492143154
2026-08-21 18:03:00,0.07392788492143154
2026-08-21 18:04:00,0.07392788492143154
2026-08-21 18:05:00,0.07278236653655767
2026-08-21 18:06:00,0.07278236653655767
2026-08-21 18:07:00,0.07278236653655767
2026-08-21 18:08:00,0.07278236653655767
2026-08-21 18:09:00,0.07278236653655767
2026-08-21 18:10:00,0.07147361990064383
2026-08-21 18:11:00,0.07147361990064383
2026-08-21 18:12:00,0.07147361990064383
2026-08-21 18:13:00,0.07147361990064383
2026-08-21 18:14:00,0.07147361990064383
2026-08-21 18:15:00,0.06576497945934534
2026-08-21 18:16:00,0.06576497945934534
2026-08-21 18:17:00,0.06576497945934534
2026-08-21 18:18:00,0.06576497945934534
2026-08-21 18:19:00,0.06576497945934534
2026-08-21 18:20:00,0.06601594667881727
2026-08-21 18:21:00,0.06601594667881727
2026-08-21 18:22:00,0.06601594667881727
2026-08-21 18:23:00,0.06601594667881727
2026-08-21 18:24:00,0.06601594667881727
2026-08-21 18:25:00,0.06964786350727081
2026-08-21 18:26:00,0.06964786350727081
2026-08-21 18:27:00,0.06964786350727081
2026-08-21 18:28:00,0.06964786350727081
2026-08-21 18:29:00,0.06964786350727081
2026-08-21 18:30:00,0.06855674460530281
2026-08-21 18:31:00,0.06855674460530281
2026-08-21 18:32:00,0.06855674460530281
2026-08-21 18:33:00,0.06855674460530281
2026-08-21 18:34:00,0.06855674460530281
2026-08-21 18:35:00,0.06906592845916748
2026-08-21 18:36:00,0.06906592845916748
2026-08-21 18:37:00,0.06906592845916748
2026-08-21 18:38:00,0.06906592845916748
2026-08-21 18:39:00,0.06906592845916748
2026-08-21 18:40:00,0.06795904226601124
2026-08-21 18:41:00,0.06795904226601124
2026-08-21 18:42:00,0.06795904226601124
2026-08-21 18:43:00,0.06795904226601124
2026-08-21 18:44:00,0.06795904226601124
2026-08-21 18:45:00,0.0673741977661848
2026-08-21 18:46:00,0.0673741977661848
2026-08-21 18:47:00,0.0673741977661848
2026-08-21 18:48:00,0.0673741977661848
2026-08-21 18:49:00,0.0673741977661848
2026-08-21 18:50:00,0.07180717587471008
2026-08-21 18:51:00,0.07180717587471008
2026-08-21 18:52:00,0.07180717587471008
2026-08-21 18:53:00,0.07180717587471008
2026-08-21 18:54:00,0.07180717587471008
2026-08-21 18:55:00,0.07308212481439114
2026-08-21 18:56:00,0.07308212481439114
2026-08-21 18:57:00,0.07308212481439114
2026-08-21 18:58:00,0.07308212481439114
2026-08-21 18:59:00,0.07308212481439114
2026-08-21 19:00:00,0.07395623251795769
2026-08-21 19:01:00,0.07395623251795769
2026-08-21 19:02:00,0.07395623251795769
2026-08-21 19:03:00,0.07395623251795769
2026-08-21 19:04:00,0.07395623251795769
2026-08-21 19:05:00,0.07226488552987576
2026-08-21 19:06:00,0.07226488552987576
2026-08-21 19:07:00,0.07226488552987576
2026-08-21 19:08:00,0.07226488552987576
2026-08-21 19:09:00,0.07226488552987576
2026-08-21 19:10:00,0.06993904151022434
2026-08-21 19:11:00,0.06993904151022434
2026-08-21 19:12:00,0.06993904151022434
2026-08-21 19:13:00,0.06993904151022434
2026-08-21 19:14:00,0.06993904151022434
2026-08-21 19:15:00,0.06858505494892597
2026-08-21 19:16:00,0.06858505494892597
2026-08-21 19:17:00,0.06858505494892597
2026-08-21 19:18:00,0.06858505494892597
2026-08-21 19:19:00,0.06858505494892597
2026-08-21 19:20:00,0.06532827205955982
2026-08-21 19:21:00,0.06532827205955982
2026-08-21 19:22:00,0.06532827205955982
2026-08-21 19:23:00,0.06532827205955982
2026-08-21 19:24:00,0.06532827205955982
2026-08-21 19:25:00,0.06597516685724258
2026-08-21 19:26:00,0.06597516685724258
2026-08-21 19:27:00,0.06597516685724258
2026-08-21 19:28:00,0.06597516685724258
2026-08-21 19:29:00,0.06597516685724258
2026-08-21 19:30:00,0.3332511056214571
2026-08-21 19:31:00,0.3332511056214571
2026-08-21 19:32:00,0.3332511056214571
2026-08-21 19:33:00,0.3332511056214571
2026-08-21 19:34:00,0.3332511056214571
2026-08-21 19:35:00,0.6020803116261959
2026-08-21 19:36:00,0.6020803116261959
2026-08-21 19:37:00,0.6020803116261959
2026-08-21 19:38:00,0.6020803116261959
2026-08-21 19:39:00,0.6020803116261959
2026-08-21 19:40:00,0.872430857270956
2026-08-21 19:41:00,0.872430857270956
2026-08-21 19:42:00,0.872430857270956
2026-08-21 19:43:00,0.872430857270956
2026-08-21 19:44:00,0.872430857270956
2026-08-21 19:45:00,1.1403819918632507
2026-08-21 19:46:00,1.1403819918632507
2026-08-21 19:47:00,1.1403819918632507
2026-08-21 19:48:00,1.1403819918632507
2026-08-21 19:49:00,1.1403819918632507
2026-08-21 19:50:00,1.0863205045461655
2026-08-21 19:51:00,1.0863205045461655
2026-08-21 19:52:00,1.0863205045461655
2026-08-21 19:53:00,1.0863205045461655
2026-08-21 19:54:00,1.0863205045461655
2026-08-21 19:55:00,1.0151242315769196
2026-08-21 19:56:00,1.0151242315769196
2026-08-21 19:57:00,1.0151242315769196
2026-08-21 19:58:00,1.0151242315769196
2026-08-21 19:59:00,1.0151242315769196
2026-08-21 20:00:00,0.9272301942110062
2026-08-21 20:01:00,0.9272301942110062
2026-08-21 20:02:00,0.9272301942110062
2026-08-21 20:03:00,0.9272301942110062
2026-08-21 20:04:00,0.9272301942110062
2026-08-21 20:05:00,0.7336028814315796
2026-08-21 20:06:00,0.7336028814315796
2026-08-21 20:07:00,0.7336028814315796
2026-08-21 20:08:00,0.7336028814315796
2026-08-21 20:09:00,0.7336028814315796
2026-08-21 20:10:00,0.5832966715097427
2026-08-21 20:11:00,0.5832966715097427
2026-08-21 20:12:00,0.5832966715097427
2026-08-21 20:13:00,0.5832966715097427
2026-08-21 20:14:00,0.5832966715097427
2026-08-21 20:15:00,0.5958396345376968
2026-08-21 20:16:00,0.5958396345376968
2026-08-21 20:17:00,0.5958396345376968
2026-08-21 20:18:00,0.5958396345376968
2026-08-21 20:19:00,0.5958396345376968
2026-08-21 20:20:00,0.624870240688324
2026-08-21 20:21:00,0.624870240688324
2026-08-21 20:22:00,0.624870240688324
2026-08-21 20:23:00,0.624870240688324
2026-08-21 20:24:00,0.624870240688324
2026-08-21 20:25:00,0.7592843323945999
2026-08-21 20:26:00,0.7592843323945999
2026-08-21 20:27:00,0.7592843323945999
2026-08-21 20:28:00,0.7592843323945999
2026-08-21 20:29:00,0.7592843323945999
2026-08-21 20:30:00,0.9051421135663986
2026-08-21 20:31:00,0.9051421135663986
2026-08-21 20:32:00,0.9051421135663986
2026-08-21 20:33:00,0.9051421135663986
2026-08-21 20:34:00,0.9051421135663986
2026-08-21 20:35:00,0.7585936114192009
2026-08-21 20:36:00,0.7585936114192009
2026-08-21 20:37:00,0.7585936114192009
2026-08-21 20:38:00,0.7585936114192009
2026-08-21 20:39:00,0.7585936114192009
2026-08-21 20:40:00,0.6115502491593361
2026-08-21 20:41:00,0.6115502491593361
2026-08-21 20:42:00,0.6115502491593361
2026-08-21 20:43:00,0.6115502491593361
2026-08-21 20:44:00,0.6115502491593361
2026-08-21 20:45:00,0.6936206296086311
2026-08-21 20:46:00,0.6936206296086311
2026-08-21 20:47:00,0.6936206296086311
2026-08-21 20:48:00,0.6936206296086311
2026-08-21 20:49:00,0.6936206296086311
2026-08-21 20:50:00,0.7790248766541481
2026-08-21 20:51:00,0.7790248766541481
2026-08-21 20:52:00,0.7790248766541481
2026-08-21 20:53:00,0.7790248766541481
2026-08-21 20:54:00,0.7790248766541481
2026-08-21 20:55:00,1.0112278908491135
2026-08-21 20:56:00,1.0112278908491135
2026-08-21 20:57:00,1.0112278908491135
2026-08-21 20:58:00,1.0112278908491135
2026-08-21 20:59:00,1.0112278908491135
2026-08-21 21:00:00,1.2441062927246094
2026-08-21 21:01:00,1.2441062927246094
2026-08-21 21:02:00,1.2441062927246094
2026-08-21 21:03:00,1.2441062927246094
2026-08-21 21:04:00,1.2441062927246094
2026-08-21 21:05:00,0.9885733649134636
2026-08-21 21:06:00,0.9885733649134636
2026-08-21 21:07:00,0.9885733649134636
2026-08-21 21:08:00,0.9885733649134636
2026-08-21 21:09:00,0.9885733649134636
2026-08-21 21:10:00,0.7280415147542953
2026-08-21 21:11:00,0.7280415147542953
2026-08-21 21:12:00,0.7280415147542953
2026-08-21 21:13:00,0.7280415147542953
2026-08-21 21:14:00,0.7280415147542953
2026-08-21 21:15:00,0.46624841913580894
2026-08-21 21:16:00,0.46624841913580894
2026-08-21 21:17:00,0.46624841913580894
2026-08-21 21:18:00,0.46624841913580894
2026-08-21 21:19:00,0.46624841913580894
2026-08-21 21:20:00,0.20417548716068268
2026-08-21 21:21:00,0.20417548716068268
2026-08-21 21:22:00,0.20417548716068268
2026-08-21 21:23:00,0.20417548716068268
2026-08-21 21:24:00,0.20417548716068268
2026-08-21 21:25:00,0.20111354067921638
2026-08-21 21:26:00,0.20111354067921638
2026-08-21 21:27:00,0.20111354067921638
2026-08-21 21:28:00,0.20111354067921638
2026-08-21 21:29:00,0.20111354067921638
2026-08-21 21:30:00,0.1997518241405487
2026-08-21 21:31:00,0.1997518241405487
2026-08-21 21:32:00,0.1997518241405487
2026-08-21 21:33:00,0.1997518241405487
2026-08-21 21:34:00,0.1997518241405487
2026-08-21 21:35:00,0.19116336479783058
2026-08-21 21:36:00,0.19116336479783058
2026-08-21 21:37:00,0.19116336479783058
2026-08-21 21:38:00,0.19116336479783058
2026-08-21 21:39:00,0.19116336479783058
2026-08-21 21:40:00,0.18371184170246124
2026-08-21 21:41:00,0.18371184170246124
2026-08-21 21:42:00,0.18371184170246124
2026-08-21 21:43:00,0.18371184170246124
2026-08-21 21:44:00,0.18371184170246124
2026-08-21 21:45:00,0.17604465410113335
2026-08-21 21:46:00,0.17604465410113335
2026-08-21 21:47:00,0.17604465410113335
2026-08-21 21:48:00,0.17604465410113335
2026-08-21 21:49:00,0.17604465410113335
2026-08-21 21:50:00,0.21359538286924362
2026-08-21 21:51:00,0.21359538286924362
2026-08-21 21:52:00,0.21359538286924362
2026-08-21 21:53:00,0.21359538286924362
2026-08-21 21:54:00,0.21359538286924362
2026-08-21 21:55:00,0.2573130577802658
2026-08-21 21:56:00,0.2573130577802658
2026-08-21 21:57:00,0.2573130577802658
2026-08-21 21:58:00,0.2573130577802658
2026-08-21 21:59:00,0.2573130577802658
2026-08-21 22:00:00,0.2990609332919121
2026-08-21 22:01:00,0.2990609332919121
2026-08-21 22:02:00,0.2990609332919121
2026-08-21 22:03:00,0.2990609332919121
2026-08-21 22:04:00,0.2990609332919121
2026-08-21 22:05:00,0.34272392094135284
2026-08-21 22:06:00,0.34272392094135284
2026-08-21 22:07:00,0.34272392094135284
2026-08-21 22:08:00,0.34272392094135284
2026-08-21 22:09:00,0.34272392094135284
2026-08-21 22:10:00,0.27974170818924904
2026-08-21 22:11:00,0.27974170818924904
2026-08-21 22:12:00,0.27974170818924904
2026-08-21 22:13:00,0.27974170818924904
2026-08-21 22:14:00,0.27974170818924904
2026-08-21 22:15:00,0.21902628801763058
2026-08-21 22:16:00,0.21902628801763058
2026-08-21 22:17:00,0.21902628801763058
2026-08-21 22:18:00,0.21902628801763058
2026-08-21 22:19:00,0.21902628801763058
2026-08-21 22:20:00,0.16249713487923145
2026-08-21 22:21:00,0.16249713487923145
2026-08-21 22:22:00,0.16249713487923145
2026-08-21 22:23:00,0.16249713487923145
2026-08-21 22:24:00,0.16249713487923145
2026-08-21 22:25:00,0.10818965919315815
2026-08-21 22:26:00,0.10818965919315815
2026-08-21 22:27:00,0.10818965919315815
2026-08-21 22:28:00,0.10818965919315815
2026-08-21 22:29:00,0.10818965919315815
2026-08-21 22:30:00,0.11338804475963116
2026-08-21 22:31:00,0.11338804475963116
2026-08-21 22:32:00,0.11338804475963116
2026-08-21 22:33:00,0.11338804475963116
2026-08-21 22:34:00,0.11338804475963116
2026-08-21 22:35:00,0.11559566110372543
2026-08-21 22:36:00,0.11559566110372543
2026-08-21 22:37:00,0.11559566110372543
2026-08-21 22:38:00,0.11559566110372543
2026-08-21 22:39:00,0.11559566110372543
2026-08-21 22:40:00,0.11051019094884396
2026-08-21 22:41:00,0.11051019094884396
2026-08-21 22:42:00,0.11051019094884396
2026-08-21 22:43:00,0.11051019094884396
2026-08-21 22:44:00,0.11051019094884396
2026-08-21 22:45:00,0.10046673752367496
2026-08-21 22:46:00,0.10046673752367496
2026-08-21 22:47:00,0.10046673752367496
2026-08-21 22:48:00,0.10046673752367496
2026-08-21 22:49:00,0.10046673752367496
2026-08-21 22:50:00,0.09311673045158386
2026-08-21 22:51:00,0.09311673045158386
2026-08-21 22:52:00,0.09311673045158386
2026-08-21 22:53:00,0.09311673045158386
2026-08-21 22:54:00,0.09311673045158386
2026-08-21 22:55:00,0.08849759213626385
2026-08-21 22:56:00,0.08849759213626385
2026-08-21 22:57:00,0.08849759213626385
2026-08-21 22:58:00,0.08849759213626385
2026-08-21 22:59:00,0.08849759213626385
2026-08-21 23:00:00,0.08726930432021618
2026-08-21 23:01:00,0.08726930432021618
2026-08-21 23:02:00,0.08726930432021618
2026-08-21 23:03:00,0.08726930432021618
2026-08-21 23:04:00,0.08726930432021618
2026-08-21 23:05:00,0.08696441166102886
2026-08-21 23:06:00,0.08696441166102886
2026-08-21 23:07:00,0.08696441166102886
2026-08-21 23:08:00,0.08696441166102886
2026-08-21 23:09:00,0.08696441166102886
2026-08-21 23:10:00,0.33792441338300705
2026-08-21 23:11:00,0.33792441338300705
2026-08-21 23:12:00,0.33792441338300705
2026-08-21 23:13:00,0.33792441338300705
2026-08-21 23:14:00,0.33792441338300705
2026-08-21 23:15:00,0.5889411028474569
2026-08-21 23:16:00,0.5889411028474569
2026-08-21 23:17:00,0.5889411028474569
2026-08-21 23:18:00,0.5889411028474569
2026-08-21 23:19:00,0.5889411028474569
2026-08-21 23:20:00,0.8406567312777042
2026-08-21 23:21:00,0.8406567312777042
2026-08-21 23:22:00,0.8406567312777042
2026-08-21 23:23:00,0.8406567312777042
2026-08-21 23:24:00,0.8406567312777042
2026-08-21 23:25:00,1.0927621126174927
2026-08-21 23:26:00,1.0927621126174927
2026-08-21 23:27:00,1.0927621126174927
2026-08-21 23:28:00,1.0927621126174927
2026-08-21 23:29:00,1.0927621126174927
2026-08-21 23:30:00,0.8727334924042225
2026-08-21 23:31:00,0.8727334924042225
2026-08-21 23:32:00,0.8727334924042225
2026-08-21 23:33:00,0.8727334924042225
2026-08-21 23:34:00,0.8727334924042225
2026-08-21 23:35:00,0.6529986374080181
2026-08-21 23:36:00,0.6529986374080181
2026-08-21 23:37:00,0.6529986374080181
2026-08-21 23:38:00,0.6529986374080181
2026-08-21 23:39:00,0.6529986374080181
2026-08-21 23:40:00,0.4333762191236019
2026-08-21 23:41:00,0.4333762191236019
2026-08-21 23:42:00,0.4333762191236019
2026-08-21 23:43:00,0.4333762191236019
2026-08-21 23:44:00,0.4333762191236019
2026-08-21 23:45:00,0.4041251949965954
2026-08-21 23:46:00,0.4041251949965954
2026-08-21 23:47:00,0.4041251949965954
2026-08-21 23:48:00,0.4041251949965954
2026-08-21 23:49:00,0.4041251949965954
2026-08-21 23:50:00,0.5950676426291466
2026-08-21 23:51:00,0.5950676426291466
2026-08-21 23:52:00,0.5950676426291466
2026-08-21 23:53:00,0.5950676426291466
2026-08-21 23:54:00,0.5950676426291466
2026-08-21 23:55:00,0.7858967632055283
2026-08-21 23:56:00,0.7858967632055283
2026-08-21 23:57:00,0.7858967632055283
2026-08-21 23:58:00,0.7858967632055283
2026-08-21 23:59:00,0.7858967632055283
2026-08-22 00:00:00,0.9766247272491455
2026-08-22 00:01:00,0.9766247272491455
2026-08-22 00:02:00,0.9766247272491455
2026-08-22 00:03:00,0.9766247272491455
2026-08-22 00:04:00,0.9766247272491455
2026-08-22 00:05:00,0.8006996065378189
2026-08-22 00:06:00,0.8006996065378189
2026-08-22 00:07:00,0.8006996065378189
2026-08-22 00:08:00,0.8006996065378189
2026-08-22 00:09:00,0.8006996065378189
2026-08-22 00:10:00,0.6241064071655273
2026-08-22 00:11:00,0.6241064071655273
2026-08-22 00:12:00,0.6241064071655273
2026-08-22 00:13:00,0.6241064071655273
2026-08-22 00:14:00,0.6241064071655273
2026-08-22 00:15:00,0.44747718423604965
2026-08-22 00:16:00,0.44747718423604965
2026-08-22 00:17:00,0.44747718423604965
2026-08-22 00:18:00,0.44747718423604965
2026-08-22 00:19:00,0.44747718423604965
2026-08-22 00:20:00,0.2712407484650612
2026-08-22 00:21:00,0.2712407484650612
2026-08-22 00:22:00,0.2712407484650612
2026-08-22 00:23:00,0.2712407484650612
2026-08-22 00:24:00,0.2712407484650612
2026-08-22 00:25:00,0.27134085446596146
2026-08-22 00:26:00,0.27134085446596146
2026-08-22 00:27:00,0.27134085446596146
2026-08-22 00:28:00,0.27134085446596146
2026-08-22 00:29:00,0.27134085446596146
2026-08-22 00:30:00,0.2675068750977516
2026-08-22 00:31:00,0.2675068750977516
2026-08-22 00:32:00,0.2675068750977516
2026-08-22 00:33:00,0.2675068750977516
2026-08-22 00:34:00,0.2675068750977516
2026-08-22 00:35:00,0.26419759541749954
2026-08-22 00:36:00,0.26419759541749954
2026-08-22 00:37:00,0.26419759541749954
2026-08-22 00:38:00,0.26419759541749954
2026-08-22 00:39:00,0.26419759541749954
2026-08-22 00:40:00,0.2612244561314583
2026-08-22 00:41:00,0.2612244561314583
2026-08-22 00:42:00,0.2612244561314583
2026-08-22 00:43:00,0.2612244561314583
2026-08-22 00:44:00,0.2612244561314583
2026-08-22 00:45:00,0.25693901628255844
2026-08-22 00:46:00,0.25693901628255844
2026-08-22 00:47:00,0.25693901628255844
2026-08-22 00:48:00,0.25693901628255844
2026-08-22 00:49:00,0.25693901628255844
2026-08-22 00:50:00,0.2571178674697876
2026-08-22 00:51:00,0.2571178674697876
2026-08-22 00:52:00,0.2571178674697876
2026-08-22 00:53:00,0.2571178674697876
2026-08-22 00:54:00,0.2571178674697876
2026-08-22 00:55:00,0.42961593717336655
2026-08-22 00:56:00,0.42961593717336655
2026-08-22 00:57:00,0.42961593717336655
2026-08-22 00:58:00,0.42961593717336655
2026-08-22 00:59:00,0.42961593717336655
2026-08-22 01:00:00,0.6008477434515953
2026-08-22 01:01:00,0.6008477434515953
2026-08-22 01:02:00,0.6008477434515953
2026-08-22 01:03:00,0.6008477434515953
2026-08-22 01:04:00,0.6008477434515953
2026-08-22 01:05:00,0.7649528011679649
2026-08-22 01:06:00,0.7649528011679649
2026-08-22 01:07:00,0.7649528011679649
2026-08-22 01:08:00,0.7649528011679649
2026-08-22 01:09:00,0.7649528011679649
2026-08-22 01:10:00,0.9289615303277969
2026-08-22 01:11:00,0.9289615303277969
2026-08-22 01:12:00,0.9289615303277969
2026-08-22 01:13:00,0.9289615303277969
2026-08-22 01:14:00,0.9289615303277969
2026-08-22 01:15:00,0.7341246455907822
2026-08-22 01:16:00,0.7341246455907822
2026-08-22 01:17:00,0.7341246455907822
2026-08-22 01:18:00,0.7341246455907822
2026-08-22 01:19:00,0.7341246455907822
2026-08-22 01:20:00,0.5414270870387554
2026-08-22 01:21:00,0.5414270870387554
2026-08-22 01:22:00,0.5414270870387554
2026-08-22 01:23:00,0.5414270870387554
2026-08-22 01:24:00,0.5414270870387554
2026-08-22 01:25:00,0.3567520007491112
2026-08-22 01:26:00,0.3567520007491112
2026-08-22 01:27:00,0.3567520007491112
2026-08-22 01:28:00,0.3567520007491112
2026-08-22 01:29:00,0.3567520007491112
2026-08-22 01:30:00,0.1709945611655712
2026-08-22 01:31:00,0.1709945611655712
2026-08-22 01:32:00,0.1709945611655712
2026-08-22 01:33:00,0.1709945611655712
2026-08-22 01:34:00,0.1709945611655712
2026-08-22 01:35:00,0.39381424710154533
2026-08-22 01:36:00,0.39381424710154533
2026-08-22 01:37:00,0.39381424710154533
2026-08-22 01:38:00,0.39381424710154533
2026-08-22 01:39:00,0.39381424710154533
2026-08-22 01:40:00,0.6151523590087891
2026-08-22 01:41:00,0.6151523590087891
2026-08-22 01:42:00,0.6151523590087891
2026-08-22 01:43:00,0.6151523590087891
2026-08-22 01:44:00,0.6151523590087891
2026-08-22 01:45:00,0.8368078209459782
2026-08-22 01:46:00,0.8368078209459782
2026-08-22 01:47:00,0.8368078209459782
2026-08-22 01:48:00,0.8368078209459782
2026-08-22 01:49:00,0.8368078209459782
2026-08-22 01:50:00,1.05952987074852
2026-08-22 01:51:00,1.05952987074852
2026-08-22 01:52:00,1.05952987074852
2026-08-22 01:53:00,1.05952987074852
2026-08-22 01:54:00,1.05952987074852
2026-08-22 01:55:00,1.0427116006612778
2026-08-22 01:56:00,1.0427116006612778
2026-08-22 01:57:00,1.0427116006612778
2026-08-22 01:58:00,1.0427116006612778
2026-08-22 01:59:00,1.0427116006612778
2026-08-22 02:00:00,0.8409020081162453
2026-08-22 02:01:00,0.8409020081162453
2026-08-22 02:02:00,0.8409020081162453
2026-08-22 02:03:00,0.8409020081162453
2026-08-22 02:04:00,0.8409020081162453
2026-08-22 02:05:00,0.6390754878520966
2026-08-22 02:06:00,0.6390754878520966
2026-08-22 02:07:00,0.6390754878520966
2026-08-22 02:08:00,0.6390754878520966
2026-08-22 02:09:00,0.6390754878520966
2026-08-22 02:10:00,0.4389423802495003
2026-08-22 02:11:00,0.4389423802495003
2026-08-22 02:12:00,0.4389423802495003
2026-08-22 02:13:00,0.4389423802495003
2026-08-22 02:14:00,0.4389423802495003
2026-08-22 02:15:00,0.2580194026231766
2026-08-22 02:16:00,0.2580194026231766
2026-08-22 02:17:00,0.2580194026231766
2026-08-22 02:18:00,0.2580194026231766
2026-08-22 02:19:00,0.2580194026231766
2026-08-22 02:20:00,0.26280297338962555
2026-08-22 02:21:00,0.26280297338962555
2026-08-22 02:22:00,0.26280297338962555
2026-08-22 02:23:00,0.26280297338962555
2026-08-22 02:24:00,0.26280297338962555
2026-08-22 02:25:00,0.2667631283402443
2026-08-22 02:26:00,0.2667631283402443
2026-08-22 02:27:00,0.2667631283402443
2026-08-22 02:28:00,0.2667631283402443
2026-08-22 02:29:00,0.2667631283402443
2026-08-22 02:30:00,0.2683262974023819
2026-08-22 02:31:00,0.2683262974023819
2026-08-22 02:32:00,0.2683262974023819
2026-08-22 02:33:00,0.2683262974023819
2026-08-22 02:34:00,0.2683262974023819
2026-08-22 02:35:00,0.2669602930545807
2026-08-22 02:36:00,0.2669602930545807
2026-08-22 02:37:00,0.2669602930545807
2026-08-22 02:38:00,0.2669602930545807
2026-08-22 02:39:00,0.2669602930545807
2026-08-22 02:40:00,0.2641640529036522
2026-08-22 02:41:00,0.2641640529036522
2026-08-22 02:42:00,0.2641640529036522
2026-08-22 02:43:00,0.2641640529036522
2026-08-22 02:44:00,0.2641640529036522
2026-08-22 02:45:00,0.2649839296936989
2026-08-22 02:46:00,0.2649839296936989
2026-08-22 02:47:00,0.2649839296936989
2026-08-22 02:48:00,0.2649839296936989
2026-08-22 02:49:00,0.2649839296936989
2026-08-22 02:50:00,0.2682269662618637
2026-08-22 02:51:00,0.2682269662618637
2026-08-22 02:52:00,0.2682269662618637
2026-08-22 02:53:00,0.2682269662618637
2026-08-22 02:54:00,0.2682269662618637
2026-08-22 02:55:00,0.2685088962316513
2026-08-22 02:56:00,0.2685088962316513
2026-08-22 02:57:00,0.2685088962316513
2026-08-22 02:58:00,0.2685088962316513
2026-08-22 02:59:00,0.2685088962316513
2026-08-22 03:00:00,0.22598906978964806
2026-08-22 03:01:00,0.22598906978964806
2026-08-22 03:02:00,0.22598906978964806
2026-08-22 03:03:00,0.22598906978964806
2026-08-22 03:04:00,0.22598906978964806
2026-08-22 03:05:00,0.1763758733868599
2026-08-22 03:06:00,0.1763758733868599
2026-08-22 03:07:00,0.1763758733868599
2026-08-22 03:08:00,0.1763758733868599
2026-08-22 03:09:00,0.1763758733868599
2026-08-22 03:10:00,0.12118344288319349
2026-08-22 03:11:00,0.12118344288319349
2026-08-22 03:12:00,0.12118344288319349
2026-08-22 03:13:00,0.12118344288319349
2026-08-22 03:14:00,0.12118344288319349
2026-08-22 03:15:00,0.06936102453619242
2026-08-22 03:16:00,0.06936102453619242
2026-08-22 03:17:00,0.06936102453619242
2026-08-22 03:18:00,0.06936102453619242
2026-08-22 03:19:00,0.06936102453619242
2026-08-22 03:20:00,0.06140459328889847
2026-08-22 03:21:00,0.06140459328889847
2026-08-22 03:22:00,0.06140459328889847
2026-08-22 03:23:00,0.06140459328889847
2026-08-22 03:24:00,0.06140459328889847
2026-08-22 03:25:00,0.057365586049854755
2026-08-22 03:26:00,0.057365586049854755
2026-08-22 03:27:00,0.057365586049854755
2026-08-22 03:28:00,0.057365586049854755
2026-08-22 03:29:00,0.057365586049854755
2026-08-22 03:30:00,0.0575260566547513
2026-08-22 03:31:00,0.0575260566547513
2026-08-22 03:32:00,0.0575260566547513
2026-08-22 03:33:00,0.0575260566547513
2026-08-22 03:34:00,0.0575260566547513
2026-08-22 03:35:00,0.05911387596279383
2026-08-22 03:36:00,0.05911387596279383
2026-08-22 03:37:00,0.05911387596279383
2026-08-22 03:38:00,0.05911387596279383
2026-08-22 03:39:00,0.05911387596279383
2026-08-22 03:40:00,0.060863276943564415
2026-08-22 03:41:00,0.060863276943564415
2026-08-22 03:42:00,0.060863276943564415
2026-08-22 03:43:00,0.060863276943564415
2026-08-22 03:44:00,0.060863276943564415
2026-08-22 03:45:00,0.06349443178623915
2026-08-22 03:46:00,0.06349443178623915
2026-08-22 03:47:00,0.06349443178623915
2026-08-22 03:48:00,0.06349443178623915
2026-08-22 03:49:00,0.06349443178623915
2026-08-22 03:50:00,0.06702368706464767
2026-08-22 03:51:00,0.06702368706464767
2026-08-22 03:52:00,0.06702368706464767
2026-08-22 03:53:00,0.06702368706464767
2026-08-22 03:54:00,0.06702368706464767
2026-08-22 03:55:00,0.0682221706956625
2026-08-22 03:56:00,0.0682221706956625
2026-08-22 03:57:00,0.0682221706956625
2026-08-22 03:58:00,0.0682221706956625
2026-08-22 03:59:00,0.0682221706956625
2026-08-22 04:00:00,0.06621763948351145
2026-08-22 04:01:00,0.06621763948351145
2026-08-22 04:02:00,0.06621763948351145
2026-08-22 04:03:00,0.06621763948351145
2026-08-22 04:04:00,0.06621763948351145
2026-08-22 04:05:00,0.06411872338503599
2026-08-22 04:06:00,0.06411872338503599
2026-08-22 04:07:00,0.06411872338503599
2026-08-22 04:08:00,0.06411872338503599
2026-08-22 04:09:00,0.06411872338503599
2026-08-22 04:10:00,0.3879382787272334
2026-08-22 04:11:00,0.3879382787272334
2026-08-22 04:12:00,0.3879382787272334
2026-08-22 04:13:00,0.3879382787272334
2026-08-22 04:14:00,0.3879382787272334
2026-08-22 04:15:00,0.712983320467174
2026-08-22 04:16:00,0.712983320467174
2026-08-22 04:17:00,0.712983320467174
2026-08-22 04:18:00,0.712983320467174
2026-08-22 04:19:00,0.712983320467174
2026-08-22 04:20:00,1.0407411679625511
2026-08-22 04:21:00,1.0407411679625511
2026-08-22 04:22:00,1.0407411679625511
2026-08-22 04:23:00,1.0407411679625511
2026-08-22 04:24:00,1.0407411679625511
2026-08-22 04:25:00,1.368004560470581
2026-08-22 04:26:00,1.368004560470581
2026-08-22 04:27:00,1.368004560470581
2026-08-22 04:28:00,1.368004560470581
2026-08-22 04:29:00,1.368004560470581
2026-08-22 04:30:00,1.3507454991340637
2026-08-22 04:31:00,1.3507454991340637
2026-08-22 04:32:00,1.3507454991340637
2026-08-22 04:33:00,1.3507454991340637
2026-08-22 04:34:00,1.3507454991340637
2026-08-22 04:35:00,1.3288380801677704
2026-08-22 04:36:00,1.3288380801677704
2026-08-22 04:37:00,1.3288380801677704
2026-08-22 04:38:00,1.3288380801677704
2026-08-22 04:39:00,1.3288380801677704
2026-08-22 04:40:00,1.0304272659122944
2026-08-22 04:41:00,1.0304272659122944
2026-08-22 04:42:00,1.0304272659122944
2026-08-22 04:43:00,1.0304272659122944
2026-08-22 04:44:00,1.0304272659122944
2026-08-22 04:45:00,0.7327618636190891
2026-08-22 04:46:00,0.7327618636190891
2026-08-22 04:47:00,0.7327618636190891
2026-08-22 04:48:00,0.7327618636190891
2026-08-22 04:49:00,0.7327618636190891
2026-08-22 04:50:00,0.45314573496580124
2026-08-22 04:51:00,0.45314573496580124
2026-08-22 04:52:00,0.45314573496580124
2026-08-22 04:53:00,0.45314573496580124
2026-08-22 04:54:00,0.45314573496580124
2026-08-22 04:55:00,0.1769632175564766
2026-08-22 04:56:00,0.1769632175564766
2026-08-22 04:57:00,0.1769632175564766
2026-08-22 04:58:00,0.1769632175564766
2026-08-22 04:59:00,0.1769632175564766
2026-08-22 05:00:00,0.17822276428341866
2026-08-22 05:01:00,0.17822276428341866
2026-08-22 05:02:00,0.17822276428341866
2026-08-22 05:03:00,0.17822276428341866
2026-08-22 05:04:00,0.17822276428341866
2026-08-22 05:05:00,0.1785602830350399
2026-08-22 05:06:00,0.1785602830350399
2026-08-22 05:07:00,0.1785602830350399
2026-08-22 05:08:00,0.1785602830350399
2026-08-22 05:09:00,0.1785602830350399
2026-08-22 05:10:00,0.1763949878513813
2026-08-22 05:11:00,0.1763949878513813
2026-08-22 05:12:00,0.1763949878513813
2026-08-22 05:13:00,0.1763949878513813
2026-08-22 05:14:00,0.1763949878513813
2026-08-22 05:15:00,0.17800145968794823
2026-08-22 05:16:00,0.17800145968794823
2026-08-22 05:17:00,0.17800145968794823
2026-08-22 05:18:00,0.17800145968794823
2026-08-22 05:19:00,0.17800145968794823
2026-08-22 05:20:00,0.18045954033732414
2026-08-22 05:21:00,0.18045954033732414
2026-08-22 05:22:00,0.18045954033732414
2026-08-22 05:23:00,0.18045954033732414
2026-08-22 05:24:00,0.18045954033732414
2026-08-22 05:25:00,0.18375882506370544
2026-08-22 05:26:00,0.18375882506370544
2026-08-22 05:27:00,0.18375882506370544
2026-08-22 05:28:00,0.18375882506370544
2026-08-22 05:29:00,0.18375882506370544
2026-08-22 05:30:00,0.18914004787802696
2026-08-22 05:31:00,0.18914004787802696
2026-08-22 05:32:00,0.18914004787802696
2026-08-22 05:33:00,0.18914004787802696
2026-08-22 05:34:00,0.18914004787802696
2026-08-22 05:35:00,0.18832307308912277
2026-08-22 05:36:00,0.18832307308912277
2026-08-22 05:37:00,0.18832307308912277
2026-08-22 05:38:00,0.18832307308912277
2026-08-22 05:39:00,0.18832307308912277
2026-08-22 05:40:00,0.15690425969660282
2026-08-22 05:41:00,0.15690425969660282
2026-08-22 05:42:00,0.15690425969660282
2026-08-22 05:43:00,0.15690425969660282
2026-08-22 05:44:00,0.15690425969660282
2026-08-22 05:45:00,0.12348034977912903
2026-08-22 05:46:00,0.12348034977912903
2026-08-22 05:47:00,0.12348034977912903
2026-08-22 05:48:00,0.12348034977912903
2026-08-22 05:49:00,0.12348034977912903
2026-08-22 05:50:00,0.36127572506666183
2026-08-22 05:51:00,0.36127572506666183
2026-08-22 05:52:00,0.36127572506666183
2026-08-22 05:53:00,0.36127572506666183
2026-08-22 05:54:00,0.36127572506666183
2026-08-22 05:55:00,0.6027388609945774
2026-08-22 05:56:00,0.6027388609945774
2026-08-22 05:57:00,0.6027388609945774
2026-08-22 05:58:00,0.6027388609945774
2026-08-22 05:59:00,0.6027388609945774
2026-08-22 06:00:00,0.8729617614299059
2026-08-22 06:01:00,0.8729617614299059
2026-08-22 06:02:00,0.8729617614299059
2026-08-22 06:03:00,0.8729617614299059
2026-08-22 06:04:00,0.8729617614299059
2026-08-22 06:05:00,1.1095427572727203
2026-08-22 06:06:00,1.1095427572727203
2026-08-22 06:07:00,1.1095427572727203
2026-08-22 06:08:00,1.1095427572727203
2026-08-22 06:09:00,1.1095427572727203
2026-08-22 06:10:00,1.090029537677765
2026-08-22 06:11:00,1.090029537677765
2026-08-22 06:12:00,1.090029537677765
2026-08-22 06:13:00,1.090029537677765
2026-08-22 06:14:00,1.090029537677765
2026-08-22 06:15:00,1.0685649514198303
2026-08-22 06:16:00,1.0685649514198303
2026-08-22 06:17:00,1.0685649514198303
2026-08-22 06:18:00,1.0685649514198303
2026-08-22 06:19:00,1.0685649514198303
2026-08-22 06:20:00,1.0478484630584717
2026-08-22 06:21:00,1.0478484630584717
2026-08-22 06:22:00,1.0478484630584717
2026-08-22 06:23:00,1.0478484630584717
2026-08-22 06:24:00,1.0478484630584717
2026-08-22 06:25:00,1.1166081726551056
2026-08-22 06:26:00,1.1166081726551056
2026-08-22 06:27:00,1.1166081726551056
2026-08-22 06:28:00,1.1166081726551056
2026-08-22 06:29:00,1.1166081726551056
2026-08-22 06:30:00,1.1699916124343872
2026-08-22 06:31:00,1.1699916124343872
2026-08-22 06:32:00,1.1699916124343872
2026-08-22 06:33:00,1.1699916124343872
2026-08-22 06:34:00,1.1699916124343872
2026-08-22 06:35:00,1.2265226542949677
2026-08-22 06:36:00,1.2265226542949677
2026-08-22 06:37:00,1.2265226542949677
2026-08-22 06:38:00,1.2265226542949677
2026-08-22 06:39:00,1.2265226542949677
2026-08-22 06:40:00,1.2074610143899918
2026-08-22 06:41:00,1.2074610143899918
2026-08-22 06:42:00,1.2074610143899918
2026-08-22 06:43:00,1.2074610143899918
2026-08-22 06:44:00,1.2074610143899918
2026-08-22 06:45:00,1.2101158946752548
2026-08-22 06:46:00,1.2101158946752548
2026-08-22 06:47:00,1.2101158946752548
2026-08-22 06:48:00,1.2101158946752548
2026-08-22 06:49:00,1.2101158946752548
2026-08-22 06:50:00,1.212777003645897
2026-08-22 06:51:00,1.212777003645897
2026-08-22 06:52:00,1.212777003645897
2026-08-22 06:53:00,1.212777003645897
2026-08-22 06:54:00,1.212777003645897
2026-08-22 06:55:00,1.2140778452157974
2026-08-22 06:56:00,1.2140778452157974
2026-08-22 06:57:00,1.2140778452157974
2026-08-22 06:58:00,1.2140778452157974
2026-08-22 06:59:00,1.2140778452157974
2026-08-22 07:00:00,1.2888635396957397
2026-08-22 07:01:00,1.2888635396957397
2026-08-22 07:02:00,1.2888635396957397
2026-08-22 07:03:00,1.2888635396957397
2026-08-22 07:04:00,1.2888635396957397
2026-08-22 07:05:00,1.155860498547554
2026-08-22 07:06:00,1.155860498547554
2026-08-22 07:07:00,1.155860498547554
2026-08-22 07:08:00,1.155860498547554
2026-08-22 07:09:00,1.155860498547554
2026-08-22 07:10:00,1.0351172387599945
2026-08-22 07:11:00,1.0351172387599945
2026-08-22 07:12:00,1.0351172387599945
2026-08-22 07:13:00,1.0351172387599945
2026-08-22 07:14:00,1.0351172387599945
2026-08-22 07:15:00,0.9154478162527084
2026-08-22 07:16:00,0.9154478162527084
2026-08-22 07:17:00,0.9154478162527084
2026-08-22 07:18:00,0.9154478162527084
2026-08-22 07:19:00,0.9154478162527084
2026-08-22 07:20:00,0.8179555386304855
2026-08-22 07:21:00,0.8179555386304855
2026-08-22 07:22:00,0.8179555386304855
2026-08-22 07:23:00,0.8179555386304855
2026-08-22 07:24:00,0.8179555386304855
2026-08-22 07:25:00,0.6660102196037769
2026-08-22 07:26:00,0.6660102196037769
2026-08-22 07:27:00,0.6660102196037769
2026-08-22 07:28:00,0.6660102196037769
2026-08-22 07:29:00,0.6660102196037769
2026-08-22 07:30:00,0.5018939524888992
2026-08-22 07:31:00,0.5018939524888992
2026-08-22 07:32:00,0.5018939524888992
2026-08-22 07:33:00,0.5018939524888992
2026-08-22 07:34:00,0.5018939524888992
2026-08-22 07:35:00,0.3558660261332989
2026-08-22 07:36:00,0.3558660261332989
2026-08-22 07:37:00,0.3558660261332989
2026-08-22 07:38:00,0.3558660261332989
2026-08-22 07:39:00,0.3558660261332989
2026-08-22 07:40:00,0.3827090375125408
2026-08-22 07:41:00,0.3827090375125408
2026-08-22 07:42:00,0.3827090375125408
2026-08-22 07:43:00,0.3827090375125408
2026-08-22 07:44:00,0.3827090375125408
2026-08-22 07:45:00,0.5961888059973717
2026-08-22 07:46:00,0.5961888059973717
2026-08-22 07:47:00,0.5961888059973717
2026-08-22 07:48:00,0.5961888059973717
2026-08-22 07:49:00,0.5961888059973717
2026-08-22 07:50:00,0.8219300322234631
2026-08-22 07:51:00,0.8219300322234631
2026-08-22 07:52:00,0.8219300322234631
2026-08-22 07:53:00,0.8219300322234631
2026-08-22 07:54:00,0.8219300322234631
2026-08-22 07:55:00,1.0317620038986206
2026-08-22 07:56:00,1.0317620038986206
2026-08-22 07:57:00,1.0317620038986206
2026-08-22 07:58:00,1.0317620038986206
2026-08-22 07:59:00,1.0317620038986206
2026-08-22 08:00:00,0.8719383329153061
2026-08-22 08:01:00,0.8719383329153061
2026-08-22 08:02:00,0.8719383329153061
2026-08-22 08:03:00,0.8719383329153061
2026-08-22 08:04:00,0.8719383329153061
2026-08-22 08:05:00,0.7277102172374725
2026-08-22 08:06:00,0.7277102172374725
2026-08-22 08:07:00,0.7277102172374725
2026-08-22 08:08:00,0.7277102172374725
2026-08-22 08:09:00,0.7277102172374725
2026-08-22 08:10:00,0.5358351096510887
2026-08-22 08:11:00,0.5358351096510887
2026-08-22 08:12:00,0.5358351096510887
2026-08-22 08:13:00,0.5358351096510887
2026-08-22 08:14:00,0.5358351096510887
2026-08-22 08:15:00,0.3421500027179718
2026-08-22 08:16:00,0.3421500027179718
2026-08-22 08:17:00,0.3421500027179718
2026-08-22 08:18:00,0.3421500027179718
2026-08-22 08:19:00,0.3421500027179718
2026-08-22 08:20:00,0.292682196944952
2026-08-22 08:21:00,0.292682196944952
2026-08-22 08:22:00,0.292682196944952
2026-08-22 08:23:00,0.292682196944952
2026-08-22 08:24:00,0.292682196944952
2026-08-22 08:25:00,0.22543712332844734
2026-08-22 08:26:00,0.22543712332844734
2026-08-22 08:27:00,0.22543712332844734
2026-08-22 08:28:00,0.22543712332844734
2026-08-22 08:29:00,0.22543712332844734
2026-08-22 08:30:00,0.3767022304236889
2026-08-22 08:31:00,0.3767022304236889
2026-08-22 08:32:00,0.3767022304236889
2026-08-22 08:33:00,0.3767022304236889
2026-08-22 08:34:00,0.3767022304236889
2026-08-22 08:35:00,0.5264431722462177
2026-08-22 08:36:00,0.5264431722462177
2026-08-22 08:37:00,0.5264431722462177
2026-08-22 08:38:00,0.5264431722462177
2026-08-22 08:39:00,0.5264431722462177
2026-08-22 08:40:00,0.7084511145949364
2026-08-22 08:41:00,0.7084511145949364
2026-08-22 08:42:00,0.7084511145949364
2026-08-22 08:43:00,0.7084511145949364
2026-08-22 08:44:00,0.7084511145949364
2026-08-22 08:45:00,0.8929792493581772
2026-08-22 08:46:00,0.8929792493581772
2026-08-22 08:47:00,0.8929792493581772
2026-08-22 08:48:00,0.8929792493581772
2026-08-22 08:49:00,0.8929792493581772
2026-08-22 08:50:00,0.7256962843239307
2026-08-22 08:51:00,0.7256962843239307
2026-08-22 08:52:00,0.7256962843239307
2026-08-22 08:53:00,0.7256962843239307
2026-08-22 08:54:00,0.7256962843239307
2026-08-22 08:55:00,0.558793131262064
2026-08-22 08:56:00,0.558793131262064
2026-08-22 08:57:00,0.558793131262064
2026-08-22 08:58:00,0.558793131262064
2026-08-22 08:59:00,0.558793131262064
2026-08-22 09:00:00,0.3799232430756092
2026-08-22 09:01:00,0.3799232430756092
2026-08-22 09:02:00,0.3799232430756092
2026-08-22 09:03:00,0.3799232430756092
2026-08-22 09:04:00,0.3799232430756092
2026-08-22 09:05:00,0.2017434947192669
2026-08-22 09:06:00,0.2017434947192669
2026-08-22 09:07:00,0.2017434947192669
2026-08-22 09:08:00,0.2017434947192669
2026-08-22 09:09:00,0.2017434947192669
2026-08-22 09:10:00,0.18898404017090797
2026-08-22 09:11:00,0.18898404017090797
2026-08-22 09:12:00,0.18898404017090797
2026-08-22 09:13:00,0.18898404017090797
2026-08-22 09:14:00,0.18898404017090797
2026-08-22 09:15:00,0.17614325135946274
2026-08-22 09:16:00,0.17614325135946274
2026-08-22 09:17:00,0.17614325135946274
2026-08-22 09:18:00,0.17614325135946274
2026-08-22 09:19:00,0.17614325135946274
2026-08-22 09:20:00,0.17524262517690659
2026-08-22 09:21:00,0.17524262517690659
2026-08-22 09:22:00,0.17524262517690659
2026-08-22 09:23:00,0.17524262517690659
2026-08-22 09:24:00,0.17524262517690659
2026-08-22 09:25:00,0.41512489318847656
2026-08-22 09:26:00,0.41512489318847656
2026-08-22 09:27:00,0.41512489318847656
2026-08-22 09:28:00,0.41512489318847656
2026-08-22 09:29:00,0.41512489318847656
2026-08-22 09:30:00,0.6164840646088123
2026-08-22 09:31:00,0.6164840646088123
2026-08-22 09:32:00,0.6164840646088123
2026-08-22 09:33:00,0.6164840646088123
2026-08-22 09:34:00,0.6164840646088123
2026-08-22 09:35:00,0.8180333226919174
2026-08-22 09:36:00,0.8180333226919174
2026-08-22 09:37:00,0.8180333226919174
2026-08-22 09:38:00,0.8180333226919174
2026-08-22 09:39:00,0.8180333226919174
2026-08-22 09:40:00,1.0523596554994583
2026-08-22 09:41:00,1.0523596554994583
2026-08-22 09:42:00,1.0523596554994583
2026-08-22 09:43:00,1.0523596554994583
2026-08-22 09:44:00,1.0523596554994583
2026-08-22 09:45:00,1.0402726978063583
2026-08-22 09:46:00,1.0402726978063583
2026-08-22 09:47:00,1.0402726978063583
2026-08-22 09:48:00,1.0402726978063583
2026-08-22 09:49:00,1.0402726978063583
2026-08-22 09:50:00,1.0751638859510422
2026-08-22 09:51:00,1.0751638859510422
2026-08-22 09:52:00,1.0751638859510422
2026-08-22 09:53:00,1.0751638859510422
2026-08-22 09:54:00,1.0751638859510422
2026-08-22 09:55:00,1.109631508588791
2026-08-22 09:56:00,1.109631508588791
2026-08-22 09:57:00,1.109631508588791
2026-08-22 09:58:00,1.109631508588791
2026-08-22 09:59:00,1.109631508588791
2026-08-22 10:00:00,0.8803660832345486
2026-08-22 10:01:00,0.8803660832345486
2026-08-22 10:02:00,0.8803660832345486
2026-08-22 10:03:00,0.8803660832345486
2026-08-22 10:04:00,0.8803660832345486
2026-08-22 10:05:00,0.6553339958190918
2026-08-22 10:06:00,0.6553339958190918
2026-08-22 10:07:00,0.6553339958190918
2026-08-22 10:08:00,0.6553339958190918
2026-08-22 10:09:00,0.6553339958190918
2026-08-22 10:10:00,0.4253154285252094
2026-08-22 10:11:00,0.4253154285252094
2026-08-22 10:12:00,0.4253154285252094
2026-08-22 10:13:00,0.4253154285252094
2026-08-22 10:14:00,0.4253154285252094
2026-08-22 10:15:00,0.19476283341646194
2026-08-22 10:16:00,0.19476283341646194
2026-08-22 10:17:00,0.19476283341646194
2026-08-22 10:18:00,0.19476283341646194
2026-08-22 10:19:00,0.19476283341646194
2026-08-22 10:20:00,0.19377297163009644
2026-08-22 10:21:00,0.19377297163009644
2026-08-22 10:22:00,0.19377297163009644
2026-08-22 10:23:00,0.19377297163009644
2026-08-22 10:24:00,0.19377297163009644
2026-08-22 10:25:00,0.19285399839282036
2026-08-22 10:26:00,0.19285399839282036
2026-08-22 10:27:00,0.19285399839282036
2026-08-22 10:28:00,0.19285399839282036
2026-08-22 10:29:00,0.19285399839282036
2026-08-22 10:30:00,0.19099394232034683
2026-08-22 10:31:00,0.19099394232034683
2026-08-22 10:32:00,0.19099394232034683
2026-08-22 10:33:00,0.19099394232034683
2026-08-22 10:34:00,0.19099394232034683
2026-08-22 10:35:00,0.19347123056650162
2026-08-22 10:36:00,0.19347123056650162
2026-08-22 10:37:00,0.19347123056650162
2026-08-22 10:38:00,0.19347123056650162
2026-08-22 10:39:00,0.19347123056650162
2026-08-22 10:40:00,0.3929595984518528
2026-08-22 10:41:00,0.3929595984518528
2026-08-22 10:42:00,0.3929595984518528
2026-08-22 10:43:00,0.3929595984518528
2026-08-22 10:44:00,0.3929595984518528
2026-08-22 10:45:00,0.5925220288336277
2026-08-22 10:46:00,0.5925220288336277
2026-08-22 10:47:00,0.5925220288336277
2026-08-22 10:48:00,0.5925220288336277
2026-08-22 10:49:00,0.5925220288336277
2026-08-22 10:50:00,0.7923655994236469
2026-08-22 10:51:00,0.7923655994236469
2026-08-22 10:52:00,0.7923655994236469
2026-08-22 10:53:00,0.7923655994236469
2026-08-22 10:54:00,0.7923655994236469
2026-08-22 10:55:00,0.9890965521335602
2026-08-22 10:56:00,0.9890965521335602
2026-08-22 10:57:00,0.9890965521335602
2026-08-22 10:58:00,0.9890965521335602
2026-08-22 10:59:00,0.9890965521335602
2026-08-22 11:00:00,0.771671712398529
2026-08-22 11:01:00,0.771671712398529
2026-08-22 11:02:00,0.771671712398529
2026-08-22 11:03:00,0.771671712398529
2026-08-22 11:04:00,0.771671712398529
2026-08-22 11:05:00,0.7635039985179901
2026-08-22 11:06:00,0.7635039985179901
2026-08-22 11:07:00,0.7635039985179901
2026-08-22 11:08:00,0.7635039985179901
2026-08-22 11:09:00,0.7635039985179901
2026-08-22 11:10:00,0.7558468878269196
2026-08-22 11:11:00,0.7558468878269196
2026-08-22 11:12:00,0.7558468878269196
2026-08-22 11:13:00,0.7558468878269196
2026-08-22 11:14:00,0.7558468878269196
2026-08-22 11:15:00,0.7375650107860565
2026-08-22 11:16:00,0.7375650107860565
2026-08-22 11:17:00,0.7375650107860565
2026-08-22 11:18:00,0.7375650107860565
2026-08-22 11:19:00,0.7375650107860565
2026-08-22 11:20:00,0.9515903145074844
2026-08-22 11:21:00,0.9515903145074844
2026-08-22 11:22:00,0.9515903145074844
2026-08-22 11:23:00,0.9515903145074844
2026-08-22 11:24:00,0.9515903145074844
2026-08-22 11:25:00,0.9365658760070801
2026-08-22 11:26:00,0.9365658760070801
2026-08-22 11:27:00,0.9365658760070801
2026-08-22 11:28:00,0.9365658760070801
2026-08-22 11:29:00,0.9365658760070801
2026-08-22 11:30:00,0.921421229839325
2026-08-22 11:31:00,0.921421229839325
2026-08-22 11:32:00,0.921421229839325
2026-08-22 11:33:00,0.921421229839325
2026-08-22 11:34:00,0.921421229839325
2026-08-22 11:35:00,0.9275262653827667
2026-08-22 11:36:00,0.9275262653827667
2026-08-22 11:37:00,0.9275262653827667
2026-08-22 11:38:00,0.9275262653827667
2026-08-22 11:39:00,0.9275262653827667
2026-08-22 11:40:00,0.9447212219238281
2026-08-22 11:41:00,0.9447212219238281
2026-08-22 11:42:00,0.9447212219238281
2026-08-22 11:43:00,0.9447212219238281
2026-08-22 11:44:00,0.9447212219238281
2026-08-22 11:45:00,0.922191247344017
2026-08-22 11:46:00,0.922191247344017
2026-08-22 11:47:00,0.922191247344017
2026-08-22 11:48:00,0.922191247344017
2026-08-22 11:49:00,0.922191247344017
2026-08-22 11:50:00,0.9185170084238052
2026-08-22 11:51:00,0.9185170084238052
2026-08-22 11:52:00,0.9185170084238052
2026-08-22 11:53:00,0.9185170084238052
2026-08-22 11:54:00,0.9185170084238052
2026-08-22 11:55:00,0.9004238843917847
2026-08-22 11:56:00,0.9004238843917847
2026-08-22 11:57:00,0.9004238843917847
2026-08-22 11:58:00,0.9004238843917847
2026-08-22 11:59:00,0.9004238843917847
2026-08-22 12:00:00,0.8416561186313629
2026-08-22 12:01:00,0.8416561186313629
2026-08-22 12:02:00,0.8416561186313629
2026-08-22 12:03:00,0.8416561186313629
2026-08-22 12:04:00,0.8416561186313629
2026-08-22 12:05:00,0.854047417640686
2026-08-22 12:06:00,0.854047417640686
2026-08-22 12:07:00,0.854047417640686
2026-08-22 12:08:00,0.854047417640686
2026-08-22 12:09:00,0.854047417640686
2026-08-22 12:10:00,0.8476948738098145
2026-08-22 12:11:00,0.8476948738098145
2026-08-22 12:12:00,0.8476948738098145
2026-08-22 12:13:00,0.8476948738098145
2026-08-22 12:14:00,0.8476948738098145
2026-08-22 12:15:00,0.6958144530653954
2026-08-22 12:16:00,0.6958144530653954
2026-08-22 12:17:00,0.6958144530653954
2026-08-22 12:18:00,0.6958144530653954
2026-08-22 12:19:00,0.6958144530653954
2026-08-22 12:20:00,0.5579250082373619
2026-08-22 12:21:00,0.5579250082373619
2026-08-22 12:22:00,0.5579250082373619
2026-08-22 12:23:00,0.5579250082373619
2026-08-22 12:24:00,0.5579250082373619
2026-08-22 12:25:00,0.4098755121231079
2026-08-22 12:26:00,0.4098755121231079
2026-08-22 12:27:00,0.4098755121231079
2026-08-22 12:28:00,0.4098755121231079
2026-08-22 12:29:00,0.4098755121231079
2026-08-22 12:30:00,0.2608364298939705
2026-08-22 12:31:00,0.2608364298939705
2026-08-22 12:32:00,0.2608364298939705
2026-08-22 12:33:00,0.2608364298939705
2026-08-22 12:34:00,0.2608364298939705
2026-08-22 12:35:00,0.2578092999756336
2026-08-22 12:36:00,0.2578092999756336
2026-08-22 12:37:00,0.2578092999756336
2026-08-22 12:38:00,0.2578092999756336
2026-08-22 12:39:00,0.2578092999756336
2026-08-22 12:40:00,0.26516931876540184
2026-08-22 12:41:00,0.26516931876540184
2026-08-22 12:42:00,0.26516931876540184
2026-08-22 12:43:00,0.26516931876540184
2026-08-22 12:44:00,0.26516931876540184
2026-08-22 12:45:00,0.256586167961359
2026-08-22 12:46:00,0.256586167961359
2026-08-22 12:47:00,0.256586167961359
2026-08-22 12:48:00,0.256586167961359
2026-08-22 12:49:00,0.256586167961359
2026-08-22 12:50:00,0.2500736489892006
2026-08-22 12:51:00,0.2500736489892006
2026-08-22 12:52:00,0.2500736489892006
2026-08-22 12:53:00,0.2500736489892006
2026-08-22 12:54:00,0.2500736489892006
2026-08-22 12:55:00,0.24269477277994156
2026-08-22 12:56:00,0.24269477277994156
2026-08-22 12:57:00,0.24269477277994156
2026-08-22 12:58:00,0.24269477277994156
2026-08-22 12:59:00,0.24269477277994156
2026-08-22 13:00:00,0.23162026330828667
2026-08-22 13:01:00,0.23162026330828667
2026-08-22 13:02:00,0.23162026330828667
2026-08-22 13:03:00,0.23162026330828667
2026-08-22 13:04:00,0.23162026330828667
2026-08-22 13:05:00,0.21721655875444412
2026-08-22 13:06:00,0.21721655875444412
2026-08-22 13:07:00,0.21721655875444412
2026-08-22 13:08:00,0.21721655875444412
2026-08-22 13:09:00,0.21721655875444412
2026-08-22 13:10:00,0.4235944412648678
2026-08-22 13:11:00,0.4235944412648678
2026-08-22 13:12:00,0.4235944412648678
2026-08-22 13:13:00,0.4235944412648678
2026-08-22 13:14:00,0.4235944412648678
2026-08-22 13:15:00,0.6364494636654854
2026-08-22 13:16:00,0.6364494636654854
2026-08-22 13:17:00,0.6364494636654854
2026-08-22 13:18:00,0.6364494636654854
2026-08-22 13:19:00,0.6364494636654854
2026-08-22 13:20:00,0.8438008390367031
2026-08-22 13:21:00,0.8438008390367031
2026-08-22 13:22:00,0.8438008390367031
2026-08-22 13:23:00,0.8438008390367031
2026-08-22 13:24:00,0.8438008390367031
2026-08-22 13:25:00,1.0687609016895294
2026-08-22 13:26:00,1.0687609016895294
2026-08-22 13:27:00,1.0687609016895294
2026-08-22 13:28:00,1.0687609016895294
2026-08-22 13:29:00,1.0687609016895294
2026-08-22 13:30:00,0.8650445938110352
2026-08-22 13:31:00,0.8650445938110352
2026-08-22 13:32:00,0.8650445938110352
2026-08-22 13:33:00,0.8650445938110352
2026-08-22 13:34:00,0.8650445938110352
2026-08-22 13:35:00,0.658610962331295
2026-08-22 13:36:00,0.658610962331295
2026-08-22 13:37:00,0.658610962331295
2026-08-22 13:38:00,0.658610962331295
2026-08-22 13:39:00,0.658610962331295
2026-08-22 13:40:00,0.4511927589774132
2026-08-22 13:41:00,0.4511927589774132
2026-08-22 13:42:00,0.4511927589774132
2026-08-22 13:43:00,0.4511927589774132
2026-08-22 13:44:00,0.4511927589774132
2026-08-22 13:45:00,0.24394730851054192
2026-08-22 13:46:00,0.24394730851054192
2026-08-22 13:47:00,0.24394730851054192
2026-08-22 13:48:00,0.24394730851054192
2026-08-22 13:49:00,0.24394730851054192
2026-08-22 13:50:00,0.24152810499072075
2026-08-22 13:51:00,0.24152810499072075
2026-08-22 13:52:00,0.24152810499072075
2026-08-22 13:53:00,0.24152810499072075
2026-08-22 13:54:00,0.24152810499072075
2026-08-22 13:55:00,0.23903431370854378
2026-08-22 13:56:00,0.23903431370854378
2026-08-22 13:57:00,0.23903431370854378
2026-08-22 13:58:00,0.23903431370854378
2026-08-22 13:59:00,0.23903431370854378
2026-08-22 14:00:00,0.24087654426693916
2026-08-22 14:01:00,0.24087654426693916
2026-08-22 14:02:00,0.24087654426693916
2026-08-22 14:03:00,0.24087654426693916
2026-08-22 14:04:00,0.24087654426693916
2026-08-22 14:05:00,0.2409190721809864
2026-08-22 14:06:00,0.2409190721809864
2026-08-22 14:07:00,0.2409190721809864
2026-08-22 14:08:00,0.2409190721809864
2026-08-22 14:09:00,0.2409190721809864
2026-08-22 14:10:00,0.24347471445798874
2026-08-22 14:11:00,0.24347471445798874
2026-08-22 14:12:00,0.24347471445798874
2026-08-22 14:13:00,0.24347471445798874
2026-08-22 14:14:00,0.24347471445798874
2026-08-22 14:15:00,0.42127684503793716
2026-08-22 14:16:00,0.42127684503793716
2026-08-22 14:17:00,0.42127684503793716
2026-08-22 14:18:00,0.42127684503793716
2026-08-22 14:19:00,0.42127684503793716
2026-08-22 14:20:00,0.5955391898751259
2026-08-22 14:21:00,0.5955391898751259
2026-08-22 14:22:00,0.5955391898751259
2026-08-22 14:23:00,0.5955391898751259
2026-08-22 14:24:00,0.5955391898751259
2026-08-22 14:25:00,0.7709659673273563
2026-08-22 14:26:00,0.7709659673273563
2026-08-22 14:27:00,0.7709659673273563
2026-08-22 14:28:00,0.7709659673273563
2026-08-22 14:29:00,0.7709659673273563
2026-08-22 14:30:00,0.9532372057437897
2026-08-22 14:31:00,0.9532372057437897
2026-08-22 14:32:00,0.9532372057437897
2026-08-22 14:33:00,0.9532372057437897
2026-08-22 14:34:00,0.9532372057437897
2026-08-22 14:35:00,0.7627065032720566
2026-08-22 14:36:00,0.7627065032720566
2026-08-22 14:37:00,0.7627065032720566
2026-08-22 14:38:00,0.7627065032720566
2026-08-22 14:39:00,0.7627065032720566
2026-08-22 14:40:00,0.5727133527398109
2026-08-22 14:41:00,0.5727133527398109
2026-08-22 14:42:00,0.5727133527398109
2026-08-22 14:43:00,0.5727133527398109
2026-08-22 14:44:00,0.5727133527398109
2026-08-22 14:45:00,0.3865988738834858
2026-08-22 14:46:00,0.3865988738834858
2026-08-22 14:47:00,0.3865988738834858
2026-08-22 14:48:00,0.3865988738834858
2026-08-22 14:49:00,0.3865988738834858
2026-08-22 14:50:00,0.1899721510708332
2026-08-22 14:51:00,0.1899721510708332
2026-08-22 14:52:00,0.1899721510708332
2026-08-22 14:53:00,0.1899721510708332
2026-08-22 14:54:00,0.1899721510708332
2026-08-22 14:55:00,0.1904611550271511
2026-08-22 14:56:00,0.1904611550271511
2026-08-22 14:57:00,0.1904611550271511
2026-08-22 14:58:00,0.1904611550271511
2026-08-22 14:59:00,0.1904611550271511
2026-08-22 15:00:00,0.1927231065928936
2026-08-22 15:01:00,0.1927231065928936
2026-08-22 15:02:00,0.1927231065928936
2026-08-22 15:03:00,0.1927231065928936
2026-08-22 15:04:00,0.1927231065928936
2026-08-22 15:05:00,0.19022761657834053
2026-08-22 15:06:00,0.19022761657834053
2026-08-22 15:07:00,0.19022761657834053
2026-08-22 15:08:00,0.19022761657834053
2026-08-22 15:09:00,0.19022761657834053
2026-08-22 15:10:00,0.38046320155262947
2026-08-22 15:11:00,0.38046320155262947
2026-08-22 15:12:00,0.38046320155262947
2026-08-22 15:13:00,0.38046320155262947
2026-08-22 15:14:00,0.38046320155262947
2026-08-22 15:15:00,0.571167316287756
2026-08-22 15:16:00,0.571167316287756
2026-08-22 15:17:00,0.571167316287756
2026-08-22 15:18:00,0.571167316287756
2026-08-22 15:19:00,0.571167316287756
2026-08-22 15:20:00,0.7594591863453388
2026-08-22 15:21:00,0.7594591863453388
2026-08-22 15:22:00,0.7594591863453388
2026-08-22 15:23:00,0.7594591863453388
2026-08-22 15:24:00,0.7594591863453388
2026-08-22 15:25:00,0.9488518536090851
2026-08-22 15:26:00,0.9488518536090851
2026-08-22 15:27:00,0.9488518536090851
2026-08-22 15:28:00,0.9488518536090851
2026-08-22 15:29:00,0.9488518536090851
2026-08-22 15:30:00,0.7539908103644848
2026-08-22 15:31:00,0.7539908103644848
2026-08-22 15:32:00,0.7539908103644848
2026-08-22 15:33:00,0.7539908103644848
2026-08-22 15:34:00,0.7539908103644848
2026-08-22 15:35:00,0.543349202722311
2026-08-22 15:36:00,0.543349202722311
2026-08-22 15:37:00,0.543349202722311
2026-08-22 15:38:00,0.543349202722311
2026-08-22 15:39:00,0.543349202722311
2026-08-22 15:40:00,0.333700617775321
2026-08-22 15:41:00,0.333700617775321
2026-08-22 15:42:00,0.333700617775321
2026-08-22 15:43:00,0.333700617775321
2026-08-22 15:44:00,0.333700617775321
2026-08-22 15:45:00,0.12463541142642498
2026-08-22 15:46:00,0.12463541142642498
2026-08-22 15:47:00,0.12463541142642498
2026-08-22 15:48:00,0.12463541142642498
2026-08-22 15:49:00,0.12463541142642498
2026-08-22 15:50:00,0.10947186313569546
2026-08-22 15:51:00,0.10947186313569546
2026-08-22 15:52:00,0.10947186313569546
2026-08-22 15:53:00,0.10947186313569546
2026-08-22 15:54:00,0.10947186313569546
2026-08-22 15:55:00,0.11167850904166698
2026-08-22 15:56:00,0.11167850904166698
2026-08-22 15:57:00,0.11167850904166698
2026-08-22 15:58:00,0.11167850904166698
2026-08-22 15:59:00,0.11167850904166698
2026-08-22 16:00:00,0.11258478462696075
2026-08-22 16:01:00,0.11258478462696075
2026-08-22 16:02:00,0.11258478462696075
2026-08-22 16:03:00,0.11258478462696075
2026-08-22 16:04:00,0.11258478462696075
2026-08-22 16:05:00,0.11419884487986565
2026-08-22 16:06:00,0.11419884487986565
2026-08-22 16:07:00,0.11419884487986565
2026-08-22 16:08:00,0.11419884487986565
2026-08-22 16:09:00,0.11419884487986565
2026-08-22 16:10:00,0.11707624047994614
2026-08-22 16:11:00,0.11707624047994614
2026-08-22 16:12:00,0.11707624047994614
2026-08-22 16:13:00,0.11707624047994614
2026-08-22 16:14:00,0.11707624047994614
2026-08-22 16:15:00,0.11763987876474857
2026-08-22 16:16:00,0.11763987876474857
2026-08-22 16:17:00,0.11763987876474857
2026-08-22 16:18:00,0.11763987876474857
2026-08-22 16:19:00,0.11763987876474857
2026-08-22 16:20:00,0.11857718601822853
2026-08-22 16:21:00,0.11857718601822853
2026-08-22 16:22:00,0.11857718601822853
2026-08-22 16:23:00,0.11857718601822853
2026-08-22 16:24:00,0.11857718601822853
2026-08-22 16:25:00,0.11846496909856796
2026-08-22 16:26:00,0.11846496909856796
2026-08-22 16:27:00,0.11846496909856796
2026-08-22 16:28:00,0.11846496909856796
2026-08-22 16:29:00,0.11846496909856796
2026-08-22 16:30:00,0.4310798719525337
2026-08-22 16:31:00,0.4310798719525337
2026-08-22 16:32:00,0.4310798719525337
2026-08-22 16:33:00,0.4310798719525337
2026-08-22 16:34:00,0.4310798719525337
2026-08-22 16:35:00,0.7434827666729689
2026-08-22 16:36:00,0.7434827666729689
2026-08-22 16:37:00,0.7434827666729689
2026-08-22 16:38:00,0.7434827666729689
2026-08-22 16:39:00,0.7434827666729689
2026-08-22 16:40:00,1.0561705753207207
2026-08-22 16:41:00,1.0561705753207207
2026-08-22 16:42:00,1.0561705753207207
2026-08-22 16:43:00,1.0561705753207207
2026-08-22 16:44:00,1.0561705753207207
2026-08-22 16:45:00,1.3687663078308105
2026-08-22 16:46:00,1.3687663078308105
2026-08-22 16:47:00,1.3687663078308105
2026-08-22 16:48:00,1.3687663078308105
2026-08-22 16:49:00,1.3687663078308105
2026-08-22 16:50:00,1.3526782095432281
2026-08-22 16:51:00,1.3526782095432281
2026-08-22 16:52:00,1.3526782095432281
2026-08-22 16:53:00,1.3526782095432281
2026-08-22 16:54:00,1.3526782095432281
2026-08-22 16:55:00,1.0551364831626415
2026-08-22 16:56:00,1.0551364831626415
2026-08-22 16:57:00,1.0551364831626415
2026-08-22 16:58:00,1.0551364831626415
2026-08-22 16:59:00,1.0551364831626415
2026-08-22 17:00:00,0.7578878998756409
2026-08-22 17:01:00,0.7578878998756409
2026-08-22 17:02:00,0.7578878998756409
2026-08-22 17:03:00,0.7578878998756409
2026-08-22 17:04:00,0.7578878998756409
2026-08-22 17:05:00,0.4602324962615967
2026-08-22 17:06:00,0.4602324962615967
2026-08-22 17:07:00,0.4602324962615967
2026-08-22 17:08:00,0.4602324962615967
2026-08-22 17:09:00,0.4602324962615967
2026-08-22 17:10:00,0.17727769538760185
2026-08-22 17:11:00,0.17727769538760185
2026-08-22 17:12:00,0.17727769538760185
2026-08-22 17:13:00,0.17727769538760185
2026-08-22 17:14:00,0.17727769538760185
2026-08-22 17:15:00,0.1751762479543686
2026-08-22 17:16:00,0.1751762479543686
2026-08-22 17:17:00,0.1751762479543686
2026-08-22 17:18:00,0.1751762479543686
2026-08-22 17:19:00,0.1751762479543686
2026-08-22 17:20:00,0.39153074845671654
2026-08-22 17:21:00,0.39153074845671654
2026-08-22 17:22:00,0.39153074845671654
2026-08-22 17:23:00,0.39153074845671654
2026-08-22 17:24:00,0.39153074845671654
2026-08-22 17:25:00,0.6083579026162624
2026-08-22 17:26:00,0.6083579026162624
2026-08-22 17:27:00,0.6083579026162624
2026-08-22 17:28:00,0.6083579026162624
2026-08-22 17:29:00,0.6083579026162624
2026-08-22 17:30:00,0.825818732380867
2026-08-22 17:31:00,0.825818732380867
2026-08-22 17:32:00,0.825818732380867
2026-08-22 17:33:00,0.825818732380867
2026-08-22 17:34:00,0.825818732380867
2026-08-22 17:35:00,1.0446035265922546
2026-08-22 17:36:00,1.0446035265922546
2026-08-22 17:37:00,1.0446035265922546
2026-08-22 17:38:00,1.0446035265922546
2026-08-22 17:39:00,1.0446035265922546
2026-08-22 17:40:00,0.8420322947204113
2026-08-22 17:41:00,0.8420322947204113
2026-08-22 17:42:00,0.8420322947204113
2026-08-22 17:43:00,0.8420322947204113
2026-08-22 17:44:00,0.8420322947204113
2026-08-22 17:45:00,0.6389308646321297
2026-08-22 17:46:00,0.6389308646321297
2026-08-22 17:47:00,0.6389308646321297
2026-08-22 17:48:00,0.6389308646321297
2026-08-22 17:49:00,0.6389308646321297
2026-08-22 17:50:00,0.4384258836507797
2026-08-22 17:51:00,0.4384258836507797
2026-08-22 17:52:00,0.4384258836507797
2026-08-22 17:53:00,0.4384258836507797
2026-08-22 17:54:00,0.4384258836507797
2026-08-22 17:55:00,0.23977462202310562
2026-08-22 17:56:00,0.23977462202310562
2026-08-22 17:57:00,0.23977462202310562
2026-08-22 17:58:00,0.23977462202310562
2026-08-22 17:59:00,0.23977462202310562
2026-08-22 18:00:00,0.24347395822405815
2026-08-22 18:01:00,0.24347395822405815
2026-08-22 18:02:00,0.24347395822405815
2026-08-22 18:03:00,0.24347395822405815
2026-08-22 18:04:00,0.24347395822405815
2026-08-22 18:05:00,0.2483561709523201
2026-08-22 18:06:00,0.2483561709523201
2026-08-22 18:07:00,0.2483561709523201
2026-08-22 18:08:00,0.2483561709523201
2026-08-22 18:09:00,0.2483561709523201
2026-08-22 18:10:00,0.243571475148201
2026-08-22 18:11:00,0.243571475148201
2026-08-22 18:12:00,0.243571475148201
2026-08-22 18:13:00,0.243571475148201
2026-08-22 18:14:00,0.243571475148201
2026-08-22 18:15:00,0.2369839884340763
2026-08-22 18:16:00,0.2369839884340763
2026-08-22 18:17:00,0.2369839884340763
2026-08-22 18:18:00,0.2369839884340763
2026-08-22 18:19:00,0.2369839884340763
2026-08-22 18:20:00,0.23299424350261688
2026-08-22 18:21:00,0.23299424350261688
2026-08-22 18:22:00,0.23299424350261688
2026-08-22 18:23:00,0.23299424350261688
2026-08-22 18:24:00,0.23299424350261688
2026-08-22 18:25:00,0.4862670227885246
2026-08-22 18:26:00,0.4862670227885246
2026-08-22 18:27:00,0.4862670227885246
2026-08-22 18:28:00,0.4862670227885246
2026-08-22 18:29:00,0.4862670227885246
2026-08-22 18:30:00,0.7478874400258064
2026-08-22 18:31:00,0.7478874400258064
2026-08-22 18:32:00,0.7478874400258064
2026-08-22 18:33:00,0.7478874400258064
2026-08-22 18:34:00,0.7478874400258064
2026-08-22 18:35:00,1.0099655650556087
2026-08-22 18:36:00,1.0099655650556087
2026-08-22 18:37:00,1.0099655650556087
2026-08-22 18:38:00,1.0099655650556087
2026-08-22 18:39:00,1.0099655650556087
2026-08-22 18:40:00,1.2884947955608368
2026-08-22 18:41:00,1.2884947955608368
2026-08-22 18:42:00,1.2884947955608368
2026-08-22 18:43:00,1.2884947955608368
2026-08-22 18:44:00,1.2884947955608368
2026-08-22 18:45:00,1.2742217481136322
2026-08-22 18:46:00,1.2742217481136322
2026-08-22 18:47:00,1.2742217481136322
2026-08-22 18:48:00,1.2742217481136322
2026-08-22 18:49:00,1.2742217481136322
2026-08-22 18:50:00,1.2051451355218887
2026-08-22 18:51:00,1.2051451355218887
2026-08-22 18:52:00,1.2051451355218887
2026-08-22 18:53:00,1.2051451355218887
2026-08-22 18:54:00,1.2051451355218887
2026-08-22 18:55:00,1.097657024860382
2026-08-22 18:56:00,1.097657024860382
2026-08-22 18:57:00,1.097657024860382
2026-08-22 18:58:00,1.097657024860382
2026-08-22 18:59:00,1.097657024860382
2026-08-22 19:00:00,0.9540095031261444
2026-08-22 19:01:00,0.9540095031261444
2026-08-22 19:02:00,0.9540095031261444
2026-08-22 19:03:00,0.9540095031261444
2026-08-22 19:04:00,0.9540095031261444
2026-08-22 19:05:00,0.6956115812063217
2026-08-22 19:06:00,0.6956115812063217
2026-08-22 19:07:00,0.6956115812063217
2026-08-22 19:08:00,0.6956115812063217
2026-08-22 19:09:00,0.6956115812063217
2026-08-22 19:10:00,0.48363788053393364
2026-08-22 19:11:00,0.48363788053393364
2026-08-22 19:12:00,0.48363788053393364
2026-08-22 19:13:00,0.48363788053393364
2026-08-22 19:14:00,0.48363788053393364
2026-08-22 19:15:00,0.3088397644460201
2026-08-22 19:16:00,0.3088397644460201
2026-08-22 19:17:00,0.3088397644460201
2026-08-22 19:18:00,0.3088397644460201
2026-08-22 19:19:00,0.3088397644460201
2026-08-22 19:20:00,0.16146082803606987
2026-08-22 19:21:00,0.16146082803606987
2026-08-22 19:22:00,0.16146082803606987
2026-08-22 19:23:00,0.16146082803606987
2026-08-22 19:24:00,0.16146082803606987
2026-08-22 19:25:00,0.16099674254655838
2026-08-22 19:26:00,0.16099674254655838
2026-08-22 19:27:00,0.16099674254655838
2026-08-22 19:28:00,0.16099674254655838
2026-08-22 19:29:00,0.16099674254655838
2026-08-22 19:30:00,0.16647043824195862
2026-08-22 19:31:00,0.16647043824195862
2026-08-22 19:32:00,0.16647043824195862
2026-08-22 19:33:00,0.16647043824195862
2026-08-22 19:34:00,0.16647043824195862
2026-08-22 19:35:00,0.1717480570077896
2026-08-22 19:36:00,0.1717480570077896
2026-08-22 19:37:00,0.1717480570077896
2026-08-22 19:38:00,0.1717480570077896
2026-08-22 19:39:00,0.1717480570077896
2026-08-22 19:40:00,0.16729364916682243
2026-08-22 19:41:00,0.16729364916682243
2026-08-22 19:42:00,0.16729364916682243
2026-08-22 19:43:00,0.16729364916682243
2026-08-22 19:44:00,0.16729364916682243
2026-08-22 19:45:00,0.16289033368229866
2026-08-22 19:46:00,0.16289033368229866
2026-08-22 19:47:00,0.16289033368229866
2026-08-22 19:48:00,0.16289033368229866
2026-08-22 19:49:00,0.16289033368229866
2026-08-22 19:50:00,0.15049521252512932
2026-08-22 19:51:00,0.15049521252512932
2026-08-22 19:52:00,0.15049521252512932
2026-08-22 19:53:00,0.15049521252512932
2026-08-22 19:54:00,0.15049521252512932
2026-08-22 19:55:00,0.13944974355399609
2026-08-22 19:56:00,0.13944974355399609
2026-08-22 19:57:00,0.13944974355399609
2026-08-22 19:58:00,0.13944974355399609
2026-08-22 19:59:00,0.13944974355399609
2026-08-22 20:00:00,0.12715333327651024
2026-08-22 20:01:00,0.12715333327651024
2026-08-22 20:02:00,0.12715333327651024
2026-08-22 20:03:00,0.12715333327651024
2026-08-22 20:04:00,0.12715333327651024
2026-08-22 20:05:00,0.1079984288662672
2026-08-22 20:06:00,0.1079984288662672
2026-08-22 20:07:00,0.1079984288662672
2026-08-22 20:08:00,0.1079984288662672
2026-08-22 20:09:00,0.1079984288662672
2026-08-22 20:10:00,0.09510828740894794
2026-08-22 20:11:00,0.09510828740894794
2026-08-22 20:12:00,0.09510828740894794
2026-08-22 20:13:00,0.09510828740894794
2026-08-22 20:14:00,0.09510828740894794
2026-08-22 20:15:00,0.0792278628796339
2026-08-22 20:16:00,0.0792278628796339
2026-08-22 20:17:00,0.0792278628796339
2026-08-22 20:18:00,0.0792278628796339
2026-08-22 20:19:00,0.0792278628796339
2026-08-22 20:20:00,0.06282282248139381
2026-08-22 20:21:00,0.06282282248139381
2026-08-22 20:22:00,0.06282282248139381
2026-08-22 20:23:00,0.06282282248139381
2026-08-22 20:24:00,0.06282282248139381
2026-08-22 20:25:00,0.0576753243803978
2026-08-22 20:26:00,0.0576753243803978
2026-08-22 20:27:00,0.0576753243803978
2026-08-22 20:28:00,0.0576753243803978
2026-08-22 20:29:00,0.0576753243803978
2026-08-22 20:30:00,0.0554217416793108
2026-08-22 20:31:00,0.0554217416793108
2026-08-22 20:32:00,0.0554217416793108
2026-08-22 20:33:00,0.0554217416793108
2026-08-22 20:34:00,0.0554217416793108
2026-08-22 20:35:00,0.05437763035297394
2026-08-22 20:36:00,0.05437763035297394
2026-08-22 20:37:00,0.05437763035297394
2026-08-22 20:38:00,0.05437763035297394
2026-08-22 20:39:00,0.05437763035297394
2026-08-22 20:40:00,0.05540646333247423
2026-08-22 20:41:00,0.05540646333247423
2026-08-22 20:42:00,0.05540646333247423
2026-08-22 20:43:00,0.05540646333247423
2026-08-22 20:44:00,0.05540646333247423
2026-08-22 20:45:00,0.053638722747564316
2026-08-22 20:46:00,0.053638722747564316
2026-08-22 20:47:00,0.053638722747564316
2026-08-22 20:48:00,0.053638722747564316
2026-08-22 20:49:00,0.053638722747564316
2026-08-22 20:50:00,0.05123842507600784
2026-08-22 20:51:00,0.05123842507600784
2026-08-22 20:52:00,0.05123842507600784
2026-08-22 20:53:00,0.05123842507600784
2026-08-22 20:54:00,0.05123842507600784
2026-08-22 20:55:00,0.05065719597041607
2026-08-22 20:56:00,0.05065719597041607
2026-08-22 20:57:00,0.05065719597041607
2026-08-22 20:58:00,0.05065719597041607
2026-08-22 20:59:00,0.05065719597041607
2026-08-22 21:00:00,0.0478068683296442
2026-08-22 21:01:00,0.0478068683296442
2026-08-22 21:02:00,0.0478068683296442
2026-08-22 21:03:00,0.0478068683296442
2026-08-22 21:04:00,0.0478068683296442
2026-08-22 21:05:00,0.04611220955848694
2026-08-22 21:06:00,0.04611220955848694
2026-08-22 21:07:00,0.04611220955848694
2026-08-22 21:08:00,0.04611220955848694
2026-08-22 21:09:00,0.04611220955848694
2026-08-22 21:10:00,0.046155719086527824
2026-08-22 21:11:00,0.046155719086527824
2026-08-22 21:12:00,0.046155719086527824
2026-08-22 21:13:00,0.046155719086527824
2026-08-22 21:14:00,0.046155719086527824
2026-08-22 21:15:00,0.046471561305224895
2026-08-22 21:16:00,0.046471561305224895
2026-08-22 21:17:00,0.046471561305224895
2026-08-22 21:18:00,0.046471561305224895
2026-08-22 21:19:00,0.046471561305224895
2026-08-22 21:20:00,0.30359126813709736
2026-08-22 21:21:00,0.30359126813709736
2026-08-22 21:22:00,0.30359126813709736
2026-08-22 21:23:00,0.30359126813709736
2026-08-22 21:24:00,0.30359126813709736
2026-08-22 21:25:00,0.5604065088555217
2026-08-22 21:26:00,0.5604065088555217
2026-08-22 21:27:00,0.5604065088555217
2026-08-22 21:28:00,0.5604065088555217
2026-08-22 21:29:00,0.5604065088555217
2026-08-22 21:30:00,0.8162718703970313
2026-08-22 21:31:00,0.8162718703970313
2026-08-22 21:32:00,0.8162718703970313
2026-08-22 21:33:00,0.8162718703970313
2026-08-22 21:34:00,0.8162718703970313
2026-08-22 21:35:00,1.0714792907238007
2026-08-22 21:36:00,1.0714792907238007
2026-08-22 21:37:00,1.0714792907238007
2026-08-22 21:38:00,1.0714792907238007
2026-08-22 21:39:00,1.0714792907238007
2026-08-22 21:40:00,0.861300703138113
2026-08-22 21:41:00,0.861300703138113
2026-08-22 21:42:00,0.861300703138113
2026-08-22 21:43:00,0.861300703138113
2026-08-22 21:44:00,0.861300703138113
2026-08-22 21:45:00,0.6501371338963509
2026-08-22 21:46:00,0.6501371338963509
2026-08-22 21:47:00,0.6501371338963509
2026-08-22 21:48:00,0.6501371338963509
2026-08-22 21:49:00,0.6501371338963509
2026-08-22 21:50:00,0.44014962017536163
2026-08-22 21:51:00,0.44014962017536163
2026-08-22 21:52:00,0.44014962017536163
2026-08-22 21:53:00,0.44014962017536163
2026-08-22 21:54:00,0.44014962017536163
2026-08-22 21:55:00,0.2275177612900734
2026-08-22 21:56:00,0.2275177612900734
2026-08-22 21:57:00,0.2275177612900734
2026-08-22 21:58:00,0.2275177612900734
2026-08-22 21:59:00,0.2275177612900734
2026-08-22 22:00:00,0.22588571161031723
2026-08-22 22:01:00,0.22588571161031723
2026-08-22 22:02:00,0.22588571161031723
2026-08-22 22:03:00,0.22588571161031723
2026-08-22 22:04:00,0.22588571161031723
2026-08-22 22:05:00,0.22550645843148232
2026-08-22 22:06:00,0.22550645843148232
2026-08-22 22:07:00,0.22550645843148232
2026-08-22 22:08:00,0.22550645843148232
2026-08-22 22:09:00,0.22550645843148232
2026-08-22 22:10:00,0.22167427837848663
2026-08-22 22:11:00,0.22167427837848663
2026-08-22 22:12:00,0.22167427837848663
2026-08-22 22:13:00,0.22167427837848663
2026-08-22 22:14:00,0.22167427837848663
2026-08-22 22:15:00,0.22024214640259743
2026-08-22 22:16:00,0.22024214640259743
2026-08-22 22:17:00,0.22024214640259743
2026-08-22 22:18:00,0.22024214640259743
2026-08-22 22:19:00,0.22024214640259743
2026-08-22 22:20:00,0.21890347450971603
2026-08-22 22:21:00,0.21890347450971603
2026-08-22 22:22:00,0.21890347450971603
2026-08-22 22:23:00,0.21890347450971603
2026-08-22 22:24:00,0.21890347450971603
2026-08-22 22:25:00,0.2168993502855301
2026-08-22 22:26:00,0.2168993502855301
2026-08-22 22:27:00,0.2168993502855301
2026-08-22 22:28:00,0.2168993502855301
2026-08-22 22:29:00,0.2168993502855301
2026-08-22 22:30:00,0.21605350077152252
2026-08-22 22:31:00,0.21605350077152252
2026-08-22 22:32:00,0.21605350077152252
2026-08-22 22:33:00,0.21605350077152252
2026-08-22 22:34:00,0.21605350077152252
2026-08-22 22:35:00,0.21791959926486015
2026-08-22 22:36:00,0.21791959926486015
2026-08-22 22:37:00,0.21791959926486015
2026-08-22 22:38:00,0.21791959926486015
2026-08-22 22:39:00,0.21791959926486015
2026-08-22 22:40:00,0.17944366484880447
2026-08-22 22:41:00,0.17944366484880447
2026-08-22 22:42:00,0.17944366484880447
2026-08-22 22:43:00,0.17944366484880447
2026-08-22 22:44:00,0.17944366484880447
2026-08-22 22:45:00,0.14812162518501282
2026-08-22 22:46:00,0.14812162518501282
2026-08-22 22:47:00,0.14812162518501282
2026-08-22 22:48:00,0.14812162518501282
2026-08-22 22:49:00,0.14812162518501282
2026-08-22 22:50:00,0.11974594928324223
2026-08-22 22:51:00,0.11974594928324223
2026-08-22 22:52:00,0.11974594928324223
2026-08-22 22:53:00,0.11974594928324223
2026-08-22 22:54:00,0.11974594928324223
2026-08-22 22:55:00,0.08665650151669979
2026-08-22 22:56:00,0.08665650151669979
2026-08-22 22:57:00,0.08665650151669979
2026-08-22 22:58:00,0.08665650151669979
2026-08-22 22:59:00,0.08665650151669979
2026-08-22 23:00:00,0.0921066477894783
2026-08-22 23:01:00,0.0921066477894783
2026-08-22 23:02:00,0.0921066477894783
2026-08-22 23:03:00,0.0921066477894783
2026-08-22 23:04:00,0.0921066477894783
2026-08-22 23:05:00,0.08372321352362633
2026-08-22 23:06:00,0.08372321352362633
2026-08-22 23:07:00,0.08372321352362633
2026-08-22 23:08:00,0.08372321352362633
2026-08-22 23:09:00,0.08372321352362633
2026-08-22 23:10:00,0.07301428448408842
2026-08-22 23:11:00,0.07301428448408842
2026-08-22 23:12:00,0.07301428448408842
2026-08-22 23:13:00,0.07301428448408842
2026-08-22 23:14:00,0.07301428448408842
2026-08-22 23:15:00,0.06361171044409275
2026-08-22 23:16:00,0.06361171044409275
2026-08-22 23:17:00,0.06361171044409275
2026-08-22 23:18:00,0.06361171044409275
2026-08-22 23:19:00,0.06361171044409275
2026-08-22 23:20:00,0.05692812241613865
2026-08-22 23:21:00,0.05692812241613865
2026-08-22 23:22:00,0.05692812241613865
2026-08-22 23:23:00,0.05692812241613865
2026-08-22 23:24:00,0.05692812241613865
2026-08-22 23:25:00,0.05786857195198536
2026-08-22 23:26:00,0.05786857195198536
2026-08-22 23:27:00,0.05786857195198536
2026-08-22 23:28:00,0.05786857195198536
2026-08-22 23:29:00,0.05786857195198536
2026-08-22 23:30:00,0.06075481232255697
2026-08-22 23:31:00,0.06075481232255697
2026-08-22 23:32:00,0.06075481232255697
2026-08-22 23:33:00,0.06075481232255697
2026-08-22 23:34:00,0.06075481232255697
2026-08-22 23:35:00,0.06683233007788658
2026-08-22 23:36:00,0.06683233007788658
2026-08-22 23:37:00,0.06683233007788658
2026-08-22 23:38:00,0.06683233007788658
2026-08-22 23:39:00,0.06683233007788658
2026-08-22 23:40:00,0.0715277437120676
2026-08-22 23:41:00,0.0715277437120676
2026-08-22 23:42:00,0.0715277437120676
2026-08-22 23:43:00,0.0715277437120676
2026-08-22 23:44:00,0.0715277437120676
2026-08-22 23:45:00,0.3610872533172369
2026-08-22 23:46:00,0.3610872533172369
2026-08-22 23:47:00,0.3610872533172369
2026-08-22 23:48:00,0.3610872533172369
2026-08-22 23:49:00,0.3610872533172369
2026-08-22 23:50:00,0.6489602811634541
2026-08-22 23:51:00,0.6489602811634541
2026-08-22 23:52:00,0.6489602811634541
2026-08-22 23:53:00,0.6489602811634541
2026-08-22 23:54:00,0.6489602811634541
2026-08-22 23:55:00,0.9343604557216167
2026-08-22 23:56:00,0.9343604557216167
2026-08-22 23:57:00,0.9343604557216167
2026-08-22 23:58:00,0.9343604557216167
2026-08-22 23:59:00,0.9343604557216167
2026-08-23 00:00:00,1.2192606031894684
2026-08-23 00:01:00,1.2192606031894684
2026-08-23 00:02:00,1.2192606031894684
2026-08-23 00:03:00,1.2192606031894684
2026-08-23 00:04:00,1.2192606031894684
2026-08-23 00:05:00,0.9634206369519234
2026-08-23 00:06:00,0.9634206369519234
2026-08-23 00:07:00,0.9634206369519234
2026-08-23 00:08:00,0.9634206369519234
2026-08-23 00:09:00,0.9634206369519234
2026-08-23 00:10:00,0.7062734924256802
2026-08-23 00:11:00,0.7062734924256802
2026-08-23 00:12:00,0.7062734924256802
2026-08-23 00:13:00,0.7062734924256802
2026-08-23 00:14:00,0.7062734924256802
2026-08-23 00:15:00,0.44969717040657997
2026-08-23 00:16:00,0.44969717040657997
2026-08-23 00:17:00,0.44969717040657997
2026-08-23 00:18:00,0.44969717040657997
2026-08-23 00:19:00,0.44969717040657997
2026-08-23 00:20:00,0.1924382522702217
2026-08-23 00:21:00,0.1924382522702217
2026-08-23 00:22:00,0.1924382522702217
2026-08-23 00:23:00,0.1924382522702217
2026-08-23 00:24:00,0.1924382522702217
2026-08-23 00:25:00,0.1917414329946041
2026-08-23 00:26:00,0.1917414329946041
2026-08-23 00:27:00,0.1917414329946041
2026-08-23 00:28:00,0.1917414329946041
2026-08-23 00:29:00,0.1917414329946041
2026-08-23 00:30:00,0.19281360134482384
2026-08-23 00:31:00,0.19281360134482384
2026-08-23 00:32:00,0.19281360134482384
2026-08-23 00:33:00,0.19281360134482384
2026-08-23 00:34:00,0.19281360134482384
2026-08-23 00:35:00,0.19450027868151665
2026-08-23 00:36:00,0.19450027868151665
2026-08-23 00:37:00,0.19450027868151665
2026-08-23 00:38:00,0.19450027868151665
2026-08-23 00:39:00,0.19450027868151665
2026-08-23 00:40:00,0.1989251933991909
2026-08-23 00:41:00,0.1989251933991909
2026-08-23 00:42:00,0.1989251933991909
2026-08-23 00:43:00,0.1989251933991909
2026-08-23 00:44:00,0.1989251933991909
2026-08-23 00:45:00,0.20362736284732819
2026-08-23 00:46:00,0.20362736284732819
2026-08-23 00:47:00,0.20362736284732819
2026-08-23 00:48:00,0.20362736284732819
2026-08-23 00:49:00,0.20362736284732819
2026-08-23 00:50:00,0.2073117010295391
2026-08-23 00:51:00,0.2073117010295391
2026-08-23 00:52:00,0.2073117010295391
2026-08-23 00:53:00,0.2073117010295391
2026-08-23 00:54:00,0.2073117010295391
2026-08-23 00:55:00,0.2087256833910942
2026-08-23 00:56:00,0.2087256833910942
2026-08-23 00:57:00,0.2087256833910942
2026-08-23 00:58:00,0.2087256833910942
2026-08-23 00:59:00,0.2087256833910942
2026-08-23 01:00:00,0.2062704600393772
2026-08-23 01:01:00,0.2062704600393772
2026-08-23 01:02:00,0.2062704600393772
2026-08-23 01:03:00,0.2062704600393772
2026-08-23 01:04:00,0.2062704600393772
2026-08-23 01:05:00,0.16816471796482801
2026-08-23 01:06:00,0.16816471796482801
2026-08-23 01:07:00,0.16816471796482801
2026-08-23 01:08:00,0.16816471796482801
2026-08-23 01:09:00,0.16816471796482801
2026-08-23 01:10:00,0.13085695914924145
2026-08-23 01:11:00,0.13085695914924145
2026-08-23 01:12:00,0.13085695914924145
2026-08-23 01:13:00,0.13085695914924145
2026-08-23 01:14:00,0.13085695914924145
2026-08-23 01:15:00,0.09456847328692675
2026-08-23 01:16:00,0.09456847328692675
2026-08-23 01:17:00,0.09456847328692675
2026-08-23 01:18:00,0.09456847328692675
2026-08-23 01:19:00,0.09456847328692675
2026-08-23 01:20:00,0.05876368377357721
2026-08-23 01:21:00,0.05876368377357721
2026-08-23 01:22:00,0.05876368377357721
2026-08-23 01:23:00,0.05876368377357721
2026-08-23 01:24:00,0.05876368377357721
2026-08-23 01:25:00,0.05623461678624153
2026-08-23 01:26:00,0.05623461678624153
2026-08-23 01:27:00,0.05623461678624153
2026-08-23 01:28:00,0.05623461678624153
2026-08-23 01:29:00,0.05623461678624153
2026-08-23 01:30:00,0.053809843957424164
2026-08-23 01:31:00,0.053809843957424164
2026-08-23 01:32:00,0.053809843957424164
2026-08-23 01:33:00,0.053809843957424164
2026-08-23 01:34:00,0.053809843957424164
2026-08-23 01:35:00,0.05092984531074762
2026-08-23 01:36:00,0.05092984531074762
2026-08-23 01:37:00,0.05092984531074762
2026-08-23 01:38:00,0.05092984531074762
2026-08-23 01:39:00,0.05092984531074762
2026-08-23 01:40:00,0.049163248389959335
2026-08-23 01:41:00,0.049163248389959335
2026-08-23 01:42:00,0.049163248389959335
2026-08-23 01:43:00,0.049163248389959335
2026-08-23 01:44:00,0.049163248389959335
2026-08-23 01:45:00,0.04968730453401804
2026-08-23 01:46:00,0.04968730453401804
2026-08-23 01:47:00,0.04968730453401804
2026-08-23 01:48:00,0.04968730453401804
2026-08-23 01:49:00,0.04968730453401804
2026-08-23 01:50:00,0.04943409003317356
2026-08-23 01:51:00,0.04943409003317356
2026-08-23 01:52:00,0.04943409003317356
2026-08-23 01:53:00,0.04943409003317356
2026-08-23 01:54:00,0.04943409003317356
2026-08-23 01:55:00,0.049652778543531895
2026-08-23 01:56:00,0.049652778543531895
2026-08-23 01:57:00,0.049652778543531895
2026-08-23 01:58:00,0.049652778543531895
2026-08-23 01:59:00,0.049652778543531895
2026-08-23 02:00:00,0.055278465151786804
2026-08-23 02:01:00,0.055278465151786804
2026-08-23 02:02:00,0.055278465151786804
2026-08-23 02:03:00,0.055278465151786804
2026-08-23 02:04:00,0.055278465151786804
2026-08-23 02:05:00,0.06449574884027243
2026-08-23 02:06:00,0.06449574884027243
2026-08-23 02:07:00,0.06449574884027243
2026-08-23 02:08:00,0.06449574884027243
2026-08-23 02:09:00,0.06449574884027243
2026-08-23 02:10:00,0.07573533896356821
2026-08-23 02:11:00,0.07573533896356821
2026-08-23 02:12:00,0.07573533896356821
2026-08-23 02:13:00,0.07573533896356821
2026-08-23 02:14:00,0.07573533896356821
2026-08-23 02:15:00,0.08580088801681995
2026-08-23 02:16:00,0.08580088801681995
2026-08-23 02:17:00,0.08580088801681995
2026-08-23 02:18:00,0.08580088801681995
2026-08-23 02:19:00,0.08580088801681995
2026-08-23 02:20:00,0.08857947401702404
2026-08-23 02:21:00,0.08857947401702404
2026-08-23 02:22:00,0.08857947401702404
2026-08-23 02:23:00,0.08857947401702404
2026-08-23 02:24:00,0.08857947401702404
2026-08-23 02:25:00,0.34218019992113113
2026-08-23 02:26:00,0.34218019992113113
2026-08-23 02:27:00,0.34218019992113113
2026-08-23 02:28:00,0.34218019992113113
2026-08-23 02:29:00,0.34218019992113113
2026-08-23 02:30:00,0.5943446662276983
2026-08-23 02:31:00,0.5943446662276983
2026-08-23 02:32:00,0.5943446662276983
2026-08-23 02:33:00,0.5943446662276983
2026-08-23 02:34:00,0.5943446662276983
2026-08-23 02:35:00,0.8478914517909288
2026-08-23 02:36:00,0.8478914517909288
2026-08-23 02:37:00,0.8478914517909288
2026-08-23 02:38:00,0.8478914517909288
2026-08-23 02:39:00,0.8478914517909288
2026-08-23 02:40:00,1.1037397980690002
2026-08-23 02:41:00,1.1037397980690002
2026-08-23 02:42:00,1.1037397980690002
2026-08-23 02:43:00,1.1037397980690002
2026-08-23 02:44:00,1.1037397980690002
2026-08-23 02:45:00,0.9201341047883034
2026-08-23 02:46:00,0.9201341047883034
2026-08-23 02:47:00,0.9201341047883034
2026-08-23 02:48:00,0.9201341047883034
2026-08-23 02:49:00,0.9201341047883034
2026-08-23 02:50:00,0.7376019582152367
2026-08-23 02:51:00,0.7376019582152367
2026-08-23 02:52:00,0.7376019582152367
2026-08-23 02:53:00,0.7376019582152367
2026-08-23 02:54:00,0.7376019582152367
2026-08-23 02:55:00,0.5426512882113457
2026-08-23 02:56:00,0.5426512882113457
2026-08-23 02:57:00,0.5426512882113457
2026-08-23 02:58:00,0.5426512882113457
2026-08-23 02:59:00,0.5426512882113457
2026-08-23 03:00:00,0.34666597843170166
2026-08-23 03:01:00,0.34666597843170166
2026-08-23 03:02:00,0.34666597843170166
2026-08-23 03:03:00,0.34666597843170166
2026-08-23 03:04:00,0.34666597843170166
2026-08-23 03:05:00,0.3345344364643097
2026-08-23 03:06:00,0.3345344364643097
2026-08-23 03:07:00,0.3345344364643097
2026-08-23 03:08:00,0.3345344364643097
2026-08-23 03:09:00,0.3345344364643097
2026-08-23 03:10:00,0.32151053845882416
2026-08-23 03:11:00,0.32151053845882416
2026-08-23 03:12:00,0.32151053845882416
2026-08-23 03:13:00,0.32151053845882416
2026-08-23 03:14:00,0.32151053845882416
2026-08-23 03:15:00,0.3010249175131321
2026-08-23 03:16:00,0.3010249175131321
2026-08-23 03:17:00,0.3010249175131321
2026-08-23 03:18:00,0.3010249175131321
2026-08-23 03:19:00,0.3010249175131321
2026-08-23 03:20:00,0.2823910489678383
2026-08-23 03:21:00,0.2823910489678383
2026-08-23 03:22:00,0.2823910489678383
2026-08-23 03:23:00,0.2823910489678383
2026-08-23 03:24:00,0.2823910489678383
2026-08-23 03:25:00,0.26464011892676353
2026-08-23 03:26:00,0.26464011892676353
2026-08-23 03:27:00,0.26464011892676353
2026-08-23 03:28:00,0.26464011892676353
2026-08-23 03:29:00,0.26464011892676353
2026-08-23 03:30:00,0.24545284360647202
2026-08-23 03:31:00,0.24545284360647202
2026-08-23 03:32:00,0.24545284360647202
2026-08-23 03:33:00,0.24545284360647202
2026-08-23 03:34:00,0.24545284360647202
2026-08-23 03:35:00,0.24612057954072952
2026-08-23 03:36:00,0.24612057954072952
2026-08-23 03:37:00,0.24612057954072952
2026-08-23 03:38:00,0.24612057954072952
2026-08-23 03:39:00,0.24612057954072952
2026-08-23 03:40:00,0.24560385569930077
2026-08-23 03:41:00,0.24560385569930077
2026-08-23 03:42:00,0.24560385569930077
2026-08-23 03:43:00,0.24560385569930077
2026-08-23 03:44:00,0.24560385569930077
2026-08-23 03:45:00,0.21073286794126034
2026-08-23 03:46:00,0.21073286794126034
2026-08-23 03:47:00,0.21073286794126034
2026-08-23 03:48:00,0.21073286794126034
2026-08-23 03:49:00,0.21073286794126034
2026-08-23 03:50:00,0.1798491794615984
2026-08-23 03:51:00,0.1798491794615984
2026-08-23 03:52:00,0.1798491794615984
2026-08-23 03:53:00,0.1798491794615984
2026-08-23 03:54:00,0.1798491794615984
2026-08-23 03:55:00,0.14682132378220558
2026-08-23 03:56:00,0.14682132378220558
2026-08-23 03:57:00,0.14682132378220558
2026-08-23 03:58:00,0.14682132378220558
2026-08-23 03:59:00,0.14682132378220558
2026-08-23 04:00:00,0.11212938278913498
2026-08-23 04:01:00,0.11212938278913498
2026-08-23 04:02:00,0.11212938278913498
2026-08-23 04:03:00,0.11212938278913498
2026-08-23 04:04:00,0.11212938278913498
2026-08-23 04:05:00,0.11107041500508785
2026-08-23 04:06:00,0.11107041500508785
2026-08-23 04:07:00,0.11107041500508785
2026-08-23 04:08:00,0.11107041500508785
2026-08-23 04:09:00,0.11107041500508785
2026-08-23 04:10:00,0.10699906386435032
2026-08-23 04:11:00,0.10699906386435032
2026-08-23 04:12:00,0.10699906386435032
2026-08-23 04:13:00,0.10699906386435032
2026-08-23 04:14:00,0.10699906386435032
2026-08-23 04:15:00,0.09487361833453178
2026-08-23 04:16:00,0.09487361833453178
2026-08-23 04:17:00,0.09487361833453178
2026-08-23 04:18:00,0.09487361833453178
2026-08-23 04:19:00,0.09487361833453178
2026-08-23 04:20:00,0.08969419077038765
2026-08-23 04:21:00,0.08969419077038765
2026-08-23 04:22:00,0.08969419077038765
2026-08-23 04:23:00,0.08969419077038765
2026-08-23 04:24:00,0.08969419077038765
2026-08-23 04:25:00,0.08528106473386288
2026-08-23 04:26:00,0.08528106473386288
2026-08-23 04:27:00,0.08528106473386288
2026-08-23 04:28:00,0.08528106473386288
2026-08-23 04:29:00,0.08528106473386288
2026-08-23 04:30:00,0.08333210833370686
2026-08-23 04:31:00,0.08333210833370686
2026-08-23 04:32:00,0.08333210833370686
2026-08-23 04:33:00,0.08333210833370686
2026-08-23 04:34:00,0.08333210833370686
2026-08-23 04:35:00,0.09216821938753128
2026-08-23 04:36:00,0.09216821938753128
2026-08-23 04:37:00,0.09216821938753128
2026-08-23 04:38:00,0.09216821938753128
2026-08-23 04:39:00,0.09216821938753128
2026-08-23 04:40:00,0.0917273536324501
2026-08-23 04:41:00,0.0917273536324501
2026-08-23 04:42:00,0.0917273536324501
2026-08-23 04:43:00,0.0917273536324501
2026-08-23 04:44:00,0.0917273536324501
2026-08-23 04:45:00,0.08414120133966208
2026-08-23 04:46:00,0.08414120133966208
2026-08-23 04:47:00,0.08414120133966208
2026-08-23 04:48:00,0.08414120133966208
2026-08-23 04:49:00,0.08414120133966208
2026-08-23 04:50:00,0.07477220240980387
2026-08-23 04:51:00,0.07477220240980387
2026-08-23 04:52:00,0.07477220240980387
2026-08-23 04:53:00,0.07477220240980387
2026-08-23 04:54:00,0.07477220240980387
2026-08-23 04:55:00,0.06641193199902773
2026-08-23 04:56:00,0.06641193199902773
2026-08-23 04:57:00,0.06641193199902773
2026-08-23 04:58:00,0.06641193199902773
2026-08-23 04:59:00,0.06641193199902773
2026-08-23 05:00:00,0.3323634499683976
2026-08-23 05:01:00,0.3323634499683976
2026-08-23 05:02:00,0.3323634499683976
2026-08-23 05:03:00,0.3323634499683976
2026-08-23 05:04:00,0.3323634499683976
2026-08-23 05:05:00,0.604460421949625
2026-08-23 05:06:00,0.604460421949625
2026-08-23 05:07:00,0.604460421949625
2026-08-23 05:08:00,0.604460421949625
2026-08-23 05:09:00,0.604460421949625
2026-08-23 05:10:00,0.8898384366184473
2026-08-23 05:11:00,0.8898384366184473
2026-08-23 05:12:00,0.8898384366184473
2026-08-23 05:13:00,0.8898384366184473
2026-08-23 05:14:00,0.8898384366184473
2026-08-23 05:15:00,1.1733496487140656
2026-08-23 05:16:00,1.1733496487140656
2026-08-23 05:17:00,1.1733496487140656
2026-08-23 05:18:00,1.1733496487140656
2026-08-23 05:19:00,1.1733496487140656
2026-08-23 05:20:00,1.2065818309783936
2026-08-23 05:21:00,1.2065818309783936
2026-08-23 05:22:00,1.2065818309783936
2026-08-23 05:23:00,1.2065818309783936
2026-08-23 05:24:00,1.2065818309783936
2026-08-23 05:25:00,1.239881157875061
2026-08-23 05:26:00,1.239881157875061
2026-08-23 05:27:00,1.239881157875061
2026-08-23 05:28:00,1.239881157875061
2026-08-23 05:29:00,1.239881157875061
2026-08-23 05:30:00,1.033954195678234
2026-08-23 05:31:00,1.033954195678234
2026-08-23 05:32:00,1.033954195678234
2026-08-23 05:33:00,1.033954195678234
2026-08-23 05:34:00,1.033954195678234
2026-08-23 05:35:00,0.8281742408871651
2026-08-23 05:36:00,0.8281742408871651
2026-08-23 05:37:00,0.8281742408871651
2026-08-23 05:38:00,0.8281742408871651
2026-08-23 05:39:00,0.8281742408871651
2026-08-23 05:40:00,0.5774635374546051
2026-08-23 05:41:00,0.5774635374546051
2026-08-23 05:42:00,0.5774635374546051
2026-08-23 05:43:00,0.5774635374546051
2026-08-23 05:44:00,0.5774635374546051
2026-08-23 05:45:00,0.33850063383579254
2026-08-23 05:46:00,0.33850063383579254
2026-08-23 05:47:00,0.33850063383579254
2026-08-23 05:48:00,0.33850063383579254
2026-08-23 05:49:00,0.33850063383579254
2026-08-23 05:50:00,0.3237621337175369
2026-08-23 05:51:00,0.3237621337175369
2026-08-23 05:52:00,0.3237621337175369
2026-08-23 05:53:00,0.3237621337175369
2026-08-23 05:54:00,0.3237621337175369
2026-08-23 05:55:00,0.4892876446247101
2026-08-23 05:56:00,0.4892876446247101
2026-08-23 05:57:00,0.4892876446247101
2026-08-23 05:58:00,0.4892876446247101
2026-08-23 05:59:00,0.4892876446247101
2026-08-23 06:00:00,0.6800702586770058
2026-08-23 06:01:00,0.6800702586770058
2026-08-23 06:02:00,0.6800702586770058
2026-08-23 06:03:00,0.6800702586770058
2026-08-23 06:04:00,0.6800702586770058
2026-08-23 06:05:00,0.859198234975338
2026-08-23 06:06:00,0.859198234975338
2026-08-23 06:07:00,0.859198234975338
2026-08-23 06:08:00,0.859198234975338
2026-08-23 06:09:00,0.859198234975338
2026-08-23 06:10:00,1.0320741534233093
2026-08-23 06:11:00,1.0320741534233093
2026-08-23 06:12:00,1.0320741534233093
2026-08-23 06:13:00,1.0320741534233093
2026-08-23 06:14:00,1.0320741534233093
2026-08-23 06:15:00,1.0357523262500763
2026-08-23 06:16:00,1.0357523262500763
2026-08-23 06:17:00,1.0357523262500763
2026-08-23 06:18:00,1.0357523262500763
2026-08-23 06:19:00,1.0357523262500763
2026-08-23 06:20:00,1.0272241830825806
2026-08-23 06:21:00,1.0272241830825806
2026-08-23 06:22:00,1.0272241830825806
2026-08-23 06:23:00,1.0272241830825806
2026-08-23 06:24:00,1.0272241830825806
2026-08-23 06:25:00,1.018561989068985
2026-08-23 06:26:00,1.018561989068985
2026-08-23 06:27:00,1.018561989068985
2026-08-23 06:28:00,1.018561989068985
2026-08-23 06:29:00,1.018561989068985
2026-08-23 06:30:00,0.813531368970871
2026-08-23 06:31:00,0.813531368970871
2026-08-23 06:32:00,0.813531368970871
2026-08-23 06:33:00,0.813531368970871
2026-08-23 06:34:00,0.813531368970871
2026-08-23 06:35:00,0.598111130297184
2026-08-23 06:36:00,0.598111130297184
2026-08-23 06:37:00,0.598111130297184
2026-08-23 06:38:00,0.598111130297184
2026-08-23 06:39:00,0.598111130297184
2026-08-23 06:40:00,0.3954421654343605
2026-08-23 06:41:00,0.3954421654343605
2026-08-23 06:42:00,0.3954421654343605
2026-08-23 06:43:00,0.3954421654343605
2026-08-23 06:44:00,0.3954421654343605
2026-08-23 06:45:00,0.19374509155750275
2026-08-23 06:46:00,0.19374509155750275
2026-08-23 06:47:00,0.19374509155750275
2026-08-23 06:48:00,0.19374509155750275
2026-08-23 06:49:00,0.19374509155750275
2026-08-23 06:50:00,0.1952088139951229
2026-08-23 06:51:00,0.1952088139951229
2026-08-23 06:52:00,0.1952088139951229
2026-08-23 06:53:00,0.1952088139951229
2026-08-23 06:54:00,0.1952088139951229
2026-08-23 06:55:00,0.19619927555322647
2026-08-23 06:56:00,0.19619927555322647
2026-08-23 06:57:00,0.19619927555322647
2026-08-23 06:58:00,0.19619927555322647
2026-08-23 06:59:00,0.19619927555322647
2026-08-23 07:00:00,0.1969316303730011
2026-08-23 07:01:00,0.1969316303730011
2026-08-23 07:02:00,0.1969316303730011
2026-08-23 07:03:00,0.1969316303730011
2026-08-23 07:04:00,0.1969316303730011
2026-08-23 07:05:00,0.19593818113207817
2026-08-23 07:06:00,0.19593818113207817
2026-08-23 07:07:00,0.19593818113207817
2026-08-23 07:08:00,0.19593818113207817
2026-08-23 07:09:00,0.19593818113207817
2026-08-23 07:10:00,0.19638324156403542
2026-08-23 07:11:00,0.19638324156403542
2026-08-23 07:12:00,0.19638324156403542
2026-08-23 07:13:00,0.19638324156403542
2026-08-23 07:14:00,0.19638324156403542
2026-08-23 07:15:00,0.19321336969733238
2026-08-23 07:16:00,0.19321336969733238
2026-08-23 07:17:00,0.19321336969733238
2026-08-23 07:18:00,0.19321336969733238
2026-08-23 07:19:00,0.19321336969733238
2026-08-23 07:20:00,0.18960263952612877
2026-08-23 07:21:00,0.18960263952612877
2026-08-23 07:22:00,0.18960263952612877
2026-08-23 07:23:00,0.18960263952612877
2026-08-23 07:24:00,0.18960263952612877
2026-08-23 07:25:00,0.1869528442621231
2026-08-23 07:26:00,0.1869528442621231
2026-08-23 07:27:00,0.1869528442621231
2026-08-23 07:28:00,0.1869528442621231
2026-08-23 07:29:00,0.1869528442621231
2026-08-23 07:30:00,0.15467094257473946
2026-08-23 07:31:00,0.15467094257473946
2026-08-23 07:32:00,0.15467094257473946
2026-08-23 07:33:00,0.15467094257473946
2026-08-23 07:34:00,0.15467094257473946
2026-08-23 07:35:00,0.12694291025400162
2026-08-23 07:36:00,0.12694291025400162
2026-08-23 07:37:00,0.12694291025400162
2026-08-23 07:38:00,0.12694291025400162
2026-08-23 07:39:00,0.12694291025400162
2026-08-23 07:40:00,0.09674729034304619
2026-08-23 07:41:00,0.09674729034304619
2026-08-23 07:42:00,0.09674729034304619
2026-08-23 07:43:00,0.09674729034304619
2026-08-23 07:44:00,0.09674729034304619
2026-08-23 07:45:00,0.06390684377402067
2026-08-23 07:46:00,0.06390684377402067
2026-08-23 07:47:00,0.06390684377402067
2026-08-23 07:48:00,0.06390684377402067
2026-08-23 07:49:00,0.06390684377402067
2026-08-23 07:50:00,0.05979937128722668
2026-08-23 07:51:00,0.05979937128722668
2026-08-23 07:52:00,0.05979937128722668
2026-08-23 07:53:00,0.05979937128722668
2026-08-23 07:54:00,0.05979937128722668
2026-08-23 07:55:00,0.05514448322355747
2026-08-23 07:56:00,0.05514448322355747
2026-08-23 07:57:00,0.05514448322355747
2026-08-23 07:58:00,0.05514448322355747
2026-08-23 07:59:00,0.05514448322355747
2026-08-23 08:00:00,0.05633995123207569
2026-08-23 08:01:00,0.05633995123207569
2026-08-23 08:02:00,0.05633995123207569
2026-08-23 08:03:00,0.05633995123207569
2026-08-23 08:04:00,0.05633995123207569
2026-08-23 08:05:00,0.06194393429905176
2026-08-23 08:06:00,0.06194393429905176
2026-08-23 08:07:00,0.06194393429905176
2026-08-23 08:08:00,0.06194393429905176
2026-08-23 08:09:00,0.06194393429905176
2026-08-23 08:10:00,0.06490503996610641
2026-08-23 08:11:00,0.06490503996610641
2026-08-23 08:12:00,0.06490503996610641
2026-08-23 08:13:00,0.06490503996610641
2026-08-23 08:14:00,0.06490503996610641
2026-08-23 08:15:00,0.06485020089894533
2026-08-23 08:16:00,0.06485020089894533
2026-08-23 08:17:00,0.06485020089894533
2026-08-23 08:18:00,0.06485020089894533
2026-08-23 08:19:00,0.06485020089894533
2026-08-23 08:20:00,0.060492453165352345
2026-08-23 08:21:00,0.060492453165352345
2026-08-23 08:22:00,0.060492453165352345
2026-08-23 08:23:00,0.060492453165352345
2026-08-23 08:24:00,0.060492453165352345
2026-08-23 08:25:00,0.05736008286476135
2026-08-23 08:26:00,0.05736008286476135
2026-08-23 08:27:00,0.05736008286476135
2026-08-23 08:28:00,0.05736008286476135
2026-08-23 08:29:00,0.05736008286476135
2026-08-23 08:30:00,0.05718185193836689
2026-08-23 08:31:00,0.05718185193836689
2026-08-23 08:32:00,0.05718185193836689
2026-08-23 08:33:00,0.05718185193836689
2026-08-23 08:34:00,0.05718185193836689
2026-08-23 08:35:00,0.3024247819557786
2026-08-23 08:36:00,0.3024247819557786
2026-08-23 08:37:00,0.3024247819557786
2026-08-23 08:38:00,0.3024247819557786
2026-08-23 08:39:00,0.3024247819557786
2026-08-23 08:40:00,0.5484819831326604
2026-08-23 08:41:00,0.5484819831326604
2026-08-23 08:42:00,0.5484819831326604
2026-08-23 08:43:00,0.5484819831326604
2026-08-23 08:44:00,0.5484819831326604
2026-08-23 08:45:00,0.7915180958807468
2026-08-23 08:46:00,0.7915180958807468
2026-08-23 08:47:00,0.7915180958807468
2026-08-23 08:48:00,0.7915180958807468
2026-08-23 08:49:00,0.7915180958807468
2026-08-23 08:50:00,1.0345215201377869
2026-08-23 08:51:00,1.0345215201377869
2026-08-23 08:52:00,1.0345215201377869
2026-08-23 08:53:00,1.0345215201377869
2026-08-23 08:54:00,1.0345215201377869
2026-08-23 08:55:00,0.8175189942121506
2026-08-23 08:56:00,0.8175189942121506
2026-08-23 08:57:00,0.8175189942121506
2026-08-23 08:58:00,0.8175189942121506
2026-08-23 08:59:00,0.8175189942121506
2026-08-23 09:00:00,0.601536076515913
2026-08-23 09:01:00,0.601536076515913
2026-08-23 09:02:00,0.601536076515913
2026-08-23 09:03:00,0.601536076515913
2026-08-23 09:04:00,0.601536076515913
2026-08-23 09:05:00,0.38730017468333244
2026-08-23 09:06:00,0.38730017468333244
2026-08-23 09:07:00,0.38730017468333244
2026-08-23 09:08:00,0.38730017468333244
2026-08-23 09:09:00,0.38730017468333244
2026-08-23 09:10:00,0.17552221938967705
2026-08-23 09:11:00,0.17552221938967705
2026-08-23 09:12:00,0.17552221938967705
2026-08-23 09:13:00,0.17552221938967705
2026-08-23 09:14:00,0.17552221938967705
2026-08-23 09:15:00,0.18073366954922676
2026-08-23 09:16:00,0.18073366954922676
2026-08-23 09:17:00,0.18073366954922676
2026-08-23 09:18:00,0.18073366954922676
2026-08-23 09:19:00,0.18073366954922676
2026-08-23 09:20:00,0.18689118325710297
2026-08-23 09:21:00,0.18689118325710297
2026-08-23 09:22:00,0.18689118325710297
2026-08-23 09:23:00,0.18689118325710297
2026-08-23 09:24:00,0.18689118325710297
2026-08-23 09:25:00,0.1903679072856903
2026-08-23 09:26:00,0.1903679072856903
2026-08-23 09:27:00,0.1903679072856903
2026-08-23 09:28:00,0.1903679072856903
2026-08-23 09:29:00,0.1903679072856903
2026-08-23 09:30:00,0.18950559571385384
2026-08-23 09:31:00,0.18950559571385384
2026-08-23 09:32:00,0.18950559571385384
2026-08-23 09:33:00,0.18950559571385384
2026-08-23 09:34:00,0.18950559571385384
2026-08-23 09:35:00,0.18983473256230354
2026-08-23 09:36:00,0.18983473256230354
2026-08-23 09:37:00,0.18983473256230354
2026-08-23 09:38:00,0.18983473256230354
2026-08-23 09:39:00,0.18983473256230354
2026-08-23 09:40:00,0.45980557426810265
2026-08-23 09:41:00,0.45980557426810265
2026-08-23 09:42:00,0.45980557426810265
2026-08-23 09:43:00,0.45980557426810265
2026-08-23 09:44:00,0.45980557426810265
2026-08-23 09:45:00,0.7305224053561687
2026-08-23 09:46:00,0.7305224053561687
2026-08-23 09:47:00,0.7305224053561687
2026-08-23 09:48:00,0.7305224053561687
2026-08-23 09:49:00,0.7305224053561687
2026-08-23 09:50:00,1.0031632408499718
2026-08-23 09:51:00,1.0031632408499718
2026-08-23 09:52:00,1.0031632408499718
2026-08-23 09:53:00,1.0031632408499718
2026-08-23 09:54:00,1.0031632408499718
2026-08-23 09:55:00,1.2830618917942047
2026-08-23 09:56:00,1.2830618917942047
2026-08-23 09:57:00,1.2830618917942047
2026-08-23 09:58:00,1.2830618917942047
2026-08-23 09:59:00,1.2830618917942047
2026-08-23 10:00:00,1.0120825357735157
2026-08-23 10:01:00,1.0120825357735157
2026-08-23 10:02:00,1.0120825357735157
2026-08-23 10:03:00,1.0120825357735157
2026-08-23 10:04:00,1.0120825357735157
2026-08-23 10:05:00,0.7413770519196987
2026-08-23 10:06:00,0.7413770519196987
2026-08-23 10:07:00,0.7413770519196987
2026-08-23 10:08:00,0.7413770519196987
2026-08-23 10:09:00,0.7413770519196987
2026-08-23 10:10:00,0.46989278122782707
2026-08-23 10:11:00,0.46989278122782707
2026-08-23 10:12:00,0.46989278122782707
2026-08-23 10:13:00,0.46989278122782707
2026-08-23 10:14:00,0.46989278122782707
2026-08-23 10:15:00,0.1882016658782959
2026-08-23 10:16:00,0.1882016658782959
2026-08-23 10:17:00,0.1882016658782959
2026-08-23 10:18:00,0.1882016658782959
2026-08-23 10:19:00,0.1882016658782959
2026-08-23 10:20:00,0.18763409927487373
2026-08-23 10:21:00,0.18763409927487373
2026-08-23 10:22:00,0.18763409927487373
2026-08-23 10:23:00,0.18763409927487373
2026-08-23 10:24:00,0.18763409927487373
2026-08-23 10:25:00,0.18781998381018639
2026-08-23 10:26:00,0.18781998381018639
2026-08-23 10:27:00,0.18781998381018639
2026-08-23 10:28:00,0.18781998381018639
2026-08-23 10:29:00,0.18781998381018639
2026-08-23 10:30:00,0.18051454052329063
2026-08-23 10:31:00,0.18051454052329063
2026-08-23 10:32:00,0.18051454052329063
2026-08-23 10:33:00,0.18051454052329063
2026-08-23 10:34:00,0.18051454052329063
2026-08-23 10:35:00,0.24388466030359268
2026-08-23 10:36:00,0.24388466030359268
2026-08-23 10:37:00,0.24388466030359268
2026-08-23 10:38:00,0.24388466030359268
2026-08-23 10:39:00,0.24388466030359268
2026-08-23 10:40:00,0.37140513956546783
2026-08-23 10:41:00,0.37140513956546783
2026-08-23 10:42:00,0.37140513956546783
2026-08-23 10:43:00,0.37140513956546783
2026-08-23 10:44:00,0.37140513956546783
2026-08-23 10:45:00,0.5235613584518433
2026-08-23 10:46:00,0.5235613584518433
2026-08-23 10:47:00,0.5235613584518433
2026-08-23 10:48:00,0.5235613584518433
2026-08-23 10:49:00,0.5235613584518433
2026-08-23 10:50:00,0.6809471249580383
2026-08-23 10:51:00,0.6809471249580383
2026-08-23 10:52:00,0.6809471249580383
2026-08-23 10:53:00,0.6809471249580383
2026-08-23 10:54:00,0.6809471249580383
2026-08-23 10:55:00,0.7076469510793686
2026-08-23 10:56:00,0.7076469510793686
2026-08-23 10:57:00,0.7076469510793686
2026-08-23 10:58:00,0.7076469510793686
2026-08-23 10:59:00,0.7076469510793686
2026-08-23 11:00:00,0.593857616186142
2026-08-23 11:01:00,0.593857616186142
2026-08-23 11:02:00,0.593857616186142
2026-08-23 11:03:00,0.593857616186142
2026-08-23 11:04:00,0.593857616186142
2026-08-23 11:05:00,0.7173861265182495
2026-08-23 11:06:00,0.7173861265182495
2026-08-23 11:07:00,0.7173861265182495
2026-08-23 11:08:00,0.7173861265182495
2026-08-23 11:09:00,0.7173861265182495
2026-08-23 11:10:00,0.8434723764657974
2026-08-23 11:11:00,0.8434723764657974
2026-08-23 11:12:00,0.8434723764657974
2026-08-23 11:13:00,0.8434723764657974
2026-08-23 11:14:00,0.8434723764657974
2026-08-23 11:15:00,1.0315512418746948
2026-08-23 11:16:00,1.0315512418746948
2026-08-23 11:17:00,1.0315512418746948
2026-08-23 11:18:00,1.0315512418746948
2026-08-23 11:19:00,1.0315512418746948
2026-08-23 11:20:00,1.2943975925445557
2026-08-23 11:21:00,1.2943975925445557
2026-08-23 11:22:00,1.2943975925445557
2026-08-23 11:23:00,1.2943975925445557
2026-08-23 11:24:00,1.2943975925445557
2026-08-23 11:25:00,1.0154188461601734
2026-08-23 11:26:00,1.0154188461601734
2026-08-23 11:27:00,1.0154188461601734
2026-08-23 11:28:00,1.0154188461601734
2026-08-23 11:29:00,1.0154188461601734
2026-08-23 11:30:00,0.7368279919028282
2026-08-23 11:31:00,0.7368279919028282
2026-08-23 11:32:00,0.7368279919028282
2026-08-23 11:33:00,0.7368279919028282
2026-08-23 11:34:00,0.7368279919028282
2026-08-23 11:35:00,0.4574492387473583
2026-08-23 11:36:00,0.4574492387473583
2026-08-23 11:37:00,0.4574492387473583
2026-08-23 11:38:00,0.4574492387473583
2026-08-23 11:39:00,0.4574492387473583
2026-08-23 11:40:00,0.17662855237722397
2026-08-23 11:41:00,0.17662855237722397
2026-08-23 11:42:00,0.17662855237722397
2026-08-23 11:43:00,0.17662855237722397
2026-08-23 11:44:00,0.17662855237722397
2026-08-23 11:45:00,0.1738002747297287
2026-08-23 11:46:00,0.1738002747297287
2026-08-23 11:47:00,0.1738002747297287
2026-08-23 11:48:00,0.1738002747297287
2026-08-23 11:49:00,0.1738002747297287
2026-08-23 11:50:00,0.17067302390933037
2026-08-23 11:51:00,0.17067302390933037
2026-08-23 11:52:00,0.17067302390933037
2026-08-23 11:53:00,0.17067302390933037
2026-08-23 11:54:00,0.17067302390933037
2026-08-23 11:55:00,0.16788796335458755
2026-08-23 11:56:00,0.16788796335458755
2026-08-23 11:57:00,0.16788796335458755
2026-08-23 11:58:00,0.16788796335458755
2026-08-23 11:59:00,0.16788796335458755
2026-08-23 12:00:00,0.1659415103495121
2026-08-23 12:01:00,0.1659415103495121
2026-08-23 12:02:00,0.1659415103495121
2026-08-23 12:03:00,0.1659415103495121
2026-08-23 12:04:00,0.1659415103495121
2026-08-23 12:05:00,0.16655731573700905
2026-08-23 12:06:00,0.16655731573700905
2026-08-23 12:07:00,0.16655731573700905
2026-08-23 12:08:00,0.16655731573700905
2026-08-23 12:09:00,0.16655731573700905
2026-08-23 12:10:00,0.16530686244368553
2026-08-23 12:11:00,0.16530686244368553
2026-08-23 12:12:00,0.16530686244368553
2026-08-23 12:13:00,0.16530686244368553
2026-08-23 12:14:00,0.16530686244368553
2026-08-23 12:15:00,0.16400472074747086
2026-08-23 12:16:00,0.16400472074747086
2026-08-23 12:17:00,0.16400472074747086
2026-08-23 12:18:00,0.16400472074747086
2026-08-23 12:19:00,0.16400472074747086
2026-08-23 12:20:00,0.16176900267601013
2026-08-23 12:21:00,0.16176900267601013
2026-08-23 12:22:00,0.16176900267601013
2026-08-23 12:23:00,0.16176900267601013
2026-08-23 12:24:00,0.16176900267601013
2026-08-23 12:25:00,0.13177852798253298
2026-08-23 12:26:00,0.13177852798253298
2026-08-23 12:27:00,0.13177852798253298
2026-08-23 12:28:00,0.13177852798253298
2026-08-23 12:29:00,0.13177852798253298
2026-08-23 12:30:00,0.10799474734812975
2026-08-23 12:31:00,0.10799474734812975
2026-08-23 12:32:00,0.10799474734812975
2026-08-23 12:33:00,0.10799474734812975
2026-08-23 12:34:00,0.10799474734812975
2026-08-23 12:35:00,0.0848201671615243
2026-08-23 12:36:00,0.0848201671615243
2026-08-23 12:37:00,0.0848201671615243
2026-08-23 12:38:00,0.0848201671615243
2026-08-23 12:39:00,0.0848201671615243
2026-08-23 12:40:00,0.0609849551692605
2026-08-23 12:41:00,0.0609849551692605
2026-08-23 12:42:00,0.0609849551692605
2026-08-23 12:43:00,0.0609849551692605
2026-08-23 12:44:00,0.0609849551692605
2026-08-23 12:45:00,0.06315355841070414
2026-08-23 12:46:00,0.06315355841070414
2026-08-23 12:47:00,0.06315355841070414
2026-08-23 12:48:00,0.06315355841070414
2026-08-23 12:49:00,0.06315355841070414
2026-08-23 12:50:00,0.060396588407456875
2026-08-23 12:51:00,0.060396588407456875
2026-08-23 12:52:00,0.060396588407456875
2026-08-23 12:53:00,0.060396588407456875
2026-08-23 12:54:00,0.060396588407456875
2026-08-23 12:55:00,0.055881161242723465
2026-08-23 12:56:00,0.055881161242723465
2026-08-23 12:57:00,0.055881161242723465
2026-08-23 12:58:00,0.055881161242723465
2026-08-23 12:59:00,0.055881161242723465
2026-08-23 13:00:00,0.05487071257084608
2026-08-23 13:01:00,0.05487071257084608
2026-08-23 13:02:00,0.05487071257084608
2026-08-23 13:03:00,0.05487071257084608
2026-08-23 13:04:00,0.05487071257084608
2026-08-23 13:05:00,0.05475066788494587
2026-08-23 13:06:00,0.05475066788494587
2026-08-23 13:07:00,0.05475066788494587
2026-08-23 13:08:00,0.05475066788494587
2026-08-23 13:09:00,0.05475066788494587
2026-08-23 13:10:00,0.2527487613260746
2026-08-23 13:11:00,0.2527487613260746
2026-08-23 13:12:00,0.2527487613260746
2026-08-23 13:13:00,0.2527487613260746
2026-08-23 13:14:00,0.2527487613260746
2026-08-23 13:15:00,0.4525876259431243
2026-08-23 13:16:00,0.4525876259431243
2026-08-23 13:17:00,0.4525876259431243
2026-08-23 13:18:00,0.4525876259431243
2026-08-23 13:19:00,0.4525876259431243
2026-08-23 13:20:00,0.6514396741986275
2026-08-23 13:21:00,0.6514396741986275
2026-08-23 13:22:00,0.6514396741986275
2026-08-23 13:23:00,0.6514396741986275
2026-08-23 13:24:00,0.6514396741986275
2026-08-23 13:25:00,0.849303126335144
2026-08-23 13:26:00,0.849303126335144
2026-08-23 13:27:00,0.849303126335144
2026-08-23 13:28:00,0.849303126335144
2026-08-23 13:29:00,0.849303126335144
2026-08-23 13:30:00,0.6576801128685474
2026-08-23 13:31:00,0.6576801128685474
2026-08-23 13:32:00,0.6576801128685474
2026-08-23 13:33:00,0.6576801128685474
2026-08-23 13:34:00,0.6576801128685474
2026-08-23 13:35:00,0.4675662964582443
2026-08-23 13:36:00,0.4675662964582443
2026-08-23 13:37:00,0.4675662964582443
2026-08-23 13:38:00,0.4675662964582443
2026-08-23 13:39:00,0.4675662964582443
2026-08-23 13:40:00,0.27498277463018894
2026-08-23 13:41:00,0.27498277463018894
2026-08-23 13:42:00,0.27498277463018894
2026-08-23 13:43:00,0.27498277463018894
2026-08-23 13:44:00,0.27498277463018894
2026-08-23 13:45:00,0.08338954672217369
2026-08-23 13:46:00,0.08338954672217369
2026-08-23 13:47:00,0.08338954672217369
2026-08-23 13:48:00,0.08338954672217369
2026-08-23 13:49:00,0.08338954672217369
2026-08-23 13:50:00,0.08303405903279781
2026-08-23 13:51:00,0.08303405903279781
2026-08-23 13:52:00,0.08303405903279781
2026-08-23 13:53:00,0.08303405903279781
2026-08-23 13:54:00,0.08303405903279781
2026-08-23 13:55:00,0.08040034584701061
2026-08-23 13:56:00,0.08040034584701061
2026-08-23 13:57:00,0.08040034584701061
2026-08-23 13:58:00,0.08040034584701061
2026-08-23 13:59:00,0.08040034584701061
2026-08-23 14:00:00,0.07961178384721279
2026-08-23 14:01:00,0.07961178384721279
2026-08-23 14:02:00,0.07961178384721279
2026-08-23 14:03:00,0.07961178384721279
2026-08-23 14:04:00,0.07961178384721279
2026-08-23 14:05:00,0.07699623331427574
2026-08-23 14:06:00,0.07699623331427574
2026-08-23 14:07:00,0.07699623331427574
2026-08-23 14:08:00,0.07699623331427574
2026-08-23 14:09:00,0.07699623331427574
2026-08-23 14:10:00,0.07540375180542469
2026-08-23 14:11:00,0.07540375180542469
2026-08-23 14:12:00,0.07540375180542469
2026-08-23 14:13:00,0.07540375180542469
2026-08-23 14:14:00,0.07540375180542469
2026-08-23 14:15:00,0.07513020187616348
2026-08-23 14:16:00,0.07513020187616348
2026-08-23 14:17:00,0.07513020187616348
2026-08-23 14:18:00,0.07513020187616348
2026-08-23 14:19:00,0.07513020187616348
2026-08-23 14:20:00,0.07495575584471226
2026-08-23 14:21:00,0.07495575584471226
2026-08-23 14:22:00,0.07495575584471226
2026-08-23 14:23:00,0.07495575584471226
2026-08-23 14:24:00,0.07495575584471226
2026-08-23 14:25:00,0.0770143922418356
2026-08-23 14:26:00,0.0770143922418356
2026-08-23 14:27:00,0.0770143922418356
2026-08-23 14:28:00,0.0770143922418356
2026-08-23 14:29:00,0.0770143922418356
2026-08-23 14:30:00,0.07273861486464739
2026-08-23 14:31:00,0.07273861486464739
2026-08-23 14:32:00,0.07273861486464739
2026-08-23 14:33:00,0.07273861486464739
2026-08-23 14:34:00,0.07273861486464739
2026-08-23 14:35:00,0.06776532530784607
2026-08-23 14:36:00,0.06776532530784607
2026-08-23 14:37:00,0.06776532530784607
2026-08-23 14:38:00,0.06776532530784607
2026-08-23 14:39:00,0.06776532530784607
2026-08-23 14:40:00,0.062289148569107056
2026-08-23 14:41:00,0.062289148569107056
2026-08-23 14:42:00,0.062289148569107056
2026-08-23 14:43:00,0.062289148569107056
2026-08-23 14:44:00,0.062289148569107056
2026-08-23 14:45:00,0.057255289517343044
2026-08-23 14:46:00,0.057255289517343044
2026-08-23 14:47:00,0.057255289517343044
2026-08-23 14:48:00,0.057255289517343044
2026-08-23 14:49:00,0.057255289517343044
2026-08-23 14:50:00,0.05749388691037893
2026-08-23 14:51:00,0.05749388691037893
2026-08-23 14:52:00,0.05749388691037893
2026-08-23 14:53:00,0.05749388691037893
2026-08-23 14:54:00,0.05749388691037893
2026-08-23 14:55:00,0.057785541750490665
2026-08-23 14:56:00,0.057785541750490665
2026-08-23 14:57:00,0.057785541750490665
2026-08-23 14:58:00,0.057785541750490665
2026-08-23 14:59:00,0.057785541750490665
2026-08-23 15:00:00,0.057105643674731255
2026-08-23 15:01:00,0.057105643674731255
2026-08-23 15:02:00,0.057105643674731255
2026-08-23 15:03:00,0.057105643674731255
2026-08-23 15:04:00,0.057105643674731255
2026-08-23 15:05:00,0.05373611394315958
2026-08-23 15:06:00,0.05373611394315958
2026-08-23 15:07:00,0.05373611394315958
2026-08-23 15:08:00,0.05373611394315958
2026-08-23 15:09:00,0.05373611394315958
2026-08-23 15:10:00,0.050239224918186665
2026-08-23 15:11:00,0.050239224918186665
2026-08-23 15:12:00,0.050239224918186665
2026-08-23 15:13:00,0.050239224918186665
2026-08-23 15:14:00,0.050239224918186665
2026-08-23 15:15:00,0.04816040024161339
2026-08-23 15:16:00,0.04816040024161339
2026-08-23 15:17:00,0.04816040024161339
2026-08-23 15:18:00,0.04816040024161339
2026-08-23 15:19:00,0.04816040024161339
2026-08-23 15:20:00,0.048836616799235344
2026-08-23 15:21:00,0.048836616799235344
2026-08-23 15:22:00,0.048836616799235344
2026-08-23 15:23:00,0.048836616799235344
2026-08-23 15:24:00,0.048836616799235344
2026-08-23 15:25:00,0.048905919305980206
2026-08-23 15:26:00,0.048905919305980206
2026-08-23 15:27:00,0.048905919305980206
2026-08-23 15:28:00,0.048905919305980206
2026-08-23 15:29:00,0.048905919305980206
2026-08-23 15:30:00,0.04972332902252674
2026-08-23 15:31:00,0.04972332902252674
2026-08-23 15:32:00,0.04972332902252674
2026-08-23 15:33:00,0.04972332902252674
2026-08-23 15:34:00,0.04972332902252674
2026-08-23 15:35:00,0.04885434824973345
2026-08-23 15:36:00,0.04885434824973345
2026-08-23 15:37:00,0.04885434824973345
2026-08-23 15:38:00,0.04885434824973345
2026-08-23 15:39:00,0.04885434824973345
2026-08-23 15:40:00,0.04703691229224205
2026-08-23 15:41:00,0.04703691229224205
2026-08-23 15:42:00,0.04703691229224205
2026-08-23 15:43:00,0.04703691229224205
2026-08-23 15:44:00,0.04703691229224205
2026-08-23 15:45:00,0.04604215919971466
2026-08-23 15:46:00,0.04604215919971466
2026-08-23 15:47:00,0.04604215919971466
2026-08-23 15:48:00,0.04604215919971466
2026-08-23 15:49:00,0.04604215919971466
2026-08-23 15:50:00,0.0497260382398963
2026-08-23 15:51:00,0.0497260382398963
2026-08-23 15:52:00,0.0497260382398963
2026-08-23 15:53:00,0.0497260382398963
2026-08-23 15:54:00,0.0497260382398963
2026-08-23 15:55:00,0.05963913910090923
2026-08-23 15:56:00,0.05963913910090923
2026-08-23 15:57:00,0.05963913910090923
2026-08-23 15:58:00,0.05963913910090923
2026-08-23 15:59:00,0.05963913910090923
2026-08-23 16:00:00,0.07312333956360817
2026-08-23 16:01:00,0.07312333956360817
2026-08-23 16:02:00,0.07312333956360817
2026-08-23 16:03:00,0.07312333956360817
2026-08-23 16:04:00,0.07312333956360817
2026-08-23 16:05:00,0.08685713540762663
2026-08-23 16:06:00,0.08685713540762663
2026-08-23 16:07:00,0.08685713540762663
2026-08-23 16:08:00,0.08685713540762663
2026-08-23 16:09:00,0.08685713540762663
2026-08-23 16:10:00,0.09192879684269428
2026-08-23 16:11:00,0.09192879684269428
2026-08-23 16:12:00,0.09192879684269428
2026-08-23 16:13:00,0.09192879684269428
2026-08-23 16:14:00,0.09192879684269428
2026-08-23 16:15:00,0.0856969766318798
2026-08-23 16:16:00,0.0856969766318798
2026-08-23 16:17:00,0.0856969766318798
2026-08-23 16:18:00,0.0856969766318798
2026-08-23 16:19:00,0.0856969766318798
2026-08-23 16:20:00,0.07469921838492155
2026-08-23 16:21:00,0.07469921838492155
2026-08-23 16:22:00,0.07469921838492155
2026-08-23 16:23:00,0.07469921838492155
2026-08-23 16:24:00,0.07469921838492155
2026-08-23 16:25:00,0.06658426020294428
2026-08-23 16:26:00,0.06658426020294428
2026-08-23 16:27:00,0.06658426020294428
2026-08-23 16:28:00,0.06658426020294428
2026-08-23 16:29:00,0.06658426020294428
2026-08-23 16:30:00,0.06263863574713469
2026-08-23 16:31:00,0.06263863574713469
2026-08-23 16:32:00,0.06263863574713469
2026-08-23 16:33:00,0.06263863574713469
2026-08-23 16:34:00,0.06263863574713469
2026-08-23 16:35:00,0.06217185501009226
2026-08-23 16:36:00,0.06217185501009226
2026-08-23 16:37:00,0.06217185501009226
2026-08-23 16:38:00,0.06217185501009226
2026-08-23 16:39:00,0.06217185501009226
2026-08-23 16:40:00,0.0649436004459858
2026-08-23 16:41:00,0.0649436004459858
2026-08-23 16:42:00,0.0649436004459858
2026-08-23 16:43:00,0.0649436004459858
2026-08-23 16:44:00,0.0649436004459858
2026-08-23 16:45:00,0.06593550927937031
2026-08-23 16:46:00,0.06593550927937031
2026-08-23 16:47:00,0.06593550927937031
2026-08-23 16:48:00,0.06593550927937031
2026-08-23 16:49:00,0.06593550927937031
2026-08-23 16:50:00,0.06564707309007645
2026-08-23 16:51:00,0.06564707309007645
2026-08-23 16:52:00,0.06564707309007645
2026-08-23 16:53:00,0.06564707309007645
2026-08-23 16:54:00,0.06564707309007645
2026-08-23 16:55:00,0.06561976205557585
2026-08-23 16:56:00,0.06561976205557585
2026-08-23 16:57:00,0.06561976205557585
2026-08-23 16:58:00,0.06561976205557585
2026-08-23 16:59:00,0.06561976205557585
2026-08-23 17:00:00,0.0618280665948987
2026-08-23 17:01:00,0.0618280665948987
2026-08-23 17:02:00,0.0618280665948987
2026-08-23 17:03:00,0.0618280665948987
2026-08-23 17:04:00,0.0618280665948987
2026-08-23 17:05:00,0.058535135351121426
2026-08-23 17:06:00,0.058535135351121426
2026-08-23 17:07:00,0.058535135351121426
2026-08-23 17:08:00,0.058535135351121426
2026-08-23 17:09:00,0.058535135351121426
2026-08-23 17:10:00,0.0560224624350667
2026-08-23 17:11:00,0.0560224624350667
2026-08-23 17:12:00,0.0560224624350667
2026-08-23 17:13:00,0.0560224624350667
2026-08-23 17:14:00,0.0560224624350667
2026-08-23 17:15:00,0.05612059868872166
2026-08-23 17:16:00,0.05612059868872166
2026-08-23 17:17:00,0.05612059868872166
2026-08-23 17:18:00,0.05612059868872166
2026-08-23 17:19:00,0.05612059868872166
2026-08-23 17:20:00,0.05786406248807907
2026-08-23 17:21:00,0.05786406248807907
2026-08-23 17:22:00,0.05786406248807907
2026-08-23 17:23:00,0.05786406248807907
2026-08-23 17:24:00,0.05786406248807907
2026-08-23 17:25:00,0.061524536460638046
2026-08-23 17:26:00,0.061524536460638046
2026-08-23 17:27:00,0.061524536460638046
2026-08-23 17:28:00,0.061524536460638046
2026-08-23 17:29:00,0.061524536460638046
2026-08-23 17:30:00,0.06649592891335487
2026-08-23 17:31:00,0.06649592891335487
2026-08-23 17:32:00,0.06649592891335487
2026-08-23 17:33:00,0.06649592891335487
2026-08-23 17:34:00,0.06649592891335487
2026-08-23 17:35:00,0.0696488581597805
2026-08-23 17:36:00,0.0696488581597805
2026-08-23 17:37:00,0.0696488581597805
2026-08-23 17:38:00,0.0696488581597805
2026-08-23 17:39:00,0.0696488581597805
2026-08-23 17:40:00,0.07145519740879536
2026-08-23 17:41:00,0.07145519740879536
2026-08-23 17:42:00,0.07145519740879536
2026-08-23 17:43:00,0.07145519740879536
2026-08-23 17:44:00,0.07145519740879536
2026-08-23 17:45:00,0.06681221257895231
2026-08-23 17:46:00,0.06681221257895231
2026-08-23 17:47:00,0.06681221257895231
2026-08-23 17:48:00,0.06681221257895231
2026-08-23 17:49:00,0.06681221257895231
2026-08-23 17:50:00,0.05940419528633356
2026-08-23 17:51:00,0.05940419528633356
2026-08-23 17:52:00,0.05940419528633356
2026-08-23 17:53:00,0.05940419528633356
2026-08-23 17:54:00,0.05940419528633356
2026-08-23 17:55:00,0.053905229084193707
2026-08-23 17:56:00,0.053905229084193707
2026-08-23 17:57:00,0.053905229084193707
2026-08-23 17:58:00,0.053905229084193707
2026-08-23 17:59:00,0.053905229084193707
2026-08-23 18:00:00,0.047974192537367344
2026-08-23 18:01:00,0.047974192537367344
2026-08-23 18:02:00,0.047974192537367344
2026-08-23 18:03:00,0.047974192537367344
2026-08-23 18:04:00,0.047974192537367344
2026-08-23 18:05:00,0.04657165613025427
2026-08-23 18:06:00,0.04657165613025427
2026-08-23 18:07:00,0.04657165613025427
2026-08-23 18:08:00,0.04657165613025427
2026-08-23 18:09:00,0.04657165613025427
2026-08-23 18:10:00,0.05013527441769838
2026-08-23 18:11:00,0.05013527441769838
2026-08-23 18:12:00,0.05013527441769838
2026-08-23 18:13:00,0.05013527441769838
2026-08-23 18:14:00,0.05013527441769838
2026-08-23 18:15:00,0.054492189548909664
2026-08-23 18:16:00,0.054492189548909664
2026-08-23 18:17:00,0.054492189548909664
2026-08-23 18:18:00,0.054492189548909664
2026-08-23 18:19:00,0.054492189548909664
2026-08-23 18:20:00,0.0625409809872508
2026-08-23 18:21:00,0.0625409809872508
2026-08-23 18:22:00,0.0625409809872508
2026-08-23 18:23:00,0.0625409809872508
2026-08-23 18:24:00,0.0625409809872508
2026-08-23 18:25:00,0.06971951574087143
2026-08-23 18:26:00,0.06971951574087143
2026-08-23 18:27:00,0.06971951574087143
2026-08-23 18:28:00,0.06971951574087143
2026-08-23 18:29:00,0.06971951574087143
2026-08-23 18:30:00,0.07244230061769485
2026-08-23 18:31:00,0.07244230061769485
2026-08-23 18:32:00,0.07244230061769485
2026-08-23 18:33:00,0.07244230061769485
2026-08-23 18:34:00,0.07244230061769485
2026-08-23 18:35:00,0.0701780840754509
2026-08-23 18:36:00,0.0701780840754509
2026-08-23 18:37:00,0.0701780840754509
2026-08-23 18:38:00,0.0701780840754509
2026-08-23 18:39:00,0.0701780840754509
2026-08-23 18:40:00,0.30883502028882504
2026-08-23 18:41:00,0.30883502028882504
2026-08-23 18:42:00,0.30883502028882504
2026-08-23 18:43:00,0.30883502028882504
2026-08-23 18:44:00,0.30883502028882504
2026-08-23 18:45:00,0.5444676373153925
2026-08-23 18:46:00,0.5444676373153925
2026-08-23 18:47:00,0.5444676373153925
2026-08-23 18:48:00,0.5444676373153925
2026-08-23 18:49:00,0.5444676373153925
2026-08-23 18:50:00,0.7796501629054546
2026-08-23 18:51:00,0.7796501629054546
2026-08-23 18:52:00,0.7796501629054546
2026-08-23 18:53:00,0.7796501629054546
2026-08-23 18:54:00,0.7796501629054546
2026-08-23 18:55:00,1.016616940498352
2026-08-23 18:56:00,1.016616940498352
2026-08-23 18:57:00,1.016616940498352
2026-08-23 18:58:00,1.016616940498352
2026-08-23 18:59:00,1.016616940498352
2026-08-23 19:00:00,1.0349277555942535
2026-08-23 19:01:00,1.0349277555942535
2026-08-23 19:02:00,1.0349277555942535
2026-08-23 19:03:00,1.0349277555942535
2026-08-23 19:04:00,1.0349277555942535
2026-08-23 19:05:00,1.0520108938217163
2026-08-23 19:06:00,1.0520108938217163
2026-08-23 19:07:00,1.0520108938217163
2026-08-23 19:08:00,1.0520108938217163
2026-08-23 19:09:00,1.0520108938217163
2026-08-23 19:10:00,1.0621218979358673
2026-08-23 19:11:00,1.0621218979358673
2026-08-23 19:12:00,1.0621218979358673
2026-08-23 19:13:00,1.0621218979358673
2026-08-23 19:14:00,1.0621218979358673
2026-08-23 19:15:00,1.041955053806305
2026-08-23 19:16:00,1.041955053806305
2026-08-23 19:17:00,1.041955053806305
2026-08-23 19:18:00,1.041955053806305
2026-08-23 19:19:00,1.041955053806305
2026-08-23 19:20:00,0.8934850543737411
2026-08-23 19:21:00,0.8934850543737411
2026-08-23 19:22:00,0.8934850543737411
2026-08-23 19:23:00,0.8934850543737411
2026-08-23 19:24:00,0.8934850543737411
2026-08-23 19:25:00,0.677729032933712
2026-08-23 19:26:00,0.677729032933712
2026-08-23 19:27:00,0.677729032933712
2026-08-23 19:28:00,0.677729032933712
2026-08-23 19:29:00,0.677729032933712
2026-08-23 19:30:00,0.4569171071052551
2026-08-23 19:31:00,0.4569171071052551
2026-08-23 19:32:00,0.4569171071052551
2026-08-23 19:33:00,0.4569171071052551
2026-08-23 19:34:00,0.4569171071052551
2026-08-23 19:35:00,0.27032438665628433
2026-08-23 19:36:00,0.27032438665628433
2026-08-23 19:37:00,0.27032438665628433
2026-08-23 19:38:00,0.27032438665628433
2026-08-23 19:39:00,0.27032438665628433
2026-08-23 19:40:00,0.18029703572392464
2026-08-23 19:41:00,0.18029703572392464
2026-08-23 19:42:00,0.18029703572392464
2026-08-23 19:43:00,0.18029703572392464
2026-08-23 19:44:00,0.18029703572392464
2026-08-23 19:45:00,0.16439802944660187
2026-08-23 19:46:00,0.16439802944660187
2026-08-23 19:47:00,0.16439802944660187
2026-08-23 19:48:00,0.16439802944660187
2026-08-23 19:49:00,0.16439802944660187
2026-08-23 19:50:00,0.16302883997559547
2026-08-23 19:51:00,0.16302883997559547
2026-08-23 19:52:00,0.16302883997559547
2026-08-23 19:53:00,0.16302883997559547
2026-08-23 19:54:00,0.16302883997559547
2026-08-23 19:55:00,0.16105805709958076
2026-08-23 19:56:00,0.16105805709958076
2026-08-23 19:57:00,0.16105805709958076
2026-08-23 19:58:00,0.16105805709958076
2026-08-23 19:59:00,0.16105805709958076
2026-08-23 20:00:00,0.1673811376094818
2026-08-23 20:01:00,0.1673811376094818
2026-08-23 20:02:00,0.1673811376094818
2026-08-23 20:03:00,0.1673811376094818
2026-08-23 20:04:00,0.1673811376094818
2026-08-23 20:05:00,0.16396957263350487
2026-08-23 20:06:00,0.16396957263350487
2026-08-23 20:07:00,0.16396957263350487
2026-08-23 20:08:00,0.16396957263350487
2026-08-23 20:09:00,0.16396957263350487
2026-08-23 20:10:00,0.15064058266580105
2026-08-23 20:11:00,0.15064058266580105
2026-08-23 20:12:00,0.15064058266580105
2026-08-23 20:13:00,0.15064058266580105
2026-08-23 20:14:00,0.15064058266580105
2026-08-23 20:15:00,0.1262056678533554
2026-08-23 20:16:00,0.1262056678533554
2026-08-23 20:17:00,0.1262056678533554
2026-08-23 20:18:00,0.1262056678533554
2026-08-23 20:19:00,0.1262056678533554
2026-08-23 20:20:00,0.09609610214829445
2026-08-23 20:21:00,0.09609610214829445
2026-08-23 20:22:00,0.09609610214829445
2026-08-23 20:23:00,0.09609610214829445
2026-08-23 20:24:00,0.09609610214829445
2026-08-23 20:25:00,0.07294737920165062
2026-08-23 20:26:00,0.07294737920165062
2026-08-23 20:27:00,0.07294737920165062
2026-08-23 20:28:00,0.07294737920165062
2026-08-23 20:29:00,0.07294737920165062
2026-08-23 20:30:00,0.06115996465086937
2026-08-23 20:31:00,0.06115996465086937
2026-08-23 20:32:00,0.06115996465086937
2026-08-23 20:33:00,0.06115996465086937
2026-08-23 20:34:00,0.06115996465086937
2026-08-23 20:35:00,0.057328375056385994
2026-08-23 20:36:00,0.057328375056385994
2026-08-23 20:37:00,0.057328375056385994
2026-08-23 20:38:00,0.057328375056385994
2026-08-23 20:39:00,0.057328375056385994
2026-08-23 20:40:00,0.05944587476551533
2026-08-23 20:41:00,0.05944587476551533
2026-08-23 20:42:00,0.05944587476551533
2026-08-23 20:43:00,0.05944587476551533
2026-08-23 20:44:00,0.05944587476551533
2026-08-23 20:45:00,0.05926910415291786
2026-08-23 20:46:00,0.05926910415291786
2026-08-23 20:47:00,0.05926910415291786
2026-08-23 20:48:00,0.05926910415291786
2026-08-23 20:49:00,0.05926910415291786
2026-08-23 20:50:00,0.056855784729123116
2026-08-23 20:51:00,0.056855784729123116
2026-08-23 20:52:00,0.056855784729123116
2026-08-23 20:53:00,0.056855784729123116
2026-08-23 20:54:00,0.056855784729123116
2026-08-23 20:55:00,0.057057942263782024
2026-08-23 20:56:00,0.057057942263782024
2026-08-23 20:57:00,0.057057942263782024
2026-08-23 20:58:00,0.057057942263782024
2026-08-23 20:59:00,0.057057942263782024
2026-08-23 21:00:00,0.05678156949579716
2026-08-23 21:01:00,0.05678156949579716
2026-08-23 21:02:00,0.05678156949579716
2026-08-23 21:03:00,0.05678156949579716
2026-08-23 21:04:00,0.05678156949579716
2026-08-23 21:05:00,0.060083478689193726
2026-08-23 21:06:00,0.060083478689193726
2026-08-23 21:07:00,0.060083478689193726
2026-08-23 21:08:00,0.060083478689193726
2026-08-23 21:09:00,0.060083478689193726
2026-08-23 21:10:00,0.06251025479286909
2026-08-23 21:11:00,0.06251025479286909
2026-08-23 21:12:00,0.06251025479286909
2026-08-23 21:13:00,0.06251025479286909
2026-08-23 21:14:00,0.06251025479286909
2026-08-23 21:15:00,0.06427567824721336
2026-08-23 21:16:00,0.06427567824721336
2026-08-23 21:17:00,0.06427567824721336
2026-08-23 21:18:00,0.06427567824721336
2026-08-23 21:19:00,0.06427567824721336
2026-08-23 21:20:00,0.06953939888626337
2026-08-23 21:21:00,0.06953939888626337
2026-08-23 21:22:00,0.06953939888626337
2026-08-23 21:23:00,0.06953939888626337
2026-08-23 21:24:00,0.06953939888626337
2026-08-23 21:25:00,0.07678585592657328
2026-08-23 21:26:00,0.07678585592657328
2026-08-23 21:27:00,0.07678585592657328
2026-08-23 21:28:00,0.07678585592657328
2026-08-23 21:29:00,0.07678585592657328
2026-08-23 21:30:00,0.0815821997821331
2026-08-23 21:31:00,0.0815821997821331
2026-08-23 21:32:00,0.0815821997821331
2026-08-23 21:33:00,0.0815821997821331
2026-08-23 21:34:00,0.0815821997821331
2026-08-23 21:35:00,0.08123760111629963
2026-08-23 21:36:00,0.08123760111629963
2026-08-23 21:37:00,0.08123760111629963
2026-08-23 21:38:00,0.08123760111629963
2026-08-23 21:39:00,0.08123760111629963
2026-08-23 21:40:00,0.07407415378838778
2026-08-23 21:41:00,0.07407415378838778
2026-08-23 21:42:00,0.07407415378838778
2026-08-23 21:43:00,0.07407415378838778
2026-08-23 21:44:00,0.07407415378838778
2026-08-23 21:45:00,0.06335085723549128
2026-08-23 21:46:00,0.06335085723549128
2026-08-23 21:47:00,0.06335085723549128
2026-08-23 21:48:00,0.06335085723549128
2026-08-23 21:49:00,0.06335085723549128
2026-08-23 21:50:00,0.0587071618065238
2026-08-23 21:51:00,0.0587071618065238
2026-08-23 21:52:00,0.0587071618065238
2026-08-23 21:53:00,0.0587071618065238
2026-08-23 21:54:00,0.0587071618065238
2026-08-23 21:55:00,0.058155170641839504
2026-08-23 21:56:00,0.058155170641839504
2026-08-23 21:57:00,0.058155170641839504
2026-08-23 21:58:00,0.058155170641839504
2026-08-23 21:59:00,0.058155170641839504
2026-08-23 22:00:00,0.059464833699166775
2026-08-23 22:01:00,0.059464833699166775
2026-08-23 22:02:00,0.059464833699166775
2026-08-23 22:03:00,0.059464833699166775
2026-08-23 22:04:00,0.059464833699166775
2026-08-23 22:05:00,0.06013807933777571
2026-08-23 22:06:00,0.06013807933777571
2026-08-23 22:07:00,0.06013807933777571
2026-08-23 22:08:00,0.06013807933777571
2026-08-23 22:09:00,0.06013807933777571
2026-08-23 22:10:00,0.057473646476864815
2026-08-23 22:11:00,0.057473646476864815
2026-08-23 22:12:00,0.057473646476864815
2026-08-23 22:13:00,0.057473646476864815
2026-08-23 22:14:00,0.057473646476864815
2026-08-23 22:15:00,0.05572579521685839
2026-08-23 22:16:00,0.05572579521685839
2026-08-23 22:17:00,0.05572579521685839
2026-08-23 22:18:00,0.05572579521685839
2026-08-23 22:19:00,0.05572579521685839
2026-08-23 22:20:00,0.05489166360348463
2026-08-23 22:21:00,0.05489166360348463
2026-08-23 22:22:00,0.05489166360348463
2026-08-23 22:23:00,0.05489166360348463
2026-08-23 22:24:00,0.05489166360348463
2026-08-23 22:25:00,0.055443973280489445
2026-08-23 22:26:00,0.055443973280489445
2026-08-23 22:27:00,0.055443973280489445
2026-08-23 22:28:00,0.055443973280489445
2026-08-23 22:29:00,0.055443973280489445
2026-08-23 22:30:00,0.05731236934661865
2026-08-23 22:31:00,0.05731236934661865
2026-08-23 22:32:00,0.05731236934661865
2026-08-23 22:33:00,0.05731236934661865
2026-08-23 22:34:00,0.05731236934661865
2026-08-23 22:35:00,0.055999056436121464
2026-08-23 22:36:00,0.055999056436121464
2026-08-23 22:37:00,0.055999056436121464
2026-08-23 22:38:00,0.055999056436121464
2026-08-23 22:39:00,0.055999056436121464
2026-08-23 22:40:00,0.054173193871974945
2026-08-23 22:41:00,0.054173193871974945
2026-08-23 22:42:00,0.054173193871974945
2026-08-23 22:43:00,0.054173193871974945
2026-08-23 22:44:00,0.054173193871974945
2026-08-23 22:45:00,0.051162585616111755
2026-08-23 22:46:00,0.051162585616111755
2026-08-23 22:47:00,0.051162585616111755
2026-08-23 22:48:00,0.051162585616111755
2026-08-23 22:49:00,0.051162585616111755
2026-08-23 22:50:00,0.04965223465114832
2026-08-23 22:51:00,0.04965223465114832
2026-08-23 22:52:00,0.04965223465114832
2026-08-23 22:53:00,0.04965223465114832
2026-08-23 22:54:00,0.04965223465114832
2026-08-23 22:55:00,0.05339075904339552
2026-08-23 22:56:00,0.05339075904339552
2026-08-23 22:57:00,0.05339075904339552
2026-08-23 22:58:00,0.05339075904339552
2026-08-23 22:59:00,0.05339075904339552
2026-08-23 23:00:00,0.059866433031857014
2026-08-23 23:01:00,0.059866433031857014
2026-08-23 23:02:00,0.059866433031857014
2026-08-23 23:03:00,0.059866433031857014
2026-08-23 23:04:00,0.059866433031857014
2026-08-23 23:05:00,0.06643178407102823
2026-08-23 23:06:00,0.06643178407102823
2026-08-23 23:07:00,0.06643178407102823
2026-08-23 23:08:00,0.06643178407102823
2026-08-23 23:09:00,0.06643178407102823
2026-08-23 23:10:00,0.06742077134549618
2026-08-23 23:11:00,0.06742077134549618
2026-08-23 23:12:00,0.06742077134549618
2026-08-23 23:13:00,0.06742077134549618
2026-08-23 23:14:00,0.06742077134549618
2026-08-23 23:15:00,0.06359640322625637
2026-08-23 23:16:00,0.06359640322625637
2026-08-23 23:17:00,0.06359640322625637
2026-08-23 23:18:00,0.06359640322625637
2026-08-23 23:19:00,0.06359640322625637
2026-08-23 23:20:00,0.05670383106917143
2026-08-23 23:21:00,0.05670383106917143
2026-08-23 23:22:00,0.05670383106917143
2026-08-23 23:23:00,0.05670383106917143
2026-08-23 23:24:00,0.05670383106917143
2026-08-23 23:25:00,0.0507408557459712
2026-08-23 23:26:00,0.0507408557459712
2026-08-23 23:27:00,0.0507408557459712
2026-08-23 23:28:00,0.0507408557459712
2026-08-23 23:29:00,0.0507408557459712
2026-08-23 23:30:00,0.049404021352529526
2026-08-23 23:31:00,0.049404021352529526
2026-08-23 23:32:00,0.049404021352529526
2026-08-23 23:33:00,0.049404021352529526
2026-08-23 23:34:00,0.049404021352529526
2026-08-23 23:35:00,0.05279439128935337
2026-08-23 23:36:00,0.05279439128935337
2026-08-23 23:37:00,0.05279439128935337
2026-08-23 23:38:00,0.05279439128935337
2026-08-23 23:39:00,0.05279439128935337
2026-08-23 23:40:00,0.05909594986587763
2026-08-23 23:41:00,0.05909594986587763
2026-08-23 23:42:00,0.05909594986587763
2026-08-23 23:43:00,0.05909594986587763
2026-08-23 23:44:00,0.05909594986587763
2026-08-23 23:45:00,0.07692602556198835
2026-08-23 23:46:00,0.07692602556198835
2026-08-23 23:47:00,0.07692602556198835
2026-08-23 23:48:00,0.07692602556198835
2026-08-23 23:49:00,0.07692602556198835
2026-08-23 23:50:00,0.09600924886763096
2026-08-23 23:51:00,0.09600924886763096
2026-08-23 23:52:00,0.09600924886763096
2026-08-23 23:53:00,0.09600924886763096
2026-08-23 23:54:00,0.09600924886763096
2026-08-23 23:55:00,0.10830370523035526
2026-08-23 23:56:00,0.10830370523035526
2026-08-23 23:57:00,0.10830370523035526
2026-08-23 23:58:00,0.10830370523035526
2026-08-23 23:59:00,0.10830370523035526
2026-08-24 00:00:00,0.11773236095905304
2026-08-24 00:01:00,0.11773236095905304
2026-08-24 00:02:00,0.11773236095905304
2026-08-24 00:03:00,0.11773236095905304
2026-08-24 00:04:00,0.11773236095905304
2026-08-24 00:05:00,0.10482274554669857
2026-08-24 00:06:00,0.10482274554669857
2026-08-24 00:07:00,0.10482274554669857
2026-08-24 00:08:00,0.10482274554669857
2026-08-24 00:09:00,0.10482274554669857
2026-08-24 00:10:00,0.08859726414084435
2026-08-24 00:11:00,0.08859726414084435
2026-08-24 00:12:00,0.08859726414084435
2026-08-24 00:13:00,0.08859726414084435
2026-08-24 00:14:00,0.08859726414084435
2026-08-24 00:15:00,0.07644278183579445
2026-08-24 00:16:00,0.07644278183579445
2026-08-24 00:17:00,0.07644278183579445
2026-08-24 00:18:00,0.07644278183579445
2026-08-24 00:19:00,0.07644278183579445
2026-08-24 00:20:00,0.06241013016551733
2026-08-24 00:21:00,0.06241013016551733
2026-08-24 00:22:00,0.06241013016551733
2026-08-24 00:23:00,0.06241013016551733
2026-08-24 00:24:00,0.06241013016551733
2026-08-24 00:25:00,0.13995608408004045
2026-08-24 00:26:00,0.13995608408004045
2026-08-24 00:27:00,0.13995608408004045
2026-08-24 00:28:00,0.13995608408004045
2026-08-24 00:29:00,0.13995608408004045
2026-08-24 00:30:00,0.21851071249693632
2026-08-24 00:31:00,0.21851071249693632
2026-08-24 00:32:00,0.21851071249693632
2026-08-24 00:33:00,0.21851071249693632
2026-08-24 00:34:00,0.21851071249693632
2026-08-24 00:35:00,0.2975159054622054
2026-08-24 00:36:00,0.2975159054622054
2026-08-24 00:37:00,0.2975159054622054
2026-08-24 00:38:00,0.2975159054622054
2026-08-24 00:39:00,0.2975159054622054
2026-08-24 00:40:00,0.3783014640212059
2026-08-24 00:41:00,0.3783014640212059
2026-08-24 00:42:00,0.3783014640212059
2026-08-24 00:43:00,0.3783014640212059
2026-08-24 00:44:00,0.3783014640212059
2026-08-24 00:45:00,0.3003467358648777
2026-08-24 00:46:00,0.3003467358648777
2026-08-24 00:47:00,0.3003467358648777
2026-08-24 00:48:00,0.3003467358648777
2026-08-24 00:49:00,0.3003467358648777
2026-08-24 00:50:00,0.22355368919670582
2026-08-24 00:51:00,0.22355368919670582
2026-08-24 00:52:00,0.22355368919670582
2026-08-24 00:53:00,0.22355368919670582
2026-08-24 00:54:00,0.22355368919670582
2026-08-24 00:55:00,0.15773148648440838
2026-08-24 00:56:00,0.15773148648440838
2026-08-24 00:57:00,0.15773148648440838
2026-08-24 00:58:00,0.15773148648440838
2026-08-24 00:59:00,0.15773148648440838
2026-08-24 01:00:00,0.09017597883939743
2026-08-24 01:01:00,0.09017597883939743
2026-08-24 01:02:00,0.09017597883939743
2026-08-24 01:03:00,0.09017597883939743
2026-08-24 01:04:00,0.09017597883939743
2026-08-24 01:05:00,0.10009012930095196
2026-08-24 01:06:00,0.10009012930095196
2026-08-24 01:07:00,0.10009012930095196
2026-08-24 01:08:00,0.10009012930095196
2026-08-24 01:09:00,0.10009012930095196
2026-08-24 01:10:00,0.11129005439579487
2026-08-24 01:11:00,0.11129005439579487
2026-08-24 01:12:00,0.11129005439579487
2026-08-24 01:13:00,0.11129005439579487
2026-08-24 01:14:00,0.11129005439579487
2026-08-24 01:15:00,0.10421316884458065
2026-08-24 01:16:00,0.10421316884458065
2026-08-24 01:17:00,0.10421316884458065
2026-08-24 01:18:00,0.10421316884458065
2026-08-24 01:19:00,0.10421316884458065
2026-08-24 01:20:00,0.10044062696397305
2026-08-24 01:21:00,0.10044062696397305
2026-08-24 01:22:00,0.10044062696397305
2026-08-24 01:23:00,0.10044062696397305
2026-08-24 01:24:00,0.10044062696397305
2026-08-24 01:25:00,0.09706606529653072
2026-08-24 01:26:00,0.09706606529653072
2026-08-24 01:27:00,0.09706606529653072
2026-08-24 01:28:00,0.09706606529653072
2026-08-24 01:29:00,0.09706606529653072
2026-08-24 01:30:00,0.08837501332163811
2026-08-24 01:31:00,0.08837501332163811
2026-08-24 01:32:00,0.08837501332163811
2026-08-24 01:33:00,0.08837501332163811
2026-08-24 01:34:00,0.08837501332163811
2026-08-24 01:35:00,0.0889762919396162
2026-08-24 01:36:00,0.0889762919396162
2026-08-24 01:37:00,0.0889762919396162
2026-08-24 01:38:00,0.0889762919396162
2026-08-24 01:39:00,0.0889762919396162
2026-08-24 01:40:00,0.08781540766358376
2026-08-24 01:41:00,0.08781540766358376
2026-08-24 01:42:00,0.08781540766358376
2026-08-24 01:43:00,0.08781540766358376
2026-08-24 01:44:00,0.08781540766358376
2026-08-24 01:45:00,0.08091641776263714
2026-08-24 01:46:00,0.08091641776263714
2026-08-24 01:47:00,0.08091641776263714
2026-08-24 01:48:00,0.08091641776263714
2026-08-24 01:49:00,0.08091641776263714
2026-08-24 01:50:00,0.07205056864768267
2026-08-24 01:51:00,0.07205056864768267
2026-08-24 01:52:00,0.07205056864768267
2026-08-24 01:53:00,0.07205056864768267
2026-08-24 01:54:00,0.07205056864768267
2026-08-24 01:55:00,0.060030545108020306
2026-08-24 01:56:00,0.060030545108020306
2026-08-24 01:57:00,0.060030545108020306
2026-08-24 01:58:00,0.060030545108020306
2026-08-24 01:59:00,0.060030545108020306
2026-08-24 02:00:00,0.050890760496258736
2026-08-24 02:01:00,0.050890760496258736
2026-08-24 02:02:00,0.050890760496258736
2026-08-24 02:03:00,0.050890760496258736
2026-08-24 02:04:00,0.050890760496258736
2026-08-24 02:05:00,0.047214459627866745
2026-08-24 02:06:00,0.047214459627866745
2026-08-24 02:07:00,0.047214459627866745
2026-08-24 02:08:00,0.047214459627866745
2026-08-24 02:09:00,0.047214459627866745
2026-08-24 02:10:00,0.05106400977820158
2026-08-24 02:11:00,0.05106400977820158
2026-08-24 02:12:00,0.05106400977820158
2026-08-24 02:13:00,0.05106400977820158
2026-08-24 02:14:00,0.05106400977820158
2026-08-24 02:15:00,0.05864062998443842
2026-08-24 02:16:00,0.05864062998443842
2026-08-24 02:17:00,0.05864062998443842
2026-08-24 02:18:00,0.05864062998443842
2026-08-24 02:19:00,0.05864062998443842
2026-08-24 02:20:00,0.062441032379865646
2026-08-24 02:21:00,0.062441032379865646
2026-08-24 02:22:00,0.062441032379865646
2026-08-24 02:23:00,0.062441032379865646
2026-08-24 02:24:00,0.062441032379865646
2026-08-24 02:25:00,0.06616303138434887
2026-08-24 02:26:00,0.06616303138434887
2026-08-24 02:27:00,0.06616303138434887
2026-08-24 02:28:00,0.06616303138434887
2026-08-24 02:29:00,0.06616303138434887
2026-08-24 02:30:00,0.0634843222796917
2026-08-24 02:31:00,0.0634843222796917
2026-08-24 02:32:00,0.0634843222796917
2026-08-24 02:33:00,0.0634843222796917
2026-08-24 02:34:00,0.0634843222796917
2026-08-24 02:35:00,0.059529067017138004
2026-08-24 02:36:00,0.059529067017138004
2026-08-24 02:37:00,0.059529067017138004
2026-08-24 02:38:00,0.059529067017138004
2026-08-24 02:39:00,0.059529067017138004
2026-08-24 02:40:00,0.05747984256595373
2026-08-24 02:41:00,0.05747984256595373
2026-08-24 02:42:00,0.05747984256595373
2026-08-24 02:43:00,0.05747984256595373
2026-08-24 02:44:00,0.05747984256595373
2026-08-24 02:45:00,0.05706644710153341
2026-08-24 02:46:00,0.05706644710153341
2026-08-24 02:47:00,0.05706644710153341
2026-08-24 02:48:00,0.05706644710153341
2026-08-24 02:49:00,0.05706644710153341
2026-08-24 02:50:00,0.058917513117194176
2026-08-24 02:51:00,0.058917513117194176
2026-08-24 02:52:00,0.058917513117194176
2026-08-24 02:53:00,0.058917513117194176
2026-08-24 02:54:00,0.058917513117194176
2026-08-24 02:55:00,0.06334431748837233
2026-08-24 02:56:00,0.06334431748837233
2026-08-24 02:57:00,0.06334431748837233
2026-08-24 02:58:00,0.06334431748837233
2026-08-24 02:59:00,0.06334431748837233
2026-08-24 03:00:00,0.06744650658220053
2026-08-24 03:01:00,0.06744650658220053
2026-08-24 03:02:00,0.06744650658220053
2026-08-24 03:03:00,0.06744650658220053
2026-08-24 03:04:00,0.06744650658220053
2026-08-24 03:05:00,0.06746774632483721
2026-08-24 03:06:00,0.06746774632483721
2026-08-24 03:07:00,0.06746774632483721
2026-08-24 03:08:00,0.06746774632483721
2026-08-24 03:09:00,0.06746774632483721
2026-08-24 03:10:00,0.07139605097472668
2026-08-24 03:11:00,0.07139605097472668
2026-08-24 03:12:00,0.07139605097472668
2026-08-24 03:13:00,0.07139605097472668
2026-08-24 03:14:00,0.07139605097472668
2026-08-24 03:15:00,0.07091582007706165
2026-08-24 03:16:00,0.07091582007706165
2026-08-24 03:17:00,0.07091582007706165
2026-08-24 03:18:00,0.07091582007706165
2026-08-24 03:19:00,0.07091582007706165
2026-08-24 03:20:00,0.06948262639343739
2026-08-24 03:21:00,0.06948262639343739
2026-08-24 03:22:00,0.06948262639343739
2026-08-24 03:23:00,0.06948262639343739
2026-08-24 03:24:00,0.06948262639343739
2026-08-24 03:25:00,0.07455412670969963
2026-08-24 03:26:00,0.07455412670969963
2026-08-24 03:27:00,0.07455412670969963
2026-08-24 03:28:00,0.07455412670969963
2026-08-24 03:29:00,0.07455412670969963
2026-08-24 03:30:00,0.07577141746878624
2026-08-24 03:31:00,0.07577141746878624
2026-08-24 03:32:00,0.07577141746878624
2026-08-24 03:33:00,0.07577141746878624
2026-08-24 03:34:00,0.07577141746878624
2026-08-24 03:35:00,0.07553365081548691
2026-08-24 03:36:00,0.07553365081548691
2026-08-24 03:37:00,0.07553365081548691
2026-08-24 03:38:00,0.07553365081548691
2026-08-24 03:39:00,0.07553365081548691
2026-08-24 03:40:00,0.07227799575775862
2026-08-24 03:41:00,0.07227799575775862
2026-08-24 03:42:00,0.07227799575775862
2026-08-24 03:43:00,0.07227799575775862
2026-08-24 03:44:00,0.07227799575775862
2026-08-24 03:45:00,0.06343520991504192
2026-08-24 03:46:00,0.06343520991504192
2026-08-24 03:47:00,0.06343520991504192
2026-08-24 03:48:00,0.06343520991504192
2026-08-24 03:49:00,0.06343520991504192
2026-08-24 03:50:00,0.05595641490072012
2026-08-24 03:51:00,0.05595641490072012
2026-08-24 03:52:00,0.05595641490072012
2026-08-24 03:53:00,0.05595641490072012
2026-08-24 03:54:00,0.05595641490072012
2026-08-24 03:55:00,0.0528165465220809
2026-08-24 03:56:00,0.0528165465220809
2026-08-24 03:57:00,0.0528165465220809
2026-08-24 03:58:00,0.0528165465220809
2026-08-24 03:59:00,0.0528165465220809
2026-08-24 04:00:00,0.05323645658791065
2026-08-24 04:01:00,0.05323645658791065
2026-08-24 04:02:00,0.05323645658791065
2026-08-24 04:03:00,0.05323645658791065
2026-08-24 04:04:00,0.05323645658791065
2026-08-24 04:05:00,0.052831318229436874
2026-08-24 04:06:00,0.052831318229436874
2026-08-24 04:07:00,0.052831318229436874
2026-08-24 04:08:00,0.052831318229436874
2026-08-24 04:09:00,0.052831318229436874
2026-08-24 04:10:00,0.05215984117239714
2026-08-24 04:11:00,0.05215984117239714
2026-08-24 04:12:00,0.05215984117239714
2026-08-24 04:13:00,0.05215984117239714
2026-08-24 04:14:00,0.05215984117239714
2026-08-24 04:15:00,0.050635822117328644
2026-08-24 04:16:00,0.050635822117328644
2026-08-24 04:17:00,0.050635822117328644
2026-08-24 04:18:00,0.050635822117328644
2026-08-24 04:19:00,0.050635822117328644
2026-08-24 04:20:00,0.0825775470584631
2026-08-24 04:21:00,0.0825775470584631
2026-08-24 04:22:00,0.0825775470584631
2026-08-24 04:23:00,0.0825775470584631
2026-08-24 04:24:00,0.0825775470584631
2026-08-24 04:25:00,0.11674745846539736
2026-08-24 04:26:00,0.11674745846539736
2026-08-24 04:27:00,0.11674745846539736
2026-08-24 04:28:00,0.11674745846539736
2026-08-24 04:29:00,0.11674745846539736
2026-08-24 04:30:00,0.1513325022533536
2026-08-24 04:31:00,0.1513325022533536
2026-08-24 04:32:00,0.1513325022533536
2026-08-24 04:33:00,0.1513325022533536
2026-08-24 04:34:00,0.1513325022533536
2026-08-24 04:35:00,0.18318574875593185
2026-08-24 04:36:00,0.18318574875593185
2026-08-24 04:37:00,0.18318574875593185
2026-08-24 04:38:00,0.18318574875593185
2026-08-24 04:39:00,0.18318574875593185
2026-08-24 04:40:00,0.1521795094013214
2026-08-24 04:41:00,0.1521795094013214
2026-08-24 04:42:00,0.1521795094013214
2026-08-24 04:43:00,0.1521795094013214
2026-08-24 04:44:00,0.1521795094013214
2026-08-24 04:45:00,0.11974824033677578
2026-08-24 04:46:00,0.11974824033677578
2026-08-24 04:47:00,0.11974824033677578
2026-08-24 04:48:00,0.11974824033677578
2026-08-24 04:49:00,0.11974824033677578
2026-08-24 04:50:00,0.08565634023398161
2026-08-24 04:51:00,0.08565634023398161
2026-08-24 04:52:00,0.08565634023398161
2026-08-24 04:53:00,0.08565634023398161
2026-08-24 04:54:00,0.08565634023398161
2026-08-24 04:55:00,0.05242255516350269
2026-08-24 04:56:00,0.05242255516350269
2026-08-24 04:57:00,0.05242255516350269
2026-08-24 04:58:00,0.05242255516350269
2026-08-24 04:59:00,0.05242255516350269
2026-08-24 05:00:00,0.04905187617987394
2026-08-24 05:01:00,0.04905187617987394
2026-08-24 05:02:00,0.04905187617987394
2026-08-24 05:03:00,0.04905187617987394
2026-08-24 05:04:00,0.04905187617987394
2026-08-24 05:05:00,0.0482301190495491
2026-08-24 05:06:00,0.0482301190495491
2026-08-24 05:07:00,0.0482301190495491
2026-08-24 05:08:00,0.0482301190495491
2026-08-24 05:09:00,0.0482301190495491
2026-08-24 05:10:00,0.12457625474780798
2026-08-24 05:11:00,0.12457625474780798
2026-08-24 05:12:00,0.12457625474780798
2026-08-24 05:13:00,0.12457625474780798
2026-08-24 05:14:00,0.12457625474780798
2026-08-24 05:15:00,0.20148785412311554
2026-08-24 05:16:00,0.20148785412311554
2026-08-24 05:17:00,0.20148785412311554
2026-08-24 05:18:00,0.20148785412311554
2026-08-24 05:19:00,0.20148785412311554
2026-08-24 05:20:00,0.2797125792130828
2026-08-24 05:21:00,0.2797125792130828
2026-08-24 05:22:00,0.2797125792130828
2026-08-24 05:23:00,0.2797125792130828
2026-08-24 05:24:00,0.2797125792130828
2026-08-24 05:25:00,0.3575004115700722
2026-08-24 05:26:00,0.3575004115700722
2026-08-24 05:27:00,0.3575004115700722
2026-08-24 05:28:00,0.3575004115700722
2026-08-24 05:29:00,0.3575004115700722
2026-08-24 05:30:00,0.2907936405390501
2026-08-24 05:31:00,0.2907936405390501
2026-08-24 05:32:00,0.2907936405390501
2026-08-24 05:33:00,0.2907936405390501
2026-08-24 05:34:00,0.2907936405390501
2026-08-24 05:35:00,0.21987154707312584
2026-08-24 05:36:00,0.21987154707312584
2026-08-24 05:37:00,0.21987154707312584
2026-08-24 05:38:00,0.21987154707312584
2026-08-24 05:39:00,0.21987154707312584
2026-08-24 05:40:00,0.14687679149210453
2026-08-24 05:41:00,0.14687679149210453
2026-08-24 05:42:00,0.14687679149210453
2026-08-24 05:43:00,0.14687679149210453
2026-08-24 05:44:00,0.14687679149210453
2026-08-24 05:45:00,0.07597218826413155
2026-08-24 05:46:00,0.07597218826413155
2026-08-24 05:47:00,0.07597218826413155
2026-08-24 05:48:00,0.07597218826413155
2026-08-24 05:49:00,0.07597218826413155
2026-08-24 05:50:00,0.0735846608877182
2026-08-24 05:51:00,0.0735846608877182
2026-08-24 05:52:00,0.0735846608877182
2026-08-24 05:53:00,0.0735846608877182
2026-08-24 05:54:00,0.0735846608877182
2026-08-24 05:55:00,0.07545530423521996
2026-08-24 05:56:00,0.07545530423521996
2026-08-24 05:57:00,0.07545530423521996
2026-08-24 05:58:00,0.07545530423521996
2026-08-24 05:59:00,0.07545530423521996
2026-08-24 06:00:00,0.07938396371901035
2026-08-24 06:01:00,0.07938396371901035
2026-08-24 06:02:00,0.07938396371901035
2026-08-24 06:03:00,0.07938396371901035
2026-08-24 06:04:00,0.07938396371901035
2026-08-24 06:05:00,0.08035961166024208
2026-08-24 06:06:00,0.08035961166024208
2026-08-24 06:07:00,0.08035961166024208
2026-08-24 06:08:00,0.08035961166024208
2026-08-24 06:09:00,0.08035961166024208
2026-08-24 06:10:00,0.08001897856593132
2026-08-24 06:11:00,0.08001897856593132
2026-08-24 06:12:00,0.08001897856593132
2026-08-24 06:13:00,0.08001897856593132
2026-08-24 06:14:00,0.08001897856593132
2026-08-24 06:15:00,0.07882780209183693
2026-08-24 06:16:00,0.07882780209183693
2026-08-24 06:17:00,0.07882780209183693
2026-08-24 06:18:00,0.07882780209183693
2026-08-24 06:19:00,0.07882780209183693
2026-08-24 06:20:00,0.07229788135737181
2026-08-24 06:21:00,0.07229788135737181
2026-08-24 06:22:00,0.07229788135737181
2026-08-24 06:23:00,0.07229788135737181
2026-08-24 06:24:00,0.07229788135737181
2026-08-24 06:25:00,0.06733364146202803
2026-08-24 06:26:00,0.06733364146202803
2026-08-24 06:27:00,0.06733364146202803
2026-08-24 06:28:00,0.06733364146202803
2026-08-24 06:29:00,0.06733364146202803
2026-08-24 06:30:00,0.062454680912196636
2026-08-24 06:31:00,0.062454680912196636
2026-08-24 06:32:00,0.062454680912196636
2026-08-24 06:33:00,0.062454680912196636
2026-08-24 06:34:00,0.062454680912196636
2026-08-24 06:35:00,0.0569567522034049
2026-08-24 06:36:00,0.0569567522034049
2026-08-24 06:37:00,0.0569567522034049
2026-08-24 06:38:00,0.0569567522034049
2026-08-24 06:39:00,0.0569567522034049
2026-08-24 06:40:00,0.05659970548003912
2026-08-24 06:41:00,0.05659970548003912
2026-08-24 06:42:00,0.05659970548003912
2026-08-24 06:43:00,0.05659970548003912
2026-08-24 06:44:00,0.05659970548003912
2026-08-24 06:45:00,0.05370896402746439
2026-08-24 06:46:00,0.05370896402746439
2026-08-24 06:47:00,0.05370896402746439
2026-08-24 06:48:00,0.05370896402746439
2026-08-24 06:49:00,0.05370896402746439
2026-08-24 06:50:00,0.051693711429834366
2026-08-24 06:51:00,0.051693711429834366
2026-08-24 06:52:00,0.051693711429834366
2026-08-24 06:53:00,0.051693711429834366
2026-08-24 06:54:00,0.051693711429834366
2026-08-24 06:55:00,0.04960466641932726
2026-08-24 06:56:00,0.04960466641932726
2026-08-24 06:57:00,0.04960466641932726
2026-08-24 06:58:00,0.04960466641932726
2026-08-24 06:59:00,0.04960466641932726
2026-08-24 07:00:00,0.04770871810615063
2026-08-24 07:01:00,0.04770871810615063
2026-08-24 07:02:00,0.04770871810615063
2026-08-24 07:03:00,0.04770871810615063
2026-08-24 07:04:00,0.04770871810615063
2026-08-24 07:05:00,0.04750520456582308
2026-08-24 07:06:00,0.04750520456582308
2026-08-24 07:07:00,0.04750520456582308
2026-08-24 07:08:00,0.04750520456582308
2026-08-24 07:09:00,0.04750520456582308
2026-08-24 07:10:00,0.049029295332729816
2026-08-24 07:11:00,0.049029295332729816
2026-08-24 07:12:00,0.049029295332729816
2026-08-24 07:13:00,0.049029295332729816
2026-08-24 07:14:00,0.049029295332729816
2026-08-24 07:15:00,0.04954799637198448
2026-08-24 07:16:00,0.04954799637198448
2026-08-24 07:17:00,0.04954799637198448
2026-08-24 07:18:00,0.04954799637198448
2026-08-24 07:19:00,0.04954799637198448
2026-08-24 07:20:00,0.04864754341542721
2026-08-24 07:21:00,0.04864754341542721
2026-08-24 07:22:00,0.04864754341542721
2026-08-24 07:23:00,0.04864754341542721
2026-08-24 07:24:00,0.04864754341542721
2026-08-24 07:25:00,0.1308043086901307
2026-08-24 07:26:00,0.1308043086901307
2026-08-24 07:27:00,0.1308043086901307
2026-08-24 07:28:00,0.1308043086901307
2026-08-24 07:29:00,0.1308043086901307
2026-08-24 07:30:00,0.21161847934126854
2026-08-24 07:31:00,0.21161847934126854
2026-08-24 07:32:00,0.21161847934126854
2026-08-24 07:33:00,0.21161847934126854
2026-08-24 07:34:00,0.21161847934126854
2026-08-24 07:35:00,0.29461594484746456
2026-08-24 07:36:00,0.29461594484746456
2026-08-24 07:37:00,0.29461594484746456
2026-08-24 07:38:00,0.29461594484746456
2026-08-24 07:39:00,0.29461594484746456
2026-08-24 07:40:00,0.37827812135219574
2026-08-24 07:41:00,0.37827812135219574
2026-08-24 07:42:00,0.37827812135219574
2026-08-24 07:43:00,0.37827812135219574
2026-08-24 07:44:00,0.37827812135219574
2026-08-24 07:45:00,0.29835011903196573
2026-08-24 07:46:00,0.29835011903196573
2026-08-24 07:47:00,0.29835011903196573
2026-08-24 07:48:00,0.29835011903196573
2026-08-24 07:49:00,0.29835011903196573
2026-08-24 07:50:00,0.21932672709226608
2026-08-24 07:51:00,0.21932672709226608
2026-08-24 07:52:00,0.21932672709226608
2026-08-24 07:53:00,0.21932672709226608
2026-08-24 07:54:00,0.21932672709226608
2026-08-24 07:55:00,0.1390151670202613
2026-08-24 07:56:00,0.1390151670202613
2026-08-24 07:57:00,0.1390151670202613
2026-08-24 07:58:00,0.1390151670202613
2026-08-24 07:59:00,0.1390151670202613
2026-08-24 08:00:00,0.05883701331913471
2026-08-24 08:01:00,0.05883701331913471
2026-08-24 08:02:00,0.05883701331913471
2026-08-24 08:03:00,0.05883701331913471
2026-08-24 08:04:00,0.05883701331913471
2026-08-24 08:05:00,0.06036906410008669
2026-08-24 08:06:00,0.06036906410008669
2026-08-24 08:07:00,0.06036906410008669
2026-08-24 08:08:00,0.06036906410008669
2026-08-24 08:09:00,0.06036906410008669
2026-08-24 08:10:00,0.06165802665054798
2026-08-24 08:11:00,0.06165802665054798
2026-08-24 08:12:00,0.06165802665054798
2026-08-24 08:13:00,0.06165802665054798
2026-08-24 08:14:00,0.06165802665054798
2026-08-24 08:15:00,0.06416744459420443
2026-08-24 08:16:00,0.06416744459420443
2026-08-24 08:17:00,0.06416744459420443
2026-08-24 08:18:00,0.06416744459420443
2026-08-24 08:19:00,0.06416744459420443
2026-08-24 08:20:00,0.06625770032405853
2026-08-24 08:21:00,0.06625770032405853
2026-08-24 08:22:00,0.06625770032405853
2026-08-24 08:23:00,0.06625770032405853
2026-08-24 08:24:00,0.06625770032405853
2026-08-24 08:25:00,0.06560375262051821
2026-08-24 08:26:00,0.06560375262051821
2026-08-24 08:27:00,0.06560375262051821
2026-08-24 08:28:00,0.06560375262051821
2026-08-24 08:29:00,0.06560375262051821
2026-08-24 08:30:00,0.06557801645249128
2026-08-24 08:31:00,0.06557801645249128
2026-08-24 08:32:00,0.06557801645249128
2026-08-24 08:33:00,0.06557801645249128
2026-08-24 08:34:00,0.06557801645249128
2026-08-24 08:35:00,0.06229166500270367
2026-08-24 08:36:00,0.06229166500270367
2026-08-24 08:37:00,0.06229166500270367
2026-08-24 08:38:00,0.06229166500270367
2026-08-24 08:39:00,0.06229166500270367
2026-08-24 08:40:00,0.05982842482626438
2026-08-24 08:41:00,0.05982842482626438
2026-08-24 08:42:00,0.05982842482626438
2026-08-24 08:43:00,0.05982842482626438
2026-08-24 08:44:00,0.05982842482626438
2026-08-24 08:45:00,0.05893367063254118
2026-08-24 08:46:00,0.05893367063254118
2026-08-24 08:47:00,0.05893367063254118
2026-08-24 08:48:00,0.05893367063254118
2026-08-24 08:49:00,0.05893367063254118
2026-08-24 08:50:00,0.05896070506423712
2026-08-24 08:51:00,0.05896070506423712
2026-08-24 08:52:00,0.05896070506423712
2026-08-24 08:53:00,0.05896070506423712
2026-08-24 08:54:00,0.05896070506423712
2026-08-24 08:55:00,0.0603022575378418
2026-08-24 08:56:00,0.0603022575378418
2026-08-24 08:57:00,0.0603022575378418
2026-08-24 08:58:00,0.0603022575378418
2026-08-24 08:59:00,0.0603022575378418
2026-08-24 09:00:00,0.05932667665183544
2026-08-24 09:01:00,0.05932667665183544
2026-08-24 09:02:00,0.05932667665183544
2026-08-24 09:03:00,0.05932667665183544
2026-08-24 09:04:00,0.05932667665183544
2026-08-24 09:05:00,0.057516186498105526
2026-08-24 09:06:00,0.057516186498105526
2026-08-24 09:07:00,0.057516186498105526
2026-08-24 09:08:00,0.057516186498105526
2026-08-24 09:09:00,0.057516186498105526
2026-08-24 09:10:00,0.053736455738544464
2026-08-24 09:11:00,0.053736455738544464
2026-08-24 09:12:00,0.053736455738544464
2026-08-24 09:13:00,0.053736455738544464
2026-08-24 09:14:00,0.053736455738544464
2026-08-24 09:15:00,0.05490959994494915
2026-08-24 09:16:00,0.05490959994494915
2026-08-24 09:17:00,0.05490959994494915
2026-08-24 09:18:00,0.05490959994494915
2026-08-24 09:19:00,0.05490959994494915
2026-08-24 09:20:00,0.05834692157804966
2026-08-24 09:21:00,0.05834692157804966
2026-08-24 09:22:00,0.05834692157804966
2026-08-24 09:23:00,0.05834692157804966
2026-08-24 09:24:00,0.05834692157804966
2026-08-24 09:25:00,0.06280329171568155
2026-08-24 09:26:00,0.06280329171568155
2026-08-24 09:27:00,0.06280329171568155
2026-08-24 09:28:00,0.06280329171568155
2026-08-24 09:29:00,0.06280329171568155
2026-08-24 09:30:00,0.06783750094473362
2026-08-24 09:31:00,0.06783750094473362
2026-08-24 09:32:00,0.06783750094473362
2026-08-24 09:33:00,0.06783750094473362
2026-08-24 09:34:00,0.06783750094473362
2026-08-24 09:35:00,0.14370123855769634
2026-08-24 09:36:00,0.14370123855769634
2026-08-24 09:37:00,0.14370123855769634
2026-08-24 09:38:00,0.14370123855769634
2026-08-24 09:39:00,0.14370123855769634
2026-08-24 09:40:00,0.2175623495131731
2026-08-24 09:41:00,0.2175623495131731
2026-08-24 09:42:00,0.2175623495131731
2026-08-24 09:43:00,0.2175623495131731
2026-08-24 09:44:00,0.2175623495131731
2026-08-24 09:45:00,0.29358379542827606
2026-08-24 09:46:00,0.29358379542827606
2026-08-24 09:47:00,0.29358379542827606
2026-08-24 09:48:00,0.29358379542827606
2026-08-24 09:49:00,0.29358379542827606
2026-08-24 09:50:00,0.37059349566698074
2026-08-24 09:51:00,0.37059349566698074
2026-08-24 09:52:00,0.37059349566698074
2026-08-24 09:53:00,0.37059349566698074
2026-08-24 09:54:00,0.37059349566698074
2026-08-24 09:55:00,0.29598901607096195
2026-08-24 09:56:00,0.29598901607096195
2026-08-24 09:57:00,0.29598901607096195
2026-08-24 09:58:00,0.29598901607096195
2026-08-24 09:59:00,0.29598901607096195
2026-08-24 10:00:00,0.22232869639992714
2026-08-24 10:01:00,0.22232869639992714
2026-08-24 10:02:00,0.22232869639992714
2026-08-24 10:03:00,0.22232869639992714
2026-08-24 10:04:00,0.22232869639992714
2026-08-24 10:05:00,0.14846128039062023
2026-08-24 10:06:00,0.14846128039062023
2026-08-24 10:07:00,0.14846128039062023
2026-08-24 10:08:00,0.14846128039062023
2026-08-24 10:09:00,0.14846128039062023
2026-08-24 10:10:00,0.07486333698034286
2026-08-24 10:11:00,0.07486333698034286
2026-08-24 10:12:00,0.07486333698034286
2026-08-24 10:13:00,0.07486333698034286
2026-08-24 10:14:00,0.07486333698034286
2026-08-24 10:15:00,0.07809046469628811
2026-08-24 10:16:00,0.07809046469628811
2026-08-24 10:17:00,0.07809046469628811
2026-08-24 10:18:00,0.07809046469628811
2026-08-24 10:19:00,0.07809046469628811
2026-08-24 10:20:00,0.07854131236672401
2026-08-24 10:21:00,0.07854131236672401
2026-08-24 10:22:00,0.07854131236672401
2026-08-24 10:23:00,0.07854131236672401
2026-08-24 10:24:00,0.07854131236672401
2026-08-24 10:25:00,0.07570910453796387
2026-08-24 10:26:00,0.07570910453796387
2026-08-24 10:27:00,0.07570910453796387
2026-08-24 10:28:00,0.07570910453796387
2026-08-24 10:29:00,0.07570910453796387
2026-08-24 10:30:00,0.07153756730258465
2026-08-24 10:31:00,0.07153756730258465
2026-08-24 10:32:00,0.07153756730258465
2026-08-24 10:33:00,0.07153756730258465
2026-08-24 10:34:00,0.07153756730258465
2026-08-24 10:35:00,0.06730961985886097
2026-08-24 10:36:00,0.06730961985886097
2026-08-24 10:37:00,0.06730961985886097
2026-08-24 10:38:00,0.06730961985886097
2026-08-24 10:39:00,0.06730961985886097
2026-08-24 10:40:00,0.06814415566623211
2026-08-24 10:41:00,0.06814415566623211
2026-08-24 10:42:00,0.06814415566623211
2026-08-24 10:43:00,0.06814415566623211
2026-08-24 10:44:00,0.06814415566623211
2026-08-24 10:45:00,0.0718821007758379
2026-08-24 10:46:00,0.0718821007758379
2026-08-24 10:47:00,0.0718821007758379
2026-08-24 10:48:00,0.0718821007758379
2026-08-24 10:49:00,0.0718821007758379
2026-08-24 10:50:00,0.07595083862543106
2026-08-24 10:51:00,0.07595083862543106
2026-08-24 10:52:00,0.07595083862543106
2026-08-24 10:53:00,0.07595083862543106
2026-08-24 10:54:00,0.07595083862543106
2026-08-24 10:55:00,0.0768838245421648
2026-08-24 10:56:00,0.0768838245421648
2026-08-24 10:57:00,0.0768838245421648
2026-08-24 10:58:00,0.0768838245421648
2026-08-24 10:59:00,0.0768838245421648
2026-08-24 11:00:00,0.07264190725982189
2026-08-24 11:01:00,0.07264190725982189
2026-08-24 11:02:00,0.07264190725982189
2026-08-24 11:03:00,0.07264190725982189
2026-08-24 11:04:00,0.07264190725982189
2026-08-24 11:05:00,0.06694390811026096
2026-08-24 11:06:00,0.06694390811026096
2026-08-24 11:07:00,0.06694390811026096
2026-08-24 11:08:00,0.06694390811026096
2026-08-24 11:09:00,0.06694390811026096
2026-08-24 11:10:00,0.05941076297312975
2026-08-24 11:11:00,0.05941076297312975
2026-08-24 11:12:00,0.05941076297312975
2026-08-24 11:13:00,0.05941076297312975
2026-08-24 11:14:00,0.05941076297312975
2026-08-24 11:15:00,0.05474982690066099
2026-08-24 11:16:00,0.05474982690066099
2026-08-24 11:17:00,0.05474982690066099
2026-08-24 11:18:00,0.05474982690066099
2026-08-24 11:19:00,0.05474982690066099
2026-08-24 11:20:00,0.05490562878549099
2026-08-24 11:21:00,0.05490562878549099
2026-08-24 11:22:00,0.05490562878549099
2026-08-24 11:23:00,0.05490562878549099
2026-08-24 11:24:00,0.05490562878549099
2026-08-24 11:25:00,0.052849264815449715
2026-08-24 11:26:00,0.052849264815449715
2026-08-24 11:27:00,0.052849264815449715
2026-08-24 11:28:00,0.052849264815449715
2026-08-24 11:29:00,0.052849264815449715
2026-08-24 11:30:00,0.05270824860781431
2026-08-24 11:31:00,0.05270824860781431
2026-08-24 11:32:00,0.05270824860781431
2026-08-24 11:33:00,0.05270824860781431
2026-08-24 11:34:00,0.05270824860781431
2026-08-24 11:35:00,0.05460735410451889
2026-08-24 11:36:00,0.05460735410451889
2026-08-24 11:37:00,0.05460735410451889
2026-08-24 11:38:00,0.05460735410451889
2026-08-24 11:39:00,0.05460735410451889
2026-08-24 11:40:00,0.05607323255389929
2026-08-24 11:41:00,0.05607323255389929
2026-08-24 11:42:00,0.05607323255389929
2026-08-24 11:43:00,0.05607323255389929
2026-08-24 11:44:00,0.05607323255389929
2026-08-24 11:45:00,0.05954786669462919
2026-08-24 11:46:00,0.05954786669462919
2026-08-24 11:47:00,0.05954786669462919
2026-08-24 11:48:00,0.05954786669462919
2026-08-24 11:49:00,0.05954786669462919
2026-08-24 11:50:00,0.06328361015766859
2026-08-24 11:51:00,0.06328361015766859
2026-08-24 11:52:00,0.06328361015766859
2026-08-24 11:53:00,0.06328361015766859
2026-08-24 11:54:00,0.06328361015766859
2026-08-24 11:55:00,0.06623938865959644
2026-08-24 11:56:00,0.06623938865959644
2026-08-24 11:57:00,0.06623938865959644
2026-08-24 11:58:00,0.06623938865959644
2026-08-24 11:59:00,0.06623938865959644
2026-08-24 12:00:00,0.06899029202759266
2026-08-24 12:01:00,0.06899029202759266
2026-08-24 12:02:00,0.06899029202759266
2026-08-24 12:03:00,0.06899029202759266
2026-08-24 12:04:00,0.06899029202759266
2026-08-24 12:05:00,0.07389979250729084
2026-08-24 12:06:00,0.07389979250729084
2026-08-24 12:07:00,0.07389979250729084
2026-08-24 12:08:00,0.07389979250729084
2026-08-24 12:09:00,0.07389979250729084
2026-08-24 12:10:00,0.07439735345542431
2026-08-24 12:11:00,0.07439735345542431
2026-08-24 12:12:00,0.07439735345542431
2026-08-24 12:13:00,0.07439735345542431
2026-08-24 12:14:00,0.07439735345542431
2026-08-24 12:15:00,0.07405051216483116
2026-08-24 12:16:00,0.07405051216483116
2026-08-24 12:17:00,0.07405051216483116
2026-08-24 12:18:00,0.07405051216483116
2026-08-24 12:19:00,0.07405051216483116
2026-08-24 12:20:00,0.06945249810814857
2026-08-24 12:21:00,0.06945249810814857
2026-08-24 12:22:00,0.06945249810814857
2026-08-24 12:23:00,0.06945249810814857
2026-08-24 12:24:00,0.06945249810814857
2026-08-24 12:25:00,0.05931949149817228
2026-08-24 12:26:00,0.05931949149817228
2026-08-24 12:27:00,0.05931949149817228
2026-08-24 12:28:00,0.05931949149817228
2026-08-24 12:29:00,0.05931949149817228
2026-08-24 12:30:00,0.053516595624387264
2026-08-24 12:31:00,0.053516595624387264
2026-08-24 12:32:00,0.053516595624387264
2026-08-24 12:33:00,0.053516595624387264
2026-08-24 12:34:00,0.053516595624387264
2026-08-24 12:35:00,0.04918157961219549
2026-08-24 12:36:00,0.04918157961219549
2026-08-24 12:37:00,0.04918157961219549
2026-08-24 12:38:00,0.04918157961219549
2026-08-24 12:39:00,0.04918157961219549
2026-08-24 12:40:00,0.049700576812028885
2026-08-24 12:41:00,0.049700576812028885
2026-08-24 12:42:00,0.049700576812028885
2026-08-24 12:43:00,0.049700576812028885
2026-08-24 12:44:00,0.049700576812028885
2026-08-24 12:45:00,0.055633886717259884
2026-08-24 12:46:00,0.055633886717259884
2026-08-24 12:47:00,0.055633886717259884
2026-08-24 12:48:00,0.055633886717259884
2026-08-24 12:49:00,0.055633886717259884
2026-08-24 12:50:00,0.06315476726740599
2026-08-24 12:51:00,0.06315476726740599
2026-08-24 12:52:00,0.06315476726740599
2026-08-24 12:53:00,0.06315476726740599
2026-08-24 12:54:00,0.06315476726740599
2026-08-24 12:55:00,0.07143431808799505
2026-08-24 12:56:00,0.07143431808799505
2026-08-24 12:57:00,0.07143431808799505
2026-08-24 12:58:00,0.07143431808799505
2026-08-24 12:59:00,0.07143431808799505
2026-08-24 13:00:00,0.07709149830043316
2026-08-24 13:01:00,0.07709149830043316
2026-08-24 13:02:00,0.07709149830043316
2026-08-24 13:03:00,0.07709149830043316
2026-08-24 13:04:00,0.07709149830043316
2026-08-24 13:05:00,0.07689156755805016
2026-08-24 13:06:00,0.07689156755805016
2026-08-24 13:07:00,0.07689156755805016
2026-08-24 13:08:00,0.07689156755805016
2026-08-24 13:09:00,0.07689156755805016
2026-08-24 13:10:00,0.07157437596470118
2026-08-24 13:11:00,0.07157437596470118
2026-08-24 13:12:00,0.07157437596470118
2026-08-24 13:13:00,0.07157437596470118
2026-08-24 13:14:00,0.07157437596470118
2026-08-24 13:15:00,0.06351184472441673
2026-08-24 13:16:00,0.06351184472441673
2026-08-24 13:17:00,0.06351184472441673
2026-08-24 13:18:00,0.06351184472441673
2026-08-24 13:19:00,0.06351184472441673
2026-08-24 13:20:00,0.05495961103588343
2026-08-24 13:21:00,0.05495961103588343
2026-08-24 13:22:00,0.05495961103588343
2026-08-24 13:23:00,0.05495961103588343
2026-08-24 13:24:00,0.05495961103588343
2026-08-24 13:25:00,0.05270226672291756
2026-08-24 13:26:00,0.05270226672291756
2026-08-24 13:27:00,0.05270226672291756
2026-08-24 13:28:00,0.05270226672291756
2026-08-24 13:29:00,0.05270226672291756
2026-08-24 13:30:00,0.053066239692270756
2026-08-24 13:31:00,0.053066239692270756
2026-08-24 13:32:00,0.053066239692270756
2026-08-24 13:33:00,0.053066239692270756
2026-08-24 13:34:00,0.053066239692270756
2026-08-24 13:35:00,0.05539545230567455
2026-08-24 13:36:00,0.05539545230567455
2026-08-24 13:37:00,0.05539545230567455
2026-08-24 13:38:00,0.05539545230567455
2026-08-24 13:39:00,0.05539545230567455
2026-08-24 13:40:00,0.05679309833794832
2026-08-24 13:41:00,0.05679309833794832
2026-08-24 13:42:00,0.05679309833794832
2026-08-24 13:43:00,0.05679309833794832
2026-08-24 13:44:00,0.05679309833794832
2026-08-24 13:45:00,0.05555027537047863
2026-08-24 13:46:00,0.05555027537047863
2026-08-24 13:47:00,0.05555027537047863
2026-08-24 13:48:00,0.05555027537047863
2026-08-24 13:49:00,0.05555027537047863
2026-08-24 13:50:00,0.05354059208184481
2026-08-24 13:51:00,0.05354059208184481
2026-08-24 13:52:00,0.05354059208184481
2026-08-24 13:53:00,0.05354059208184481
2026-08-24 13:54:00,0.05354059208184481
2026-08-24 13:55:00,0.05056273937225342
2026-08-24 13:56:00,0.05056273937225342
2026-08-24 13:57:00,0.05056273937225342
2026-08-24 13:58:00,0.05056273937225342
2026-08-24 13:59:00,0.05056273937225342
2026-08-24 14:00:00,0.050793686881661415
2026-08-24 14:01:00,0.050793686881661415
2026-08-24 14:02:00,0.050793686881661415
2026-08-24 14:03:00,0.050793686881661415
2026-08-24 14:04:00,0.050793686881661415
2026-08-24 14:05:00,0.05080459080636501
2026-08-24 14:06:00,0.05080459080636501
2026-08-24 14:07:00,0.05080459080636501
2026-08-24 14:08:00,0.05080459080636501
2026-08-24 14:09:00,0.05080459080636501
2026-08-24 14:10:00,0.05230936873704195
2026-08-24 14:11:00,0.05230936873704195
2026-08-24 14:12:00,0.05230936873704195
2026-08-24 14:13:00,0.05230936873704195
2026-08-24 14:14:00,0.05230936873704195
2026-08-24 14:15:00,0.053241098299622536
2026-08-24 14:16:00,0.053241098299622536
2026-08-24 14:17:00,0.053241098299622536
2026-08-24 14:18:00,0.053241098299622536
2026-08-24 14:19:00,0.053241098299622536
2026-08-24 14:20:00,0.05115089192986488
2026-08-24 14:21:00,0.05115089192986488
2026-08-24 14:22:00,0.05115089192986488
2026-08-24 14:23:00,0.05115089192986488
2026-08-24 14:24:00,0.05115089192986488
2026-08-24 14:25:00,0.05021416675299406
2026-08-24 14:26:00,0.05021416675299406
2026-08-24 14:27:00,0.05021416675299406
2026-08-24 14:28:00,0.05021416675299406
2026-08-24 14:29:00,0.05021416675299406
2026-08-24 14:30:00,0.04940514545887709
2026-08-24 14:31:00,0.04940514545887709
2026-08-24 14:32:00,0.04940514545887709
2026-08-24 14:33:00,0.04940514545887709
2026-08-24 14:34:00,0.04940514545887709
2026-08-24 14:35:00,0.05356838274747133
2026-08-24 14:36:00,0.05356838274747133
2026-08-24 14:37:00,0.05356838274747133
2026-08-24 14:38:00,0.05356838274747133
2026-08-24 14:39:00,0.05356838274747133
2026-08-24 14:40:00,0.05870411638170481
2026-08-24 14:41:00,0.05870411638170481
2026-08-24 14:42:00,0.05870411638170481
2026-08-24 14:43:00,0.05870411638170481
2026-08-24 14:44:00,0.05870411638170481
2026-08-24 14:45:00,0.060892787761986256
2026-08-24 14:46:00,0.060892787761986256
2026-08-24 14:47:00,0.060892787761986256
2026-08-24 14:48:00,0.060892787761986256
2026-08-24 14:49:00,0.060892787761986256
2026-08-24 14:50:00,0.06392768677324057
2026-08-24 14:51:00,0.06392768677324057
2026-08-24 14:52:00,0.06392768677324057
2026-08-24 14:53:00,0.06392768677324057
2026-08-24 14:54:00,0.06392768677324057
2026-08-24 14:55:00,0.06453248765319586
2026-08-24 14:56:00,0.06453248765319586
2026-08-24 14:57:00,0.06453248765319586
2026-08-24 14:58:00,0.06453248765319586
2026-08-24 14:59:00,0.06453248765319586
2026-08-24 15:00:00,0.06798846740275621
2026-08-24 15:01:00,0.06798846740275621
2026-08-24 15:02:00,0.06798846740275621
2026-08-24 15:03:00,0.06798846740275621
2026-08-24 15:04:00,0.06798846740275621
2026-08-24 15:05:00,0.0729583129286766
2026-08-24 15:06:00,0.0729583129286766
2026-08-24 15:07:00,0.0729583129286766
2026-08-24 15:08:00,0.0729583129286766
2026-08-24 15:09:00,0.0729583129286766
2026-08-24 15:10:00,0.07450224831700325
2026-08-24 15:11:00,0.07450224831700325
2026-08-24 15:12:00,0.07450224831700325
2026-08-24 15:13:00,0.07450224831700325
2026-08-24 15:14:00,0.07450224831700325
2026-08-24 15:15:00,0.07148297969251871
2026-08-24 15:16:00,0.07148297969251871
2026-08-24 15:17:00,0.07148297969251871
2026-08-24 15:18:00,0.07148297969251871
2026-08-24 15:19:00,0.07148297969251871
2026-08-24 15:20:00,0.06446447595953941
2026-08-24 15:21:00,0.06446447595953941
2026-08-24 15:22:00,0.06446447595953941
2026-08-24 15:23:00,0.06446447595953941
2026-08-24 15:24:00,0.06446447595953941
2026-08-24 15:25:00,0.05880676116794348
2026-08-24 15:26:00,0.05880676116794348
2026-08-24 15:27:00,0.05880676116794348
2026-08-24 15:28:00,0.05880676116794348
2026-08-24 15:29:00,0.05880676116794348
2026-08-24 15:30:00,0.055084919556975365
2026-08-24 15:31:00,0.055084919556975365
2026-08-24 15:32:00,0.055084919556975365
2026-08-24 15:33:00,0.055084919556975365
2026-08-24 15:34:00,0.055084919556975365
2026-08-24 15:35:00,0.0527631938457489
2026-08-24 15:36:00,0.0527631938457489
2026-08-24 15:37:00,0.0527631938457489
2026-08-24 15:38:00,0.0527631938457489
2026-08-24 15:39:00,0.0527631938457489
2026-08-24 15:40:00,0.05368034541606903
2026-08-24 15:41:00,0.05368034541606903
2026-08-24 15:42:00,0.05368034541606903
2026-08-24 15:43:00,0.05368034541606903
2026-08-24 15:44:00,0.05368034541606903
2026-08-24 15:45:00,0.05463787354528904
2026-08-24 15:46:00,0.05463787354528904
2026-08-24 15:47:00,0.05463787354528904
2026-08-24 15:48:00,0.05463787354528904
2026-08-24 15:49:00,0.05463787354528904
2026-08-24 15:50:00,0.05502264108508825
2026-08-24 15:51:00,0.05502264108508825
2026-08-24 15:52:00,0.05502264108508825
2026-08-24 15:53:00,0.05502264108508825
2026-08-24 15:54:00,0.05502264108508825
2026-08-24 15:55:00,0.0562693839892745
2026-08-24 15:56:00,0.0562693839892745
2026-08-24 15:57:00,0.0562693839892745
2026-08-24 15:58:00,0.0562693839892745
2026-08-24 15:59:00,0.0562693839892745
2026-08-24 16:00:00,0.05715096555650234
2026-08-24 16:01:00,0.05715096555650234
2026-08-24 16:02:00,0.05715096555650234
2026-08-24 16:03:00,0.05715096555650234
2026-08-24 16:04:00,0.05715096555650234
2026-08-24 16:05:00,0.056414637714624405
2026-08-24 16:06:00,0.056414637714624405
2026-08-24 16:07:00,0.056414637714624405
2026-08-24 16:08:00,0.056414637714624405
2026-08-24 16:09:00,0.056414637714624405
2026-08-24 16:10:00,0.05648144520819187
2026-08-24 16:11:00,0.05648144520819187
2026-08-24 16:12:00,0.05648144520819187
2026-08-24 16:13:00,0.05648144520819187
2026-08-24 16:14:00,0.05648144520819187
2026-08-24 16:15:00,0.056450764648616314
2026-08-24 16:16:00,0.056450764648616314
2026-08-24 16:17:00,0.056450764648616314
2026-08-24 16:18:00,0.056450764648616314
2026-08-24 16:19:00,0.056450764648616314
2026-08-24 16:20:00,0.056785810738801956
2026-08-24 16:21:00,0.056785810738801956
2026-08-24 16:22:00,0.056785810738801956
2026-08-24 16:23:00,0.056785810738801956
2026-08-24 16:24:00,0.056785810738801956
2026-08-24 16:25:00,0.05575217679142952
2026-08-24 16:26:00,0.05575217679142952
2026-08-24 16:27:00,0.05575217679142952
2026-08-24 16:28:00,0.05575217679142952
2026-08-24 16:29:00,0.05575217679142952
2026-08-24 16:30:00,0.055729879066348076
2026-08-24 16:31:00,0.055729879066348076
2026-08-24 16:32:00,0.055729879066348076
2026-08-24 16:33:00,0.055729879066348076
2026-08-24 16:34:00,0.055729879066348076
2026-08-24 16:35:00,0.05562629643827677
2026-08-24 16:36:00,0.05562629643827677
2026-08-24 16:37:00,0.05562629643827677
2026-08-24 16:38:00,0.05562629643827677
2026-08-24 16:39:00,0.05562629643827677
2026-08-24 16:40:00,0.05660583823919296
2026-08-24 16:41:00,0.05660583823919296
2026-08-24 16:42:00,0.05660583823919296
2026-08-24 16:43:00,0.05660583823919296
2026-08-24 16:44:00,0.05660583823919296
2026-08-24 16:45:00,0.3284894833341241
2026-08-24 16:46:00,0.3284894833341241
2026-08-24 16:47:00,0.3284894833341241
2026-08-24 16:48:00,0.3284894833341241
2026-08-24 16:49:00,0.3284894833341241
2026-08-24 16:50:00,0.5989421466365457
2026-08-24 16:51:00,0.5989421466365457
2026-08-24 16:52:00,0.5989421466365457
2026-08-24 16:53:00,0.5989421466365457
2026-08-24 16:54:00,0.5989421466365457
2026-08-24 16:55:00,0.8698806259781122
2026-08-24 16:56:00,0.8698806259781122
2026-08-24 16:57:00,0.8698806259781122
2026-08-24 16:58:00,0.8698806259781122
2026-08-24 16:59:00,0.8698806259781122
2026-08-24 17:00:00,1.1388338506221771
2026-08-24 17:01:00,1.1388338506221771
2026-08-24 17:02:00,1.1388338506221771
2026-08-24 17:03:00,1.1388338506221771
2026-08-24 17:04:00,1.1388338506221771
2026-08-24 17:05:00,0.9264312386512756
2026-08-24 17:06:00,0.9264312386512756
2026-08-24 17:07:00,0.9264312386512756
2026-08-24 17:08:00,0.9264312386512756
2026-08-24 17:09:00,0.9264312386512756
2026-08-24 17:10:00,0.7147575318813324
2026-08-24 17:11:00,0.7147575318813324
2026-08-24 17:12:00,0.7147575318813324
2026-08-24 17:13:00,0.7147575318813324
2026-08-24 17:14:00,0.7147575318813324
2026-08-24 17:15:00,0.5031849145889282
2026-08-24 17:16:00,0.5031849145889282
2026-08-24 17:17:00,0.5031849145889282
2026-08-24 17:18:00,0.5031849145889282
2026-08-24 17:19:00,0.5031849145889282
2026-08-24 17:20:00,0.29303085803985596
2026-08-24 17:21:00,0.29303085803985596
2026-08-24 17:22:00,0.29303085803985596
2026-08-24 17:23:00,0.29303085803985596
2026-08-24 17:24:00,0.29303085803985596
2026-08-24 17:25:00,0.2968021407723427
2026-08-24 17:26:00,0.2968021407723427
2026-08-24 17:27:00,0.2968021407723427
2026-08-24 17:28:00,0.2968021407723427
2026-08-24 17:29:00,0.2968021407723427
2026-08-24 17:30:00,0.30062786489725113
2026-08-24 17:31:00,0.30062786489725113
2026-08-24 17:32:00,0.30062786489725113
2026-08-24 17:33:00,0.30062786489725113
2026-08-24 17:34:00,0.30062786489725113
2026-08-24 17:35:00,0.30557261407375336
2026-08-24 17:36:00,0.30557261407375336
2026-08-24 17:37:00,0.30557261407375336
2026-08-24 17:38:00,0.30557261407375336
2026-08-24 17:39:00,0.30557261407375336
2026-08-24 17:40:00,0.30944887548685074
2026-08-24 17:41:00,0.30944887548685074
2026-08-24 17:42:00,0.30944887548685074
2026-08-24 17:43:00,0.30944887548685074
2026-08-24 17:44:00,0.30944887548685074
2026-08-24 17:45:00,0.3119409382343292
2026-08-24 17:46:00,0.3119409382343292
2026-08-24 17:47:00,0.3119409382343292
2026-08-24 17:48:00,0.3119409382343292
2026-08-24 17:49:00,0.3119409382343292
2026-08-24 17:50:00,0.31160394847393036
2026-08-24 17:51:00,0.31160394847393036
2026-08-24 17:52:00,0.31160394847393036
2026-08-24 17:53:00,0.31160394847393036
2026-08-24 17:54:00,0.31160394847393036
2026-08-24 17:55:00,0.30842725932598114
2026-08-24 17:56:00,0.30842725932598114
2026-08-24 17:57:00,0.30842725932598114
2026-08-24 17:58:00,0.30842725932598114
2026-08-24 17:59:00,0.30842725932598114
2026-08-24 18:00:00,0.30519215017557144
2026-08-24 18:01:00,0.30519215017557144
2026-08-24 18:02:00,0.30519215017557144
2026-08-24 18:03:00,0.30519215017557144
2026-08-24 18:04:00,0.30519215017557144
2026-08-24 18:05:00,0.2407954791560769
2026-08-24 18:06:00,0.2407954791560769
2026-08-24 18:07:00,0.2407954791560769
2026-08-24 18:08:00,0.2407954791560769
2026-08-24 18:09:00,0.2407954791560769
2026-08-24 18:10:00,0.17683561891317368
2026-08-24 18:11:00,0.17683561891317368
2026-08-24 18:12:00,0.17683561891317368
2026-08-24 18:13:00,0.17683561891317368
2026-08-24 18:14:00,0.17683561891317368
2026-08-24 18:15:00,0.11532211024314165
2026-08-24 18:16:00,0.11532211024314165
2026-08-24 18:17:00,0.11532211024314165
2026-08-24 18:18:00,0.11532211024314165
2026-08-24 18:19:00,0.11532211024314165
2026-08-24 18:20:00,0.052197638899087906
2026-08-24 18:21:00,0.052197638899087906
2026-08-24 18:22:00,0.052197638899087906
2026-08-24 18:23:00,0.052197638899087906
2026-08-24 18:24:00,0.052197638899087906
2026-08-24 18:25:00,0.12367819529026747
2026-08-24 18:26:00,0.12367819529026747
2026-08-24 18:27:00,0.12367819529026747
2026-08-24 18:28:00,0.12367819529026747
2026-08-24 18:29:00,0.12367819529026747
2026-08-24 18:30:00,0.25934332236647606
2026-08-24 18:31:00,0.25934332236647606
2026-08-24 18:32:00,0.25934332236647606
2026-08-24 18:33:00,0.25934332236647606
2026-08-24 18:34:00,0.25934332236647606
2026-08-24 18:35:00,0.4000690272077918
2026-08-24 18:36:00,0.4000690272077918
2026-08-24 18:37:00,0.4000690272077918
2026-08-24 18:38:00,0.4000690272077918
2026-08-24 18:39:00,0.4000690272077918
2026-08-24 18:40:00,0.544118620455265
2026-08-24 18:41:00,0.544118620455265
2026-08-24 18:42:00,0.544118620455265
2026-08-24 18:43:00,0.544118620455265
2026-08-24 18:44:00,0.544118620455265
2026-08-24 18:45:00,0.5373124107718468
2026-08-24 18:46:00,0.5373124107718468
2026-08-24 18:47:00,0.5373124107718468
2026-08-24 18:48:00,0.5373124107718468
2026-08-24 18:49:00,0.5373124107718468
2026-08-24 18:50:00,0.41863769479095936
2026-08-24 18:51:00,0.41863769479095936
2026-08-24 18:52:00,0.41863769479095936
2026-08-24 18:53:00,0.41863769479095936
2026-08-24 18:54:00,0.41863769479095936
2026-08-24 18:55:00,0.284669341519475
2026-08-24 18:56:00,0.284669341519475
2026-08-24 18:57:00,0.284669341519475
2026-08-24 18:58:00,0.284669341519475
2026-08-24 18:59:00,0.284669341519475
2026-08-24 19:00:00,0.14682971313595772
2026-08-24 19:01:00,0.14682971313595772
2026-08-24 19:02:00,0.14682971313595772
2026-08-24 19:03:00,0.14682971313595772
2026-08-24 19:04:00,0.14682971313595772
2026-08-24 19:05:00,0.08644008450210094
2026-08-24 19:06:00,0.08644008450210094
2026-08-24 19:07:00,0.08644008450210094
2026-08-24 19:08:00,0.08644008450210094
2026-08-24 19:09:00,0.08644008450210094
2026-08-24 19:10:00,0.0748683251440525
2026-08-24 19:11:00,0.0748683251440525
2026-08-24 19:12:00,0.0748683251440525
2026-08-24 19:13:00,0.0748683251440525
2026-08-24 19:14:00,0.0748683251440525
2026-08-24 19:15:00,0.07269976660609245
2026-08-24 19:16:00,0.07269976660609245
2026-08-24 19:17:00,0.07269976660609245
2026-08-24 19:18:00,0.07269976660609245
2026-08-24 19:19:00,0.07269976660609245
2026-08-24 19:20:00,0.07258258387446404
2026-08-24 19:21:00,0.07258258387446404
2026-08-24 19:22:00,0.07258258387446404
2026-08-24 19:23:00,0.07258258387446404
2026-08-24 19:24:00,0.07258258387446404
2026-08-24 19:25:00,0.07222268916666508
2026-08-24 19:26:00,0.07222268916666508
2026-08-24 19:27:00,0.07222268916666508
2026-08-24 19:28:00,0.07222268916666508
2026-08-24 19:29:00,0.07222268916666508
2026-08-24 19:30:00,0.07381002604961395
2026-08-24 19:31:00,0.07381002604961395
2026-08-24 19:32:00,0.07381002604961395
2026-08-24 19:33:00,0.07381002604961395
2026-08-24 19:34:00,0.07381002604961395
2026-08-24 19:35:00,0.07263822108507156
2026-08-24 19:36:00,0.07263822108507156
2026-08-24 19:37:00,0.07263822108507156
2026-08-24 19:38:00,0.07263822108507156
2026-08-24 19:39:00,0.07263822108507156
2026-08-24 19:40:00,0.07668614201247692
2026-08-24 19:41:00,0.07668614201247692
2026-08-24 19:42:00,0.07668614201247692
2026-08-24 19:43:00,0.07668614201247692
2026-08-24 19:44:00,0.07668614201247692
2026-08-24 19:45:00,0.08121432363986969
2026-08-24 19:46:00,0.08121432363986969
2026-08-24 19:47:00,0.08121432363986969
2026-08-24 19:48:00,0.08121432363986969
2026-08-24 19:49:00,0.08121432363986969
2026-08-24 19:50:00,0.08557012304663658
2026-08-24 19:51:00,0.08557012304663658
2026-08-24 19:52:00,0.08557012304663658
2026-08-24 19:53:00,0.08557012304663658
2026-08-24 19:54:00,0.08557012304663658
2026-08-24 19:55:00,0.08837086148560047
2026-08-24 19:56:00,0.08837086148560047
2026-08-24 19:57:00,0.08837086148560047
2026-08-24 19:58:00,0.08837086148560047
2026-08-24 19:59:00,0.08837086148560047
2026-08-24 20:00:00,0.0784621611237526
2026-08-24 20:01:00,0.0784621611237526
2026-08-24 20:02:00,0.0784621611237526
2026-08-24 20:03:00,0.0784621611237526
2026-08-24 20:04:00,0.0784621611237526
2026-08-24 20:05:00,0.06859695352613926
2026-08-24 20:06:00,0.06859695352613926
2026-08-24 20:07:00,0.06859695352613926
2026-08-24 20:08:00,0.06859695352613926
2026-08-24 20:09:00,0.06859695352613926
2026-08-24 20:10:00,0.058658854104578495
2026-08-24 20:11:00,0.058658854104578495
2026-08-24 20:12:00,0.058658854104578495
2026-08-24 20:13:00,0.058658854104578495
2026-08-24 20:14:00,0.058658854104578495
2026-08-24 20:15:00,0.0557980639860034
2026-08-24 20:16:00,0.0557980639860034
2026-08-24 20:17:00,0.0557980639860034
2026-08-24 20:18:00,0.0557980639860034
2026-08-24 20:19:00,0.0557980639860034
2026-08-24 20:20:00,0.058117497712373734
2026-08-24 20:21:00,0.058117497712373734
2026-08-24 20:22:00,0.058117497712373734
2026-08-24 20:23:00,0.058117497712373734
2026-08-24 20:24:00,0.058117497712373734
2026-08-24 20:25:00,0.0584181509912014
2026-08-24 20:26:00,0.0584181509912014
2026-08-24 20:27:00,0.0584181509912014
2026-08-24 20:28:00,0.0584181509912014
2026-08-24 20:29:00,0.0584181509912014
2026-08-24 20:30:00,0.05865581054240465
2026-08-24 20:31:00,0.05865581054240465
2026-08-24 20:32:00,0.05865581054240465
2026-08-24 20:33:00,0.05865581054240465
2026-08-24 20:34:00,0.05865581054240465
2026-08-24 20:35:00,0.05873600486665964
2026-08-24 20:36:00,0.05873600486665964
2026-08-24 20:37:00,0.05873600486665964
2026-08-24 20:38:00,0.05873600486665964
2026-08-24 20:39:00,0.05873600486665964
2026-08-24 20:40:00,0.06177597679197788
2026-08-24 20:41:00,0.06177597679197788
2026-08-24 20:42:00,0.06177597679197788
2026-08-24 20:43:00,0.06177597679197788
2026-08-24 20:44:00,0.06177597679197788
2026-08-24 20:45:00,0.06716204434633255
2026-08-24 20:46:00,0.06716204434633255
2026-08-24 20:47:00,0.06716204434633255
2026-08-24 20:48:00,0.06716204434633255
2026-08-24 20:49:00,0.06716204434633255
2026-08-24 20:50:00,0.07060792669653893
2026-08-24 20:51:00,0.07060792669653893
2026-08-24 20:52:00,0.07060792669653893
2026-08-24 20:53:00,0.07060792669653893
2026-08-24 20:54:00,0.07060792669653893
2026-08-24 20:55:00,0.07347793877124786
2026-08-24 20:56:00,0.07347793877124786
2026-08-24 20:57:00,0.07347793877124786
2026-08-24 20:58:00,0.07347793877124786
2026-08-24 20:59:00,0.07347793877124786
2026-08-24 21:00:00,0.07480001263320446
2026-08-24 21:01:00,0.07480001263320446
2026-08-24 21:02:00,0.07480001263320446
2026-08-24 21:03:00,0.07480001263320446
2026-08-24 21:04:00,0.07480001263320446
2026-08-24 21:05:00,0.07209960743784904
2026-08-24 21:06:00,0.07209960743784904
2026-08-24 21:07:00,0.07209960743784904
2026-08-24 21:08:00,0.07209960743784904
2026-08-24 21:09:00,0.07209960743784904
2026-08-24 21:10:00,0.06751701142638922
2026-08-24 21:11:00,0.06751701142638922
2026-08-24 21:12:00,0.06751701142638922
2026-08-24 21:13:00,0.06751701142638922
2026-08-24 21:14:00,0.06751701142638922
2026-08-24 21:15:00,0.062232098542153835
2026-08-24 21:16:00,0.062232098542153835
2026-08-24 21:17:00,0.062232098542153835
2026-08-24 21:18:00,0.062232098542153835
2026-08-24 21:19:00,0.062232098542153835
2026-08-24 21:20:00,0.0599466348066926
2026-08-24 21:21:00,0.0599466348066926
2026-08-24 21:22:00,0.0599466348066926
2026-08-24 21:23:00,0.0599466348066926
2026-08-24 21:24:00,0.0599466348066926
2026-08-24 21:25:00,0.06314691994339228
2026-08-24 21:26:00,0.06314691994339228
2026-08-24 21:27:00,0.06314691994339228
2026-08-24 21:28:00,0.06314691994339228
2026-08-24 21:29:00,0.06314691994339228
2026-08-24 21:30:00,0.06929251365363598
2026-08-24 21:31:00,0.06929251365363598
2026-08-24 21:32:00,0.06929251365363598
2026-08-24 21:33:00,0.06929251365363598
2026-08-24 21:34:00,0.06929251365363598
2026-08-24 21:35:00,0.07150088995695114
2026-08-24 21:36:00,0.07150088995695114
2026-08-24 21:37:00,0.07150088995695114
2026-08-24 21:38:00,0.07150088995695114
2026-08-24 21:39:00,0.07150088995695114
2026-08-24 21:40:00,0.0702579589560628
2026-08-24 21:41:00,0.0702579589560628
2026-08-24 21:42:00,0.0702579589560628
2026-08-24 21:43:00,0.0702579589560628
2026-08-24 21:44:00,0.0702579589560628
2026-08-24 21:45:00,0.06388452369719744
2026-08-24 21:46:00,0.06388452369719744
2026-08-24 21:47:00,0.06388452369719744
2026-08-24 21:48:00,0.06388452369719744
2026-08-24 21:49:00,0.06388452369719744
2026-08-24 21:50:00,0.059805176220834255
2026-08-24 21:51:00,0.059805176220834255
2026-08-24 21:52:00,0.059805176220834255
2026-08-24 21:53:00,0.059805176220834255
2026-08-24 21:54:00,0.059805176220834255
2026-08-24 21:55:00,0.0634417561814189
2026-08-24 21:56:00,0.0634417561814189
2026-08-24 21:57:00,0.0634417561814189
2026-08-24 21:58:00,0.0634417561814189
2026-08-24 21:59:00,0.0634417561814189
2026-08-24 22:00:00,0.0673919003456831
2026-08-24 22:01:00,0.0673919003456831
2026-08-24 22:02:00,0.0673919003456831
2026-08-24 22:03:00,0.0673919003456831
2026-08-24 22:04:00,0.0673919003456831
2026-08-24 22:05:00,0.07255423069000244
2026-08-24 22:06:00,0.07255423069000244
2026-08-24 22:07:00,0.07255423069000244
2026-08-24 22:08:00,0.07255423069000244
2026-08-24 22:09:00,0.07255423069000244
2026-08-24 22:10:00,0.3690566048026085
2026-08-24 22:11:00,0.3690566048026085
2026-08-24 22:12:00,0.3690566048026085
2026-08-24 22:13:00,0.3690566048026085
2026-08-24 22:14:00,0.3690566048026085
2026-08-24 22:15:00,0.6603501681238413
2026-08-24 22:16:00,0.6603501681238413
2026-08-24 22:17:00,0.6603501681238413
2026-08-24 22:18:00,0.6603501681238413
2026-08-24 22:19:00,0.6603501681238413
2026-08-24 22:20:00,0.9524256754666567
2026-08-24 22:21:00,0.9524256754666567
2026-08-24 22:22:00,0.9524256754666567
2026-08-24 22:23:00,0.9524256754666567
2026-08-24 22:24:00,0.9524256754666567
2026-08-24 22:25:00,1.246297925710678
2026-08-24 22:26:00,1.246297925710678
2026-08-24 22:27:00,1.246297925710678
2026-08-24 22:28:00,1.246297925710678
2026-08-24 22:29:00,1.246297925710678
2026-08-24 22:30:00,0.9772068336606026
2026-08-24 22:31:00,0.9772068336606026
2026-08-24 22:32:00,0.9772068336606026
2026-08-24 22:33:00,0.9772068336606026
2026-08-24 22:34:00,0.9772068336606026
2026-08-24 22:35:00,0.7099675349891186
2026-08-24 22:36:00,0.7099675349891186
2026-08-24 22:37:00,0.7099675349891186
2026-08-24 22:38:00,0.7099675349891186
2026-08-24 22:39:00,0.7099675349891186
2026-08-24 22:40:00,0.4449661299586296
2026-08-24 22:41:00,0.4449661299586296
2026-08-24 22:42:00,0.4449661299586296
2026-08-24 22:43:00,0.4449661299586296
2026-08-24 22:44:00,0.4449661299586296
2026-08-24 22:45:00,0.1809437908232212
2026-08-24 22:46:00,0.1809437908232212
2026-08-24 22:47:00,0.1809437908232212
2026-08-24 22:48:00,0.1809437908232212
2026-08-24 22:49:00,0.1809437908232212
2026-08-24 22:50:00,0.18301701173186302
2026-08-24 22:51:00,0.18301701173186302
2026-08-24 22:52:00,0.18301701173186302
2026-08-24 22:53:00,0.18301701173186302
2026-08-24 22:54:00,0.18301701173186302
2026-08-24 22:55:00,0.18037788942456245
2026-08-24 22:56:00,0.18037788942456245
2026-08-24 22:57:00,0.18037788942456245
2026-08-24 22:58:00,0.18037788942456245
2026-08-24 22:59:00,0.18037788942456245
2026-08-24 23:00:00,0.17352082580327988
2026-08-24 23:01:00,0.17352082580327988
2026-08-24 23:02:00,0.17352082580327988
2026-08-24 23:03:00,0.17352082580327988
2026-08-24 23:04:00,0.17352082580327988
2026-08-24 23:05:00,0.16666527837514877
2026-08-24 23:06:00,0.16666527837514877
2026-08-24 23:07:00,0.16666527837514877
2026-08-24 23:08:00,0.16666527837514877
2026-08-24 23:09:00,0.16666527837514877
2026-08-24 23:10:00,0.1632329560816288
2026-08-24 23:11:00,0.1632329560816288
2026-08-24 23:12:00,0.1632329560816288
2026-08-24 23:13:00,0.1632329560816288
2026-08-24 23:14:00,0.1632329560816288
2026-08-24 23:15:00,0.16435932368040085
2026-08-24 23:16:00,0.16435932368040085
2026-08-24 23:17:00,0.16435932368040085
2026-08-24 23:18:00,0.16435932368040085
2026-08-24 23:19:00,0.16435932368040085
2026-08-24 23:20:00,0.16665947064757347
2026-08-24 23:21:00,0.16665947064757347
2026-08-24 23:22:00,0.16665947064757347
2026-08-24 23:23:00,0.16665947064757347
2026-08-24 23:24:00,0.16665947064757347
2026-08-24 23:25:00,0.16547315567731857
2026-08-24 23:26:00,0.16547315567731857
2026-08-24 23:27:00,0.16547315567731857
2026-08-24 23:28:00,0.16547315567731857
2026-08-24 23:29:00,0.16547315567731857
2026-08-24 23:30:00,0.13747354969382286
2026-08-24 23:31:00,0.13747354969382286
2026-08-24 23:32:00,0.13747354969382286
2026-08-24 23:33:00,0.13747354969382286
2026-08-24 23:34:00,0.13747354969382286
2026-08-24 23:35:00,0.10833749361336231
2026-08-24 23:36:00,0.10833749361336231
2026-08-24 23:37:00,0.10833749361336231
2026-08-24 23:38:00,0.10833749361336231
2026-08-24 23:39:00,0.10833749361336231
2026-08-24 23:40:00,0.08070432860404253
2026-08-24 23:41:00,0.08070432860404253
2026-08-24 23:42:00,0.08070432860404253
2026-08-24 23:43:00,0.08070432860404253
2026-08-24 23:44:00,0.08070432860404253
2026-08-24 23:45:00,0.0898402901366353
2026-08-24 23:46:00,0.0898402901366353
2026-08-24 23:47:00,0.0898402901366353
2026-08-24 23:48:00,0.0898402901366353
2026-08-24 23:49:00,0.0898402901366353
2026-08-24 23:50:00,0.12596230302006006
2026-08-24 23:51:00,0.12596230302006006
2026-08-24 23:52:00,0.12596230302006006
2026-08-24 23:53:00,0.12596230302006006
2026-08-24 23:54:00,0.12596230302006006
2026-08-24 23:55:00,0.16223654802888632
2026-08-24 23:56:00,0.16223654802888632
2026-08-24 23:57:00,0.16223654802888632
2026-08-24 23:58:00,0.16223654802888632
2026-08-24 23:59:00,0.16223654802888632
2026-08-25 00:00:00,0.19739356264472008
2026-08-25 00:01:00,0.19739356264472008
2026-08-25 00:02:00,0.19739356264472008
2026-08-25 00:03:00,0.19739356264472008
2026-08-25 00:04:00,0.19739356264472008
2026-08-25 00:05:00,0.16526131890714169
2026-08-25 00:06:00,0.16526131890714169
2026-08-25 00:07:00,0.16526131890714169
2026-08-25 00:08:00,0.16526131890714169
2026-08-25 00:09:00,0.16526131890714169
2026-08-25 00:10:00,0.13276004046201706
2026-08-25 00:11:00,0.13276004046201706
2026-08-25 00:12:00,0.13276004046201706
2026-08-25 00:13:00,0.13276004046201706
2026-08-25 00:14:00,0.13276004046201706
2026-08-25 00:15:00,0.09574896935373545
2026-08-25 00:16:00,0.09574896935373545
2026-08-25 00:17:00,0.09574896935373545
2026-08-25 00:18:00,0.09574896935373545
2026-08-25 00:19:00,0.09574896935373545
2026-08-25 00:20:00,0.058587221428751945
2026-08-25 00:21:00,0.058587221428751945
2026-08-25 00:22:00,0.058587221428751945
2026-08-25 00:23:00,0.058587221428751945
2026-08-25 00:24:00,0.058587221428751945
2026-08-25 00:25:00,0.05654233880341053
2026-08-25 00:26:00,0.05654233880341053
2026-08-25 00:27:00,0.05654233880341053
2026-08-25 00:28:00,0.05654233880341053
2026-08-25 00:29:00,0.05654233880341053
2026-08-25 00:30:00,0.05321606621146202
2026-08-25 00:31:00,0.05321606621146202
2026-08-25 00:32:00,0.05321606621146202
2026-08-25 00:33:00,0.05321606621146202
2026-08-25 00:34:00,0.05321606621146202
2026-08-25 00:35:00,0.05390676949173212
2026-08-25 00:36:00,0.05390676949173212
2026-08-25 00:37:00,0.05390676949173212
2026-08-25 00:38:00,0.05390676949173212
2026-08-25 00:39:00,0.05390676949173212
2026-08-25 00:40:00,0.05691586434841156
2026-08-25 00:41:00,0.05691586434841156
2026-08-25 00:42:00,0.05691586434841156
2026-08-25 00:43:00,0.05691586434841156
2026-08-25 00:44:00,0.05691586434841156
2026-08-25 00:45:00,0.05462451931089163
2026-08-25 00:46:00,0.05462451931089163
2026-08-25 00:47:00,0.05462451931089163
2026-08-25 00:48:00,0.05462451931089163
2026-08-25 00:49:00,0.05462451931089163
2026-08-25 00:50:00,0.05580952111631632
2026-08-25 00:51:00,0.05580952111631632
2026-08-25 00:52:00,0.05580952111631632
2026-08-25 00:53:00,0.05580952111631632
2026-08-25 00:54:00,0.05580952111631632
2026-08-25 00:55:00,0.05716792959719896
2026-08-25 00:56:00,0.05716792959719896
2026-08-25 00:57:00,0.05716792959719896
2026-08-25 00:58:00,0.05716792959719896
2026-08-25 00:59:00,0.05716792959719896
2026-08-25 01:00:00,0.05929276440292597
2026-08-25 01:01:00,0.05929276440292597
2026-08-25 01:02:00,0.05929276440292597
2026-08-25 01:03:00,0.05929276440292597
2026-08-25 01:04:00,0.05929276440292597
2026-08-25 01:05:00,0.066439064219594
2026-08-25 01:06:00,0.066439064219594
2026-08-25 01:07:00,0.066439064219594
2026-08-25 01:08:00,0.066439064219594
2026-08-25 01:09:00,0.066439064219594
2026-08-25 01:10:00,0.07312514074146748
2026-08-25 01:11:00,0.07312514074146748
2026-08-25 01:12:00,0.07312514074146748
2026-08-25 01:13:00,0.07312514074146748
2026-08-25 01:14:00,0.07312514074146748
2026-08-25 01:15:00,0.07406676560640335
2026-08-25 01:16:00,0.07406676560640335
2026-08-25 01:17:00,0.07406676560640335
2026-08-25 01:18:00,0.07406676560640335
2026-08-25 01:19:00,0.07406676560640335
2026-08-25 01:20:00,0.07431855984032154
2026-08-25 01:21:00,0.07431855984032154
2026-08-25 01:22:00,0.07431855984032154
2026-08-25 01:23:00,0.07431855984032154
2026-08-25 01:24:00,0.07431855984032154
2026-08-25 01:25:00,0.07416139915585518
2026-08-25 01:26:00,0.07416139915585518
2026-08-25 01:27:00,0.07416139915585518
2026-08-25 01:28:00,0.07416139915585518
2026-08-25 01:29:00,0.07416139915585518
2026-08-25 01:30:00,0.0694136917591095
2026-08-25 01:31:00,0.0694136917591095
2026-08-25 01:32:00,0.0694136917591095
2026-08-25 01:33:00,0.0694136917591095
2026-08-25 01:34:00,0.0694136917591095
2026-08-25 01:35:00,0.07101433537900448
2026-08-25 01:36:00,0.07101433537900448
2026-08-25 01:37:00,0.07101433537900448
2026-08-25 01:38:00,0.07101433537900448
2026-08-25 01:39:00,0.07101433537900448
2026-08-25 01:40:00,0.06925339438021183
2026-08-25 01:41:00,0.06925339438021183
2026-08-25 01:42:00,0.06925339438021183
2026-08-25 01:43:00,0.06925339438021183
2026-08-25 01:44:00,0.06925339438021183
2026-08-25 01:45:00,0.062462667003273964
2026-08-25 01:46:00,0.062462667003273964
2026-08-25 01:47:00,0.062462667003273964
2026-08-25 01:48:00,0.062462667003273964
2026-08-25 01:49:00,0.062462667003273964
2026-08-25 01:50:00,0.05811868701130152
2026-08-25 01:51:00,0.05811868701130152
2026-08-25 01:52:00,0.05811868701130152
2026-08-25 01:53:00,0.05811868701130152
2026-08-25 01:54:00,0.05811868701130152
2026-08-25 01:55:00,0.12247338052839041
2026-08-25 01:56:00,0.12247338052839041
2026-08-25 01:57:00,0.12247338052839041
2026-08-25 01:58:00,0.12247338052839041
2026-08-25 01:59:00,0.12247338052839041
2026-08-25 02:00:00,0.18926962185651064
2026-08-25 02:01:00,0.18926962185651064
2026-08-25 02:02:00,0.18926962185651064
2026-08-25 02:03:00,0.18926962185651064
2026-08-25 02:04:00,0.18926962185651064
2026-08-25 02:05:00,0.2611150862649083
2026-08-25 02:06:00,0.2611150862649083
2026-08-25 02:07:00,0.2611150862649083
2026-08-25 02:08:00,0.2611150862649083
2026-08-25 02:09:00,0.2611150862649083
2026-08-25 02:10:00,0.334207184612751
2026-08-25 02:11:00,0.334207184612751
2026-08-25 02:12:00,0.334207184612751
2026-08-25 02:13:00,0.334207184612751
2026-08-25 02:14:00,0.334207184612751
2026-08-25 02:15:00,0.2687434032559395
2026-08-25 02:16:00,0.2687434032559395
2026-08-25 02:17:00,0.2687434032559395
2026-08-25 02:18:00,0.2687434032559395
2026-08-25 02:19:00,0.2687434032559395
2026-08-25 02:20:00,0.20498565025627613
2026-08-25 02:21:00,0.20498565025627613
2026-08-25 02:22:00,0.20498565025627613
2026-08-25 02:23:00,0.20498565025627613
2026-08-25 02:24:00,0.20498565025627613
2026-08-25 02:25:00,0.13873126730322838
2026-08-25 02:26:00,0.13873126730322838
2026-08-25 02:27:00,0.13873126730322838
2026-08-25 02:28:00,0.13873126730322838
2026-08-25 02:29:00,0.13873126730322838
2026-08-25 02:30:00,0.07449295185506344
2026-08-25 02:31:00,0.07449295185506344
2026-08-25 02:32:00,0.07449295185506344
2026-08-25 02:33:00,0.07449295185506344
2026-08-25 02:34:00,0.07449295185506344
2026-08-25 02:35:00,0.08498809672892094
2026-08-25 02:36:00,0.08498809672892094
2026-08-25 02:37:00,0.08498809672892094
2026-08-25 02:38:00,0.08498809672892094
2026-08-25 02:39:00,0.08498809672892094
2026-08-25 02:40:00,0.09292647801339626
2026-08-25 02:41:00,0.09292647801339626
2026-08-25 02:42:00,0.09292647801339626
2026-08-25 02:43:00,0.09292647801339626
2026-08-25 02:44:00,0.09292647801339626
2026-08-25 02:45:00,0.10465933196246624
2026-08-25 02:46:00,0.10465933196246624
2026-08-25 02:47:00,0.10465933196246624
2026-08-25 02:48:00,0.10465933196246624
2026-08-25 02:49:00,0.10465933196246624
2026-08-25 02:50:00,0.105957156047225
2026-08-25 02:51:00,0.105957156047225
2026-08-25 02:52:00,0.105957156047225
2026-08-25 02:53:00,0.105957156047225
2026-08-25 02:54:00,0.105957156047225
2026-08-25 02:55:00,0.09398883674293756
2026-08-25 02:56:00,0.09398883674293756
2026-08-25 02:57:00,0.09398883674293756
2026-08-25 02:58:00,0.09398883674293756
2026-08-25 02:59:00,0.09398883674293756
2026-08-25 03:00:00,0.08437057305127382
2026-08-25 03:01:00,0.08437057305127382
2026-08-25 03:02:00,0.08437057305127382
2026-08-25 03:03:00,0.08437057305127382
2026-08-25 03:04:00,0.08437057305127382
2026-08-25 03:05:00,0.07185424398630857
2026-08-25 03:06:00,0.07185424398630857
2026-08-25 03:07:00,0.07185424398630857
2026-08-25 03:08:00,0.07185424398630857
2026-08-25 03:09:00,0.07185424398630857
2026-08-25 03:10:00,0.06821961421519518
2026-08-25 03:11:00,0.06821961421519518
2026-08-25 03:12:00,0.06821961421519518
2026-08-25 03:13:00,0.06821961421519518
2026-08-25 03:14:00,0.06821961421519518
2026-08-25 03:15:00,0.06707410514354706
2026-08-25 03:16:00,0.06707410514354706
2026-08-25 03:17:00,0.06707410514354706
2026-08-25 03:18:00,0.06707410514354706
2026-08-25 03:19:00,0.06707410514354706
2026-08-25 03:20:00,0.06272194255143404
2026-08-25 03:21:00,0.06272194255143404
2026-08-25 03:22:00,0.06272194255143404
2026-08-25 03:23:00,0.06272194255143404
2026-08-25 03:24:00,0.06272194255143404
2026-08-25 03:25:00,0.18402345944195986
2026-08-25 03:26:00,0.18402345944195986
2026-08-25 03:27:00,0.18402345944195986
2026-08-25 03:28:00,0.18402345944195986
2026-08-25 03:29:00,0.18402345944195986
2026-08-25 03:30:00,0.3060643384233117
2026-08-25 03:31:00,0.3060643384233117
2026-08-25 03:32:00,0.3060643384233117
2026-08-25 03:33:00,0.3060643384233117
2026-08-25 03:34:00,0.3060643384233117
2026-08-25 03:35:00,0.4355362569913268
2026-08-25 03:36:00,0.4355362569913268
2026-08-25 03:37:00,0.4355362569913268
2026-08-25 03:38:00,0.4355362569913268
2026-08-25 03:39:00,0.4355362569913268
2026-08-25 03:40:00,0.5635842084884644
2026-08-25 03:41:00,0.5635842084884644
2026-08-25 03:42:00,0.5635842084884644
2026-08-25 03:43:00,0.5635842084884644
2026-08-25 03:44:00,0.5635842084884644
2026-08-25 03:45:00,0.441454092040658
2026-08-25 03:46:00,0.441454092040658
2026-08-25 03:47:00,0.441454092040658
2026-08-25 03:48:00,0.441454092040658
2026-08-25 03:49:00,0.441454092040658
2026-08-25 03:50:00,0.3158224895596504
2026-08-25 03:51:00,0.3158224895596504
2026-08-25 03:52:00,0.3158224895596504
2026-08-25 03:53:00,0.3158224895596504
2026-08-25 03:54:00,0.3158224895596504
2026-08-25 03:55:00,0.18698464706540108
2026-08-25 03:56:00,0.18698464706540108
2026-08-25 03:57:00,0.18698464706540108
2026-08-25 03:58:00,0.18698464706540108
2026-08-25 03:59:00,0.18698464706540108
2026-08-25 04:00:00,0.06280656531453133
2026-08-25 04:01:00,0.06280656531453133
2026-08-25 04:02:00,0.06280656531453133
2026-08-25 04:03:00,0.06280656531453133
2026-08-25 04:04:00,0.06280656531453133
2026-08-25 04:05:00,0.06148621626198292
2026-08-25 04:06:00,0.06148621626198292
2026-08-25 04:07:00,0.06148621626198292
2026-08-25 04:08:00,0.06148621626198292
2026-08-25 04:09:00,0.06148621626198292
2026-08-25 04:10:00,0.061862265691161156
2026-08-25 04:11:00,0.061862265691161156
2026-08-25 04:12:00,0.061862265691161156
2026-08-25 04:13:00,0.061862265691161156
2026-08-25 04:14:00,0.061862265691161156
2026-08-25 04:15:00,0.06291018798947334
2026-08-25 04:16:00,0.06291018798947334
2026-08-25 04:17:00,0.06291018798947334
2026-08-25 04:18:00,0.06291018798947334
2026-08-25 04:19:00,0.06291018798947334
2026-08-25 04:20:00,0.18016960099339485
2026-08-25 04:21:00,0.18016960099339485
2026-08-25 04:22:00,0.18016960099339485
2026-08-25 04:23:00,0.18016960099339485
2026-08-25 04:24:00,0.18016960099339485
2026-08-25 04:25:00,0.29731738194823265
2026-08-25 04:26:00,0.29731738194823265
2026-08-25 04:27:00,0.29731738194823265
2026-08-25 04:28:00,0.29731738194823265
2026-08-25 04:29:00,0.29731738194823265
2026-08-25 04:30:00,0.4139119926840067
2026-08-25 04:31:00,0.4139119926840067
2026-08-25 04:32:00,0.4139119926840067
2026-08-25 04:33:00,0.4139119926840067
2026-08-25 04:34:00,0.4139119926840067
2026-08-25 04:35:00,0.5302311182022095
2026-08-25 04:36:00,0.5302311182022095
2026-08-25 04:37:00,0.5302311182022095
2026-08-25 04:38:00,0.5302311182022095
2026-08-25 04:39:00,0.5302311182022095
2026-08-25 04:40:00,0.41291975788772106
2026-08-25 04:41:00,0.41291975788772106
2026-08-25 04:42:00,0.41291975788772106
2026-08-25 04:43:00,0.41291975788772106
2026-08-25 04:44:00,0.41291975788772106
2026-08-25 04:45:00,0.29610621370375156
2026-08-25 04:46:00,0.29610621370375156
2026-08-25 04:47:00,0.29610621370375156
2026-08-25 04:48:00,0.29610621370375156
2026-08-25 04:49:00,0.29610621370375156
2026-08-25 04:50:00,0.22729325480759144
2026-08-25 04:51:00,0.22729325480759144
2026-08-25 04:52:00,0.22729325480759144
2026-08-25 04:53:00,0.22729325480759144
2026-08-25 04:54:00,0.22729325480759144
2026-08-25 04:55:00,0.159453259781003
2026-08-25 04:56:00,0.159453259781003
2026-08-25 04:57:00,0.159453259781003
2026-08-25 04:58:00,0.159453259781003
2026-08-25 04:59:00,0.159453259781003
2026-08-25 05:00:00,0.20516160503029823
2026-08-25 05:01:00,0.20516160503029823
2026-08-25 05:02:00,0.20516160503029823
2026-08-25 05:03:00,0.20516160503029823
2026-08-25 05:04:00,0.20516160503029823
2026-08-25 05:05:00,0.25256960839033127
2026-08-25 05:06:00,0.25256960839033127
2026-08-25 05:07:00,0.25256960839033127
2026-08-25 05:08:00,0.25256960839033127
2026-08-25 05:09:00,0.25256960839033127
2026-08-25 05:10:00,0.2056877724826336
2026-08-25 05:11:00,0.2056877724826336
2026-08-25 05:12:00,0.2056877724826336
2026-08-25 05:13:00,0.2056877724826336
2026-08-25 05:14:00,0.2056877724826336
2026-08-25 05:15:00,0.15755121782422066
2026-08-25 05:16:00,0.15755121782422066
2026-08-25 05:17:00,0.15755121782422066
2026-08-25 05:18:00,0.15755121782422066
2026-08-25 05:19:00,0.15755121782422066
2026-08-25 05:20:00,0.1106849666684866
2026-08-25 05:21:00,0.1106849666684866
2026-08-25 05:22:00,0.1106849666684866
2026-08-25 05:23:00,0.1106849666684866
2026-08-25 05:24:00,0.1106849666684866
2026-08-25 05:25:00,0.06452106684446335
2026-08-25 05:26:00,0.06452106684446335
2026-08-25 05:27:00,0.06452106684446335
2026-08-25 05:28:00,0.06452106684446335
2026-08-25 05:29:00,0.06452106684446335
2026-08-25 05:30:00,0.06354265939444304
2026-08-25 05:31:00,0.06354265939444304
2026-08-25 05:32:00,0.06354265939444304
2026-08-25 05:33:00,0.06354265939444304
2026-08-25 05:34:00,0.06354265939444304
2026-08-25 05:35:00,0.06447629164904356
2026-08-25 05:36:00,0.06447629164904356
2026-08-25 05:37:00,0.06447629164904356
2026-08-25 05:38:00,0.06447629164904356
2026-08-25 05:39:00,0.06447629164904356
2026-08-25 05:40:00,0.2952512437477708
2026-08-25 05:41:00,0.2952512437477708
2026-08-25 05:42:00,0.2952512437477708
2026-08-25 05:43:00,0.2952512437477708
2026-08-25 05:44:00,0.2952512437477708
2026-08-25 05:45:00,0.524733698926866
2026-08-25 05:46:00,0.524733698926866
2026-08-25 05:47:00,0.524733698926866
2026-08-25 05:48:00,0.524733698926866
2026-08-25 05:49:00,0.524733698926866
2026-08-25 05:50:00,0.7552582696080208
2026-08-25 05:51:00,0.7552582696080208
2026-08-25 05:52:00,0.7552582696080208
2026-08-25 05:53:00,0.7552582696080208
2026-08-25 05:54:00,0.7552582696080208
2026-08-25 05:55:00,0.9845911860466003
2026-08-25 05:56:00,0.9845911860466003
2026-08-25 05:57:00,0.9845911860466003
2026-08-25 05:58:00,0.9845911860466003
2026-08-25 05:59:00,0.9845911860466003
2026-08-25 06:00:00,0.7694098986685276
2026-08-25 06:01:00,0.7694098986685276
2026-08-25 06:02:00,0.7694098986685276
2026-08-25 06:03:00,0.7694098986685276
2026-08-25 06:04:00,0.7694098986685276
2026-08-25 06:05:00,0.5554309636354446
2026-08-25 06:06:00,0.5554309636354446
2026-08-25 06:07:00,0.5554309636354446
2026-08-25 06:08:00,0.5554309636354446
2026-08-25 06:09:00,0.5554309636354446
2026-08-25 06:10:00,0.34157614409923553
2026-08-25 06:11:00,0.34157614409923553
2026-08-25 06:12:00,0.34157614409923553
2026-08-25 06:13:00,0.34157614409923553
2026-08-25 06:14:00,0.34157614409923553
2026-08-25 06:15:00,0.1279243566095829
2026-08-25 06:16:00,0.1279243566095829
2026-08-25 06:17:00,0.1279243566095829
2026-08-25 06:18:00,0.1279243566095829
2026-08-25 06:19:00,0.1279243566095829
2026-08-25 06:20:00,0.1306503415107727
2026-08-25 06:21:00,0.1306503415107727
2026-08-25 06:22:00,0.1306503415107727
2026-08-25 06:23:00,0.1306503415107727
2026-08-25 06:24:00,0.1306503415107727
2026-08-25 06:25:00,0.13235681131482124
2026-08-25 06:26:00,0.13235681131482124
2026-08-25 06:27:00,0.13235681131482124
2026-08-25 06:28:00,0.13235681131482124
2026-08-25 06:29:00,0.13235681131482124
2026-08-25 06:30:00,0.1333269365131855
2026-08-25 06:31:00,0.1333269365131855
2026-08-25 06:32:00,0.1333269365131855
2026-08-25 06:33:00,0.1333269365131855
2026-08-25 06:34:00,0.1333269365131855
2026-08-25 06:35:00,0.13364899531006813
2026-08-25 06:36:00,0.13364899531006813
2026-08-25 06:37:00,0.13364899531006813
2026-08-25 06:38:00,0.13364899531006813
2026-08-25 06:39:00,0.13364899531006813
2026-08-25 06:40:00,0.1328088343143463
2026-08-25 06:41:00,0.1328088343143463
2026-08-25 06:42:00,0.1328088343143463
2026-08-25 06:43:00,0.1328088343143463
2026-08-25 06:44:00,0.1328088343143463
2026-08-25 06:45:00,0.13278274610638618
2026-08-25 06:46:00,0.13278274610638618
2026-08-25 06:47:00,0.13278274610638618
2026-08-25 06:48:00,0.13278274610638618
2026-08-25 06:49:00,0.13278274610638618
2026-08-25 06:50:00,0.13247542083263397
2026-08-25 06:51:00,0.13247542083263397
2026-08-25 06:52:00,0.13247542083263397
2026-08-25 06:53:00,0.13247542083263397
2026-08-25 06:54:00,0.13247542083263397
2026-08-25 06:55:00,0.1307047288864851
2026-08-25 06:56:00,0.1307047288864851
2026-08-25 06:57:00,0.1307047288864851
2026-08-25 06:58:00,0.1307047288864851
2026-08-25 06:59:00,0.1307047288864851
2026-08-25 07:00:00,0.11153744533658028
2026-08-25 07:01:00,0.11153744533658028
2026-08-25 07:02:00,0.11153744533658028
2026-08-25 07:03:00,0.11153744533658028
2026-08-25 07:04:00,0.11153744533658028
2026-08-25 07:05:00,0.09137052297592163
2026-08-25 07:06:00,0.09137052297592163
2026-08-25 07:07:00,0.09137052297592163
2026-08-25 07:08:00,0.09137052297592163
2026-08-25 07:09:00,0.09137052297592163
2026-08-25 07:10:00,0.07140133809298277
2026-08-25 07:11:00,0.07140133809298277
2026-08-25 07:12:00,0.07140133809298277
2026-08-25 07:13:00,0.07140133809298277
2026-08-25 07:14:00,0.07140133809298277
2026-08-25 07:15:00,0.05461831856518984
2026-08-25 07:16:00,0.05461831856518984
2026-08-25 07:17:00,0.05461831856518984
2026-08-25 07:18:00,0.05461831856518984
2026-08-25 07:19:00,0.05461831856518984
2026-08-25 07:20:00,0.054735793732106686
2026-08-25 07:21:00,0.054735793732106686
2026-08-25 07:22:00,0.054735793732106686
2026-08-25 07:23:00,0.054735793732106686
2026-08-25 07:24:00,0.054735793732106686
2026-08-25 07:25:00,0.054621921852231026
2026-08-25 07:26:00,0.054621921852231026
2026-08-25 07:27:00,0.054621921852231026
2026-08-25 07:28:00,0.054621921852231026
2026-08-25 07:29:00,0.054621921852231026
2026-08-25 07:30:00,0.054104384034872055
2026-08-25 07:31:00,0.054104384034872055
2026-08-25 07:32:00,0.054104384034872055
2026-08-25 07:33:00,0.054104384034872055
2026-08-25 07:34:00,0.054104384034872055
2026-08-25 07:35:00,0.05210265517234802
2026-08-25 07:36:00,0.05210265517234802
2026-08-25 07:37:00,0.05210265517234802
2026-08-25 07:38:00,0.05210265517234802
2026-08-25 07:39:00,0.05210265517234802
2026-08-25 07:40:00,0.050188224762678146
2026-08-25 07:41:00,0.050188224762678146
2026-08-25 07:42:00,0.050188224762678146
2026-08-25 07:43:00,0.050188224762678146
2026-08-25 07:44:00,0.050188224762678146
2026-08-25 07:45:00,0.04729377571493387
2026-08-25 07:46:00,0.04729377571493387
2026-08-25 07:47:00,0.04729377571493387
2026-08-25 07:48:00,0.04729377571493387
2026-08-25 07:49:00,0.04729377571493387
2026-08-25 07:50:00,0.0500922417268157
2026-08-25 07:51:00,0.0500922417268157
2026-08-25 07:52:00,0.0500922417268157
2026-08-25 07:53:00,0.0500922417268157
2026-08-25 07:54:00,0.0500922417268157
2026-08-25 07:55:00,0.0538422642275691
2026-08-25 07:56:00,0.0538422642275691
2026-08-25 07:57:00,0.0538422642275691
2026-08-25 07:58:00,0.0538422642275691
2026-08-25 07:59:00,0.0538422642275691
2026-08-25 08:00:00,0.061950125731527805
2026-08-25 08:01:00,0.061950125731527805
2026-08-25 08:02:00,0.061950125731527805
2026-08-25 08:03:00,0.061950125731527805
2026-08-25 08:04:00,0.061950125731527805
2026-08-25 08:05:00,0.07504914421588182
2026-08-25 08:06:00,0.07504914421588182
2026-08-25 08:07:00,0.07504914421588182
2026-08-25 08:08:00,0.07504914421588182
2026-08-25 08:09:00,0.07504914421588182
2026-08-25 08:10:00,0.08021029643714428
2026-08-25 08:11:00,0.08021029643714428
2026-08-25 08:12:00,0.08021029643714428
2026-08-25 08:13:00,0.08021029643714428
2026-08-25 08:14:00,0.08021029643714428
2026-08-25 08:15:00,0.08193911984562874
2026-08-25 08:16:00,0.08193911984562874
2026-08-25 08:17:00,0.08193911984562874
2026-08-25 08:18:00,0.08193911984562874
2026-08-25 08:19:00,0.08193911984562874
2026-08-25 08:20:00,0.07845976762473583
2026-08-25 08:21:00,0.07845976762473583
2026-08-25 08:22:00,0.07845976762473583
2026-08-25 08:23:00,0.07845976762473583
2026-08-25 08:24:00,0.07845976762473583
2026-08-25 08:25:00,0.0706767626106739
2026-08-25 08:26:00,0.0706767626106739
2026-08-25 08:27:00,0.0706767626106739
2026-08-25 08:28:00,0.0706767626106739
2026-08-25 08:29:00,0.0706767626106739
2026-08-25 08:30:00,0.06609489396214485
2026-08-25 08:31:00,0.06609489396214485
2026-08-25 08:32:00,0.06609489396214485
2026-08-25 08:33:00,0.06609489396214485
2026-08-25 08:34:00,0.06609489396214485
2026-08-25 08:35:00,0.06189349479973316
2026-08-25 08:36:00,0.06189349479973316
2026-08-25 08:37:00,0.06189349479973316
2026-08-25 08:38:00,0.06189349479973316
2026-08-25 08:39:00,0.06189349479973316
2026-08-25 08:40:00,0.058035255409777164
2026-08-25 08:41:00,0.058035255409777164
2026-08-25 08:42:00,0.058035255409777164
2026-08-25 08:43:00,0.058035255409777164
2026-08-25 08:44:00,0.058035255409777164
2026-08-25 08:45:00,0.05702659860253334
2026-08-25 08:46:00,0.05702659860253334
2026-08-25 08:47:00,0.05702659860253334
2026-08-25 08:48:00,0.05702659860253334
2026-08-25 08:49:00,0.05702659860253334
2026-08-25 08:50:00,0.05752728506922722
2026-08-25 08:51:00,0.05752728506922722
2026-08-25 08:52:00,0.05752728506922722
2026-08-25 08:53:00,0.05752728506922722
2026-08-25 08:54:00,0.05752728506922722
2026-08-25 08:55:00,0.061156975105404854
2026-08-25 08:56:00,0.061156975105404854
2026-08-25 08:57:00,0.061156975105404854
2026-08-25 08:58:00,0.061156975105404854
2026-08-25 08:59:00,0.061156975105404854
2026-08-25 09:00:00,0.06824722234159708
2026-08-25 09:01:00,0.06824722234159708
2026-08-25 09:02:00,0.06824722234159708
2026-08-25 09:03:00,0.06824722234159708
2026-08-25 09:04:00,0.06824722234159708
2026-08-25 09:05:00,0.06994517892599106
2026-08-25 09:06:00,0.06994517892599106
2026-08-25 09:07:00,0.06994517892599106
2026-08-25 09:08:00,0.06994517892599106
2026-08-25 09:09:00,0.06994517892599106
2026-08-25 09:10:00,0.07231581769883633
2026-08-25 09:11:00,0.07231581769883633
2026-08-25 09:12:00,0.07231581769883633
2026-08-25 09:13:00,0.07231581769883633
2026-08-25 09:14:00,0.07231581769883633
2026-08-25 09:15:00,0.07185639813542366
2026-08-25 09:16:00,0.07185639813542366
2026-08-25 09:17:00,0.07185639813542366
2026-08-25 09:18:00,0.07185639813542366
2026-08-25 09:19:00,0.07185639813542366
2026-08-25 09:20:00,0.06573163066059351
2026-08-25 09:21:00,0.06573163066059351
2026-08-25 09:22:00,0.06573163066059351
2026-08-25 09:23:00,0.06573163066059351
2026-08-25 09:24:00,0.06573163066059351
2026-08-25 09:25:00,0.06424834951758385
2026-08-25 09:26:00,0.06424834951758385
2026-08-25 09:27:00,0.06424834951758385
2026-08-25 09:28:00,0.06424834951758385
2026-08-25 09:29:00,0.06424834951758385
2026-08-25 09:30:00,0.06132492236793041
2026-08-25 09:31:00,0.06132492236793041
2026-08-25 09:32:00,0.06132492236793041
2026-08-25 09:33:00,0.06132492236793041
2026-08-25 09:34:00,0.06132492236793041
2026-08-25 09:35:00,0.06212535873055458
2026-08-25 09:36:00,0.06212535873055458
2026-08-25 09:37:00,0.06212535873055458
2026-08-25 09:38:00,0.06212535873055458
2026-08-25 09:39:00,0.06212535873055458
2026-08-25 09:40:00,0.06588398572057486
2026-08-25 09:41:00,0.06588398572057486
2026-08-25 09:42:00,0.06588398572057486
2026-08-25 09:43:00,0.06588398572057486
2026-08-25 09:44:00,0.06588398572057486
2026-08-25 09:45:00,0.0662256721407175
2026-08-25 09:46:00,0.0662256721407175
2026-08-25 09:47:00,0.0662256721407175
2026-08-25 09:48:00,0.0662256721407175
2026-08-25 09:49:00,0.0662256721407175
2026-08-25 09:50:00,0.06307878717780113
2026-08-25 09:51:00,0.06307878717780113
2026-08-25 09:52:00,0.06307878717780113
2026-08-25 09:53:00,0.06307878717780113
2026-08-25 09:54:00,0.06307878717780113
2026-08-25 09:55:00,0.05883671250194311
2026-08-25 09:56:00,0.05883671250194311
2026-08-25 09:57:00,0.05883671250194311
2026-08-25 09:58:00,0.05883671250194311
2026-08-25 09:59:00,0.05883671250194311
2026-08-25 10:00:00,0.05468410439789295
2026-08-25 10:01:00,0.05468410439789295
2026-08-25 10:02:00,0.05468410439789295
2026-08-25 10:03:00,0.05468410439789295
2026-08-25 10:04:00,0.05468410439789295
2026-08-25 10:05:00,0.05524294078350067
2026-08-25 10:06:00,0.05524294078350067
2026-08-25 10:07:00,0.05524294078350067
2026-08-25 10:08:00,0.05524294078350067
2026-08-25 10:09:00,0.05524294078350067
2026-08-25 10:10:00,0.05809599254280329
2026-08-25 10:11:00,0.05809599254280329
2026-08-25 10:12:00,0.05809599254280329
2026-08-25 10:13:00,0.05809599254280329
2026-08-25 10:14:00,0.05809599254280329
2026-08-25 10:15:00,0.0583860008046031
2026-08-25 10:16:00,0.0583860008046031
2026-08-25 10:17:00,0.0583860008046031
2026-08-25 10:18:00,0.0583860008046031
2026-08-25 10:19:00,0.0583860008046031
2026-08-25 10:20:00,0.058713892474770546
2026-08-25 10:21:00,0.058713892474770546
2026-08-25 10:22:00,0.058713892474770546
2026-08-25 10:23:00,0.058713892474770546
2026-08-25 10:24:00,0.058713892474770546
2026-08-25 10:25:00,0.05734890978783369
2026-08-25 10:26:00,0.05734890978783369
2026-08-25 10:27:00,0.05734890978783369
2026-08-25 10:28:00,0.05734890978783369
2026-08-25 10:29:00,0.05734890978783369
2026-08-25 10:30:00,0.05742266774177551
2026-08-25 10:31:00,0.05742266774177551
2026-08-25 10:32:00,0.05742266774177551
2026-08-25 10:33:00,0.05742266774177551
2026-08-25 10:34:00,0.05742266774177551
2026-08-25 10:35:00,0.05835102032870054
2026-08-25 10:36:00,0.05835102032870054
2026-08-25 10:37:00,0.05835102032870054
2026-08-25 10:38:00,0.05835102032870054
2026-08-25 10:39:00,0.05835102032870054
2026-08-25 10:40:00,0.05885174963623285
2026-08-25 10:41:00,0.05885174963623285
2026-08-25 10:42:00,0.05885174963623285
2026-08-25 10:43:00,0.05885174963623285
2026-08-25 10:44:00,0.05885174963623285
2026-08-25 10:45:00,0.05897609516978264
2026-08-25 10:46:00,0.05897609516978264
2026-08-25 10:47:00,0.05897609516978264
2026-08-25 10:48:00,0.05897609516978264
2026-08-25 10:49:00,0.05897609516978264
2026-08-25 10:50:00,0.061241015791893005
2026-08-25 10:51:00,0.061241015791893005
2026-08-25 10:52:00,0.061241015791893005
2026-08-25 10:53:00,0.061241015791893005
2026-08-25 10:54:00,0.061241015791893005
2026-08-25 10:55:00,0.06597954593598843
2026-08-25 10:56:00,0.06597954593598843
2026-08-25 10:57:00,0.06597954593598843
2026-08-25 10:58:00,0.06597954593598843
2026-08-25 10:59:00,0.06597954593598843
2026-08-25 11:00:00,0.06780942156910896
2026-08-25 11:01:00,0.06780942156910896
2026-08-25 11:02:00,0.06780942156910896
2026-08-25 11:03:00,0.06780942156910896
2026-08-25 11:04:00,0.06780942156910896
2026-08-25 11:05:00,0.06984772719442844
2026-08-25 11:06:00,0.06984772719442844
2026-08-25 11:07:00,0.06984772719442844
2026-08-25 11:08:00,0.06984772719442844
2026-08-25 11:09:00,0.06984772719442844
2026-08-25 11:10:00,0.07051954604685307
2026-08-25 11:11:00,0.07051954604685307
2026-08-25 11:12:00,0.07051954604685307
2026-08-25 11:13:00,0.07051954604685307
2026-08-25 11:14:00,0.07051954604685307
2026-08-25 11:15:00,0.08139329217374325
2026-08-25 11:16:00,0.08139329217374325
2026-08-25 11:17:00,0.08139329217374325
2026-08-25 11:18:00,0.08139329217374325
2026-08-25 11:19:00,0.08139329217374325
2026-08-25 11:20:00,0.15355955250561237
2026-08-25 11:21:00,0.15355955250561237
2026-08-25 11:22:00,0.15355955250561237
2026-08-25 11:23:00,0.15355955250561237
2026-08-25 11:24:00,0.15355955250561237
2026-08-25 11:25:00,0.22782839089632034
2026-08-25 11:26:00,0.22782839089632034
2026-08-25 11:27:00,0.22782839089632034
2026-08-25 11:28:00,0.22782839089632034
2026-08-25 11:29:00,0.22782839089632034
2026-08-25 11:30:00,0.30600108578801155
2026-08-25 11:31:00,0.30600108578801155
2026-08-25 11:32:00,0.30600108578801155
2026-08-25 11:33:00,0.30600108578801155
2026-08-25 11:34:00,0.30600108578801155
2026-08-25 11:35:00,0.3539958670735359
2026-08-25 11:36:00,0.3539958670735359
2026-08-25 11:37:00,0.3539958670735359
2026-08-25 11:38:00,0.3539958670735359
2026-08-25 11:39:00,0.3539958670735359
2026-08-25 11:40:00,0.2985059805214405
2026-08-25 11:41:00,0.2985059805214405
2026-08-25 11:42:00,0.2985059805214405
2026-08-25 11:43:00,0.2985059805214405
2026-08-25 11:44:00,0.2985059805214405
2026-08-25 11:45:00,0.23271959461271763
2026-08-25 11:46:00,0.23271959461271763
2026-08-25 11:47:00,0.23271959461271763
2026-08-25 11:48:00,0.23271959461271763
2026-08-25 11:49:00,0.23271959461271763
2026-08-25 11:50:00,0.15808039903640747
2026-08-25 11:51:00,0.15808039903640747
2026-08-25 11:52:00,0.15808039903640747
2026-08-25 11:53:00,0.15808039903640747
2026-08-25 11:54:00,0.15808039903640747
2026-08-25 11:55:00,0.10260816477239132
2026-08-25 11:56:00,0.10260816477239132
2026-08-25 11:57:00,0.10260816477239132
2026-08-25 11:58:00,0.10260816477239132
2026-08-25 11:59:00,0.10260816477239132
2026-08-25 12:00:00,0.08993115648627281
2026-08-25 12:01:00,0.08993115648627281
2026-08-25 12:02:00,0.08993115648627281
2026-08-25 12:03:00,0.08993115648627281
2026-08-25 12:04:00,0.08993115648627281
2026-08-25 12:05:00,0.07957359403371811
2026-08-25 12:06:00,0.07957359403371811
2026-08-25 12:07:00,0.07957359403371811
2026-08-25 12:08:00,0.07957359403371811
2026-08-25 12:09:00,0.07957359403371811
2026-08-25 12:10:00,0.07204203866422176
2026-08-25 12:11:00,0.07204203866422176
2026-08-25 12:12:00,0.07204203866422176
2026-08-25 12:13:00,0.07204203866422176
2026-08-25 12:14:00,0.07204203866422176
2026-08-25 12:15:00,0.06191145349293947
2026-08-25 12:16:00,0.06191145349293947
2026-08-25 12:17:00,0.06191145349293947
2026-08-25 12:18:00,0.06191145349293947
2026-08-25 12:19:00,0.06191145349293947
2026-08-25 12:20:00,0.05444794520735741
2026-08-25 12:21:00,0.05444794520735741
2026-08-25 12:22:00,0.05444794520735741
2026-08-25 12:23:00,0.05444794520735741
2026-08-25 12:24:00,0.05444794520735741
2026-08-25 12:25:00,0.05266557540744543
2026-08-25 12:26:00,0.05266557540744543
2026-08-25 12:27:00,0.05266557540744543
2026-08-25 12:28:00,0.05266557540744543
2026-08-25 12:29:00,0.05266557540744543
2026-08-25 12:30:00,0.05222586449235678
2026-08-25 12:31:00,0.05222586449235678
2026-08-25 12:32:00,0.05222586449235678
2026-08-25 12:33:00,0.05222586449235678
2026-08-25 12:34:00,0.05222586449235678
2026-08-25 12:35:00,0.05369445402175188
2026-08-25 12:36:00,0.05369445402175188
2026-08-25 12:37:00,0.05369445402175188
2026-08-25 12:38:00,0.05369445402175188
2026-08-25 12:39:00,0.05369445402175188
2026-08-25 12:40:00,0.05582075193524361
2026-08-25 12:41:00,0.05582075193524361
2026-08-25 12:42:00,0.05582075193524361
2026-08-25 12:43:00,0.05582075193524361
2026-08-25 12:44:00,0.05582075193524361
2026-08-25 12:45:00,0.054744486697018147
2026-08-25 12:46:00,0.054744486697018147
2026-08-25 12:47:00,0.054744486697018147
2026-08-25 12:48:00,0.054744486697018147
2026-08-25 12:49:00,0.054744486697018147
2026-08-25 12:50:00,0.05269552208483219
2026-08-25 12:51:00,0.05269552208483219
2026-08-25 12:52:00,0.05269552208483219
2026-08-25 12:53:00,0.05269552208483219
2026-08-25 12:54:00,0.05269552208483219
2026-08-25 12:55:00,0.05115069914609194
2026-08-25 12:56:00,0.05115069914609194
2026-08-25 12:57:00,0.05115069914609194
2026-08-25 12:58:00,0.05115069914609194
2026-08-25 12:59:00,0.05115069914609194
2026-08-25 13:00:00,0.04675366636365652
2026-08-25 13:01:00,0.04675366636365652
2026-08-25 13:02:00,0.04675366636365652
2026-08-25 13:03:00,0.04675366636365652
2026-08-25 13:04:00,0.04675366636365652
2026-08-25 13:05:00,0.04625594895333052
2026-08-25 13:06:00,0.04625594895333052
2026-08-25 13:07:00,0.04625594895333052
2026-08-25 13:08:00,0.04625594895333052
2026-08-25 13:09:00,0.04625594895333052
2026-08-25 13:10:00,0.046563572250306606
2026-08-25 13:11:00,0.046563572250306606
2026-08-25 13:12:00,0.046563572250306606
2026-08-25 13:13:00,0.046563572250306606
2026-08-25 13:14:00,0.046563572250306606
2026-08-25 13:15:00,0.0475268242880702
2026-08-25 13:16:00,0.0475268242880702
2026-08-25 13:17:00,0.0475268242880702
2026-08-25 13:18:00,0.0475268242880702
2026-08-25 13:19:00,0.0475268242880702
2026-08-25 13:20:00,0.051045012660324574
2026-08-25 13:21:00,0.051045012660324574
2026-08-25 13:22:00,0.051045012660324574
2026-08-25 13:23:00,0.051045012660324574
2026-08-25 13:24:00,0.051045012660324574
2026-08-25 13:25:00,0.05524158384650946
2026-08-25 13:26:00,0.05524158384650946
2026-08-25 13:27:00,0.05524158384650946
2026-08-25 13:28:00,0.05524158384650946
2026-08-25 13:29:00,0.05524158384650946
2026-08-25 13:30:00,0.05927821807563305
2026-08-25 13:31:00,0.05927821807563305
2026-08-25 13:32:00,0.05927821807563305
2026-08-25 13:33:00,0.05927821807563305
2026-08-25 13:34:00,0.05927821807563305
2026-08-25 13:35:00,0.06127825751900673
2026-08-25 13:36:00,0.06127825751900673
2026-08-25 13:37:00,0.06127825751900673
2026-08-25 13:38:00,0.06127825751900673
2026-08-25 13:39:00,0.06127825751900673
2026-08-25 13:40:00,0.06158631294965744
2026-08-25 13:41:00,0.06158631294965744
2026-08-25 13:42:00,0.06158631294965744
2026-08-25 13:43:00,0.06158631294965744
2026-08-25 13:44:00,0.06158631294965744
2026-08-25 13:45:00,0.05974488239735365
2026-08-25 13:46:00,0.05974488239735365
2026-08-25 13:47:00,0.05974488239735365
2026-08-25 13:48:00,0.05974488239735365
2026-08-25 13:49:00,0.05974488239735365
2026-08-25 13:50:00,0.1836402928456664
2026-08-25 13:51:00,0.1836402928456664
2026-08-25 13:52:00,0.1836402928456664
2026-08-25 13:53:00,0.1836402928456664
2026-08-25 13:54:00,0.1836402928456664
2026-08-25 13:55:00,0.30777554120868444
2026-08-25 13:56:00,0.30777554120868444
2026-08-25 13:57:00,0.30777554120868444
2026-08-25 13:58:00,0.30777554120868444
2026-08-25 13:59:00,0.30777554120868444
2026-08-25 14:00:00,0.4325257306918502
2026-08-25 14:01:00,0.4325257306918502
2026-08-25 14:02:00,0.4325257306918502
2026-08-25 14:03:00,0.4325257306918502
2026-08-25 14:04:00,0.4325257306918502
2026-08-25 14:05:00,0.5565763413906097
2026-08-25 14:06:00,0.5565763413906097
2026-08-25 14:07:00,0.5565763413906097
2026-08-25 14:08:00,0.5565763413906097
2026-08-25 14:09:00,0.5565763413906097
2026-08-25 14:10:00,0.43293505162000656
2026-08-25 14:11:00,0.43293505162000656
2026-08-25 14:12:00,0.43293505162000656
2026-08-25 14:13:00,0.43293505162000656
2026-08-25 14:14:00,0.43293505162000656
2026-08-25 14:15:00,0.3103681243956089
2026-08-25 14:16:00,0.3103681243956089
2026-08-25 14:17:00,0.3103681243956089
2026-08-25 14:18:00,0.3103681243956089
2026-08-25 14:19:00,0.3103681243956089
2026-08-25 14:20:00,0.18654695246368647
2026-08-25 14:21:00,0.18654695246368647
2026-08-25 14:22:00,0.18654695246368647
2026-08-25 14:23:00,0.18654695246368647
2026-08-25 14:24:00,0.18654695246368647
2026-08-25 14:25:00,0.0650960011407733
2026-08-25 14:26:00,0.0650960011407733
2026-08-25 14:27:00,0.0650960011407733
2026-08-25 14:28:00,0.0650960011407733
2026-08-25 14:29:00,0.0650960011407733
2026-08-25 14:30:00,0.06518829893320799
2026-08-25 14:31:00,0.06518829893320799
2026-08-25 14:32:00,0.06518829893320799
2026-08-25 14:33:00,0.06518829893320799
2026-08-25 14:34:00,0.06518829893320799
2026-08-25 14:35:00,0.06470251735299826
2026-08-25 14:36:00,0.06470251735299826
2026-08-25 14:37:00,0.06470251735299826
2026-08-25 14:38:00,0.06470251735299826
2026-08-25 14:39:00,0.06470251735299826
2026-08-25 14:40:00,0.06862802803516388
2026-08-25 14:41:00,0.06862802803516388
2026-08-25 14:42:00,0.06862802803516388
2026-08-25 14:43:00,0.06862802803516388
2026-08-25 14:44:00,0.06862802803516388
2026-08-25 14:45:00,0.06869718432426453
2026-08-25 14:46:00,0.06869718432426453
2026-08-25 14:47:00,0.06869718432426453
2026-08-25 14:48:00,0.06869718432426453
2026-08-25 14:49:00,0.06869718432426453
2026-08-25 14:50:00,0.07034962438046932
2026-08-25 14:51:00,0.07034962438046932
2026-08-25 14:52:00,0.07034962438046932
2026-08-25 14:53:00,0.07034962438046932
2026-08-25 14:54:00,0.07034962438046932
2026-08-25 14:55:00,0.07116464339196682
2026-08-25 14:56:00,0.07116464339196682
2026-08-25 14:57:00,0.07116464339196682
2026-08-25 14:58:00,0.07116464339196682
2026-08-25 14:59:00,0.07116464339196682
2026-08-25 15:00:00,0.06826446205377579
2026-08-25 15:01:00,0.06826446205377579
2026-08-25 15:02:00,0.06826446205377579
2026-08-25 15:03:00,0.06826446205377579
2026-08-25 15:04:00,0.06826446205377579
2026-08-25 15:05:00,0.06705056317150593
2026-08-25 15:06:00,0.06705056317150593
2026-08-25 15:07:00,0.06705056317150593
2026-08-25 15:08:00,0.06705056317150593
2026-08-25 15:09:00,0.06705056317150593
2026-08-25 15:10:00,0.06056154053658247
2026-08-25 15:11:00,0.06056154053658247
2026-08-25 15:12:00,0.06056154053658247
2026-08-25 15:13:00,0.06056154053658247
2026-08-25 15:14:00,0.06056154053658247
2026-08-25 15:15:00,0.05526672676205635
2026-08-25 15:16:00,0.05526672676205635
2026-08-25 15:17:00,0.05526672676205635
2026-08-25 15:18:00,0.05526672676205635
2026-08-25 15:19:00,0.05526672676205635
2026-08-25 15:20:00,0.051221960224211216
2026-08-25 15:21:00,0.051221960224211216
2026-08-25 15:22:00,0.051221960224211216
2026-08-25 15:23:00,0.051221960224211216
2026-08-25 15:24:00,0.051221960224211216
2026-08-25 15:25:00,0.0482863737270236
2026-08-25 15:26:00,0.0482863737270236
2026-08-25 15:27:00,0.0482863737270236
2026-08-25 15:28:00,0.0482863737270236
2026-08-25 15:29:00,0.0482863737270236
2026-08-25 15:30:00,0.04806099832057953
2026-08-25 15:31:00,0.04806099832057953
2026-08-25 15:32:00,0.04806099832057953
2026-08-25 15:33:00,0.04806099832057953
2026-08-25 15:34:00,0.04806099832057953
2026-08-25 15:35:00,0.04795377980917692
2026-08-25 15:36:00,0.04795377980917692
2026-08-25 15:37:00,0.04795377980917692
2026-08-25 15:38:00,0.04795377980917692
2026-08-25 15:39:00,0.04795377980917692
2026-08-25 15:40:00,0.04761643987149
2026-08-25 15:41:00,0.04761643987149
2026-08-25 15:42:00,0.04761643987149
2026-08-25 15:43:00,0.04761643987149
2026-08-25 15:44:00,0.04761643987149
2026-08-25 15:45:00,0.048800352960824966
2026-08-25 15:46:00,0.048800352960824966
2026-08-25 15:47:00,0.048800352960824966
2026-08-25 15:48:00,0.048800352960824966
2026-08-25 15:49:00,0.048800352960824966
2026-08-25 15:50:00,0.05388517118990421
2026-08-25 15:51:00,0.05388517118990421
2026-08-25 15:52:00,0.05388517118990421
2026-08-25 15:53:00,0.05388517118990421
2026-08-25 15:54:00,0.05388517118990421
2026-08-25 15:55:00,0.06166803650557995
2026-08-25 15:56:00,0.06166803650557995
2026-08-25 15:57:00,0.06166803650557995
2026-08-25 15:58:00,0.06166803650557995
2026-08-25 15:59:00,0.06166803650557995
2026-08-25 16:00:00,0.07016883138567209
2026-08-25 16:01:00,0.07016883138567209
2026-08-25 16:02:00,0.07016883138567209
2026-08-25 16:03:00,0.07016883138567209
2026-08-25 16:04:00,0.07016883138567209
2026-08-25 16:05:00,0.07451800629496574
2026-08-25 16:06:00,0.07451800629496574
2026-08-25 16:07:00,0.07451800629496574
2026-08-25 16:08:00,0.07451800629496574
2026-08-25 16:09:00,0.07451800629496574
2026-08-25 16:10:00,0.07377709820866585
2026-08-25 16:11:00,0.07377709820866585
2026-08-25 16:12:00,0.07377709820866585
2026-08-25 16:13:00,0.07377709820866585
2026-08-25 16:14:00,0.07377709820866585
2026-08-25 16:15:00,0.0710656177252531
2026-08-25 16:16:00,0.0710656177252531
2026-08-25 16:17:00,0.0710656177252531
2026-08-25 16:18:00,0.0710656177252531
2026-08-25 16:19:00,0.0710656177252531
2026-08-25 16:20:00,0.07068194076418877
2026-08-25 16:21:00,0.07068194076418877
2026-08-25 16:22:00,0.07068194076418877
2026-08-25 16:23:00,0.07068194076418877
2026-08-25 16:24:00,0.07068194076418877
2026-08-25 16:25:00,0.07334721833467484
2026-08-25 16:26:00,0.07334721833467484
2026-08-25 16:27:00,0.07334721833467484
2026-08-25 16:28:00,0.07334721833467484
2026-08-25 16:29:00,0.07334721833467484
2026-08-25 16:30:00,0.0786333866417408
2026-08-25 16:31:00,0.0786333866417408
2026-08-25 16:32:00,0.0786333866417408
2026-08-25 16:33:00,0.0786333866417408
2026-08-25 16:34:00,0.0786333866417408
2026-08-25 16:35:00,0.07884347625076771
2026-08-25 16:36:00,0.07884347625076771
2026-08-25 16:37:00,0.07884347625076771
2026-08-25 16:38:00,0.07884347625076771
2026-08-25 16:39:00,0.07884347625076771
2026-08-25 16:40:00,0.07362444512546062
2026-08-25 16:41:00,0.07362444512546062
2026-08-25 16:42:00,0.07362444512546062
2026-08-25 16:43:00,0.07362444512546062
2026-08-25 16:44:00,0.07362444512546062
2026-08-25 16:45:00,0.06595790293067694
2026-08-25 16:46:00,0.06595790293067694
2026-08-25 16:47:00,0.06595790293067694
2026-08-25 16:48:00,0.06595790293067694
2026-08-25 16:49:00,0.06595790293067694
2026-08-25 16:50:00,0.0579083226621151
2026-08-25 16:51:00,0.0579083226621151
2026-08-25 16:52:00,0.0579083226621151
2026-08-25 16:53:00,0.0579083226621151
2026-08-25 16:54:00,0.0579083226621151
2026-08-25 16:55:00,0.05328077729791403
2026-08-25 16:56:00,0.05328077729791403
2026-08-25 16:57:00,0.05328077729791403
2026-08-25 16:58:00,0.05328077729791403
2026-08-25 16:59:00,0.05328077729791403
2026-08-25 17:00:00,0.05019585322588682
2026-08-25 17:01:00,0.05019585322588682
2026-08-25 17:02:00,0.05019585322588682
2026-08-25 17:03:00,0.05019585322588682
2026-08-25 17:04:00,0.05019585322588682
2026-08-25 17:05:00,0.05337063409388065
2026-08-25 17:06:00,0.05337063409388065
2026-08-25 17:07:00,0.05337063409388065
2026-08-25 17:08:00,0.05337063409388065
2026-08-25 17:09:00,0.05337063409388065
2026-08-25 17:10:00,0.05959359463304281
2026-08-25 17:11:00,0.05959359463304281
2026-08-25 17:12:00,0.05959359463304281
2026-08-25 17:13:00,0.05959359463304281
2026-08-25 17:14:00,0.05959359463304281
2026-08-25 17:15:00,0.06292153336107731
2026-08-25 17:16:00,0.06292153336107731
2026-08-25 17:17:00,0.06292153336107731
2026-08-25 17:18:00,0.06292153336107731
2026-08-25 17:19:00,0.06292153336107731
2026-08-25 17:20:00,0.06882370449602604
2026-08-25 17:21:00,0.06882370449602604
2026-08-25 17:22:00,0.06882370449602604
2026-08-25 17:23:00,0.06882370449602604
2026-08-25 17:24:00,0.06882370449602604
2026-08-25 17:25:00,0.06773769669234753
2026-08-25 17:26:00,0.06773769669234753
2026-08-25 17:27:00,0.06773769669234753
2026-08-25 17:28:00,0.06773769669234753
2026-08-25 17:29:00,0.06773769669234753
2026-08-25 17:30:00,0.062110292725265026
2026-08-25 17:31:00,0.062110292725265026
2026-08-25 17:32:00,0.062110292725265026
2026-08-25 17:33:00,0.062110292725265026
2026-08-25 17:34:00,0.062110292725265026
2026-08-25 17:35:00,0.060358050279319286
2026-08-25 17:36:00,0.060358050279319286
2026-08-25 17:37:00,0.060358050279319286
2026-08-25 17:38:00,0.060358050279319286
2026-08-25 17:39:00,0.060358050279319286
2026-08-25 17:40:00,0.05517091415822506
2026-08-25 17:41:00,0.05517091415822506
2026-08-25 17:42:00,0.05517091415822506
2026-08-25 17:43:00,0.05517091415822506
2026-08-25 17:44:00,0.05517091415822506
2026-08-25 17:45:00,0.05172243434935808
2026-08-25 17:46:00,0.05172243434935808
2026-08-25 17:47:00,0.05172243434935808
2026-08-25 17:48:00,0.05172243434935808
2026-08-25 17:49:00,0.05172243434935808
2026-08-25 17:50:00,0.04965378902852535
2026-08-25 17:51:00,0.04965378902852535
2026-08-25 17:52:00,0.04965378902852535
2026-08-25 17:53:00,0.04965378902852535
2026-08-25 17:54:00,0.04965378902852535
2026-08-25 17:55:00,0.04945937171578407
2026-08-25 17:56:00,0.04945937171578407
2026-08-25 17:57:00,0.04945937171578407
2026-08-25 17:58:00,0.04945937171578407
2026-08-25 17:59:00,0.04945937171578407
2026-08-25 18:00:00,0.05240584909915924
2026-08-25 18:01:00,0.05240584909915924
2026-08-25 18:02:00,0.05240584909915924
2026-08-25 18:03:00,0.05240584909915924
2026-08-25 18:04:00,0.05240584909915924
2026-08-25 18:05:00,0.05506785120815039
2026-08-25 18:06:00,0.05506785120815039
2026-08-25 18:07:00,0.05506785120815039
2026-08-25 18:08:00,0.05506785120815039
2026-08-25 18:09:00,0.05506785120815039
2026-08-25 18:10:00,0.05666160583496094
2026-08-25 18:11:00,0.05666160583496094
2026-08-25 18:12:00,0.05666160583496094
2026-08-25 18:13:00,0.05666160583496094
2026-08-25 18:14:00,0.05666160583496094
2026-08-25 18:15:00,0.05547105986624956
2026-08-25 18:16:00,0.05547105986624956
2026-08-25 18:17:00,0.05547105986624956
2026-08-25 18:18:00,0.05547105986624956
2026-08-25 18:19:00,0.05547105986624956
2026-08-25 18:20:00,0.052622757852077484
2026-08-25 18:21:00,0.052622757852077484
2026-08-25 18:22:00,0.052622757852077484
2026-08-25 18:23:00,0.052622757852077484
2026-08-25 18:24:00,0.052622757852077484
2026-08-25 18:25:00,0.05359973572194576
2026-08-25 18:26:00,0.05359973572194576
2026-08-25 18:27:00,0.05359973572194576
2026-08-25 18:28:00,0.05359973572194576
2026-08-25 18:29:00,0.05359973572194576
2026-08-25 18:30:00,0.05601280648261309
2026-08-25 18:31:00,0.05601280648261309
2026-08-25 18:32:00,0.05601280648261309
2026-08-25 18:33:00,0.05601280648261309
2026-08-25 18:34:00,0.05601280648261309
2026-08-25 18:35:00,0.058949196711182594
2026-08-25 18:36:00,0.058949196711182594
2026-08-25 18:37:00,0.058949196711182594
2026-08-25 18:38:00,0.058949196711182594
2026-08-25 18:39:00,0.058949196711182594
2026-08-25 18:40:00,0.06323596462607384
2026-08-25 18:41:00,0.06323596462607384
2026-08-25 18:42:00,0.06323596462607384
2026-08-25 18:43:00,0.06323596462607384
2026-08-25 18:44:00,0.06323596462607384
2026-08-25 18:45:00,0.06566428579390049
2026-08-25 18:46:00,0.06566428579390049
2026-08-25 18:47:00,0.06566428579390049
2026-08-25 18:48:00,0.06566428579390049
2026-08-25 18:49:00,0.06566428579390049
2026-08-25 18:50:00,0.06787612661719322
2026-08-25 18:51:00,0.06787612661719322
2026-08-25 18:52:00,0.06787612661719322
2026-08-25 18:53:00,0.06787612661719322
2026-08-25 18:54:00,0.06787612661719322
2026-08-25 18:55:00,0.07021622732281685
2026-08-25 18:56:00,0.07021622732281685
2026-08-25 18:57:00,0.07021622732281685
2026-08-25 18:58:00,0.07021622732281685
2026-08-25 18:59:00,0.07021622732281685
2026-08-25 19:00:00,0.06793772429227829
2026-08-25 19:01:00,0.06793772429227829
2026-08-25 19:02:00,0.06793772429227829
2026-08-25 19:03:00,0.06793772429227829
2026-08-25 19:04:00,0.06793772429227829
2026-08-25 19:05:00,0.06455494090914726
2026-08-25 19:06:00,0.06455494090914726
2026-08-25 19:07:00,0.06455494090914726
2026-08-25 19:08:00,0.06455494090914726
2026-08-25 19:09:00,0.06455494090914726
2026-08-25 19:10:00,0.06127062253654003
2026-08-25 19:11:00,0.06127062253654003
2026-08-25 19:12:00,0.06127062253654003
2026-08-25 19:13:00,0.06127062253654003
2026-08-25 19:14:00,0.06127062253654003
2026-08-25 19:15:00,0.056283227168023586
2026-08-25 19:16:00,0.056283227168023586
2026-08-25 19:17:00,0.056283227168023586
2026-08-25 19:18:00,0.056283227168023586
2026-08-25 19:19:00,0.056283227168023586
2026-08-25 19:20:00,0.05391555745154619
2026-08-25 19:21:00,0.05391555745154619
2026-08-25 19:22:00,0.05391555745154619
2026-08-25 19:23:00,0.05391555745154619
2026-08-25 19:24:00,0.05391555745154619
2026-08-25 19:25:00,0.05300298426300287
2026-08-25 19:26:00,0.05300298426300287
2026-08-25 19:27:00,0.05300298426300287
2026-08-25 19:28:00,0.05300298426300287
2026-08-25 19:29:00,0.05300298426300287
2026-08-25 19:30:00,0.05315171368420124
2026-08-25 19:31:00,0.05315171368420124
2026-08-25 19:32:00,0.05315171368420124
2026-08-25 19:33:00,0.05315171368420124
2026-08-25 19:34:00,0.05315171368420124
2026-08-25 19:35:00,0.055899166502058506
2026-08-25 19:36:00,0.055899166502058506
2026-08-25 19:37:00,0.055899166502058506
2026-08-25 19:38:00,0.055899166502058506
2026-08-25 19:39:00,0.055899166502058506
2026-08-25 19:40:00,0.05985755566507578
2026-08-25 19:41:00,0.05985755566507578
2026-08-25 19:42:00,0.05985755566507578
2026-08-25 19:43:00,0.05985755566507578
2026-08-25 19:44:00,0.05985755566507578
2026-08-25 19:45:00,0.059412420727312565
2026-08-25 19:46:00,0.059412420727312565
2026-08-25 19:47:00,0.059412420727312565
2026-08-25 19:48:00,0.059412420727312565
2026-08-25 19:49:00,0.059412420727312565
2026-08-25 19:50:00,0.05722965486347675
2026-08-25 19:51:00,0.05722965486347675
2026-08-25 19:52:00,0.05722965486347675
2026-08-25 19:53:00,0.05722965486347675
2026-08-25 19:54:00,0.05722965486347675
2026-08-25 19:55:00,0.05395617987960577
2026-08-25 19:56:00,0.05395617987960577
2026-08-25 19:57:00,0.05395617987960577
2026-08-25 19:58:00,0.05395617987960577
2026-08-25 19:59:00,0.05395617987960577
2026-08-25 20:00:00,0.05001681949943304
2026-08-25 20:01:00,0.05001681949943304
2026-08-25 20:02:00,0.05001681949943304
2026-08-25 20:03:00,0.05001681949943304
2026-08-25 20:04:00,0.05001681949943304
2026-08-25 20:05:00,0.0472138486802578
2026-08-25 20:06:00,0.0472138486802578
2026-08-25 20:07:00,0.0472138486802578
2026-08-25 20:08:00,0.0472138486802578
2026-08-25 20:09:00,0.0472138486802578
2026-08-25 20:10:00,0.04608408734202385
2026-08-25 20:11:00,0.04608408734202385
2026-08-25 20:12:00,0.04608408734202385
2026-08-25 20:13:00,0.04608408734202385
2026-08-25 20:14:00,0.04608408734202385
2026-08-25 20:15:00,0.046390093863010406
2026-08-25 20:16:00,0.046390093863010406
2026-08-25 20:17:00,0.046390093863010406
2026-08-25 20:18:00,0.046390093863010406
2026-08-25 20:19:00,0.046390093863010406
2026-08-25 20:20:00,0.04811958875507116
2026-08-25 20:21:00,0.04811958875507116
2026-08-25 20:22:00,0.04811958875507116
2026-08-25 20:23:00,0.04811958875507116
2026-08-25 20:24:00,0.04811958875507116
2026-08-25 20:25:00,0.051525142043828964
2026-08-25 20:26:00,0.051525142043828964
2026-08-25 20:27:00,0.051525142043828964
2026-08-25 20:28:00,0.051525142043828964
2026-08-25 20:29:00,0.051525142043828964
2026-08-25 20:30:00,0.05289270728826523
2026-08-25 20:31:00,0.05289270728826523
2026-08-25 20:32:00,0.05289270728826523
2026-08-25 20:33:00,0.05289270728826523
2026-08-25 20:34:00,0.05289270728826523
2026-08-25 20:35:00,0.05426264926791191
2026-08-25 20:36:00,0.05426264926791191
2026-08-25 20:37:00,0.05426264926791191
2026-08-25 20:38:00,0.05426264926791191
2026-08-25 20:39:00,0.05426264926791191
2026-08-25 20:40:00,0.054191737435758114
2026-08-25 20:41:00,0.054191737435758114
2026-08-25 20:42:00,0.054191737435758114
2026-08-25 20:43:00,0.054191737435758114
2026-08-25 20:44:00,0.054191737435758114
2026-08-25 20:45:00,0.05642601568251848
2026-08-25 20:46:00,0.05642601568251848
2026-08-25 20:47:00,0.05642601568251848
2026-08-25 20:48:00,0.05642601568251848
2026-08-25 20:49:00,0.05642601568251848
2026-08-25 20:50:00,0.06032403465360403
2026-08-25 20:51:00,0.06032403465360403
2026-08-25 20:52:00,0.06032403465360403
2026-08-25 20:53:00,0.06032403465360403
2026-08-25 20:54:00,0.06032403465360403
2026-08-25 20:55:00,0.06523715704679489
2026-08-25 20:56:00,0.06523715704679489
2026-08-25 20:57:00,0.06523715704679489
2026-08-25 20:58:00,0.06523715704679489
2026-08-25 20:59:00,0.06523715704679489
2026-08-25 21:00:00,0.06963899731636047
2026-08-25 21:01:00,0.06963899731636047
2026-08-25 21:02:00,0.06963899731636047
2026-08-25 21:03:00,0.06963899731636047
2026-08-25 21:04:00,0.06963899731636047
2026-08-25 21:05:00,0.06665742956101894
2026-08-25 21:06:00,0.06665742956101894
2026-08-25 21:07:00,0.06665742956101894
2026-08-25 21:08:00,0.06665742956101894
2026-08-25 21:09:00,0.06665742956101894
2026-08-25 21:10:00,0.0628584111109376
2026-08-25 21:11:00,0.0628584111109376
2026-08-25 21:12:00,0.0628584111109376
2026-08-25 21:13:00,0.0628584111109376
2026-08-25 21:14:00,0.0628584111109376
2026-08-25 21:15:00,0.05651848576962948
2026-08-25 21:16:00,0.05651848576962948
2026-08-25 21:17:00,0.05651848576962948
2026-08-25 21:18:00,0.05651848576962948
2026-08-25 21:19:00,0.05651848576962948
2026-08-25 21:20:00,0.052555554546415806
2026-08-25 21:21:00,0.052555554546415806
2026-08-25 21:22:00,0.052555554546415806
2026-08-25 21:23:00,0.052555554546415806
2026-08-25 21:24:00,0.052555554546415806
2026-08-25 21:25:00,0.05349890049546957
2026-08-25 21:26:00,0.05349890049546957
2026-08-25 21:27:00,0.05349890049546957
2026-08-25 21:28:00,0.05349890049546957
2026-08-25 21:29:00,0.05349890049546957
2026-08-25 21:30:00,0.058177098631858826
2026-08-25 21:31:00,0.058177098631858826
2026-08-25 21:32:00,0.058177098631858826
2026-08-25 21:33:00,0.058177098631858826
2026-08-25 21:34:00,0.058177098631858826
2026-08-25 21:35:00,0.06391416024416685
2026-08-25 21:36:00,0.06391416024416685
2026-08-25 21:37:00,0.06391416024416685
2026-08-25 21:38:00,0.06391416024416685
2026-08-25 21:39:00,0.06391416024416685
2026-08-25 21:40:00,0.0649312399327755
2026-08-25 21:41:00,0.0649312399327755
2026-08-25 21:42:00,0.0649312399327755
2026-08-25 21:43:00,0.0649312399327755
2026-08-25 21:44:00,0.0649312399327755
2026-08-25 21:45:00,0.0693659745156765
2026-08-25 21:46:00,0.0693659745156765
2026-08-25 21:47:00,0.0693659745156765
2026-08-25 21:48:00,0.0693659745156765
2026-08-25 21:49:00,0.0693659745156765
2026-08-25 21:50:00,0.06696884334087372
2026-08-25 21:51:00,0.06696884334087372
2026-08-25 21:52:00,0.06696884334087372
2026-08-25 21:53:00,0.06696884334087372
2026-08-25 21:54:00,0.06696884334087372
2026-08-25 21:55:00,0.059130060486495495
2026-08-25 21:56:00,0.059130060486495495
2026-08-25 21:57:00,0.059130060486495495
2026-08-25 21:58:00,0.059130060486495495
2026-08-25 21:59:00,0.059130060486495495
2026-08-25 22:00:00,0.05467116180807352
2026-08-25 22:01:00,0.05467116180807352
2026-08-25 22:02:00,0.05467116180807352
2026-08-25 22:03:00,0.05467116180807352
2026-08-25 22:04:00,0.05467116180807352
2026-08-25 22:05:00,0.048098993487656116
2026-08-25 22:06:00,0.048098993487656116
2026-08-25 22:07:00,0.048098993487656116
2026-08-25 22:08:00,0.048098993487656116
2026-08-25 22:09:00,0.048098993487656116
2026-08-25 22:10:00,0.04610096290707588
2026-08-25 22:11:00,0.04610096290707588
2026-08-25 22:12:00,0.04610096290707588
2026-08-25 22:13:00,0.04610096290707588
2026-08-25 22:14:00,0.04610096290707588
2026-08-25 22:15:00,0.050251392647624016
2026-08-25 22:16:00,0.050251392647624016
2026-08-25 22:17:00,0.050251392647624016
2026-08-25 22:18:00,0.050251392647624016
2026-08-25 22:19:00,0.050251392647624016
2026-08-25 22:20:00,0.05318219028413296
2026-08-25 22:21:00,0.05318219028413296
2026-08-25 22:22:00,0.05318219028413296
2026-08-25 22:23:00,0.05318219028413296
2026-08-25 22:24:00,0.05318219028413296
2026-08-25 22:25:00,0.05788726732134819
2026-08-25 22:26:00,0.05788726732134819
2026-08-25 22:27:00,0.05788726732134819
2026-08-25 22:28:00,0.05788726732134819
2026-08-25 22:29:00,0.05788726732134819
2026-08-25 22:30:00,0.06062671262770891
2026-08-25 22:31:00,0.06062671262770891
2026-08-25 22:32:00,0.06062671262770891
2026-08-25 22:33:00,0.06062671262770891
2026-08-25 22:34:00,0.06062671262770891
2026-08-25 22:35:00,0.06296126917004585
2026-08-25 22:36:00,0.06296126917004585
2026-08-25 22:37:00,0.06296126917004585
2026-08-25 22:38:00,0.06296126917004585
2026-08-25 22:39:00,0.06296126917004585
2026-08-25 22:40:00,0.06476073898375034
2026-08-25 22:41:00,0.06476073898375034
2026-08-25 22:42:00,0.06476073898375034
2026-08-25 22:43:00,0.06476073898375034
2026-08-25 22:44:00,0.06476073898375034
2026-08-25 22:45:00,0.06197581347078085
2026-08-25 22:46:00,0.06197581347078085
2026-08-25 22:47:00,0.06197581347078085
2026-08-25 22:48:00,0.06197581347078085
2026-08-25 22:49:00,0.06197581347078085
2026-08-25 22:50:00,0.06169677060097456
2026-08-25 22:51:00,0.06169677060097456
2026-08-25 22:52:00,0.06169677060097456
2026-08-25 22:53:00,0.06169677060097456
2026-08-25 22:54:00,0.06169677060097456
2026-08-25 22:55:00,0.06087630521506071
2026-08-25 22:56:00,0.06087630521506071
2026-08-25 22:57:00,0.06087630521506071
2026-08-25 22:58:00,0.06087630521506071
2026-08-25 22:59:00,0.06087630521506071
2026-08-25 23:00:00,0.061655943281948566
2026-08-25 23:01:00,0.061655943281948566
2026-08-25 23:02:00,0.061655943281948566
2026-08-25 23:03:00,0.061655943281948566
2026-08-25 23:04:00,0.061655943281948566
2026-08-25 23:05:00,0.06079516466706991
2026-08-25 23:06:00,0.06079516466706991
2026-08-25 23:07:00,0.06079516466706991
2026-08-25 23:08:00,0.06079516466706991
2026-08-25 23:09:00,0.06079516466706991
2026-08-25 23:10:00,0.05696171522140503
2026-08-25 23:11:00,0.05696171522140503
2026-08-25 23:12:00,0.05696171522140503
2026-08-25 23:13:00,0.05696171522140503
2026-08-25 23:14:00,0.05696171522140503
2026-08-25 23:15:00,0.0556104127317667
2026-08-25 23:16:00,0.0556104127317667
2026-08-25 23:17:00,0.0556104127317667
2026-08-25 23:18:00,0.0556104127317667
2026-08-25 23:19:00,0.0556104127317667
2026-08-25 23:20:00,0.0570016223937273
2026-08-25 23:21:00,0.0570016223937273
2026-08-25 23:22:00,0.0570016223937273
2026-08-25 23:23:00,0.0570016223937273
2026-08-25 23:24:00,0.0570016223937273
2026-08-25 23:25:00,0.06456270348280668
2026-08-25 23:26:00,0.06456270348280668
2026-08-25 23:27:00,0.06456270348280668
2026-08-25 23:28:00,0.06456270348280668
2026-08-25 23:29:00,0.06456270348280668
2026-08-25 23:30:00,0.07433770410716534
2026-08-25 23:31:00,0.07433770410716534
2026-08-25 23:32:00,0.07433770410716534
2026-08-25 23:33:00,0.07433770410716534
2026-08-25 23:34:00,0.07433770410716534
2026-08-25 23:35:00,0.07858800329267979
2026-08-25 23:36:00,0.07858800329267979
2026-08-25 23:37:00,0.07858800329267979
2026-08-25 23:38:00,0.07858800329267979
2026-08-25 23:39:00,0.07858800329267979
2026-08-25 23:40:00,0.07801015675067902
2026-08-25 23:41:00,0.07801015675067902
2026-08-25 23:42:00,0.07801015675067902
2026-08-25 23:43:00,0.07801015675067902
2026-08-25 23:44:00,0.07801015675067902
2026-08-25 23:45:00,0.07154862768948078
2026-08-25 23:46:00,0.07154862768948078
2026-08-25 23:47:00,0.07154862768948078
2026-08-25 23:48:00,0.07154862768948078
2026-08-25 23:49:00,0.07154862768948078
2026-08-25 23:50:00,0.06326537020504475
2026-08-25 23:51:00,0.06326537020504475
2026-08-25 23:52:00,0.06326537020504475
2026-08-25 23:53:00,0.06326537020504475
2026-08-25 23:54:00,0.06326537020504475
2026-08-25 23:55:00,0.05831140745431185
2026-08-25 23:56:00,0.05831140745431185
2026-08-25 23:57:00,0.05831140745431185
2026-08-25 23:58:00,0.05831140745431185
2026-08-25 23:59:00,0.05831140745431185
2026-08-26 00:00:00,0.058832875452935696
2026-08-26 00:01:00,0.058832875452935696
2026-08-26 00:02:00,0.058832875452935696
2026-08-26 00:03:00,0.058832875452935696
2026-08-26 00:04:00,0.058832875452935696
2026-08-26 00:05:00,0.063154854811728
2026-08-26 00:06:00,0.063154854811728
2026-08-26 00:07:00,0.063154854811728
2026-08-26 00:08:00,0.063154854811728
2026-08-26 00:09:00,0.063154854811728
2026-08-26 00:10:00,0.06539535336196423
2026-08-26 00:11:00,0.06539535336196423
2026-08-26 00:12:00,0.06539535336196423
2026-08-26 00:13:00,0.06539535336196423
2026-08-26 00:14:00,0.06539535336196423
2026-08-26 00:15:00,0.06647885218262672
2026-08-26 00:16:00,0.06647885218262672
2026-08-26 00:17:00,0.06647885218262672
2026-08-26 00:18:00,0.06647885218262672
2026-08-26 00:19:00,0.06647885218262672
2026-08-26 00:20:00,0.06285753194242716
2026-08-26 00:21:00,0.06285753194242716
2026-08-26 00:22:00,0.06285753194242716
2026-08-26 00:23:00,0.06285753194242716
2026-08-26 00:24:00,0.06285753194242716
2026-08-26 00:25:00,0.06021062005311251
2026-08-26 00:26:00,0.06021062005311251
2026-08-26 00:27:00,0.06021062005311251
2026-08-26 00:28:00,0.06021062005311251
2026-08-26 00:29:00,0.06021062005311251
2026-08-26 00:30:00,0.05842216871678829
2026-08-26 00:31:00,0.05842216871678829
2026-08-26 00:32:00,0.05842216871678829
2026-08-26 00:33:00,0.05842216871678829
2026-08-26 00:34:00,0.05842216871678829
2026-08-26 00:35:00,0.05633742641657591
2026-08-26 00:36:00,0.05633742641657591
2026-08-26 00:37:00,0.05633742641657591
2026-08-26 00:38:00,0.05633742641657591
2026-08-26 00:39:00,0.05633742641657591
2026-08-26 00:40:00,0.054366366006433964
2026-08-26 00:41:00,0.054366366006433964
2026-08-26 00:42:00,0.054366366006433964
2026-08-26 00:43:00,0.054366366006433964
2026-08-26 00:44:00,0.054366366006433964
2026-08-26 00:45:00,0.050118329003453255
2026-08-26 00:46:00,0.050118329003453255
2026-08-26 00:47:00,0.050118329003453255
2026-08-26 00:48:00,0.050118329003453255
2026-08-26 00:49:00,0.050118329003453255
2026-08-26 00:50:00,0.04898766987025738
2026-08-26 00:51:00,0.04898766987025738
2026-08-26 00:52:00,0.04898766987025738
2026-08-26 00:53:00,0.04898766987025738
2026-08-26 00:54:00,0.04898766987025738
2026-08-26 00:55:00,0.04762952961027622
2026-08-26 00:56:00,0.04762952961027622
2026-08-26 00:57:00,0.04762952961027622
2026-08-26 00:58:00,0.04762952961027622
2026-08-26 00:59:00,0.04762952961027622
2026-08-26 01:00:00,0.12582168634980917
2026-08-26 01:01:00,0.12582168634980917
2026-08-26 01:02:00,0.12582168634980917
2026-08-26 01:03:00,0.12582168634980917
2026-08-26 01:04:00,0.12582168634980917
2026-08-26 01:05:00,0.22332167997956276
2026-08-26 01:06:00,0.22332167997956276
2026-08-26 01:07:00,0.22332167997956276
2026-08-26 01:08:00,0.22332167997956276
2026-08-26 01:09:00,0.22332167997956276
2026-08-26 01:10:00,0.31988906115293503
2026-08-26 01:11:00,0.31988906115293503
2026-08-26 01:12:00,0.31988906115293503
2026-08-26 01:13:00,0.31988906115293503
2026-08-26 01:14:00,0.31988906115293503
2026-08-26 01:15:00,0.4180009961128235
2026-08-26 01:16:00,0.4180009961128235
2026-08-26 01:17:00,0.4180009961128235
2026-08-26 01:18:00,0.4180009961128235
2026-08-26 01:19:00,0.4180009961128235
2026-08-26 01:20:00,0.3819119408726692
2026-08-26 01:21:00,0.3819119408726692
2026-08-26 01:22:00,0.3819119408726692
2026-08-26 01:23:00,0.3819119408726692
2026-08-26 01:24:00,0.3819119408726692
2026-08-26 01:25:00,0.29184684343636036
2026-08-26 01:26:00,0.29184684343636036
2026-08-26 01:27:00,0.29184684343636036
2026-08-26 01:28:00,0.29184684343636036
2026-08-26 01:29:00,0.29184684343636036
2026-08-26 01:30:00,0.20211775228381157
2026-08-26 01:31:00,0.20211775228381157
2026-08-26 01:32:00,0.20211775228381157
2026-08-26 01:33:00,0.20211775228381157
2026-08-26 01:34:00,0.20211775228381157
2026-08-26 01:35:00,0.1132161058485508
2026-08-26 01:36:00,0.1132161058485508
2026-08-26 01:37:00,0.1132161058485508
2026-08-26 01:38:00,0.1132161058485508
2026-08-26 01:39:00,0.1132161058485508
2026-08-26 01:40:00,0.08199756406247616
2026-08-26 01:41:00,0.08199756406247616
2026-08-26 01:42:00,0.08199756406247616
2026-08-26 01:43:00,0.08199756406247616
2026-08-26 01:44:00,0.08199756406247616
2026-08-26 01:45:00,0.08414267562329769
2026-08-26 01:46:00,0.08414267562329769
2026-08-26 01:47:00,0.08414267562329769
2026-08-26 01:48:00,0.08414267562329769
2026-08-26 01:49:00,0.08414267562329769
2026-08-26 01:50:00,0.08683835156261921
2026-08-26 01:51:00,0.08683835156261921
2026-08-26 01:52:00,0.08683835156261921
2026-08-26 01:53:00,0.08683835156261921
2026-08-26 01:54:00,0.08683835156261921
2026-08-26 01:55:00,0.08336985670030117
2026-08-26 01:56:00,0.08336985670030117
2026-08-26 01:57:00,0.08336985670030117
2026-08-26 01:58:00,0.08336985670030117
2026-08-26 01:59:00,0.08336985670030117
2026-08-26 02:00:00,0.07873102463781834
2026-08-26 02:01:00,0.07873102463781834
2026-08-26 02:02:00,0.07873102463781834
2026-08-26 02:03:00,0.07873102463781834
2026-08-26 02:04:00,0.07873102463781834
2026-08-26 02:05:00,0.07341414783149958
2026-08-26 02:06:00,0.07341414783149958
2026-08-26 02:07:00,0.07341414783149958
2026-08-26 02:08:00,0.07341414783149958
2026-08-26 02:09:00,0.07341414783149958
2026-08-26 02:10:00,0.06758498679846525
2026-08-26 02:11:00,0.06758498679846525
2026-08-26 02:12:00,0.06758498679846525
2026-08-26 02:13:00,0.06758498679846525
2026-08-26 02:14:00,0.06758498679846525
2026-08-26 02:15:00,0.06725890096276999
2026-08-26 02:16:00,0.06725890096276999
2026-08-26 02:17:00,0.06725890096276999
2026-08-26 02:18:00,0.06725890096276999
2026-08-26 02:19:00,0.06725890096276999
2026-08-26 02:20:00,0.062272801995277405
2026-08-26 02:21:00,0.062272801995277405
2026-08-26 02:22:00,0.062272801995277405
2026-08-26 02:23:00,0.062272801995277405
2026-08-26 02:24:00,0.062272801995277405
2026-08-26 02:25:00,0.061041027307510376
2026-08-26 02:26:00,0.061041027307510376
2026-08-26 02:27:00,0.061041027307510376
2026-08-26 02:28:00,0.061041027307510376
2026-08-26 02:29:00,0.061041027307510376
2026-08-26 02:30:00,0.05802447535097599
2026-08-26 02:31:00,0.05802447535097599
2026-08-26 02:32:00,0.05802447535097599
2026-08-26 02:33:00,0.05802447535097599
2026-08-26 02:34:00,0.05802447535097599
2026-08-26 02:35:00,0.05417357664555311
2026-08-26 02:36:00,0.05417357664555311
2026-08-26 02:37:00,0.05417357664555311
2026-08-26 02:38:00,0.05417357664555311
2026-08-26 02:39:00,0.05417357664555311
2026-08-26 02:40:00,0.05449516046792269
2026-08-26 02:41:00,0.05449516046792269
2026-08-26 02:42:00,0.05449516046792269
2026-08-26 02:43:00,0.05449516046792269
2026-08-26 02:44:00,0.05449516046792269
2026-08-26 02:45:00,0.05358245316892862
2026-08-26 02:46:00,0.05358245316892862
2026-08-26 02:47:00,0.05358245316892862
2026-08-26 02:48:00,0.05358245316892862
2026-08-26 02:49:00,0.05358245316892862
2026-08-26 02:50:00,0.05473474878817797
2026-08-26 02:51:00,0.05473474878817797
2026-08-26 02:52:00,0.05473474878817797
2026-08-26 02:53:00,0.05473474878817797
2026-08-26 02:54:00,0.05473474878817797
2026-08-26 02:55:00,0.05673310440033674
2026-08-26 02:56:00,0.05673310440033674
2026-08-26 02:57:00,0.05673310440033674
2026-08-26 02:58:00,0.05673310440033674
2026-08-26 02:59:00,0.05673310440033674
2026-08-26 03:00:00,0.057417274452745914
2026-08-26 03:01:00,0.057417274452745914
2026-08-26 03:02:00,0.057417274452745914
2026-08-26 03:03:00,0.057417274452745914
2026-08-26 03:04:00,0.057417274452745914
2026-08-26 03:05:00,0.05777285899966955
2026-08-26 03:06:00,0.05777285899966955
2026-08-26 03:07:00,0.05777285899966955
2026-08-26 03:08:00,0.05777285899966955
2026-08-26 03:09:00,0.05777285899966955
2026-08-26 03:10:00,0.056186072528362274
2026-08-26 03:11:00,0.056186072528362274
2026-08-26 03:12:00,0.056186072528362274
2026-08-26 03:13:00,0.056186072528362274
2026-08-26 03:14:00,0.056186072528362274
2026-08-26 03:15:00,0.054710336960852146
2026-08-26 03:16:00,0.054710336960852146
2026-08-26 03:17:00,0.054710336960852146
2026-08-26 03:18:00,0.054710336960852146
2026-08-26 03:19:00,0.054710336960852146
2026-08-26 03:20:00,0.18471203930675983
2026-08-26 03:21:00,0.18471203930675983
2026-08-26 03:22:00,0.18471203930675983
2026-08-26 03:23:00,0.18471203930675983
2026-08-26 03:24:00,0.18471203930675983
2026-08-26 03:25:00,0.31514162477105856
2026-08-26 03:26:00,0.31514162477105856
2026-08-26 03:27:00,0.31514162477105856
2026-08-26 03:28:00,0.31514162477105856
2026-08-26 03:29:00,0.31514162477105856
2026-08-26 03:30:00,0.44760507345199585
2026-08-26 03:31:00,0.44760507345199585
2026-08-26 03:32:00,0.44760507345199585
2026-08-26 03:33:00,0.44760507345199585
2026-08-26 03:34:00,0.44760507345199585
2026-08-26 03:35:00,0.5780801326036453
2026-08-26 03:36:00,0.5780801326036453
2026-08-26 03:37:00,0.5780801326036453
2026-08-26 03:38:00,0.5780801326036453
2026-08-26 03:39:00,0.5780801326036453
2026-08-26 03:40:00,0.45187884755432606
2026-08-26 03:41:00,0.45187884755432606
2026-08-26 03:42:00,0.45187884755432606
2026-08-26 03:43:00,0.45187884755432606
2026-08-26 03:44:00,0.45187884755432606
2026-08-26 03:45:00,0.32604785077273846
2026-08-26 03:46:00,0.32604785077273846
2026-08-26 03:47:00,0.32604785077273846
2026-08-26 03:48:00,0.32604785077273846
2026-08-26 03:49:00,0.32604785077273846
2026-08-26 03:50:00,0.19790662825107574
2026-08-26 03:51:00,0.19790662825107574
2026-08-26 03:52:00,0.19790662825107574
2026-08-26 03:53:00,0.19790662825107574
2026-08-26 03:54:00,0.19790662825107574
2026-08-26 03:55:00,0.06923461705446243
2026-08-26 03:56:00,0.06923461705446243
2026-08-26 03:57:00,0.06923461705446243
2026-08-26 03:58:00,0.06923461705446243
2026-08-26 03:59:00,0.06923461705446243
2026-08-26 04:00:00,0.06715934909880161
2026-08-26 04:01:00,0.06715934909880161
2026-08-26 04:02:00,0.06715934909880161
2026-08-26 04:03:00,0.06715934909880161
2026-08-26 04:04:00,0.06715934909880161
2026-08-26 04:05:00,0.06582760624587536
2026-08-26 04:06:00,0.06582760624587536
2026-08-26 04:07:00,0.06582760624587536
2026-08-26 04:08:00,0.06582760624587536
2026-08-26 04:09:00,0.06582760624587536
2026-08-26 04:10:00,0.06661490350961685
2026-08-26 04:11:00,0.06661490350961685
2026-08-26 04:12:00,0.06661490350961685
2026-08-26 04:13:00,0.06661490350961685
2026-08-26 04:14:00,0.06661490350961685
2026-08-26 04:15:00,0.07135693915188313
2026-08-26 04:16:00,0.07135693915188313
2026-08-26 04:17:00,0.07135693915188313
2026-08-26 04:18:00,0.07135693915188313
2026-08-26 04:19:00,0.07135693915188313
2026-08-26 04:20:00,0.07545655407011509
2026-08-26 04:21:00,0.07545655407011509
2026-08-26 04:22:00,0.07545655407011509
2026-08-26 04:23:00,0.07545655407011509
2026-08-26 04:24:00,0.07545655407011509
2026-08-26 04:25:00,0.0771503746509552
2026-08-26 04:26:00,0.0771503746509552
2026-08-26 04:27:00,0.0771503746509552
2026-08-26 04:28:00,0.0771503746509552
2026-08-26 04:29:00,0.0771503746509552
2026-08-26 04:30:00,0.07607890106737614
2026-08-26 04:31:00,0.07607890106737614
2026-08-26 04:32:00,0.07607890106737614
2026-08-26 04:33:00,0.07607890106737614
2026-08-26 04:34:00,0.07607890106737614
2026-08-26 04:35:00,0.07063736021518707
2026-08-26 04:36:00,0.07063736021518707
2026-08-26 04:37:00,0.07063736021518707
2026-08-26 04:38:00,0.07063736021518707
2026-08-26 04:39:00,0.07063736021518707
2026-08-26 04:40:00,0.06396383699029684
2026-08-26 04:41:00,0.06396383699029684
2026-08-26 04:42:00,0.06396383699029684
2026-08-26 04:43:00,0.06396383699029684
2026-08-26 04:44:00,0.06396383699029684
2026-08-26 04:45:00,0.05956474784761667
2026-08-26 04:46:00,0.05956474784761667
2026-08-26 04:47:00,0.05956474784761667
2026-08-26 04:48:00,0.05956474784761667
2026-08-26 04:49:00,0.05956474784761667
2026-08-26 04:50:00,0.05722819082438946
2026-08-26 04:51:00,0.05722819082438946
2026-08-26 04:52:00,0.05722819082438946
2026-08-26 04:53:00,0.05722819082438946
2026-08-26 04:54:00,0.05722819082438946
2026-08-26 04:55:00,0.05640886351466179
2026-08-26 04:56:00,0.05640886351466179
2026-08-26 04:57:00,0.05640886351466179
2026-08-26 04:58:00,0.05640886351466179
2026-08-26 04:59:00,0.05640886351466179
2026-08-26 05:00:00,0.05637889634817839
2026-08-26 05:01:00,0.05637889634817839
2026-08-26 05:02:00,0.05637889634817839
2026-08-26 05:03:00,0.05637889634817839
2026-08-26 05:04:00,0.05637889634817839
2026-08-26 05:05:00,0.05635064095258713
2026-08-26 05:06:00,0.05635064095258713
2026-08-26 05:07:00,0.05635064095258713
2026-08-26 05:08:00,0.05635064095258713
2026-08-26 05:09:00,0.05635064095258713
2026-08-26 05:10:00,0.06069119181483984
2026-08-26 05:11:00,0.06069119181483984
2026-08-26 05:12:00,0.06069119181483984
2026-08-26 05:13:00,0.06069119181483984
2026-08-26 05:14:00,0.06069119181483984
2026-08-26 05:15:00,0.06748371105641127
2026-08-26 05:16:00,0.06748371105641127
2026-08-26 05:17:00,0.06748371105641127
2026-08-26 05:18:00,0.06748371105641127
2026-08-26 05:19:00,0.06748371105641127
2026-08-26 05:20:00,0.3948056260123849
2026-08-26 05:21:00,0.3948056260123849
2026-08-26 05:22:00,0.3948056260123849
2026-08-26 05:23:00,0.3948056260123849
2026-08-26 05:24:00,0.3948056260123849
2026-08-26 05:25:00,0.7210811786353588
2026-08-26 05:26:00,0.7210811786353588
2026-08-26 05:27:00,0.7210811786353588
2026-08-26 05:28:00,0.7210811786353588
2026-08-26 05:29:00,0.7210811786353588
2026-08-26 05:30:00,1.0428755525499582
2026-08-26 05:31:00,1.0428755525499582
2026-08-26 05:32:00,1.0428755525499582
2026-08-26 05:33:00,1.0428755525499582
2026-08-26 05:34:00,1.0428755525499582
2026-08-26 05:35:00,1.3624050617218018
2026-08-26 05:36:00,1.3624050617218018
2026-08-26 05:37:00,1.3624050617218018
2026-08-26 05:38:00,1.3624050617218018
2026-08-26 05:39:00,1.3624050617218018
2026-08-26 05:40:00,1.0672179535031319
2026-08-26 05:41:00,1.0672179535031319
2026-08-26 05:42:00,1.0672179535031319
2026-08-26 05:43:00,1.0672179535031319
2026-08-26 05:44:00,1.0672179535031319
2026-08-26 05:45:00,0.7730623036623001
2026-08-26 05:46:00,0.7730623036623001
2026-08-26 05:47:00,0.7730623036623001
2026-08-26 05:48:00,0.7730623036623001
2026-08-26 05:49:00,0.7730623036623001
2026-08-26 05:50:00,0.47810474783182144
2026-08-26 05:51:00,0.47810474783182144
2026-08-26 05:52:00,0.47810474783182144
2026-08-26 05:53:00,0.47810474783182144
2026-08-26 05:54:00,0.47810474783182144
2026-08-26 05:55:00,0.18296239897608757
2026-08-26 05:56:00,0.18296239897608757
2026-08-26 05:57:00,0.18296239897608757
2026-08-26 05:58:00,0.18296239897608757
2026-08-26 05:59:00,0.18296239897608757
2026-08-26 06:00:00,0.39801791682839394
2026-08-26 06:01:00,0.39801791682839394
2026-08-26 06:02:00,0.39801791682839394
2026-08-26 06:03:00,0.39801791682839394
2026-08-26 06:04:00,0.39801791682839394
2026-08-26 06:05:00,0.6119686029851437
2026-08-26 06:06:00,0.6119686029851437
2026-08-26 06:07:00,0.6119686029851437
2026-08-26 06:08:00,0.6119686029851437
2026-08-26 06:09:00,0.6119686029851437
2026-08-26 06:10:00,0.8264416493475437
2026-08-26 06:11:00,0.8264416493475437
2026-08-26 06:12:00,0.8264416493475437
2026-08-26 06:13:00,0.8264416493475437
2026-08-26 06:14:00,0.8264416493475437
2026-08-26 06:15:00,1.040583223104477
2026-08-26 06:16:00,1.040583223104477
2026-08-26 06:17:00,1.040583223104477
2026-08-26 06:18:00,1.040583223104477
2026-08-26 06:19:00,1.040583223104477
2026-08-26 06:20:00,1.0519579946994781
2026-08-26 06:21:00,1.0519579946994781
2026-08-26 06:22:00,1.0519579946994781
2026-08-26 06:23:00,1.0519579946994781
2026-08-26 06:24:00,1.0519579946994781
2026-08-26 06:25:00,1.0642372965812683
2026-08-26 06:26:00,1.0642372965812683
2026-08-26 06:27:00,1.0642372965812683
2026-08-26 06:28:00,1.0642372965812683
2026-08-26 06:29:00,1.0642372965812683
2026-08-26 06:30:00,1.0776916146278381
2026-08-26 06:31:00,1.0776916146278381
2026-08-26 06:32:00,1.0776916146278381
2026-08-26 06:33:00,1.0776916146278381
2026-08-26 06:34:00,1.0776916146278381
2026-08-26 06:35:00,0.8648286536335945
2026-08-26 06:36:00,0.8648286536335945
2026-08-26 06:37:00,0.8648286536335945
2026-08-26 06:38:00,0.8648286536335945
2026-08-26 06:39:00,0.8648286536335945
2026-08-26 06:40:00,0.8654539957642555
2026-08-26 06:41:00,0.8654539957642555
2026-08-26 06:42:00,0.8654539957642555
2026-08-26 06:43:00,0.8654539957642555
2026-08-26 06:44:00,0.8654539957642555
2026-08-26 06:45:00,0.8653824403882027
2026-08-26 06:46:00,0.8653824403882027
2026-08-26 06:47:00,0.8653824403882027
2026-08-26 06:48:00,0.8653824403882027
2026-08-26 06:49:00,0.8653824403882027
2026-08-26 06:50:00,0.8641285076737404
2026-08-26 06:51:00,0.8641285076737404
2026-08-26 06:52:00,0.8641285076737404
2026-08-26 06:53:00,0.8641285076737404
2026-08-26 06:54:00,0.8641285076737404
2026-08-26 06:55:00,1.089922845363617
2026-08-26 06:56:00,1.089922845363617
2026-08-26 06:57:00,1.089922845363617
2026-08-26 06:58:00,1.089922845363617
2026-08-26 06:59:00,1.089922845363617
2026-08-26 07:00:00,0.8596149422228336
2026-08-26 07:01:00,0.8596149422228336
2026-08-26 07:02:00,0.8596149422228336
2026-08-26 07:03:00,0.8596149422228336
2026-08-26 07:04:00,0.8596149422228336
2026-08-26 07:05:00,0.6313178464770317
2026-08-26 07:06:00,0.6313178464770317
2026-08-26 07:07:00,0.6313178464770317
2026-08-26 07:08:00,0.6313178464770317
2026-08-26 07:09:00,0.6313178464770317
2026-08-26 07:10:00,0.40323252975940704
2026-08-26 07:11:00,0.40323252975940704
2026-08-26 07:12:00,0.40323252975940704
2026-08-26 07:13:00,0.40323252975940704
2026-08-26 07:14:00,0.40323252975940704
2026-08-26 07:15:00,0.17502698674798012
2026-08-26 07:16:00,0.17502698674798012
2026-08-26 07:17:00,0.17502698674798012
2026-08-26 07:18:00,0.17502698674798012
2026-08-26 07:19:00,0.17502698674798012
2026-08-26 07:20:00,0.1952611468732357
2026-08-26 07:21:00,0.1952611468732357
2026-08-26 07:22:00,0.1952611468732357
2026-08-26 07:23:00,0.1952611468732357
2026-08-26 07:24:00,0.1952611468732357
2026-08-26 07:25:00,0.21330471709370613
2026-08-26 07:26:00,0.21330471709370613
2026-08-26 07:27:00,0.21330471709370613
2026-08-26 07:28:00,0.21330471709370613
2026-08-26 07:29:00,0.21330471709370613
2026-08-26 07:30:00,0.43365567550063133
2026-08-26 07:31:00,0.43365567550063133
2026-08-26 07:32:00,0.43365567550063133
2026-08-26 07:33:00,0.43365567550063133
2026-08-26 07:34:00,0.43365567550063133
2026-08-26 07:35:00,0.6566136553883553
2026-08-26 07:36:00,0.6566136553883553
2026-08-26 07:37:00,0.6566136553883553
2026-08-26 07:38:00,0.6566136553883553
2026-08-26 07:39:00,0.6566136553883553
2026-08-26 07:40:00,0.8615982048213482
2026-08-26 07:41:00,0.8615982048213482
2026-08-26 07:42:00,0.8615982048213482
2026-08-26 07:43:00,0.8615982048213482
2026-08-26 07:44:00,0.8615982048213482
2026-08-26 07:45:00,1.0670126676559448
2026-08-26 07:46:00,1.0670126676559448
2026-08-26 07:47:00,1.0670126676559448
2026-08-26 07:48:00,1.0670126676559448
2026-08-26 07:49:00,1.0670126676559448
2026-08-26 07:50:00,1.0793945789337158
2026-08-26 07:51:00,1.0793945789337158
2026-08-26 07:52:00,1.0793945789337158
2026-08-26 07:53:00,1.0793945789337158
2026-08-26 07:54:00,1.0793945789337158
2026-08-26 07:55:00,1.1125814616680145
2026-08-26 07:56:00,1.1125814616680145
2026-08-26 07:57:00,1.1125814616680145
2026-08-26 07:58:00,1.1125814616680145
2026-08-26 07:59:00,1.1125814616680145
2026-08-26 08:00:00,1.1424267292022705
2026-08-26 08:01:00,1.1424267292022705
2026-08-26 08:02:00,1.1424267292022705
2026-08-26 08:03:00,1.1424267292022705
2026-08-26 08:04:00,1.1424267292022705
2026-08-26 08:05:00,1.1718458533287048
2026-08-26 08:06:00,1.1718458533287048
2026-08-26 08:07:00,1.1718458533287048
2026-08-26 08:08:00,1.1718458533287048
2026-08-26 08:09:00,1.1718458533287048
2026-08-26 08:10:00,1.1820657551288605
2026-08-26 08:11:00,1.1820657551288605
2026-08-26 08:12:00,1.1820657551288605
2026-08-26 08:13:00,1.1820657551288605
2026-08-26 08:14:00,1.1820657551288605
2026-08-26 08:15:00,1.1365865170955658
2026-08-26 08:16:00,1.1365865170955658
2026-08-26 08:17:00,1.1365865170955658
2026-08-26 08:18:00,1.1365865170955658
2026-08-26 08:19:00,1.1365865170955658
2026-08-26 08:20:00,0.9969017803668976
2026-08-26 08:21:00,0.9969017803668976
2026-08-26 08:22:00,0.9969017803668976
2026-08-26 08:23:00,0.9969017803668976
2026-08-26 08:24:00,0.9969017803668976
2026-08-26 08:25:00,0.7681193351745605
2026-08-26 08:26:00,0.7681193351745605
2026-08-26 08:27:00,0.7681193351745605
2026-08-26 08:28:00,0.7681193351745605
2026-08-26 08:29:00,0.7681193351745605
2026-08-26 08:30:00,0.5399413555860519
2026-08-26 08:31:00,0.5399413555860519
2026-08-26 08:32:00,0.5399413555860519
2026-08-26 08:33:00,0.5399413555860519
2026-08-26 08:34:00,0.5399413555860519
2026-08-26 08:35:00,0.34214305877685547
2026-08-26 08:36:00,0.34214305877685547
2026-08-26 08:37:00,0.34214305877685547
2026-08-26 08:38:00,0.34214305877685547
2026-08-26 08:39:00,0.34214305877685547
2026-08-26 08:40:00,0.2438480593264103
2026-08-26 08:41:00,0.2438480593264103
2026-08-26 08:42:00,0.2438480593264103
2026-08-26 08:43:00,0.2438480593264103
2026-08-26 08:44:00,0.2438480593264103
2026-08-26 08:45:00,0.2365628331899643
2026-08-26 08:46:00,0.2365628331899643
2026-08-26 08:47:00,0.2365628331899643
2026-08-26 08:48:00,0.2365628331899643
2026-08-26 08:49:00,0.2365628331899643
2026-08-26 08:50:00,0.21195515245199203
2026-08-26 08:51:00,0.21195515245199203
2026-08-26 08:52:00,0.21195515245199203
2026-08-26 08:53:00,0.21195515245199203
2026-08-26 08:54:00,0.21195515245199203
2026-08-26 08:55:00,0.18738314881920815
2026-08-26 08:56:00,0.18738314881920815
2026-08-26 08:57:00,0.18738314881920815
2026-08-26 08:58:00,0.18738314881920815
2026-08-26 08:59:00,0.18738314881920815
2026-08-26 09:00:00,0.15584847144782543
2026-08-26 09:01:00,0.15584847144782543
2026-08-26 09:02:00,0.15584847144782543
2026-08-26 09:03:00,0.15584847144782543
2026-08-26 09:04:00,0.15584847144782543
2026-08-26 09:05:00,0.11818358302116394
2026-08-26 09:06:00,0.11818358302116394
2026-08-26 09:07:00,0.11818358302116394
2026-08-26 09:08:00,0.11818358302116394
2026-08-26 09:09:00,0.11818358302116394
2026-08-26 09:10:00,0.1034842748194933
2026-08-26 09:11:00,0.1034842748194933
2026-08-26 09:12:00,0.1034842748194933
2026-08-26 09:13:00,0.1034842748194933
2026-08-26 09:14:00,0.1034842748194933
2026-08-26 09:15:00,0.08842024207115173
2026-08-26 09:16:00,0.08842024207115173
2026-08-26 09:17:00,0.08842024207115173
2026-08-26 09:18:00,0.08842024207115173
2026-08-26 09:19:00,0.08842024207115173
2026-08-26 09:20:00,0.0752381682395935
2026-08-26 09:21:00,0.0752381682395935
2026-08-26 09:22:00,0.0752381682395935
2026-08-26 09:23:00,0.0752381682395935
2026-08-26 09:24:00,0.0752381682395935
2026-08-26 09:25:00,0.06239847373217344
2026-08-26 09:26:00,0.06239847373217344
2026-08-26 09:27:00,0.06239847373217344
2026-08-26 09:28:00,0.06239847373217344
2026-08-26 09:29:00,0.06239847373217344
2026-08-26 09:30:00,0.3752765813842416
2026-08-26 09:31:00,0.3752765813842416
2026-08-26 09:32:00,0.3752765813842416
2026-08-26 09:33:00,0.3752765813842416
2026-08-26 09:34:00,0.3752765813842416
2026-08-26 09:35:00,0.6904714619740844
2026-08-26 09:36:00,0.6904714619740844
2026-08-26 09:37:00,0.6904714619740844
2026-08-26 09:38:00,0.6904714619740844
2026-08-26 09:39:00,0.6904714619740844
2026-08-26 09:40:00,1.008613103069365
2026-08-26 09:41:00,1.008613103069365
2026-08-26 09:42:00,1.008613103069365
2026-08-26 09:43:00,1.008613103069365
2026-08-26 09:44:00,1.008613103069365
2026-08-26 09:45:00,1.3308187127113342
2026-08-26 09:46:00,1.3308187127113342
2026-08-26 09:47:00,1.3308187127113342
2026-08-26 09:48:00,1.3308187127113342
2026-08-26 09:49:00,1.3308187127113342
2026-08-26 09:50:00,1.0563407950103283
2026-08-26 09:51:00,1.0563407950103283
2026-08-26 09:52:00,1.0563407950103283
2026-08-26 09:53:00,1.0563407950103283
2026-08-26 09:54:00,1.0563407950103283
2026-08-26 09:55:00,0.778995081782341
2026-08-26 09:56:00,0.778995081782341
2026-08-26 09:57:00,0.778995081782341
2026-08-26 09:58:00,0.778995081782341
2026-08-26 09:59:00,0.778995081782341
2026-08-26 10:00:00,0.500705149024725
2026-08-26 10:01:00,0.500705149024725
2026-08-26 10:02:00,0.500705149024725
2026-08-26 10:03:00,0.500705149024725
2026-08-26 10:04:00,0.500705149024725
2026-08-26 10:05:00,0.22202174365520477
2026-08-26 10:06:00,0.22202174365520477
2026-08-26 10:07:00,0.22202174365520477
2026-08-26 10:08:00,0.22202174365520477
2026-08-26 10:09:00,0.22202174365520477
2026-08-26 10:10:00,0.21652841567993164
2026-08-26 10:11:00,0.21652841567993164
2026-08-26 10:12:00,0.21652841567993164
2026-08-26 10:13:00,0.21652841567993164
2026-08-26 10:14:00,0.21652841567993164
2026-08-26 10:15:00,0.2152285799384117
2026-08-26 10:16:00,0.2152285799384117
2026-08-26 10:17:00,0.2152285799384117
2026-08-26 10:18:00,0.2152285799384117
2026-08-26 10:19:00,0.2152285799384117
2026-08-26 10:20:00,0.21336014941334724
2026-08-26 10:21:00,0.21336014941334724
2026-08-26 10:22:00,0.21336014941334724
2026-08-26 10:23:00,0.21336014941334724
2026-08-26 10:24:00,0.21336014941334724
2026-08-26 10:25:00,0.2117922566831112
2026-08-26 10:26:00,0.2117922566831112
2026-08-26 10:27:00,0.2117922566831112
2026-08-26 10:28:00,0.2117922566831112
2026-08-26 10:29:00,0.2117922566831112
2026-08-26 10:30:00,0.21118954569101334
2026-08-26 10:31:00,0.21118954569101334
2026-08-26 10:32:00,0.21118954569101334
2026-08-26 10:33:00,0.21118954569101334
2026-08-26 10:34:00,0.21118954569101334
2026-08-26 10:35:00,0.2096887081861496
2026-08-26 10:36:00,0.2096887081861496
2026-08-26 10:37:00,0.2096887081861496
2026-08-26 10:38:00,0.2096887081861496
2026-08-26 10:39:00,0.2096887081861496
2026-08-26 10:40:00,0.20870119705796242
2026-08-26 10:41:00,0.20870119705796242
2026-08-26 10:42:00,0.20870119705796242
2026-08-26 10:43:00,0.20870119705796242
2026-08-26 10:44:00,0.20870119705796242
2026-08-26 10:45:00,0.20649290829896927
2026-08-26 10:46:00,0.20649290829896927
2026-08-26 10:47:00,0.20649290829896927
2026-08-26 10:48:00,0.20649290829896927
2026-08-26 10:49:00,0.20649290829896927
2026-08-26 10:50:00,0.1695972178131342
2026-08-26 10:51:00,0.1695972178131342
2026-08-26 10:52:00,0.1695972178131342
2026-08-26 10:53:00,0.1695972178131342
2026-08-26 10:54:00,0.1695972178131342
2026-08-26 10:55:00,0.12970820348709822
2026-08-26 10:56:00,0.12970820348709822
2026-08-26 10:57:00,0.12970820348709822
2026-08-26 10:58:00,0.12970820348709822
2026-08-26 10:59:00,0.12970820348709822
2026-08-26 11:00:00,0.08959143795073032
2026-08-26 11:01:00,0.08959143795073032
2026-08-26 11:02:00,0.08959143795073032
2026-08-26 11:03:00,0.08959143795073032
2026-08-26 11:04:00,0.08959143795073032
2026-08-26 11:05:00,0.05076666735112667
2026-08-26 11:06:00,0.05076666735112667
2026-08-26 11:07:00,0.05076666735112667
2026-08-26 11:08:00,0.05076666735112667
2026-08-26 11:09:00,0.05076666735112667
2026-08-26 11:10:00,0.04832936357706785
2026-08-26 11:11:00,0.04832936357706785
2026-08-26 11:12:00,0.04832936357706785
2026-08-26 11:13:00,0.04832936357706785
2026-08-26 11:14:00,0.04832936357706785
2026-08-26 11:15:00,0.05116472579538822
2026-08-26 11:16:00,0.05116472579538822
2026-08-26 11:17:00,0.05116472579538822
2026-08-26 11:18:00,0.05116472579538822
2026-08-26 11:19:00,0.05116472579538822
2026-08-26 11:20:00,0.05356303136795759
2026-08-26 11:21:00,0.05356303136795759
2026-08-26 11:22:00,0.05356303136795759
2026-08-26 11:23:00,0.05356303136795759
2026-08-26 11:24:00,0.05356303136795759
2026-08-26 11:25:00,0.05520779546350241
2026-08-26 11:26:00,0.05520779546350241
2026-08-26 11:27:00,0.05520779546350241
2026-08-26 11:28:00,0.05520779546350241
2026-08-26 11:29:00,0.05520779546350241
2026-08-26 11:30:00,0.05535807088017464
2026-08-26 11:31:00,0.05535807088017464
2026-08-26 11:32:00,0.05535807088017464
2026-08-26 11:33:00,0.05535807088017464
2026-08-26 11:34:00,0.05535807088017464
2026-08-26 11:35:00,0.051407462917268276
2026-08-26 11:36:00,0.051407462917268276
2026-08-26 11:37:00,0.051407462917268276
2026-08-26 11:38:00,0.051407462917268276
2026-08-26 11:39:00,0.051407462917268276
2026-08-26 11:40:00,0.048321424052119255
2026-08-26 11:41:00,0.048321424052119255
2026-08-26 11:42:00,0.048321424052119255
2026-08-26 11:43:00,0.048321424052119255
2026-08-26 11:44:00,0.048321424052119255
2026-08-26 11:45:00,0.04657614044845104
2026-08-26 11:46:00,0.04657614044845104
2026-08-26 11:47:00,0.04657614044845104
2026-08-26 11:48:00,0.04657614044845104
2026-08-26 11:49:00,0.04657614044845104
2026-08-26 11:50:00,0.045614978298544884
2026-08-26 11:51:00,0.045614978298544884
2026-08-26 11:52:00,0.045614978298544884
2026-08-26 11:53:00,0.045614978298544884
2026-08-26 11:54:00,0.045614978298544884
2026-08-26 11:55:00,0.04591540899127722
2026-08-26 11:56:00,0.04591540899127722
2026-08-26 11:57:00,0.04591540899127722
2026-08-26 11:58:00,0.04591540899127722
2026-08-26 11:59:00,0.04591540899127722
2026-08-26 12:00:00,0.04814486484974623
2026-08-26 12:01:00,0.04814486484974623
2026-08-26 12:02:00,0.04814486484974623
2026-08-26 12:03:00,0.04814486484974623
2026-08-26 12:04:00,0.04814486484974623
2026-08-26 12:05:00,0.04794546216726303
2026-08-26 12:06:00,0.04794546216726303
2026-08-26 12:07:00,0.04794546216726303
2026-08-26 12:08:00,0.04794546216726303
2026-08-26 12:09:00,0.04794546216726303
2026-08-26 12:10:00,0.04742121882736683
2026-08-26 12:11:00,0.04742121882736683
2026-08-26 12:12:00,0.04742121882736683
2026-08-26 12:13:00,0.04742121882736683
2026-08-26 12:14:00,0.04742121882736683
2026-08-26 12:15:00,0.0499094408005476
2026-08-26 12:16:00,0.0499094408005476
2026-08-26 12:17:00,0.0499094408005476
2026-08-26 12:18:00,0.0499094408005476
2026-08-26 12:19:00,0.0499094408005476
2026-08-26 12:20:00,0.04891767166554928
2026-08-26 12:21:00,0.04891767166554928
2026-08-26 12:22:00,0.04891767166554928
2026-08-26 12:23:00,0.04891767166554928
2026-08-26 12:24:00,0.04891767166554928
2026-08-26 12:25:00,0.05048773251473904
2026-08-26 12:26:00,0.05048773251473904
2026-08-26 12:27:00,0.05048773251473904
2026-08-26 12:28:00,0.05048773251473904
2026-08-26 12:29:00,0.05048773251473904
2026-08-26 12:30:00,0.05259600933641195
2026-08-26 12:31:00,0.05259600933641195
2026-08-26 12:32:00,0.05259600933641195
2026-08-26 12:33:00,0.05259600933641195
2026-08-26 12:34:00,0.05259600933641195
2026-08-26 12:35:00,0.0498149823397398
2026-08-26 12:36:00,0.0498149823397398
2026-08-26 12:37:00,0.0498149823397398
2026-08-26 12:38:00,0.0498149823397398
2026-08-26 12:39:00,0.0498149823397398
2026-08-26 12:40:00,0.04948643874377012
2026-08-26 12:41:00,0.04948643874377012
2026-08-26 12:42:00,0.04948643874377012
2026-08-26 12:43:00,0.04948643874377012
2026-08-26 12:44:00,0.04948643874377012
2026-08-26 12:45:00,0.04945939593017101
2026-08-26 12:46:00,0.04945939593017101
2026-08-26 12:47:00,0.04945939593017101
2026-08-26 12:48:00,0.04945939593017101
2026-08-26 12:49:00,0.04945939593017101
2026-08-26 12:50:00,0.04908600356429815
2026-08-26 12:51:00,0.04908600356429815
2026-08-26 12:52:00,0.04908600356429815
2026-08-26 12:53:00,0.04908600356429815
2026-08-26 12:54:00,0.04908600356429815
2026-08-26 12:55:00,0.05054125562310219
2026-08-26 12:56:00,0.05054125562310219
2026-08-26 12:57:00,0.05054125562310219
2026-08-26 12:58:00,0.05054125562310219
2026-08-26 12:59:00,0.05054125562310219
2026-08-26 13:00:00,0.05163291748613119
2026-08-26 13:01:00,0.05163291748613119
2026-08-26 13:02:00,0.05163291748613119
2026-08-26 13:03:00,0.05163291748613119
2026-08-26 13:04:00,0.05163291748613119
2026-08-26 13:05:00,0.05253115762025118
2026-08-26 13:06:00,0.05253115762025118
2026-08-26 13:07:00,0.05253115762025118
2026-08-26 13:08:00,0.05253115762025118
2026-08-26 13:09:00,0.05253115762025118
2026-08-26 13:10:00,0.05654167104512453
2026-08-26 13:11:00,0.05654167104512453
2026-08-26 13:12:00,0.05654167104512453
2026-08-26 13:13:00,0.05654167104512453
2026-08-26 13:14:00,0.05654167104512453
2026-08-26 13:15:00,0.0653689680621028
2026-08-26 13:16:00,0.0653689680621028
2026-08-26 13:17:00,0.0653689680621028
2026-08-26 13:18:00,0.0653689680621028
2026-08-26 13:19:00,0.0653689680621028
2026-08-26 13:20:00,0.07666509039700031
2026-08-26 13:21:00,0.07666509039700031
2026-08-26 13:22:00,0.07666509039700031
2026-08-26 13:23:00,0.07666509039700031
2026-08-26 13:24:00,0.07666509039700031
2026-08-26 13:25:00,0.08558748662471771
2026-08-26 13:26:00,0.08558748662471771
2026-08-26 13:27:00,0.08558748662471771
2026-08-26 13:28:00,0.08558748662471771
2026-08-26 13:29:00,0.08558748662471771
2026-08-26 13:30:00,0.08766236528754234
2026-08-26 13:31:00,0.08766236528754234
2026-08-26 13:32:00,0.08766236528754234
2026-08-26 13:33:00,0.08766236528754234
2026-08-26 13:34:00,0.08766236528754234
2026-08-26 13:35:00,0.08113324176520109
2026-08-26 13:36:00,0.08113324176520109
2026-08-26 13:37:00,0.08113324176520109
2026-08-26 13:38:00,0.08113324176520109
2026-08-26 13:39:00,0.08113324176520109
2026-08-26 13:40:00,0.07639000657945871
2026-08-26 13:41:00,0.07639000657945871
2026-08-26 13:42:00,0.07639000657945871
2026-08-26 13:43:00,0.07639000657945871
2026-08-26 13:44:00,0.07639000657945871
2026-08-26 13:45:00,0.07080198731273413
2026-08-26 13:46:00,0.07080198731273413
2026-08-26 13:47:00,0.07080198731273413
2026-08-26 13:48:00,0.07080198731273413
2026-08-26 13:49:00,0.07080198731273413
2026-08-26 13:50:00,0.06733581516891718
2026-08-26 13:51:00,0.06733581516891718
2026-08-26 13:52:00,0.06733581516891718
2026-08-26 13:53:00,0.06733581516891718
2026-08-26 13:54:00,0.06733581516891718
2026-08-26 13:55:00,0.07042611949145794
2026-08-26 13:56:00,0.07042611949145794
2026-08-26 13:57:00,0.07042611949145794
2026-08-26 13:58:00,0.07042611949145794
2026-08-26 13:59:00,0.07042611949145794
2026-08-26 14:00:00,0.06996065750718117
2026-08-26 14:01:00,0.06996065750718117
2026-08-26 14:02:00,0.06996065750718117
2026-08-26 14:03:00,0.06996065750718117
2026-08-26 14:04:00,0.06996065750718117
2026-08-26 14:05:00,0.07022491469979286
2026-08-26 14:06:00,0.07022491469979286
2026-08-26 14:07:00,0.07022491469979286
2026-08-26 14:08:00,0.07022491469979286
2026-08-26 14:09:00,0.07022491469979286
2026-08-26 14:10:00,0.07504159957170486
2026-08-26 14:11:00,0.07504159957170486
2026-08-26 14:12:00,0.07504159957170486
2026-08-26 14:13:00,0.07504159957170486
2026-08-26 14:14:00,0.07504159957170486
2026-08-26 14:15:00,0.0767597146332264
2026-08-26 14:16:00,0.0767597146332264
2026-08-26 14:17:00,0.0767597146332264
2026-08-26 14:18:00,0.0767597146332264
2026-08-26 14:19:00,0.0767597146332264
2026-08-26 14:20:00,0.07459026761353016
2026-08-26 14:21:00,0.07459026761353016
2026-08-26 14:22:00,0.07459026761353016
2026-08-26 14:23:00,0.07459026761353016
2026-08-26 14:24:00,0.07459026761353016
2026-08-26 14:25:00,0.0724456962198019
2026-08-26 14:26:00,0.0724456962198019
2026-08-26 14:27:00,0.0724456962198019
2026-08-26 14:28:00,0.0724456962198019
2026-08-26 14:29:00,0.0724456962198019
2026-08-26 14:30:00,0.06581344828009605
2026-08-26 14:31:00,0.06581344828009605
2026-08-26 14:32:00,0.06581344828009605
2026-08-26 14:33:00,0.06581344828009605
2026-08-26 14:34:00,0.06581344828009605
2026-08-26 14:35:00,0.05963361915200949
2026-08-26 14:36:00,0.05963361915200949
2026-08-26 14:37:00,0.05963361915200949
2026-08-26 14:38:00,0.05963361915200949
2026-08-26 14:39:00,0.05963361915200949
2026-08-26 14:40:00,0.05687146633863449
2026-08-26 14:41:00,0.05687146633863449
2026-08-26 14:42:00,0.05687146633863449
2026-08-26 14:43:00,0.05687146633863449
2026-08-26 14:44:00,0.05687146633863449
2026-08-26 14:45:00,0.05665362998843193
2026-08-26 14:46:00,0.05665362998843193
2026-08-26 14:47:00,0.05665362998843193
2026-08-26 14:48:00,0.05665362998843193
2026-08-26 14:49:00,0.05665362998843193
2026-08-26 14:50:00,0.056320625357329845
2026-08-26 14:51:00,0.056320625357329845
2026-08-26 14:52:00,0.056320625357329845
2026-08-26 14:53:00,0.056320625357329845
2026-08-26 14:54:00,0.056320625357329845
2026-08-26 14:55:00,0.057141159661114216
2026-08-26 14:56:00,0.057141159661114216
2026-08-26 14:57:00,0.057141159661114216
2026-08-26 14:58:00,0.057141159661114216
2026-08-26 14:59:00,0.057141159661114216
2026-08-26 15:00:00,0.05526035651564598
2026-08-26 15:01:00,0.05526035651564598
2026-08-26 15:02:00,0.05526035651564598
2026-08-26 15:03:00,0.05526035651564598
2026-08-26 15:04:00,0.05526035651564598
2026-08-26 15:05:00,0.053909276612102985
2026-08-26 15:06:00,0.053909276612102985
2026-08-26 15:07:00,0.053909276612102985
2026-08-26 15:08:00,0.053909276612102985
2026-08-26 15:09:00,0.053909276612102985
2026-08-26 15:10:00,0.05566093232482672
2026-08-26 15:11:00,0.05566093232482672
2026-08-26 15:12:00,0.05566093232482672
2026-08-26 15:13:00,0.05566093232482672
2026-08-26 15:14:00,0.05566093232482672
2026-08-26 15:15:00,0.05504289362579584
2026-08-26 15:16:00,0.05504289362579584
2026-08-26 15:17:00,0.05504289362579584
2026-08-26 15:18:00,0.05504289362579584
2026-08-26 15:19:00,0.05504289362579584
2026-08-26 15:20:00,0.0547634270042181
2026-08-26 15:21:00,0.0547634270042181
2026-08-26 15:22:00,0.0547634270042181
2026-08-26 15:23:00,0.0547634270042181
2026-08-26 15:24:00,0.0547634270042181
2026-08-26 15:25:00,0.18041862081736326
2026-08-26 15:26:00,0.18041862081736326
2026-08-26 15:27:00,0.18041862081736326
2026-08-26 15:28:00,0.18041862081736326
2026-08-26 15:29:00,0.18041862081736326
2026-08-26 15:30:00,0.30267286486923695
2026-08-26 15:31:00,0.30267286486923695
2026-08-26 15:32:00,0.30267286486923695
2026-08-26 15:33:00,0.30267286486923695
2026-08-26 15:34:00,0.30267286486923695
2026-08-26 15:35:00,0.42622594255954027
2026-08-26 15:36:00,0.42622594255954027
2026-08-26 15:37:00,0.42622594255954027
2026-08-26 15:38:00,0.42622594255954027
2026-08-26 15:39:00,0.42622594255954027
2026-08-26 15:40:00,0.5519011616706848
2026-08-26 15:41:00,0.5519011616706848
2026-08-26 15:42:00,0.5519011616706848
2026-08-26 15:43:00,0.5519011616706848
2026-08-26 15:44:00,0.5519011616706848
2026-08-26 15:45:00,0.43303094431757927
2026-08-26 15:46:00,0.43303094431757927
2026-08-26 15:47:00,0.43303094431757927
2026-08-26 15:48:00,0.43303094431757927
2026-08-26 15:49:00,0.43303094431757927
2026-08-26 15:50:00,0.3127194046974182
2026-08-26 15:51:00,0.3127194046974182
2026-08-26 15:52:00,0.3127194046974182
2026-08-26 15:53:00,0.3127194046974182
2026-08-26 15:54:00,0.3127194046974182
2026-08-26 15:55:00,0.19251752272248268
2026-08-26 15:56:00,0.19251752272248268
2026-08-26 15:57:00,0.19251752272248268
2026-08-26 15:58:00,0.19251752272248268
2026-08-26 15:59:00,0.19251752272248268
2026-08-26 16:00:00,0.07330900430679321
2026-08-26 16:01:00,0.07330900430679321
2026-08-26 16:02:00,0.07330900430679321
2026-08-26 16:03:00,0.07330900430679321
2026-08-26 16:04:00,0.07330900430679321
2026-08-26 16:05:00,0.06895098276436329
2026-08-26 16:06:00,0.06895098276436329
2026-08-26 16:07:00,0.06895098276436329
2026-08-26 16:08:00,0.06895098276436329
2026-08-26 16:09:00,0.06895098276436329
2026-08-26 16:10:00,0.0667687775567174
2026-08-26 16:11:00,0.0667687775567174
2026-08-26 16:12:00,0.0667687775567174
2026-08-26 16:13:00,0.0667687775567174
2026-08-26 16:14:00,0.0667687775567174
2026-08-26 16:15:00,0.0637460732832551
2026-08-26 16:16:00,0.0637460732832551
2026-08-26 16:17:00,0.0637460732832551
2026-08-26 16:18:00,0.0637460732832551
2026-08-26 16:19:00,0.0637460732832551
2026-08-26 16:20:00,0.06279510539025068
2026-08-26 16:21:00,0.06279510539025068
2026-08-26 16:22:00,0.06279510539025068
2026-08-26 16:23:00,0.06279510539025068
2026-08-26 16:24:00,0.06279510539025068
2026-08-26 16:25:00,0.06449918914586306
2026-08-26 16:26:00,0.06449918914586306
2026-08-26 16:27:00,0.06449918914586306
2026-08-26 16:28:00,0.06449918914586306
2026-08-26 16:29:00,0.06449918914586306
2026-08-26 16:30:00,0.06484409514814615
2026-08-26 16:31:00,0.06484409514814615
2026-08-26 16:32:00,0.06484409514814615
2026-08-26 16:33:00,0.06484409514814615
2026-08-26 16:34:00,0.06484409514814615
2026-08-26 16:35:00,0.06496357545256615
2026-08-26 16:36:00,0.06496357545256615
2026-08-26 16:37:00,0.06496357545256615
2026-08-26 16:38:00,0.06496357545256615
2026-08-26 16:39:00,0.06496357545256615
2026-08-26 16:40:00,0.060254327952861786
2026-08-26 16:41:00,0.060254327952861786
2026-08-26 16:42:00,0.060254327952861786
2026-08-26 16:43:00,0.060254327952861786
2026-08-26 16:44:00,0.060254327952861786
2026-08-26 16:45:00,0.05421843193471432
2026-08-26 16:46:00,0.05421843193471432
2026-08-26 16:47:00,0.05421843193471432
2026-08-26 16:48:00,0.05421843193471432
2026-08-26 16:49:00,0.05421843193471432
2026-08-26 16:50:00,0.05104339402168989
2026-08-26 16:51:00,0.05104339402168989
2026-08-26 16:52:00,0.05104339402168989
2026-08-26 16:53:00,0.05104339402168989
2026-08-26 16:54:00,0.05104339402168989
2026-08-26 16:55:00,0.04959555342793465
2026-08-26 16:56:00,0.04959555342793465
2026-08-26 16:57:00,0.04959555342793465
2026-08-26 16:58:00,0.04959555342793465
2026-08-26 16:59:00,0.04959555342793465
2026-08-26 17:00:00,0.09184903092682362
2026-08-26 17:01:00,0.09184903092682362
2026-08-26 17:02:00,0.09184903092682362
2026-08-26 17:03:00,0.09184903092682362
2026-08-26 17:04:00,0.09184903092682362
2026-08-26 17:05:00,0.13451535254716873
2026-08-26 17:06:00,0.13451535254716873
2026-08-26 17:07:00,0.13451535254716873
2026-08-26 17:08:00,0.13451535254716873
2026-08-26 17:09:00,0.13451535254716873
2026-08-26 17:10:00,0.1776680089533329
2026-08-26 17:11:00,0.1776680089533329
2026-08-26 17:12:00,0.1776680089533329
2026-08-26 17:13:00,0.1776680089533329
2026-08-26 17:14:00,0.1776680089533329
2026-08-26 17:15:00,0.21839850395917892
2026-08-26 17:16:00,0.21839850395917892
2026-08-26 17:17:00,0.21839850395917892
2026-08-26 17:18:00,0.21839850395917892
2026-08-26 17:19:00,0.21839850395917892
2026-08-26 17:20:00,0.17825988307595253
2026-08-26 17:21:00,0.17825988307595253
2026-08-26 17:22:00,0.17825988307595253
2026-08-26 17:23:00,0.17825988307595253
2026-08-26 17:24:00,0.17825988307595253
2026-08-26 17:25:00,0.13752907887101173
2026-08-26 17:26:00,0.13752907887101173
2026-08-26 17:27:00,0.13752907887101173
2026-08-26 17:28:00,0.13752907887101173
2026-08-26 17:29:00,0.13752907887101173
2026-08-26 17:30:00,0.09559588227421045
2026-08-26 17:31:00,0.09559588227421045
2026-08-26 17:32:00,0.09559588227421045
2026-08-26 17:33:00,0.09559588227421045
2026-08-26 17:34:00,0.09559588227421045
2026-08-26 17:35:00,0.05767995957285166
2026-08-26 17:36:00,0.05767995957285166
2026-08-26 17:37:00,0.05767995957285166
2026-08-26 17:38:00,0.05767995957285166
2026-08-26 17:39:00,0.05767995957285166
2026-08-26 17:40:00,0.05912150163203478
2026-08-26 17:41:00,0.05912150163203478
2026-08-26 17:42:00,0.05912150163203478
2026-08-26 17:43:00,0.05912150163203478
2026-08-26 17:44:00,0.05912150163203478
2026-08-26 17:45:00,0.0614986727014184
2026-08-26 17:46:00,0.0614986727014184
2026-08-26 17:47:00,0.0614986727014184
2026-08-26 17:48:00,0.0614986727014184
2026-08-26 17:49:00,0.0614986727014184
2026-08-26 17:50:00,0.2580683156847954
2026-08-26 17:51:00,0.2580683156847954
2026-08-26 17:52:00,0.2580683156847954
2026-08-26 17:53:00,0.2580683156847954
2026-08-26 17:54:00,0.2580683156847954
2026-08-26 17:55:00,0.4526078477501869
2026-08-26 17:56:00,0.4526078477501869
2026-08-26 17:57:00,0.4526078477501869
2026-08-26 17:58:00,0.4526078477501869
2026-08-26 17:59:00,0.4526078477501869
2026-08-26 18:00:00,0.6474177613854408
2026-08-26 18:01:00,0.6474177613854408
2026-08-26 18:02:00,0.6474177613854408
2026-08-26 18:03:00,0.6474177613854408
2026-08-26 18:04:00,0.6474177613854408
2026-08-26 18:05:00,0.842705026268959
2026-08-26 18:06:00,0.842705026268959
2026-08-26 18:07:00,0.842705026268959
2026-08-26 18:08:00,0.842705026268959
2026-08-26 18:09:00,0.842705026268959
2026-08-26 18:10:00,0.9003959745168686
2026-08-26 18:11:00,0.9003959745168686
2026-08-26 18:12:00,0.9003959745168686
2026-08-26 18:13:00,0.9003959745168686
2026-08-26 18:14:00,0.9003959745168686
2026-08-26 18:15:00,0.957769975066185
2026-08-26 18:16:00,0.957769975066185
2026-08-26 18:17:00,0.957769975066185
2026-08-26 18:18:00,0.957769975066185
2026-08-26 18:19:00,0.957769975066185
2026-08-26 18:20:00,1.015234887599945
2026-08-26 18:21:00,1.015234887599945
2026-08-26 18:22:00,1.015234887599945
2026-08-26 18:23:00,1.015234887599945
2026-08-26 18:24:00,1.015234887599945
2026-08-26 18:25:00,1.0724236369132996
2026-08-26 18:26:00,1.0724236369132996
2026-08-26 18:27:00,1.0724236369132996
2026-08-26 18:28:00,1.0724236369132996
2026-08-26 18:29:00,1.0724236369132996
2026-08-26 18:30:00,0.8686096966266632
2026-08-26 18:31:00,0.8686096966266632
2026-08-26 18:32:00,0.8686096966266632
2026-08-26 18:33:00,0.8686096966266632
2026-08-26 18:34:00,0.8686096966266632
2026-08-26 18:35:00,0.6634579002857208
2026-08-26 18:36:00,0.6634579002857208
2026-08-26 18:37:00,0.6634579002857208
2026-08-26 18:38:00,0.6634579002857208
2026-08-26 18:39:00,0.6634579002857208
2026-08-26 18:40:00,0.4586097225546837
2026-08-26 18:41:00,0.4586097225546837
2026-08-26 18:42:00,0.4586097225546837
2026-08-26 18:43:00,0.4586097225546837
2026-08-26 18:44:00,0.4586097225546837
2026-08-26 18:45:00,0.2555318772792816
2026-08-26 18:46:00,0.2555318772792816
2026-08-26 18:47:00,0.2555318772792816
2026-08-26 18:48:00,0.2555318772792816
2026-08-26 18:49:00,0.2555318772792816
2026-08-26 18:50:00,0.25864169746637344
2026-08-26 18:51:00,0.25864169746637344
2026-08-26 18:52:00,0.25864169746637344
2026-08-26 18:53:00,0.25864169746637344
2026-08-26 18:54:00,0.25864169746637344
2026-08-26 18:55:00,0.26302289962768555
2026-08-26 18:56:00,0.26302289962768555
2026-08-26 18:57:00,0.26302289962768555
2026-08-26 18:58:00,0.26302289962768555
2026-08-26 18:59:00,0.26302289962768555
2026-08-26 19:00:00,0.2666183263063431
2026-08-26 19:01:00,0.2666183263063431
2026-08-26 19:02:00,0.2666183263063431
2026-08-26 19:03:00,0.2666183263063431
2026-08-26 19:04:00,0.2666183263063431
2026-08-26 19:05:00,0.26827553659677505
2026-08-26 19:06:00,0.26827553659677505
2026-08-26 19:07:00,0.26827553659677505
2026-08-26 19:08:00,0.26827553659677505
2026-08-26 19:09:00,0.26827553659677505
2026-08-26 19:10:00,0.26929590106010437
2026-08-26 19:11:00,0.26929590106010437
2026-08-26 19:12:00,0.26929590106010437
2026-08-26 19:13:00,0.26929590106010437
2026-08-26 19:14:00,0.26929590106010437
2026-08-26 19:15:00,0.26955339312553406
2026-08-26 19:16:00,0.26955339312553406
2026-08-26 19:17:00,0.26955339312553406
2026-08-26 19:18:00,0.26955339312553406
2026-08-26 19:19:00,0.26955339312553406
2026-08-26 19:20:00,0.2680402025580406
2026-08-26 19:21:00,0.2680402025580406
2026-08-26 19:22:00,0.2680402025580406
2026-08-26 19:23:00,0.2680402025580406
2026-08-26 19:24:00,0.2680402025580406
2026-08-26 19:25:00,0.26675084233283997
2026-08-26 19:26:00,0.26675084233283997
2026-08-26 19:27:00,0.26675084233283997
2026-08-26 19:28:00,0.26675084233283997
2026-08-26 19:29:00,0.26675084233283997
2026-08-26 19:30:00,0.21086931880563498
2026-08-26 19:31:00,0.21086931880563498
2026-08-26 19:32:00,0.21086931880563498
2026-08-26 19:33:00,0.21086931880563498
2026-08-26 19:34:00,0.21086931880563498
2026-08-26 19:35:00,0.15916501358151436
2026-08-26 19:36:00,0.15916501358151436
2026-08-26 19:37:00,0.15916501358151436
2026-08-26 19:38:00,0.15916501358151436
2026-08-26 19:39:00,0.15916501358151436
2026-08-26 19:40:00,0.10770479217171669
2026-08-26 19:41:00,0.10770479217171669
2026-08-26 19:42:00,0.10770479217171669
2026-08-26 19:43:00,0.10770479217171669
2026-08-26 19:44:00,0.10770479217171669
2026-08-26 19:45:00,0.05408436432480812
2026-08-26 19:46:00,0.05408436432480812
2026-08-26 19:47:00,0.05408436432480812
2026-08-26 19:48:00,0.05408436432480812
2026-08-26 19:49:00,0.05408436432480812
2026-08-26 19:50:00,0.05376222915947437
2026-08-26 19:51:00,0.05376222915947437
2026-08-26 19:52:00,0.05376222915947437
2026-08-26 19:53:00,0.05376222915947437
2026-08-26 19:54:00,0.05376222915947437
2026-08-26 19:55:00,0.05203999765217304
2026-08-26 19:56:00,0.05203999765217304
2026-08-26 19:57:00,0.05203999765217304
2026-08-26 19:58:00,0.05203999765217304
2026-08-26 19:59:00,0.05203999765217304
2026-08-26 20:00:00,0.053642453625798225
2026-08-26 20:01:00,0.053642453625798225
2026-08-26 20:02:00,0.053642453625798225
2026-08-26 20:03:00,0.053642453625798225
2026-08-26 20:04:00,0.053642453625798225
2026-08-26 20:05:00,0.0617033913731575
2026-08-26 20:06:00,0.0617033913731575
2026-08-26 20:07:00,0.0617033913731575
2026-08-26 20:08:00,0.0617033913731575
2026-08-26 20:09:00,0.0617033913731575
2026-08-26 20:10:00,0.06974750850349665
2026-08-26 20:11:00,0.06974750850349665
2026-08-26 20:12:00,0.06974750850349665
2026-08-26 20:13:00,0.06974750850349665
2026-08-26 20:14:00,0.06974750850349665
2026-08-26 20:15:00,0.076796630397439
2026-08-26 20:16:00,0.076796630397439
2026-08-26 20:17:00,0.076796630397439
2026-08-26 20:18:00,0.076796630397439
2026-08-26 20:19:00,0.076796630397439
2026-08-26 20:20:00,0.08380557224154472
2026-08-26 20:21:00,0.08380557224154472
2026-08-26 20:22:00,0.08380557224154472
2026-08-26 20:23:00,0.08380557224154472
2026-08-26 20:24:00,0.08380557224154472
2026-08-26 20:25:00,0.08163260109722614
2026-08-26 20:26:00,0.08163260109722614
2026-08-26 20:27:00,0.08163260109722614
2026-08-26 20:28:00,0.08163260109722614
2026-08-26 20:29:00,0.08163260109722614
2026-08-26 20:30:00,0.07754640839993954
2026-08-26 20:31:00,0.07754640839993954
2026-08-26 20:32:00,0.07754640839993954
2026-08-26 20:33:00,0.07754640839993954
2026-08-26 20:34:00,0.07754640839993954
2026-08-26 20:35:00,0.07446095533668995
2026-08-26 20:36:00,0.07446095533668995
2026-08-26 20:37:00,0.07446095533668995
2026-08-26 20:38:00,0.07446095533668995
2026-08-26 20:39:00,0.07446095533668995
2026-08-26 20:40:00,0.06425152532756329
2026-08-26 20:41:00,0.06425152532756329
2026-08-26 20:42:00,0.06425152532756329
2026-08-26 20:43:00,0.06425152532756329
2026-08-26 20:44:00,0.06425152532756329
2026-08-26 20:45:00,0.05917380936443806
2026-08-26 20:46:00,0.05917380936443806
2026-08-26 20:47:00,0.05917380936443806
2026-08-26 20:48:00,0.05917380936443806
2026-08-26 20:49:00,0.05917380936443806
2026-08-26 20:50:00,0.055497641675174236
2026-08-26 20:51:00,0.055497641675174236
2026-08-26 20:52:00,0.055497641675174236
2026-08-26 20:53:00,0.055497641675174236
2026-08-26 20:54:00,0.055497641675174236
2026-08-26 20:55:00,0.049478428438305855
2026-08-26 20:56:00,0.049478428438305855
2026-08-26 20:57:00,0.049478428438305855
2026-08-26 20:58:00,0.049478428438305855
2026-08-26 20:59:00,0.049478428438305855
2026-08-26 21:00:00,0.04897983744740486
2026-08-26 21:01:00,0.04897983744740486
2026-08-26 21:02:00,0.04897983744740486
2026-08-26 21:03:00,0.04897983744740486
2026-08-26 21:04:00,0.04897983744740486
2026-08-26 21:05:00,0.05005437694489956
2026-08-26 21:06:00,0.05005437694489956
2026-08-26 21:07:00,0.05005437694489956
2026-08-26 21:08:00,0.05005437694489956
2026-08-26 21:09:00,0.05005437694489956
2026-08-26 21:10:00,0.049231382086873055
2026-08-26 21:11:00,0.049231382086873055
2026-08-26 21:12:00,0.049231382086873055
2026-08-26 21:13:00,0.049231382086873055
2026-08-26 21:14:00,0.049231382086873055
2026-08-26 21:15:00,0.04984371084719896
2026-08-26 21:16:00,0.04984371084719896
2026-08-26 21:17:00,0.04984371084719896
2026-08-26 21:18:00,0.04984371084719896
2026-08-26 21:19:00,0.04984371084719896
2026-08-26 21:20:00,0.05128600541502237
2026-08-26 21:21:00,0.05128600541502237
2026-08-26 21:22:00,0.05128600541502237
2026-08-26 21:23:00,0.05128600541502237
2026-08-26 21:24:00,0.05128600541502237
2026-08-26 21:25:00,0.0513866925612092
2026-08-26 21:26:00,0.0513866925612092
2026-08-26 21:27:00,0.0513866925612092
2026-08-26 21:28:00,0.0513866925612092
2026-08-26 21:29:00,0.0513866925612092
2026-08-26 21:30:00,0.05682955123484135
2026-08-26 21:31:00,0.05682955123484135
2026-08-26 21:32:00,0.05682955123484135
2026-08-26 21:33:00,0.05682955123484135
2026-08-26 21:34:00,0.05682955123484135
2026-08-26 21:35:00,0.06204669363796711
2026-08-26 21:36:00,0.06204669363796711
2026-08-26 21:37:00,0.06204669363796711
2026-08-26 21:38:00,0.06204669363796711
2026-08-26 21:39:00,0.06204669363796711
2026-08-26 21:40:00,0.06507698819041252
2026-08-26 21:41:00,0.06507698819041252
2026-08-26 21:42:00,0.06507698819041252
2026-08-26 21:43:00,0.06507698819041252
2026-08-26 21:44:00,0.06507698819041252
2026-08-26 21:45:00,0.06518536526709795
2026-08-26 21:46:00,0.06518536526709795
2026-08-26 21:47:00,0.06518536526709795
2026-08-26 21:48:00,0.06518536526709795
2026-08-26 21:49:00,0.06518536526709795
2026-08-26 21:50:00,0.06430284027010202
2026-08-26 21:51:00,0.06430284027010202
2026-08-26 21:52:00,0.06430284027010202
2026-08-26 21:53:00,0.06430284027010202
2026-08-26 21:54:00,0.06430284027010202
2026-08-26 21:55:00,0.06379219610244036
2026-08-26 21:56:00,0.06379219610244036
2026-08-26 21:57:00,0.06379219610244036
2026-08-26 21:58:00,0.06379219610244036
2026-08-26 21:59:00,0.06379219610244036
2026-08-26 22:00:00,0.06321868393570185
2026-08-26 22:01:00,0.06321868393570185
2026-08-26 22:02:00,0.06321868393570185
2026-08-26 22:03:00,0.06321868393570185
2026-08-26 22:04:00,0.06321868393570185
2026-08-26 22:05:00,0.06648346595466137
2026-08-26 22:06:00,0.06648346595466137
2026-08-26 22:07:00,0.06648346595466137
2026-08-26 22:08:00,0.06648346595466137
2026-08-26 22:09:00,0.06648346595466137
2026-08-26 22:10:00,0.06544494442641735
2026-08-26 22:11:00,0.06544494442641735
2026-08-26 22:12:00,0.06544494442641735
2026-08-26 22:13:00,0.06544494442641735
2026-08-26 22:14:00,0.06544494442641735
2026-08-26 22:15:00,0.06144810654222965
2026-08-26 22:16:00,0.06144810654222965
2026-08-26 22:17:00,0.06144810654222965
2026-08-26 22:18:00,0.06144810654222965
2026-08-26 22:19:00,0.06144810654222965
2026-08-26 22:20:00,0.05808344669640064
2026-08-26 22:21:00,0.05808344669640064
2026-08-26 22:22:00,0.05808344669640064
2026-08-26 22:23:00,0.05808344669640064
2026-08-26 22:24:00,0.05808344669640064
2026-08-26 22:25:00,0.05538199841976166
2026-08-26 22:26:00,0.05538199841976166
2026-08-26 22:27:00,0.05538199841976166
2026-08-26 22:28:00,0.05538199841976166
2026-08-26 22:29:00,0.05538199841976166
2026-08-26 22:30:00,0.056265054270625114
2026-08-26 22:31:00,0.056265054270625114
2026-08-26 22:32:00,0.056265054270625114
2026-08-26 22:33:00,0.056265054270625114
2026-08-26 22:34:00,0.056265054270625114
2026-08-26 22:35:00,0.06084444746375084
2026-08-26 22:36:00,0.06084444746375084
2026-08-26 22:37:00,0.06084444746375084
2026-08-26 22:38:00,0.06084444746375084
2026-08-26 22:39:00,0.06084444746375084
2026-08-26 22:40:00,0.06393673457205296
2026-08-26 22:41:00,0.06393673457205296
2026-08-26 22:42:00,0.06393673457205296
2026-08-26 22:43:00,0.06393673457205296
2026-08-26 22:44:00,0.06393673457205296
2026-08-26 22:45:00,0.06183957401663065
2026-08-26 22:46:00,0.06183957401663065
2026-08-26 22:47:00,0.06183957401663065
2026-08-26 22:48:00,0.06183957401663065
2026-08-26 22:49:00,0.06183957401663065
2026-08-26 22:50:00,0.0600996483117342
2026-08-26 22:51:00,0.0600996483117342
2026-08-26 22:52:00,0.0600996483117342
2026-08-26 22:53:00,0.0600996483117342
2026-08-26 22:54:00,0.0600996483117342
2026-08-26 22:55:00,0.057247803546488285
2026-08-26 22:56:00,0.057247803546488285
2026-08-26 22:57:00,0.057247803546488285
2026-08-26 22:58:00,0.057247803546488285
2026-08-26 22:59:00,0.057247803546488285
2026-08-26 23:00:00,0.057723130099475384
2026-08-26 23:01:00,0.057723130099475384
2026-08-26 23:02:00,0.057723130099475384
2026-08-26 23:03:00,0.057723130099475384
2026-08-26 23:04:00,0.057723130099475384
2026-08-26 23:05:00,0.061133695766329765
2026-08-26 23:06:00,0.061133695766329765
2026-08-26 23:07:00,0.061133695766329765
2026-08-26 23:08:00,0.061133695766329765
2026-08-26 23:09:00,0.061133695766329765
2026-08-26 23:10:00,0.06156857963651419
2026-08-26 23:11:00,0.06156857963651419
2026-08-26 23:12:00,0.06156857963651419
2026-08-26 23:13:00,0.06156857963651419
2026-08-26 23:14:00,0.06156857963651419
2026-08-26 23:15:00,0.06269808672368526
2026-08-26 23:16:00,0.06269808672368526
2026-08-26 23:17:00,0.06269808672368526
2026-08-26 23:18:00,0.06269808672368526
2026-08-26 23:19:00,0.06269808672368526
2026-08-26 23:20:00,0.06306306086480618
2026-08-26 23:21:00,0.06306306086480618
2026-08-26 23:22:00,0.06306306086480618
2026-08-26 23:23:00,0.06306306086480618
2026-08-26 23:24:00,0.06306306086480618
2026-08-26 23:25:00,0.06345324590802193
2026-08-26 23:26:00,0.06345324590802193
2026-08-26 23:27:00,0.06345324590802193
2026-08-26 23:28:00,0.06345324590802193
2026-08-26 23:29:00,0.06345324590802193
2026-08-26 23:30:00,0.06363518256694078
2026-08-26 23:31:00,0.06363518256694078
2026-08-26 23:32:00,0.06363518256694078
2026-08-26 23:33:00,0.06363518256694078
2026-08-26 23:34:00,0.06363518256694078
2026-08-26 23:35:00,0.06186516676098108
2026-08-26 23:36:00,0.06186516676098108
2026-08-26 23:37:00,0.06186516676098108
2026-08-26 23:38:00,0.06186516676098108
2026-08-26 23:39:00,0.06186516676098108
2026-08-26 23:40:00,0.0595991900190711
2026-08-26 23:41:00,0.0595991900190711
2026-08-26 23:42:00,0.0595991900190711
2026-08-26 23:43:00,0.0595991900190711
2026-08-26 23:44:00,0.0595991900190711
2026-08-26 23:45:00,0.06935528945177794
2026-08-26 23:46:00,0.06935528945177794
2026-08-26 23:47:00,0.06935528945177794
2026-08-26 23:48:00,0.06935528945177794
2026-08-26 23:49:00,0.06935528945177794
2026-08-26 23:50:00,0.07894554920494556
2026-08-26 23:51:00,0.07894554920494556
2026-08-26 23:52:00,0.07894554920494556
2026-08-26 23:53:00,0.07894554920494556
2026-08-26 23:54:00,0.07894554920494556
2026-08-26 23:55:00,0.08818787336349487
2026-08-26 23:56:00,0.08818787336349487
2026-08-26 23:57:00,0.08818787336349487
2026-08-26 23:58:00,0.08818787336349487
2026-08-26 23:59:00,0.08818787336349487
2026-08-27 00:00:00,0.09542967565357685
2026-08-27 00:01:00,0.09542967565357685
2026-08-27 00:02:00,0.09542967565357685
2026-08-27 00:03:00,0.09542967565357685
2026-08-27 00:04:00,0.09542967565357685
2026-08-27 00:05:00,0.08499239198863506
2026-08-27 00:06:00,0.08499239198863506
2026-08-27 00:07:00,0.08499239198863506
2026-08-27 00:08:00,0.08499239198863506
2026-08-27 00:09:00,0.08499239198863506
2026-08-27 00:10:00,0.07754726149141788
2026-08-27 00:11:00,0.07754726149141788
2026-08-27 00:12:00,0.07754726149141788
2026-08-27 00:13:00,0.07754726149141788
2026-08-27 00:14:00,0.07754726149141788
2026-08-27 00:15:00,0.06833673734217882
2026-08-27 00:16:00,0.06833673734217882
2026-08-27 00:17:00,0.06833673734217882
2026-08-27 00:18:00,0.06833673734217882
2026-08-27 00:19:00,0.06833673734217882
2026-08-27 00:20:00,0.06351559329777956
2026-08-27 00:21:00,0.06351559329777956
2026-08-27 00:22:00,0.06351559329777956
2026-08-27 00:23:00,0.06351559329777956
2026-08-27 00:24:00,0.06351559329777956
2026-08-27 00:25:00,0.06440874468535185
2026-08-27 00:26:00,0.06440874468535185
2026-08-27 00:27:00,0.06440874468535185
2026-08-27 00:28:00,0.06440874468535185
2026-08-27 00:29:00,0.06440874468535185
2026-08-27 00:30:00,0.06623033154755831
2026-08-27 00:31:00,0.06623033154755831
2026-08-27 00:32:00,0.06623033154755831
2026-08-27 00:33:00,0.06623033154755831
2026-08-27 00:34:00,0.06623033154755831
2026-08-27 00:35:00,0.07473546639084816
2026-08-27 00:36:00,0.07473546639084816
2026-08-27 00:37:00,0.07473546639084816
2026-08-27 00:38:00,0.07473546639084816
2026-08-27 00:39:00,0.07473546639084816
2026-08-27 00:40:00,0.08234982006251812
2026-08-27 00:41:00,0.08234982006251812
2026-08-27 00:42:00,0.08234982006251812
2026-08-27 00:43:00,0.08234982006251812
2026-08-27 00:44:00,0.08234982006251812
2026-08-27 00:45:00,0.08488238044083118
2026-08-27 00:46:00,0.08488238044083118
2026-08-27 00:47:00,0.08488238044083118
2026-08-27 00:48:00,0.08488238044083118
2026-08-27 00:49:00,0.08488238044083118
2026-08-27 00:50:00,0.0860443003475666
2026-08-27 00:51:00,0.0860443003475666
2026-08-27 00:52:00,0.0860443003475666
2026-08-27 00:53:00,0.0860443003475666
2026-08-27 00:54:00,0.0860443003475666
2026-08-27 00:55:00,0.07834799401462078
2026-08-27 00:56:00,0.07834799401462078
2026-08-27 00:57:00,0.07834799401462078
2026-08-27 00:58:00,0.07834799401462078
2026-08-27 00:59:00,0.07834799401462078
2026-08-27 01:00:00,0.0678065624088049
2026-08-27 01:01:00,0.0678065624088049
2026-08-27 01:02:00,0.0678065624088049
2026-08-27 01:03:00,0.0678065624088049
2026-08-27 01:04:00,0.0678065624088049
2026-08-27 01:05:00,0.09745342470705509
2026-08-27 01:06:00,0.09745342470705509
2026-08-27 01:07:00,0.09745342470705509
2026-08-27 01:08:00,0.09745342470705509
2026-08-27 01:09:00,0.09745342470705509
2026-08-27 01:10:00,0.1267289947718382
2026-08-27 01:11:00,0.1267289947718382
2026-08-27 01:12:00,0.1267289947718382
2026-08-27 01:13:00,0.1267289947718382
2026-08-27 01:14:00,0.1267289947718382
2026-08-27 01:15:00,0.16062056645751
2026-08-27 01:16:00,0.16062056645751
2026-08-27 01:17:00,0.16062056645751
2026-08-27 01:18:00,0.16062056645751
2026-08-27 01:19:00,0.16062056645751
2026-08-27 01:20:00,0.19506579637527466
2026-08-27 01:21:00,0.19506579637527466
2026-08-27 01:22:00,0.19506579637527466
2026-08-27 01:23:00,0.19506579637527466
2026-08-27 01:24:00,0.19506579637527466
2026-08-27 01:25:00,0.1600974751636386
2026-08-27 01:26:00,0.1600974751636386
2026-08-27 01:27:00,0.1600974751636386
2026-08-27 01:28:00,0.1600974751636386
2026-08-27 01:29:00,0.1600974751636386
2026-08-27 01:30:00,0.1232848959043622
2026-08-27 01:31:00,0.1232848959043622
2026-08-27 01:32:00,0.1232848959043622
2026-08-27 01:33:00,0.1232848959043622
2026-08-27 01:34:00,0.1232848959043622
2026-08-27 01:35:00,0.08609233796596527
2026-08-27 01:36:00,0.08609233796596527
2026-08-27 01:37:00,0.08609233796596527
2026-08-27 01:38:00,0.08609233796596527
2026-08-27 01:39:00,0.08609233796596527
2026-08-27 01:40:00,0.0508590629324317
2026-08-27 01:41:00,0.0508590629324317
2026-08-27 01:42:00,0.0508590629324317
2026-08-27 01:43:00,0.0508590629324317
2026-08-27 01:44:00,0.0508590629324317
2026-08-27 01:45:00,0.0907394289970398
2026-08-27 01:46:00,0.0907394289970398
2026-08-27 01:47:00,0.0907394289970398
2026-08-27 01:48:00,0.0907394289970398
2026-08-27 01:49:00,0.0907394289970398
2026-08-27 01:50:00,0.1328697819262743
2026-08-27 01:51:00,0.1328697819262743
2026-08-27 01:52:00,0.1328697819262743
2026-08-27 01:53:00,0.1328697819262743
2026-08-27 01:54:00,0.1328697819262743
2026-08-27 01:55:00,0.17497811745852232
2026-08-27 01:56:00,0.17497811745852232
2026-08-27 01:57:00,0.17497811745852232
2026-08-27 01:58:00,0.17497811745852232
2026-08-27 01:59:00,0.17497811745852232
2026-08-27 02:00:00,0.215064138174057
2026-08-27 02:01:00,0.215064138174057
2026-08-27 02:02:00,0.215064138174057
2026-08-27 02:03:00,0.215064138174057
2026-08-27 02:04:00,0.215064138174057
2026-08-27 02:05:00,0.17627929244190454
2026-08-27 02:06:00,0.17627929244190454
2026-08-27 02:07:00,0.17627929244190454
2026-08-27 02:08:00,0.17627929244190454
2026-08-27 02:09:00,0.17627929244190454
2026-08-27 02:10:00,0.135998347774148
2026-08-27 02:11:00,0.135998347774148
2026-08-27 02:12:00,0.135998347774148
2026-08-27 02:13:00,0.135998347774148
2026-08-27 02:14:00,0.135998347774148
2026-08-27 02:15:00,0.09518567193299532
2026-08-27 02:16:00,0.09518567193299532
2026-08-27 02:17:00,0.09518567193299532
2026-08-27 02:18:00,0.09518567193299532
2026-08-27 02:19:00,0.09518567193299532
2026-08-27 02:20:00,0.05700137000530958
2026-08-27 02:21:00,0.05700137000530958
2026-08-27 02:22:00,0.05700137000530958
2026-08-27 02:23:00,0.05700137000530958
2026-08-27 02:24:00,0.05700137000530958
2026-08-27 02:25:00,0.05682096257805824
2026-08-27 02:26:00,0.05682096257805824
2026-08-27 02:27:00,0.05682096257805824
2026-08-27 02:28:00,0.05682096257805824
2026-08-27 02:29:00,0.05682096257805824
2026-08-27 02:30:00,0.05699255224317312
2026-08-27 02:31:00,0.05699255224317312
2026-08-27 02:32:00,0.05699255224317312
2026-08-27 02:33:00,0.05699255224317312
2026-08-27 02:34:00,0.05699255224317312
2026-08-27 02:35:00,0.08939564973115921
2026-08-27 02:36:00,0.08939564973115921
2026-08-27 02:37:00,0.08939564973115921
2026-08-27 02:38:00,0.08939564973115921
2026-08-27 02:39:00,0.08939564973115921
2026-08-27 02:40:00,0.12077130936086178
2026-08-27 02:41:00,0.12077130936086178
2026-08-27 02:42:00,0.12077130936086178
2026-08-27 02:43:00,0.12077130936086178
2026-08-27 02:44:00,0.12077130936086178
2026-08-27 02:45:00,0.1556498035788536
2026-08-27 02:46:00,0.1556498035788536
2026-08-27 02:47:00,0.1556498035788536
2026-08-27 02:48:00,0.1556498035788536
2026-08-27 02:49:00,0.1556498035788536
2026-08-27 02:50:00,0.19268380478024483
2026-08-27 02:51:00,0.19268380478024483
2026-08-27 02:52:00,0.19268380478024483
2026-08-27 02:53:00,0.19268380478024483
2026-08-27 02:54:00,0.19268380478024483
2026-08-27 02:55:00,0.16376104019582272
2026-08-27 02:56:00,0.16376104019582272
2026-08-27 02:57:00,0.16376104019582272
2026-08-27 02:58:00,0.16376104019582272
2026-08-27 02:59:00,0.16376104019582272
2026-08-27 03:00:00,0.13626224361360073
2026-08-27 03:01:00,0.13626224361360073
2026-08-27 03:02:00,0.13626224361360073
2026-08-27 03:03:00,0.13626224361360073
2026-08-27 03:04:00,0.13626224361360073
2026-08-27 03:05:00,0.10636394284665585
2026-08-27 03:06:00,0.10636394284665585
2026-08-27 03:07:00,0.10636394284665585
2026-08-27 03:08:00,0.10636394284665585
2026-08-27 03:09:00,0.10636394284665585
2026-08-27 03:10:00,0.07609162293374538
2026-08-27 03:11:00,0.07609162293374538
2026-08-27 03:12:00,0.07609162293374538
2026-08-27 03:13:00,0.07609162293374538
2026-08-27 03:14:00,0.07609162293374538
2026-08-27 03:15:00,0.0814458392560482
2026-08-27 03:16:00,0.0814458392560482
2026-08-27 03:17:00,0.0814458392560482
2026-08-27 03:18:00,0.0814458392560482
2026-08-27 03:19:00,0.0814458392560482
2026-08-27 03:20:00,0.0799985658377409
2026-08-27 03:21:00,0.0799985658377409
2026-08-27 03:22:00,0.0799985658377409
2026-08-27 03:23:00,0.0799985658377409
2026-08-27 03:24:00,0.0799985658377409
2026-08-27 03:25:00,0.07363572157919407
2026-08-27 03:26:00,0.07363572157919407
2026-08-27 03:27:00,0.07363572157919407
2026-08-27 03:28:00,0.07363572157919407
2026-08-27 03:29:00,0.07363572157919407
2026-08-27 03:30:00,0.06429557874798775
2026-08-27 03:31:00,0.06429557874798775
2026-08-27 03:32:00,0.06429557874798775
2026-08-27 03:33:00,0.06429557874798775
2026-08-27 03:34:00,0.06429557874798775
2026-08-27 03:35:00,0.05624969955533743
2026-08-27 03:36:00,0.05624969955533743
2026-08-27 03:37:00,0.05624969955533743
2026-08-27 03:38:00,0.05624969955533743
2026-08-27 03:39:00,0.05624969955533743
2026-08-27 03:40:00,0.05397485010325909
2026-08-27 03:41:00,0.05397485010325909
2026-08-27 03:42:00,0.05397485010325909
2026-08-27 03:43:00,0.05397485010325909
2026-08-27 03:44:00,0.05397485010325909
2026-08-27 03:45:00,0.057541826739907265
2026-08-27 03:46:00,0.057541826739907265
2026-08-27 03:47:00,0.057541826739907265
2026-08-27 03:48:00,0.057541826739907265
2026-08-27 03:49:00,0.057541826739907265
2026-08-27 03:50:00,0.05922465305775404
2026-08-27 03:51:00,0.05922465305775404
2026-08-27 03:52:00,0.05922465305775404
2026-08-27 03:53:00,0.05922465305775404
2026-08-27 03:54:00,0.05922465305775404
2026-08-27 03:55:00,0.05684216599911451
2026-08-27 03:56:00,0.05684216599911451
2026-08-27 03:57:00,0.05684216599911451
2026-08-27 03:58:00,0.05684216599911451
2026-08-27 03:59:00,0.05684216599911451
2026-08-27 04:00:00,0.05382898636162281
2026-08-27 04:01:00,0.05382898636162281
2026-08-27 04:02:00,0.05382898636162281
2026-08-27 04:03:00,0.05382898636162281
2026-08-27 04:04:00,0.05382898636162281
2026-08-27 04:05:00,0.04950913693755865
2026-08-27 04:06:00,0.04950913693755865
2026-08-27 04:07:00,0.04950913693755865
2026-08-27 04:08:00,0.04950913693755865
2026-08-27 04:09:00,0.04950913693755865
2026-08-27 04:10:00,0.04740049969404936
2026-08-27 04:11:00,0.04740049969404936
2026-08-27 04:12:00,0.04740049969404936
2026-08-27 04:13:00,0.04740049969404936
2026-08-27 04:14:00,0.04740049969404936
2026-08-27 04:15:00,0.04694541823118925
2026-08-27 04:16:00,0.04694541823118925
2026-08-27 04:17:00,0.04694541823118925
2026-08-27 04:18:00,0.04694541823118925
2026-08-27 04:19:00,0.04694541823118925
2026-08-27 04:20:00,0.045743354596197605
2026-08-27 04:21:00,0.045743354596197605
2026-08-27 04:22:00,0.045743354596197605
2026-08-27 04:23:00,0.045743354596197605
2026-08-27 04:24:00,0.045743354596197605
2026-08-27 04:25:00,0.043897489085793495
2026-08-27 04:26:00,0.043897489085793495
2026-08-27 04:27:00,0.043897489085793495
2026-08-27 04:28:00,0.043897489085793495
2026-08-27 04:29:00,0.043897489085793495
2026-08-27 04:30:00,0.04433204233646393
2026-08-27 04:31:00,0.04433204233646393
2026-08-27 04:32:00,0.04433204233646393
2026-08-27 04:33:00,0.04433204233646393
2026-08-27 04:34:00,0.04433204233646393
2026-08-27 04:35:00,0.045889465138316154
2026-08-27 04:36:00,0.045889465138316154
2026-08-27 04:37:00,0.045889465138316154
2026-08-27 04:38:00,0.045889465138316154
2026-08-27 04:39:00,0.045889465138316154
2026-08-27 04:40:00,0.04707068391144276
2026-08-27 04:41:00,0.04707068391144276
2026-08-27 04:42:00,0.04707068391144276
2026-08-27 04:43:00,0.04707068391144276
2026-08-27 04:44:00,0.04707068391144276
2026-08-27 04:45:00,0.04885446187108755
2026-08-27 04:46:00,0.04885446187108755
2026-08-27 04:47:00,0.04885446187108755
2026-08-27 04:48:00,0.04885446187108755
2026-08-27 04:49:00,0.04885446187108755
2026-08-27 04:50:00,0.04946089256554842
2026-08-27 04:51:00,0.04946089256554842
2026-08-27 04:52:00,0.04946089256554842
2026-08-27 04:53:00,0.04946089256554842
2026-08-27 04:54:00,0.04946089256554842
2026-08-27 04:55:00,0.051029402762651443
2026-08-27 04:56:00,0.051029402762651443
2026-08-27 04:57:00,0.051029402762651443
2026-08-27 04:58:00,0.051029402762651443
2026-08-27 04:59:00,0.051029402762651443
2026-08-27 05:00:00,0.05356172192841768
2026-08-27 05:01:00,0.05356172192841768
2026-08-27 05:02:00,0.05356172192841768
2026-08-27 05:03:00,0.05356172192841768
2026-08-27 05:04:00,0.05356172192841768
2026-08-27 05:05:00,0.0543596101924777
2026-08-27 05:06:00,0.0543596101924777
2026-08-27 05:07:00,0.0543596101924777
2026-08-27 05:08:00,0.0543596101924777
2026-08-27 05:09:00,0.0543596101924777
2026-08-27 05:10:00,0.05638949479907751
2026-08-27 05:11:00,0.05638949479907751
2026-08-27 05:12:00,0.05638949479907751
2026-08-27 05:13:00,0.05638949479907751
2026-08-27 05:14:00,0.05638949479907751
2026-08-27 05:15:00,0.058838033117353916
2026-08-27 05:16:00,0.058838033117353916
2026-08-27 05:17:00,0.058838033117353916
2026-08-27 05:18:00,0.058838033117353916
2026-08-27 05:19:00,0.058838033117353916
2026-08-27 05:20:00,0.06221626698970795
2026-08-27 05:21:00,0.06221626698970795
2026-08-27 05:22:00,0.06221626698970795
2026-08-27 05:23:00,0.06221626698970795
2026-08-27 05:24:00,0.06221626698970795
2026-08-27 05:25:00,0.06793058011680841
2026-08-27 05:26:00,0.06793058011680841
2026-08-27 05:27:00,0.06793058011680841
2026-08-27 05:28:00,0.06793058011680841
2026-08-27 05:29:00,0.06793058011680841
2026-08-27 05:30:00,0.10279609449207783
2026-08-27 05:31:00,0.10279609449207783
2026-08-27 05:32:00,0.10279609449207783
2026-08-27 05:33:00,0.10279609449207783
2026-08-27 05:34:00,0.10279609449207783
2026-08-27 05:35:00,0.13479206711053848
2026-08-27 05:36:00,0.13479206711053848
2026-08-27 05:37:00,0.13479206711053848
2026-08-27 05:38:00,0.13479206711053848
2026-08-27 05:39:00,0.13479206711053848
2026-08-27 05:40:00,0.1648415457457304
2026-08-27 05:41:00,0.1648415457457304
2026-08-27 05:42:00,0.1648415457457304
2026-08-27 05:43:00,0.1648415457457304
2026-08-27 05:44:00,0.1648415457457304
2026-08-27 05:45:00,0.19179391860961914
2026-08-27 05:46:00,0.19179391860961914
2026-08-27 05:47:00,0.19179391860961914
2026-08-27 05:48:00,0.19179391860961914
2026-08-27 05:49:00,0.19179391860961914
2026-08-27 05:50:00,0.15598001051694155
2026-08-27 05:51:00,0.15598001051694155
2026-08-27 05:52:00,0.15598001051694155
2026-08-27 05:53:00,0.15598001051694155
2026-08-27 05:54:00,0.15598001051694155
2026-08-27 05:55:00,0.2860559234395623
2026-08-27 05:56:00,0.2860559234395623
2026-08-27 05:57:00,0.2860559234395623
2026-08-27 05:58:00,0.2860559234395623
2026-08-27 05:59:00,0.2860559234395623
2026-08-27 06:00:00,0.4160364577546716
2026-08-27 06:01:00,0.4160364577546716
2026-08-27 06:02:00,0.4160364577546716
2026-08-27 06:03:00,0.4160364577546716
2026-08-27 06:04:00,0.4160364577546716
2026-08-27 06:05:00,0.5510358670726418
2026-08-27 06:06:00,0.5510358670726418
2026-08-27 06:07:00,0.5510358670726418
2026-08-27 06:08:00,0.5510358670726418
2026-08-27 06:09:00,0.5510358670726418
2026-08-27 06:10:00,0.7177278995513916
2026-08-27 06:11:00,0.7177278995513916
2026-08-27 06:12:00,0.7177278995513916
2026-08-27 06:13:00,0.7177278995513916
2026-08-27 06:14:00,0.7177278995513916
2026-08-27 06:15:00,0.5588445831090212
2026-08-27 06:16:00,0.5588445831090212
2026-08-27 06:17:00,0.5588445831090212
2026-08-27 06:18:00,0.5588445831090212
2026-08-27 06:19:00,0.5588445831090212
2026-08-27 06:20:00,0.40278000943362713
2026-08-27 06:21:00,0.40278000943362713
2026-08-27 06:22:00,0.40278000943362713
2026-08-27 06:23:00,0.40278000943362713
2026-08-27 06:24:00,0.40278000943362713
2026-08-27 06:25:00,0.24278753623366356
2026-08-27 06:26:00,0.24278753623366356
2026-08-27 06:27:00,0.24278753623366356
2026-08-27 06:28:00,0.24278753623366356
2026-08-27 06:29:00,0.24278753623366356
2026-08-27 06:30:00,0.28227243945002556
2026-08-27 06:31:00,0.28227243945002556
2026-08-27 06:32:00,0.28227243945002556
2026-08-27 06:33:00,0.28227243945002556
2026-08-27 06:34:00,0.28227243945002556
2026-08-27 06:35:00,0.48234627582132816
2026-08-27 06:36:00,0.48234627582132816
2026-08-27 06:37:00,0.48234627582132816
2026-08-27 06:38:00,0.48234627582132816
2026-08-27 06:39:00,0.48234627582132816
2026-08-27 06:40:00,0.6800415348261595
2026-08-27 06:41:00,0.6800415348261595
2026-08-27 06:42:00,0.6800415348261595
2026-08-27 06:43:00,0.6800415348261595
2026-08-27 06:44:00,0.6800415348261595
2026-08-27 06:45:00,0.8788511753082275
2026-08-27 06:46:00,0.8788511753082275
2026-08-27 06:47:00,0.8788511753082275
2026-08-27 06:48:00,0.8788511753082275
2026-08-27 06:49:00,0.8788511753082275
2026-08-27 06:50:00,0.6916970051825047
2026-08-27 06:51:00,0.6916970051825047
2026-08-27 06:52:00,0.6916970051825047
2026-08-27 06:53:00,0.6916970051825047
2026-08-27 06:54:00,0.6916970051825047
2026-08-27 06:55:00,0.5031918473541737
2026-08-27 06:56:00,0.5031918473541737
2026-08-27 06:57:00,0.5031918473541737
2026-08-27 06:58:00,0.5031918473541737
2026-08-27 06:59:00,0.5031918473541737
2026-08-27 07:00:00,0.3141730763018131
2026-08-27 07:01:00,0.3141730763018131
2026-08-27 07:02:00,0.3141730763018131
2026-08-27 07:03:00,0.3141730763018131
2026-08-27 07:04:00,0.3141730763018131
2026-08-27 07:05:00,0.1235143393278122
2026-08-27 07:06:00,0.1235143393278122
2026-08-27 07:07:00,0.1235143393278122
2026-08-27 07:08:00,0.1235143393278122
2026-08-27 07:09:00,0.1235143393278122
2026-08-27 07:10:00,0.11901111342012882
2026-08-27 07:11:00,0.11901111342012882
2026-08-27 07:12:00,0.11901111342012882
2026-08-27 07:13:00,0.11901111342012882
2026-08-27 07:14:00,0.11901111342012882
2026-08-27 07:15:00,0.11133545264601707
2026-08-27 07:16:00,0.11133545264601707
2026-08-27 07:17:00,0.11133545264601707
2026-08-27 07:18:00,0.11133545264601707
2026-08-27 07:19:00,0.11133545264601707
2026-08-27 07:20:00,0.10348740220069885
2026-08-27 07:21:00,0.10348740220069885
2026-08-27 07:22:00,0.10348740220069885
2026-08-27 07:23:00,0.10348740220069885
2026-08-27 07:24:00,0.10348740220069885
2026-08-27 07:25:00,0.09647791087627411
2026-08-27 07:26:00,0.09647791087627411
2026-08-27 07:27:00,0.09647791087627411
2026-08-27 07:28:00,0.09647791087627411
2026-08-27 07:29:00,0.09647791087627411
2026-08-27 07:30:00,0.09132831543684006
2026-08-27 07:31:00,0.09132831543684006
2026-08-27 07:32:00,0.09132831543684006
2026-08-27 07:33:00,0.09132831543684006
2026-08-27 07:34:00,0.09132831543684006
2026-08-27 07:35:00,0.09210949018597603
2026-08-27 07:36:00,0.09210949018597603
2026-08-27 07:37:00,0.09210949018597603
2026-08-27 07:38:00,0.09210949018597603
2026-08-27 07:39:00,0.09210949018597603
2026-08-27 07:40:00,0.09323138371109962
2026-08-27 07:41:00,0.09323138371109962
2026-08-27 07:42:00,0.09323138371109962
2026-08-27 07:43:00,0.09323138371109962
2026-08-27 07:44:00,0.09323138371109962
2026-08-27 07:45:00,0.09254984371364117
2026-08-27 07:46:00,0.09254984371364117
2026-08-27 07:47:00,0.09254984371364117
2026-08-27 07:48:00,0.09254984371364117
2026-08-27 07:49:00,0.09254984371364117
2026-08-27 07:50:00,0.08191743213683367
2026-08-27 07:51:00,0.08191743213683367
2026-08-27 07:52:00,0.08191743213683367
2026-08-27 07:53:00,0.08191743213683367
2026-08-27 07:54:00,0.08191743213683367
2026-08-27 07:55:00,0.07030100096017122
2026-08-27 07:56:00,0.07030100096017122
2026-08-27 07:57:00,0.07030100096017122
2026-08-27 07:58:00,0.07030100096017122
2026-08-27 07:59:00,0.07030100096017122
2026-08-27 08:00:00,0.05904044769704342
2026-08-27 08:01:00,0.05904044769704342
2026-08-27 08:02:00,0.05904044769704342
2026-08-27 08:03:00,0.05904044769704342
2026-08-27 08:04:00,0.05904044769704342
2026-08-27 08:05:00,0.04905944690108299
2026-08-27 08:06:00,0.04905944690108299
2026-08-27 08:07:00,0.04905944690108299
2026-08-27 08:08:00,0.04905944690108299
2026-08-27 08:09:00,0.04905944690108299
2026-08-27 08:10:00,0.04970613960176706
2026-08-27 08:11:00,0.04970613960176706
2026-08-27 08:12:00,0.04970613960176706
2026-08-27 08:13:00,0.04970613960176706
2026-08-27 08:14:00,0.04970613960176706
2026-08-27 08:15:00,0.04794342536479235
2026-08-27 08:16:00,0.04794342536479235
2026-08-27 08:17:00,0.04794342536479235
2026-08-27 08:18:00,0.04794342536479235
2026-08-27 08:19:00,0.04794342536479235
2026-08-27 08:20:00,0.04612185247242451
2026-08-27 08:21:00,0.04612185247242451
2026-08-27 08:22:00,0.04612185247242451
2026-08-27 08:23:00,0.04612185247242451
2026-08-27 08:24:00,0.04612185247242451
2026-08-27 08:25:00,0.046148184686899185
2026-08-27 08:26:00,0.046148184686899185
2026-08-27 08:27:00,0.046148184686899185
2026-08-27 08:28:00,0.046148184686899185
2026-08-27 08:29:00,0.046148184686899185
2026-08-27 08:30:00,0.04522822983562946
2026-08-27 08:31:00,0.04522822983562946
2026-08-27 08:32:00,0.04522822983562946
2026-08-27 08:33:00,0.04522822983562946
2026-08-27 08:34:00,0.04522822983562946
2026-08-27 08:35:00,0.04803958348929882
2026-08-27 08:36:00,0.04803958348929882
2026-08-27 08:37:00,0.04803958348929882
2026-08-27 08:38:00,0.04803958348929882
2026-08-27 08:39:00,0.04803958348929882
2026-08-27 08:40:00,0.05087723582983017
2026-08-27 08:41:00,0.05087723582983017
2026-08-27 08:42:00,0.05087723582983017
2026-08-27 08:43:00,0.05087723582983017
2026-08-27 08:44:00,0.05087723582983017
2026-08-27 08:45:00,0.050365506671369076
2026-08-27 08:46:00,0.050365506671369076
2026-08-27 08:47:00,0.050365506671369076
2026-08-27 08:48:00,0.050365506671369076
2026-08-27 08:49:00,0.050365506671369076
2026-08-27 08:50:00,0.052259720861911774
2026-08-27 08:51:00,0.052259720861911774
2026-08-27 08:52:00,0.052259720861911774
2026-08-27 08:53:00,0.052259720861911774
2026-08-27 08:54:00,0.052259720861911774
2026-08-27 08:55:00,0.0541150476783514
2026-08-27 08:56:00,0.0541150476783514
2026-08-27 08:57:00,0.0541150476783514
2026-08-27 08:58:00,0.0541150476783514
2026-08-27 08:59:00,0.0541150476783514
2026-08-27 09:00:00,0.06078356318175793
2026-08-27 09:01:00,0.06078356318175793
2026-08-27 09:02:00,0.06078356318175793
2026-08-27 09:03:00,0.06078356318175793
2026-08-27 09:04:00,0.06078356318175793
2026-08-27 09:05:00,0.067406109534204
2026-08-27 09:06:00,0.067406109534204
2026-08-27 09:07:00,0.067406109534204
2026-08-27 09:08:00,0.067406109534204
2026-08-27 09:09:00,0.067406109534204
2026-08-27 09:10:00,0.07092081196606159
2026-08-27 09:11:00,0.07092081196606159
2026-08-27 09:12:00,0.07092081196606159
2026-08-27 09:13:00,0.07092081196606159
2026-08-27 09:14:00,0.07092081196606159
2026-08-27 09:15:00,0.07179731130599976
2026-08-27 09:16:00,0.07179731130599976
2026-08-27 09:17:00,0.07179731130599976
2026-08-27 09:18:00,0.07179731130599976
2026-08-27 09:19:00,0.07179731130599976
2026-08-27 09:20:00,0.06369228009134531
2026-08-27 09:21:00,0.06369228009134531
2026-08-27 09:22:00,0.06369228009134531
2026-08-27 09:23:00,0.06369228009134531
2026-08-27 09:24:00,0.06369228009134531
2026-08-27 09:25:00,0.12697872798889875
2026-08-27 09:26:00,0.12697872798889875
2026-08-27 09:27:00,0.12697872798889875
2026-08-27 09:28:00,0.12697872798889875
2026-08-27 09:29:00,0.12697872798889875
2026-08-27 09:30:00,0.1917281812056899
2026-08-27 09:31:00,0.1917281812056899
2026-08-27 09:32:00,0.1917281812056899
2026-08-27 09:33:00,0.1917281812056899
2026-08-27 09:34:00,0.1917281812056899
2026-08-27 09:35:00,0.25727297831326723
2026-08-27 09:36:00,0.25727297831326723
2026-08-27 09:37:00,0.25727297831326723
2026-08-27 09:38:00,0.25727297831326723
2026-08-27 09:39:00,0.25727297831326723
2026-08-27 09:40:00,0.3283023089170456
2026-08-27 09:41:00,0.3283023089170456
2026-08-27 09:42:00,0.3283023089170456
2026-08-27 09:43:00,0.3283023089170456
2026-08-27 09:44:00,0.3283023089170456
2026-08-27 09:45:00,0.2627976555377245
2026-08-27 09:46:00,0.2627976555377245
2026-08-27 09:47:00,0.2627976555377245
2026-08-27 09:48:00,0.2627976555377245
2026-08-27 09:49:00,0.2627976555377245
2026-08-27 09:50:00,0.192879025824368
2026-08-27 09:51:00,0.192879025824368
2026-08-27 09:52:00,0.192879025824368
2026-08-27 09:53:00,0.192879025824368
2026-08-27 09:54:00,0.192879025824368
2026-08-27 09:55:00,0.12360896728932858
2026-08-27 09:56:00,0.12360896728932858
2026-08-27 09:57:00,0.12360896728932858
2026-08-27 09:58:00,0.12360896728932858
2026-08-27 09:59:00,0.12360896728932858
2026-08-27 10:00:00,0.05675758607685566
2026-08-27 10:01:00,0.05675758607685566
2026-08-27 10:02:00,0.05675758607685566
2026-08-27 10:03:00,0.05675758607685566
2026-08-27 10:04:00,0.05675758607685566
2026-08-27 10:05:00,0.06026262789964676
2026-08-27 10:06:00,0.06026262789964676
2026-08-27 10:07:00,0.06026262789964676
2026-08-27 10:08:00,0.06026262789964676
2026-08-27 10:09:00,0.06026262789964676
2026-08-27 10:10:00,0.0676466291770339
2026-08-27 10:11:00,0.0676466291770339
2026-08-27 10:12:00,0.0676466291770339
2026-08-27 10:13:00,0.0676466291770339
2026-08-27 10:14:00,0.0676466291770339
2026-08-27 10:15:00,0.07059415802359581
2026-08-27 10:16:00,0.07059415802359581
2026-08-27 10:17:00,0.07059415802359581
2026-08-27 10:18:00,0.07059415802359581
2026-08-27 10:19:00,0.07059415802359581
2026-08-27 10:20:00,0.06823187507688999
2026-08-27 10:21:00,0.06823187507688999
2026-08-27 10:22:00,0.06823187507688999
2026-08-27 10:23:00,0.06823187507688999
2026-08-27 10:24:00,0.06823187507688999
2026-08-27 10:25:00,0.06306107621639967
2026-08-27 10:26:00,0.06306107621639967
2026-08-27 10:27:00,0.06306107621639967
2026-08-27 10:28:00,0.06306107621639967
2026-08-27 10:29:00,0.06306107621639967
2026-08-27 10:30:00,0.06423669401556253
2026-08-27 10:31:00,0.06423669401556253
2026-08-27 10:32:00,0.06423669401556253
2026-08-27 10:33:00,0.06423669401556253
2026-08-27 10:34:00,0.06423669401556253
2026-08-27 10:35:00,0.06860773358494043
2026-08-27 10:36:00,0.06860773358494043
2026-08-27 10:37:00,0.06860773358494043
2026-08-27 10:38:00,0.06860773358494043
2026-08-27 10:39:00,0.06860773358494043
2026-08-27 10:40:00,0.07392203528434038
2026-08-27 10:41:00,0.07392203528434038
2026-08-27 10:42:00,0.07392203528434038
2026-08-27 10:43:00,0.07392203528434038
2026-08-27 10:44:00,0.07392203528434038
2026-08-27 10:45:00,0.08277504332363605
2026-08-27 10:46:00,0.08277504332363605
2026-08-27 10:47:00,0.08277504332363605
2026-08-27 10:48:00,0.08277504332363605
2026-08-27 10:49:00,0.08277504332363605
2026-08-27 10:50:00,0.07840032130479813
2026-08-27 10:51:00,0.07840032130479813
2026-08-27 10:52:00,0.07840032130479813
2026-08-27 10:53:00,0.07840032130479813
2026-08-27 10:54:00,0.07840032130479813
2026-08-27 10:55:00,0.06918997038155794
2026-08-27 10:56:00,0.06918997038155794
2026-08-27 10:57:00,0.06918997038155794
2026-08-27 10:58:00,0.06918997038155794
2026-08-27 10:59:00,0.06918997038155794
2026-08-27 11:00:00,0.061569527722895145
2026-08-27 11:01:00,0.061569527722895145
2026-08-27 11:02:00,0.061569527722895145
2026-08-27 11:03:00,0.061569527722895145
2026-08-27 11:04:00,0.061569527722895145
2026-08-27 11:05:00,0.053694489412009716
2026-08-27 11:06:00,0.053694489412009716
2026-08-27 11:07:00,0.053694489412009716
2026-08-27 11:08:00,0.053694489412009716
2026-08-27 11:09:00,0.053694489412009716
2026-08-27 11:10:00,0.053749154321849346
2026-08-27 11:11:00,0.053749154321849346
2026-08-27 11:12:00,0.053749154321849346
2026-08-27 11:13:00,0.053749154321849346
2026-08-27 11:14:00,0.053749154321849346
2026-08-27 11:15:00,0.05733038578182459
2026-08-27 11:16:00,0.05733038578182459
2026-08-27 11:17:00,0.05733038578182459
2026-08-27 11:18:00,0.05733038578182459
2026-08-27 11:19:00,0.05733038578182459
2026-08-27 11:20:00,0.06111242715269327
2026-08-27 11:21:00,0.06111242715269327
2026-08-27 11:22:00,0.06111242715269327
2026-08-27 11:23:00,0.06111242715269327
2026-08-27 11:24:00,0.06111242715269327
2026-08-27 11:25:00,0.06028672028332949
2026-08-27 11:26:00,0.06028672028332949
2026-08-27 11:27:00,0.06028672028332949
2026-08-27 11:28:00,0.06028672028332949
2026-08-27 11:29:00,0.06028672028332949
2026-08-27 11:30:00,0.058861437253654
2026-08-27 11:31:00,0.058861437253654
2026-08-27 11:32:00,0.058861437253654
2026-08-27 11:33:00,0.058861437253654
2026-08-27 11:34:00,0.058861437253654
2026-08-27 11:35:00,0.059711855836212635
2026-08-27 11:36:00,0.059711855836212635
2026-08-27 11:37:00,0.059711855836212635
2026-08-27 11:38:00,0.059711855836212635
2026-08-27 11:39:00,0.059711855836212635
2026-08-27 11:40:00,0.05742460396140814
2026-08-27 11:41:00,0.05742460396140814
2026-08-27 11:42:00,0.05742460396140814
2026-08-27 11:43:00,0.05742460396140814
2026-08-27 11:44:00,0.05742460396140814
2026-08-27 11:45:00,0.05640354100614786
2026-08-27 11:46:00,0.05640354100614786
2026-08-27 11:47:00,0.05640354100614786
2026-08-27 11:48:00,0.05640354100614786
2026-08-27 11:49:00,0.05640354100614786
2026-08-27 11:50:00,0.05354398861527443
2026-08-27 11:51:00,0.05354398861527443
2026-08-27 11:52:00,0.05354398861527443
2026-08-27 11:53:00,0.05354398861527443
2026-08-27 11:54:00,0.05354398861527443
2026-08-27 11:55:00,0.05169673729687929
2026-08-27 11:56:00,0.05169673729687929
2026-08-27 11:57:00,0.05169673729687929
2026-08-27 11:58:00,0.05169673729687929
2026-08-27 11:59:00,0.05169673729687929
2026-08-27 12:00:00,0.05194185767322779
2026-08-27 12:01:00,0.05194185767322779
2026-08-27 12:02:00,0.05194185767322779
2026-08-27 12:03:00,0.05194185767322779
2026-08-27 12:04:00,0.05194185767322779
2026-08-27 12:05:00,0.0519620506092906
2026-08-27 12:06:00,0.0519620506092906
2026-08-27 12:07:00,0.0519620506092906
2026-08-27 12:08:00,0.0519620506092906
2026-08-27 12:09:00,0.0519620506092906
2026-08-27 12:10:00,0.05417450424283743
2026-08-27 12:11:00,0.05417450424283743
2026-08-27 12:12:00,0.05417450424283743
2026-08-27 12:13:00,0.05417450424283743
2026-08-27 12:14:00,0.05417450424283743
2026-08-27 12:15:00,0.055618382059037685
2026-08-27 12:16:00,0.055618382059037685
2026-08-27 12:17:00,0.055618382059037685
2026-08-27 12:18:00,0.055618382059037685
2026-08-27 12:19:00,0.055618382059037685
2026-08-27 12:20:00,0.05905504059046507
2026-08-27 12:21:00,0.05905504059046507
2026-08-27 12:22:00,0.05905504059046507
2026-08-27 12:23:00,0.05905504059046507
2026-08-27 12:24:00,0.05905504059046507
2026-08-27 12:25:00,0.06369471829384565
2026-08-27 12:26:00,0.06369471829384565
2026-08-27 12:27:00,0.06369471829384565
2026-08-27 12:28:00,0.06369471829384565
2026-08-27 12:29:00,0.06369471829384565
2026-08-27 12:30:00,0.06564592383801937
2026-08-27 12:31:00,0.06564592383801937
2026-08-27 12:32:00,0.06564592383801937
2026-08-27 12:33:00,0.06564592383801937
2026-08-27 12:34:00,0.06564592383801937
2026-08-27 12:35:00,0.06827277690172195
2026-08-27 12:36:00,0.06827277690172195
2026-08-27 12:37:00,0.06827277690172195
2026-08-27 12:38:00,0.06827277690172195
2026-08-27 12:39:00,0.06827277690172195
2026-08-27 12:40:00,0.15824498608708382
2026-08-27 12:41:00,0.15824498608708382
2026-08-27 12:42:00,0.15824498608708382
2026-08-27 12:43:00,0.15824498608708382
2026-08-27 12:44:00,0.15824498608708382
2026-08-27 12:45:00,0.24589712545275688
2026-08-27 12:46:00,0.24589712545275688
2026-08-27 12:47:00,0.24589712545275688
2026-08-27 12:48:00,0.24589712545275688
2026-08-27 12:49:00,0.24589712545275688
2026-08-27 12:50:00,0.33301554434001446
2026-08-27 12:51:00,0.33301554434001446
2026-08-27 12:52:00,0.33301554434001446
2026-08-27 12:53:00,0.33301554434001446
2026-08-27 12:54:00,0.33301554434001446
2026-08-27 12:55:00,0.41061142832040787
2026-08-27 12:56:00,0.41061142832040787
2026-08-27 12:57:00,0.41061142832040787
2026-08-27 12:58:00,0.41061142832040787
2026-08-27 12:59:00,0.41061142832040787
2026-08-27 13:00:00,0.3237546067684889
2026-08-27 13:01:00,0.3237546067684889
2026-08-27 13:02:00,0.3237546067684889
2026-08-27 13:03:00,0.3237546067684889
2026-08-27 13:04:00,0.3237546067684889
2026-08-27 13:05:00,0.3638772126287222
2026-08-27 13:06:00,0.3638772126287222
2026-08-27 13:07:00,0.3638772126287222
2026-08-27 13:08:00,0.3638772126287222
2026-08-27 13:09:00,0.3638772126287222
2026-08-27 13:10:00,0.4118365999311209
2026-08-27 13:11:00,0.4118365999311209
2026-08-27 13:12:00,0.4118365999311209
2026-08-27 13:13:00,0.4118365999311209
2026-08-27 13:14:00,0.4118365999311209
2026-08-27 13:15:00,0.4668963234871626
2026-08-27 13:16:00,0.4668963234871626
2026-08-27 13:17:00,0.4668963234871626
2026-08-27 13:18:00,0.4668963234871626
2026-08-27 13:19:00,0.4668963234871626
2026-08-27 13:20:00,0.5984688997268677
2026-08-27 13:21:00,0.5984688997268677
2026-08-27 13:22:00,0.5984688997268677
2026-08-27 13:23:00,0.5984688997268677
2026-08-27 13:24:00,0.5984688997268677
2026-08-27 13:25:00,0.47500407323241234
2026-08-27 13:26:00,0.47500407323241234
2026-08-27 13:27:00,0.47500407323241234
2026-08-27 13:28:00,0.47500407323241234
2026-08-27 13:29:00,0.47500407323241234
2026-08-27 13:30:00,0.3403225149959326
2026-08-27 13:31:00,0.3403225149959326
2026-08-27 13:32:00,0.3403225149959326
2026-08-27 13:33:00,0.3403225149959326
2026-08-27 13:34:00,0.3403225149959326
2026-08-27 13:35:00,0.20393292885273695
2026-08-27 13:36:00,0.20393292885273695
2026-08-27 13:37:00,0.20393292885273695
2026-08-27 13:38:00,0.20393292885273695
2026-08-27 13:39:00,0.20393292885273695
2026-08-27 13:40:00,0.06581705529242754
2026-08-27 13:41:00,0.06581705529242754
2026-08-27 13:42:00,0.06581705529242754
2026-08-27 13:43:00,0.06581705529242754
2026-08-27 13:44:00,0.06581705529242754
2026-08-27 13:45:00,0.057143060490489006
2026-08-27 13:46:00,0.057143060490489006
2026-08-27 13:47:00,0.057143060490489006
2026-08-27 13:48:00,0.057143060490489006
2026-08-27 13:49:00,0.057143060490489006
2026-08-27 13:50:00,0.055493186227977276
2026-08-27 13:51:00,0.055493186227977276
2026-08-27 13:52:00,0.055493186227977276
2026-08-27 13:53:00,0.055493186227977276
2026-08-27 13:54:00,0.055493186227977276
2026-08-27 13:55:00,0.05590720195323229
2026-08-27 13:56:00,0.05590720195323229
2026-08-27 13:57:00,0.05590720195323229
2026-08-27 13:58:00,0.05590720195323229
2026-08-27 13:59:00,0.05590720195323229
2026-08-27 14:00:00,0.05661157798022032
2026-08-27 14:01:00,0.05661157798022032
2026-08-27 14:02:00,0.05661157798022032
2026-08-27 14:03:00,0.05661157798022032
2026-08-27 14:04:00,0.05661157798022032
2026-08-27 14:05:00,0.056755946949124336
2026-08-27 14:06:00,0.056755946949124336
2026-08-27 14:07:00,0.056755946949124336
2026-08-27 14:08:00,0.056755946949124336
2026-08-27 14:09:00,0.056755946949124336
2026-08-27 14:10:00,0.054759347811341286
2026-08-27 14:11:00,0.054759347811341286
2026-08-27 14:12:00,0.054759347811341286
2026-08-27 14:13:00,0.054759347811341286
2026-08-27 14:14:00,0.054759347811341286
2026-08-27 14:15:00,0.05481415707617998
2026-08-27 14:16:00,0.05481415707617998
2026-08-27 14:17:00,0.05481415707617998
2026-08-27 14:18:00,0.05481415707617998
2026-08-27 14:19:00,0.05481415707617998
2026-08-27 14:20:00,0.05396145582199097
2026-08-27 14:21:00,0.05396145582199097
2026-08-27 14:22:00,0.05396145582199097
2026-08-27 14:23:00,0.05396145582199097
2026-08-27 14:24:00,0.05396145582199097
2026-08-27 14:25:00,0.05610425863415003
2026-08-27 14:26:00,0.05610425863415003
2026-08-27 14:27:00,0.05610425863415003
2026-08-27 14:28:00,0.05610425863415003
2026-08-27 14:29:00,0.05610425863415003
2026-08-27 14:30:00,0.061627376824617386
2026-08-27 14:31:00,0.061627376824617386
2026-08-27 14:32:00,0.061627376824617386
2026-08-27 14:33:00,0.061627376824617386
2026-08-27 14:34:00,0.061627376824617386
2026-08-27 14:35:00,0.0671642143279314
2026-08-27 14:36:00,0.0671642143279314
2026-08-27 14:37:00,0.0671642143279314
2026-08-27 14:38:00,0.0671642143279314
2026-08-27 14:39:00,0.0671642143279314
2026-08-27 14:40:00,0.07340029906481504
2026-08-27 14:41:00,0.07340029906481504
2026-08-27 14:42:00,0.07340029906481504
2026-08-27 14:43:00,0.07340029906481504
2026-08-27 14:44:00,0.07340029906481504
2026-08-27 14:45:00,0.07399899326264858
2026-08-27 14:46:00,0.07399899326264858
2026-08-27 14:47:00,0.07399899326264858
2026-08-27 14:48:00,0.07399899326264858
2026-08-27 14:49:00,0.07399899326264858
2026-08-27 14:50:00,0.07041272707283497
2026-08-27 14:51:00,0.07041272707283497
2026-08-27 14:52:00,0.07041272707283497
2026-08-27 14:53:00,0.07041272707283497
2026-08-27 14:54:00,0.07041272707283497
2026-08-27 14:55:00,0.06210982333868742
2026-08-27 14:56:00,0.06210982333868742
2026-08-27 14:57:00,0.06210982333868742
2026-08-27 14:58:00,0.06210982333868742
2026-08-27 14:59:00,0.06210982333868742
2026-08-27 15:00:00,0.053839873522520065
2026-08-27 15:01:00,0.053839873522520065
2026-08-27 15:02:00,0.053839873522520065
2026-08-27 15:03:00,0.053839873522520065
2026-08-27 15:04:00,0.053839873522520065
2026-08-27 15:05:00,0.04947264026850462
2026-08-27 15:06:00,0.04947264026850462
2026-08-27 15:07:00,0.04947264026850462
2026-08-27 15:08:00,0.04947264026850462
2026-08-27 15:09:00,0.04947264026850462
2026-08-27 15:10:00,0.04634545370936394
2026-08-27 15:11:00,0.04634545370936394
2026-08-27 15:12:00,0.04634545370936394
2026-08-27 15:13:00,0.04634545370936394
2026-08-27 15:14:00,0.04634545370936394
2026-08-27 15:15:00,0.04781606141477823
2026-08-27 15:16:00,0.04781606141477823
2026-08-27 15:17:00,0.04781606141477823
2026-08-27 15:18:00,0.04781606141477823
2026-08-27 15:19:00,0.04781606141477823
2026-08-27 15:20:00,0.04729639645665884
2026-08-27 15:21:00,0.04729639645665884
2026-08-27 15:22:00,0.04729639645665884
2026-08-27 15:23:00,0.04729639645665884
2026-08-27 15:24:00,0.04729639645665884
2026-08-27 15:25:00,0.04582087695598602
2026-08-27 15:26:00,0.04582087695598602
2026-08-27 15:27:00,0.04582087695598602
2026-08-27 15:28:00,0.04582087695598602
2026-08-27 15:29:00,0.04582087695598602
2026-08-27 15:30:00,0.04944552108645439
2026-08-27 15:31:00,0.04944552108645439
2026-08-27 15:32:00,0.04944552108645439
2026-08-27 15:33:00,0.04944552108645439
2026-08-27 15:34:00,0.04944552108645439
2026-08-27 15:35:00,0.06026639975607395
2026-08-27 15:36:00,0.06026639975607395
2026-08-27 15:37:00,0.06026639975607395
2026-08-27 15:38:00,0.06026639975607395
2026-08-27 15:39:00,0.06026639975607395
2026-08-27 15:40:00,0.06763273756951094
2026-08-27 15:41:00,0.06763273756951094
2026-08-27 15:42:00,0.06763273756951094
2026-08-27 15:43:00,0.06763273756951094
2026-08-27 15:44:00,0.06763273756951094
2026-08-27 15:45:00,0.07352642994374037
2026-08-27 15:46:00,0.07352642994374037
2026-08-27 15:47:00,0.07352642994374037
2026-08-27 15:48:00,0.07352642994374037
2026-08-27 15:49:00,0.07352642994374037
2026-08-27 15:50:00,0.07026759255677462
2026-08-27 15:51:00,0.07026759255677462
2026-08-27 15:52:00,0.07026759255677462
2026-08-27 15:53:00,0.07026759255677462
2026-08-27 15:54:00,0.07026759255677462
2026-08-27 15:55:00,0.058053551241755486
2026-08-27 15:56:00,0.058053551241755486
2026-08-27 15:57:00,0.058053551241755486
2026-08-27 15:58:00,0.058053551241755486
2026-08-27 15:59:00,0.058053551241755486
2026-08-27 16:00:00,0.05535697750747204
2026-08-27 16:01:00,0.05535697750747204
2026-08-27 16:02:00,0.05535697750747204
2026-08-27 16:03:00,0.05535697750747204
2026-08-27 16:04:00,0.05535697750747204
2026-08-27 16:05:00,0.055512888357043266
2026-08-27 16:06:00,0.055512888357043266
2026-08-27 16:07:00,0.055512888357043266
2026-08-27 16:08:00,0.055512888357043266
2026-08-27 16:09:00,0.055512888357043266
2026-08-27 16:10:00,0.05746892001479864
2026-08-27 16:11:00,0.05746892001479864
2026-08-27 16:12:00,0.05746892001479864
2026-08-27 16:13:00,0.05746892001479864
2026-08-27 16:14:00,0.05746892001479864
2026-08-27 16:15:00,0.058742158114910126
2026-08-27 16:16:00,0.058742158114910126
2026-08-27 16:17:00,0.058742158114910126
2026-08-27 16:18:00,0.058742158114910126
2026-08-27 16:19:00,0.058742158114910126
2026-08-27 16:20:00,0.05528085678815842
2026-08-27 16:21:00,0.05528085678815842
2026-08-27 16:22:00,0.05528085678815842
2026-08-27 16:23:00,0.05528085678815842
2026-08-27 16:24:00,0.05528085678815842
2026-08-27 16:25:00,0.05335797090083361
2026-08-27 16:26:00,0.05335797090083361
2026-08-27 16:27:00,0.05335797090083361
2026-08-27 16:28:00,0.05335797090083361
2026-08-27 16:29:00,0.05335797090083361
2026-08-27 16:30:00,0.05288375914096832
2026-08-27 16:31:00,0.05288375914096832
2026-08-27 16:32:00,0.05288375914096832
2026-08-27 16:33:00,0.05288375914096832
2026-08-27 16:34:00,0.05288375914096832
2026-08-27 16:35:00,0.05434437934309244
2026-08-27 16:36:00,0.05434437934309244
2026-08-27 16:37:00,0.05434437934309244
2026-08-27 16:38:00,0.05434437934309244
2026-08-27 16:39:00,0.05434437934309244
2026-08-27 16:40:00,0.05777341313660145
2026-08-27 16:41:00,0.05777341313660145
2026-08-27 16:42:00,0.05777341313660145
2026-08-27 16:43:00,0.05777341313660145
2026-08-27 16:44:00,0.05777341313660145
2026-08-27 16:45:00,0.058086308650672436
2026-08-27 16:46:00,0.058086308650672436
2026-08-27 16:47:00,0.058086308650672436
2026-08-27 16:48:00,0.058086308650672436
2026-08-27 16:49:00,0.058086308650672436
2026-08-27 16:50:00,0.059179618023335934
2026-08-27 16:51:00,0.059179618023335934
2026-08-27 16:52:00,0.059179618023335934
2026-08-27 16:53:00,0.059179618023335934
2026-08-27 16:54:00,0.059179618023335934
2026-08-27 16:55:00,0.06701457314193249
2026-08-27 16:56:00,0.06701457314193249
2026-08-27 16:57:00,0.06701457314193249
2026-08-27 16:58:00,0.06701457314193249
2026-08-27 16:59:00,0.06701457314193249
2026-08-27 17:00:00,0.07623165939003229
2026-08-27 17:01:00,0.07623165939003229
2026-08-27 17:02:00,0.07623165939003229
2026-08-27 17:03:00,0.07623165939003229
2026-08-27 17:04:00,0.07623165939003229
2026-08-27 17:05:00,0.08689262811094522
2026-08-27 17:06:00,0.08689262811094522
2026-08-27 17:07:00,0.08689262811094522
2026-08-27 17:08:00,0.08689262811094522
2026-08-27 17:09:00,0.08689262811094522
2026-08-27 17:10:00,0.09349996969103813
2026-08-27 17:11:00,0.09349996969103813
2026-08-27 17:12:00,0.09349996969103813
2026-08-27 17:13:00,0.09349996969103813
2026-08-27 17:14:00,0.09349996969103813
2026-08-27 17:15:00,0.08693816885352135
2026-08-27 17:16:00,0.08693816885352135
2026-08-27 17:17:00,0.08693816885352135
2026-08-27 17:18:00,0.08693816885352135
2026-08-27 17:19:00,0.08693816885352135
2026-08-27 17:20:00,0.07299559097737074
2026-08-27 17:21:00,0.07299559097737074
2026-08-27 17:22:00,0.07299559097737074
2026-08-27 17:23:00,0.07299559097737074
2026-08-27 17:24:00,0.07299559097737074
2026-08-27 17:25:00,0.057934898883104324
2026-08-27 17:26:00,0.057934898883104324
2026-08-27 17:27:00,0.057934898883104324
2026-08-27 17:28:00,0.057934898883104324
2026-08-27 17:29:00,0.057934898883104324
2026-08-27 17:30:00,0.04754645098000765
2026-08-27 17:31:00,0.04754645098000765
2026-08-27 17:32:00,0.04754645098000765
2026-08-27 17:33:00,0.04754645098000765
2026-08-27 17:34:00,0.04754645098000765
2026-08-27 17:35:00,0.04302200581878424
2026-08-27 17:36:00,0.04302200581878424
2026-08-27 17:37:00,0.04302200581878424
2026-08-27 17:38:00,0.04302200581878424
2026-08-27 17:39:00,0.04302200581878424
2026-08-27 17:40:00,0.04380201827734709
2026-08-27 17:41:00,0.04380201827734709
2026-08-27 17:42:00,0.04380201827734709
2026-08-27 17:43:00,0.04380201827734709
2026-08-27 17:44:00,0.04380201827734709
2026-08-27 17:45:00,0.04651025217026472
2026-08-27 17:46:00,0.04651025217026472
2026-08-27 17:47:00,0.04651025217026472
2026-08-27 17:48:00,0.04651025217026472
2026-08-27 17:49:00,0.04651025217026472
2026-08-27 17:50:00,0.0504875173792243
2026-08-27 17:51:00,0.0504875173792243
2026-08-27 17:52:00,0.0504875173792243
2026-08-27 17:53:00,0.0504875173792243
2026-08-27 17:54:00,0.0504875173792243
2026-08-27 17:55:00,0.05403411481529474
2026-08-27 17:56:00,0.05403411481529474
2026-08-27 17:57:00,0.05403411481529474
2026-08-27 17:58:00,0.05403411481529474
2026-08-27 17:59:00,0.05403411481529474
2026-08-27 18:00:00,0.0589011013507843
2026-08-27 18:01:00,0.0589011013507843
2026-08-27 18:02:00,0.0589011013507843
2026-08-27 18:03:00,0.0589011013507843
2026-08-27 18:04:00,0.0589011013507843
2026-08-27 18:05:00,0.0623765354976058
2026-08-27 18:06:00,0.0623765354976058
2026-08-27 18:07:00,0.0623765354976058
2026-08-27 18:08:00,0.0623765354976058
2026-08-27 18:09:00,0.0623765354976058
2026-08-27 18:10:00,0.06242011673748493
2026-08-27 18:11:00,0.06242011673748493
2026-08-27 18:12:00,0.06242011673748493
2026-08-27 18:13:00,0.06242011673748493
2026-08-27 18:14:00,0.06242011673748493
2026-08-27 18:15:00,0.06210518628358841
2026-08-27 18:16:00,0.06210518628358841
2026-08-27 18:17:00,0.06210518628358841
2026-08-27 18:18:00,0.06210518628358841
2026-08-27 18:19:00,0.06210518628358841
2026-08-27 18:20:00,0.061743346974253654
2026-08-27 18:21:00,0.061743346974253654
2026-08-27 18:22:00,0.061743346974253654
2026-08-27 18:23:00,0.061743346974253654
2026-08-27 18:24:00,0.061743346974253654
2026-08-27 18:25:00,0.06172905117273331
2026-08-27 18:26:00,0.06172905117273331
2026-08-27 18:27:00,0.06172905117273331
2026-08-27 18:28:00,0.06172905117273331
2026-08-27 18:29:00,0.06172905117273331
2026-08-27 18:30:00,0.062038155272603035
2026-08-27 18:31:00,0.062038155272603035
2026-08-27 18:32:00,0.062038155272603035
2026-08-27 18:33:00,0.062038155272603035
2026-08-27 18:34:00,0.062038155272603035
2026-08-27 18:35:00,0.06201740726828575
2026-08-27 18:36:00,0.06201740726828575
2026-08-27 18:37:00,0.06201740726828575
2026-08-27 18:38:00,0.06201740726828575
2026-08-27 18:39:00,0.06201740726828575
2026-08-27 18:40:00,0.05810783430933952
2026-08-27 18:41:00,0.05810783430933952
2026-08-27 18:42:00,0.05810783430933952
2026-08-27 18:43:00,0.05810783430933952
2026-08-27 18:44:00,0.05810783430933952
2026-08-27 18:45:00,0.05452273041009903
2026-08-27 18:46:00,0.05452273041009903
2026-08-27 18:47:00,0.05452273041009903
2026-08-27 18:48:00,0.05452273041009903
2026-08-27 18:49:00,0.05452273041009903
2026-08-27 18:50:00,0.05256825126707554
2026-08-27 18:51:00,0.05256825126707554
2026-08-27 18:52:00,0.05256825126707554
2026-08-27 18:53:00,0.05256825126707554
2026-08-27 18:54:00,0.05256825126707554
2026-08-27 18:55:00,0.05485495179891586
2026-08-27 18:56:00,0.05485495179891586
2026-08-27 18:57:00,0.05485495179891586
2026-08-27 18:58:00,0.05485495179891586
2026-08-27 18:59:00,0.05485495179891586
2026-08-27 19:00:00,0.059688875451684
2026-08-27 19:01:00,0.059688875451684
2026-08-27 19:02:00,0.059688875451684
2026-08-27 19:03:00,0.059688875451684
2026-08-27 19:04:00,0.059688875451684
2026-08-27 19:05:00,0.061279972083866596
2026-08-27 19:06:00,0.061279972083866596
2026-08-27 19:07:00,0.061279972083866596
2026-08-27 19:08:00,0.061279972083866596
2026-08-27 19:09:00,0.061279972083866596
2026-08-27 19:10:00,0.06506028864532709
2026-08-27 19:11:00,0.06506028864532709
2026-08-27 19:12:00,0.06506028864532709
2026-08-27 19:13:00,0.06506028864532709
2026-08-27 19:14:00,0.06506028864532709
2026-08-27 19:15:00,0.06654640939086676
2026-08-27 19:16:00,0.06654640939086676
2026-08-27 19:17:00,0.06654640939086676
2026-08-27 19:18:00,0.06654640939086676
2026-08-27 19:19:00,0.06654640939086676
2026-08-27 19:20:00,0.06684186775237322
2026-08-27 19:21:00,0.06684186775237322
2026-08-27 19:22:00,0.06684186775237322
2026-08-27 19:23:00,0.06684186775237322
2026-08-27 19:24:00,0.06684186775237322
2026-08-27 19:25:00,0.07144319452345371
2026-08-27 19:26:00,0.07144319452345371
2026-08-27 19:27:00,0.07144319452345371
2026-08-27 19:28:00,0.07144319452345371
2026-08-27 19:29:00,0.07144319452345371
2026-08-27 19:30:00,0.07128465920686722
2026-08-27 19:31:00,0.07128465920686722
2026-08-27 19:32:00,0.07128465920686722
2026-08-27 19:33:00,0.07128465920686722
2026-08-27 19:34:00,0.07128465920686722
2026-08-27 19:35:00,0.06566976010799408
2026-08-27 19:36:00,0.06566976010799408
2026-08-27 19:37:00,0.06566976010799408
2026-08-27 19:38:00,0.06566976010799408
2026-08-27 19:39:00,0.06566976010799408
2026-08-27 19:40:00,0.060960834845900536
2026-08-27 19:41:00,0.060960834845900536
2026-08-27 19:42:00,0.060960834845900536
2026-08-27 19:43:00,0.060960834845900536
2026-08-27 19:44:00,0.060960834845900536
2026-08-27 19:45:00,0.05563334934413433
2026-08-27 19:46:00,0.05563334934413433
2026-08-27 19:47:00,0.05563334934413433
2026-08-27 19:48:00,0.05563334934413433
2026-08-27 19:49:00,0.05563334934413433
2026-08-27 19:50:00,0.05473504215478897
2026-08-27 19:51:00,0.05473504215478897
2026-08-27 19:52:00,0.05473504215478897
2026-08-27 19:53:00,0.05473504215478897
2026-08-27 19:54:00,0.05473504215478897
2026-08-27 19:55:00,0.0575999841094017
2026-08-27 19:56:00,0.0575999841094017
2026-08-27 19:57:00,0.0575999841094017
2026-08-27 19:58:00,0.0575999841094017
2026-08-27 19:59:00,0.0575999841094017
2026-08-27 20:00:00,0.05977982468903065
2026-08-27 20:01:00,0.05977982468903065
2026-08-27 20:02:00,0.05977982468903065
2026-08-27 20:03:00,0.05977982468903065
2026-08-27 20:04:00,0.05977982468903065
2026-08-27 20:05:00,0.060517081059515476
2026-08-27 20:06:00,0.060517081059515476
2026-08-27 20:07:00,0.060517081059515476
2026-08-27 20:08:00,0.060517081059515476
2026-08-27 20:09:00,0.060517081059515476
2026-08-27 20:10:00,0.05711137596517801
2026-08-27 20:11:00,0.05711137596517801
2026-08-27 20:12:00,0.05711137596517801
2026-08-27 20:13:00,0.05711137596517801
2026-08-27 20:14:00,0.05711137596517801
2026-08-27 20:15:00,0.05322716198861599
2026-08-27 20:16:00,0.05322716198861599
2026-08-27 20:17:00,0.05322716198861599
2026-08-27 20:18:00,0.05322716198861599
2026-08-27 20:19:00,0.05322716198861599
2026-08-27 20:20:00,0.050358342938125134
2026-08-27 20:21:00,0.050358342938125134
2026-08-27 20:22:00,0.050358342938125134
2026-08-27 20:23:00,0.050358342938125134
2026-08-27 20:24:00,0.050358342938125134
2026-08-27 20:25:00,0.04823359381407499
2026-08-27 20:26:00,0.04823359381407499
2026-08-27 20:27:00,0.04823359381407499
2026-08-27 20:28:00,0.04823359381407499
2026-08-27 20:29:00,0.04823359381407499
2026-08-27 20:30:00,0.04756903927773237
2026-08-27 20:31:00,0.04756903927773237
2026-08-27 20:32:00,0.04756903927773237
2026-08-27 20:33:00,0.04756903927773237
2026-08-27 20:34:00,0.04756903927773237
2026-08-27 20:35:00,0.04803656321018934
2026-08-27 20:36:00,0.04803656321018934
2026-08-27 20:37:00,0.04803656321018934
2026-08-27 20:38:00,0.04803656321018934
2026-08-27 20:39:00,0.04803656321018934
2026-08-27 20:40:00,0.04956056084483862
2026-08-27 20:41:00,0.04956056084483862
2026-08-27 20:42:00,0.04956056084483862
2026-08-27 20:43:00,0.04956056084483862
2026-08-27 20:44:00,0.04956056084483862
2026-08-27 20:45:00,0.05036675464361906
2026-08-27 20:46:00,0.05036675464361906
2026-08-27 20:47:00,0.05036675464361906
2026-08-27 20:48:00,0.05036675464361906
2026-08-27 20:49:00,0.05036675464361906
2026-08-27 20:50:00,0.05198672693222761
2026-08-27 20:51:00,0.05198672693222761
2026-08-27 20:52:00,0.05198672693222761
2026-08-27 20:53:00,0.05198672693222761
2026-08-27 20:54:00,0.05198672693222761
2026-08-27 20:55:00,0.05525338836014271
2026-08-27 20:56:00,0.05525338836014271
2026-08-27 20:57:00,0.05525338836014271
2026-08-27 20:58:00,0.05525338836014271
2026-08-27 20:59:00,0.05525338836014271
2026-08-27 21:00:00,0.05580899305641651
2026-08-27 21:01:00,0.05580899305641651
2026-08-27 21:02:00,0.05580899305641651
2026-08-27 21:03:00,0.05580899305641651
2026-08-27 21:04:00,0.05580899305641651
2026-08-27 21:05:00,0.057712091132998466
2026-08-27 21:06:00,0.057712091132998466
2026-08-27 21:07:00,0.057712091132998466
2026-08-27 21:08:00,0.057712091132998466
2026-08-27 21:09:00,0.057712091132998466
2026-08-27 21:10:00,0.32017560862004757
2026-08-27 21:11:00,0.32017560862004757
2026-08-27 21:12:00,0.32017560862004757
2026-08-27 21:13:00,0.32017560862004757
2026-08-27 21:14:00,0.32017560862004757
2026-08-27 21:15:00,0.5812147669494152
2026-08-27 21:16:00,0.5812147669494152
2026-08-27 21:17:00,0.5812147669494152
2026-08-27 21:18:00,0.5812147669494152
2026-08-27 21:19:00,0.5812147669494152
2026-08-27 21:20:00,0.844033601693809
2026-08-27 21:21:00,0.844033601693809
2026-08-27 21:22:00,0.844033601693809
2026-08-27 21:23:00,0.844033601693809
2026-08-27 21:24:00,0.844033601693809
2026-08-27 21:25:00,1.1056540310382843
2026-08-27 21:26:00,1.1056540310382843
2026-08-27 21:27:00,1.1056540310382843
2026-08-27 21:28:00,1.1056540310382843
2026-08-27 21:29:00,1.1056540310382843
2026-08-27 21:30:00,0.8709883987903595
2026-08-27 21:31:00,0.8709883987903595
2026-08-27 21:32:00,0.8709883987903595
2026-08-27 21:33:00,0.8709883987903595
2026-08-27 21:34:00,0.8709883987903595
2026-08-27 21:35:00,0.6366434171795845
2026-08-27 21:36:00,0.6366434171795845
2026-08-27 21:37:00,0.6366434171795845
2026-08-27 21:38:00,0.6366434171795845
2026-08-27 21:39:00,0.6366434171795845
2026-08-27 21:40:00,0.40225716680288315
2026-08-27 21:41:00,0.40225716680288315
2026-08-27 21:42:00,0.40225716680288315
2026-08-27 21:43:00,0.40225716680288315
2026-08-27 21:44:00,0.40225716680288315
2026-08-27 21:45:00,0.16615092754364014
2026-08-27 21:46:00,0.16615092754364014
2026-08-27 21:47:00,0.16615092754364014
2026-08-27 21:48:00,0.16615092754364014
2026-08-27 21:49:00,0.16615092754364014
2026-08-27 21:50:00,0.1828816868364811
2026-08-27 21:51:00,0.1828816868364811
2026-08-27 21:52:00,0.1828816868364811
2026-08-27 21:53:00,0.1828816868364811
2026-08-27 21:54:00,0.1828816868364811
2026-08-27 21:55:00,0.19932153820991516
2026-08-27 21:56:00,0.19932153820991516
2026-08-27 21:57:00,0.19932153820991516
2026-08-27 21:58:00,0.19932153820991516
2026-08-27 21:59:00,0.19932153820991516
2026-08-27 22:00:00,0.21656623855233192
2026-08-27 22:01:00,0.21656623855233192
2026-08-27 22:02:00,0.21656623855233192
2026-08-27 22:03:00,0.21656623855233192
2026-08-27 22:04:00,0.21656623855233192
2026-08-27 22:05:00,0.23739075660705566
2026-08-27 22:06:00,0.23739075660705566
2026-08-27 22:07:00,0.23739075660705566
2026-08-27 22:08:00,0.23739075660705566
2026-08-27 22:09:00,0.23739075660705566
2026-08-27 22:10:00,0.23813578113913536
2026-08-27 22:11:00,0.23813578113913536
2026-08-27 22:12:00,0.23813578113913536
2026-08-27 22:13:00,0.23813578113913536
2026-08-27 22:14:00,0.23813578113913536
2026-08-27 22:15:00,0.23814921453595161
2026-08-27 22:16:00,0.23814921453595161
2026-08-27 22:17:00,0.23814921453595161
2026-08-27 22:18:00,0.23814921453595161
2026-08-27 22:19:00,0.23814921453595161
2026-08-27 22:20:00,0.2372443787753582
2026-08-27 22:21:00,0.2372443787753582
2026-08-27 22:22:00,0.2372443787753582
2026-08-27 22:23:00,0.2372443787753582
2026-08-27 22:24:00,0.2372443787753582
2026-08-27 22:25:00,0.23351933434605598
2026-08-27 22:26:00,0.23351933434605598
2026-08-27 22:27:00,0.23351933434605598
2026-08-27 22:28:00,0.23351933434605598
2026-08-27 22:29:00,0.23351933434605598
2026-08-27 22:30:00,0.18833511509001255
2026-08-27 22:31:00,0.18833511509001255
2026-08-27 22:32:00,0.18833511509001255
2026-08-27 22:33:00,0.18833511509001255
2026-08-27 22:34:00,0.18833511509001255
2026-08-27 22:35:00,0.14390711952000856
2026-08-27 22:36:00,0.14390711952000856
2026-08-27 22:37:00,0.14390711952000856
2026-08-27 22:38:00,0.14390711952000856
2026-08-27 22:39:00,0.14390711952000856
2026-08-27 22:40:00,0.10004127118736506
2026-08-27 22:41:00,0.10004127118736506
2026-08-27 22:42:00,0.10004127118736506
2026-08-27 22:43:00,0.10004127118736506
2026-08-27 22:44:00,0.10004127118736506
2026-08-27 22:45:00,0.05637095496058464
2026-08-27 22:46:00,0.05637095496058464
2026-08-27 22:47:00,0.05637095496058464
2026-08-27 22:48:00,0.05637095496058464
2026-08-27 22:49:00,0.05637095496058464
2026-08-27 22:50:00,0.05592867825180292
2026-08-27 22:51:00,0.05592867825180292
2026-08-27 22:52:00,0.05592867825180292
2026-08-27 22:53:00,0.05592867825180292
2026-08-27 22:54:00,0.05592867825180292
2026-08-27 22:55:00,0.05403719004243612
2026-08-27 22:56:00,0.05403719004243612
2026-08-27 22:57:00,0.05403719004243612
2026-08-27 22:58:00,0.05403719004243612
2026-08-27 22:59:00,0.05403719004243612
2026-08-27 23:00:00,0.052539302967488766
2026-08-27 23:01:00,0.052539302967488766
2026-08-27 23:02:00,0.052539302967488766
2026-08-27 23:03:00,0.052539302967488766
2026-08-27 23:04:00,0.052539302967488766
2026-08-27 23:05:00,0.052296641282737255
2026-08-27 23:06:00,0.052296641282737255
2026-08-27 23:07:00,0.052296641282737255
2026-08-27 23:08:00,0.052296641282737255
2026-08-27 23:09:00,0.052296641282737255
2026-08-27 23:10:00,0.052044350653886795
2026-08-27 23:11:00,0.052044350653886795
2026-08-27 23:12:00,0.052044350653886795
2026-08-27 23:13:00,0.052044350653886795
2026-08-27 23:14:00,0.052044350653886795
2026-08-27 23:15:00,0.05587081331759691
2026-08-27 23:16:00,0.05587081331759691
2026-08-27 23:17:00,0.05587081331759691
2026-08-27 23:18:00,0.05587081331759691
2026-08-27 23:19:00,0.05587081331759691
2026-08-27 23:20:00,0.05744295194745064
2026-08-27 23:21:00,0.05744295194745064
2026-08-27 23:22:00,0.05744295194745064
2026-08-27 23:23:00,0.05744295194745064
2026-08-27 23:24:00,0.05744295194745064
2026-08-27 23:25:00,0.055470921099185944
2026-08-27 23:26:00,0.055470921099185944
2026-08-27 23:27:00,0.055470921099185944
2026-08-27 23:28:00,0.055470921099185944
2026-08-27 23:29:00,0.055470921099185944
2026-08-27 23:30:00,0.05440231412649155
2026-08-27 23:31:00,0.05440231412649155
2026-08-27 23:32:00,0.05440231412649155
2026-08-27 23:33:00,0.05440231412649155
2026-08-27 23:34:00,0.05440231412649155
2026-08-27 23:35:00,0.05064048618078232
2026-08-27 23:36:00,0.05064048618078232
2026-08-27 23:37:00,0.05064048618078232
2026-08-27 23:38:00,0.05064048618078232
2026-08-27 23:39:00,0.05064048618078232
2026-08-27 23:40:00,0.050175570882856846
2026-08-27 23:41:00,0.050175570882856846
2026-08-27 23:42:00,0.050175570882856846
2026-08-27 23:43:00,0.050175570882856846
2026-08-27 23:44:00,0.050175570882856846
2026-08-27 23:45:00,0.05686488002538681
2026-08-27 23:46:00,0.05686488002538681
2026-08-27 23:47:00,0.05686488002538681
2026-08-27 23:48:00,0.05686488002538681
2026-08-27 23:49:00,0.05686488002538681
2026-08-27 23:50:00,0.06755003146827221
2026-08-27 23:51:00,0.06755003146827221
2026-08-27 23:52:00,0.06755003146827221
2026-08-27 23:53:00,0.06755003146827221
2026-08-27 23:54:00,0.06755003146827221
2026-08-27 23:55:00,0.07842988893389702
2026-08-27 23:56:00,0.07842988893389702
2026-08-27 23:57:00,0.07842988893389702
2026-08-27 23:58:00,0.07842988893389702
2026-08-27 23:59:00,0.07842988893389702
2026-08-28 00:00:00,0.0844260286539793
2026-08-28 00:01:00,0.0844260286539793
2026-08-28 00:02:00,0.0844260286539793
2026-08-28 00:03:00,0.0844260286539793
2026-08-28 00:04:00,0.0844260286539793
2026-08-28 00:05:00,0.08722474053502083
2026-08-28 00:06:00,0.08722474053502083
2026-08-28 00:07:00,0.08722474053502083
2026-08-28 00:08:00,0.08722474053502083
2026-08-28 00:09:00,0.08722474053502083
2026-08-28 00:10:00,0.08148456923663616
2026-08-28 00:11:00,0.08148456923663616
2026-08-28 00:12:00,0.08148456923663616
2026-08-28 00:13:00,0.08148456923663616
2026-08-28 00:14:00,0.08148456923663616
2026-08-28 00:15:00,0.07163464184850454
2026-08-28 00:16:00,0.07163464184850454
2026-08-28 00:17:00,0.07163464184850454
2026-08-28 00:18:00,0.07163464184850454
2026-08-28 00:19:00,0.07163464184850454
2026-08-28 00:20:00,0.06606857478618622
2026-08-28 00:21:00,0.06606857478618622
2026-08-28 00:22:00,0.06606857478618622
2026-08-28 00:23:00,0.06606857478618622
2026-08-28 00:24:00,0.06606857478618622
2026-08-28 00:25:00,0.060032126493752
2026-08-28 00:26:00,0.060032126493752
2026-08-28 00:27:00,0.060032126493752
2026-08-28 00:28:00,0.060032126493752
2026-08-28 00:29:00,0.060032126493752
2026-08-28 00:30:00,0.06178999412804842
2026-08-28 00:31:00,0.06178999412804842
2026-08-28 00:32:00,0.06178999412804842
2026-08-28 00:33:00,0.06178999412804842
2026-08-28 00:34:00,0.06178999412804842
2026-08-28 00:35:00,0.06521010585129261
2026-08-28 00:36:00,0.06521010585129261
2026-08-28 00:37:00,0.06521010585129261
2026-08-28 00:38:00,0.06521010585129261
2026-08-28 00:39:00,0.06521010585129261
2026-08-28 00:40:00,0.0636196993291378
2026-08-28 00:41:00,0.0636196993291378
2026-08-28 00:42:00,0.0636196993291378
2026-08-28 00:43:00,0.0636196993291378
2026-08-28 00:44:00,0.0636196993291378
2026-08-28 00:45:00,0.062279801815748215
2026-08-28 00:46:00,0.062279801815748215
2026-08-28 00:47:00,0.062279801815748215
2026-08-28 00:48:00,0.062279801815748215
2026-08-28 00:49:00,0.062279801815748215
2026-08-28 00:50:00,0.05525859072804451
2026-08-28 00:51:00,0.05525859072804451
2026-08-28 00:52:00,0.05525859072804451
2026-08-28 00:53:00,0.05525859072804451
2026-08-28 00:54:00,0.05525859072804451
2026-08-28 00:55:00,0.05095471628010273
2026-08-28 00:56:00,0.05095471628010273
2026-08-28 00:57:00,0.05095471628010273
2026-08-28 00:58:00,0.05095471628010273
2026-08-28 00:59:00,0.05095471628010273
2026-08-28 01:00:00,0.04993873927742243
2026-08-28 01:01:00,0.04993873927742243
2026-08-28 01:02:00,0.04993873927742243
2026-08-28 01:03:00,0.04993873927742243
2026-08-28 01:04:00,0.04993873927742243
2026-08-28 01:05:00,0.048662200570106506
2026-08-28 01:06:00,0.048662200570106506
2026-08-28 01:07:00,0.048662200570106506
2026-08-28 01:08:00,0.048662200570106506
2026-08-28 01:09:00,0.048662200570106506
2026-08-28 01:10:00,0.04973692540079355
2026-08-28 01:11:00,0.04973692540079355
2026-08-28 01:12:00,0.04973692540079355
2026-08-28 01:13:00,0.04973692540079355
2026-08-28 01:14:00,0.04973692540079355
2026-08-28 01:15:00,0.05032109655439854
2026-08-28 01:16:00,0.05032109655439854
2026-08-28 01:17:00,0.05032109655439854
2026-08-28 01:18:00,0.05032109655439854
2026-08-28 01:19:00,0.05032109655439854
2026-08-28 01:20:00,0.05155077576637268
2026-08-28 01:21:00,0.05155077576637268
2026-08-28 01:22:00,0.05155077576637268
2026-08-28 01:23:00,0.05155077576637268
2026-08-28 01:24:00,0.05155077576637268
2026-08-28 01:25:00,0.04963737539947033
2026-08-28 01:26:00,0.04963737539947033
2026-08-28 01:27:00,0.04963737539947033
2026-08-28 01:28:00,0.04963737539947033
2026-08-28 01:29:00,0.04963737539947033
2026-08-28 01:30:00,0.04822014458477497
2026-08-28 01:31:00,0.04822014458477497
2026-08-28 01:32:00,0.04822014458477497
2026-08-28 01:33:00,0.04822014458477497
2026-08-28 01:34:00,0.04822014458477497
2026-08-28 01:35:00,0.14563287887722254
2026-08-28 01:36:00,0.14563287887722254
2026-08-28 01:37:00,0.14563287887722254
2026-08-28 01:38:00,0.14563287887722254
2026-08-28 01:39:00,0.14563287887722254
2026-08-28 01:40:00,0.24161995854228735
2026-08-28 01:41:00,0.24161995854228735
2026-08-28 01:42:00,0.24161995854228735
2026-08-28 01:43:00,0.24161995854228735
2026-08-28 01:44:00,0.24161995854228735
2026-08-28 01:45:00,0.3388791987672448
2026-08-28 01:46:00,0.3388791987672448
2026-08-28 01:47:00,0.3388791987672448
2026-08-28 01:48:00,0.3388791987672448
2026-08-28 01:49:00,0.3388791987672448
2026-08-28 01:50:00,0.434961162507534
2026-08-28 01:51:00,0.434961162507534
2026-08-28 01:52:00,0.434961162507534
2026-08-28 01:53:00,0.434961162507534
2026-08-28 01:54:00,0.434961162507534
2026-08-28 01:55:00,0.3406249098479748
2026-08-28 01:56:00,0.3406249098479748
2026-08-28 01:57:00,0.3406249098479748
2026-08-28 01:58:00,0.3406249098479748
2026-08-28 01:59:00,0.3406249098479748
2026-08-28 02:00:00,0.2480178438127041
2026-08-28 02:01:00,0.2480178438127041
2026-08-28 02:02:00,0.2480178438127041
2026-08-28 02:03:00,0.2480178438127041
2026-08-28 02:04:00,0.2480178438127041
2026-08-28 02:05:00,0.15718360804021358
2026-08-28 02:06:00,0.15718360804021358
2026-08-28 02:07:00,0.15718360804021358
2026-08-28 02:08:00,0.15718360804021358
2026-08-28 02:09:00,0.15718360804021358
2026-08-28 02:10:00,0.0696196649223566
2026-08-28 02:11:00,0.0696196649223566
2026-08-28 02:12:00,0.0696196649223566
2026-08-28 02:13:00,0.0696196649223566
2026-08-28 02:14:00,0.0696196649223566
2026-08-28 02:15:00,0.07453745603561401
2026-08-28 02:16:00,0.07453745603561401
2026-08-28 02:17:00,0.07453745603561401
2026-08-28 02:18:00,0.07453745603561401
2026-08-28 02:19:00,0.07453745603561401
2026-08-28 02:20:00,0.07957144640386105
2026-08-28 02:21:00,0.07957144640386105
2026-08-28 02:22:00,0.07957144640386105
2026-08-28 02:23:00,0.07957144640386105
2026-08-28 02:24:00,0.07957144640386105
2026-08-28 02:25:00,0.08313210122287273
2026-08-28 02:26:00,0.08313210122287273
2026-08-28 02:27:00,0.08313210122287273
2026-08-28 02:28:00,0.08313210122287273
2026-08-28 02:29:00,0.08313210122287273
2026-08-28 02:30:00,0.08390687592327595
2026-08-28 02:31:00,0.08390687592327595
2026-08-28 02:32:00,0.08390687592327595
2026-08-28 02:33:00,0.08390687592327595
2026-08-28 02:34:00,0.08390687592327595
2026-08-28 02:35:00,0.08301038295030594
2026-08-28 02:36:00,0.08301038295030594
2026-08-28 02:37:00,0.08301038295030594
2026-08-28 02:38:00,0.08301038295030594
2026-08-28 02:39:00,0.08301038295030594
2026-08-28 02:40:00,0.07748469710350037
2026-08-28 02:41:00,0.07748469710350037
2026-08-28 02:42:00,0.07748469710350037
2026-08-28 02:43:00,0.07748469710350037
2026-08-28 02:44:00,0.07748469710350037
2026-08-28 02:45:00,0.0724392756819725
2026-08-28 02:46:00,0.0724392756819725
2026-08-28 02:47:00,0.0724392756819725
2026-08-28 02:48:00,0.0724392756819725
2026-08-28 02:49:00,0.0724392756819725
2026-08-28 02:50:00,0.06735842116177082
2026-08-28 02:51:00,0.06735842116177082
2026-08-28 02:52:00,0.06735842116177082
2026-08-28 02:53:00,0.06735842116177082
2026-08-28 02:54:00,0.06735842116177082
2026-08-28 02:55:00,0.060342502780258656
2026-08-28 02:56:00,0.060342502780258656
2026-08-28 02:57:00,0.060342502780258656
2026-08-28 02:58:00,0.060342502780258656
2026-08-28 02:59:00,0.060342502780258656
2026-08-28 03:00:00,0.05714633222669363
2026-08-28 03:01:00,0.05714633222669363
2026-08-28 03:02:00,0.05714633222669363
2026-08-28 03:03:00,0.05714633222669363
2026-08-28 03:04:00,0.05714633222669363
2026-08-28 03:05:00,0.05505004432052374
2026-08-28 03:06:00,0.05505004432052374
2026-08-28 03:07:00,0.05505004432052374
2026-08-28 03:08:00,0.05505004432052374
2026-08-28 03:09:00,0.05505004432052374
2026-08-28 03:10:00,0.05433585960417986
2026-08-28 03:11:00,0.05433585960417986
2026-08-28 03:12:00,0.05433585960417986
2026-08-28 03:13:00,0.05433585960417986
2026-08-28 03:14:00,0.05433585960417986
2026-08-28 03:15:00,0.054884822107851505
2026-08-28 03:16:00,0.054884822107851505
2026-08-28 03:17:00,0.054884822107851505
2026-08-28 03:18:00,0.054884822107851505
2026-08-28 03:19:00,0.054884822107851505
2026-08-28 03:20:00,0.05466486047953367
2026-08-28 03:21:00,0.05466486047953367
2026-08-28 03:22:00,0.05466486047953367
2026-08-28 03:23:00,0.05466486047953367
2026-08-28 03:24:00,0.05466486047953367
2026-08-28 03:25:00,0.05426133796572685
2026-08-28 03:26:00,0.05426133796572685
2026-08-28 03:27:00,0.05426133796572685
2026-08-28 03:28:00,0.05426133796572685
2026-08-28 03:29:00,0.05426133796572685
2026-08-28 03:30:00,0.05386111047118902
2026-08-28 03:31:00,0.05386111047118902
2026-08-28 03:32:00,0.05386111047118902
2026-08-28 03:33:00,0.05386111047118902
2026-08-28 03:34:00,0.05386111047118902
2026-08-28 03:35:00,0.053602004423737526
2026-08-28 03:36:00,0.053602004423737526
2026-08-28 03:37:00,0.053602004423737526
2026-08-28 03:38:00,0.053602004423737526
2026-08-28 03:39:00,0.053602004423737526
2026-08-28 03:40:00,0.054168558679521084
2026-08-28 03:41:00,0.054168558679521084
2026-08-28 03:42:00,0.054168558679521084
2026-08-28 03:43:00,0.054168558679521084
2026-08-28 03:44:00,0.054168558679521084
2026-08-28 03:45:00,0.056732891127467155
2026-08-28 03:46:00,0.056732891127467155
2026-08-28 03:47:00,0.056732891127467155
2026-08-28 03:48:00,0.056732891127467155
2026-08-28 03:49:00,0.056732891127467155
2026-08-28 03:50:00,0.05833765957504511
2026-08-28 03:51:00,0.05833765957504511
2026-08-28 03:52:00,0.05833765957504511
2026-08-28 03:53:00,0.05833765957504511
2026-08-28 03:54:00,0.05833765957504511
2026-08-28 03:55:00,0.06183145102113485
2026-08-28 03:56:00,0.06183145102113485
2026-08-28 03:57:00,0.06183145102113485
2026-08-28 03:58:00,0.06183145102113485
2026-08-28 03:59:00,0.06183145102113485
2026-08-28 04:00:00,0.06596858613193035
2026-08-28 04:01:00,0.06596858613193035
2026-08-28 04:02:00,0.06596858613193035
2026-08-28 04:03:00,0.06596858613193035
2026-08-28 04:04:00,0.06596858613193035
2026-08-28 04:05:00,0.06645141914486885
2026-08-28 04:06:00,0.06645141914486885
2026-08-28 04:07:00,0.06645141914486885
2026-08-28 04:08:00,0.06645141914486885
2026-08-28 04:09:00,0.06645141914486885
2026-08-28 04:10:00,0.06730117090046406
2026-08-28 04:11:00,0.06730117090046406
2026-08-28 04:12:00,0.06730117090046406
2026-08-28 04:13:00,0.06730117090046406
2026-08-28 04:14:00,0.06730117090046406
2026-08-28 04:15:00,0.069001954048872
2026-08-28 04:16:00,0.069001954048872
2026-08-28 04:17:00,0.069001954048872
2026-08-28 04:18:00,0.069001954048872
2026-08-28 04:19:00,0.069001954048872
2026-08-28 04:20:00,0.0694885328412056
2026-08-28 04:21:00,0.0694885328412056
2026-08-28 04:22:00,0.0694885328412056
2026-08-28 04:23:00,0.0694885328412056
2026-08-28 04:24:00,0.0694885328412056
2026-08-28 04:25:00,0.07361482083797455
2026-08-28 04:26:00,0.07361482083797455
2026-08-28 04:27:00,0.07361482083797455
2026-08-28 04:28:00,0.07361482083797455
2026-08-28 04:29:00,0.07361482083797455
2026-08-28 04:30:00,0.14999385550618172
2026-08-28 04:31:00,0.14999385550618172
2026-08-28 04:32:00,0.14999385550618172
2026-08-28 04:33:00,0.14999385550618172
2026-08-28 04:34:00,0.14999385550618172
2026-08-28 04:35:00,0.21939079649746418
2026-08-28 04:36:00,0.21939079649746418
2026-08-28 04:37:00,0.21939079649746418
2026-08-28 04:38:00,0.21939079649746418
2026-08-28 04:39:00,0.21939079649746418
2026-08-28 04:40:00,0.28864172101020813
2026-08-28 04:41:00,0.28864172101020813
2026-08-28 04:42:00,0.28864172101020813
2026-08-28 04:43:00,0.28864172101020813
2026-08-28 04:44:00,0.28864172101020813
2026-08-28 04:45:00,0.35516949743032455
2026-08-28 04:46:00,0.35516949743032455
2026-08-28 04:47:00,0.35516949743032455
2026-08-28 04:48:00,0.35516949743032455
2026-08-28 04:49:00,0.35516949743032455
2026-08-28 04:50:00,0.2772050201892853
2026-08-28 04:51:00,0.2772050201892853
2026-08-28 04:52:00,0.2772050201892853
2026-08-28 04:53:00,0.2772050201892853
2026-08-28 04:54:00,0.2772050201892853
2026-08-28 04:55:00,0.20525326393544674
2026-08-28 04:56:00,0.20525326393544674
2026-08-28 04:57:00,0.20525326393544674
2026-08-28 04:58:00,0.20525326393544674
2026-08-28 04:59:00,0.20525326393544674
2026-08-28 05:00:00,0.13561983406543732
2026-08-28 05:01:00,0.13561983406543732
2026-08-28 05:02:00,0.13561983406543732
2026-08-28 05:03:00,0.13561983406543732
2026-08-28 05:04:00,0.13561983406543732
2026-08-28 05:05:00,0.06730930134654045
2026-08-28 05:06:00,0.06730930134654045
2026-08-28 05:07:00,0.06730930134654045
2026-08-28 05:08:00,0.06730930134654045
2026-08-28 05:09:00,0.06730930134654045
2026-08-28 05:10:00,0.06647800654172897
2026-08-28 05:11:00,0.06647800654172897
2026-08-28 05:12:00,0.06647800654172897
2026-08-28 05:13:00,0.06647800654172897
2026-08-28 05:14:00,0.06647800654172897
2026-08-28 05:15:00,0.06458362098783255
2026-08-28 05:16:00,0.06458362098783255
2026-08-28 05:17:00,0.06458362098783255
2026-08-28 05:18:00,0.06458362098783255
2026-08-28 05:19:00,0.06458362098783255
2026-08-28 05:20:00,0.06108050420880318
2026-08-28 05:21:00,0.06108050420880318
2026-08-28 05:22:00,0.06108050420880318
2026-08-28 05:23:00,0.06108050420880318
2026-08-28 05:24:00,0.06108050420880318
2026-08-28 05:25:00,0.05868735536932945
2026-08-28 05:26:00,0.05868735536932945
2026-08-28 05:27:00,0.05868735536932945
2026-08-28 05:28:00,0.05868735536932945
2026-08-28 05:29:00,0.05868735536932945
2026-08-28 05:30:00,0.062338730320334435
2026-08-28 05:31:00,0.062338730320334435
2026-08-28 05:32:00,0.062338730320334435
2026-08-28 05:33:00,0.062338730320334435
2026-08-28 05:34:00,0.062338730320334435
2026-08-28 05:35:00,0.06507805828005075
2026-08-28 05:36:00,0.06507805828005075
2026-08-28 05:37:00,0.06507805828005075
2026-08-28 05:38:00,0.06507805828005075
2026-08-28 05:39:00,0.06507805828005075
2026-08-28 05:40:00,0.06735929474234581
2026-08-28 05:41:00,0.06735929474234581
2026-08-28 05:42:00,0.06735929474234581
2026-08-28 05:43:00,0.06735929474234581
2026-08-28 05:44:00,0.06735929474234581
2026-08-28 05:45:00,0.06728549487888813
2026-08-28 05:46:00,0.06728549487888813
2026-08-28 05:47:00,0.06728549487888813
2026-08-28 05:48:00,0.06728549487888813
2026-08-28 05:49:00,0.06728549487888813
2026-08-28 05:50:00,0.06545138172805309
2026-08-28 05:51:00,0.06545138172805309
2026-08-28 05:52:00,0.06545138172805309
2026-08-28 05:53:00,0.06545138172805309
2026-08-28 05:54:00,0.06545138172805309
2026-08-28 05:55:00,0.25459164939820766
2026-08-28 05:56:00,0.25459164939820766
2026-08-28 05:57:00,0.25459164939820766
2026-08-28 05:58:00,0.25459164939820766
2026-08-28 05:59:00,0.25459164939820766
2026-08-28 06:00:00,0.4456772170960903
2026-08-28 06:01:00,0.4456772170960903
2026-08-28 06:02:00,0.4456772170960903
2026-08-28 06:03:00,0.4456772170960903
2026-08-28 06:04:00,0.4456772170960903
2026-08-28 06:05:00,0.6358797866851091
2026-08-28 06:06:00,0.6358797866851091
2026-08-28 06:07:00,0.6358797866851091
2026-08-28 06:08:00,0.6358797866851091
2026-08-28 06:09:00,0.6358797866851091
2026-08-28 06:10:00,0.8246786743402481
2026-08-28 06:11:00,0.8246786743402481
2026-08-28 06:12:00,0.8246786743402481
2026-08-28 06:13:00,0.8246786743402481
2026-08-28 06:14:00,0.8246786743402481
2026-08-28 06:15:00,0.6547286473214626
2026-08-28 06:16:00,0.6547286473214626
2026-08-28 06:17:00,0.6547286473214626
2026-08-28 06:18:00,0.6547286473214626
2026-08-28 06:19:00,0.6547286473214626
2026-08-28 06:20:00,0.6194343231618404
2026-08-28 06:21:00,0.6194343231618404
2026-08-28 06:22:00,0.6194343231618404
2026-08-28 06:23:00,0.6194343231618404
2026-08-28 06:24:00,0.6194343231618404
2026-08-28 06:25:00,0.5861461572349072
2026-08-28 06:26:00,0.5861461572349072
2026-08-28 06:27:00,0.5861461572349072
2026-08-28 06:28:00,0.5861461572349072
2026-08-28 06:29:00,0.5861461572349072
2026-08-28 06:30:00,0.5547755919396877
2026-08-28 06:31:00,0.5547755919396877
2026-08-28 06:32:00,0.5547755919396877
2026-08-28 06:33:00,0.5547755919396877
2026-08-28 06:34:00,0.5547755919396877
2026-08-28 06:35:00,0.6916150450706482
2026-08-28 06:36:00,0.6916150450706482
2026-08-28 06:37:00,0.6916150450706482
2026-08-28 06:38:00,0.6916150450706482
2026-08-28 06:39:00,0.6916150450706482
2026-08-28 06:40:00,0.5572283528745174
2026-08-28 06:41:00,0.5572283528745174
2026-08-28 06:42:00,0.5572283528745174
2026-08-28 06:43:00,0.5572283528745174
2026-08-28 06:44:00,0.5572283528745174
2026-08-28 06:45:00,0.42104822769761086
2026-08-28 06:46:00,0.42104822769761086
2026-08-28 06:47:00,0.42104822769761086
2026-08-28 06:48:00,0.42104822769761086
2026-08-28 06:49:00,0.42104822769761086
2026-08-28 06:50:00,0.2835558354854584
2026-08-28 06:51:00,0.2835558354854584
2026-08-28 06:52:00,0.2835558354854584
2026-08-28 06:53:00,0.2835558354854584
2026-08-28 06:54:00,0.2835558354854584
2026-08-28 06:55:00,0.1483425460755825
2026-08-28 06:56:00,0.1483425460755825
2026-08-28 06:57:00,0.1483425460755825
2026-08-28 06:58:00,0.1483425460755825
2026-08-28 06:59:00,0.1483425460755825
2026-08-28 07:00:00,0.14887673780322075
2026-08-28 07:01:00,0.14887673780322075
2026-08-28 07:02:00,0.14887673780322075
2026-08-28 07:03:00,0.14887673780322075
2026-08-28 07:04:00,0.14887673780322075
2026-08-28 07:05:00,0.1506364867091179
2026-08-28 07:06:00,0.1506364867091179
2026-08-28 07:07:00,0.1506364867091179
2026-08-28 07:08:00,0.1506364867091179
2026-08-28 07:09:00,0.1506364867091179
2026-08-28 07:10:00,0.1514185331761837
2026-08-28 07:11:00,0.1514185331761837
2026-08-28 07:12:00,0.1514185331761837
2026-08-28 07:13:00,0.1514185331761837
2026-08-28 07:14:00,0.1514185331761837
2026-08-28 07:15:00,0.13458728045225143
2026-08-28 07:16:00,0.13458728045225143
2026-08-28 07:17:00,0.13458728045225143
2026-08-28 07:18:00,0.13458728045225143
2026-08-28 07:19:00,0.13458728045225143
2026-08-28 07:20:00,0.11377633549273014
2026-08-28 07:21:00,0.11377633549273014
2026-08-28 07:22:00,0.11377633549273014
2026-08-28 07:23:00,0.11377633549273014
2026-08-28 07:24:00,0.11377633549273014
2026-08-28 07:25:00,0.09156512282788754
2026-08-28 07:26:00,0.09156512282788754
2026-08-28 07:27:00,0.09156512282788754
2026-08-28 07:28:00,0.09156512282788754
2026-08-28 07:29:00,0.09156512282788754
2026-08-28 07:30:00,0.07158702053129673
2026-08-28 07:31:00,0.07158702053129673
2026-08-28 07:32:00,0.07158702053129673
2026-08-28 07:33:00,0.07158702053129673
2026-08-28 07:34:00,0.07158702053129673
2026-08-28 07:35:00,0.07101689092814922
2026-08-28 07:36:00,0.07101689092814922
2026-08-28 07:37:00,0.07101689092814922
2026-08-28 07:38:00,0.07101689092814922
2026-08-28 07:39:00,0.07101689092814922
2026-08-28 07:40:00,0.07229267992079258
2026-08-28 07:41:00,0.07229267992079258
2026-08-28 07:42:00,0.07229267992079258
2026-08-28 07:43:00,0.07229267992079258
2026-08-28 07:44:00,0.07229267992079258
2026-08-28 07:45:00,0.07447702623903751
2026-08-28 07:46:00,0.07447702623903751
2026-08-28 07:47:00,0.07447702623903751
2026-08-28 07:48:00,0.07447702623903751
2026-08-28 07:49:00,0.07447702623903751
2026-08-28 07:50:00,0.07084966823458672
2026-08-28 07:51:00,0.07084966823458672
2026-08-28 07:52:00,0.07084966823458672
2026-08-28 07:53:00,0.07084966823458672
2026-08-28 07:54:00,0.07084966823458672
2026-08-28 07:55:00,0.06531789433211088
2026-08-28 07:56:00,0.06531789433211088
2026-08-28 07:57:00,0.06531789433211088
2026-08-28 07:58:00,0.06531789433211088
2026-08-28 07:59:00,0.06531789433211088
2026-08-28 08:00:00,0.06280598137527704
2026-08-28 08:01:00,0.06280598137527704
2026-08-28 08:02:00,0.06280598137527704
2026-08-28 08:03:00,0.06280598137527704
2026-08-28 08:04:00,0.06280598137527704
2026-08-28 08:05:00,0.058307280763983727
2026-08-28 08:06:00,0.058307280763983727
2026-08-28 08:07:00,0.058307280763983727
2026-08-28 08:08:00,0.058307280763983727
2026-08-28 08:09:00,0.058307280763983727
2026-08-28 08:10:00,0.06002648640424013
2026-08-28 08:11:00,0.06002648640424013
2026-08-28 08:12:00,0.06002648640424013
2026-08-28 08:13:00,0.06002648640424013
2026-08-28 08:14:00,0.06002648640424013
2026-08-28 08:15:00,0.06127726286649704
2026-08-28 08:16:00,0.06127726286649704
2026-08-28 08:17:00,0.06127726286649704
2026-08-28 08:18:00,0.06127726286649704
2026-08-28 08:19:00,0.06127726286649704
2026-08-28 08:20:00,0.05892788805067539
2026-08-28 08:21:00,0.05892788805067539
2026-08-28 08:22:00,0.05892788805067539
2026-08-28 08:23:00,0.05892788805067539
2026-08-28 08:24:00,0.05892788805067539
2026-08-28 08:25:00,0.05798543989658356
2026-08-28 08:26:00,0.05798543989658356
2026-08-28 08:27:00,0.05798543989658356
2026-08-28 08:28:00,0.05798543989658356
2026-08-28 08:29:00,0.05798543989658356
2026-08-28 08:30:00,0.05618163384497166
2026-08-28 08:31:00,0.05618163384497166
2026-08-28 08:32:00,0.05618163384497166
2026-08-28 08:33:00,0.05618163384497166
2026-08-28 08:34:00,0.05618163384497166
2026-08-28 08:35:00,0.053482203744351864
2026-08-28 08:36:00,0.053482203744351864
2026-08-28 08:37:00,0.053482203744351864
2026-08-28 08:38:00,0.053482203744351864
2026-08-28 08:39:00,0.053482203744351864
2026-08-28 08:40:00,0.05262903403490782
2026-08-28 08:41:00,0.05262903403490782
2026-08-28 08:42:00,0.05262903403490782
2026-08-28 08:43:00,0.05262903403490782
2026-08-28 08:44:00,0.05262903403490782
2026-08-28 08:45:00,0.054454986937344074
2026-08-28 08:46:00,0.054454986937344074
2026-08-28 08:47:00,0.054454986937344074
2026-08-28 08:48:00,0.054454986937344074
2026-08-28 08:49:00,0.054454986937344074
2026-08-28 08:50:00,0.05390917416661978
2026-08-28 08:51:00,0.05390917416661978
2026-08-28 08:52:00,0.05390917416661978
2026-08-28 08:53:00,0.05390917416661978
2026-08-28 08:54:00,0.05390917416661978
2026-08-28 08:55:00,0.05346705671399832
2026-08-28 08:56:00,0.05346705671399832
2026-08-28 08:57:00,0.05346705671399832
2026-08-28 08:58:00,0.05346705671399832
2026-08-28 08:59:00,0.05346705671399832
2026-08-28 09:00:00,0.054622963070869446
2026-08-28 09:01:00,0.054622963070869446
2026-08-28 09:02:00,0.054622963070869446
2026-08-28 09:03:00,0.054622963070869446
2026-08-28 09:04:00,0.054622963070869446
2026-08-28 09:05:00,0.056541415862739086
2026-08-28 09:06:00,0.056541415862739086
2026-08-28 09:07:00,0.056541415862739086
2026-08-28 09:08:00,0.056541415862739086
2026-08-28 09:09:00,0.056541415862739086
2026-08-28 09:10:00,0.06365479528903961
2026-08-28 09:11:00,0.06365479528903961
2026-08-28 09:12:00,0.06365479528903961
2026-08-28 09:13:00,0.06365479528903961
2026-08-28 09:14:00,0.06365479528903961
2026-08-28 09:15:00,0.06979864370077848
2026-08-28 09:16:00,0.06979864370077848
2026-08-28 09:17:00,0.06979864370077848
2026-08-28 09:18:00,0.06979864370077848
2026-08-28 09:19:00,0.06979864370077848
2026-08-28 09:20:00,0.07314995490014553
2026-08-28 09:21:00,0.07314995490014553
2026-08-28 09:22:00,0.07314995490014553
2026-08-28 09:23:00,0.07314995490014553
2026-08-28 09:24:00,0.07314995490014553
2026-08-28 09:25:00,0.07329224981367588
2026-08-28 09:26:00,0.07329224981367588
2026-08-28 09:27:00,0.07329224981367588
2026-08-28 09:28:00,0.07329224981367588
2026-08-28 09:29:00,0.07329224981367588
2026-08-28 09:30:00,0.06718611437827349
2026-08-28 09:31:00,0.06718611437827349
2026-08-28 09:32:00,0.06718611437827349
2026-08-28 09:33:00,0.06718611437827349
2026-08-28 09:34:00,0.06718611437827349
2026-08-28 09:35:00,0.06017354689538479
2026-08-28 09:36:00,0.06017354689538479
2026-08-28 09:37:00,0.06017354689538479
2026-08-28 09:38:00,0.06017354689538479
2026-08-28 09:39:00,0.06017354689538479
2026-08-28 09:40:00,0.055446941405534744
2026-08-28 09:41:00,0.055446941405534744
2026-08-28 09:42:00,0.055446941405534744
2026-08-28 09:43:00,0.055446941405534744
2026-08-28 09:44:00,0.055446941405534744
2026-08-28 09:45:00,0.05323104839771986
2026-08-28 09:46:00,0.05323104839771986
2026-08-28 09:47:00,0.05323104839771986
2026-08-28 09:48:00,0.05323104839771986
2026-08-28 09:49:00,0.05323104839771986
2026-08-28 09:50:00,0.05474704597145319
2026-08-28 09:51:00,0.05474704597145319
2026-08-28 09:52:00,0.05474704597145319
2026-08-28 09:53:00,0.05474704597145319
2026-08-28 09:54:00,0.05474704597145319
2026-08-28 09:55:00,0.056431300938129425
2026-08-28 09:56:00,0.056431300938129425
2026-08-28 09:57:00,0.056431300938129425
2026-08-28 09:58:00,0.056431300938129425
2026-08-28 09:59:00,0.056431300938129425
2026-08-28 10:00:00,0.05900427233427763
2026-08-28 10:01:00,0.05900427233427763
2026-08-28 10:02:00,0.05900427233427763
2026-08-28 10:03:00,0.05900427233427763
2026-08-28 10:04:00,0.05900427233427763
2026-08-28 10:05:00,0.057812866754829884
2026-08-28 10:06:00,0.057812866754829884
2026-08-28 10:07:00,0.057812866754829884
2026-08-28 10:08:00,0.057812866754829884
2026-08-28 10:09:00,0.057812866754829884
2026-08-28 10:10:00,0.057737347669899464
2026-08-28 10:11:00,0.057737347669899464
2026-08-28 10:12:00,0.057737347669899464
2026-08-28 10:13:00,0.057737347669899464
2026-08-28 10:14:00,0.057737347669899464
2026-08-28 10:15:00,0.05899511929601431
2026-08-28 10:16:00,0.05899511929601431
2026-08-28 10:17:00,0.05899511929601431
2026-08-28 10:18:00,0.05899511929601431
2026-08-28 10:19:00,0.05899511929601431
2026-08-28 10:20:00,0.05825644172728062
2026-08-28 10:21:00,0.05825644172728062
2026-08-28 10:22:00,0.05825644172728062
2026-08-28 10:23:00,0.05825644172728062
2026-08-28 10:24:00,0.05825644172728062
2026-08-28 10:25:00,0.05935972649604082
2026-08-28 10:26:00,0.05935972649604082
2026-08-28 10:27:00,0.05935972649604082
2026-08-28 10:28:00,0.05935972649604082
2026-08-28 10:29:00,0.05935972649604082
2026-08-28 10:30:00,0.05647910851985216
2026-08-28 10:31:00,0.05647910851985216
2026-08-28 10:32:00,0.05647910851985216
2026-08-28 10:33:00,0.05647910851985216
2026-08-28 10:34:00,0.05647910851985216
2026-08-28 10:35:00,0.053809674456715584
2026-08-28 10:36:00,0.053809674456715584
2026-08-28 10:37:00,0.053809674456715584
2026-08-28 10:38:00,0.053809674456715584
2026-08-28 10:39:00,0.053809674456715584
2026-08-28 10:40:00,0.05091696511954069
2026-08-28 10:41:00,0.05091696511954069
2026-08-28 10:42:00,0.05091696511954069
2026-08-28 10:43:00,0.05091696511954069
2026-08-28 10:44:00,0.05091696511954069
2026-08-28 10:45:00,0.048764302395284176
2026-08-28 10:46:00,0.048764302395284176
2026-08-28 10:47:00,0.048764302395284176
2026-08-28 10:48:00,0.048764302395284176
2026-08-28 10:49:00,0.048764302395284176
2026-08-28 10:50:00,0.0536925308406353
2026-08-28 10:51:00,0.0536925308406353
2026-08-28 10:52:00,0.0536925308406353
2026-08-28 10:53:00,0.0536925308406353
2026-08-28 10:54:00,0.0536925308406353
2026-08-28 10:55:00,0.062255232594907284
2026-08-28 10:56:00,0.062255232594907284
2026-08-28 10:57:00,0.062255232594907284
2026-08-28 10:58:00,0.062255232594907284
2026-08-28 10:59:00,0.062255232594907284
2026-08-28 11:00:00,0.07069270312786102
2026-08-28 11:01:00,0.07069270312786102
2026-08-28 11:02:00,0.07069270312786102
2026-08-28 11:03:00,0.07069270312786102
2026-08-28 11:04:00,0.07069270312786102
2026-08-28 11:05:00,0.07934284582734108
2026-08-28 11:06:00,0.07934284582734108
2026-08-28 11:07:00,0.07934284582734108
2026-08-28 11:08:00,0.07934284582734108
2026-08-28 11:09:00,0.07934284582734108
2026-08-28 11:10:00,0.07963535748422146
2026-08-28 11:11:00,0.07963535748422146
2026-08-28 11:12:00,0.07963535748422146
2026-08-28 11:13:00,0.07963535748422146
2026-08-28 11:14:00,0.07963535748422146
2026-08-28 11:15:00,0.07405257411301136
2026-08-28 11:16:00,0.07405257411301136
2026-08-28 11:17:00,0.07405257411301136
2026-08-28 11:18:00,0.07405257411301136
2026-08-28 11:19:00,0.07405257411301136
2026-08-28 11:20:00,0.06758795585483313
2026-08-28 11:21:00,0.06758795585483313
2026-08-28 11:22:00,0.06758795585483313
2026-08-28 11:23:00,0.06758795585483313
2026-08-28 11:24:00,0.06758795585483313
2026-08-28 11:25:00,0.059959325939416885
2026-08-28 11:26:00,0.059959325939416885
2026-08-28 11:27:00,0.059959325939416885
2026-08-28 11:28:00,0.059959325939416885
2026-08-28 11:29:00,0.059959325939416885
2026-08-28 11:30:00,0.05579704325646162
2026-08-28 11:31:00,0.05579704325646162
2026-08-28 11:32:00,0.05579704325646162
2026-08-28 11:33:00,0.05579704325646162
2026-08-28 11:34:00,0.05579704325646162
2026-08-28 11:35:00,0.0554559426382184
2026-08-28 11:36:00,0.0554559426382184
2026-08-28 11:37:00,0.0554559426382184
2026-08-28 11:38:00,0.0554559426382184
2026-08-28 11:39:00,0.0554559426382184
2026-08-28 11:40:00,0.05752319097518921
2026-08-28 11:41:00,0.05752319097518921
2026-08-28 11:42:00,0.05752319097518921
2026-08-28 11:43:00,0.05752319097518921
2026-08-28 11:44:00,0.05752319097518921
2026-08-28 11:45:00,0.062145004980266094
2026-08-28 11:46:00,0.062145004980266094
2026-08-28 11:47:00,0.062145004980266094
2026-08-28 11:48:00,0.062145004980266094
2026-08-28 11:49:00,0.062145004980266094
2026-08-28 11:50:00,0.0683936420828104
2026-08-28 11:51:00,0.0683936420828104
2026-08-28 11:52:00,0.0683936420828104
2026-08-28 11:53:00,0.0683936420828104
2026-08-28 11:54:00,0.0683936420828104
2026-08-28 11:55:00,0.07242021337151527
2026-08-28 11:56:00,0.07242021337151527
2026-08-28 11:57:00,0.07242021337151527
2026-08-28 11:58:00,0.07242021337151527
2026-08-28 11:59:00,0.07242021337151527
2026-08-28 12:00:00,0.0699430713430047
2026-08-28 12:01:00,0.0699430713430047
2026-08-28 12:02:00,0.0699430713430047
2026-08-28 12:03:00,0.0699430713430047
2026-08-28 12:04:00,0.0699430713430047
2026-08-28 12:05:00,0.06546095106750727
2026-08-28 12:06:00,0.06546095106750727
2026-08-28 12:07:00,0.06546095106750727
2026-08-28 12:08:00,0.06546095106750727
2026-08-28 12:09:00,0.06546095106750727
2026-08-28 12:10:00,0.15860542375594378
2026-08-28 12:11:00,0.15860542375594378
2026-08-28 12:12:00,0.15860542375594378
2026-08-28 12:13:00,0.15860542375594378
2026-08-28 12:14:00,0.15860542375594378
2026-08-28 12:15:00,0.25151309091597795
2026-08-28 12:16:00,0.25151309091597795
2026-08-28 12:17:00,0.25151309091597795
2026-08-28 12:18:00,0.25151309091597795
2026-08-28 12:19:00,0.25151309091597795
2026-08-28 12:20:00,0.3508736863732338
2026-08-28 12:21:00,0.3508736863732338
2026-08-28 12:22:00,0.3508736863732338
2026-08-28 12:23:00,0.3508736863732338
2026-08-28 12:24:00,0.3508736863732338
2026-08-28 12:25:00,0.44776496291160583
2026-08-28 12:26:00,0.44776496291160583
2026-08-28 12:27:00,0.44776496291160583
2026-08-28 12:28:00,0.44776496291160583
2026-08-28 12:29:00,0.44776496291160583
2026-08-28 12:30:00,0.35306901298463345
2026-08-28 12:31:00,0.35306901298463345
2026-08-28 12:32:00,0.35306901298463345
2026-08-28 12:33:00,0.35306901298463345
2026-08-28 12:34:00,0.35306901298463345
2026-08-28 12:35:00,0.25698902644217014
2026-08-28 12:36:00,0.25698902644217014
2026-08-28 12:37:00,0.25698902644217014
2026-08-28 12:38:00,0.25698902644217014
2026-08-28 12:39:00,0.25698902644217014
2026-08-28 12:40:00,0.16196605004370213
2026-08-28 12:41:00,0.16196605004370213
2026-08-28 12:42:00,0.16196605004370213
2026-08-28 12:43:00,0.16196605004370213
2026-08-28 12:44:00,0.16196605004370213
2026-08-28 12:45:00,0.06684412155300379
2026-08-28 12:46:00,0.06684412155300379
2026-08-28 12:47:00,0.06684412155300379
2026-08-28 12:48:00,0.06684412155300379
2026-08-28 12:49:00,0.06684412155300379
2026-08-28 12:50:00,0.06540676485747099
2026-08-28 12:51:00,0.06540676485747099
2026-08-28 12:52:00,0.06540676485747099
2026-08-28 12:53:00,0.06540676485747099
2026-08-28 12:54:00,0.06540676485747099
2026-08-28 12:55:00,0.0645072590559721
2026-08-28 12:56:00,0.0645072590559721
2026-08-28 12:57:00,0.0645072590559721
2026-08-28 12:58:00,0.0645072590559721
2026-08-28 12:59:00,0.0645072590559721
2026-08-28 13:00:00,0.06107089854776859
2026-08-28 13:01:00,0.06107089854776859
2026-08-28 13:02:00,0.06107089854776859
2026-08-28 13:03:00,0.06107089854776859
2026-08-28 13:04:00,0.06107089854776859
2026-08-28 13:05:00,0.06063026562333107
2026-08-28 13:06:00,0.06063026562333107
2026-08-28 13:07:00,0.06063026562333107
2026-08-28 13:08:00,0.06063026562333107
2026-08-28 13:09:00,0.06063026562333107
2026-08-28 13:10:00,0.058354465290904045
2026-08-28 13:11:00,0.058354465290904045
2026-08-28 13:12:00,0.058354465290904045
2026-08-28 13:13:00,0.058354465290904045
2026-08-28 13:14:00,0.058354465290904045
2026-08-28 13:15:00,0.05814794450998306
2026-08-28 13:16:00,0.05814794450998306
2026-08-28 13:17:00,0.05814794450998306
2026-08-28 13:18:00,0.05814794450998306
2026-08-28 13:19:00,0.05814794450998306
2026-08-28 13:20:00,0.056545741856098175
2026-08-28 13:21:00,0.056545741856098175
2026-08-28 13:22:00,0.056545741856098175
2026-08-28 13:23:00,0.056545741856098175
2026-08-28 13:24:00,0.056545741856098175
2026-08-28 13:25:00,0.05530427861958742
2026-08-28 13:26:00,0.05530427861958742
2026-08-28 13:27:00,0.05530427861958742
2026-08-28 13:28:00,0.05530427861958742
2026-08-28 13:29:00,0.05530427861958742
2026-08-28 13:30:00,0.05337729025632143
2026-08-28 13:31:00,0.05337729025632143
2026-08-28 13:32:00,0.05337729025632143
2026-08-28 13:33:00,0.05337729025632143
2026-08-28 13:34:00,0.05337729025632143
2026-08-28 13:35:00,0.05192584730684757
2026-08-28 13:36:00,0.05192584730684757
2026-08-28 13:37:00,0.05192584730684757
2026-08-28 13:38:00,0.05192584730684757
2026-08-28 13:39:00,0.05192584730684757
2026-08-28 13:40:00,0.051882026717066765
2026-08-28 13:41:00,0.051882026717066765
2026-08-28 13:42:00,0.051882026717066765
2026-08-28 13:43:00,0.051882026717066765
2026-08-28 13:44:00,0.051882026717066765
2026-08-28 13:45:00,0.05241711623966694
2026-08-28 13:46:00,0.05241711623966694
2026-08-28 13:47:00,0.05241711623966694
2026-08-28 13:48:00,0.05241711623966694
2026-08-28 13:49:00,0.05241711623966694
2026-08-28 13:50:00,0.059627631679177284
2026-08-28 13:51:00,0.059627631679177284
2026-08-28 13:52:00,0.059627631679177284
2026-08-28 13:53:00,0.059627631679177284
2026-08-28 13:54:00,0.059627631679177284
2026-08-28 13:55:00,0.06958503648638725
2026-08-28 13:56:00,0.06958503648638725
2026-08-28 13:57:00,0.06958503648638725
2026-08-28 13:58:00,0.06958503648638725
2026-08-28 13:59:00,0.06958503648638725
2026-08-28 14:00:00,0.08072028495371342
2026-08-28 14:01:00,0.08072028495371342
2026-08-28 14:02:00,0.08072028495371342
2026-08-28 14:03:00,0.08072028495371342
2026-08-28 14:04:00,0.08072028495371342
2026-08-28 14:05:00,0.0876206997781992
2026-08-28 14:06:00,0.0876206997781992
2026-08-28 14:07:00,0.0876206997781992
2026-08-28 14:08:00,0.0876206997781992
2026-08-28 14:09:00,0.0876206997781992
2026-08-28 14:10:00,0.08264523278921843
2026-08-28 14:11:00,0.08264523278921843
2026-08-28 14:12:00,0.08264523278921843
2026-08-28 14:13:00,0.08264523278921843
2026-08-28 14:14:00,0.08264523278921843
2026-08-28 14:15:00,0.07192546967417002
2026-08-28 14:16:00,0.07192546967417002
2026-08-28 14:17:00,0.07192546967417002
2026-08-28 14:18:00,0.07192546967417002
2026-08-28 14:19:00,0.07192546967417002
2026-08-28 14:20:00,0.06366558745503426
2026-08-28 14:21:00,0.06366558745503426
2026-08-28 14:22:00,0.06366558745503426
2026-08-28 14:23:00,0.06366558745503426
2026-08-28 14:24:00,0.06366558745503426
2026-08-28 14:25:00,0.06143954209983349
2026-08-28 14:26:00,0.06143954209983349
2026-08-28 14:27:00,0.06143954209983349
2026-08-28 14:28:00,0.06143954209983349
2026-08-28 14:29:00,0.06143954209983349
2026-08-28 14:30:00,0.0650674244388938
2026-08-28 14:31:00,0.0650674244388938
2026-08-28 14:32:00,0.0650674244388938
2026-08-28 14:33:00,0.0650674244388938
2026-08-28 14:34:00,0.0650674244388938
2026-08-28 14:35:00,0.07121677231043577
2026-08-28 14:36:00,0.07121677231043577
2026-08-28 14:37:00,0.07121677231043577
2026-08-28 14:38:00,0.07121677231043577
2026-08-28 14:39:00,0.07121677231043577
2026-08-28 14:40:00,0.07296415232121944
2026-08-28 14:41:00,0.07296415232121944
2026-08-28 14:42:00,0.07296415232121944
2026-08-28 14:43:00,0.07296415232121944
2026-08-28 14:44:00,0.07296415232121944
2026-08-28 14:45:00,0.0659688888117671
2026-08-28 14:46:00,0.0659688888117671
2026-08-28 14:47:00,0.0659688888117671
2026-08-28 14:48:00,0.0659688888117671
2026-08-28 14:49:00,0.0659688888117671
2026-08-28 14:50:00,0.05800416227430105
2026-08-28 14:51:00,0.05800416227430105
2026-08-28 14:52:00,0.05800416227430105
2026-08-28 14:53:00,0.05800416227430105
2026-08-28 14:54:00,0.05800416227430105
2026-08-28 14:55:00,0.051652838476002216
2026-08-28 14:56:00,0.051652838476002216
2026-08-28 14:57:00,0.051652838476002216
2026-08-28 14:58:00,0.051652838476002216
2026-08-28 14:59:00,0.051652838476002216
2026-08-28 15:00:00,0.0488611925393343
2026-08-28 15:01:00,0.0488611925393343
2026-08-28 15:02:00,0.0488611925393343
2026-08-28 15:03:00,0.0488611925393343
2026-08-28 15:04:00,0.0488611925393343
2026-08-28 15:05:00,0.04971873667091131
2026-08-28 15:06:00,0.04971873667091131
2026-08-28 15:07:00,0.04971873667091131
2026-08-28 15:08:00,0.04971873667091131
2026-08-28 15:09:00,0.04971873667091131
2026-08-28 15:10:00,0.05101996660232544
2026-08-28 15:11:00,0.05101996660232544
2026-08-28 15:12:00,0.05101996660232544
2026-08-28 15:13:00,0.05101996660232544
2026-08-28 15:14:00,0.05101996660232544
2026-08-28 15:15:00,0.05131051316857338
2026-08-28 15:16:00,0.05131051316857338
2026-08-28 15:17:00,0.05131051316857338
2026-08-28 15:18:00,0.05131051316857338
2026-08-28 15:19:00,0.05131051316857338
2026-08-28 15:20:00,0.05082725826650858
2026-08-28 15:21:00,0.05082725826650858
2026-08-28 15:22:00,0.05082725826650858
2026-08-28 15:23:00,0.05082725826650858
2026-08-28 15:24:00,0.05082725826650858
2026-08-28 15:25:00,0.0519008357077837
2026-08-28 15:26:00,0.0519008357077837
2026-08-28 15:27:00,0.0519008357077837
2026-08-28 15:28:00,0.0519008357077837
2026-08-28 15:29:00,0.0519008357077837
2026-08-28 15:30:00,0.055502429604530334
2026-08-28 15:31:00,0.055502429604530334
2026-08-28 15:32:00,0.055502429604530334
2026-08-28 15:33:00,0.055502429604530334
2026-08-28 15:34:00,0.055502429604530334
2026-08-28 15:35:00,0.05976893752813339
2026-08-28 15:36:00,0.05976893752813339
2026-08-28 15:37:00,0.05976893752813339
2026-08-28 15:38:00,0.05976893752813339
2026-08-28 15:39:00,0.05976893752813339
2026-08-28 15:40:00,0.059356531128287315
2026-08-28 15:41:00,0.059356531128287315
2026-08-28 15:42:00,0.059356531128287315
2026-08-28 15:43:00,0.059356531128287315
2026-08-28 15:44:00,0.059356531128287315
2026-08-28 15:45:00,0.05846322514116764
2026-08-28 15:46:00,0.05846322514116764
2026-08-28 15:47:00,0.05846322514116764
2026-08-28 15:48:00,0.05846322514116764
2026-08-28 15:49:00,0.05846322514116764
2026-08-28 15:50:00,0.05905688647180796
2026-08-28 15:51:00,0.05905688647180796
2026-08-28 15:52:00,0.05905688647180796
2026-08-28 15:53:00,0.05905688647180796
2026-08-28 15:54:00,0.05905688647180796
2026-08-28 15:55:00,0.15151989180594683
2026-08-28 15:56:00,0.15151989180594683
2026-08-28 15:57:00,0.15151989180594683
2026-08-28 15:58:00,0.15151989180594683
2026-08-28 15:59:00,0.15151989180594683
2026-08-28 16:00:00,0.24459378514438868
2026-08-28 16:01:00,0.24459378514438868
2026-08-28 16:02:00,0.24459378514438868
2026-08-28 16:03:00,0.24459378514438868
2026-08-28 16:04:00,0.24459378514438868
2026-08-28 16:05:00,0.3383802901953459
2026-08-28 16:06:00,0.3383802901953459
2026-08-28 16:07:00,0.3383802901953459
2026-08-28 16:08:00,0.3383802901953459
2026-08-28 16:09:00,0.3383802901953459
2026-08-28 16:10:00,0.42754969745874405
2026-08-28 16:11:00,0.42754969745874405
2026-08-28 16:12:00,0.42754969745874405
2026-08-28 16:13:00,0.42754969745874405
2026-08-28 16:14:00,0.42754969745874405
2026-08-28 16:15:00,0.3359320294111967
2026-08-28 16:16:00,0.3359320294111967
2026-08-28 16:17:00,0.3359320294111967
2026-08-28 16:18:00,0.3359320294111967
2026-08-28 16:19:00,0.3359320294111967
2026-08-28 16:20:00,0.24652650766074657
2026-08-28 16:21:00,0.24652650766074657
2026-08-28 16:22:00,0.24652650766074657
2026-08-28 16:23:00,0.24652650766074657
2026-08-28 16:24:00,0.24652650766074657
2026-08-28 16:25:00,0.15523343812674284
2026-08-28 16:26:00,0.15523343812674284
2026-08-28 16:27:00,0.15523343812674284
2026-08-28 16:28:00,0.15523343812674284
2026-08-28 16:29:00,0.15523343812674284
2026-08-28 16:30:00,0.06714612152427435
2026-08-28 16:31:00,0.06714612152427435
2026-08-28 16:32:00,0.06714612152427435
2026-08-28 16:33:00,0.06714612152427435
2026-08-28 16:34:00,0.06714612152427435
2026-08-28 16:35:00,0.06597606744617224
2026-08-28 16:36:00,0.06597606744617224
2026-08-28 16:37:00,0.06597606744617224
2026-08-28 16:38:00,0.06597606744617224
2026-08-28 16:39:00,0.06597606744617224
2026-08-28 16:40:00,0.06606648955494165
2026-08-28 16:41:00,0.06606648955494165
2026-08-28 16:42:00,0.06606648955494165
2026-08-28 16:43:00,0.06606648955494165
2026-08-28 16:44:00,0.06606648955494165
2026-08-28 16:45:00,0.06879118084907532
2026-08-28 16:46:00,0.06879118084907532
2026-08-28 16:47:00,0.06879118084907532
2026-08-28 16:48:00,0.06879118084907532
2026-08-28 16:49:00,0.06879118084907532
2026-08-28 16:50:00,0.06837178766727448
2026-08-28 16:51:00,0.06837178766727448
2026-08-28 16:52:00,0.06837178766727448
2026-08-28 16:53:00,0.06837178766727448
2026-08-28 16:54:00,0.06837178766727448
2026-08-28 16:55:00,0.07011029869318008
2026-08-28 16:56:00,0.07011029869318008
2026-08-28 16:57:00,0.07011029869318008
2026-08-28 16:58:00,0.07011029869318008
2026-08-28 16:59:00,0.07011029869318008
2026-08-28 17:00:00,0.06850980594754219
2026-08-28 17:01:00,0.06850980594754219
2026-08-28 17:02:00,0.06850980594754219
2026-08-28 17:03:00,0.06850980594754219
2026-08-28 17:04:00,0.06850980594754219
2026-08-28 17:05:00,0.06691904179751873
2026-08-28 17:06:00,0.06691904179751873
2026-08-28 17:07:00,0.06691904179751873
2026-08-28 17:08:00,0.06691904179751873
2026-08-28 17:09:00,0.06691904179751873
2026-08-28 17:10:00,0.06640163995325565
2026-08-28 17:11:00,0.06640163995325565
2026-08-28 17:12:00,0.06640163995325565
2026-08-28 17:13:00,0.06640163995325565
2026-08-28 17:14:00,0.06640163995325565
2026-08-28 17:15:00,0.06141306646168232
2026-08-28 17:16:00,0.06141306646168232
2026-08-28 17:17:00,0.06141306646168232
2026-08-28 17:18:00,0.06141306646168232
2026-08-28 17:19:00,0.06141306646168232
2026-08-28 17:20:00,0.09995239600539207
2026-08-28 17:21:00,0.09995239600539207
2026-08-28 17:22:00,0.09995239600539207
2026-08-28 17:23:00,0.09995239600539207
2026-08-28 17:24:00,0.09995239600539207
2026-08-28 17:25:00,0.1376099269837141
2026-08-28 17:26:00,0.1376099269837141
2026-08-28 17:27:00,0.1376099269837141
2026-08-28 17:28:00,0.1376099269837141
2026-08-28 17:29:00,0.1376099269837141
2026-08-28 17:30:00,0.1750552263110876
2026-08-28 17:31:00,0.1750552263110876
2026-08-28 17:32:00,0.1750552263110876
2026-08-28 17:33:00,0.1750552263110876
2026-08-28 17:34:00,0.1750552263110876
2026-08-28 17:35:00,0.21473966911435127
2026-08-28 17:36:00,0.21473966911435127
2026-08-28 17:37:00,0.21473966911435127
2026-08-28 17:38:00,0.21473966911435127
2026-08-28 17:39:00,0.21473966911435127
2026-08-28 17:40:00,0.17525826953351498
2026-08-28 17:41:00,0.17525826953351498
2026-08-28 17:42:00,0.17525826953351498
2026-08-28 17:43:00,0.17525826953351498
2026-08-28 17:44:00,0.17525826953351498
2026-08-28 17:45:00,0.13759896345436573
2026-08-28 17:46:00,0.13759896345436573
2026-08-28 17:47:00,0.13759896345436573
2026-08-28 17:48:00,0.13759896345436573
2026-08-28 17:49:00,0.13759896345436573
2026-08-28 17:50:00,0.10218233801424503
2026-08-28 17:51:00,0.10218233801424503
2026-08-28 17:52:00,0.10218233801424503
2026-08-28 17:53:00,0.10218233801424503
2026-08-28 17:54:00,0.10218233801424503
2026-08-28 17:55:00,0.06774795427918434
2026-08-28 17:56:00,0.06774795427918434
2026-08-28 17:57:00,0.06774795427918434
2026-08-28 17:58:00,0.06774795427918434
2026-08-28 17:59:00,0.06774795427918434
2026-08-28 18:00:00,0.0714282188564539
2026-08-28 18:01:00,0.0714282188564539
2026-08-28 18:02:00,0.0714282188564539
2026-08-28 18:03:00,0.0714282188564539
2026-08-28 18:04:00,0.0714282188564539
2026-08-28 18:05:00,0.07165561802685261
2026-08-28 18:06:00,0.07165561802685261
2026-08-28 18:07:00,0.07165561802685261
2026-08-28 18:08:00,0.07165561802685261
2026-08-28 18:09:00,0.07165561802685261
2026-08-28 18:10:00,0.2913340423256159
2026-08-28 18:11:00,0.2913340423256159
2026-08-28 18:12:00,0.2913340423256159
2026-08-28 18:13:00,0.2913340423256159
2026-08-28 18:14:00,0.2913340423256159
2026-08-28 18:15:00,0.5149448402225971
2026-08-28 18:16:00,0.5149448402225971
2026-08-28 18:17:00,0.5149448402225971
2026-08-28 18:18:00,0.5149448402225971
2026-08-28 18:19:00,0.5149448402225971
2026-08-28 18:20:00,0.7379374913871288
2026-08-28 18:21:00,0.7379374913871288
2026-08-28 18:22:00,0.7379374913871288
2026-08-28 18:23:00,0.7379374913871288
2026-08-28 18:24:00,0.7379374913871288
2026-08-28 18:25:00,0.9663675725460052
2026-08-28 18:26:00,0.9663675725460052
2026-08-28 18:27:00,0.9663675725460052
2026-08-28 18:28:00,0.9663675725460052
2026-08-28 18:29:00,0.9663675725460052
2026-08-28 18:30:00,0.7645736411213875
2026-08-28 18:31:00,0.7645736411213875
2026-08-28 18:32:00,0.7645736411213875
2026-08-28 18:33:00,0.7645736411213875
2026-08-28 18:34:00,0.7645736411213875
2026-08-28 18:35:00,0.544697243720293
2026-08-28 18:36:00,0.544697243720293
2026-08-28 18:37:00,0.544697243720293
2026-08-28 18:38:00,0.544697243720293
2026-08-28 18:39:00,0.544697243720293
2026-08-28 18:40:00,0.3243891969323158
2026-08-28 18:41:00,0.3243891969323158
2026-08-28 18:42:00,0.3243891969323158
2026-08-28 18:43:00,0.3243891969323158
2026-08-28 18:44:00,0.3243891969323158
2026-08-28 18:45:00,0.10639995336532593
2026-08-28 18:46:00,0.10639995336532593
2026-08-28 18:47:00,0.10639995336532593
2026-08-28 18:48:00,0.10639995336532593
2026-08-28 18:49:00,0.10639995336532593
2026-08-28 18:50:00,0.09716103598475456
2026-08-28 18:51:00,0.09716103598475456
2026-08-28 18:52:00,0.09716103598475456
2026-08-28 18:53:00,0.09716103598475456
2026-08-28 18:54:00,0.09716103598475456
2026-08-28 18:55:00,0.10215525515377522
2026-08-28 18:56:00,0.10215525515377522
2026-08-28 18:57:00,0.10215525515377522
2026-08-28 18:58:00,0.10215525515377522
2026-08-28 18:59:00,0.10215525515377522
2026-08-28 19:00:00,0.10806517861783504
2026-08-28 19:01:00,0.10806517861783504
2026-08-28 19:02:00,0.10806517861783504
2026-08-28 19:03:00,0.10806517861783504
2026-08-28 19:04:00,0.10806517861783504
2026-08-28 19:05:00,0.10616561025381088
2026-08-28 19:06:00,0.10616561025381088
2026-08-28 19:07:00,0.10616561025381088
2026-08-28 19:08:00,0.10616561025381088
2026-08-28 19:09:00,0.10616561025381088
2026-08-28 19:10:00,0.10573625192046165
2026-08-28 19:11:00,0.10573625192046165
2026-08-28 19:12:00,0.10573625192046165
2026-08-28 19:13:00,0.10573625192046165
2026-08-28 19:14:00,0.10573625192046165
2026-08-28 19:15:00,0.10399975255131721
2026-08-28 19:16:00,0.10399975255131721
2026-08-28 19:17:00,0.10399975255131721
2026-08-28 19:18:00,0.10399975255131721
2026-08-28 19:19:00,0.10399975255131721
2026-08-28 19:20:00,0.10154744796454906
2026-08-28 19:21:00,0.10154744796454906
2026-08-28 19:22:00,0.10154744796454906
2026-08-28 19:23:00,0.10154744796454906
2026-08-28 19:24:00,0.10154744796454906
2026-08-28 19:25:00,0.10063639469444752
2026-08-28 19:26:00,0.10063639469444752
2026-08-28 19:27:00,0.10063639469444752
2026-08-28 19:28:00,0.10063639469444752
2026-08-28 19:29:00,0.10063639469444752
2026-08-28 19:30:00,0.08723112847656012
2026-08-28 19:31:00,0.08723112847656012
2026-08-28 19:32:00,0.08723112847656012
2026-08-28 19:33:00,0.08723112847656012
2026-08-28 19:34:00,0.08723112847656012
2026-08-28 19:35:00,0.07531573809683323
2026-08-28 19:36:00,0.07531573809683323
2026-08-28 19:37:00,0.07531573809683323
2026-08-28 19:38:00,0.07531573809683323
2026-08-28 19:39:00,0.07531573809683323
2026-08-28 19:40:00,0.06457721162587404
2026-08-28 19:41:00,0.06457721162587404
2026-08-28 19:42:00,0.06457721162587404
2026-08-28 19:43:00,0.06457721162587404
2026-08-28 19:44:00,0.06457721162587404
2026-08-28 19:45:00,0.051101009361445904
2026-08-28 19:46:00,0.051101009361445904
2026-08-28 19:47:00,0.051101009361445904
2026-08-28 19:48:00,0.051101009361445904
2026-08-28 19:49:00,0.051101009361445904
2026-08-28 19:50:00,0.05195136182010174
2026-08-28 19:51:00,0.05195136182010174
2026-08-28 19:52:00,0.05195136182010174
2026-08-28 19:53:00,0.05195136182010174
2026-08-28 19:54:00,0.05195136182010174
2026-08-28 19:55:00,0.053920118138194084
2026-08-28 19:56:00,0.053920118138194084
2026-08-28 19:57:00,0.053920118138194084
2026-08-28 19:58:00,0.053920118138194084
2026-08-28 19:59:00,0.053920118138194084
2026-08-28 20:00:00,0.053728087805211544
2026-08-28 20:01:00,0.053728087805211544
2026-08-28 20:02:00,0.053728087805211544
2026-08-28 20:03:00,0.053728087805211544
2026-08-28 20:04:00,0.053728087805211544
2026-08-28 20:05:00,0.059059045277535915
2026-08-28 20:06:00,0.059059045277535915
2026-08-28 20:07:00,0.059059045277535915
2026-08-28 20:08:00,0.059059045277535915
2026-08-28 20:09:00,0.059059045277535915
2026-08-28 20:10:00,0.060018341057002544
2026-08-28 20:11:00,0.060018341057002544
2026-08-28 20:12:00,0.060018341057002544
2026-08-28 20:13:00,0.060018341057002544
2026-08-28 20:14:00,0.060018341057002544
2026-08-28 20:15:00,0.05890160519629717
2026-08-28 20:16:00,0.05890160519629717
2026-08-28 20:17:00,0.05890160519629717
2026-08-28 20:18:00,0.05890160519629717
2026-08-28 20:19:00,0.05890160519629717
2026-08-28 20:20:00,0.06235102470964193
2026-08-28 20:21:00,0.06235102470964193
2026-08-28 20:22:00,0.06235102470964193
2026-08-28 20:23:00,0.06235102470964193
2026-08-28 20:24:00,0.06235102470964193
2026-08-28 20:25:00,0.06388035137206316
2026-08-28 20:26:00,0.06388035137206316
2026-08-28 20:27:00,0.06388035137206316
2026-08-28 20:28:00,0.06388035137206316
2026-08-28 20:29:00,0.06388035137206316
2026-08-28 20:30:00,0.06459963228553534
2026-08-28 20:31:00,0.06459963228553534
2026-08-28 20:32:00,0.06459963228553534
2026-08-28 20:33:00,0.06459963228553534
2026-08-28 20:34:00,0.06459963228553534
2026-08-28 20:35:00,0.06587815005332232
2026-08-28 20:36:00,0.06587815005332232
2026-08-28 20:37:00,0.06587815005332232
2026-08-28 20:38:00,0.06587815005332232
2026-08-28 20:39:00,0.06587815005332232
2026-08-28 20:40:00,0.06474220659583807
2026-08-28 20:41:00,0.06474220659583807
2026-08-28 20:42:00,0.06474220659583807
2026-08-28 20:43:00,0.06474220659583807
2026-08-28 20:44:00,0.06474220659583807
2026-08-28 20:45:00,0.06511618290096521
2026-08-28 20:46:00,0.06511618290096521
2026-08-28 20:47:00,0.06511618290096521
2026-08-28 20:48:00,0.06511618290096521
2026-08-28 20:49:00,0.06511618290096521
2026-08-28 20:50:00,0.07087461557239294
2026-08-28 20:51:00,0.07087461557239294
2026-08-28 20:52:00,0.07087461557239294
2026-08-28 20:53:00,0.07087461557239294
2026-08-28 20:54:00,0.07087461557239294
2026-08-28 20:55:00,0.07662420906126499
2026-08-28 20:56:00,0.07662420906126499
2026-08-28 20:57:00,0.07662420906126499
2026-08-28 20:58:00,0.07662420906126499
2026-08-28 20:59:00,0.07662420906126499
2026-08-28 21:00:00,0.08115900121629238
2026-08-28 21:01:00,0.08115900121629238
2026-08-28 21:02:00,0.08115900121629238
2026-08-28 21:03:00,0.08115900121629238
2026-08-28 21:04:00,0.08115900121629238
2026-08-28 21:05:00,0.0779039403423667
2026-08-28 21:06:00,0.0779039403423667
2026-08-28 21:07:00,0.0779039403423667
2026-08-28 21:08:00,0.0779039403423667
2026-08-28 21:09:00,0.0779039403423667
2026-08-28 21:10:00,0.06892842333763838
2026-08-28 21:11:00,0.06892842333763838
2026-08-28 21:12:00,0.06892842333763838
2026-08-28 21:13:00,0.06892842333763838
2026-08-28 21:14:00,0.06892842333763838
2026-08-28 21:15:00,0.05877851974219084
2026-08-28 21:16:00,0.05877851974219084
2026-08-28 21:17:00,0.05877851974219084
2026-08-28 21:18:00,0.05877851974219084
2026-08-28 21:19:00,0.05877851974219084
2026-08-28 21:20:00,0.05138377379626036
2026-08-28 21:21:00,0.05138377379626036
2026-08-28 21:22:00,0.05138377379626036
2026-08-28 21:23:00,0.05138377379626036
2026-08-28 21:24:00,0.05138377379626036
2026-08-28 21:25:00,0.04898920748382807
2026-08-28 21:26:00,0.04898920748382807
2026-08-28 21:27:00,0.04898920748382807
2026-08-28 21:28:00,0.04898920748382807
2026-08-28 21:29:00,0.04898920748382807
2026-08-28 21:30:00,0.051846107468008995
2026-08-28 21:31:00,0.051846107468008995
2026-08-28 21:32:00,0.051846107468008995
2026-08-28 21:33:00,0.051846107468008995
2026-08-28 21:34:00,0.051846107468008995
2026-08-28 21:35:00,0.05626800190657377
2026-08-28 21:36:00,0.05626800190657377
2026-08-28 21:37:00,0.05626800190657377
2026-08-28 21:38:00,0.05626800190657377
2026-08-28 21:39:00,0.05626800190657377
2026-08-28 21:40:00,0.05898377392441034
2026-08-28 21:41:00,0.05898377392441034
2026-08-28 21:42:00,0.05898377392441034
2026-08-28 21:43:00,0.05898377392441034
2026-08-28 21:44:00,0.05898377392441034
2026-08-28 21:45:00,0.06017596833407879
2026-08-28 21:46:00,0.06017596833407879
2026-08-28 21:47:00,0.06017596833407879
2026-08-28 21:48:00,0.06017596833407879
2026-08-28 21:49:00,0.06017596833407879
2026-08-28 21:50:00,0.05951582361012697
2026-08-28 21:51:00,0.05951582361012697
2026-08-28 21:52:00,0.05951582361012697
2026-08-28 21:53:00,0.05951582361012697
2026-08-28 21:54:00,0.05951582361012697
2026-08-28 21:55:00,0.056853911839425564
2026-08-28 21:56:00,0.056853911839425564
2026-08-28 21:57:00,0.056853911839425564
2026-08-28 21:58:00,0.056853911839425564
2026-08-28 21:59:00,0.056853911839425564
2026-08-28 22:00:00,0.05367588251829147
2026-08-28 22:01:00,0.05367588251829147
2026-08-28 22:02:00,0.05367588251829147
2026-08-28 22:03:00,0.05367588251829147
2026-08-28 22:04:00,0.05367588251829147
2026-08-28 22:05:00,0.0551514346152544
2026-08-28 22:06:00,0.0551514346152544
2026-08-28 22:07:00,0.0551514346152544
2026-08-28 22:08:00,0.0551514346152544
2026-08-28 22:09:00,0.0551514346152544
2026-08-28 22:10:00,0.05327185895293951
2026-08-28 22:11:00,0.05327185895293951
2026-08-28 22:12:00,0.05327185895293951
2026-08-28 22:13:00,0.05327185895293951
2026-08-28 22:14:00,0.05327185895293951
2026-08-28 22:15:00,0.05361356772482395
2026-08-28 22:16:00,0.05361356772482395
2026-08-28 22:17:00,0.05361356772482395
2026-08-28 22:18:00,0.05361356772482395
2026-08-28 22:19:00,0.05361356772482395
2026-08-28 22:20:00,0.0528793316334486
2026-08-28 22:21:00,0.0528793316334486
2026-08-28 22:22:00,0.0528793316334486
2026-08-28 22:23:00,0.0528793316334486
2026-08-28 22:24:00,0.0528793316334486
2026-08-28 22:25:00,0.04830331075936556
2026-08-28 22:26:00,0.04830331075936556
2026-08-28 22:27:00,0.04830331075936556
2026-08-28 22:28:00,0.04830331075936556
2026-08-28 22:29:00,0.04830331075936556
2026-08-28 22:30:00,0.048208100721240044
2026-08-28 22:31:00,0.048208100721240044
2026-08-28 22:32:00,0.048208100721240044
2026-08-28 22:33:00,0.048208100721240044
2026-08-28 22:34:00,0.048208100721240044
2026-08-28 22:35:00,0.046056036837399006
2026-08-28 22:36:00,0.046056036837399006
2026-08-28 22:37:00,0.046056036837399006
2026-08-28 22:38:00,0.046056036837399006
2026-08-28 22:39:00,0.046056036837399006
2026-08-28 22:40:00,0.04537333641201258
2026-08-28 22:41:00,0.04537333641201258
2026-08-28 22:42:00,0.04537333641201258
2026-08-28 22:43:00,0.04537333641201258
2026-08-28 22:44:00,0.04537333641201258
2026-08-28 22:45:00,0.047237017191946507
2026-08-28 22:46:00,0.047237017191946507
2026-08-28 22:47:00,0.047237017191946507
2026-08-28 22:48:00,0.047237017191946507
2026-08-28 22:49:00,0.047237017191946507
2026-08-28 22:50:00,0.047994352877140045
2026-08-28 22:51:00,0.047994352877140045
2026-08-28 22:52:00,0.047994352877140045
2026-08-28 22:53:00,0.047994352877140045
2026-08-28 22:54:00,0.047994352877140045
2026-08-28 22:55:00,0.04963745083659887
2026-08-28 22:56:00,0.04963745083659887
2026-08-28 22:57:00,0.04963745083659887
2026-08-28 22:58:00,0.04963745083659887
2026-08-28 22:59:00,0.04963745083659887
2026-08-28 23:00:00,0.05284876376390457
2026-08-28 23:01:00,0.05284876376390457
2026-08-28 23:02:00,0.05284876376390457
2026-08-28 23:03:00,0.05284876376390457
2026-08-28 23:04:00,0.05284876376390457
2026-08-28 23:05:00,0.05652568023651838
2026-08-28 23:06:00,0.05652568023651838
2026-08-28 23:07:00,0.05652568023651838
2026-08-28 23:08:00,0.05652568023651838
2026-08-28 23:09:00,0.05652568023651838
2026-08-28 23:10:00,0.06078032962977886
2026-08-28 23:11:00,0.06078032962977886
2026-08-28 23:12:00,0.06078032962977886
2026-08-28 23:13:00,0.06078032962977886
2026-08-28 23:14:00,0.06078032962977886
2026-08-28 23:15:00,0.06565703824162483
2026-08-28 23:16:00,0.06565703824162483
2026-08-28 23:17:00,0.06565703824162483
2026-08-28 23:18:00,0.06565703824162483
2026-08-28 23:19:00,0.06565703824162483
2026-08-28 23:20:00,0.06871569156646729
2026-08-28 23:21:00,0.06871569156646729
2026-08-28 23:22:00,0.06871569156646729
2026-08-28 23:23:00,0.06871569156646729
2026-08-28 23:24:00,0.06871569156646729
2026-08-28 23:25:00,0.066769246943295
2026-08-28 23:26:00,0.066769246943295
2026-08-28 23:27:00,0.066769246943295
2026-08-28 23:28:00,0.066769246943295
2026-08-28 23:29:00,0.066769246943295
2026-08-28 23:30:00,0.06381272245198488
2026-08-28 23:31:00,0.06381272245198488
2026-08-28 23:32:00,0.06381272245198488
2026-08-28 23:33:00,0.06381272245198488
2026-08-28 23:34:00,0.06381272245198488
2026-08-28 23:35:00,0.059919330291450024
2026-08-28 23:36:00,0.059919330291450024
2026-08-28 23:37:00,0.059919330291450024
2026-08-28 23:38:00,0.059919330291450024
2026-08-28 23:39:00,0.059919330291450024
2026-08-28 23:40:00,0.05558773223310709
2026-08-28 23:41:00,0.05558773223310709
2026-08-28 23:42:00,0.05558773223310709
2026-08-28 23:43:00,0.05558773223310709
2026-08-28 23:44:00,0.05558773223310709
2026-08-28 23:45:00,0.0643872618675232
2026-08-28 23:46:00,0.0643872618675232
2026-08-28 23:47:00,0.0643872618675232
2026-08-28 23:48:00,0.0643872618675232
2026-08-28 23:49:00,0.0643872618675232
2026-08-28 23:50:00,0.0737347062677145
2026-08-28 23:51:00,0.0737347062677145
2026-08-28 23:52:00,0.0737347062677145
2026-08-28 23:53:00,0.0737347062677145
2026-08-28 23:54:00,0.0737347062677145
2026-08-28 23:55:00,0.08179198391735554
2026-08-28 23:56:00,0.08179198391735554
2026-08-28 23:57:00,0.08179198391735554
2026-08-28 23:58:00,0.08179198391735554
2026-08-28 23:59:00,0.08179198391735554
2026-08-29 00:00:00,0.0915346834808588
2026-08-29 00:01:00,0.0915346834808588
2026-08-29 00:02:00,0.0915346834808588
2026-08-29 00:03:00,0.0915346834808588
2026-08-29 00:04:00,0.0915346834808588
2026-08-29 00:05:00,0.08337771985679865
2026-08-29 00:06:00,0.08337771985679865
2026-08-29 00:07:00,0.08337771985679865
2026-08-29 00:08:00,0.08337771985679865
2026-08-29 00:09:00,0.08337771985679865
2026-08-29 00:10:00,0.07225308287888765
2026-08-29 00:11:00,0.07225308287888765
2026-08-29 00:12:00,0.07225308287888765
2026-08-29 00:13:00,0.07225308287888765
2026-08-29 00:14:00,0.07225308287888765
2026-08-29 00:15:00,0.0628109434619546
2026-08-29 00:16:00,0.0628109434619546
2026-08-29 00:17:00,0.0628109434619546
2026-08-29 00:18:00,0.0628109434619546
2026-08-29 00:19:00,0.0628109434619546
2026-08-29 00:20:00,0.05390127096325159
2026-08-29 00:21:00,0.05390127096325159
2026-08-29 00:22:00,0.05390127096325159
2026-08-29 00:23:00,0.05390127096325159
2026-08-29 00:24:00,0.05390127096325159
2026-08-29 00:25:00,0.07757415808737278
2026-08-29 00:26:00,0.07757415808737278
2026-08-29 00:27:00,0.07757415808737278
2026-08-29 00:28:00,0.07757415808737278
2026-08-29 00:29:00,0.07757415808737278
2026-08-29 00:30:00,0.10473999008536339
2026-08-29 00:31:00,0.10473999008536339
2026-08-29 00:32:00,0.10473999008536339
2026-08-29 00:33:00,0.10473999008536339
2026-08-29 00:34:00,0.10473999008536339
2026-08-29 00:35:00,0.13311145827174187
2026-08-29 00:36:00,0.13311145827174187
2026-08-29 00:37:00,0.13311145827174187
2026-08-29 00:38:00,0.13311145827174187
2026-08-29 00:39:00,0.13311145827174187
2026-08-29 00:40:00,0.15924802795052528
2026-08-29 00:41:00,0.15924802795052528
2026-08-29 00:42:00,0.15924802795052528
2026-08-29 00:43:00,0.15924802795052528
2026-08-29 00:44:00,0.15924802795052528
2026-08-29 00:45:00,0.1391579695045948
2026-08-29 00:46:00,0.1391579695045948
2026-08-29 00:47:00,0.1391579695045948
2026-08-29 00:48:00,0.1391579695045948
2026-08-29 00:49:00,0.1391579695045948
2026-08-29 00:50:00,0.11889384500682354
2026-08-29 00:51:00,0.11889384500682354
2026-08-29 00:52:00,0.11889384500682354
2026-08-29 00:53:00,0.11889384500682354
2026-08-29 00:54:00,0.11889384500682354
2026-08-29 00:55:00,0.09610661491751671
2026-08-29 00:56:00,0.09610661491751671
2026-08-29 00:57:00,0.09610661491751671
2026-08-29 00:58:00,0.09610661491751671
2026-08-29 00:59:00,0.09610661491751671
2026-08-29 01:00:00,0.07327757775783539
2026-08-29 01:01:00,0.07327757775783539
2026-08-29 01:02:00,0.07327757775783539
2026-08-29 01:03:00,0.07327757775783539
2026-08-29 01:04:00,0.07327757775783539
2026-08-29 01:05:00,0.07186554558575153
2026-08-29 01:06:00,0.07186554558575153
2026-08-29 01:07:00,0.07186554558575153
2026-08-29 01:08:00,0.07186554558575153
2026-08-29 01:09:00,0.07186554558575153
2026-08-29 01:10:00,0.06952325627207756
2026-08-29 01:11:00,0.06952325627207756
2026-08-29 01:12:00,0.06952325627207756
2026-08-29 01:13:00,0.06952325627207756
2026-08-29 01:14:00,0.06952325627207756
2026-08-29 01:15:00,0.06950434856116772
2026-08-29 01:16:00,0.06950434856116772
2026-08-29 01:17:00,0.06950434856116772
2026-08-29 01:18:00,0.06950434856116772
2026-08-29 01:19:00,0.06950434856116772
2026-08-29 01:20:00,0.07166161388158798
2026-08-29 01:21:00,0.07166161388158798
2026-08-29 01:22:00,0.07166161388158798
2026-08-29 01:23:00,0.07166161388158798
2026-08-29 01:24:00,0.07166161388158798
2026-08-29 01:25:00,0.14630098454654217
2026-08-29 01:26:00,0.14630098454654217
2026-08-29 01:27:00,0.14630098454654217
2026-08-29 01:28:00,0.14630098454654217
2026-08-29 01:29:00,0.14630098454654217
2026-08-29 01:30:00,0.22210153378546238
2026-08-29 01:31:00,0.22210153378546238
2026-08-29 01:32:00,0.22210153378546238
2026-08-29 01:33:00,0.22210153378546238
2026-08-29 01:34:00,0.22210153378546238
2026-08-29 01:35:00,0.29995874129235744
2026-08-29 01:36:00,0.29995874129235744
2026-08-29 01:37:00,0.29995874129235744
2026-08-29 01:38:00,0.29995874129235744
2026-08-29 01:39:00,0.29995874129235744
2026-08-29 01:40:00,0.37782635539770126
2026-08-29 01:41:00,0.37782635539770126
2026-08-29 01:42:00,0.37782635539770126
2026-08-29 01:43:00,0.37782635539770126
2026-08-29 01:44:00,0.37782635539770126
2026-08-29 01:45:00,0.3008135734125972
2026-08-29 01:46:00,0.3008135734125972
2026-08-29 01:47:00,0.3008135734125972
2026-08-29 01:48:00,0.3008135734125972
2026-08-29 01:49:00,0.3008135734125972
2026-08-29 01:50:00,0.22126358654350042
2026-08-29 01:51:00,0.22126358654350042
2026-08-29 01:52:00,0.22126358654350042
2026-08-29 01:53:00,0.22126358654350042
2026-08-29 01:54:00,0.22126358654350042
2026-08-29 01:55:00,0.1375004081055522
2026-08-29 01:56:00,0.1375004081055522
2026-08-29 01:57:00,0.1375004081055522
2026-08-29 01:58:00,0.1375004081055522
2026-08-29 01:59:00,0.1375004081055522
2026-08-29 02:00:00,0.05268870573490858
2026-08-29 02:01:00,0.05268870573490858
2026-08-29 02:02:00,0.05268870573490858
2026-08-29 02:03:00,0.05268870573490858
2026-08-29 02:04:00,0.05268870573490858
2026-08-29 02:05:00,0.05090957414358854
2026-08-29 02:06:00,0.05090957414358854
2026-08-29 02:07:00,0.05090957414358854
2026-08-29 02:08:00,0.05090957414358854
2026-08-29 02:09:00,0.05090957414358854
2026-08-29 02:10:00,0.05154162924736738
2026-08-29 02:11:00,0.05154162924736738
2026-08-29 02:12:00,0.05154162924736738
2026-08-29 02:13:00,0.05154162924736738
2026-08-29 02:14:00,0.05154162924736738
2026-08-29 02:15:00,0.05206142272800207
2026-08-29 02:16:00,0.05206142272800207
2026-08-29 02:17:00,0.05206142272800207
2026-08-29 02:18:00,0.05206142272800207
2026-08-29 02:19:00,0.05206142272800207
2026-08-29 02:20:00,0.054201504215598106
2026-08-29 02:21:00,0.054201504215598106
2026-08-29 02:22:00,0.054201504215598106
2026-08-29 02:23:00,0.054201504215598106
2026-08-29 02:24:00,0.054201504215598106
2026-08-29 02:25:00,0.057577976025640965
2026-08-29 02:26:00,0.057577976025640965
2026-08-29 02:27:00,0.057577976025640965
2026-08-29 02:28:00,0.057577976025640965
2026-08-29 02:29:00,0.057577976025640965
2026-08-29 02:30:00,0.060673042200505733
2026-08-29 02:31:00,0.060673042200505733
2026-08-29 02:32:00,0.060673042200505733
2026-08-29 02:33:00,0.060673042200505733
2026-08-29 02:34:00,0.060673042200505733
2026-08-29 02:35:00,0.0642661964520812
2026-08-29 02:36:00,0.0642661964520812
2026-08-29 02:37:00,0.0642661964520812
2026-08-29 02:38:00,0.0642661964520812
2026-08-29 02:39:00,0.0642661964520812
2026-08-29 02:40:00,0.06475015915930271
2026-08-29 02:41:00,0.06475015915930271
2026-08-29 02:42:00,0.06475015915930271
2026-08-29 02:43:00,0.06475015915930271
2026-08-29 02:44:00,0.06475015915930271
2026-08-29 02:45:00,0.06143571808934212
2026-08-29 02:46:00,0.06143571808934212
2026-08-29 02:47:00,0.06143571808934212
2026-08-29 02:48:00,0.06143571808934212
2026-08-29 02:49:00,0.06143571808934212
2026-08-29 02:50:00,0.0568422619253397
2026-08-29 02:51:00,0.0568422619253397
2026-08-29 02:52:00,0.0568422619253397
2026-08-29 02:53:00,0.0568422619253397
2026-08-29 02:54:00,0.0568422619253397
2026-08-29 02:55:00,0.054107039235532284
2026-08-29 02:56:00,0.054107039235532284
2026-08-29 02:57:00,0.054107039235532284
2026-08-29 02:58:00,0.054107039235532284
2026-08-29 02:59:00,0.054107039235532284
2026-08-29 03:00:00,0.05256550945341587
2026-08-29 03:01:00,0.05256550945341587
2026-08-29 03:02:00,0.05256550945341587
2026-08-29 03:03:00,0.05256550945341587
2026-08-29 03:04:00,0.05256550945341587
2026-08-29 03:05:00,0.05282500199973583
2026-08-29 03:06:00,0.05282500199973583
2026-08-29 03:07:00,0.05282500199973583
2026-08-29 03:08:00,0.05282500199973583
2026-08-29 03:09:00,0.05282500199973583
2026-08-29 03:10:00,0.05572758428752422
2026-08-29 03:11:00,0.05572758428752422
2026-08-29 03:12:00,0.05572758428752422
2026-08-29 03:13:00,0.05572758428752422
2026-08-29 03:14:00,0.05572758428752422
2026-08-29 03:15:00,0.05778699181973934
2026-08-29 03:16:00,0.05778699181973934
2026-08-29 03:17:00,0.05778699181973934
2026-08-29 03:18:00,0.05778699181973934
2026-08-29 03:19:00,0.05778699181973934
2026-08-29 03:20:00,0.05656880792230368
2026-08-29 03:21:00,0.05656880792230368
2026-08-29 03:22:00,0.05656880792230368
2026-08-29 03:23:00,0.05656880792230368
2026-08-29 03:24:00,0.05656880792230368
2026-08-29 03:25:00,0.057226027362048626
2026-08-29 03:26:00,0.057226027362048626
2026-08-29 03:27:00,0.057226027362048626
2026-08-29 03:28:00,0.057226027362048626
2026-08-29 03:29:00,0.057226027362048626
2026-08-29 03:30:00,0.05566067900508642
2026-08-29 03:31:00,0.05566067900508642
2026-08-29 03:32:00,0.05566067900508642
2026-08-29 03:33:00,0.05566067900508642
2026-08-29 03:34:00,0.05566067900508642
2026-08-29 03:35:00,0.05098095629364252
2026-08-29 03:36:00,0.05098095629364252
2026-08-29 03:37:00,0.05098095629364252
2026-08-29 03:38:00,0.05098095629364252
2026-08-29 03:39:00,0.05098095629364252
2026-08-29 03:40:00,0.05364513583481312
2026-08-29 03:41:00,0.05364513583481312
2026-08-29 03:42:00,0.05364513583481312
2026-08-29 03:43:00,0.05364513583481312
2026-08-29 03:44:00,0.05364513583481312
2026-08-29 03:45:00,0.05656075291335583
2026-08-29 03:46:00,0.05656075291335583
2026-08-29 03:47:00,0.05656075291335583
2026-08-29 03:48:00,0.05656075291335583
2026-08-29 03:49:00,0.05656075291335583
2026-08-29 03:50:00,0.06324594467878342
2026-08-29 03:51:00,0.06324594467878342
2026-08-29 03:52:00,0.06324594467878342
2026-08-29 03:53:00,0.06324594467878342
2026-08-29 03:54:00,0.06324594467878342
2026-08-29 03:55:00,0.07444232795387506
2026-08-29 03:56:00,0.07444232795387506
2026-08-29 03:57:00,0.07444232795387506
2026-08-29 03:58:00,0.07444232795387506
2026-08-29 03:59:00,0.07444232795387506
2026-08-29 04:00:00,0.07878664880990982
2026-08-29 04:01:00,0.07878664880990982
2026-08-29 04:02:00,0.07878664880990982
2026-08-29 04:03:00,0.07878664880990982
2026-08-29 04:04:00,0.07878664880990982
2026-08-29 04:05:00,0.08130769245326519
2026-08-29 04:06:00,0.08130769245326519
2026-08-29 04:07:00,0.08130769245326519
2026-08-29 04:08:00,0.08130769245326519
2026-08-29 04:09:00,0.08130769245326519
2026-08-29 04:10:00,0.07515218760818243
2026-08-29 04:11:00,0.07515218760818243
2026-08-29 04:12:00,0.07515218760818243
2026-08-29 04:13:00,0.07515218760818243
2026-08-29 04:14:00,0.07515218760818243
2026-08-29 04:15:00,0.06669923383742571
2026-08-29 04:16:00,0.06669923383742571
2026-08-29 04:17:00,0.06669923383742571
2026-08-29 04:18:00,0.06669923383742571
2026-08-29 04:19:00,0.06669923383742571
2026-08-29 04:20:00,0.05972278956323862
2026-08-29 04:21:00,0.05972278956323862
2026-08-29 04:22:00,0.05972278956323862
2026-08-29 04:23:00,0.05972278956323862
2026-08-29 04:24:00,0.05972278956323862
2026-08-29 04:25:00,0.051064579747617245
2026-08-29 04:26:00,0.051064579747617245
2026-08-29 04:27:00,0.051064579747617245
2026-08-29 04:28:00,0.051064579747617245
2026-08-29 04:29:00,0.051064579747617245
2026-08-29 04:30:00,0.04783850908279419
2026-08-29 04:31:00,0.04783850908279419
2026-08-29 04:32:00,0.04783850908279419
2026-08-29 04:33:00,0.04783850908279419
2026-08-29 04:34:00,0.04783850908279419
2026-08-29 04:35:00,0.04495715443044901
2026-08-29 04:36:00,0.04495715443044901
2026-08-29 04:37:00,0.04495715443044901
2026-08-29 04:38:00,0.04495715443044901
2026-08-29 04:39:00,0.04495715443044901
2026-08-29 04:40:00,0.045595563016831875
2026-08-29 04:41:00,0.045595563016831875
2026-08-29 04:42:00,0.045595563016831875
2026-08-29 04:43:00,0.045595563016831875
2026-08-29 04:44:00,0.045595563016831875
2026-08-29 04:45:00,0.04983036778867245
2026-08-29 04:46:00,0.04983036778867245
2026-08-29 04:47:00,0.04983036778867245
2026-08-29 04:48:00,0.04983036778867245
2026-08-29 04:49:00,0.04983036778867245
2026-08-29 04:50:00,0.055861394852399826
2026-08-29 04:51:00,0.055861394852399826
2026-08-29 04:52:00,0.055861394852399826
2026-08-29 04:53:00,0.055861394852399826
2026-08-29 04:54:00,0.055861394852399826
2026-08-29 04:55:00,0.06477535609155893
2026-08-29 04:56:00,0.06477535609155893
2026-08-29 04:57:00,0.06477535609155893
2026-08-29 04:58:00,0.06477535609155893
2026-08-29 04:59:00,0.06477535609155893
2026-08-29 05:00:00,0.06611757352948189
2026-08-29 05:01:00,0.06611757352948189
2026-08-29 05:02:00,0.06611757352948189
2026-08-29 05:03:00,0.06611757352948189
2026-08-29 05:04:00,0.06611757352948189
2026-08-29 05:05:00,0.06342341471463442
2026-08-29 05:06:00,0.06342341471463442
2026-08-29 05:07:00,0.06342341471463442
2026-08-29 05:08:00,0.06342341471463442
2026-08-29 05:09:00,0.06342341471463442
2026-08-29 05:10:00,0.057437287643551826
2026-08-29 05:11:00,0.057437287643551826
2026-08-29 05:12:00,0.057437287643551826
2026-08-29 05:13:00,0.057437287643551826
2026-08-29 05:14:00,0.057437287643551826
2026-08-29 05:15:00,0.050586434081196785
2026-08-29 05:16:00,0.050586434081196785
2026-08-29 05:17:00,0.050586434081196785
2026-08-29 05:18:00,0.050586434081196785
2026-08-29 05:19:00,0.050586434081196785
2026-08-29 05:20:00,0.04946767445653677
2026-08-29 05:21:00,0.04946767445653677
2026-08-29 05:22:00,0.04946767445653677
2026-08-29 05:23:00,0.04946767445653677
2026-08-29 05:24:00,0.04946767445653677
2026-08-29 05:25:00,0.05156589113175869
2026-08-29 05:26:00,0.05156589113175869
2026-08-29 05:27:00,0.05156589113175869
2026-08-29 05:28:00,0.05156589113175869
2026-08-29 05:29:00,0.05156589113175869
2026-08-29 05:30:00,0.05485506262630224
2026-08-29 05:31:00,0.05485506262630224
2026-08-29 05:32:00,0.05485506262630224
2026-08-29 05:33:00,0.05485506262630224
2026-08-29 05:34:00,0.05485506262630224
2026-08-29 05:35:00,0.05674636736512184
2026-08-29 05:36:00,0.05674636736512184
2026-08-29 05:37:00,0.05674636736512184
2026-08-29 05:38:00,0.05674636736512184
2026-08-29 05:39:00,0.05674636736512184
2026-08-29 05:40:00,0.060171639546751976
2026-08-29 05:41:00,0.060171639546751976
2026-08-29 05:42:00,0.060171639546751976
2026-08-29 05:43:00,0.060171639546751976
2026-08-29 05:44:00,0.060171639546751976
2026-08-29 05:45:00,0.061531039886176586
2026-08-29 05:46:00,0.061531039886176586
2026-08-29 05:47:00,0.061531039886176586
2026-08-29 05:48:00,0.061531039886176586
2026-08-29 05:49:00,0.061531039886176586
2026-08-29 05:50:00,0.06281339656561613
2026-08-29 05:51:00,0.06281339656561613
2026-08-29 05:52:00,0.06281339656561613
2026-08-29 05:53:00,0.06281339656561613
2026-08-29 05:54:00,0.06281339656561613
2026-08-29 05:55:00,0.2514846045523882
2026-08-29 05:56:00,0.2514846045523882
2026-08-29 05:57:00,0.2514846045523882
2026-08-29 05:58:00,0.2514846045523882
2026-08-29 05:59:00,0.2514846045523882
2026-08-29 06:00:00,0.43918658792972565
2026-08-29 06:01:00,0.43918658792972565
2026-08-29 06:02:00,0.43918658792972565
2026-08-29 06:03:00,0.43918658792972565
2026-08-29 06:04:00,0.43918658792972565
2026-08-29 06:05:00,0.6426355056464672
2026-08-29 06:06:00,0.6426355056464672
2026-08-29 06:07:00,0.6426355056464672
2026-08-29 06:08:00,0.6426355056464672
2026-08-29 06:09:00,0.6426355056464672
2026-08-29 06:10:00,0.8463298082351685
2026-08-29 06:11:00,0.8463298082351685
2026-08-29 06:12:00,0.8463298082351685
2026-08-29 06:13:00,0.8463298082351685
2026-08-29 06:14:00,0.8463298082351685
2026-08-29 06:15:00,0.8836652338504791
2026-08-29 06:16:00,0.8836652338504791
2026-08-29 06:17:00,0.8836652338504791
2026-08-29 06:18:00,0.8836652338504791
2026-08-29 06:19:00,0.8836652338504791
2026-08-29 06:20:00,0.921705037355423
2026-08-29 06:21:00,0.921705037355423
2026-08-29 06:22:00,0.921705037355423
2026-08-29 06:23:00,0.921705037355423
2026-08-29 06:24:00,0.921705037355423
2026-08-29 06:25:00,0.8750043362379074
2026-08-29 06:26:00,0.8750043362379074
2026-08-29 06:27:00,0.8750043362379074
2026-08-29 06:28:00,0.8750043362379074
2026-08-29 06:29:00,0.8750043362379074
2026-08-29 06:30:00,0.8244082778692245
2026-08-29 06:31:00,0.8244082778692245
2026-08-29 06:32:00,0.8244082778692245
2026-08-29 06:33:00,0.8244082778692245
2026-08-29 06:34:00,0.8244082778692245
2026-08-29 06:35:00,0.7506684809923172
2026-08-29 06:36:00,0.7506684809923172
2026-08-29 06:37:00,0.7506684809923172
2026-08-29 06:38:00,0.7506684809923172
2026-08-29 06:39:00,0.7506684809923172
2026-08-29 06:40:00,0.542889691889286
2026-08-29 06:41:00,0.542889691889286
2026-08-29 06:42:00,0.542889691889286
2026-08-29 06:43:00,0.542889691889286
2026-08-29 06:44:00,0.542889691889286
2026-08-29 06:45:00,0.406127467751503
2026-08-29 06:46:00,0.406127467751503
2026-08-29 06:47:00,0.406127467751503
2026-08-29 06:48:00,0.406127467751503
2026-08-29 06:49:00,0.406127467751503
2026-08-29 06:50:00,0.2713160999119282
2026-08-29 06:51:00,0.2713160999119282
2026-08-29 06:52:00,0.2713160999119282
2026-08-29 06:53:00,0.2713160999119282
2026-08-29 06:54:00,0.2713160999119282
2026-08-29 06:55:00,0.13832573220133781
2026-08-29 06:56:00,0.13832573220133781
2026-08-29 06:57:00,0.13832573220133781
2026-08-29 06:58:00,0.13832573220133781
2026-08-29 06:59:00,0.13832573220133781
2026-08-29 07:00:00,0.15026415884494781
2026-08-29 07:01:00,0.15026415884494781
2026-08-29 07:02:00,0.15026415884494781
2026-08-29 07:03:00,0.15026415884494781
2026-08-29 07:04:00,0.15026415884494781
2026-08-29 07:05:00,0.1604611501097679
2026-08-29 07:06:00,0.1604611501097679
2026-08-29 07:07:00,0.1604611501097679
2026-08-29 07:08:00,0.1604611501097679
2026-08-29 07:09:00,0.1604611501097679
2026-08-29 07:10:00,0.1718369796872139
2026-08-29 07:11:00,0.1718369796872139
2026-08-29 07:12:00,0.1718369796872139
2026-08-29 07:13:00,0.1718369796872139
2026-08-29 07:14:00,0.1718369796872139
2026-08-29 07:15:00,0.18045590072870255
2026-08-29 07:16:00,0.18045590072870255
2026-08-29 07:17:00,0.18045590072870255
2026-08-29 07:18:00,0.18045590072870255
2026-08-29 07:19:00,0.18045590072870255
2026-08-29 07:20:00,0.16603845730423927
2026-08-29 07:21:00,0.16603845730423927
2026-08-29 07:22:00,0.16603845730423927
2026-08-29 07:23:00,0.16603845730423927
2026-08-29 07:24:00,0.16603845730423927
2026-08-29 07:25:00,0.1461837738752365
2026-08-29 07:26:00,0.1461837738752365
2026-08-29 07:27:00,0.1461837738752365
2026-08-29 07:28:00,0.1461837738752365
2026-08-29 07:29:00,0.1461837738752365
2026-08-29 07:30:00,0.12421765178442001
2026-08-29 07:31:00,0.12421765178442001
2026-08-29 07:32:00,0.12421765178442001
2026-08-29 07:33:00,0.12421765178442001
2026-08-29 07:34:00,0.12421765178442001
2026-08-29 07:35:00,0.10321439802646637
2026-08-29 07:36:00,0.10321439802646637
2026-08-29 07:37:00,0.10321439802646637
2026-08-29 07:38:00,0.10321439802646637
2026-08-29 07:39:00,0.10321439802646637
2026-08-29 07:40:00,0.08737698942422867
2026-08-29 07:41:00,0.08737698942422867
2026-08-29 07:42:00,0.08737698942422867
2026-08-29 07:43:00,0.08737698942422867
2026-08-29 07:44:00,0.08737698942422867
2026-08-29 07:45:00,0.07682087644934654
2026-08-29 07:46:00,0.07682087644934654
2026-08-29 07:47:00,0.07682087644934654
2026-08-29 07:48:00,0.07682087644934654
2026-08-29 07:49:00,0.07682087644934654
2026-08-29 07:50:00,0.0685908030718565
2026-08-29 07:51:00,0.0685908030718565
2026-08-29 07:52:00,0.0685908030718565
2026-08-29 07:53:00,0.0685908030718565
2026-08-29 07:54:00,0.0685908030718565
2026-08-29 07:55:00,0.060893340036273
2026-08-29 07:56:00,0.060893340036273
2026-08-29 07:57:00,0.060893340036273
2026-08-29 07:58:00,0.060893340036273
2026-08-29 07:59:00,0.060893340036273
2026-08-29 08:00:00,0.05733854975551367
2026-08-29 08:01:00,0.05733854975551367
2026-08-29 08:02:00,0.05733854975551367
2026-08-29 08:03:00,0.05733854975551367
2026-08-29 08:04:00,0.05733854975551367
2026-08-29 08:05:00,0.056117573752999306
2026-08-29 08:06:00,0.056117573752999306
2026-08-29 08:07:00,0.056117573752999306
2026-08-29 08:08:00,0.056117573752999306
2026-08-29 08:09:00,0.056117573752999306
2026-08-29 08:10:00,0.05378715042024851
2026-08-29 08:11:00,0.05378715042024851
2026-08-29 08:12:00,0.05378715042024851
2026-08-29 08:13:00,0.05378715042024851
2026-08-29 08:14:00,0.05378715042024851
2026-08-29 08:15:00,0.05535161588340998
2026-08-29 08:16:00,0.05535161588340998
2026-08-29 08:17:00,0.05535161588340998
2026-08-29 08:18:00,0.05535161588340998
2026-08-29 08:19:00,0.05535161588340998
2026-08-29 08:20:00,0.0575103210285306
2026-08-29 08:21:00,0.0575103210285306
2026-08-29 08:22:00,0.0575103210285306
2026-08-29 08:23:00,0.0575103210285306
2026-08-29 08:24:00,0.0575103210285306
2026-08-29 08:25:00,0.06116878427565098
2026-08-29 08:26:00,0.06116878427565098
2026-08-29 08:27:00,0.06116878427565098
2026-08-29 08:28:00,0.06116878427565098
2026-08-29 08:29:00,0.06116878427565098
2026-08-29 08:30:00,0.06294018402695656
2026-08-29 08:31:00,0.06294018402695656
2026-08-29 08:32:00,0.06294018402695656
2026-08-29 08:33:00,0.06294018402695656
2026-08-29 08:34:00,0.06294018402695656
2026-08-29 08:35:00,0.06051767151802778
2026-08-29 08:36:00,0.06051767151802778
2026-08-29 08:37:00,0.06051767151802778
2026-08-29 08:38:00,0.06051767151802778
2026-08-29 08:39:00,0.06051767151802778
2026-08-29 08:40:00,0.05773294251412153
2026-08-29 08:41:00,0.05773294251412153
2026-08-29 08:42:00,0.05773294251412153
2026-08-29 08:43:00,0.05773294251412153
2026-08-29 08:44:00,0.05773294251412153
2026-08-29 08:45:00,0.05467213876545429
2026-08-29 08:46:00,0.05467213876545429
2026-08-29 08:47:00,0.05467213876545429
2026-08-29 08:48:00,0.05467213876545429
2026-08-29 08:49:00,0.05467213876545429
2026-08-29 08:50:00,0.05619808007031679
2026-08-29 08:51:00,0.05619808007031679
2026-08-29 08:52:00,0.05619808007031679
2026-08-29 08:53:00,0.05619808007031679
2026-08-29 08:54:00,0.05619808007031679
2026-08-29 08:55:00,0.05942309647798538
2026-08-29 08:56:00,0.05942309647798538
2026-08-29 08:57:00,0.05942309647798538
2026-08-29 08:58:00,0.05942309647798538
2026-08-29 08:59:00,0.05942309647798538
2026-08-29 09:00:00,0.062488798052072525
2026-08-29 09:01:00,0.062488798052072525
2026-08-29 09:02:00,0.062488798052072525
2026-08-29 09:03:00,0.062488798052072525
2026-08-29 09:04:00,0.062488798052072525
2026-08-29 09:05:00,0.063561269082129
2026-08-29 09:06:00,0.063561269082129
2026-08-29 09:07:00,0.063561269082129
2026-08-29 09:08:00,0.063561269082129
2026-08-29 09:09:00,0.063561269082129
2026-08-29 09:10:00,0.06268836185336113
2026-08-29 09:11:00,0.06268836185336113
2026-08-29 09:12:00,0.06268836185336113
2026-08-29 09:13:00,0.06268836185336113
2026-08-29 09:14:00,0.06268836185336113
2026-08-29 09:15:00,0.05982442107051611
2026-08-29 09:16:00,0.05982442107051611
2026-08-29 09:17:00,0.05982442107051611
2026-08-29 09:18:00,0.05982442107051611
2026-08-29 09:19:00,0.05982442107051611
2026-08-29 09:20:00,0.05686844605952501
2026-08-29 09:21:00,0.05686844605952501
2026-08-29 09:22:00,0.05686844605952501
2026-08-29 09:23:00,0.05686844605952501
2026-08-29 09:24:00,0.05686844605952501
2026-08-29 09:25:00,0.055877079255878925
2026-08-29 09:26:00,0.055877079255878925
2026-08-29 09:27:00,0.055877079255878925
2026-08-29 09:28:00,0.055877079255878925
2026-08-29 09:29:00,0.055877079255878925
2026-08-29 09:30:00,0.05647597461938858
2026-08-29 09:31:00,0.05647597461938858
2026-08-29 09:32:00,0.05647597461938858
2026-08-29 09:33:00,0.05647597461938858
2026-08-29 09:34:00,0.05647597461938858
2026-08-29 09:35:00,0.058743528090417385
2026-08-29 09:36:00,0.058743528090417385
2026-08-29 09:37:00,0.058743528090417385
2026-08-29 09:38:00,0.058743528090417385
2026-08-29 09:39:00,0.058743528090417385
2026-08-29 09:40:00,0.05961866211146116
2026-08-29 09:41:00,0.05961866211146116
2026-08-29 09:42:00,0.05961866211146116
2026-08-29 09:43:00,0.05961866211146116
2026-08-29 09:44:00,0.05961866211146116
2026-08-29 09:45:00,0.057670263573527336
2026-08-29 09:46:00,0.057670263573527336
2026-08-29 09:47:00,0.057670263573527336
2026-08-29 09:48:00,0.057670263573527336
2026-08-29 09:49:00,0.057670263573527336
2026-08-29 09:50:00,0.05466821137815714
2026-08-29 09:51:00,0.05466821137815714
2026-08-29 09:52:00,0.05466821137815714
2026-08-29 09:53:00,0.05466821137815714
2026-08-29 09:54:00,0.05466821137815714
2026-08-29 09:55:00,0.052713146433234215
2026-08-29 09:56:00,0.052713146433234215
2026-08-29 09:57:00,0.052713146433234215
2026-08-29 09:58:00,0.052713146433234215
2026-08-29 09:59:00,0.052713146433234215
2026-08-29 10:00:00,0.054076483473181725
2026-08-29 10:01:00,0.054076483473181725
2026-08-29 10:02:00,0.054076483473181725
2026-08-29 10:03:00,0.054076483473181725
2026-08-29 10:04:00,0.054076483473181725
2026-08-29 10:05:00,0.05353702697902918
2026-08-29 10:06:00,0.05353702697902918
2026-08-29 10:07:00,0.05353702697902918
2026-08-29 10:08:00,0.05353702697902918
2026-08-29 10:09:00,0.05353702697902918
2026-08-29 10:10:00,0.05283547658473253
2026-08-29 10:11:00,0.05283547658473253
2026-08-29 10:12:00,0.05283547658473253
2026-08-29 10:13:00,0.05283547658473253
2026-08-29 10:14:00,0.05283547658473253
2026-08-29 10:15:00,0.1274290345609188
2026-08-29 10:16:00,0.1274290345609188
2026-08-29 10:17:00,0.1274290345609188
2026-08-29 10:18:00,0.1274290345609188
2026-08-29 10:19:00,0.1274290345609188
2026-08-29 10:20:00,0.20077252481132746
2026-08-29 10:21:00,0.20077252481132746
2026-08-29 10:22:00,0.20077252481132746
2026-08-29 10:23:00,0.20077252481132746
2026-08-29 10:24:00,0.20077252481132746
2026-08-29 10:25:00,0.27801633533090353
2026-08-29 10:26:00,0.27801633533090353
2026-08-29 10:27:00,0.27801633533090353
2026-08-29 10:28:00,0.27801633533090353
2026-08-29 10:29:00,0.27801633533090353
2026-08-29 10:30:00,0.3538704439997673
2026-08-29 10:31:00,0.3538704439997673
2026-08-29 10:32:00,0.3538704439997673
2026-08-29 10:33:00,0.3538704439997673
2026-08-29 10:34:00,0.3538704439997673
2026-08-29 10:35:00,0.27995975129306316
2026-08-29 10:36:00,0.27995975129306316
2026-08-29 10:37:00,0.27995975129306316
2026-08-29 10:38:00,0.27995975129306316
2026-08-29 10:39:00,0.27995975129306316
2026-08-29 10:40:00,0.20910356380045414
2026-08-29 10:41:00,0.20910356380045414
2026-08-29 10:42:00,0.20910356380045414
2026-08-29 10:43:00,0.20910356380045414
2026-08-29 10:44:00,0.20910356380045414
2026-08-29 10:45:00,0.13665284402668476
2026-08-29 10:46:00,0.13665284402668476
2026-08-29 10:47:00,0.13665284402668476
2026-08-29 10:48:00,0.13665284402668476
2026-08-29 10:49:00,0.13665284402668476
2026-08-29 10:50:00,0.06603257730603218
2026-08-29 10:51:00,0.06603257730603218
2026-08-29 10:52:00,0.06603257730603218
2026-08-29 10:53:00,0.06603257730603218
2026-08-29 10:54:00,0.06603257730603218
2026-08-29 10:55:00,0.0691079068928957
2026-08-29 10:56:00,0.0691079068928957
2026-08-29 10:57:00,0.0691079068928957
2026-08-29 10:58:00,0.0691079068928957
2026-08-29 10:59:00,0.0691079068928957
2026-08-29 11:00:00,0.06624916195869446
2026-08-29 11:01:00,0.06624916195869446
2026-08-29 11:02:00,0.06624916195869446
2026-08-29 11:03:00,0.06624916195869446
2026-08-29 11:04:00,0.06624916195869446
2026-08-29 11:05:00,0.06345816235989332
2026-08-29 11:06:00,0.06345816235989332
2026-08-29 11:07:00,0.06345816235989332
2026-08-29 11:08:00,0.06345816235989332
2026-08-29 11:09:00,0.06345816235989332
2026-08-29 11:10:00,0.061892406083643436
2026-08-29 11:11:00,0.061892406083643436
2026-08-29 11:12:00,0.061892406083643436
2026-08-29 11:13:00,0.061892406083643436
2026-08-29 11:14:00,0.061892406083643436
2026-08-29 11:15:00,0.059653984382748604
2026-08-29 11:16:00,0.059653984382748604
2026-08-29 11:17:00,0.059653984382748604
2026-08-29 11:18:00,0.059653984382748604
2026-08-29 11:19:00,0.059653984382748604
2026-08-29 11:20:00,0.06168823502957821
2026-08-29 11:21:00,0.06168823502957821
2026-08-29 11:22:00,0.06168823502957821
2026-08-29 11:23:00,0.06168823502957821
2026-08-29 11:24:00,0.06168823502957821
2026-08-29 11:25:00,0.06804751511663198
2026-08-29 11:26:00,0.06804751511663198
2026-08-29 11:27:00,0.06804751511663198
2026-08-29 11:28:00,0.06804751511663198
2026-08-29 11:29:00,0.06804751511663198
2026-08-29 11:30:00,0.07575839478522539
2026-08-29 11:31:00,0.07575839478522539
2026-08-29 11:32:00,0.07575839478522539
2026-08-29 11:33:00,0.07575839478522539
2026-08-29 11:34:00,0.07575839478522539
2026-08-29 11:35:00,0.07762093469500542
2026-08-29 11:36:00,0.07762093469500542
2026-08-29 11:37:00,0.07762093469500542
2026-08-29 11:38:00,0.07762093469500542
2026-08-29 11:39:00,0.07762093469500542
2026-08-29 11:40:00,0.07822311855852604
2026-08-29 11:41:00,0.07822311855852604
2026-08-29 11:42:00,0.07822311855852604
2026-08-29 11:43:00,0.07822311855852604
2026-08-29 11:44:00,0.07822311855852604
2026-08-29 11:45:00,0.07201396767050028
2026-08-29 11:46:00,0.07201396767050028
2026-08-29 11:47:00,0.07201396767050028
2026-08-29 11:48:00,0.07201396767050028
2026-08-29 11:49:00,0.07201396767050028
2026-08-29 11:50:00,0.06051234062761068
2026-08-29 11:51:00,0.06051234062761068
2026-08-29 11:52:00,0.06051234062761068
2026-08-29 11:53:00,0.06051234062761068
2026-08-29 11:54:00,0.06051234062761068
2026-08-29 11:55:00,0.05693038832396269
2026-08-29 11:56:00,0.05693038832396269
2026-08-29 11:57:00,0.05693038832396269
2026-08-29 11:58:00,0.05693038832396269
2026-08-29 11:59:00,0.05693038832396269
2026-08-29 12:00:00,0.05226204451173544
2026-08-29 12:01:00,0.05226204451173544
2026-08-29 12:02:00,0.05226204451173544
2026-08-29 12:03:00,0.05226204451173544
2026-08-29 12:04:00,0.05226204451173544
2026-08-29 12:05:00,0.05213776044547558
2026-08-29 12:06:00,0.05213776044547558
2026-08-29 12:07:00,0.05213776044547558
2026-08-29 12:08:00,0.05213776044547558
2026-08-29 12:09:00,0.05213776044547558
2026-08-29 12:10:00,0.05624675191938877
2026-08-29 12:11:00,0.05624675191938877
2026-08-29 12:12:00,0.05624675191938877
2026-08-29 12:13:00,0.05624675191938877
2026-08-29 12:14:00,0.05624675191938877
2026-08-29 12:15:00,0.057516916655004025
2026-08-29 12:16:00,0.057516916655004025
2026-08-29 12:17:00,0.057516916655004025
2026-08-29 12:18:00,0.057516916655004025
2026-08-29 12:19:00,0.057516916655004025
2026-08-29 12:20:00,0.09329847525805235
2026-08-29 12:21:00,0.09329847525805235
2026-08-29 12:22:00,0.09329847525805235
2026-08-29 12:23:00,0.09329847525805235
2026-08-29 12:24:00,0.09329847525805235
2026-08-29 12:25:00,0.12580255884677172
2026-08-29 12:26:00,0.12580255884677172
2026-08-29 12:27:00,0.12580255884677172
2026-08-29 12:28:00,0.12580255884677172
2026-08-29 12:29:00,0.12580255884677172
2026-08-29 12:30:00,0.15638276655226946
2026-08-29 12:31:00,0.15638276655226946
2026-08-29 12:32:00,0.15638276655226946
2026-08-29 12:33:00,0.15638276655226946
2026-08-29 12:34:00,0.15638276655226946
2026-08-29 12:35:00,0.1883009932935238
2026-08-29 12:36:00,0.1883009932935238
2026-08-29 12:37:00,0.1883009932935238
2026-08-29 12:38:00,0.1883009932935238
2026-08-29 12:39:00,0.1883009932935238
2026-08-29 12:40:00,0.1568666808307171
2026-08-29 12:41:00,0.1568666808307171
2026-08-29 12:42:00,0.1568666808307171
2026-08-29 12:43:00,0.1568666808307171
2026-08-29 12:44:00,0.1568666808307171
2026-08-29 12:45:00,0.1268812157213688
2026-08-29 12:46:00,0.1268812157213688
2026-08-29 12:47:00,0.1268812157213688
2026-08-29 12:48:00,0.1268812157213688
2026-08-29 12:49:00,0.1268812157213688
2026-08-29 12:50:00,0.09546969085931778
2026-08-29 12:51:00,0.09546969085931778
2026-08-29 12:52:00,0.09546969085931778
2026-08-29 12:53:00,0.09546969085931778
2026-08-29 12:54:00,0.09546969085931778
2026-08-29 12:55:00,0.06862218119204044
2026-08-29 12:56:00,0.06862218119204044
2026-08-29 12:57:00,0.06862218119204044
2026-08-29 12:58:00,0.06862218119204044
2026-08-29 12:59:00,0.06862218119204044
2026-08-29 13:00:00,0.07470775209367275
2026-08-29 13:01:00,0.07470775209367275
2026-08-29 13:02:00,0.07470775209367275
2026-08-29 13:03:00,0.07470775209367275
2026-08-29 13:04:00,0.07470775209367275
2026-08-29 13:05:00,0.08376505598425865
2026-08-29 13:06:00,0.08376505598425865
2026-08-29 13:07:00,0.08376505598425865
2026-08-29 13:08:00,0.08376505598425865
2026-08-29 13:09:00,0.08376505598425865
2026-08-29 13:10:00,0.09363413788378239
2026-08-29 13:11:00,0.09363413788378239
2026-08-29 13:12:00,0.09363413788378239
2026-08-29 13:13:00,0.09363413788378239
2026-08-29 13:14:00,0.09363413788378239
2026-08-29 13:15:00,0.09438191168010235
2026-08-29 13:16:00,0.09438191168010235
2026-08-29 13:17:00,0.09438191168010235
2026-08-29 13:18:00,0.09438191168010235
2026-08-29 13:19:00,0.09438191168010235
2026-08-29 13:20:00,0.09016831405460835
2026-08-29 13:21:00,0.09016831405460835
2026-08-29 13:22:00,0.09016831405460835
2026-08-29 13:23:00,0.09016831405460835
2026-08-29 13:24:00,0.09016831405460835
2026-08-29 13:25:00,0.08209672570228577
2026-08-29 13:26:00,0.08209672570228577
2026-08-29 13:27:00,0.08209672570228577
2026-08-29 13:28:00,0.08209672570228577
2026-08-29 13:29:00,0.08209672570228577
2026-08-29 13:30:00,0.07432102411985397
2026-08-29 13:31:00,0.07432102411985397
2026-08-29 13:32:00,0.07432102411985397
2026-08-29 13:33:00,0.07432102411985397
2026-08-29 13:34:00,0.07432102411985397
2026-08-29 13:35:00,0.07167625427246094
2026-08-29 13:36:00,0.07167625427246094
2026-08-29 13:37:00,0.07167625427246094
2026-08-29 13:38:00,0.07167625427246094
2026-08-29 13:39:00,0.07167625427246094
2026-08-29 13:40:00,0.0709789227694273
2026-08-29 13:41:00,0.0709789227694273
2026-08-29 13:42:00,0.0709789227694273
2026-08-29 13:43:00,0.0709789227694273
2026-08-29 13:44:00,0.0709789227694273
2026-08-29 13:45:00,0.06908213905990124
2026-08-29 13:46:00,0.06908213905990124
2026-08-29 13:47:00,0.06908213905990124
2026-08-29 13:48:00,0.06908213905990124
2026-08-29 13:49:00,0.06908213905990124
2026-08-29 13:50:00,0.06684951018542051
2026-08-29 13:51:00,0.06684951018542051
2026-08-29 13:52:00,0.06684951018542051
2026-08-29 13:53:00,0.06684951018542051
2026-08-29 13:54:00,0.06684951018542051
2026-08-29 13:55:00,0.06323792692273855
2026-08-29 13:56:00,0.06323792692273855
2026-08-29 13:57:00,0.06323792692273855
2026-08-29 13:58:00,0.06323792692273855
2026-08-29 13:59:00,0.06323792692273855
2026-08-29 14:00:00,0.061210556887090206
2026-08-29 14:01:00,0.061210556887090206
2026-08-29 14:02:00,0.061210556887090206
2026-08-29 14:03:00,0.061210556887090206
2026-08-29 14:04:00,0.061210556887090206
2026-08-29 14:05:00,0.06018097419291735
2026-08-29 14:06:00,0.06018097419291735
2026-08-29 14:07:00,0.06018097419291735
2026-08-29 14:08:00,0.06018097419291735
2026-08-29 14:09:00,0.06018097419291735
2026-08-29 14:10:00,0.060127546079456806
2026-08-29 14:11:00,0.060127546079456806
2026-08-29 14:12:00,0.060127546079456806
2026-08-29 14:13:00,0.060127546079456806
2026-08-29 14:14:00,0.060127546079456806
2026-08-29 14:15:00,0.061888483352959156
2026-08-29 14:16:00,0.061888483352959156
2026-08-29 14:17:00,0.061888483352959156
2026-08-29 14:18:00,0.061888483352959156
2026-08-29 14:19:00,0.061888483352959156
2026-08-29 14:20:00,0.05970843695104122
2026-08-29 14:21:00,0.05970843695104122
2026-08-29 14:22:00,0.05970843695104122
2026-08-29 14:23:00,0.05970843695104122
2026-08-29 14:24:00,0.05970843695104122
2026-08-29 14:25:00,0.06255270913243294
2026-08-29 14:26:00,0.06255270913243294
2026-08-29 14:27:00,0.06255270913243294
2026-08-29 14:28:00,0.06255270913243294
2026-08-29 14:29:00,0.06255270913243294
2026-08-29 14:30:00,0.06284257303923368
2026-08-29 14:31:00,0.06284257303923368
2026-08-29 14:32:00,0.06284257303923368
2026-08-29 14:33:00,0.06284257303923368
2026-08-29 14:34:00,0.06284257303923368
2026-08-29 14:35:00,0.06350265350192785
2026-08-29 14:36:00,0.06350265350192785
2026-08-29 14:37:00,0.06350265350192785
2026-08-29 14:38:00,0.06350265350192785
2026-08-29 14:39:00,0.06350265350192785
2026-08-29 14:40:00,0.06536477338522673
2026-08-29 14:41:00,0.06536477338522673
2026-08-29 14:42:00,0.06536477338522673
2026-08-29 14:43:00,0.06536477338522673
2026-08-29 14:44:00,0.06536477338522673
2026-08-29 14:45:00,0.061857957392930984
2026-08-29 14:46:00,0.061857957392930984
2026-08-29 14:47:00,0.061857957392930984
2026-08-29 14:48:00,0.061857957392930984
2026-08-29 14:49:00,0.061857957392930984
2026-08-29 14:50:00,0.06072095688432455
2026-08-29 14:51:00,0.06072095688432455
2026-08-29 14:52:00,0.06072095688432455
2026-08-29 14:53:00,0.06072095688432455
2026-08-29 14:54:00,0.06072095688432455
2026-08-29 14:55:00,0.05922264512628317
2026-08-29 14:56:00,0.05922264512628317
2026-08-29 14:57:00,0.05922264512628317
2026-08-29 14:58:00,0.05922264512628317
2026-08-29 14:59:00,0.05922264512628317
2026-08-29 15:00:00,0.058929139748215675
2026-08-29 15:01:00,0.058929139748215675
2026-08-29 15:02:00,0.058929139748215675
2026-08-29 15:03:00,0.058929139748215675
2026-08-29 15:04:00,0.058929139748215675
2026-08-29 15:05:00,0.060300746001303196
2026-08-29 15:06:00,0.060300746001303196
2026-08-29 15:07:00,0.060300746001303196
2026-08-29 15:08:00,0.060300746001303196
2026-08-29 15:09:00,0.060300746001303196
2026-08-29 15:10:00,0.06405505165457726
2026-08-29 15:11:00,0.06405505165457726
2026-08-29 15:12:00,0.06405505165457726
2026-08-29 15:13:00,0.06405505165457726
2026-08-29 15:14:00,0.06405505165457726
2026-08-29 15:15:00,0.06663920916616917
2026-08-29 15:16:00,0.06663920916616917
2026-08-29 15:17:00,0.06663920916616917
2026-08-29 15:18:00,0.06663920916616917
2026-08-29 15:19:00,0.06663920916616917
2026-08-29 15:20:00,0.06485516205430031
2026-08-29 15:21:00,0.06485516205430031
2026-08-29 15:22:00,0.06485516205430031
2026-08-29 15:23:00,0.06485516205430031
2026-08-29 15:24:00,0.06485516205430031
2026-08-29 15:25:00,0.06223313882946968
2026-08-29 15:26:00,0.06223313882946968
2026-08-29 15:27:00,0.06223313882946968
2026-08-29 15:28:00,0.06223313882946968
2026-08-29 15:29:00,0.06223313882946968
2026-08-29 15:30:00,0.056293049827218056
2026-08-29 15:31:00,0.056293049827218056
2026-08-29 15:32:00,0.056293049827218056
2026-08-29 15:33:00,0.056293049827218056
2026-08-29 15:34:00,0.056293049827218056
2026-08-29 15:35:00,0.0514486962929368
2026-08-29 15:36:00,0.0514486962929368
2026-08-29 15:37:00,0.0514486962929368
2026-08-29 15:38:00,0.0514486962929368
2026-08-29 15:39:00,0.0514486962929368
2026-08-29 15:40:00,0.05165231321007013
2026-08-29 15:41:00,0.05165231321007013
2026-08-29 15:42:00,0.05165231321007013
2026-08-29 15:43:00,0.05165231321007013
2026-08-29 15:44:00,0.05165231321007013
2026-08-29 15:45:00,0.05009299796074629
2026-08-29 15:46:00,0.05009299796074629
2026-08-29 15:47:00,0.05009299796074629
2026-08-29 15:48:00,0.05009299796074629
2026-08-29 15:49:00,0.05009299796074629
2026-08-29 15:50:00,0.049562311731278896
2026-08-29 15:51:00,0.049562311731278896
2026-08-29 15:52:00,0.049562311731278896
2026-08-29 15:53:00,0.049562311731278896
2026-08-29 15:54:00,0.049562311731278896
2026-08-29 15:55:00,0.05099313426762819
2026-08-29 15:56:00,0.05099313426762819
2026-08-29 15:57:00,0.05099313426762819
2026-08-29 15:58:00,0.05099313426762819
2026-08-29 15:59:00,0.05099313426762819
2026-08-29 16:00:00,0.05296306125819683
2026-08-29 16:01:00,0.05296306125819683
2026-08-29 16:02:00,0.05296306125819683
2026-08-29 16:03:00,0.05296306125819683
2026-08-29 16:04:00,0.05296306125819683
2026-08-29 16:05:00,0.058368295431137085
2026-08-29 16:06:00,0.058368295431137085
2026-08-29 16:07:00,0.058368295431137085
2026-08-29 16:08:00,0.058368295431137085
2026-08-29 16:09:00,0.058368295431137085
2026-08-29 16:10:00,0.06440343521535397
2026-08-29 16:11:00,0.06440343521535397
2026-08-29 16:12:00,0.06440343521535397
2026-08-29 16:13:00,0.06440343521535397
2026-08-29 16:14:00,0.06440343521535397
2026-08-29 16:15:00,0.06338163185864687
2026-08-29 16:16:00,0.06338163185864687
2026-08-29 16:17:00,0.06338163185864687
2026-08-29 16:18:00,0.06338163185864687
2026-08-29 16:19:00,0.06338163185864687
2026-08-29 16:20:00,0.059785958379507065
2026-08-29 16:21:00,0.059785958379507065
2026-08-29 16:22:00,0.059785958379507065
2026-08-29 16:23:00,0.059785958379507065
2026-08-29 16:24:00,0.059785958379507065
2026-08-29 16:25:00,0.05544879101216793
2026-08-29 16:26:00,0.05544879101216793
2026-08-29 16:27:00,0.05544879101216793
2026-08-29 16:28:00,0.05544879101216793
2026-08-29 16:29:00,0.05544879101216793
2026-08-29 16:30:00,0.05147102754563093
2026-08-29 16:31:00,0.05147102754563093
2026-08-29 16:32:00,0.05147102754563093
2026-08-29 16:33:00,0.05147102754563093
2026-08-29 16:34:00,0.05147102754563093
2026-08-29 16:35:00,0.05210587568581104
2026-08-29 16:36:00,0.05210587568581104
2026-08-29 16:37:00,0.05210587568581104
2026-08-29 16:38:00,0.05210587568581104
2026-08-29 16:39:00,0.05210587568581104
2026-08-29 16:40:00,0.059896936640143394
2026-08-29 16:41:00,0.059896936640143394
2026-08-29 16:42:00,0.059896936640143394
2026-08-29 16:43:00,0.059896936640143394
2026-08-29 16:44:00,0.059896936640143394
2026-08-29 16:45:00,0.06263709347695112
2026-08-29 16:46:00,0.06263709347695112
2026-08-29 16:47:00,0.06263709347695112
2026-08-29 16:48:00,0.06263709347695112
2026-08-29 16:49:00,0.06263709347695112
2026-08-29 16:50:00,0.06354221701622009
2026-08-29 16:51:00,0.06354221701622009
2026-08-29 16:52:00,0.06354221701622009
2026-08-29 16:53:00,0.06354221701622009
2026-08-29 16:54:00,0.06354221701622009
2026-08-29 16:55:00,0.0668667545542121
2026-08-29 16:56:00,0.0668667545542121
2026-08-29 16:57:00,0.0668667545542121
2026-08-29 16:58:00,0.0668667545542121
2026-08-29 16:59:00,0.0668667545542121
2026-08-29 17:00:00,0.06026484631001949
2026-08-29 17:01:00,0.06026484631001949
2026-08-29 17:02:00,0.06026484631001949
2026-08-29 17:03:00,0.06026484631001949
2026-08-29 17:04:00,0.06026484631001949
2026-08-29 17:05:00,0.06122081074863672
2026-08-29 17:06:00,0.06122081074863672
2026-08-29 17:07:00,0.06122081074863672
2026-08-29 17:08:00,0.06122081074863672
2026-08-29 17:09:00,0.06122081074863672
2026-08-29 17:10:00,0.06593142915517092
2026-08-29 17:11:00,0.06593142915517092
2026-08-29 17:12:00,0.06593142915517092
2026-08-29 17:13:00,0.06593142915517092
2026-08-29 17:14:00,0.06593142915517092
2026-08-29 17:15:00,0.06793078314512968
2026-08-29 17:16:00,0.06793078314512968
2026-08-29 17:17:00,0.06793078314512968
2026-08-29 17:18:00,0.06793078314512968
2026-08-29 17:19:00,0.06793078314512968
2026-08-29 17:20:00,0.07540243864059448
2026-08-29 17:21:00,0.07540243864059448
2026-08-29 17:22:00,0.07540243864059448
2026-08-29 17:23:00,0.07540243864059448
2026-08-29 17:24:00,0.07540243864059448
2026-08-29 17:25:00,0.07870946638286114
2026-08-29 17:26:00,0.07870946638286114
2026-08-29 17:27:00,0.07870946638286114
2026-08-29 17:28:00,0.07870946638286114
2026-08-29 17:29:00,0.07870946638286114
2026-08-29 17:30:00,0.07484151143580675
2026-08-29 17:31:00,0.07484151143580675
2026-08-29 17:32:00,0.07484151143580675
2026-08-29 17:33:00,0.07484151143580675
2026-08-29 17:34:00,0.07484151143580675
2026-08-29 17:35:00,0.071529277600348
2026-08-29 17:36:00,0.071529277600348
2026-08-29 17:37:00,0.071529277600348
2026-08-29 17:38:00,0.071529277600348
2026-08-29 17:39:00,0.071529277600348
2026-08-29 17:40:00,0.06821800861507654
2026-08-29 17:41:00,0.06821800861507654
2026-08-29 17:42:00,0.06821800861507654
2026-08-29 17:43:00,0.06821800861507654
2026-08-29 17:44:00,0.06821800861507654
2026-08-29 17:45:00,0.06785847898572683
2026-08-29 17:46:00,0.06785847898572683
2026-08-29 17:47:00,0.06785847898572683
2026-08-29 17:48:00,0.06785847898572683
2026-08-29 17:49:00,0.06785847898572683
2026-08-29 17:50:00,0.0721869096159935
2026-08-29 17:51:00,0.0721869096159935
2026-08-29 17:52:00,0.0721869096159935
2026-08-29 17:53:00,0.0721869096159935
2026-08-29 17:54:00,0.0721869096159935
2026-08-29 17:55:00,0.07836394757032394
2026-08-29 17:56:00,0.07836394757032394
2026-08-29 17:57:00,0.07836394757032394
2026-08-29 17:58:00,0.07836394757032394
2026-08-29 17:59:00,0.07836394757032394
2026-08-29 18:00:00,0.07662586681544781
2026-08-29 18:01:00,0.07662586681544781
2026-08-29 18:02:00,0.07662586681544781
2026-08-29 18:03:00,0.07662586681544781
2026-08-29 18:04:00,0.07662586681544781
2026-08-29 18:05:00,0.0730148833245039
2026-08-29 18:06:00,0.0730148833245039
2026-08-29 18:07:00,0.0730148833245039
2026-08-29 18:08:00,0.0730148833245039
2026-08-29 18:09:00,0.0730148833245039
2026-08-29 18:10:00,0.06789020169526339
2026-08-29 18:11:00,0.06789020169526339
2026-08-29 18:12:00,0.06789020169526339
2026-08-29 18:13:00,0.06789020169526339
2026-08-29 18:14:00,0.06789020169526339
2026-08-29 18:15:00,0.058185094967484474
2026-08-29 18:16:00,0.058185094967484474
2026-08-29 18:17:00,0.058185094967484474
2026-08-29 18:18:00,0.058185094967484474
2026-08-29 18:19:00,0.058185094967484474
2026-08-29 18:20:00,0.055416399613022804
2026-08-29 18:21:00,0.055416399613022804
2026-08-29 18:22:00,0.055416399613022804
2026-08-29 18:23:00,0.055416399613022804
2026-08-29 18:24:00,0.055416399613022804
2026-08-29 18:25:00,0.0525290509685874
2026-08-29 18:26:00,0.0525290509685874
2026-08-29 18:27:00,0.0525290509685874
2026-08-29 18:28:00,0.0525290509685874
2026-08-29 18:29:00,0.0525290509685874
2026-08-29 18:30:00,0.05161756742745638
2026-08-29 18:31:00,0.05161756742745638
2026-08-29 18:32:00,0.05161756742745638
2026-08-29 18:33:00,0.05161756742745638
2026-08-29 18:34:00,0.05161756742745638
2026-08-29 18:35:00,0.052390108816325665
2026-08-29 18:36:00,0.052390108816325665
2026-08-29 18:37:00,0.052390108816325665
2026-08-29 18:38:00,0.052390108816325665
2026-08-29 18:39:00,0.052390108816325665
2026-08-29 18:40:00,0.05424792505800724
2026-08-29 18:41:00,0.05424792505800724
2026-08-29 18:42:00,0.05424792505800724
2026-08-29 18:43:00,0.05424792505800724
2026-08-29 18:44:00,0.05424792505800724
2026-08-29 18:45:00,0.055089167319238186
2026-08-29 18:46:00,0.055089167319238186
2026-08-29 18:47:00,0.055089167319238186
2026-08-29 18:48:00,0.055089167319238186
2026-08-29 18:49:00,0.055089167319238186
2026-08-29 18:50:00,0.055395977571606636
2026-08-29 18:51:00,0.055395977571606636
2026-08-29 18:52:00,0.055395977571606636
2026-08-29 18:53:00,0.055395977571606636
2026-08-29 18:54:00,0.055395977571606636
2026-08-29 18:55:00,0.05377231910824776
2026-08-29 18:56:00,0.05377231910824776
2026-08-29 18:57:00,0.05377231910824776
2026-08-29 18:58:00,0.05377231910824776
2026-08-29 18:59:00,0.05377231910824776
2026-08-29 19:00:00,0.05089991260319948
2026-08-29 19:01:00,0.05089991260319948
2026-08-29 19:02:00,0.05089991260319948
2026-08-29 19:03:00,0.05089991260319948
2026-08-29 19:04:00,0.05089991260319948
2026-08-29 19:05:00,0.0499397236853838
2026-08-29 19:06:00,0.0499397236853838
2026-08-29 19:07:00,0.0499397236853838
2026-08-29 19:08:00,0.0499397236853838
2026-08-29 19:09:00,0.0499397236853838
2026-08-29 19:10:00,0.04887719452381134
2026-08-29 19:11:00,0.04887719452381134
2026-08-29 19:12:00,0.04887719452381134
2026-08-29 19:13:00,0.04887719452381134
2026-08-29 19:14:00,0.04887719452381134
2026-08-29 19:15:00,0.052683438174426556
2026-08-29 19:16:00,0.052683438174426556
2026-08-29 19:17:00,0.052683438174426556
2026-08-29 19:18:00,0.052683438174426556
2026-08-29 19:19:00,0.052683438174426556
2026-08-29 19:20:00,0.0543062798678875
2026-08-29 19:21:00,0.0543062798678875
2026-08-29 19:22:00,0.0543062798678875
2026-08-29 19:23:00,0.0543062798678875
2026-08-29 19:24:00,0.0543062798678875
2026-08-29 19:25:00,0.055198526941239834
2026-08-29 19:26:00,0.055198526941239834
2026-08-29 19:27:00,0.055198526941239834
2026-08-29 19:28:00,0.055198526941239834
2026-08-29 19:29:00,0.055198526941239834
2026-08-29 19:30:00,0.056209297850728035
2026-08-29 19:31:00,0.056209297850728035
2026-08-29 19:32:00,0.056209297850728035
2026-08-29 19:33:00,0.056209297850728035
2026-08-29 19:34:00,0.056209297850728035
2026-08-29 19:35:00,0.056778499856591225
2026-08-29 19:36:00,0.056778499856591225
2026-08-29 19:37:00,0.056778499856591225
2026-08-29 19:38:00,0.056778499856591225
2026-08-29 19:39:00,0.056778499856591225
2026-08-29 19:40:00,0.06195379327982664
2026-08-29 19:41:00,0.06195379327982664
2026-08-29 19:42:00,0.06195379327982664
2026-08-29 19:43:00,0.06195379327982664
2026-08-29 19:44:00,0.06195379327982664
2026-08-29 19:45:00,0.06497254129499197
2026-08-29 19:46:00,0.06497254129499197
2026-08-29 19:47:00,0.06497254129499197
2026-08-29 19:48:00,0.06497254129499197
2026-08-29 19:49:00,0.06497254129499197
2026-08-29 19:50:00,0.06959820166230202
2026-08-29 19:51:00,0.06959820166230202
2026-08-29 19:52:00,0.06959820166230202
2026-08-29 19:53:00,0.06959820166230202
2026-08-29 19:54:00,0.06959820166230202
2026-08-29 19:55:00,0.07756901532411575
2026-08-29 19:56:00,0.07756901532411575
2026-08-29 19:57:00,0.07756901532411575
2026-08-29 19:58:00,0.07756901532411575
2026-08-29 19:59:00,0.07756901532411575
2026-08-29 20:00:00,0.07933933287858963
2026-08-29 20:01:00,0.07933933287858963
2026-08-29 20:02:00,0.07933933287858963
2026-08-29 20:03:00,0.07933933287858963
2026-08-29 20:04:00,0.07933933287858963
2026-08-29 20:05:00,0.0803894642740488
2026-08-29 20:06:00,0.0803894642740488
2026-08-29 20:07:00,0.0803894642740488
2026-08-29 20:08:00,0.0803894642740488
2026-08-29 20:09:00,0.0803894642740488
2026-08-29 20:10:00,0.07807634025812149
2026-08-29 20:11:00,0.07807634025812149
2026-08-29 20:12:00,0.07807634025812149
2026-08-29 20:13:00,0.07807634025812149
2026-08-29 20:14:00,0.07807634025812149
2026-08-29 20:15:00,0.06808154657483101
2026-08-29 20:16:00,0.06808154657483101
2026-08-29 20:17:00,0.06808154657483101
2026-08-29 20:18:00,0.06808154657483101
2026-08-29 20:19:00,0.06808154657483101
2026-08-29 20:20:00,0.0618370333686471
2026-08-29 20:21:00,0.0618370333686471
2026-08-29 20:22:00,0.0618370333686471
2026-08-29 20:23:00,0.0618370333686471
2026-08-29 20:24:00,0.0618370333686471
2026-08-29 20:25:00,0.05621250532567501
2026-08-29 20:26:00,0.05621250532567501
2026-08-29 20:27:00,0.05621250532567501
2026-08-29 20:28:00,0.05621250532567501
2026-08-29 20:29:00,0.05621250532567501
2026-08-29 20:30:00,0.05358530208468437
2026-08-29 20:31:00,0.05358530208468437
2026-08-29 20:32:00,0.05358530208468437
2026-08-29 20:33:00,0.05358530208468437
2026-08-29 20:34:00,0.05358530208468437
2026-08-29 20:35:00,0.05364730767905712
2026-08-29 20:36:00,0.05364730767905712
2026-08-29 20:37:00,0.05364730767905712
2026-08-29 20:38:00,0.05364730767905712
2026-08-29 20:39:00,0.05364730767905712
2026-08-29 20:40:00,0.05187004245817661
2026-08-29 20:41:00,0.05187004245817661
2026-08-29 20:42:00,0.05187004245817661
2026-08-29 20:43:00,0.05187004245817661
2026-08-29 20:44:00,0.05187004245817661
2026-08-29 20:45:00,0.05306895636022091
2026-08-29 20:46:00,0.05306895636022091
2026-08-29 20:47:00,0.05306895636022091
2026-08-29 20:48:00,0.05306895636022091
2026-08-29 20:49:00,0.05306895636022091
2026-08-29 20:50:00,0.0527415769174695
2026-08-29 20:51:00,0.0527415769174695
2026-08-29 20:52:00,0.0527415769174695
2026-08-29 20:53:00,0.0527415769174695
2026-08-29 20:54:00,0.0527415769174695
2026-08-29 20:55:00,0.051058629527688026
2026-08-29 20:56:00,0.051058629527688026
2026-08-29 20:57:00,0.051058629527688026
2026-08-29 20:58:00,0.051058629527688026
2026-08-29 20:59:00,0.051058629527688026
2026-08-29 21:00:00,0.052487559616565704
2026-08-29 21:01:00,0.052487559616565704
2026-08-29 21:02:00,0.052487559616565704
2026-08-29 21:03:00,0.052487559616565704
2026-08-29 21:04:00,0.052487559616565704
2026-08-29 21:05:00,0.05160665698349476
2026-08-29 21:06:00,0.05160665698349476
2026-08-29 21:07:00,0.05160665698349476
2026-08-29 21:08:00,0.05160665698349476
2026-08-29 21:09:00,0.05160665698349476
2026-08-29 21:10:00,0.049834602512419224
2026-08-29 21:11:00,0.049834602512419224
2026-08-29 21:12:00,0.049834602512419224
2026-08-29 21:13:00,0.049834602512419224
2026-08-29 21:14:00,0.049834602512419224
2026-08-29 21:15:00,0.05070835072547197
2026-08-29 21:16:00,0.05070835072547197
2026-08-29 21:17:00,0.05070835072547197
2026-08-29 21:18:00,0.05070835072547197
2026-08-29 21:19:00,0.05070835072547197
2026-08-29 21:20:00,0.050412063486874104
2026-08-29 21:21:00,0.050412063486874104
2026-08-29 21:22:00,0.050412063486874104
2026-08-29 21:23:00,0.050412063486874104
2026-08-29 21:24:00,0.050412063486874104
2026-08-29 21:25:00,0.051919395104050636
2026-08-29 21:26:00,0.051919395104050636
2026-08-29 21:27:00,0.051919395104050636
2026-08-29 21:28:00,0.051919395104050636
2026-08-29 21:29:00,0.051919395104050636
2026-08-29 21:30:00,0.05446959659457207
2026-08-29 21:31:00,0.05446959659457207
2026-08-29 21:32:00,0.05446959659457207
2026-08-29 21:33:00,0.05446959659457207
2026-08-29 21:34:00,0.05446959659457207
2026-08-29 21:35:00,0.05793122109025717
2026-08-29 21:36:00,0.05793122109025717
2026-08-29 21:37:00,0.05793122109025717
2026-08-29 21:38:00,0.05793122109025717
2026-08-29 21:39:00,0.05793122109025717
2026-08-29 21:40:00,0.06288204528391361
2026-08-29 21:41:00,0.06288204528391361
2026-08-29 21:42:00,0.06288204528391361
2026-08-29 21:43:00,0.06288204528391361
2026-08-29 21:44:00,0.06288204528391361
2026-08-29 21:45:00,0.06596690230071545
2026-08-29 21:46:00,0.06596690230071545
2026-08-29 21:47:00,0.06596690230071545
2026-08-29 21:48:00,0.06596690230071545
2026-08-29 21:49:00,0.06596690230071545
2026-08-29 21:50:00,0.06694275885820389
2026-08-29 21:51:00,0.06694275885820389
2026-08-29 21:52:00,0.06694275885820389
2026-08-29 21:53:00,0.06694275885820389
2026-08-29 21:54:00,0.06694275885820389
2026-08-29 21:55:00,0.06304397620260715
2026-08-29 21:56:00,0.06304397620260715
2026-08-29 21:57:00,0.06304397620260715
2026-08-29 21:58:00,0.06304397620260715
2026-08-29 21:59:00,0.06304397620260715
2026-08-29 22:00:00,0.057435196824371815
2026-08-29 22:01:00,0.057435196824371815
2026-08-29 22:02:00,0.057435196824371815
2026-08-29 22:03:00,0.057435196824371815
2026-08-29 22:04:00,0.057435196824371815
2026-08-29 22:05:00,0.05514378100633621
2026-08-29 22:06:00,0.05514378100633621
2026-08-29 22:07:00,0.05514378100633621
2026-08-29 22:08:00,0.05514378100633621
2026-08-29 22:09:00,0.05514378100633621
2026-08-29 22:10:00,0.05578036792576313
2026-08-29 22:11:00,0.05578036792576313
2026-08-29 22:12:00,0.05578036792576313
2026-08-29 22:13:00,0.05578036792576313
2026-08-29 22:14:00,0.05578036792576313
2026-08-29 22:15:00,0.05889248475432396
2026-08-29 22:16:00,0.05889248475432396
2026-08-29 22:17:00,0.05889248475432396
2026-08-29 22:18:00,0.05889248475432396
2026-08-29 22:19:00,0.05889248475432396
2026-08-29 22:20:00,0.06207956653088331
2026-08-29 22:21:00,0.06207956653088331
2026-08-29 22:22:00,0.06207956653088331
2026-08-29 22:23:00,0.06207956653088331
2026-08-29 22:24:00,0.06207956653088331
2026-08-29 22:25:00,0.06145913992077112
2026-08-29 22:26:00,0.06145913992077112
2026-08-29 22:27:00,0.06145913992077112
2026-08-29 22:28:00,0.06145913992077112
2026-08-29 22:29:00,0.06145913992077112
2026-08-29 22:30:00,0.05884901434183121
2026-08-29 22:31:00,0.05884901434183121
2026-08-29 22:32:00,0.05884901434183121
2026-08-29 22:33:00,0.05884901434183121
2026-08-29 22:34:00,0.05884901434183121
2026-08-29 22:35:00,0.05609290208667517
2026-08-29 22:36:00,0.05609290208667517
2026-08-29 22:37:00,0.05609290208667517
2026-08-29 22:38:00,0.05609290208667517
2026-08-29 22:39:00,0.05609290208667517
2026-08-29 22:40:00,0.056811596266925335
2026-08-29 22:41:00,0.056811596266925335
2026-08-29 22:42:00,0.056811596266925335
2026-08-29 22:43:00,0.056811596266925335
2026-08-29 22:44:00,0.056811596266925335
2026-08-29 22:45:00,0.06191178038716316
2026-08-29 22:46:00,0.06191178038716316
2026-08-29 22:47:00,0.06191178038716316
2026-08-29 22:48:00,0.06191178038716316
2026-08-29 22:49:00,0.06191178038716316
2026-08-29 22:50:00,0.06928982678800821
2026-08-29 22:51:00,0.06928982678800821
2026-08-29 22:52:00,0.06928982678800821
2026-08-29 22:53:00,0.06928982678800821
2026-08-29 22:54:00,0.06928982678800821
2026-08-29 22:55:00,0.074202511459589
2026-08-29 22:56:00,0.074202511459589
2026-08-29 22:57:00,0.074202511459589
2026-08-29 22:58:00,0.074202511459589
2026-08-29 22:59:00,0.074202511459589
2026-08-29 23:00:00,0.073231709189713
2026-08-29 23:01:00,0.073231709189713
2026-08-29 23:02:00,0.073231709189713
2026-08-29 23:03:00,0.073231709189713
2026-08-29 23:04:00,0.073231709189713
2026-08-29 23:05:00,0.06817775499075651
2026-08-29 23:06:00,0.06817775499075651
2026-08-29 23:07:00,0.06817775499075651
2026-08-29 23:08:00,0.06817775499075651
2026-08-29 23:09:00,0.06817775499075651
2026-08-29 23:10:00,0.06472425628453493
2026-08-29 23:11:00,0.06472425628453493
2026-08-29 23:12:00,0.06472425628453493
2026-08-29 23:13:00,0.06472425628453493
2026-08-29 23:14:00,0.06472425628453493
2026-08-29 23:15:00,0.061077107675373554
2026-08-29 23:16:00,0.061077107675373554
2026-08-29 23:17:00,0.061077107675373554
2026-08-29 23:18:00,0.061077107675373554
2026-08-29 23:19:00,0.061077107675373554
2026-08-29 23:20:00,0.05729694291949272
2026-08-29 23:21:00,0.05729694291949272
2026-08-29 23:22:00,0.05729694291949272
2026-08-29 23:23:00,0.05729694291949272
2026-08-29 23:24:00,0.05729694291949272
2026-08-29 23:25:00,0.05739567242562771
2026-08-29 23:26:00,0.05739567242562771
2026-08-29 23:27:00,0.05739567242562771
2026-08-29 23:28:00,0.05739567242562771
2026-08-29 23:29:00,0.05739567242562771
2026-08-29 23:30:00,0.0520471902564168
2026-08-29 23:31:00,0.0520471902564168
2026-08-29 23:32:00,0.0520471902564168
2026-08-29 23:33:00,0.0520471902564168
2026-08-29 23:34:00,0.0520471902564168
2026-08-29 23:35:00,0.05210166983306408
2026-08-29 23:36:00,0.05210166983306408
2026-08-29 23:37:00,0.05210166983306408
2026-08-29 23:38:00,0.05210166983306408
2026-08-29 23:39:00,0.05210166983306408
2026-08-29 23:40:00,0.05549612082540989
2026-08-29 23:41:00,0.05549612082540989
2026-08-29 23:42:00,0.05549612082540989
2026-08-29 23:43:00,0.05549612082540989
2026-08-29 23:44:00,0.05549612082540989
2026-08-29 23:45:00,0.29776295088231564
2026-08-29 23:46:00,0.29776295088231564
2026-08-29 23:47:00,0.29776295088231564
2026-08-29 23:48:00,0.29776295088231564
2026-08-29 23:49:00,0.29776295088231564
2026-08-29 23:50:00,0.5426248097792268
2026-08-29 23:51:00,0.5426248097792268
2026-08-29 23:52:00,0.5426248097792268
2026-08-29 23:53:00,0.5426248097792268
2026-08-29 23:54:00,0.5426248097792268
2026-08-29 23:55:00,0.7851240038871765
2026-08-29 23:56:00,0.7851240038871765
2026-08-29 23:57:00,0.7851240038871765
2026-08-29 23:58:00,0.7851240038871765
2026-08-29 23:59:00,0.7851240038871765
2026-08-30 00:00:00,1.0268681347370148
2026-08-30 00:01:00,1.0268681347370148
2026-08-30 00:02:00,1.0268681347370148
2026-08-30 00:03:00,1.0268681347370148
2026-08-30 00:04:00,1.0268681347370148
2026-08-30 00:05:00,0.8215060494840145
2026-08-30 00:06:00,0.8215060494840145
2026-08-30 00:07:00,0.8215060494840145
2026-08-30 00:08:00,0.8215060494840145
2026-08-30 00:09:00,0.8215060494840145
2026-08-30 00:10:00,0.6173125803470612
2026-08-30 00:11:00,0.6173125803470612
2026-08-30 00:12:00,0.6173125803470612
2026-08-30 00:13:00,0.6173125803470612
2026-08-30 00:14:00,0.6173125803470612
2026-08-30 00:15:00,0.41228487715125084
2026-08-30 00:16:00,0.41228487715125084
2026-08-30 00:17:00,0.41228487715125084
2026-08-30 00:18:00,0.41228487715125084
2026-08-30 00:19:00,0.41228487715125084
2026-08-30 00:20:00,0.20642410963773727
2026-08-30 00:21:00,0.20642410963773727
2026-08-30 00:22:00,0.20642410963773727
2026-08-30 00:23:00,0.20642410963773727
2026-08-30 00:24:00,0.20642410963773727
2026-08-30 00:25:00,0.20585845410823822
2026-08-30 00:26:00,0.20585845410823822
2026-08-30 00:27:00,0.20585845410823822
2026-08-30 00:28:00,0.20585845410823822
2026-08-30 00:29:00,0.20585845410823822
2026-08-30 00:30:00,0.20492218062281609
2026-08-30 00:31:00,0.20492218062281609
2026-08-30 00:32:00,0.20492218062281609
2026-08-30 00:33:00,0.20492218062281609
2026-08-30 00:34:00,0.20492218062281609
2026-08-30 00:35:00,0.20678924396634102
2026-08-30 00:36:00,0.20678924396634102
2026-08-30 00:37:00,0.20678924396634102
2026-08-30 00:38:00,0.20678924396634102
2026-08-30 00:39:00,0.20678924396634102
2026-08-30 00:40:00,0.20896058902144432
2026-08-30 00:41:00,0.20896058902144432
2026-08-30 00:42:00,0.20896058902144432
2026-08-30 00:43:00,0.20896058902144432
2026-08-30 00:44:00,0.20896058902144432
2026-08-30 00:45:00,0.21399665251374245
2026-08-30 00:46:00,0.21399665251374245
2026-08-30 00:47:00,0.21399665251374245
2026-08-30 00:48:00,0.21399665251374245
2026-08-30 00:49:00,0.21399665251374245
2026-08-30 00:50:00,0.2180822789669037
2026-08-30 00:51:00,0.2180822789669037
2026-08-30 00:52:00,0.2180822789669037
2026-08-30 00:53:00,0.2180822789669037
2026-08-30 00:54:00,0.2180822789669037
2026-08-30 00:55:00,0.21696092933416367
2026-08-30 00:56:00,0.21696092933416367
2026-08-30 00:57:00,0.21696092933416367
2026-08-30 00:58:00,0.21696092933416367
2026-08-30 00:59:00,0.21696092933416367
2026-08-30 01:00:00,0.21543102711439133
2026-08-30 01:01:00,0.21543102711439133
2026-08-30 01:02:00,0.21543102711439133
2026-08-30 01:03:00,0.21543102711439133
2026-08-30 01:04:00,0.21543102711439133
2026-08-30 01:05:00,0.174411091953516
2026-08-30 01:06:00,0.174411091953516
2026-08-30 01:07:00,0.174411091953516
2026-08-30 01:08:00,0.174411091953516
2026-08-30 01:09:00,0.174411091953516
2026-08-30 01:10:00,0.13050558045506477
2026-08-30 01:11:00,0.13050558045506477
2026-08-30 01:12:00,0.13050558045506477
2026-08-30 01:13:00,0.13050558045506477
2026-08-30 01:14:00,0.13050558045506477
2026-08-30 01:15:00,0.08970434125512838
2026-08-30 01:16:00,0.08970434125512838
2026-08-30 01:17:00,0.08970434125512838
2026-08-30 01:18:00,0.08970434125512838
2026-08-30 01:19:00,0.08970434125512838
2026-08-30 01:20:00,0.049819824285805225
2026-08-30 01:21:00,0.049819824285805225
2026-08-30 01:22:00,0.049819824285805225
2026-08-30 01:23:00,0.049819824285805225
2026-08-30 01:24:00,0.049819824285805225
2026-08-30 01:25:00,0.04597203340381384
2026-08-30 01:26:00,0.04597203340381384
2026-08-30 01:27:00,0.04597203340381384
2026-08-30 01:28:00,0.04597203340381384
2026-08-30 01:29:00,0.04597203340381384
2026-08-30 01:30:00,0.046003349125385284
2026-08-30 01:31:00,0.046003349125385284
2026-08-30 01:32:00,0.046003349125385284
2026-08-30 01:33:00,0.046003349125385284
2026-08-30 01:34:00,0.046003349125385284
2026-08-30 01:35:00,0.04858464375138283
2026-08-30 01:36:00,0.04858464375138283
2026-08-30 01:37:00,0.04858464375138283
2026-08-30 01:38:00,0.04858464375138283
2026-08-30 01:39:00,0.04858464375138283
2026-08-30 01:40:00,0.05122518539428711
2026-08-30 01:41:00,0.05122518539428711
2026-08-30 01:42:00,0.05122518539428711
2026-08-30 01:43:00,0.05122518539428711
2026-08-30 01:44:00,0.05122518539428711
2026-08-30 01:45:00,0.05577138625085354
2026-08-30 01:46:00,0.05577138625085354
2026-08-30 01:47:00,0.05577138625085354
2026-08-30 01:48:00,0.05577138625085354
2026-08-30 01:49:00,0.05577138625085354
2026-08-30 01:50:00,0.057076167315244675
2026-08-30 01:51:00,0.057076167315244675
2026-08-30 01:52:00,0.057076167315244675
2026-08-30 01:53:00,0.057076167315244675
2026-08-30 01:54:00,0.057076167315244675
2026-08-30 01:55:00,0.05436050985008478
2026-08-30 01:56:00,0.05436050985008478
2026-08-30 01:57:00,0.05436050985008478
2026-08-30 01:58:00,0.05436050985008478
2026-08-30 01:59:00,0.05436050985008478
2026-08-30 02:00:00,0.05212726164609194
2026-08-30 02:01:00,0.05212726164609194
2026-08-30 02:02:00,0.05212726164609194
2026-08-30 02:03:00,0.05212726164609194
2026-08-30 02:04:00,0.05212726164609194
2026-08-30 02:05:00,0.04867522977292538
2026-08-30 02:06:00,0.04867522977292538
2026-08-30 02:07:00,0.04867522977292538
2026-08-30 02:08:00,0.04867522977292538
2026-08-30 02:09:00,0.04867522977292538
2026-08-30 02:10:00,0.04790256917476654
2026-08-30 02:11:00,0.04790256917476654
2026-08-30 02:12:00,0.04790256917476654
2026-08-30 02:13:00,0.04790256917476654
2026-08-30 02:14:00,0.04790256917476654
2026-08-30 02:15:00,0.050315084867179394
2026-08-30 02:16:00,0.050315084867179394
2026-08-30 02:17:00,0.050315084867179394
2026-08-30 02:18:00,0.050315084867179394
2026-08-30 02:19:00,0.050315084867179394
2026-08-30 02:20:00,0.05276533309370279
2026-08-30 02:21:00,0.05276533309370279
2026-08-30 02:22:00,0.05276533309370279
2026-08-30 02:23:00,0.05276533309370279
2026-08-30 02:24:00,0.05276533309370279
2026-08-30 02:25:00,0.05207585170865059
2026-08-30 02:26:00,0.05207585170865059
2026-08-30 02:27:00,0.05207585170865059
2026-08-30 02:28:00,0.05207585170865059
2026-08-30 02:29:00,0.05207585170865059
2026-08-30 02:30:00,0.05335282441228628
2026-08-30 02:31:00,0.05335282441228628
2026-08-30 02:32:00,0.05335282441228628
2026-08-30 02:33:00,0.05335282441228628
2026-08-30 02:34:00,0.05335282441228628
2026-08-30 02:35:00,0.0543491430580616
2026-08-30 02:36:00,0.0543491430580616
2026-08-30 02:37:00,0.0543491430580616
2026-08-30 02:38:00,0.0543491430580616
2026-08-30 02:39:00,0.0543491430580616
2026-08-30 02:40:00,0.056699350476264954
2026-08-30 02:41:00,0.056699350476264954
2026-08-30 02:42:00,0.056699350476264954
2026-08-30 02:43:00,0.056699350476264954
2026-08-30 02:44:00,0.056699350476264954
2026-08-30 02:45:00,0.06205759011209011
2026-08-30 02:46:00,0.06205759011209011
2026-08-30 02:47:00,0.06205759011209011
2026-08-30 02:48:00,0.06205759011209011
2026-08-30 02:49:00,0.06205759011209011
2026-08-30 02:50:00,0.06631040014326572
2026-08-30 02:51:00,0.06631040014326572
2026-08-30 02:52:00,0.06631040014326572
2026-08-30 02:53:00,0.06631040014326572
2026-08-30 02:54:00,0.06631040014326572
2026-08-30 02:55:00,0.06964879855513573
2026-08-30 02:56:00,0.06964879855513573
2026-08-30 02:57:00,0.06964879855513573
2026-08-30 02:58:00,0.06964879855513573
2026-08-30 02:59:00,0.06964879855513573
2026-08-30 03:00:00,0.07175126485526562
2026-08-30 03:01:00,0.07175126485526562
2026-08-30 03:02:00,0.07175126485526562
2026-08-30 03:03:00,0.07175126485526562
2026-08-30 03:04:00,0.07175126485526562
2026-08-30 03:05:00,0.07552281022071838
2026-08-30 03:06:00,0.07552281022071838
2026-08-30 03:07:00,0.07552281022071838
2026-08-30 03:08:00,0.07552281022071838
2026-08-30 03:09:00,0.07552281022071838
2026-08-30 03:10:00,0.07455787435173988
2026-08-30 03:11:00,0.07455787435173988
2026-08-30 03:12:00,0.07455787435173988
2026-08-30 03:13:00,0.07455787435173988
2026-08-30 03:14:00,0.07455787435173988
2026-08-30 03:15:00,0.0709366500377655
2026-08-30 03:16:00,0.0709366500377655
2026-08-30 03:17:00,0.0709366500377655
2026-08-30 03:18:00,0.0709366500377655
2026-08-30 03:19:00,0.0709366500377655
2026-08-30 03:20:00,0.06625316757708788
2026-08-30 03:21:00,0.06625316757708788
2026-08-30 03:22:00,0.06625316757708788
2026-08-30 03:23:00,0.06625316757708788
2026-08-30 03:24:00,0.06625316757708788
2026-08-30 03:25:00,0.12534713093191385
2026-08-30 03:26:00,0.12534713093191385
2026-08-30 03:27:00,0.12534713093191385
2026-08-30 03:28:00,0.12534713093191385
2026-08-30 03:29:00,0.12534713093191385
2026-08-30 03:30:00,0.18808638397604227
2026-08-30 03:31:00,0.18808638397604227
2026-08-30 03:32:00,0.18808638397604227
2026-08-30 03:33:00,0.18808638397604227
2026-08-30 03:34:00,0.18808638397604227
2026-08-30 03:35:00,0.2541717542335391
2026-08-30 03:36:00,0.2541717542335391
2026-08-30 03:37:00,0.2541717542335391
2026-08-30 03:38:00,0.2541717542335391
2026-08-30 03:39:00,0.2541717542335391
2026-08-30 03:40:00,0.32283394783735275
2026-08-30 03:41:00,0.32283394783735275
2026-08-30 03:42:00,0.32283394783735275
2026-08-30 03:43:00,0.32283394783735275
2026-08-30 03:44:00,0.32283394783735275
2026-08-30 03:45:00,0.25779811572283506
2026-08-30 03:46:00,0.25779811572283506
2026-08-30 03:47:00,0.25779811572283506
2026-08-30 03:48:00,0.25779811572283506
2026-08-30 03:49:00,0.25779811572283506
2026-08-30 03:50:00,0.19165211729705334
2026-08-30 03:51:00,0.19165211729705334
2026-08-30 03:52:00,0.19165211729705334
2026-08-30 03:53:00,0.19165211729705334
2026-08-30 03:54:00,0.19165211729705334
2026-08-30 03:55:00,0.12371779698878527
2026-08-30 03:56:00,0.12371779698878527
2026-08-30 03:57:00,0.12371779698878527
2026-08-30 03:58:00,0.12371779698878527
2026-08-30 03:59:00,0.12371779698878527
2026-08-30 04:00:00,0.05560994241386652
2026-08-30 04:01:00,0.05560994241386652
2026-08-30 04:02:00,0.05560994241386652
2026-08-30 04:03:00,0.05560994241386652
2026-08-30 04:04:00,0.05560994241386652
2026-08-30 04:05:00,0.05622451193630695
2026-08-30 04:06:00,0.05622451193630695
2026-08-30 04:07:00,0.05622451193630695
2026-08-30 04:08:00,0.05622451193630695
2026-08-30 04:09:00,0.05622451193630695
2026-08-30 04:10:00,0.05665187444537878
2026-08-30 04:11:00,0.05665187444537878
2026-08-30 04:12:00,0.05665187444537878
2026-08-30 04:13:00,0.05665187444537878
2026-08-30 04:14:00,0.05665187444537878
2026-08-30 04:15:00,0.05828838516026735
2026-08-30 04:16:00,0.05828838516026735
2026-08-30 04:17:00,0.05828838516026735
2026-08-30 04:18:00,0.05828838516026735
2026-08-30 04:19:00,0.05828838516026735
2026-08-30 04:20:00,0.058527637273073196
2026-08-30 04:21:00,0.058527637273073196
2026-08-30 04:22:00,0.058527637273073196
2026-08-30 04:23:00,0.058527637273073196
2026-08-30 04:24:00,0.058527637273073196
2026-08-30 04:25:00,0.05975050665438175
2026-08-30 04:26:00,0.05975050665438175
2026-08-30 04:27:00,0.05975050665438175
2026-08-30 04:28:00,0.05975050665438175
2026-08-30 04:29:00,0.05975050665438175
2026-08-30 04:30:00,0.06233680248260498
2026-08-30 04:31:00,0.06233680248260498
2026-08-30 04:32:00,0.06233680248260498
2026-08-30 04:33:00,0.06233680248260498
2026-08-30 04:34:00,0.06233680248260498
2026-08-30 04:35:00,0.06361215468496084
2026-08-30 04:36:00,0.06361215468496084
2026-08-30 04:37:00,0.06361215468496084
2026-08-30 04:38:00,0.06361215468496084
2026-08-30 04:39:00,0.06361215468496084
2026-08-30 04:40:00,0.06406358629465103
2026-08-30 04:41:00,0.06406358629465103
2026-08-30 04:42:00,0.06406358629465103
2026-08-30 04:43:00,0.06406358629465103
2026-08-30 04:44:00,0.06406358629465103
2026-08-30 04:45:00,0.061989687383174896
2026-08-30 04:46:00,0.061989687383174896
2026-08-30 04:47:00,0.061989687383174896
2026-08-30 04:48:00,0.061989687383174896
2026-08-30 04:49:00,0.061989687383174896
2026-08-30 04:50:00,0.059296716935932636
2026-08-30 04:51:00,0.059296716935932636
2026-08-30 04:52:00,0.059296716935932636
2026-08-30 04:53:00,0.059296716935932636
2026-08-30 04:54:00,0.059296716935932636
2026-08-30 04:55:00,0.05711739789694548
2026-08-30 04:56:00,0.05711739789694548
2026-08-30 04:57:00,0.05711739789694548
2026-08-30 04:58:00,0.05711739789694548
2026-08-30 04:59:00,0.05711739789694548
2026-08-30 05:00:00,0.056817829608917236
2026-08-30 05:01:00,0.056817829608917236
2026-08-30 05:02:00,0.056817829608917236
2026-08-30 05:03:00,0.056817829608917236
2026-08-30 05:04:00,0.056817829608917236
2026-08-30 05:05:00,0.0629535373300314
2026-08-30 05:06:00,0.0629535373300314
2026-08-30 05:07:00,0.0629535373300314
2026-08-30 05:08:00,0.0629535373300314
2026-08-30 05:09:00,0.0629535373300314
2026-08-30 05:10:00,0.07044408936053514
2026-08-30 05:11:00,0.07044408936053514
2026-08-30 05:12:00,0.07044408936053514
2026-08-30 05:13:00,0.07044408936053514
2026-08-30 05:14:00,0.07044408936053514
2026-08-30 05:15:00,0.075551881454885
2026-08-30 05:16:00,0.075551881454885
2026-08-30 05:17:00,0.075551881454885
2026-08-30 05:18:00,0.075551881454885
2026-08-30 05:19:00,0.075551881454885
2026-08-30 05:20:00,0.07421200536191463
2026-08-30 05:21:00,0.07421200536191463
2026-08-30 05:22:00,0.07421200536191463
2026-08-30 05:23:00,0.07421200536191463
2026-08-30 05:24:00,0.07421200536191463
2026-08-30 05:25:00,0.0675708968192339
2026-08-30 05:26:00,0.0675708968192339
2026-08-30 05:27:00,0.0675708968192339
2026-08-30 05:28:00,0.0675708968192339
2026-08-30 05:29:00,0.0675708968192339
2026-08-30 05:30:00,0.062120161950588226
2026-08-30 05:31:00,0.062120161950588226
2026-08-30 05:32:00,0.062120161950588226
2026-08-30 05:33:00,0.062120161950588226
2026-08-30 05:34:00,0.062120161950588226
2026-08-30 05:35:00,0.05891659576445818
2026-08-30 05:36:00,0.05891659576445818
2026-08-30 05:37:00,0.05891659576445818
2026-08-30 05:38:00,0.05891659576445818
2026-08-30 05:39:00,0.05891659576445818
2026-08-30 05:40:00,0.060870553366839886
2026-08-30 05:41:00,0.060870553366839886
2026-08-30 05:42:00,0.060870553366839886
2026-08-30 05:43:00,0.060870553366839886
2026-08-30 05:44:00,0.060870553366839886
2026-08-30 05:45:00,0.06428374070674181
2026-08-30 05:46:00,0.06428374070674181
2026-08-30 05:47:00,0.06428374070674181
2026-08-30 05:48:00,0.06428374070674181
2026-08-30 05:49:00,0.06428374070674181
2026-08-30 05:50:00,0.0650039417669177
2026-08-30 05:51:00,0.0650039417669177
2026-08-30 05:52:00,0.0650039417669177
2026-08-30 05:53:00,0.0650039417669177
2026-08-30 05:54:00,0.0650039417669177
2026-08-30 05:55:00,0.06621895357966423
2026-08-30 05:56:00,0.06621895357966423
2026-08-30 05:57:00,0.06621895357966423
2026-08-30 05:58:00,0.06621895357966423
2026-08-30 05:59:00,0.06621895357966423
2026-08-30 06:00:00,0.06548369023948908
2026-08-30 06:01:00,0.06548369023948908
2026-08-30 06:02:00,0.06548369023948908
2026-08-30 06:03:00,0.06548369023948908
2026-08-30 06:04:00,0.06548369023948908
2026-08-30 06:05:00,0.06225519347935915
2026-08-30 06:06:00,0.06225519347935915
2026-08-30 06:07:00,0.06225519347935915
2026-08-30 06:08:00,0.06225519347935915
2026-08-30 06:09:00,0.06225519347935915
2026-08-30 06:10:00,0.060111542232334614
2026-08-30 06:11:00,0.060111542232334614
2026-08-30 06:12:00,0.060111542232334614
2026-08-30 06:13:00,0.060111542232334614
2026-08-30 06:14:00,0.060111542232334614
2026-08-30 06:15:00,0.05683877598494291
2026-08-30 06:16:00,0.05683877598494291
2026-08-30 06:17:00,0.05683877598494291
2026-08-30 06:18:00,0.05683877598494291
2026-08-30 06:19:00,0.05683877598494291
2026-08-30 06:20:00,0.054493711329996586
2026-08-30 06:21:00,0.054493711329996586
2026-08-30 06:22:00,0.054493711329996586
2026-08-30 06:23:00,0.054493711329996586
2026-08-30 06:24:00,0.054493711329996586
2026-08-30 06:25:00,0.05365810263901949
2026-08-30 06:26:00,0.05365810263901949
2026-08-30 06:27:00,0.05365810263901949
2026-08-30 06:28:00,0.05365810263901949
2026-08-30 06:29:00,0.05365810263901949
2026-08-30 06:30:00,0.0527683375403285
2026-08-30 06:31:00,0.0527683375403285
2026-08-30 06:32:00,0.0527683375403285
2026-08-30 06:33:00,0.0527683375403285
2026-08-30 06:34:00,0.0527683375403285
2026-08-30 06:35:00,0.05454663187265396
2026-08-30 06:36:00,0.05454663187265396
2026-08-30 06:37:00,0.05454663187265396
2026-08-30 06:38:00,0.05454663187265396
2026-08-30 06:39:00,0.05454663187265396
2026-08-30 06:40:00,0.05929066892713308
2026-08-30 06:41:00,0.05929066892713308
2026-08-30 06:42:00,0.05929066892713308
2026-08-30 06:43:00,0.05929066892713308
2026-08-30 06:44:00,0.05929066892713308
2026-08-30 06:45:00,0.0626296354457736
2026-08-30 06:46:00,0.0626296354457736
2026-08-30 06:47:00,0.0626296354457736
2026-08-30 06:48:00,0.0626296354457736
2026-08-30 06:49:00,0.0626296354457736
2026-08-30 06:50:00,0.06739725451916456
2026-08-30 06:51:00,0.06739725451916456
2026-08-30 06:52:00,0.06739725451916456
2026-08-30 06:53:00,0.06739725451916456
2026-08-30 06:54:00,0.06739725451916456
2026-08-30 06:55:00,0.06898792833089828
2026-08-30 06:56:00,0.06898792833089828
2026-08-30 06:57:00,0.06898792833089828
2026-08-30 06:58:00,0.06898792833089828
2026-08-30 06:59:00,0.06898792833089828
2026-08-30 07:00:00,0.06683024670928717
2026-08-30 07:01:00,0.06683024670928717
2026-08-30 07:02:00,0.06683024670928717
2026-08-30 07:03:00,0.06683024670928717
2026-08-30 07:04:00,0.06683024670928717
2026-08-30 07:05:00,0.06542205531150103
2026-08-30 07:06:00,0.06542205531150103
2026-08-30 07:07:00,0.06542205531150103
2026-08-30 07:08:00,0.06542205531150103
2026-08-30 07:09:00,0.06542205531150103
2026-08-30 07:10:00,0.06095774471759796
2026-08-30 07:11:00,0.06095774471759796
2026-08-30 07:12:00,0.06095774471759796
2026-08-30 07:13:00,0.06095774471759796
2026-08-30 07:14:00,0.06095774471759796
2026-08-30 07:15:00,0.056642262265086174
2026-08-30 07:16:00,0.056642262265086174
2026-08-30 07:17:00,0.056642262265086174
2026-08-30 07:18:00,0.056642262265086174
2026-08-30 07:19:00,0.056642262265086174
2026-08-30 07:20:00,0.053827522322535515
2026-08-30 07:21:00,0.053827522322535515
2026-08-30 07:22:00,0.053827522322535515
2026-08-30 07:23:00,0.053827522322535515
2026-08-30 07:24:00,0.053827522322535515
2026-08-30 07:25:00,0.052884627133607864
2026-08-30 07:26:00,0.052884627133607864
2026-08-30 07:27:00,0.052884627133607864
2026-08-30 07:28:00,0.052884627133607864
2026-08-30 07:29:00,0.052884627133607864
2026-08-30 07:30:00,0.05362970754504204
2026-08-30 07:31:00,0.05362970754504204
2026-08-30 07:32:00,0.05362970754504204
2026-08-30 07:33:00,0.05362970754504204
2026-08-30 07:34:00,0.05362970754504204
2026-08-30 07:35:00,0.057603754103183746
2026-08-30 07:36:00,0.057603754103183746
2026-08-30 07:37:00,0.057603754103183746
2026-08-30 07:38:00,0.057603754103183746
2026-08-30 07:39:00,0.057603754103183746
2026-08-30 07:40:00,0.06339373346418142
2026-08-30 07:41:00,0.06339373346418142
2026-08-30 07:42:00,0.06339373346418142
2026-08-30 07:43:00,0.06339373346418142
2026-08-30 07:44:00,0.06339373346418142
2026-08-30 07:45:00,0.06899348180741072
2026-08-30 07:46:00,0.06899348180741072
2026-08-30 07:47:00,0.06899348180741072
2026-08-30 07:48:00,0.06899348180741072
2026-08-30 07:49:00,0.06899348180741072
2026-08-30 07:50:00,0.07278063334524632
2026-08-30 07:51:00,0.07278063334524632
2026-08-30 07:52:00,0.07278063334524632
2026-08-30 07:53:00,0.07278063334524632
2026-08-30 07:54:00,0.07278063334524632
2026-08-30 07:55:00,0.07191559299826622
2026-08-30 07:56:00,0.07191559299826622
2026-08-30 07:57:00,0.07191559299826622
2026-08-30 07:58:00,0.07191559299826622
2026-08-30 07:59:00,0.07191559299826622
2026-08-30 08:00:00,0.06947689689695835
2026-08-30 08:01:00,0.06947689689695835
2026-08-30 08:02:00,0.06947689689695835
2026-08-30 08:03:00,0.06947689689695835
2026-08-30 08:04:00,0.06947689689695835
2026-08-30 08:05:00,0.06727948971092701
2026-08-30 08:06:00,0.06727948971092701
2026-08-30 08:07:00,0.06727948971092701
2026-08-30 08:08:00,0.06727948971092701
2026-08-30 08:09:00,0.06727948971092701
2026-08-30 08:10:00,0.06264010909944773
2026-08-30 08:11:00,0.06264010909944773
2026-08-30 08:12:00,0.06264010909944773
2026-08-30 08:13:00,0.06264010909944773
2026-08-30 08:14:00,0.06264010909944773
2026-08-30 08:15:00,0.06093696132302284
2026-08-30 08:16:00,0.06093696132302284
2026-08-30 08:17:00,0.06093696132302284
2026-08-30 08:18:00,0.06093696132302284
2026-08-30 08:19:00,0.06093696132302284
2026-08-30 08:20:00,0.057805949822068214
2026-08-30 08:21:00,0.057805949822068214
2026-08-30 08:22:00,0.057805949822068214
2026-08-30 08:23:00,0.057805949822068214
2026-08-30 08:24:00,0.057805949822068214
2026-08-30 08:25:00,0.05178674217313528
2026-08-30 08:26:00,0.05178674217313528
2026-08-30 08:27:00,0.05178674217313528
2026-08-30 08:28:00,0.05178674217313528
2026-08-30 08:29:00,0.05178674217313528
2026-08-30 08:30:00,0.04893419984728098
2026-08-30 08:31:00,0.04893419984728098
2026-08-30 08:32:00,0.04893419984728098
2026-08-30 08:33:00,0.04893419984728098
2026-08-30 08:34:00,0.04893419984728098
2026-08-30 08:35:00,0.04679550789296627
2026-08-30 08:36:00,0.04679550789296627
2026-08-30 08:37:00,0.04679550789296627
2026-08-30 08:38:00,0.04679550789296627
2026-08-30 08:39:00,0.04679550789296627
2026-08-30 08:40:00,0.04610426910221577
2026-08-30 08:41:00,0.04610426910221577
2026-08-30 08:42:00,0.04610426910221577
2026-08-30 08:43:00,0.04610426910221577
2026-08-30 08:44:00,0.04610426910221577
2026-08-30 08:45:00,0.04584119934588671
2026-08-30 08:46:00,0.04584119934588671
2026-08-30 08:47:00,0.04584119934588671
2026-08-30 08:48:00,0.04584119934588671
2026-08-30 08:49:00,0.04584119934588671
2026-08-30 08:50:00,0.04771596658974886
2026-08-30 08:51:00,0.04771596658974886
2026-08-30 08:52:00,0.04771596658974886
2026-08-30 08:53:00,0.04771596658974886
2026-08-30 08:54:00,0.04771596658974886
2026-08-30 08:55:00,0.04826625809073448
2026-08-30 08:56:00,0.04826625809073448
2026-08-30 08:57:00,0.04826625809073448
2026-08-30 08:58:00,0.04826625809073448
2026-08-30 08:59:00,0.04826625809073448
2026-08-30 09:00:00,0.048130471259355545
2026-08-30 09:01:00,0.048130471259355545
2026-08-30 09:02:00,0.048130471259355545
2026-08-30 09:03:00,0.048130471259355545
2026-08-30 09:04:00,0.048130471259355545
2026-08-30 09:05:00,0.04965746123343706
2026-08-30 09:06:00,0.04965746123343706
2026-08-30 09:07:00,0.04965746123343706
2026-08-30 09:08:00,0.04965746123343706
2026-08-30 09:09:00,0.04965746123343706
2026-08-30 09:10:00,0.04862642660737038
2026-08-30 09:11:00,0.04862642660737038
2026-08-30 09:12:00,0.04862642660737038
2026-08-30 09:13:00,0.04862642660737038
2026-08-30 09:14:00,0.04862642660737038
2026-08-30 09:15:00,0.048403484746813774
2026-08-30 09:16:00,0.048403484746813774
2026-08-30 09:17:00,0.048403484746813774
2026-08-30 09:18:00,0.048403484746813774
2026-08-30 09:19:00,0.048403484746813774
2026-08-30 09:20:00,0.04759500455111265
2026-08-30 09:21:00,0.04759500455111265
2026-08-30 09:22:00,0.04759500455111265
2026-08-30 09:23:00,0.04759500455111265
2026-08-30 09:24:00,0.04759500455111265
2026-08-30 09:25:00,0.0485546849668026
2026-08-30 09:26:00,0.0485546849668026
2026-08-30 09:27:00,0.0485546849668026
2026-08-30 09:28:00,0.0485546849668026
2026-08-30 09:29:00,0.0485546849668026
2026-08-30 09:30:00,0.053903767839074135
2026-08-30 09:31:00,0.053903767839074135
2026-08-30 09:32:00,0.053903767839074135
2026-08-30 09:33:00,0.053903767839074135
2026-08-30 09:34:00,0.053903767839074135
2026-08-30 09:35:00,0.08761663269251585
2026-08-30 09:36:00,0.08761663269251585
2026-08-30 09:37:00,0.08761663269251585
2026-08-30 09:38:00,0.08761663269251585
2026-08-30 09:39:00,0.08761663269251585
2026-08-30 09:40:00,0.12085925042629242
2026-08-30 09:41:00,0.12085925042629242
2026-08-30 09:42:00,0.12085925042629242
2026-08-30 09:43:00,0.12085925042629242
2026-08-30 09:44:00,0.12085925042629242
2026-08-30 09:45:00,0.15206699818372726
2026-08-30 09:46:00,0.15206699818372726
2026-08-30 09:47:00,0.15206699818372726
2026-08-30 09:48:00,0.15206699818372726
2026-08-30 09:49:00,0.15206699818372726
2026-08-30 09:50:00,0.1898883432149887
2026-08-30 09:51:00,0.1898883432149887
2026-08-30 09:52:00,0.1898883432149887
2026-08-30 09:53:00,0.1898883432149887
2026-08-30 09:54:00,0.1898883432149887
2026-08-30 09:55:00,0.18917065113782883
2026-08-30 09:56:00,0.18917065113782883
2026-08-30 09:57:00,0.18917065113782883
2026-08-30 09:58:00,0.18917065113782883
2026-08-30 09:59:00,0.18917065113782883
2026-08-30 10:00:00,0.1889660842716694
2026-08-30 10:01:00,0.1889660842716694
2026-08-30 10:02:00,0.1889660842716694
2026-08-30 10:03:00,0.1889660842716694
2026-08-30 10:04:00,0.1889660842716694
2026-08-30 10:05:00,0.1881093829870224
2026-08-30 10:06:00,0.1881093829870224
2026-08-30 10:07:00,0.1881093829870224
2026-08-30 10:08:00,0.1881093829870224
2026-08-30 10:09:00,0.1881093829870224
2026-08-30 10:10:00,0.1460087476298213
2026-08-30 10:11:00,0.1460087476298213
2026-08-30 10:12:00,0.1460087476298213
2026-08-30 10:13:00,0.1460087476298213
2026-08-30 10:14:00,0.1460087476298213
2026-08-30 10:15:00,0.11415021494030952
2026-08-30 10:16:00,0.11415021494030952
2026-08-30 10:17:00,0.11415021494030952
2026-08-30 10:18:00,0.11415021494030952
2026-08-30 10:19:00,0.11415021494030952
2026-08-30 10:20:00,0.08543361537158489
2026-08-30 10:21:00,0.08543361537158489
2026-08-30 10:22:00,0.08543361537158489
2026-08-30 10:23:00,0.08543361537158489
2026-08-30 10:24:00,0.08543361537158489
2026-08-30 10:25:00,0.05561479553580284
2026-08-30 10:26:00,0.05561479553580284
2026-08-30 10:27:00,0.05561479553580284
2026-08-30 10:28:00,0.05561479553580284
2026-08-30 10:29:00,0.05561479553580284
2026-08-30 10:30:00,0.055598391219973564
2026-08-30 10:31:00,0.055598391219973564
2026-08-30 10:32:00,0.055598391219973564
2026-08-30 10:33:00,0.055598391219973564
2026-08-30 10:34:00,0.055598391219973564
2026-08-30 10:35:00,0.05522749572992325
2026-08-30 10:36:00,0.05522749572992325
2026-08-30 10:37:00,0.05522749572992325
2026-08-30 10:38:00,0.05522749572992325
2026-08-30 10:39:00,0.05522749572992325
2026-08-30 10:40:00,0.05469746422022581
2026-08-30 10:41:00,0.05469746422022581
2026-08-30 10:42:00,0.05469746422022581
2026-08-30 10:43:00,0.05469746422022581
2026-08-30 10:44:00,0.05469746422022581
2026-08-30 10:45:00,0.05646482016891241
2026-08-30 10:46:00,0.05646482016891241
2026-08-30 10:47:00,0.05646482016891241
2026-08-30 10:48:00,0.05646482016891241
2026-08-30 10:49:00,0.05646482016891241
2026-08-30 10:50:00,0.05929670389741659
2026-08-30 10:51:00,0.05929670389741659
2026-08-30 10:52:00,0.05929670389741659
2026-08-30 10:53:00,0.05929670389741659
2026-08-30 10:54:00,0.05929670389741659
2026-08-30 10:55:00,0.06094757188111544
2026-08-30 10:56:00,0.06094757188111544
2026-08-30 10:57:00,0.06094757188111544
2026-08-30 10:58:00,0.06094757188111544
2026-08-30 10:59:00,0.06094757188111544
2026-08-30 11:00:00,0.059161984361708164
2026-08-30 11:01:00,0.059161984361708164
2026-08-30 11:02:00,0.059161984361708164
2026-08-30 11:03:00,0.059161984361708164
2026-08-30 11:04:00,0.059161984361708164
2026-08-30 11:05:00,0.056706177070736885
2026-08-30 11:06:00,0.056706177070736885
2026-08-30 11:07:00,0.056706177070736885
2026-08-30 11:08:00,0.056706177070736885
2026-08-30 11:09:00,0.056706177070736885
2026-08-30 11:10:00,0.057000947184860706
2026-08-30 11:11:00,0.057000947184860706
2026-08-30 11:12:00,0.057000947184860706
2026-08-30 11:13:00,0.057000947184860706
2026-08-30 11:14:00,0.057000947184860706
2026-08-30 11:15:00,0.05859623849391937
2026-08-30 11:16:00,0.05859623849391937
2026-08-30 11:17:00,0.05859623849391937
2026-08-30 11:18:00,0.05859623849391937
2026-08-30 11:19:00,0.05859623849391937
2026-08-30 11:20:00,0.06783315259963274
2026-08-30 11:21:00,0.06783315259963274
2026-08-30 11:22:00,0.06783315259963274
2026-08-30 11:23:00,0.06783315259963274
2026-08-30 11:24:00,0.06783315259963274
2026-08-30 11:25:00,0.07473881356418133
2026-08-30 11:26:00,0.07473881356418133
2026-08-30 11:27:00,0.07473881356418133
2026-08-30 11:28:00,0.07473881356418133
2026-08-30 11:29:00,0.07473881356418133
2026-08-30 11:30:00,0.07919486053287983
2026-08-30 11:31:00,0.07919486053287983
2026-08-30 11:32:00,0.07919486053287983
2026-08-30 11:33:00,0.07919486053287983
2026-08-30 11:34:00,0.07919486053287983
2026-08-30 11:35:00,0.08063939213752747
2026-08-30 11:36:00,0.08063939213752747
2026-08-30 11:37:00,0.08063939213752747
2026-08-30 11:38:00,0.08063939213752747
2026-08-30 11:39:00,0.08063939213752747
2026-08-30 11:40:00,0.07258848566561937
2026-08-30 11:41:00,0.07258848566561937
2026-08-30 11:42:00,0.07258848566561937
2026-08-30 11:43:00,0.07258848566561937
2026-08-30 11:44:00,0.07258848566561937
2026-08-30 11:45:00,0.06687876768410206
2026-08-30 11:46:00,0.06687876768410206
2026-08-30 11:47:00,0.06687876768410206
2026-08-30 11:48:00,0.06687876768410206
2026-08-30 11:49:00,0.06687876768410206
2026-08-30 11:50:00,0.06252006813883781
2026-08-30 11:51:00,0.06252006813883781
2026-08-30 11:52:00,0.06252006813883781
2026-08-30 11:53:00,0.06252006813883781
2026-08-30 11:54:00,0.06252006813883781
2026-08-30 11:55:00,0.06352325342595577
2026-08-30 11:56:00,0.06352325342595577
2026-08-30 11:57:00,0.06352325342595577
2026-08-30 11:58:00,0.06352325342595577
2026-08-30 11:59:00,0.06352325342595577
2026-08-30 12:00:00,0.06859156023710966
2026-08-30 12:01:00,0.06859156023710966
2026-08-30 12:02:00,0.06859156023710966
2026-08-30 12:03:00,0.06859156023710966
2026-08-30 12:04:00,0.06859156023710966
2026-08-30 12:05:00,0.07269725948572159
2026-08-30 12:06:00,0.07269725948572159
2026-08-30 12:07:00,0.07269725948572159
2026-08-30 12:08:00,0.07269725948572159
2026-08-30 12:09:00,0.07269725948572159
2026-08-30 12:10:00,0.0758782122284174
2026-08-30 12:11:00,0.0758782122284174
2026-08-30 12:12:00,0.0758782122284174
2026-08-30 12:13:00,0.0758782122284174
2026-08-30 12:14:00,0.0758782122284174
2026-08-30 12:15:00,0.07353962026536465
2026-08-30 12:16:00,0.07353962026536465
2026-08-30 12:17:00,0.07353962026536465
2026-08-30 12:18:00,0.07353962026536465
2026-08-30 12:19:00,0.07353962026536465
2026-08-30 12:20:00,0.06804515235126019
2026-08-30 12:21:00,0.06804515235126019
2026-08-30 12:22:00,0.06804515235126019
2026-08-30 12:23:00,0.06804515235126019
2026-08-30 12:24:00,0.06804515235126019
2026-08-30 12:25:00,0.062030685134232044
2026-08-30 12:26:00,0.062030685134232044
2026-08-30 12:27:00,0.062030685134232044
2026-08-30 12:28:00,0.062030685134232044
2026-08-30 12:29:00,0.062030685134232044
2026-08-30 12:30:00,0.054004534147679806
2026-08-30 12:31:00,0.054004534147679806
2026-08-30 12:32:00,0.054004534147679806
2026-08-30 12:33:00,0.054004534147679806
2026-08-30 12:34:00,0.054004534147679806
2026-08-30 12:35:00,0.051452867686748505
2026-08-30 12:36:00,0.051452867686748505
2026-08-30 12:37:00,0.051452867686748505
2026-08-30 12:38:00,0.051452867686748505
2026-08-30 12:39:00,0.051452867686748505
2026-08-30 12:40:00,0.049391464330255985
2026-08-30 12:41:00,0.049391464330255985
2026-08-30 12:42:00,0.049391464330255985
2026-08-30 12:43:00,0.049391464330255985
2026-08-30 12:44:00,0.049391464330255985
2026-08-30 12:45:00,0.05043218284845352
2026-08-30 12:46:00,0.05043218284845352
2026-08-30 12:47:00,0.05043218284845352
2026-08-30 12:48:00,0.05043218284845352
2026-08-30 12:49:00,0.05043218284845352
2026-08-30 12:50:00,0.05646432004868984
2026-08-30 12:51:00,0.05646432004868984
2026-08-30 12:52:00,0.05646432004868984
2026-08-30 12:53:00,0.05646432004868984
2026-08-30 12:54:00,0.05646432004868984
2026-08-30 12:55:00,0.06337742228060961
2026-08-30 12:56:00,0.06337742228060961
2026-08-30 12:57:00,0.06337742228060961
2026-08-30 12:58:00,0.06337742228060961
2026-08-30 12:59:00,0.06337742228060961
2026-08-30 13:00:00,0.07121390849351883
2026-08-30 13:01:00,0.07121390849351883
2026-08-30 13:02:00,0.07121390849351883
2026-08-30 13:03:00,0.07121390849351883
2026-08-30 13:04:00,0.07121390849351883
2026-08-30 13:05:00,0.13708827272057533
2026-08-30 13:06:00,0.13708827272057533
2026-08-30 13:07:00,0.13708827272057533
2026-08-30 13:08:00,0.13708827272057533
2026-08-30 13:09:00,0.13708827272057533
2026-08-30 13:10:00,0.19619493931531906
2026-08-30 13:11:00,0.19619493931531906
2026-08-30 13:12:00,0.19619493931531906
2026-08-30 13:13:00,0.19619493931531906
2026-08-30 13:14:00,0.19619493931531906
2026-08-30 13:15:00,0.24928338080644608
2026-08-30 13:16:00,0.24928338080644608
2026-08-30 13:17:00,0.24928338080644608
2026-08-30 13:18:00,0.24928338080644608
2026-08-30 13:19:00,0.24928338080644608
2026-08-30 13:20:00,0.3029467985033989
2026-08-30 13:21:00,0.3029467985033989
2026-08-30 13:22:00,0.3029467985033989
2026-08-30 13:23:00,0.3029467985033989
2026-08-30 13:24:00,0.3029467985033989
2026-08-30 13:25:00,0.28136835619807243
2026-08-30 13:26:00,0.28136835619807243
2026-08-30 13:27:00,0.28136835619807243
2026-08-30 13:28:00,0.28136835619807243
2026-08-30 13:29:00,0.28136835619807243
2026-08-30 13:30:00,0.263174831867218
2026-08-30 13:31:00,0.263174831867218
2026-08-30 13:32:00,0.263174831867218
2026-08-30 13:33:00,0.263174831867218
2026-08-30 13:34:00,0.263174831867218
2026-08-30 13:35:00,0.24702388048171997
2026-08-30 13:36:00,0.24702388048171997
2026-08-30 13:37:00,0.24702388048171997
2026-08-30 13:38:00,0.24702388048171997
2026-08-30 13:39:00,0.24702388048171997
2026-08-30 13:40:00,0.2313407063484192
2026-08-30 13:41:00,0.2313407063484192
2026-08-30 13:42:00,0.2313407063484192
2026-08-30 13:43:00,0.2313407063484192
2026-08-30 13:44:00,0.2313407063484192
2026-08-30 13:45:00,0.19018646515905857
2026-08-30 13:46:00,0.19018646515905857
2026-08-30 13:47:00,0.19018646515905857
2026-08-30 13:48:00,0.19018646515905857
2026-08-30 13:49:00,0.19018646515905857
2026-08-30 13:50:00,0.15033802203834057
2026-08-30 13:51:00,0.15033802203834057
2026-08-30 13:52:00,0.15033802203834057
2026-08-30 13:53:00,0.15033802203834057
2026-08-30 13:54:00,0.15033802203834057
2026-08-30 13:55:00,0.11141215823590755
2026-08-30 13:56:00,0.11141215823590755
2026-08-30 13:57:00,0.11141215823590755
2026-08-30 13:58:00,0.11141215823590755
2026-08-30 13:59:00,0.11141215823590755
2026-08-30 14:00:00,0.06950346566736698
2026-08-30 14:01:00,0.06950346566736698
2026-08-30 14:02:00,0.06950346566736698
2026-08-30 14:03:00,0.06950346566736698
2026-08-30 14:04:00,0.06950346566736698
2026-08-30 14:05:00,0.06908875145018101
2026-08-30 14:06:00,0.06908875145018101
2026-08-30 14:07:00,0.06908875145018101
2026-08-30 14:08:00,0.06908875145018101
2026-08-30 14:09:00,0.06908875145018101
2026-08-30 14:10:00,0.08324370346963406
2026-08-30 14:11:00,0.08324370346963406
2026-08-30 14:12:00,0.08324370346963406
2026-08-30 14:13:00,0.08324370346963406
2026-08-30 14:14:00,0.08324370346963406
2026-08-30 14:15:00,0.13895989023149014
2026-08-30 14:16:00,0.13895989023149014
2026-08-30 14:17:00,0.13895989023149014
2026-08-30 14:18:00,0.13895989023149014
2026-08-30 14:19:00,0.13895989023149014
2026-08-30 14:20:00,0.25330008007586
2026-08-30 14:21:00,0.25330008007586
2026-08-30 14:22:00,0.25330008007586
2026-08-30 14:23:00,0.25330008007586
2026-08-30 14:24:00,0.25330008007586
2026-08-30 14:25:00,0.4346308447420597
2026-08-30 14:26:00,0.4346308447420597
2026-08-30 14:27:00,0.4346308447420597
2026-08-30 14:28:00,0.4346308447420597
2026-08-30 14:29:00,0.4346308447420597
2026-08-30 14:30:00,0.5822352319955826
2026-08-30 14:31:00,0.5822352319955826
2026-08-30 14:32:00,0.5822352319955826
2026-08-30 14:33:00,0.5822352319955826
2026-08-30 14:34:00,0.5822352319955826
2026-08-30 14:35:00,0.6191979274153709
2026-08-30 14:36:00,0.6191979274153709
2026-08-30 14:37:00,0.6191979274153709
2026-08-30 14:38:00,0.6191979274153709
2026-08-30 14:39:00,0.6191979274153709
2026-08-30 14:40:00,0.5497311167418957
2026-08-30 14:41:00,0.5497311167418957
2026-08-30 14:42:00,0.5497311167418957
2026-08-30 14:43:00,0.5497311167418957
2026-08-30 14:44:00,0.5497311167418957
2026-08-30 14:45:00,0.37823164463043213
2026-08-30 14:46:00,0.37823164463043213
2026-08-30 14:47:00,0.37823164463043213
2026-08-30 14:48:00,0.37823164463043213
2026-08-30 14:49:00,0.37823164463043213
2026-08-30 14:50:00,0.21426527947187424
2026-08-30 14:51:00,0.21426527947187424
2026-08-30 14:52:00,0.21426527947187424
2026-08-30 14:53:00,0.21426527947187424
2026-08-30 14:54:00,0.21426527947187424
2026-08-30 14:55:00,0.11775797139853239
2026-08-30 14:56:00,0.11775797139853239
2026-08-30 14:57:00,0.11775797139853239
2026-08-30 14:58:00,0.11775797139853239
2026-08-30 14:59:00,0.11775797139853239
2026-08-30 15:00:00,0.07338485401123762
2026-08-30 15:01:00,0.07338485401123762
2026-08-30 15:02:00,0.07338485401123762
2026-08-30 15:03:00,0.07338485401123762
2026-08-30 15:04:00,0.07338485401123762
2026-08-30 15:05:00,0.06442533154040575
2026-08-30 15:06:00,0.06442533154040575
2026-08-30 15:07:00,0.06442533154040575
2026-08-30 15:08:00,0.06442533154040575
2026-08-30 15:09:00,0.06442533154040575
2026-08-30 15:10:00,0.06535274256020784
2026-08-30 15:11:00,0.06535274256020784
2026-08-30 15:12:00,0.06535274256020784
2026-08-30 15:13:00,0.06535274256020784
2026-08-30 15:14:00,0.06535274256020784
2026-08-30 15:15:00,0.06919944658875465
2026-08-30 15:16:00,0.06919944658875465
2026-08-30 15:17:00,0.06919944658875465
2026-08-30 15:18:00,0.06919944658875465
2026-08-30 15:19:00,0.06919944658875465
2026-08-30 15:20:00,0.07160826772451401
2026-08-30 15:21:00,0.07160826772451401
2026-08-30 15:22:00,0.07160826772451401
2026-08-30 15:23:00,0.07160826772451401
2026-08-30 15:24:00,0.07160826772451401
2026-08-30 15:25:00,0.07031138427555561
2026-08-30 15:26:00,0.07031138427555561
2026-08-30 15:27:00,0.07031138427555561
2026-08-30 15:28:00,0.07031138427555561
2026-08-30 15:29:00,0.07031138427555561
2026-08-30 15:30:00,0.06904047913849354
2026-08-30 15:31:00,0.06904047913849354
2026-08-30 15:32:00,0.06904047913849354
2026-08-30 15:33:00,0.06904047913849354
2026-08-30 15:34:00,0.06904047913849354
2026-08-30 15:35:00,0.06947694160044193
2026-08-30 15:36:00,0.06947694160044193
2026-08-30 15:37:00,0.06947694160044193
2026-08-30 15:38:00,0.06947694160044193
2026-08-30 15:39:00,0.06947694160044193
2026-08-30 15:40:00,0.06670942343771458
2026-08-30 15:41:00,0.06670942343771458
2026-08-30 15:42:00,0.06670942343771458
2026-08-30 15:43:00,0.06670942343771458
2026-08-30 15:44:00,0.06670942343771458
2026-08-30 15:45:00,0.06378182023763657
2026-08-30 15:46:00,0.06378182023763657
2026-08-30 15:47:00,0.06378182023763657
2026-08-30 15:48:00,0.06378182023763657
2026-08-30 15:49:00,0.06378182023763657
2026-08-30 15:50:00,0.06243087165057659
2026-08-30 15:51:00,0.06243087165057659
2026-08-30 15:52:00,0.06243087165057659
2026-08-30 15:53:00,0.06243087165057659
2026-08-30 15:54:00,0.06243087165057659
2026-08-30 15:55:00,0.05604986380785704
2026-08-30 15:56:00,0.05604986380785704
2026-08-30 15:57:00,0.05604986380785704
2026-08-30 15:58:00,0.05604986380785704
2026-08-30 15:59:00,0.05604986380785704
2026-08-30 16:00:00,0.05214868485927582
2026-08-30 16:01:00,0.05214868485927582
2026-08-30 16:02:00,0.05214868485927582
2026-08-30 16:03:00,0.05214868485927582
2026-08-30 16:04:00,0.05214868485927582
2026-08-30 16:05:00,0.05172127205878496
2026-08-30 16:06:00,0.05172127205878496
2026-08-30 16:07:00,0.05172127205878496
2026-08-30 16:08:00,0.05172127205878496
2026-08-30 16:09:00,0.05172127205878496
2026-08-30 16:10:00,0.05036949831992388
2026-08-30 16:11:00,0.05036949831992388
2026-08-30 16:12:00,0.05036949831992388
2026-08-30 16:13:00,0.05036949831992388
2026-08-30 16:14:00,0.05036949831992388
2026-08-30 16:15:00,0.05024159885942936
2026-08-30 16:16:00,0.05024159885942936
2026-08-30 16:17:00,0.05024159885942936
2026-08-30 16:18:00,0.05024159885942936
2026-08-30 16:19:00,0.05024159885942936
2026-08-30 16:20:00,0.05386656057089567
2026-08-30 16:21:00,0.05386656057089567
2026-08-30 16:22:00,0.05386656057089567
2026-08-30 16:23:00,0.05386656057089567
2026-08-30 16:24:00,0.05386656057089567
2026-08-30 16:25:00,0.057319289073348045
2026-08-30 16:26:00,0.057319289073348045
2026-08-30 16:27:00,0.057319289073348045
2026-08-30 16:28:00,0.057319289073348045
2026-08-30 16:29:00,0.057319289073348045
2026-08-30 16:30:00,0.05829937569797039
2026-08-30 16:31:00,0.05829937569797039
2026-08-30 16:32:00,0.05829937569797039
2026-08-30 16:33:00,0.05829937569797039
2026-08-30 16:34:00,0.05829937569797039
2026-08-30 16:35:00,0.057860229164361954
2026-08-30 16:36:00,0.057860229164361954
2026-08-30 16:37:00,0.057860229164361954
2026-08-30 16:38:00,0.057860229164361954
2026-08-30 16:39:00,0.057860229164361954
2026-08-30 16:40:00,0.05489245429635048
2026-08-30 16:41:00,0.05489245429635048
2026-08-30 16:42:00,0.05489245429635048
2026-08-30 16:43:00,0.05489245429635048
2026-08-30 16:44:00,0.05489245429635048
2026-08-30 16:45:00,0.05317128077149391
2026-08-30 16:46:00,0.05317128077149391
2026-08-30 16:47:00,0.05317128077149391
2026-08-30 16:48:00,0.05317128077149391
2026-08-30 16:49:00,0.05317128077149391
2026-08-30 16:50:00,0.05605782940983772
2026-08-30 16:51:00,0.05605782940983772
2026-08-30 16:52:00,0.05605782940983772
2026-08-30 16:53:00,0.05605782940983772
2026-08-30 16:54:00,0.05605782940983772
2026-08-30 16:55:00,0.06003745459020138
2026-08-30 16:56:00,0.06003745459020138
2026-08-30 16:57:00,0.06003745459020138
2026-08-30 16:58:00,0.06003745459020138
2026-08-30 16:59:00,0.06003745459020138
2026-08-30 17:00:00,0.06307519041001797
2026-08-30 17:01:00,0.06307519041001797
2026-08-30 17:02:00,0.06307519041001797
2026-08-30 17:03:00,0.06307519041001797
2026-08-30 17:04:00,0.06307519041001797
2026-08-30 17:05:00,0.06356690544635057
2026-08-30 17:06:00,0.06356690544635057
2026-08-30 17:07:00,0.06356690544635057
2026-08-30 17:08:00,0.06356690544635057
2026-08-30 17:09:00,0.06356690544635057
2026-08-30 17:10:00,0.06108387932181358
2026-08-30 17:11:00,0.06108387932181358
2026-08-30 17:12:00,0.06108387932181358
2026-08-30 17:13:00,0.06108387932181358
2026-08-30 17:14:00,0.06108387932181358
2026-08-30 17:15:00,0.06049785390496254
2026-08-30 17:16:00,0.06049785390496254
2026-08-30 17:17:00,0.06049785390496254
2026-08-30 17:18:00,0.06049785390496254
2026-08-30 17:19:00,0.06049785390496254
2026-08-30 17:20:00,0.06266025267541409
2026-08-30 17:21:00,0.06266025267541409
2026-08-30 17:22:00,0.06266025267541409
2026-08-30 17:23:00,0.06266025267541409
2026-08-30 17:24:00,0.06266025267541409
2026-08-30 17:25:00,0.06565358955413103
2026-08-30 17:26:00,0.06565358955413103
2026-08-30 17:27:00,0.06565358955413103
2026-08-30 17:28:00,0.06565358955413103
2026-08-30 17:29:00,0.06565358955413103
2026-08-30 17:30:00,0.06901059485971928
2026-08-30 17:31:00,0.06901059485971928
2026-08-30 17:32:00,0.06901059485971928
2026-08-30 17:33:00,0.06901059485971928
2026-08-30 17:34:00,0.06901059485971928
2026-08-30 17:35:00,0.07177940011024475
2026-08-30 17:36:00,0.07177940011024475
2026-08-30 17:37:00,0.07177940011024475
2026-08-30 17:38:00,0.07177940011024475
2026-08-30 17:39:00,0.07177940011024475
2026-08-30 17:40:00,0.07066484354436398
2026-08-30 17:41:00,0.07066484354436398
2026-08-30 17:42:00,0.07066484354436398
2026-08-30 17:43:00,0.07066484354436398
2026-08-30 17:44:00,0.07066484354436398
2026-08-30 17:45:00,0.0720694474875927
2026-08-30 17:46:00,0.0720694474875927
2026-08-30 17:47:00,0.0720694474875927
2026-08-30 17:48:00,0.0720694474875927
2026-08-30 17:49:00,0.0720694474875927
2026-08-30 17:50:00,0.08366359770298004
2026-08-30 17:51:00,0.08366359770298004
2026-08-30 17:52:00,0.08366359770298004
2026-08-30 17:53:00,0.08366359770298004
2026-08-30 17:54:00,0.08366359770298004
2026-08-30 17:55:00,0.0937079843133688
2026-08-30 17:56:00,0.0937079843133688
2026-08-30 17:57:00,0.0937079843133688
2026-08-30 17:58:00,0.0937079843133688
2026-08-30 17:59:00,0.0937079843133688
2026-08-30 18:00:00,0.10350533574819565
2026-08-30 18:01:00,0.10350533574819565
2026-08-30 18:02:00,0.10350533574819565
2026-08-30 18:03:00,0.10350533574819565
2026-08-30 18:04:00,0.10350533574819565
2026-08-30 18:05:00,0.10971539281308651
2026-08-30 18:06:00,0.10971539281308651
2026-08-30 18:07:00,0.10971539281308651
2026-08-30 18:08:00,0.10971539281308651
2026-08-30 18:09:00,0.10971539281308651
2026-08-30 18:10:00,0.0969995129853487
2026-08-30 18:11:00,0.0969995129853487
2026-08-30 18:12:00,0.0969995129853487
2026-08-30 18:13:00,0.0969995129853487
2026-08-30 18:14:00,0.0969995129853487
2026-08-30 18:15:00,0.08522678911685944
2026-08-30 18:16:00,0.08522678911685944
2026-08-30 18:17:00,0.08522678911685944
2026-08-30 18:18:00,0.08522678911685944
2026-08-30 18:19:00,0.08522678911685944
2026-08-30 18:20:00,0.07366509549319744
2026-08-30 18:21:00,0.07366509549319744
2026-08-30 18:22:00,0.07366509549319744
2026-08-30 18:23:00,0.07366509549319744
2026-08-30 18:24:00,0.07366509549319744
2026-08-30 18:25:00,0.06280215177685022
2026-08-30 18:26:00,0.06280215177685022
2026-08-30 18:27:00,0.06280215177685022
2026-08-30 18:28:00,0.06280215177685022
2026-08-30 18:29:00,0.06280215177685022
2026-08-30 18:30:00,0.06382759753614664
2026-08-30 18:31:00,0.06382759753614664
2026-08-30 18:32:00,0.06382759753614664
2026-08-30 18:33:00,0.06382759753614664
2026-08-30 18:34:00,0.06382759753614664
2026-08-30 18:35:00,0.06956399884074926
2026-08-30 18:36:00,0.06956399884074926
2026-08-30 18:37:00,0.06956399884074926
2026-08-30 18:38:00,0.06956399884074926
2026-08-30 18:39:00,0.06956399884074926
2026-08-30 18:40:00,0.07447004597634077
2026-08-30 18:41:00,0.07447004597634077
2026-08-30 18:42:00,0.07447004597634077
2026-08-30 18:43:00,0.07447004597634077
2026-08-30 18:44:00,0.07447004597634077
2026-08-30 18:45:00,0.0782972164452076
2026-08-30 18:46:00,0.0782972164452076
2026-08-30 18:47:00,0.0782972164452076
2026-08-30 18:48:00,0.0782972164452076
2026-08-30 18:49:00,0.0782972164452076
2026-08-30 18:50:00,0.07960449159145355
2026-08-30 18:51:00,0.07960449159145355
2026-08-30 18:52:00,0.07960449159145355
2026-08-30 18:53:00,0.07960449159145355
2026-08-30 18:54:00,0.07960449159145355
2026-08-30 18:55:00,0.07656666822731495
2026-08-30 18:56:00,0.07656666822731495
2026-08-30 18:57:00,0.07656666822731495
2026-08-30 18:58:00,0.07656666822731495
2026-08-30 18:59:00,0.07656666822731495
2026-08-30 19:00:00,0.07973998412489891
2026-08-30 19:01:00,0.07973998412489891
2026-08-30 19:02:00,0.07973998412489891
2026-08-30 19:03:00,0.07973998412489891
2026-08-30 19:04:00,0.07973998412489891
2026-08-30 19:05:00,0.0861684400588274
2026-08-30 19:06:00,0.0861684400588274
2026-08-30 19:07:00,0.0861684400588274
2026-08-30 19:08:00,0.0861684400588274
2026-08-30 19:09:00,0.0861684400588274
2026-08-30 19:10:00,0.08677789941430092
2026-08-30 19:11:00,0.08677789941430092
2026-08-30 19:12:00,0.08677789941430092
2026-08-30 19:13:00,0.08677789941430092
2026-08-30 19:14:00,0.08677789941430092
2026-08-30 19:15:00,0.08307332824915648
2026-08-30 19:16:00,0.08307332824915648
2026-08-30 19:17:00,0.08307332824915648
2026-08-30 19:18:00,0.08307332824915648
2026-08-30 19:19:00,0.08307332824915648
2026-08-30 19:20:00,0.07133863214403391
2026-08-30 19:21:00,0.07133863214403391
2026-08-30 19:22:00,0.07133863214403391
2026-08-30 19:23:00,0.07133863214403391
2026-08-30 19:24:00,0.07133863214403391
2026-08-30 19:25:00,0.05827347934246063
2026-08-30 19:26:00,0.05827347934246063
2026-08-30 19:27:00,0.05827347934246063
2026-08-30 19:28:00,0.05827347934246063
2026-08-30 19:29:00,0.05827347934246063
2026-08-30 19:30:00,0.05052230227738619
2026-08-30 19:31:00,0.05052230227738619
2026-08-30 19:32:00,0.05052230227738619
2026-08-30 19:33:00,0.05052230227738619
2026-08-30 19:34:00,0.05052230227738619
2026-08-30 19:35:00,0.049664828926324844
2026-08-30 19:36:00,0.049664828926324844
2026-08-30 19:37:00,0.049664828926324844
2026-08-30 19:38:00,0.049664828926324844
2026-08-30 19:39:00,0.049664828926324844
2026-08-30 19:40:00,0.05355457216501236
2026-08-30 19:41:00,0.05355457216501236
2026-08-30 19:42:00,0.05355457216501236
2026-08-30 19:43:00,0.05355457216501236
2026-08-30 19:44:00,0.05355457216501236
2026-08-30 19:45:00,0.05574483051896095
2026-08-30 19:46:00,0.05574483051896095
2026-08-30 19:47:00,0.05574483051896095
2026-08-30 19:48:00,0.05574483051896095
2026-08-30 19:49:00,0.05574483051896095
2026-08-30 19:50:00,0.059703314676880836
2026-08-30 19:51:00,0.059703314676880836
2026-08-30 19:52:00,0.059703314676880836
2026-08-30 19:53:00,0.059703314676880836
2026-08-30 19:54:00,0.059703314676880836
2026-08-30 19:55:00,0.060532898642122746
2026-08-30 19:56:00,0.060532898642122746
2026-08-30 19:57:00,0.060532898642122746
2026-08-30 19:58:00,0.060532898642122746
2026-08-30 19:59:00,0.060532898642122746
2026-08-30 20:00:00,0.06107475142925978
2026-08-30 20:01:00,0.06107475142925978
2026-08-30 20:02:00,0.06107475142925978
2026-08-30 20:03:00,0.06107475142925978
2026-08-30 20:04:00,0.06107475142925978
2026-08-30 20:05:00,0.060483599081635475
2026-08-30 20:06:00,0.060483599081635475
2026-08-30 20:07:00,0.060483599081635475
2026-08-30 20:08:00,0.060483599081635475
2026-08-30 20:09:00,0.060483599081635475
2026-08-30 20:10:00,0.05632507521659136
2026-08-30 20:11:00,0.05632507521659136
2026-08-30 20:12:00,0.05632507521659136
2026-08-30 20:13:00,0.05632507521659136
2026-08-30 20:14:00,0.05632507521659136
2026-08-30 20:15:00,0.05282192677259445
2026-08-30 20:16:00,0.05282192677259445
2026-08-30 20:17:00,0.05282192677259445
2026-08-30 20:18:00,0.05282192677259445
2026-08-30 20:19:00,0.05282192677259445
2026-08-30 20:20:00,0.049632648937404156
2026-08-30 20:21:00,0.049632648937404156
2026-08-30 20:22:00,0.049632648937404156
2026-08-30 20:23:00,0.049632648937404156
2026-08-30 20:24:00,0.049632648937404156
2026-08-30 20:25:00,0.05014847870916128
2026-08-30 20:26:00,0.05014847870916128
2026-08-30 20:27:00,0.05014847870916128
2026-08-30 20:28:00,0.05014847870916128
2026-08-30 20:29:00,0.05014847870916128
2026-08-30 20:30:00,0.05111855827271938
2026-08-30 20:31:00,0.05111855827271938
2026-08-30 20:32:00,0.05111855827271938
2026-08-30 20:33:00,0.05111855827271938
2026-08-30 20:34:00,0.05111855827271938
2026-08-30 20:35:00,0.05055121798068285
2026-08-30 20:36:00,0.05055121798068285
2026-08-30 20:37:00,0.05055121798068285
2026-08-30 20:38:00,0.05055121798068285
2026-08-30 20:39:00,0.05055121798068285
2026-08-30 20:40:00,0.05055515468120575
2026-08-30 20:41:00,0.05055515468120575
2026-08-30 20:42:00,0.05055515468120575
2026-08-30 20:43:00,0.05055515468120575
2026-08-30 20:44:00,0.05055515468120575
2026-08-30 20:45:00,0.049436695873737335
2026-08-30 20:46:00,0.049436695873737335
2026-08-30 20:47:00,0.049436695873737335
2026-08-30 20:48:00,0.049436695873737335
2026-08-30 20:49:00,0.049436695873737335
2026-08-30 20:50:00,0.0507850730791688
2026-08-30 20:51:00,0.0507850730791688
2026-08-30 20:52:00,0.0507850730791688
2026-08-30 20:53:00,0.0507850730791688
2026-08-30 20:54:00,0.0507850730791688
2026-08-30 20:55:00,0.05126023571938276
2026-08-30 20:56:00,0.05126023571938276
2026-08-30 20:57:00,0.05126023571938276
2026-08-30 20:58:00,0.05126023571938276
2026-08-30 20:59:00,0.05126023571938276
2026-08-30 21:00:00,0.05104512628167868
2026-08-30 21:01:00,0.05104512628167868
2026-08-30 21:02:00,0.05104512628167868
2026-08-30 21:03:00,0.05104512628167868
2026-08-30 21:04:00,0.05104512628167868
2026-08-30 21:05:00,0.05133289936929941
2026-08-30 21:06:00,0.05133289936929941
2026-08-30 21:07:00,0.05133289936929941
2026-08-30 21:08:00,0.05133289936929941
2026-08-30 21:09:00,0.05133289936929941
2026-08-30 21:10:00,0.0528434319421649
2026-08-30 21:11:00,0.0528434319421649
2026-08-30 21:12:00,0.0528434319421649
2026-08-30 21:13:00,0.0528434319421649
2026-08-30 21:14:00,0.0528434319421649
2026-08-30 21:15:00,0.05553571041673422
2026-08-30 21:16:00,0.05553571041673422
2026-08-30 21:17:00,0.05553571041673422
2026-08-30 21:18:00,0.05553571041673422
2026-08-30 21:19:00,0.05553571041673422
2026-08-30 21:20:00,0.06097626406699419
2026-08-30 21:21:00,0.06097626406699419
2026-08-30 21:22:00,0.06097626406699419
2026-08-30 21:23:00,0.06097626406699419
2026-08-30 21:24:00,0.06097626406699419
2026-08-30 21:25:00,0.06962766963988543
2026-08-30 21:26:00,0.06962766963988543
2026-08-30 21:27:00,0.06962766963988543
2026-08-30 21:28:00,0.06962766963988543
2026-08-30 21:29:00,0.06962766963988543
2026-08-30 21:30:00,0.07939070370048285
2026-08-30 21:31:00,0.07939070370048285
2026-08-30 21:32:00,0.07939070370048285
2026-08-30 21:33:00,0.07939070370048285
2026-08-30 21:34:00,0.07939070370048285
2026-08-30 21:35:00,0.08901979960501194
2026-08-30 21:36:00,0.08901979960501194
2026-08-30 21:37:00,0.08901979960501194
2026-08-30 21:38:00,0.08901979960501194
2026-08-30 21:39:00,0.08901979960501194
2026-08-30 21:40:00,0.09241720475256443
2026-08-30 21:41:00,0.09241720475256443
2026-08-30 21:42:00,0.09241720475256443
2026-08-30 21:43:00,0.09241720475256443
2026-08-30 21:44:00,0.09241720475256443
2026-08-30 21:45:00,0.09071901813149452
2026-08-30 21:46:00,0.09071901813149452
2026-08-30 21:47:00,0.09071901813149452
2026-08-30 21:48:00,0.09071901813149452
2026-08-30 21:49:00,0.09071901813149452
2026-08-30 21:50:00,0.08328637853264809
2026-08-30 21:51:00,0.08328637853264809
2026-08-30 21:52:00,0.08328637853264809
2026-08-30 21:53:00,0.08328637853264809
2026-08-30 21:54:00,0.08328637853264809
2026-08-30 21:55:00,0.07884231209754944
2026-08-30 21:56:00,0.07884231209754944
2026-08-30 21:57:00,0.07884231209754944
2026-08-30 21:58:00,0.07884231209754944
2026-08-30 21:59:00,0.07884231209754944
2026-08-30 22:00:00,0.07601934298872948
2026-08-30 22:01:00,0.07601934298872948
2026-08-30 22:02:00,0.07601934298872948
2026-08-30 22:03:00,0.07601934298872948
2026-08-30 22:04:00,0.07601934298872948
2026-08-30 22:05:00,0.0712564205750823
2026-08-30 22:06:00,0.0712564205750823
2026-08-30 22:07:00,0.0712564205750823
2026-08-30 22:08:00,0.0712564205750823
2026-08-30 22:09:00,0.0712564205750823
2026-08-30 22:10:00,0.0675532640889287
2026-08-30 22:11:00,0.0675532640889287
2026-08-30 22:12:00,0.0675532640889287
2026-08-30 22:13:00,0.0675532640889287
2026-08-30 22:14:00,0.0675532640889287
2026-08-30 22:15:00,0.06118960306048393
2026-08-30 22:16:00,0.06118960306048393
2026-08-30 22:17:00,0.06118960306048393
2026-08-30 22:18:00,0.06118960306048393
2026-08-30 22:19:00,0.06118960306048393
2026-08-30 22:20:00,0.05517482105642557
2026-08-30 22:21:00,0.05517482105642557
2026-08-30 22:22:00,0.05517482105642557
2026-08-30 22:23:00,0.05517482105642557
2026-08-30 22:24:00,0.05517482105642557
2026-08-30 22:25:00,0.05281851161271334
2026-08-30 22:26:00,0.05281851161271334
2026-08-30 22:27:00,0.05281851161271334
2026-08-30 22:28:00,0.05281851161271334
2026-08-30 22:29:00,0.05281851161271334
2026-08-30 22:30:00,0.05252783093601465
2026-08-30 22:31:00,0.05252783093601465
2026-08-30 22:32:00,0.05252783093601465
2026-08-30 22:33:00,0.05252783093601465
2026-08-30 22:34:00,0.05252783093601465
2026-08-30 22:35:00,0.05320259556174278
2026-08-30 22:36:00,0.05320259556174278
2026-08-30 22:37:00,0.05320259556174278
2026-08-30 22:38:00,0.05320259556174278
2026-08-30 22:39:00,0.05320259556174278
2026-08-30 22:40:00,0.05138147994875908
2026-08-30 22:41:00,0.05138147994875908
2026-08-30 22:42:00,0.05138147994875908
2026-08-30 22:43:00,0.05138147994875908
2026-08-30 22:44:00,0.05138147994875908
2026-08-30 22:45:00,0.050495460629463196
2026-08-30 22:46:00,0.050495460629463196
2026-08-30 22:47:00,0.050495460629463196
2026-08-30 22:48:00,0.050495460629463196
2026-08-30 22:49:00,0.050495460629463196
2026-08-30 22:50:00,0.04954366572201252
2026-08-30 22:51:00,0.04954366572201252
2026-08-30 22:52:00,0.04954366572201252
2026-08-30 22:53:00,0.04954366572201252
2026-08-30 22:54:00,0.04954366572201252
2026-08-30 22:55:00,0.047336370684206486
2026-08-30 22:56:00,0.047336370684206486
2026-08-30 22:57:00,0.047336370684206486
2026-08-30 22:58:00,0.047336370684206486
2026-08-30 22:59:00,0.047336370684206486
2026-08-30 23:00:00,0.05105110630393028
2026-08-30 23:01:00,0.05105110630393028
2026-08-30 23:02:00,0.05105110630393028
2026-08-30 23:03:00,0.05105110630393028
2026-08-30 23:04:00,0.05105110630393028
2026-08-30 23:05:00,0.05190881621092558
2026-08-30 23:06:00,0.05190881621092558
2026-08-30 23:07:00,0.05190881621092558
2026-08-30 23:08:00,0.05190881621092558
2026-08-30 23:09:00,0.05190881621092558
2026-08-30 23:10:00,0.05266970954835415
2026-08-30 23:11:00,0.05266970954835415
2026-08-30 23:12:00,0.05266970954835415
2026-08-30 23:13:00,0.05266970954835415
2026-08-30 23:14:00,0.05266970954835415
2026-08-30 23:15:00,0.055219645611941814
2026-08-30 23:16:00,0.055219645611941814
2026-08-30 23:17:00,0.055219645611941814
2026-08-30 23:18:00,0.055219645611941814
2026-08-30 23:19:00,0.055219645611941814
2026-08-30 23:20:00,0.056566125713288784
2026-08-30 23:21:00,0.056566125713288784
2026-08-30 23:22:00,0.056566125713288784
2026-08-30 23:23:00,0.056566125713288784
2026-08-30 23:24:00,0.056566125713288784
2026-08-30 23:25:00,0.0577766839414835
2026-08-30 23:26:00,0.0577766839414835
2026-08-30 23:27:00,0.0577766839414835
2026-08-30 23:28:00,0.0577766839414835
2026-08-30 23:29:00,0.0577766839414835
2026-08-30 23:30:00,0.057338020764291286
2026-08-30 23:31:00,0.057338020764291286
2026-08-30 23:32:00,0.057338020764291286
2026-08-30 23:33:00,0.057338020764291286
2026-08-30 23:34:00,0.057338020764291286
2026-08-30 23:35:00,0.05848963838070631
2026-08-30 23:36:00,0.05848963838070631
2026-08-30 23:37:00,0.05848963838070631
2026-08-30 23:38:00,0.05848963838070631
2026-08-30 23:39:00,0.05848963838070631
2026-08-30 23:40:00,0.059196227230131626
2026-08-30 23:41:00,0.059196227230131626
2026-08-30 23:42:00,0.059196227230131626
2026-08-30 23:43:00,0.059196227230131626
2026-08-30 23:44:00,0.059196227230131626
2026-08-30 23:45:00,0.06398279406130314
2026-08-30 23:46:00,0.06398279406130314
2026-08-30 23:47:00,0.06398279406130314
2026-08-30 23:48:00,0.06398279406130314
2026-08-30 23:49:00,0.06398279406130314
2026-08-30 23:50:00,0.07123954966664314
2026-08-30 23:51:00,0.07123954966664314
2026-08-30 23:52:00,0.07123954966664314
2026-08-30 23:53:00,0.07123954966664314
2026-08-30 23:54:00,0.07123954966664314
2026-08-30 23:55:00,0.07638552598655224
2026-08-30 23:56:00,0.07638552598655224
2026-08-30 23:57:00,0.07638552598655224
2026-08-30 23:58:00,0.07638552598655224
2026-08-30 23:59:00,0.07638552598655224
2026-08-31 00:00:00,0.0798267237842083
2026-08-31 00:01:00,0.0798267237842083
2026-08-31 00:02:00,0.0798267237842083
2026-08-31 00:03:00,0.0798267237842083
2026-08-31 00:04:00,0.0798267237842083
2026-08-31 00:05:00,0.0784817487001419
2026-08-31 00:06:00,0.0784817487001419
2026-08-31 00:07:00,0.0784817487001419
2026-08-31 00:08:00,0.0784817487001419
2026-08-31 00:09:00,0.0784817487001419
2026-08-31 00:10:00,0.07651210390031338
2026-08-31 00:11:00,0.07651210390031338
2026-08-31 00:12:00,0.07651210390031338
2026-08-31 00:13:00,0.07651210390031338
2026-08-31 00:14:00,0.07651210390031338
2026-08-31 00:15:00,0.07228926010429859
2026-08-31 00:16:00,0.07228926010429859
2026-08-31 00:17:00,0.07228926010429859
2026-08-31 00:18:00,0.07228926010429859
2026-08-31 00:19:00,0.07228926010429859
2026-08-31 00:20:00,0.06792192906141281
2026-08-31 00:21:00,0.06792192906141281
2026-08-31 00:22:00,0.06792192906141281
2026-08-31 00:23:00,0.06792192906141281
2026-08-31 00:24:00,0.06792192906141281
2026-08-31 00:25:00,0.06675154156982899
2026-08-31 00:26:00,0.06675154156982899
2026-08-31 00:27:00,0.06675154156982899
2026-08-31 00:28:00,0.06675154156982899
2026-08-31 00:29:00,0.06675154156982899
2026-08-31 00:30:00,0.06461995653808117
2026-08-31 00:31:00,0.06461995653808117
2026-08-31 00:32:00,0.06461995653808117
2026-08-31 00:33:00,0.06461995653808117
2026-08-31 00:34:00,0.06461995653808117
2026-08-31 00:35:00,0.0637891385704279
2026-08-31 00:36:00,0.0637891385704279
2026-08-31 00:37:00,0.0637891385704279
2026-08-31 00:38:00,0.0637891385704279
2026-08-31 00:39:00,0.0637891385704279
2026-08-31 00:40:00,0.0632534995675087
2026-08-31 00:41:00,0.0632534995675087
2026-08-31 00:42:00,0.0632534995675087
2026-08-31 00:43:00,0.0632534995675087
2026-08-31 00:44:00,0.0632534995675087
2026-08-31 00:45:00,0.05971576273441315
2026-08-31 00:46:00,0.05971576273441315
2026-08-31 00:47:00,0.05971576273441315
2026-08-31 00:48:00,0.05971576273441315
2026-08-31 00:49:00,0.05971576273441315
2026-08-31 00:50:00,0.05783230438828468
2026-08-31 00:51:00,0.05783230438828468
2026-08-31 00:52:00,0.05783230438828468
2026-08-31 00:53:00,0.05783230438828468
2026-08-31 00:54:00,0.05783230438828468
2026-08-31 00:55:00,0.056973145343363285
2026-08-31 00:56:00,0.056973145343363285
2026-08-31 00:57:00,0.056973145343363285
2026-08-31 00:58:00,0.056973145343363285
2026-08-31 00:59:00,0.056973145343363285
2026-08-31 01:00:00,0.06089701037853956
2026-08-31 01:01:00,0.06089701037853956
2026-08-31 01:02:00,0.06089701037853956
2026-08-31 01:03:00,0.06089701037853956
2026-08-31 01:04:00,0.06089701037853956
2026-08-31 01:05:00,0.0684432378038764
2026-08-31 01:06:00,0.0684432378038764
2026-08-31 01:07:00,0.0684432378038764
2026-08-31 01:08:00,0.0684432378038764
2026-08-31 01:09:00,0.0684432378038764
2026-08-31 01:10:00,0.06846512388437986
2026-08-31 01:11:00,0.06846512388437986
2026-08-31 01:12:00,0.06846512388437986
2026-08-31 01:13:00,0.06846512388437986
2026-08-31 01:14:00,0.06846512388437986
2026-08-31 01:15:00,0.06665765214711428
2026-08-31 01:16:00,0.06665765214711428
2026-08-31 01:17:00,0.06665765214711428
2026-08-31 01:18:00,0.06665765214711428
2026-08-31 01:19:00,0.06665765214711428
2026-08-31 01:20:00,0.058115377090871334
2026-08-31 01:21:00,0.058115377090871334
2026-08-31 01:22:00,0.058115377090871334
2026-08-31 01:23:00,0.058115377090871334
2026-08-31 01:24:00,0.058115377090871334
2026-08-31 01:25:00,0.05299851205199957
2026-08-31 01:26:00,0.05299851205199957
2026-08-31 01:27:00,0.05299851205199957
2026-08-31 01:28:00,0.05299851205199957
2026-08-31 01:29:00,0.05299851205199957
2026-08-31 01:30:00,0.05382784456014633
2026-08-31 01:31:00,0.05382784456014633
2026-08-31 01:32:00,0.05382784456014633
2026-08-31 01:33:00,0.05382784456014633
2026-08-31 01:34:00,0.05382784456014633
2026-08-31 01:35:00,0.055603938177227974
2026-08-31 01:36:00,0.055603938177227974
2026-08-31 01:37:00,0.055603938177227974
2026-08-31 01:38:00,0.055603938177227974
2026-08-31 01:39:00,0.055603938177227974
2026-08-31 01:40:00,0.05911597888916731
2026-08-31 01:41:00,0.05911597888916731
2026-08-31 01:42:00,0.05911597888916731
2026-08-31 01:43:00,0.05911597888916731
2026-08-31 01:44:00,0.05911597888916731
2026-08-31 01:45:00,0.06012176629155874
2026-08-31 01:46:00,0.06012176629155874
2026-08-31 01:47:00,0.06012176629155874
2026-08-31 01:48:00,0.06012176629155874
2026-08-31 01:49:00,0.06012176629155874
2026-08-31 01:50:00,0.06200738623738289
2026-08-31 01:51:00,0.06200738623738289
2026-08-31 01:52:00,0.06200738623738289
2026-08-31 01:53:00,0.06200738623738289
2026-08-31 01:54:00,0.06200738623738289
2026-08-31 01:55:00,0.06667316239327192
2026-08-31 01:56:00,0.06667316239327192
2026-08-31 01:57:00,0.06667316239327192
2026-08-31 01:58:00,0.06667316239327192
2026-08-31 01:59:00,0.06667316239327192
2026-08-31 02:00:00,0.07278320007026196
2026-08-31 02:01:00,0.07278320007026196
2026-08-31 02:02:00,0.07278320007026196
2026-08-31 02:03:00,0.07278320007026196
2026-08-31 02:04:00,0.07278320007026196
2026-08-31 02:05:00,0.07357671856880188
2026-08-31 02:06:00,0.07357671856880188
2026-08-31 02:07:00,0.07357671856880188
2026-08-31 02:08:00,0.07357671856880188
2026-08-31 02:09:00,0.07357671856880188
2026-08-31 02:10:00,0.07359274663031101
2026-08-31 02:11:00,0.07359274663031101
2026-08-31 02:12:00,0.07359274663031101
2026-08-31 02:13:00,0.07359274663031101
2026-08-31 02:14:00,0.07359274663031101
2026-08-31 02:15:00,0.07009554468095303
2026-08-31 02:16:00,0.07009554468095303
2026-08-31 02:17:00,0.07009554468095303
2026-08-31 02:18:00,0.07009554468095303
2026-08-31 02:19:00,0.07009554468095303
2026-08-31 02:20:00,0.06755351461470127
2026-08-31 02:21:00,0.06755351461470127
2026-08-31 02:22:00,0.06755351461470127
2026-08-31 02:23:00,0.06755351461470127
2026-08-31 02:24:00,0.06755351461470127
2026-08-31 02:25:00,0.06770237348973751
2026-08-31 02:26:00,0.06770237348973751
2026-08-31 02:27:00,0.06770237348973751
2026-08-31 02:28:00,0.06770237348973751
2026-08-31 02:29:00,0.06770237348973751
2026-08-31 02:30:00,0.06619103159755468
2026-08-31 02:31:00,0.06619103159755468
2026-08-31 02:32:00,0.06619103159755468
2026-08-31 02:33:00,0.06619103159755468
2026-08-31 02:34:00,0.06619103159755468
2026-08-31 02:35:00,0.08492108155041933
2026-08-31 02:36:00,0.08492108155041933
2026-08-31 02:37:00,0.08492108155041933
2026-08-31 02:38:00,0.08492108155041933
2026-08-31 02:39:00,0.08492108155041933
2026-08-31 02:40:00,0.10466398391872644
2026-08-31 02:41:00,0.10466398391872644
2026-08-31 02:42:00,0.10466398391872644
2026-08-31 02:43:00,0.10466398391872644
2026-08-31 02:44:00,0.10466398391872644
2026-08-31 02:45:00,0.1263251220807433
2026-08-31 02:46:00,0.1263251220807433
2026-08-31 02:47:00,0.1263251220807433
2026-08-31 02:48:00,0.1263251220807433
2026-08-31 02:49:00,0.1263251220807433
2026-08-31 02:50:00,0.14820903912186623
2026-08-31 02:51:00,0.14820903912186623
2026-08-31 02:52:00,0.14820903912186623
2026-08-31 02:53:00,0.14820903912186623
2026-08-31 02:54:00,0.14820903912186623
2026-08-31 02:55:00,0.13086328655481339
2026-08-31 02:56:00,0.13086328655481339
2026-08-31 02:57:00,0.13086328655481339
2026-08-31 02:58:00,0.13086328655481339
2026-08-31 02:59:00,0.13086328655481339
2026-08-31 03:00:00,0.11034184135496616
2026-08-31 03:01:00,0.11034184135496616
2026-08-31 03:02:00,0.11034184135496616
2026-08-31 03:03:00,0.11034184135496616
2026-08-31 03:04:00,0.11034184135496616
2026-08-31 03:05:00,0.09026297181844711
2026-08-31 03:06:00,0.09026297181844711
2026-08-31 03:07:00,0.09026297181844711
2026-08-31 03:08:00,0.09026297181844711
2026-08-31 03:09:00,0.09026297181844711
2026-08-31 03:10:00,0.07284119352698326
2026-08-31 03:11:00,0.07284119352698326
2026-08-31 03:12:00,0.07284119352698326
2026-08-31 03:13:00,0.07284119352698326
2026-08-31 03:14:00,0.07284119352698326
2026-08-31 03:15:00,0.07235721498727798
2026-08-31 03:16:00,0.07235721498727798
2026-08-31 03:17:00,0.07235721498727798
2026-08-31 03:18:00,0.07235721498727798
2026-08-31 03:19:00,0.07235721498727798
2026-08-31 03:20:00,0.07067515980452299
2026-08-31 03:21:00,0.07067515980452299
2026-08-31 03:22:00,0.07067515980452299
2026-08-31 03:23:00,0.07067515980452299
2026-08-31 03:24:00,0.07067515980452299
2026-08-31 03:25:00,0.06661582086235285
2026-08-31 03:26:00,0.06661582086235285
2026-08-31 03:27:00,0.06661582086235285
2026-08-31 03:28:00,0.06661582086235285
2026-08-31 03:29:00,0.06661582086235285
2026-08-31 03:30:00,0.06127065233886242
2026-08-31 03:31:00,0.06127065233886242
2026-08-31 03:32:00,0.06127065233886242
2026-08-31 03:33:00,0.06127065233886242
2026-08-31 03:34:00,0.06127065233886242
2026-08-31 03:35:00,0.06129971332848072
2026-08-31 03:36:00,0.06129971332848072
2026-08-31 03:37:00,0.06129971332848072
2026-08-31 03:38:00,0.06129971332848072
2026-08-31 03:39:00,0.06129971332848072
2026-08-31 03:40:00,0.0654043285176158
2026-08-31 03:41:00,0.0654043285176158
2026-08-31 03:42:00,0.0654043285176158
2026-08-31 03:43:00,0.0654043285176158
2026-08-31 03:44:00,0.0654043285176158
2026-08-31 03:45:00,0.06779226940125227
2026-08-31 03:46:00,0.06779226940125227
2026-08-31 03:47:00,0.06779226940125227
2026-08-31 03:48:00,0.06779226940125227
2026-08-31 03:49:00,0.06779226940125227
2026-08-31 03:50:00,0.07024137489497662
2026-08-31 03:51:00,0.07024137489497662
2026-08-31 03:52:00,0.07024137489497662
2026-08-31 03:53:00,0.07024137489497662
2026-08-31 03:54:00,0.07024137489497662
2026-08-31 03:55:00,0.06788912881165743
2026-08-31 03:56:00,0.06788912881165743
2026-08-31 03:57:00,0.06788912881165743
2026-08-31 03:58:00,0.06788912881165743
2026-08-31 03:59:00,0.06788912881165743
2026-08-31 04:00:00,0.05981105752289295
2026-08-31 04:01:00,0.05981105752289295
2026-08-31 04:02:00,0.05981105752289295
2026-08-31 04:03:00,0.05981105752289295
2026-08-31 04:04:00,0.05981105752289295
2026-08-31 04:05:00,0.053975203074514866
2026-08-31 04:06:00,0.053975203074514866
2026-08-31 04:07:00,0.053975203074514866
2026-08-31 04:08:00,0.053975203074514866
2026-08-31 04:09:00,0.053975203074514866
2026-08-31 04:10:00,0.0470077209174633
2026-08-31 04:11:00,0.0470077209174633
2026-08-31 04:12:00,0.0470077209174633
2026-08-31 04:13:00,0.0470077209174633
2026-08-31 04:14:00,0.0470077209174633
2026-08-31 04:15:00,0.04329373501241207
2026-08-31 04:16:00,0.04329373501241207
2026-08-31 04:17:00,0.04329373501241207
2026-08-31 04:18:00,0.04329373501241207
2026-08-31 04:19:00,0.04329373501241207
2026-08-31 04:20:00,0.04587963968515396
2026-08-31 04:21:00,0.04587963968515396
2026-08-31 04:22:00,0.04587963968515396
2026-08-31 04:23:00,0.04587963968515396
2026-08-31 04:24:00,0.04587963968515396
2026-08-31 04:25:00,0.05134232807904482
2026-08-31 04:26:00,0.05134232807904482
2026-08-31 04:27:00,0.05134232807904482
2026-08-31 04:28:00,0.05134232807904482
2026-08-31 04:29:00,0.05134232807904482
2026-08-31 04:30:00,0.059485526755452156
2026-08-31 04:31:00,0.059485526755452156
2026-08-31 04:32:00,0.059485526755452156
2026-08-31 04:33:00,0.059485526755452156
2026-08-31 04:34:00,0.059485526755452156
2026-08-31 04:35:00,0.06677997391670942
2026-08-31 04:36:00,0.06677997391670942
2026-08-31 04:37:00,0.06677997391670942
2026-08-31 04:38:00,0.06677997391670942
2026-08-31 04:39:00,0.06677997391670942
2026-08-31 04:40:00,0.07013189792633057
2026-08-31 04:41:00,0.07013189792633057
2026-08-31 04:42:00,0.07013189792633057
2026-08-31 04:43:00,0.07013189792633057
2026-08-31 04:44:00,0.07013189792633057
2026-08-31 04:45:00,0.06839705724269152
2026-08-31 04:46:00,0.06839705724269152
2026-08-31 04:47:00,0.06839705724269152
2026-08-31 04:48:00,0.06839705724269152
2026-08-31 04:49:00,0.06839705724269152
2026-08-31 04:50:00,0.06220646481961012
2026-08-31 04:51:00,0.06220646481961012
2026-08-31 04:52:00,0.06220646481961012
2026-08-31 04:53:00,0.06220646481961012
2026-08-31 04:54:00,0.06220646481961012
2026-08-31 04:55:00,0.05809537321329117
2026-08-31 04:56:00,0.05809537321329117
2026-08-31 04:57:00,0.05809537321329117
2026-08-31 04:58:00,0.05809537321329117
2026-08-31 04:59:00,0.05809537321329117
2026-08-31 05:00:00,0.05501153040677309
2026-08-31 05:01:00,0.05501153040677309
2026-08-31 05:02:00,0.05501153040677309
2026-08-31 05:03:00,0.05501153040677309
2026-08-31 05:04:00,0.05501153040677309
2026-08-31 05:05:00,0.05578128807246685
2026-08-31 05:06:00,0.05578128807246685
2026-08-31 05:07:00,0.05578128807246685
2026-08-31 05:08:00,0.05578128807246685
2026-08-31 05:09:00,0.05578128807246685
2026-08-31 05:10:00,0.05927747301757336
2026-08-31 05:11:00,0.05927747301757336
2026-08-31 05:12:00,0.05927747301757336
2026-08-31 05:13:00,0.05927747301757336
2026-08-31 05:14:00,0.05927747301757336
2026-08-31 05:15:00,0.06063199881464243
2026-08-31 05:16:00,0.06063199881464243
2026-08-31 05:17:00,0.06063199881464243
2026-08-31 05:18:00,0.06063199881464243
2026-08-31 05:19:00,0.06063199881464243
2026-08-31 05:20:00,0.06256432831287384
2026-08-31 05:21:00,0.06256432831287384
2026-08-31 05:22:00,0.06256432831287384
2026-08-31 05:23:00,0.06256432831287384
2026-08-31 05:24:00,0.06256432831287384
2026-08-31 05:25:00,0.06075760908424854
2026-08-31 05:26:00,0.06075760908424854
2026-08-31 05:27:00,0.06075760908424854
2026-08-31 05:28:00,0.06075760908424854
2026-08-31 05:29:00,0.06075760908424854
2026-08-31 05:30:00,0.05990047845989466
2026-08-31 05:31:00,0.05990047845989466
2026-08-31 05:32:00,0.05990047845989466
2026-08-31 05:33:00,0.05990047845989466
2026-08-31 05:34:00,0.05990047845989466
2026-08-31 05:35:00,0.059200684539973736
2026-08-31 05:36:00,0.059200684539973736
2026-08-31 05:37:00,0.059200684539973736
2026-08-31 05:38:00,0.059200684539973736
2026-08-31 05:39:00,0.059200684539973736
2026-08-31 05:40:00,0.05753218103200197
2026-08-31 05:41:00,0.05753218103200197
2026-08-31 05:42:00,0.05753218103200197
2026-08-31 05:43:00,0.05753218103200197
2026-08-31 05:44:00,0.05753218103200197
2026-08-31 05:45:00,0.05915775801986456
2026-08-31 05:46:00,0.05915775801986456
2026-08-31 05:47:00,0.05915775801986456
2026-08-31 05:48:00,0.05915775801986456
2026-08-31 05:49:00,0.05915775801986456
2026-08-31 05:50:00,0.05986974202096462
2026-08-31 05:51:00,0.05986974202096462
2026-08-31 05:52:00,0.05986974202096462
2026-08-31 05:53:00,0.05986974202096462
2026-08-31 05:54:00,0.05986974202096462
2026-08-31 05:55:00,0.05990329943597317
2026-08-31 05:56:00,0.05990329943597317
2026-08-31 05:57:00,0.05990329943597317
2026-08-31 05:58:00,0.05990329943597317
2026-08-31 05:59:00,0.05990329943597317
2026-08-31 06:00:00,0.05994837637990713
2026-08-31 06:01:00,0.05994837637990713
2026-08-31 06:02:00,0.05994837637990713
2026-08-31 06:03:00,0.05994837637990713
2026-08-31 06:04:00,0.05994837637990713
2026-08-31 06:05:00,0.05599157139658928
2026-08-31 06:06:00,0.05599157139658928
2026-08-31 06:07:00,0.05599157139658928
2026-08-31 06:08:00,0.05599157139658928
2026-08-31 06:09:00,0.05599157139658928
2026-08-31 06:10:00,0.05290054902434349
2026-08-31 06:11:00,0.05290054902434349
2026-08-31 06:12:00,0.05290054902434349
2026-08-31 06:13:00,0.05290054902434349
2026-08-31 06:14:00,0.05290054902434349
2026-08-31 06:15:00,0.05036899168044329
2026-08-31 06:16:00,0.05036899168044329
2026-08-31 06:17:00,0.05036899168044329
2026-08-31 06:18:00,0.05036899168044329
2026-08-31 06:19:00,0.05036899168044329
2026-08-31 06:20:00,0.05061614699661732
2026-08-31 06:21:00,0.05061614699661732
2026-08-31 06:22:00,0.05061614699661732
2026-08-31 06:23:00,0.05061614699661732
2026-08-31 06:24:00,0.05061614699661732
2026-08-31 06:25:00,0.05387753341346979
2026-08-31 06:26:00,0.05387753341346979
2026-08-31 06:27:00,0.05387753341346979
2026-08-31 06:28:00,0.05387753341346979
2026-08-31 06:29:00,0.05387753341346979
2026-08-31 06:30:00,0.054164220578968525
2026-08-31 06:31:00,0.054164220578968525
2026-08-31 06:32:00,0.054164220578968525
2026-08-31 06:33:00,0.054164220578968525
2026-08-31 06:34:00,0.054164220578968525
2026-08-31 06:35:00,0.05433868244290352
2026-08-31 06:36:00,0.05433868244290352
2026-08-31 06:37:00,0.05433868244290352
2026-08-31 06:38:00,0.05433868244290352
2026-08-31 06:39:00,0.05433868244290352
2026-08-31 06:40:00,0.05333526339381933
2026-08-31 06:41:00,0.05333526339381933
2026-08-31 06:42:00,0.05333526339381933
2026-08-31 06:43:00,0.05333526339381933
2026-08-31 06:44:00,0.05333526339381933
2026-08-31 06:45:00,0.054217531345784664
2026-08-31 06:46:00,0.054217531345784664
2026-08-31 06:47:00,0.054217531345784664
2026-08-31 06:48:00,0.054217531345784664
2026-08-31 06:49:00,0.054217531345784664
2026-08-31 06:50:00,0.1331540895625949
2026-08-31 06:51:00,0.1331540895625949
2026-08-31 06:52:00,0.1331540895625949
2026-08-31 06:53:00,0.1331540895625949
2026-08-31 06:54:00,0.1331540895625949
2026-08-31 06:55:00,0.21255290787667036
2026-08-31 06:56:00,0.21255290787667036
2026-08-31 06:57:00,0.21255290787667036
2026-08-31 06:58:00,0.21255290787667036
2026-08-31 06:59:00,0.21255290787667036
2026-08-31 07:00:00,0.29093427397310734
2026-08-31 07:01:00,0.29093427397310734
2026-08-31 07:02:00,0.29093427397310734
2026-08-31 07:03:00,0.29093427397310734
2026-08-31 07:04:00,0.29093427397310734
2026-08-31 07:05:00,0.36607077717781067
2026-08-31 07:06:00,0.36607077717781067
2026-08-31 07:07:00,0.36607077717781067
2026-08-31 07:08:00,0.36607077717781067
2026-08-31 07:09:00,0.36607077717781067
2026-08-31 07:10:00,0.2884207693859935
2026-08-31 07:11:00,0.2884207693859935
2026-08-31 07:12:00,0.2884207693859935
2026-08-31 07:13:00,0.2884207693859935
2026-08-31 07:14:00,0.2884207693859935
2026-08-31 07:15:00,0.21117439959198236
2026-08-31 07:16:00,0.21117439959198236
2026-08-31 07:17:00,0.21117439959198236
2026-08-31 07:18:00,0.21117439959198236
2026-08-31 07:19:00,0.21117439959198236
2026-08-31 07:20:00,0.13358748611062765
2026-08-31 07:21:00,0.13358748611062765
2026-08-31 07:22:00,0.13358748611062765
2026-08-31 07:23:00,0.13358748611062765
2026-08-31 07:24:00,0.13358748611062765
2026-08-31 07:25:00,0.0561902541667223
2026-08-31 07:26:00,0.0561902541667223
2026-08-31 07:27:00,0.0561902541667223
2026-08-31 07:28:00,0.0561902541667223
2026-08-31 07:29:00,0.0561902541667223
2026-08-31 07:30:00,0.05750204809010029
2026-08-31 07:31:00,0.05750204809010029
2026-08-31 07:32:00,0.05750204809010029
2026-08-31 07:33:00,0.05750204809010029
2026-08-31 07:34:00,0.05750204809010029
2026-08-31 07:35:00,0.05713197961449623
2026-08-31 07:36:00,0.05713197961449623
2026-08-31 07:37:00,0.05713197961449623
2026-08-31 07:38:00,0.05713197961449623
2026-08-31 07:39:00,0.05713197961449623
2026-08-31 07:40:00,0.05590405687689781
2026-08-31 07:41:00,0.05590405687689781
2026-08-31 07:42:00,0.05590405687689781
2026-08-31 07:43:00,0.05590405687689781
2026-08-31 07:44:00,0.05590405687689781
2026-08-31 07:45:00,0.055996520444750786
2026-08-31 07:46:00,0.055996520444750786
2026-08-31 07:47:00,0.055996520444750786
2026-08-31 07:48:00,0.055996520444750786
2026-08-31 07:49:00,0.055996520444750786
2026-08-31 07:50:00,0.05539363622665405
2026-08-31 07:51:00,0.05539363622665405
2026-08-31 07:52:00,0.05539363622665405
2026-08-31 07:53:00,0.05539363622665405
2026-08-31 07:54:00,0.05539363622665405
2026-08-31 07:55:00,0.05447785742580891
2026-08-31 07:56:00,0.05447785742580891
2026-08-31 07:57:00,0.05447785742580891
2026-08-31 07:58:00,0.05447785742580891
2026-08-31 07:59:00,0.05447785742580891
2026-08-31 08:00:00,0.05428656190633774
2026-08-31 08:01:00,0.05428656190633774
2026-08-31 08:02:00,0.05428656190633774
2026-08-31 08:03:00,0.05428656190633774
2026-08-31 08:04:00,0.05428656190633774
2026-08-31 08:05:00,0.05632174480706453
2026-08-31 08:06:00,0.05632174480706453
2026-08-31 08:07:00,0.05632174480706453
2026-08-31 08:08:00,0.05632174480706453
2026-08-31 08:09:00,0.05632174480706453
2026-08-31 08:10:00,0.054467848502099514
2026-08-31 08:11:00,0.054467848502099514
2026-08-31 08:12:00,0.054467848502099514
2026-08-31 08:13:00,0.054467848502099514
2026-08-31 08:14:00,0.054467848502099514
2026-08-31 08:15:00,0.05404451582580805
2026-08-31 08:16:00,0.05404451582580805
2026-08-31 08:17:00,0.05404451582580805
2026-08-31 08:18:00,0.05404451582580805
2026-08-31 08:19:00,0.05404451582580805
2026-08-31 08:20:00,0.05531528498977423
2026-08-31 08:21:00,0.05531528498977423
2026-08-31 08:22:00,0.05531528498977423
2026-08-31 08:23:00,0.05531528498977423
2026-08-31 08:24:00,0.05531528498977423
2026-08-31 08:25:00,0.05830422695726156
2026-08-31 08:26:00,0.05830422695726156
2026-08-31 08:27:00,0.05830422695726156
2026-08-31 08:28:00,0.05830422695726156
2026-08-31 08:29:00,0.05830422695726156
2026-08-31 08:30:00,0.06645241007208824
2026-08-31 08:31:00,0.06645241007208824
2026-08-31 08:32:00,0.06645241007208824
2026-08-31 08:33:00,0.06645241007208824
2026-08-31 08:34:00,0.06645241007208824
2026-08-31 08:35:00,0.07598697766661644
2026-08-31 08:36:00,0.07598697766661644
2026-08-31 08:37:00,0.07598697766661644
2026-08-31 08:38:00,0.07598697766661644
2026-08-31 08:39:00,0.07598697766661644
2026-08-31 08:40:00,0.08465963788330555
2026-08-31 08:41:00,0.08465963788330555
2026-08-31 08:42:00,0.08465963788330555
2026-08-31 08:43:00,0.08465963788330555
2026-08-31 08:44:00,0.08465963788330555
2026-08-31 08:45:00,0.08391667157411575
2026-08-31 08:46:00,0.08391667157411575
2026-08-31 08:47:00,0.08391667157411575
2026-08-31 08:48:00,0.08391667157411575
2026-08-31 08:49:00,0.08391667157411575
2026-08-31 08:50:00,0.08047059550881386
2026-08-31 08:51:00,0.08047059550881386
2026-08-31 08:52:00,0.08047059550881386
2026-08-31 08:53:00,0.08047059550881386
2026-08-31 08:54:00,0.08047059550881386
2026-08-31 08:55:00,0.07555992156267166
2026-08-31 08:56:00,0.07555992156267166
2026-08-31 08:57:00,0.07555992156267166
2026-08-31 08:58:00,0.07555992156267166
2026-08-31 08:59:00,0.07555992156267166
2026-08-31 09:00:00,0.070654621347785
2026-08-31 09:01:00,0.070654621347785
2026-08-31 09:02:00,0.070654621347785
2026-08-31 09:03:00,0.070654621347785
2026-08-31 09:04:00,0.070654621347785
2026-08-31 09:05:00,0.06865119002759457
2026-08-31 09:06:00,0.06865119002759457
2026-08-31 09:07:00,0.06865119002759457
2026-08-31 09:08:00,0.06865119002759457
2026-08-31 09:09:00,0.06865119002759457
2026-08-31 09:10:00,0.06587188132107258
2026-08-31 09:11:00,0.06587188132107258
2026-08-31 09:12:00,0.06587188132107258
2026-08-31 09:13:00,0.06587188132107258
2026-08-31 09:14:00,0.06587188132107258
2026-08-31 09:15:00,0.06215478200465441
2026-08-31 09:16:00,0.06215478200465441
2026-08-31 09:17:00,0.06215478200465441
2026-08-31 09:18:00,0.06215478200465441
2026-08-31 09:19:00,0.06215478200465441
2026-08-31 09:20:00,0.054493676871061325
2026-08-31 09:21:00,0.054493676871061325
2026-08-31 09:22:00,0.054493676871061325
2026-08-31 09:23:00,0.054493676871061325
2026-08-31 09:24:00,0.054493676871061325
2026-08-31 09:25:00,0.04908366594463587
2026-08-31 09:26:00,0.04908366594463587
2026-08-31 09:27:00,0.04908366594463587
2026-08-31 09:28:00,0.04908366594463587
2026-08-31 09:29:00,0.04908366594463587
2026-08-31 09:30:00,0.044284055940806866
2026-08-31 09:31:00,0.044284055940806866
2026-08-31 09:32:00,0.044284055940806866
2026-08-31 09:33:00,0.044284055940806866
2026-08-31 09:34:00,0.044284055940806866
2026-08-31 09:35:00,0.04219521023333073
2026-08-31 09:36:00,0.04219521023333073
2026-08-31 09:37:00,0.04219521023333073
2026-08-31 09:38:00,0.04219521023333073
2026-08-31 09:39:00,0.04219521023333073
2026-08-31 09:40:00,0.04825545009225607
2026-08-31 09:41:00,0.04825545009225607
2026-08-31 09:42:00,0.04825545009225607
2026-08-31 09:43:00,0.04825545009225607
2026-08-31 09:44:00,0.04825545009225607
2026-08-31 09:45:00,0.053711699321866035
2026-08-31 09:46:00,0.053711699321866035
2026-08-31 09:47:00,0.053711699321866035
2026-08-31 09:48:00,0.053711699321866035
2026-08-31 09:49:00,0.053711699321866035
2026-08-31 09:50:00,0.05790745560079813
2026-08-31 09:51:00,0.05790745560079813
2026-08-31 09:52:00,0.05790745560079813
2026-08-31 09:53:00,0.05790745560079813
2026-08-31 09:54:00,0.05790745560079813
2026-08-31 09:55:00,0.061315713450312614
2026-08-31 09:56:00,0.061315713450312614
2026-08-31 09:57:00,0.061315713450312614
2026-08-31 09:58:00,0.061315713450312614
2026-08-31 09:59:00,0.061315713450312614
2026-08-31 10:00:00,0.05605504382401705
2026-08-31 10:01:00,0.05605504382401705
2026-08-31 10:02:00,0.05605504382401705
2026-08-31 10:03:00,0.05605504382401705
2026-08-31 10:04:00,0.05605504382401705
2026-08-31 10:05:00,0.055729703046381474
2026-08-31 10:06:00,0.055729703046381474
2026-08-31 10:07:00,0.055729703046381474
2026-08-31 10:08:00,0.055729703046381474
2026-08-31 10:09:00,0.055729703046381474
2026-08-31 10:10:00,0.05929615907371044
2026-08-31 10:11:00,0.05929615907371044
2026-08-31 10:12:00,0.05929615907371044
2026-08-31 10:13:00,0.05929615907371044
2026-08-31 10:14:00,0.05929615907371044
2026-08-31 10:15:00,0.06199576612561941
2026-08-31 10:16:00,0.06199576612561941
2026-08-31 10:17:00,0.06199576612561941
2026-08-31 10:18:00,0.06199576612561941
2026-08-31 10:19:00,0.06199576612561941
2026-08-31 10:20:00,0.07041648961603642
2026-08-31 10:21:00,0.07041648961603642
2026-08-31 10:22:00,0.07041648961603642
2026-08-31 10:23:00,0.07041648961603642
2026-08-31 10:24:00,0.07041648961603642
2026-08-31 10:25:00,0.07262758538126945
2026-08-31 10:26:00,0.07262758538126945
2026-08-31 10:27:00,0.07262758538126945
2026-08-31 10:28:00,0.07262758538126945
2026-08-31 10:29:00,0.07262758538126945
2026-08-31 10:30:00,0.06998178921639919
2026-08-31 10:31:00,0.06998178921639919
2026-08-31 10:32:00,0.06998178921639919
2026-08-31 10:33:00,0.06998178921639919
2026-08-31 10:34:00,0.06998178921639919
2026-08-31 10:35:00,0.06386526208370924
2026-08-31 10:36:00,0.06386526208370924
2026-08-31 10:37:00,0.06386526208370924
2026-08-31 10:38:00,0.06386526208370924
2026-08-31 10:39:00,0.06386526208370924
2026-08-31 10:40:00,0.05601383652538061
2026-08-31 10:41:00,0.05601383652538061
2026-08-31 10:42:00,0.05601383652538061
2026-08-31 10:43:00,0.05601383652538061
2026-08-31 10:44:00,0.05601383652538061
2026-08-31 10:45:00,0.05040663480758667
2026-08-31 10:46:00,0.05040663480758667
2026-08-31 10:47:00,0.05040663480758667
2026-08-31 10:48:00,0.05040663480758667
2026-08-31 10:49:00,0.05040663480758667
2026-08-31 10:50:00,0.048370469361543655
2026-08-31 10:51:00,0.048370469361543655
2026-08-31 10:52:00,0.048370469361543655
2026-08-31 10:53:00,0.048370469361543655
2026-08-31 10:54:00,0.048370469361543655
2026-08-31 10:55:00,0.05072858277708292
2026-08-31 10:56:00,0.05072858277708292
2026-08-31 10:57:00,0.05072858277708292
2026-08-31 10:58:00,0.05072858277708292
2026-08-31 10:59:00,0.05072858277708292
2026-08-31 11:00:00,0.05171989556401968
2026-08-31 11:01:00,0.05171989556401968
2026-08-31 11:02:00,0.05171989556401968
2026-08-31 11:03:00,0.05171989556401968
2026-08-31 11:04:00,0.05171989556401968
2026-08-31 11:05:00,0.05311535391956568
2026-08-31 11:06:00,0.05311535391956568
2026-08-31 11:07:00,0.05311535391956568
2026-08-31 11:08:00,0.05311535391956568
2026-08-31 11:09:00,0.05311535391956568
2026-08-31 11:10:00,0.056066942401230335
2026-08-31 11:11:00,0.056066942401230335
2026-08-31 11:12:00,0.056066942401230335
2026-08-31 11:13:00,0.056066942401230335
2026-08-31 11:14:00,0.056066942401230335
2026-08-31 11:15:00,0.059366569854319096
2026-08-31 11:16:00,0.059366569854319096
2026-08-31 11:17:00,0.059366569854319096
2026-08-31 11:18:00,0.059366569854319096
2026-08-31 11:19:00,0.059366569854319096
2026-08-31 11:20:00,0.0677051329985261
2026-08-31 11:21:00,0.0677051329985261
2026-08-31 11:22:00,0.0677051329985261
2026-08-31 11:23:00,0.0677051329985261
2026-08-31 11:24:00,0.0677051329985261
2026-08-31 11:25:00,0.0788221713155508
2026-08-31 11:26:00,0.0788221713155508
2026-08-31 11:27:00,0.0788221713155508
2026-08-31 11:28:00,0.0788221713155508
2026-08-31 11:29:00,0.0788221713155508
2026-08-31 11:30:00,0.08786112815141678
2026-08-31 11:31:00,0.08786112815141678
2026-08-31 11:32:00,0.08786112815141678
2026-08-31 11:33:00,0.08786112815141678
2026-08-31 11:34:00,0.08786112815141678
2026-08-31 11:35:00,0.09149242006242275
2026-08-31 11:36:00,0.09149242006242275
2026-08-31 11:37:00,0.09149242006242275
2026-08-31 11:38:00,0.09149242006242275
2026-08-31 11:39:00,0.09149242006242275
2026-08-31 11:40:00,0.08802144788205624
2026-08-31 11:41:00,0.08802144788205624
2026-08-31 11:42:00,0.08802144788205624
2026-08-31 11:43:00,0.08802144788205624
2026-08-31 11:44:00,0.08802144788205624
2026-08-31 11:45:00,0.07560710795223713
2026-08-31 11:46:00,0.07560710795223713
2026-08-31 11:47:00,0.07560710795223713
2026-08-31 11:48:00,0.07560710795223713
2026-08-31 11:49:00,0.07560710795223713
2026-08-31 11:50:00,0.0638396879658103
2026-08-31 11:51:00,0.0638396879658103
2026-08-31 11:52:00,0.0638396879658103
2026-08-31 11:53:00,0.0638396879658103
2026-08-31 11:54:00,0.0638396879658103
2026-08-31 11:55:00,0.05847601220011711
2026-08-31 11:56:00,0.05847601220011711
2026-08-31 11:57:00,0.05847601220011711
2026-08-31 11:58:00,0.05847601220011711
2026-08-31 11:59:00,0.05847601220011711
2026-08-31 12:00:00,0.05632642563432455
2026-08-31 12:01:00,0.05632642563432455
2026-08-31 12:02:00,0.05632642563432455
2026-08-31 12:03:00,0.05632642563432455
2026-08-31 12:04:00,0.05632642563432455
2026-08-31 12:05:00,0.057715196162462234
2026-08-31 12:06:00,0.057715196162462234
2026-08-31 12:07:00,0.057715196162462234
2026-08-31 12:08:00,0.057715196162462234
2026-08-31 12:09:00,0.057715196162462234
2026-08-31 12:10:00,0.05716327950358391
2026-08-31 12:11:00,0.05716327950358391
2026-08-31 12:12:00,0.05716327950358391
2026-08-31 12:13:00,0.05716327950358391
2026-08-31 12:14:00,0.05716327950358391
2026-08-31 12:15:00,0.0536279147490859
2026-08-31 12:16:00,0.0536279147490859
2026-08-31 12:17:00,0.0536279147490859
2026-08-31 12:18:00,0.0536279147490859
2026-08-31 12:19:00,0.0536279147490859
2026-08-31 12:20:00,0.11901420168578625
2026-08-31 12:21:00,0.11901420168578625
2026-08-31 12:22:00,0.11901420168578625
2026-08-31 12:23:00,0.11901420168578625
2026-08-31 12:24:00,0.11901420168578625
2026-08-31 12:25:00,0.18516556080430746
2026-08-31 12:26:00,0.18516556080430746
2026-08-31 12:27:00,0.18516556080430746
2026-08-31 12:28:00,0.18516556080430746
2026-08-31 12:29:00,0.18516556080430746
2026-08-31 12:30:00,0.25177237018942833
2026-08-31 12:31:00,0.25177237018942833
2026-08-31 12:32:00,0.25177237018942833
2026-08-31 12:33:00,0.25177237018942833
2026-08-31 12:34:00,0.25177237018942833
2026-08-31 12:35:00,0.321159303188324
2026-08-31 12:36:00,0.321159303188324
2026-08-31 12:37:00,0.321159303188324
2026-08-31 12:38:00,0.321159303188324
2026-08-31 12:39:00,0.321159303188324
2026-08-31 12:40:00,0.2555557703599334
2026-08-31 12:41:00,0.2555557703599334
2026-08-31 12:42:00,0.2555557703599334
2026-08-31 12:43:00,0.2555557703599334
2026-08-31 12:44:00,0.2555557703599334
2026-08-31 12:45:00,0.268829888664186
2026-08-31 12:46:00,0.268829888664186
2026-08-31 12:47:00,0.268829888664186
2026-08-31 12:48:00,0.268829888664186
2026-08-31 12:49:00,0.268829888664186
2026-08-31 12:50:00,0.28561206813901663
2026-08-31 12:51:00,0.28561206813901663
2026-08-31 12:52:00,0.28561206813901663
2026-08-31 12:53:00,0.28561206813901663
2026-08-31 12:54:00,0.28561206813901663
2026-08-31 12:55:00,0.29896225687116385
2026-08-31 12:56:00,0.29896225687116385
2026-08-31 12:57:00,0.29896225687116385
2026-08-31 12:58:00,0.29896225687116385
2026-08-31 12:59:00,0.29896225687116385
2026-08-31 13:00:00,0.3753463625907898
2026-08-31 13:01:00,0.3753463625907898
2026-08-31 13:02:00,0.3753463625907898
2026-08-31 13:03:00,0.3753463625907898
2026-08-31 13:04:00,0.3753463625907898
2026-08-31 13:05:00,0.29475886281579733
2026-08-31 13:06:00,0.29475886281579733
2026-08-31 13:07:00,0.29475886281579733
2026-08-31 13:08:00,0.29475886281579733
2026-08-31 13:09:00,0.29475886281579733
2026-08-31 13:10:00,0.2129752542823553
2026-08-31 13:11:00,0.2129752542823553
2026-08-31 13:12:00,0.2129752542823553
2026-08-31 13:13:00,0.2129752542823553
2026-08-31 13:14:00,0.2129752542823553
2026-08-31 13:15:00,0.134473679587245
2026-08-31 13:16:00,0.134473679587245
2026-08-31 13:17:00,0.134473679587245
2026-08-31 13:18:00,0.134473679587245
2026-08-31 13:19:00,0.134473679587245
2026-08-31 13:20:00,0.058154224418103695
2026-08-31 13:21:00,0.058154224418103695
2026-08-31 13:22:00,0.058154224418103695
2026-08-31 13:23:00,0.058154224418103695
2026-08-31 13:24:00,0.058154224418103695
2026-08-31 13:25:00,0.060021016746759415
2026-08-31 13:26:00,0.060021016746759415
2026-08-31 13:27:00,0.060021016746759415
2026-08-31 13:28:00,0.060021016746759415
2026-08-31 13:29:00,0.060021016746759415
2026-08-31 13:30:00,0.060658191330730915
2026-08-31 13:31:00,0.060658191330730915
2026-08-31 13:32:00,0.060658191330730915
2026-08-31 13:33:00,0.060658191330730915
2026-08-31 13:34:00,0.060658191330730915
2026-08-31 13:35:00,0.06283693294972181
2026-08-31 13:36:00,0.06283693294972181
2026-08-31 13:37:00,0.06283693294972181
2026-08-31 13:38:00,0.06283693294972181
2026-08-31 13:39:00,0.06283693294972181
2026-08-31 13:40:00,0.06459534727036953
2026-08-31 13:41:00,0.06459534727036953
2026-08-31 13:42:00,0.06459534727036953
2026-08-31 13:43:00,0.06459534727036953
2026-08-31 13:44:00,0.06459534727036953
2026-08-31 13:45:00,0.06774217076599598
2026-08-31 13:46:00,0.06774217076599598
2026-08-31 13:47:00,0.06774217076599598
2026-08-31 13:48:00,0.06774217076599598
2026-08-31 13:49:00,0.06774217076599598
2026-08-31 13:50:00,0.0712326318025589
2026-08-31 13:51:00,0.0712326318025589
2026-08-31 13:52:00,0.0712326318025589
2026-08-31 13:53:00,0.0712326318025589
2026-08-31 13:54:00,0.0712326318025589
2026-08-31 13:55:00,0.06916803494095802
2026-08-31 13:56:00,0.06916803494095802
2026-08-31 13:57:00,0.06916803494095802
2026-08-31 13:58:00,0.06916803494095802
2026-08-31 13:59:00,0.06916803494095802
2026-08-31 14:00:00,0.06595791038125753
2026-08-31 14:01:00,0.06595791038125753
2026-08-31 14:02:00,0.06595791038125753
2026-08-31 14:03:00,0.06595791038125753
2026-08-31 14:04:00,0.06595791038125753
2026-08-31 14:05:00,0.06386210303753614
2026-08-31 14:06:00,0.06386210303753614
2026-08-31 14:07:00,0.06386210303753614
2026-08-31 14:08:00,0.06386210303753614
2026-08-31 14:09:00,0.06386210303753614
2026-08-31 14:10:00,0.0617183456197381
2026-08-31 14:11:00,0.0617183456197381
2026-08-31 14:12:00,0.0617183456197381
2026-08-31 14:13:00,0.0617183456197381
2026-08-31 14:14:00,0.0617183456197381
2026-08-31 14:15:00,0.06228322256356478
2026-08-31 14:16:00,0.06228322256356478
2026-08-31 14:17:00,0.06228322256356478
2026-08-31 14:18:00,0.06228322256356478
2026-08-31 14:19:00,0.06228322256356478
2026-08-31 14:20:00,0.06445002555847168
2026-08-31 14:21:00,0.06445002555847168
2026-08-31 14:22:00,0.06445002555847168
2026-08-31 14:23:00,0.06445002555847168
2026-08-31 14:24:00,0.06445002555847168
2026-08-31 14:25:00,0.06389981973916292
2026-08-31 14:26:00,0.06389981973916292
2026-08-31 14:27:00,0.06389981973916292
2026-08-31 14:28:00,0.06389981973916292
2026-08-31 14:29:00,0.06389981973916292
2026-08-31 14:30:00,0.0620077783241868
2026-08-31 14:31:00,0.0620077783241868
2026-08-31 14:32:00,0.0620077783241868
2026-08-31 14:33:00,0.0620077783241868
2026-08-31 14:34:00,0.0620077783241868
2026-08-31 14:35:00,0.058178470470011234
2026-08-31 14:36:00,0.058178470470011234
2026-08-31 14:37:00,0.058178470470011234
2026-08-31 14:38:00,0.058178470470011234
2026-08-31 14:39:00,0.058178470470011234
2026-08-31 14:40:00,0.05420944932848215
2026-08-31 14:41:00,0.05420944932848215
2026-08-31 14:42:00,0.05420944932848215
2026-08-31 14:43:00,0.05420944932848215
2026-08-31 14:44:00,0.05420944932848215
2026-08-31 14:45:00,0.05143775977194309
2026-08-31 14:46:00,0.05143775977194309
2026-08-31 14:47:00,0.05143775977194309
2026-08-31 14:48:00,0.05143775977194309
2026-08-31 14:49:00,0.05143775977194309
2026-08-31 14:50:00,0.055094240233302116
2026-08-31 14:51:00,0.055094240233302116
2026-08-31 14:52:00,0.055094240233302116
2026-08-31 14:53:00,0.055094240233302116
2026-08-31 14:54:00,0.055094240233302116
2026-08-31 14:55:00,0.06044423766434193
2026-08-31 14:56:00,0.06044423766434193
2026-08-31 14:57:00,0.06044423766434193
2026-08-31 14:58:00,0.06044423766434193
2026-08-31 14:59:00,0.06044423766434193
2026-08-31 15:00:00,0.06562119349837303
2026-08-31 15:01:00,0.06562119349837303
2026-08-31 15:02:00,0.06562119349837303
2026-08-31 15:03:00,0.06562119349837303
2026-08-31 15:04:00,0.06562119349837303
2026-08-31 15:05:00,0.07022509351372719
2026-08-31 15:06:00,0.07022509351372719
2026-08-31 15:07:00,0.07022509351372719
2026-08-31 15:08:00,0.07022509351372719
2026-08-31 15:09:00,0.07022509351372719
2026-08-31 15:10:00,0.06856661289930344
2026-08-31 15:11:00,0.06856661289930344
2026-08-31 15:12:00,0.06856661289930344
2026-08-31 15:13:00,0.06856661289930344
2026-08-31 15:14:00,0.06856661289930344
2026-08-31 15:15:00,0.06395991984754801
2026-08-31 15:16:00,0.06395991984754801
2026-08-31 15:17:00,0.06395991984754801
2026-08-31 15:18:00,0.06395991984754801
2026-08-31 15:19:00,0.06395991984754801
2026-08-31 15:20:00,0.061977396719157696
2026-08-31 15:21:00,0.061977396719157696
2026-08-31 15:22:00,0.061977396719157696
2026-08-31 15:23:00,0.061977396719157696
2026-08-31 15:24:00,0.061977396719157696
2026-08-31 15:25:00,0.06132000405341387
2026-08-31 15:26:00,0.06132000405341387
2026-08-31 15:27:00,0.06132000405341387
2026-08-31 15:28:00,0.06132000405341387
2026-08-31 15:29:00,0.06132000405341387
2026-08-31 15:30:00,0.0643898593261838
2026-08-31 15:31:00,0.0643898593261838
2026-08-31 15:32:00,0.0643898593261838
2026-08-31 15:33:00,0.0643898593261838
2026-08-31 15:34:00,0.0643898593261838
2026-08-31 15:35:00,0.07154753617942333
2026-08-31 15:36:00,0.07154753617942333
2026-08-31 15:37:00,0.07154753617942333
2026-08-31 15:38:00,0.07154753617942333
2026-08-31 15:39:00,0.07154753617942333
2026-08-31 15:40:00,0.07443045638501644
2026-08-31 15:41:00,0.07443045638501644
2026-08-31 15:42:00,0.07443045638501644
2026-08-31 15:43:00,0.07443045638501644
2026-08-31 15:44:00,0.07443045638501644
2026-08-31 15:45:00,0.07554003968834877
2026-08-31 15:46:00,0.07554003968834877
2026-08-31 15:47:00,0.07554003968834877
2026-08-31 15:48:00,0.07554003968834877
2026-08-31 15:49:00,0.07554003968834877
2026-08-31 15:50:00,0.07128854840993881
2026-08-31 15:51:00,0.07128854840993881
2026-08-31 15:52:00,0.07128854840993881
2026-08-31 15:53:00,0.07128854840993881
2026-08-31 15:54:00,0.07128854840993881
2026-08-31 15:55:00,0.0643621739000082
2026-08-31 15:56:00,0.0643621739000082
2026-08-31 15:57:00,0.0643621739000082
2026-08-31 15:58:00,0.0643621739000082
2026-08-31 15:59:00,0.0643621739000082
2026-08-31 16:00:00,0.05779990553855896
2026-08-31 16:01:00,0.05779990553855896
2026-08-31 16:02:00,0.05779990553855896
2026-08-31 16:03:00,0.05779990553855896
2026-08-31 16:04:00,0.05779990553855896
2026-08-31 16:05:00,0.05371971521526575
2026-08-31 16:06:00,0.05371971521526575
2026-08-31 16:07:00,0.05371971521526575
2026-08-31 16:08:00,0.05371971521526575
2026-08-31 16:09:00,0.05371971521526575
2026-08-31 16:10:00,0.05328493658453226
2026-08-31 16:11:00,0.05328493658453226
2026-08-31 16:12:00,0.05328493658453226
2026-08-31 16:13:00,0.05328493658453226
2026-08-31 16:14:00,0.05328493658453226
2026-08-31 16:15:00,0.054257189854979515
2026-08-31 16:16:00,0.054257189854979515
2026-08-31 16:17:00,0.054257189854979515
2026-08-31 16:18:00,0.054257189854979515
2026-08-31 16:19:00,0.054257189854979515
2026-08-31 16:20:00,0.05738857667893171
2026-08-31 16:21:00,0.05738857667893171
2026-08-31 16:22:00,0.05738857667893171
2026-08-31 16:23:00,0.05738857667893171
2026-08-31 16:24:00,0.05738857667893171
2026-08-31 16:25:00,0.056876856833696365
2026-08-31 16:26:00,0.056876856833696365
2026-08-31 16:27:00,0.056876856833696365
2026-08-31 16:28:00,0.056876856833696365
2026-08-31 16:29:00,0.056876856833696365
2026-08-31 16:30:00,0.054019964300096035
2026-08-31 16:31:00,0.054019964300096035
2026-08-31 16:32:00,0.054019964300096035
2026-08-31 16:33:00,0.054019964300096035
2026-08-31 16:34:00,0.054019964300096035
2026-08-31 16:35:00,0.05503377877175808
2026-08-31 16:36:00,0.05503377877175808
2026-08-31 16:37:00,0.05503377877175808
2026-08-31 16:38:00,0.05503377877175808
2026-08-31 16:39:00,0.05503377877175808
2026-08-31 16:40:00,0.05620342958718538
2026-08-31 16:41:00,0.05620342958718538
2026-08-31 16:42:00,0.05620342958718538
2026-08-31 16:43:00,0.05620342958718538
2026-08-31 16:44:00,0.05620342958718538
2026-08-31 16:45:00,0.3286252925172448
2026-08-31 16:46:00,0.3286252925172448
2026-08-31 16:47:00,0.3286252925172448
2026-08-31 16:48:00,0.3286252925172448
2026-08-31 16:49:00,0.3286252925172448
2026-08-31 16:50:00,0.5983764249831438
2026-08-31 16:51:00,0.5983764249831438
2026-08-31 16:52:00,0.5983764249831438
2026-08-31 16:53:00,0.5983764249831438
2026-08-31 16:54:00,0.5983764249831438
2026-08-31 16:55:00,0.8607378415763378
2026-08-31 16:56:00,0.8607378415763378
2026-08-31 16:57:00,0.8607378415763378
2026-08-31 16:58:00,0.8607378415763378
2026-08-31 16:59:00,0.8607378415763378
2026-08-31 17:00:00,1.1208453476428986
2026-08-31 17:01:00,1.1208453476428986
2026-08-31 17:02:00,1.1208453476428986
2026-08-31 17:03:00,1.1208453476428986
2026-08-31 17:04:00,1.1208453476428986
2026-08-31 17:05:00,1.1218853294849396
2026-08-31 17:06:00,1.1218853294849396
2026-08-31 17:07:00,1.1218853294849396
2026-08-31 17:08:00,1.1218853294849396
2026-08-31 17:09:00,1.1218853294849396
2026-08-31 17:10:00,1.1251695454120636
2026-08-31 17:11:00,1.1251695454120636
2026-08-31 17:12:00,1.1251695454120636
2026-08-31 17:13:00,1.1251695454120636
2026-08-31 17:14:00,1.1251695454120636
2026-08-31 17:15:00,1.12049001455307
2026-08-31 17:16:00,1.12049001455307
2026-08-31 17:17:00,1.12049001455307
2026-08-31 17:18:00,1.12049001455307
2026-08-31 17:19:00,1.12049001455307
2026-08-31 17:20:00,1.1147906482219696
2026-08-31 17:21:00,1.1147906482219696
2026-08-31 17:22:00,1.1147906482219696
2026-08-31 17:23:00,1.1147906482219696
2026-08-31 17:24:00,1.1147906482219696
2026-08-31 17:25:00,1.0929209887981415
2026-08-31 17:26:00,1.0929209887981415
2026-08-31 17:27:00,1.0929209887981415
2026-08-31 17:28:00,1.0929209887981415
2026-08-31 17:29:00,1.0929209887981415
2026-08-31 17:30:00,1.063273847103119
2026-08-31 17:31:00,1.063273847103119
2026-08-31 17:32:00,1.063273847103119
2026-08-31 17:33:00,1.063273847103119
2026-08-31 17:34:00,1.063273847103119
2026-08-31 17:35:00,1.0640389323234558
2026-08-31 17:36:00,1.0640389323234558
2026-08-31 17:37:00,1.0640389323234558
2026-08-31 17:38:00,1.0640389323234558
2026-08-31 17:39:00,1.0640389323234558
2026-08-31 17:40:00,0.99937804043293
2026-08-31 17:41:00,0.99937804043293
2026-08-31 17:42:00,0.99937804043293
2026-08-31 17:43:00,0.99937804043293
2026-08-31 17:44:00,0.99937804043293
2026-08-31 17:45:00,0.8178953006863594
2026-08-31 17:46:00,0.8178953006863594
2026-08-31 17:47:00,0.8178953006863594
2026-08-31 17:48:00,0.8178953006863594
2026-08-31 17:49:00,0.8178953006863594
2026-08-31 17:50:00,0.612207256257534
2026-08-31 17:51:00,0.612207256257534
2026-08-31 17:52:00,0.612207256257534
2026-08-31 17:53:00,0.612207256257534
2026-08-31 17:54:00,0.612207256257534
2026-08-31 17:55:00,0.3924782834947109
2026-08-31 17:56:00,0.3924782834947109
2026-08-31 17:57:00,0.3924782834947109
2026-08-31 17:58:00,0.3924782834947109
2026-08-31 17:59:00,0.3924782834947109
2026-08-31 18:00:00,0.24592696130275726
2026-08-31 18:01:00,0.24592696130275726
2026-08-31 18:02:00,0.24592696130275726
2026-08-31 18:03:00,0.24592696130275726
2026-08-31 18:04:00,0.24592696130275726
2026-08-31 18:05:00,0.2179243043065071
2026-08-31 18:06:00,0.2179243043065071
2026-08-31 18:07:00,0.2179243043065071
2026-08-31 18:08:00,0.2179243043065071
2026-08-31 18:09:00,0.2179243043065071
2026-08-31 18:10:00,0.22242535278201103
2026-08-31 18:11:00,0.22242535278201103
2026-08-31 18:12:00,0.22242535278201103
2026-08-31 18:13:00,0.22242535278201103
2026-08-31 18:14:00,0.22242535278201103
2026-08-31 18:15:00,0.21953224390745163
2026-08-31 18:16:00,0.21953224390745163
2026-08-31 18:17:00,0.21953224390745163
2026-08-31 18:18:00,0.21953224390745163
2026-08-31 18:19:00,0.21953224390745163
2026-08-31 18:20:00,0.210701335221529
2026-08-31 18:21:00,0.210701335221529
2026-08-31 18:22:00,0.210701335221529
2026-08-31 18:23:00,0.210701335221529
2026-08-31 18:24:00,0.210701335221529
2026-08-31 18:25:00,0.2030334249138832
2026-08-31 18:26:00,0.2030334249138832
2026-08-31 18:27:00,0.2030334249138832
2026-08-31 18:28:00,0.2030334249138832
2026-08-31 18:29:00,0.2030334249138832
2026-08-31 18:30:00,0.19581560045480728
2026-08-31 18:31:00,0.19581560045480728
2026-08-31 18:32:00,0.19581560045480728
2026-08-31 18:33:00,0.19581560045480728
2026-08-31 18:34:00,0.19581560045480728
2026-08-31 18:35:00,0.1742603685706854
2026-08-31 18:36:00,0.1742603685706854
2026-08-31 18:37:00,0.1742603685706854
2026-08-31 18:38:00,0.1742603685706854
2026-08-31 18:39:00,0.1742603685706854
2026-08-31 18:40:00,0.143868001177907
2026-08-31 18:41:00,0.143868001177907
2026-08-31 18:42:00,0.143868001177907
2026-08-31 18:43:00,0.143868001177907
2026-08-31 18:44:00,0.143868001177907
2026-08-31 18:45:00,0.10926794726401567
2026-08-31 18:46:00,0.10926794726401567
2026-08-31 18:47:00,0.10926794726401567
2026-08-31 18:48:00,0.10926794726401567
2026-08-31 18:49:00,0.10926794726401567
2026-08-31 18:50:00,0.075023477897048
2026-08-31 18:51:00,0.075023477897048
2026-08-31 18:52:00,0.075023477897048
2026-08-31 18:53:00,0.075023477897048
2026-08-31 18:54:00,0.075023477897048
2026-08-31 18:55:00,0.05686885863542557
2026-08-31 18:56:00,0.05686885863542557
2026-08-31 18:57:00,0.05686885863542557
2026-08-31 18:58:00,0.05686885863542557
2026-08-31 18:59:00,0.05686885863542557
2026-08-31 19:00:00,0.049714403226971626
2026-08-31 19:01:00,0.049714403226971626
2026-08-31 19:02:00,0.049714403226971626
2026-08-31 19:03:00,0.049714403226971626
2026-08-31 19:04:00,0.049714403226971626
2026-08-31 19:05:00,0.050550730898976326
2026-08-31 19:06:00,0.050550730898976326
2026-08-31 19:07:00,0.050550730898976326
2026-08-31 19:08:00,0.050550730898976326
2026-08-31 19:09:00,0.050550730898976326
2026-08-31 19:10:00,0.051051508635282516
2026-08-31 19:11:00,0.051051508635282516
2026-08-31 19:12:00,0.051051508635282516
2026-08-31 19:13:00,0.051051508635282516
2026-08-31 19:14:00,0.051051508635282516
2026-08-31 19:15:00,0.05188563745468855
2026-08-31 19:16:00,0.05188563745468855
2026-08-31 19:17:00,0.05188563745468855
2026-08-31 19:18:00,0.05188563745468855
2026-08-31 19:19:00,0.05188563745468855
2026-08-31 19:20:00,0.05248244758695364
2026-08-31 19:21:00,0.05248244758695364
2026-08-31 19:22:00,0.05248244758695364
2026-08-31 19:23:00,0.05248244758695364
2026-08-31 19:24:00,0.05248244758695364
2026-08-31 19:25:00,0.055784331634640694
2026-08-31 19:26:00,0.055784331634640694
2026-08-31 19:27:00,0.055784331634640694
2026-08-31 19:28:00,0.055784331634640694
2026-08-31 19:29:00,0.055784331634640694
2026-08-31 19:30:00,0.059835643507540226
2026-08-31 19:31:00,0.059835643507540226
2026-08-31 19:32:00,0.059835643507540226
2026-08-31 19:33:00,0.059835643507540226
2026-08-31 19:34:00,0.059835643507540226
2026-08-31 19:35:00,0.08185687102377415
2026-08-31 19:36:00,0.08185687102377415
2026-08-31 19:37:00,0.08185687102377415
2026-08-31 19:38:00,0.08185687102377415
2026-08-31 19:39:00,0.08185687102377415
2026-08-31 19:40:00,0.1471630558371544
2026-08-31 19:41:00,0.1471630558371544
2026-08-31 19:42:00,0.1471630558371544
2026-08-31 19:43:00,0.1471630558371544
2026-08-31 19:44:00,0.1471630558371544
2026-08-31 19:45:00,0.26100550405681133
2026-08-31 19:46:00,0.26100550405681133
2026-08-31 19:47:00,0.26100550405681133
2026-08-31 19:48:00,0.26100550405681133
2026-08-31 19:49:00,0.26100550405681133
2026-08-31 19:50:00,0.43255244940519333
2026-08-31 19:51:00,0.43255244940519333
2026-08-31 19:52:00,0.43255244940519333
2026-08-31 19:53:00,0.43255244940519333
2026-08-31 19:54:00,0.43255244940519333
2026-08-31 19:55:00,0.5309464409947395
2026-08-31 19:56:00,0.5309464409947395
2026-08-31 19:57:00,0.5309464409947395
2026-08-31 19:58:00,0.5309464409947395
2026-08-31 19:59:00,0.5309464409947395
2026-08-31 20:00:00,0.5317461490631104
2026-08-31 20:01:00,0.5317461490631104
2026-08-31 20:02:00,0.5317461490631104
2026-08-31 20:03:00,0.5317461490631104
2026-08-31 20:04:00,0.5317461490631104
2026-08-31 20:05:00,0.43729252740740776
2026-08-31 20:06:00,0.43729252740740776
2026-08-31 20:07:00,0.43729252740740776
2026-08-31 20:08:00,0.43729252740740776
2026-08-31 20:09:00,0.43729252740740776
2026-08-31 20:10:00,0.2689235657453537
2026-08-31 20:11:00,0.2689235657453537
2026-08-31 20:12:00,0.2689235657453537
2026-08-31 20:13:00,0.2689235657453537
2026-08-31 20:14:00,0.2689235657453537
2026-08-31 20:15:00,0.15391062758862972
2026-08-31 20:16:00,0.15391062758862972
2026-08-31 20:17:00,0.15391062758862972
2026-08-31 20:18:00,0.15391062758862972
2026-08-31 20:19:00,0.15391062758862972
2026-08-31 20:20:00,0.090801652520895
2026-08-31 20:21:00,0.090801652520895
2026-08-31 20:22:00,0.090801652520895
2026-08-31 20:23:00,0.090801652520895
2026-08-31 20:24:00,0.090801652520895
2026-08-31 20:25:00,0.06888256780803204
2026-08-31 20:26:00,0.06888256780803204
2026-08-31 20:27:00,0.06888256780803204
2026-08-31 20:28:00,0.06888256780803204
2026-08-31 20:29:00,0.06888256780803204
2026-08-31 20:30:00,0.06385604199022055
2026-08-31 20:31:00,0.06385604199022055
2026-08-31 20:32:00,0.06385604199022055
2026-08-31 20:33:00,0.06385604199022055
2026-08-31 20:34:00,0.06385604199022055
2026-08-31 20:35:00,0.06490765232592821
2026-08-31 20:36:00,0.06490765232592821
2026-08-31 20:37:00,0.06490765232592821
2026-08-31 20:38:00,0.06490765232592821
2026-08-31 20:39:00,0.06490765232592821
2026-08-31 20:40:00,0.06827705074101686
2026-08-31 20:41:00,0.06827705074101686
2026-08-31 20:42:00,0.06827705074101686
2026-08-31 20:43:00,0.06827705074101686
2026-08-31 20:44:00,0.06827705074101686
2026-08-31 20:45:00,0.07564716879278421
2026-08-31 20:46:00,0.07564716879278421
2026-08-31 20:47:00,0.07564716879278421
2026-08-31 20:48:00,0.07564716879278421
2026-08-31 20:49:00,0.07564716879278421
2026-08-31 20:50:00,0.08061075583100319
2026-08-31 20:51:00,0.08061075583100319
2026-08-31 20:52:00,0.08061075583100319
2026-08-31 20:53:00,0.08061075583100319
2026-08-31 20:54:00,0.08061075583100319
2026-08-31 20:55:00,0.07463863771408796
2026-08-31 20:56:00,0.07463863771408796
2026-08-31 20:57:00,0.07463863771408796
2026-08-31 20:58:00,0.07463863771408796
2026-08-31 20:59:00,0.07463863771408796
2026-08-31 21:00:00,0.06690582446753979
2026-08-31 21:01:00,0.06690582446753979
2026-08-31 21:02:00,0.06690582446753979
2026-08-31 21:03:00,0.06690582446753979
2026-08-31 21:04:00,0.06690582446753979
2026-08-31 21:05:00,0.05578660871833563
2026-08-31 21:06:00,0.05578660871833563
2026-08-31 21:07:00,0.05578660871833563
2026-08-31 21:08:00,0.05578660871833563
2026-08-31 21:09:00,0.05578660871833563
2026-08-31 21:10:00,0.04571965988725424
2026-08-31 21:11:00,0.04571965988725424
2026-08-31 21:12:00,0.04571965988725424
2026-08-31 21:13:00,0.04571965988725424
2026-08-31 21:14:00,0.04571965988725424
2026-08-31 21:15:00,0.04306206572800875
2026-08-31 21:16:00,0.04306206572800875
2026-08-31 21:17:00,0.04306206572800875
2026-08-31 21:18:00,0.04306206572800875
2026-08-31 21:19:00,0.04306206572800875
2026-08-31 21:20:00,0.04557159077376127
2026-08-31 21:21:00,0.04557159077376127
2026-08-31 21:22:00,0.04557159077376127
2026-08-31 21:23:00,0.04557159077376127
2026-08-31 21:24:00,0.04557159077376127
2026-08-31 21:25:00,0.05199349671602249
2026-08-31 21:26:00,0.05199349671602249
2026-08-31 21:27:00,0.05199349671602249
2026-08-31 21:28:00,0.05199349671602249
2026-08-31 21:29:00,0.05199349671602249
2026-08-31 21:30:00,0.05885996297001839
2026-08-31 21:31:00,0.05885996297001839
2026-08-31 21:32:00,0.05885996297001839
2026-08-31 21:33:00,0.05885996297001839
2026-08-31 21:34:00,0.05885996297001839
2026-08-31 21:35:00,0.06607102137058973
2026-08-31 21:36:00,0.06607102137058973
2026-08-31 21:37:00,0.06607102137058973
2026-08-31 21:38:00,0.06607102137058973
2026-08-31 21:39:00,0.06607102137058973
2026-08-31 21:40:00,0.06710828002542257
2026-08-31 21:41:00,0.06710828002542257
2026-08-31 21:42:00,0.06710828002542257
2026-08-31 21:43:00,0.06710828002542257
2026-08-31 21:44:00,0.06710828002542257
2026-08-31 21:45:00,0.06518740393221378
2026-08-31 21:46:00,0.06518740393221378
2026-08-31 21:47:00,0.06518740393221378
2026-08-31 21:48:00,0.06518740393221378
2026-08-31 21:49:00,0.06518740393221378
2026-08-31 21:50:00,0.06153696682304144
2026-08-31 21:51:00,0.06153696682304144
2026-08-31 21:52:00,0.06153696682304144
2026-08-31 21:53:00,0.06153696682304144
2026-08-31 21:54:00,0.06153696682304144
2026-08-31 21:55:00,0.05872407928109169
2026-08-31 21:56:00,0.05872407928109169
2026-08-31 21:57:00,0.05872407928109169
2026-08-31 21:58:00,0.05872407928109169
2026-08-31 21:59:00,0.05872407928109169
2026-08-31 22:00:00,0.19412696454674006
2026-08-31 22:01:00,0.19412696454674006
2026-08-31 22:02:00,0.19412696454674006
2026-08-31 22:03:00,0.19412696454674006
2026-08-31 22:04:00,0.19412696454674006
2026-08-31 22:05:00,0.3293552529066801
2026-08-31 22:06:00,0.3293552529066801
2026-08-31 22:07:00,0.3293552529066801
2026-08-31 22:08:00,0.3293552529066801
2026-08-31 22:09:00,0.3293552529066801
2026-08-31 22:10:00,0.4657068522647023
2026-08-31 22:11:00,0.4657068522647023
2026-08-31 22:12:00,0.4657068522647023
2026-08-31 22:13:00,0.4657068522647023
2026-08-31 22:14:00,0.4657068522647023
2026-08-31 22:15:00,0.5993232429027557
2026-08-31 22:16:00,0.5993232429027557
2026-08-31 22:17:00,0.5993232429027557
2026-08-31 22:18:00,0.5993232429027557
2026-08-31 22:19:00,0.5993232429027557
2026-08-31 22:20:00,0.46787568368017673
2026-08-31 22:21:00,0.46787568368017673
2026-08-31 22:22:00,0.46787568368017673
2026-08-31 22:23:00,0.46787568368017673
2026-08-31 22:24:00,0.46787568368017673
2026-08-31 22:25:00,0.336849644780159
2026-08-31 22:26:00,0.336849644780159
2026-08-31 22:27:00,0.336849644780159
2026-08-31 22:28:00,0.336849644780159
2026-08-31 22:29:00,0.336849644780159
2026-08-31 22:30:00,0.2058175466954708
2026-08-31 22:31:00,0.2058175466954708
2026-08-31 22:32:00,0.2058175466954708
2026-08-31 22:33:00,0.2058175466954708
2026-08-31 22:34:00,0.2058175466954708
2026-08-31 22:35:00,0.07413050159811974
2026-08-31 22:36:00,0.07413050159811974
2026-08-31 22:37:00,0.07413050159811974
2026-08-31 22:38:00,0.07413050159811974
2026-08-31 22:39:00,0.07413050159811974
2026-08-31 22:40:00,0.07135523483157158
2026-08-31 22:41:00,0.07135523483157158
2026-08-31 22:42:00,0.07135523483157158
2026-08-31 22:43:00,0.07135523483157158
2026-08-31 22:44:00,0.07135523483157158
2026-08-31 22:45:00,0.07040291093289852
2026-08-31 22:46:00,0.07040291093289852
2026-08-31 22:47:00,0.07040291093289852
2026-08-31 22:48:00,0.07040291093289852
2026-08-31 22:49:00,0.07040291093289852
2026-08-31 22:50:00,0.06840964965522289
2026-08-31 22:51:00,0.06840964965522289
2026-08-31 22:52:00,0.06840964965522289
2026-08-31 22:53:00,0.06840964965522289
2026-08-31 22:54:00,0.06840964965522289
2026-08-31 22:55:00,0.06617764104157686
2026-08-31 22:56:00,0.06617764104157686
2026-08-31 22:57:00,0.06617764104157686
2026-08-31 22:58:00,0.06617764104157686
2026-08-31 22:59:00,0.06617764104157686
2026-08-31 23:00:00,0.07999595161527395
2026-08-31 23:01:00,0.07999595161527395
2026-08-31 23:02:00,0.07999595161527395
2026-08-31 23:03:00,0.07999595161527395
2026-08-31 23:04:00,0.07999595161527395
2026-08-31 23:05:00,0.09398776199668646
2026-08-31 23:06:00,0.09398776199668646
2026-08-31 23:07:00,0.09398776199668646
2026-08-31 23:08:00,0.09398776199668646
2026-08-31 23:09:00,0.09398776199668646
2026-08-31 23:10:00,0.1094026742503047
2026-08-31 23:11:00,0.1094026742503047
2026-08-31 23:12:00,0.1094026742503047
2026-08-31 23:13:00,0.1094026742503047
2026-08-31 23:14:00,0.1094026742503047
2026-08-31 23:15:00,0.12500721029937267
2026-08-31 23:16:00,0.12500721029937267
2026-08-31 23:17:00,0.12500721029937267
2026-08-31 23:18:00,0.12500721029937267
2026-08-31 23:19:00,0.12500721029937267
2026-08-31 23:20:00,0.1075474601238966
2026-08-31 23:21:00,0.1075474601238966
2026-08-31 23:22:00,0.1075474601238966
2026-08-31 23:23:00,0.1075474601238966
2026-08-31 23:24:00,0.1075474601238966
2026-08-31 23:25:00,0.08930500317364931
2026-08-31 23:26:00,0.08930500317364931
2026-08-31 23:27:00,0.08930500317364931
2026-08-31 23:28:00,0.08930500317364931
2026-08-31 23:29:00,0.08930500317364931
2026-08-31 23:30:00,0.07071479968726635
2026-08-31 23:31:00,0.07071479968726635
2026-08-31 23:32:00,0.07071479968726635
2026-08-31 23:33:00,0.07071479968726635
2026-08-31 23:34:00,0.07071479968726635
2026-08-31 23:35:00,0.053096795454621315
2026-08-31 23:36:00,0.053096795454621315
2026-08-31 23:37:00,0.053096795454621315
2026-08-31 23:38:00,0.053096795454621315
2026-08-31 23:39:00,0.053096795454621315
2026-08-31 23:40:00,0.05383836571127176
2026-08-31 23:41:00,0.05383836571127176
2026-08-31 23:42:00,0.05383836571127176
2026-08-31 23:43:00,0.05383836571127176
2026-08-31 23:44:00,0.05383836571127176
2026-08-31 23:45:00,0.2763122860342264
2026-08-31 23:46:00,0.2763122860342264
2026-08-31 23:47:00,0.2763122860342264
2026-08-31 23:48:00,0.2763122860342264
2026-08-31 23:49:00,0.2763122860342264
2026-08-31 23:50:00,0.49903491977602243
2026-08-31 23:51:00,0.49903491977602243
2026-08-31 23:52:00,0.49903491977602243
2026-08-31 23:53:00,0.49903491977602243
2026-08-31 23:54:00,0.49903491977602243
2026-08-31 23:55:00,0.7222774578258395
2026-08-31 23:56:00,0.7222774578258395
2026-08-31 23:57:00,0.7222774578258395
2026-08-31 23:58:00,0.7222774578258395
2026-08-31 23:59:00,0.7222774578258395
2026-09-01 00:00:00,0.9449533969163895
2026-09-01 00:01:00,0.9449533969163895
2026-09-01 00:02:00,0.9449533969163895
2026-09-01 00:03:00,0.9449533969163895
2026-09-01 00:04:00,0.9449533969163895
2026-09-01 00:05:00,0.7522629611194134
2026-09-01 00:06:00,0.7522629611194134
2026-09-01 00:07:00,0.7522629611194134
2026-09-01 00:08:00,0.7522629611194134
2026-09-01 00:09:00,0.7522629611194134
2026-09-01 00:10:00,0.559241384267807
2026-09-01 00:11:00,0.559241384267807
2026-09-01 00:12:00,0.559241384267807
2026-09-01 00:13:00,0.559241384267807
2026-09-01 00:14:00,0.559241384267807
2026-09-01 00:15:00,0.36630167439579964
2026-09-01 00:16:00,0.36630167439579964
2026-09-01 00:17:00,0.36630167439579964
2026-09-01 00:18:00,0.36630167439579964
2026-09-01 00:19:00,0.36630167439579964
2026-09-01 00:20:00,0.17283038049936295
2026-09-01 00:21:00,0.17283038049936295
2026-09-01 00:22:00,0.17283038049936295
2026-09-01 00:23:00,0.17283038049936295
2026-09-01 00:24:00,0.17283038049936295
2026-09-01 00:25:00,0.17229238152503967
2026-09-01 00:26:00,0.17229238152503967
2026-09-01 00:27:00,0.17229238152503967
2026-09-01 00:28:00,0.17229238152503967
2026-09-01 00:29:00,0.17229238152503967
2026-09-01 00:30:00,0.17194421961903572
2026-09-01 00:31:00,0.17194421961903572
2026-09-01 00:32:00,0.17194421961903572
2026-09-01 00:33:00,0.17194421961903572
2026-09-01 00:34:00,0.17194421961903572
2026-09-01 00:35:00,0.1715189851820469
2026-09-01 00:36:00,0.1715189851820469
2026-09-01 00:37:00,0.1715189851820469
2026-09-01 00:38:00,0.1715189851820469
2026-09-01 00:39:00,0.1715189851820469
2026-09-01 00:40:00,0.17119652405381203
2026-09-01 00:41:00,0.17119652405381203
2026-09-01 00:42:00,0.17119652405381203
2026-09-01 00:43:00,0.17119652405381203
2026-09-01 00:44:00,0.17119652405381203
2026-09-01 00:45:00,0.17207270860671997
2026-09-01 00:46:00,0.17207270860671997
2026-09-01 00:47:00,0.17207270860671997
2026-09-01 00:48:00,0.17207270860671997
2026-09-01 00:49:00,0.17207270860671997
2026-09-01 00:50:00,0.1724030300974846
2026-09-01 00:51:00,0.1724030300974846
2026-09-01 00:52:00,0.1724030300974846
2026-09-01 00:53:00,0.1724030300974846
2026-09-01 00:54:00,0.1724030300974846
2026-09-01 00:55:00,0.17144709452986717
2026-09-01 00:56:00,0.17144709452986717
2026-09-01 00:57:00,0.17144709452986717
2026-09-01 00:58:00,0.17144709452986717
2026-09-01 00:59:00,0.17144709452986717
2026-09-01 01:00:00,0.23606963455677032
2026-09-01 01:01:00,0.23606963455677032
2026-09-01 01:02:00,0.23606963455677032
2026-09-01 01:03:00,0.23606963455677032
2026-09-01 01:04:00,0.23606963455677032
2026-09-01 01:05:00,0.2976069673895836
2026-09-01 01:06:00,0.2976069673895836
2026-09-01 01:07:00,0.2976069673895836
2026-09-01 01:08:00,0.2976069673895836
2026-09-01 01:09:00,0.2976069673895836
2026-09-01 01:10:00,0.36098380386829376
2026-09-01 01:11:00,0.36098380386829376
2026-09-01 01:12:00,0.36098380386829376
2026-09-01 01:13:00,0.36098380386829376
2026-09-01 01:14:00,0.36098380386829376
2026-09-01 01:15:00,0.42623160034418106
2026-09-01 01:16:00,0.42623160034418106
2026-09-01 01:17:00,0.42623160034418106
2026-09-01 01:18:00,0.42623160034418106
2026-09-01 01:19:00,0.42623160034418106
2026-09-01 01:20:00,0.3394215013831854
2026-09-01 01:21:00,0.3394215013831854
2026-09-01 01:22:00,0.3394215013831854
2026-09-01 01:23:00,0.3394215013831854
2026-09-01 01:24:00,0.3394215013831854
2026-09-01 01:25:00,0.2525773476809263
2026-09-01 01:26:00,0.2525773476809263
2026-09-01 01:27:00,0.2525773476809263
2026-09-01 01:28:00,0.2525773476809263
2026-09-01 01:29:00,0.2525773476809263
2026-09-01 01:30:00,0.1623341292142868
2026-09-01 01:31:00,0.1623341292142868
2026-09-01 01:32:00,0.1623341292142868
2026-09-01 01:33:00,0.1623341292142868
2026-09-01 01:34:00,0.1623341292142868
2026-09-01 01:35:00,0.06909701507538557
2026-09-01 01:36:00,0.06909701507538557
2026-09-01 01:37:00,0.06909701507538557
2026-09-01 01:38:00,0.06909701507538557
2026-09-01 01:39:00,0.06909701507538557
2026-09-01 01:40:00,0.06403082050383091
2026-09-01 01:41:00,0.06403082050383091
2026-09-01 01:42:00,0.06403082050383091
2026-09-01 01:43:00,0.06403082050383091
2026-09-01 01:44:00,0.06403082050383091
2026-09-01 01:45:00,0.0630011297762394
2026-09-01 01:46:00,0.0630011297762394
2026-09-01 01:47:00,0.0630011297762394
2026-09-01 01:48:00,0.0630011297762394
2026-09-01 01:49:00,0.0630011297762394
2026-09-01 01:50:00,0.1357737649232149
2026-09-01 01:51:00,0.1357737649232149
2026-09-01 01:52:00,0.1357737649232149
2026-09-01 01:53:00,0.1357737649232149
2026-09-01 01:54:00,0.1357737649232149
2026-09-01 01:55:00,0.20966606494039297
2026-09-01 01:56:00,0.20966606494039297
2026-09-01 01:57:00,0.20966606494039297
2026-09-01 01:58:00,0.20966606494039297
2026-09-01 01:59:00,0.20966606494039297
2026-09-01 02:00:00,0.28258554078638554
2026-09-01 02:01:00,0.28258554078638554
2026-09-01 02:02:00,0.28258554078638554
2026-09-01 02:03:00,0.28258554078638554
2026-09-01 02:04:00,0.28258554078638554
2026-09-01 02:05:00,0.3535400554537773
2026-09-01 02:06:00,0.3535400554537773
2026-09-01 02:07:00,0.3535400554537773
2026-09-01 02:08:00,0.3535400554537773
2026-09-01 02:09:00,0.3535400554537773
2026-09-01 02:10:00,0.2825068272650242
2026-09-01 02:11:00,0.2825068272650242
2026-09-01 02:12:00,0.2825068272650242
2026-09-01 02:13:00,0.2825068272650242
2026-09-01 02:14:00,0.2825068272650242
2026-09-01 02:15:00,0.2119271606206894
2026-09-01 02:16:00,0.2119271606206894
2026-09-01 02:17:00,0.2119271606206894
2026-09-01 02:18:00,0.2119271606206894
2026-09-01 02:19:00,0.2119271606206894
2026-09-01 02:20:00,0.1403493732213974
2026-09-01 02:21:00,0.1403493732213974
2026-09-01 02:22:00,0.1403493732213974
2026-09-01 02:23:00,0.1403493732213974
2026-09-01 02:24:00,0.1403493732213974
2026-09-01 02:25:00,0.06809447333216667
2026-09-01 02:26:00,0.06809447333216667
2026-09-01 02:27:00,0.06809447333216667
2026-09-01 02:28:00,0.06809447333216667
2026-09-01 02:29:00,0.06809447333216667
2026-09-01 02:30:00,0.06523089297115803
2026-09-01 02:31:00,0.06523089297115803
2026-09-01 02:32:00,0.06523089297115803
2026-09-01 02:33:00,0.06523089297115803
2026-09-01 02:34:00,0.06523089297115803
2026-09-01 02:35:00,0.06366620026528835
2026-09-01 02:36:00,0.06366620026528835
2026-09-01 02:37:00,0.06366620026528835
2026-09-01 02:38:00,0.06366620026528835
2026-09-01 02:39:00,0.06366620026528835
2026-09-01 02:40:00,0.062206149101257324
2026-09-01 02:41:00,0.062206149101257324
2026-09-01 02:42:00,0.062206149101257324
2026-09-01 02:43:00,0.062206149101257324
2026-09-01 02:44:00,0.062206149101257324
2026-09-01 02:45:00,0.06204885244369507
2026-09-01 02:46:00,0.06204885244369507
2026-09-01 02:47:00,0.06204885244369507
2026-09-01 02:48:00,0.06204885244369507
2026-09-01 02:49:00,0.06204885244369507
2026-09-01 02:50:00,0.061182595789432526
2026-09-01 02:51:00,0.061182595789432526
2026-09-01 02:52:00,0.061182595789432526
2026-09-01 02:53:00,0.061182595789432526
2026-09-01 02:54:00,0.061182595789432526
2026-09-01 02:55:00,0.06068428140133619
2026-09-01 02:56:00,0.06068428140133619
2026-09-01 02:57:00,0.06068428140133619
2026-09-01 02:58:00,0.06068428140133619
2026-09-01 02:59:00,0.06068428140133619
2026-09-01 03:00:00,0.059981112368404865
2026-09-01 03:01:00,0.059981112368404865
2026-09-01 03:02:00,0.059981112368404865
2026-09-01 03:03:00,0.059981112368404865
2026-09-01 03:04:00,0.059981112368404865
2026-09-01 03:05:00,0.05868637468665838
2026-09-01 03:06:00,0.05868637468665838
2026-09-01 03:07:00,0.05868637468665838
2026-09-01 03:08:00,0.05868637468665838
2026-09-01 03:09:00,0.05868637468665838
2026-09-01 03:10:00,0.05660118721425533
2026-09-01 03:11:00,0.05660118721425533
2026-09-01 03:12:00,0.05660118721425533
2026-09-01 03:13:00,0.05660118721425533
2026-09-01 03:14:00,0.05660118721425533
2026-09-01 03:15:00,0.08642846625298262
2026-09-01 03:16:00,0.08642846625298262
2026-09-01 03:17:00,0.08642846625298262
2026-09-01 03:18:00,0.08642846625298262
2026-09-01 03:19:00,0.08642846625298262
2026-09-01 03:20:00,0.11549581121653318
2026-09-01 03:21:00,0.11549581121653318
2026-09-01 03:22:00,0.11549581121653318
2026-09-01 03:23:00,0.11549581121653318
2026-09-01 03:24:00,0.11549581121653318
2026-09-01 03:25:00,0.1450161086395383
2026-09-01 03:26:00,0.1450161086395383
2026-09-01 03:27:00,0.1450161086395383
2026-09-01 03:28:00,0.1450161086395383
2026-09-01 03:29:00,0.1450161086395383
2026-09-01 03:30:00,0.17851795628666878
2026-09-01 03:31:00,0.17851795628666878
2026-09-01 03:32:00,0.17851795628666878
2026-09-01 03:33:00,0.17851795628666878
2026-09-01 03:34:00,0.17851795628666878
2026-09-01 03:35:00,0.15158690698444843
2026-09-01 03:36:00,0.15158690698444843
2026-09-01 03:37:00,0.15158690698444843
2026-09-01 03:38:00,0.15158690698444843
2026-09-01 03:39:00,0.15158690698444843
2026-09-01 03:40:00,0.12644272297620773
2026-09-01 03:41:00,0.12644272297620773
2026-09-01 03:42:00,0.12644272297620773
2026-09-01 03:43:00,0.12644272297620773
2026-09-01 03:44:00,0.12644272297620773
2026-09-01 03:45:00,0.09902950562536716
2026-09-01 03:46:00,0.09902950562536716
2026-09-01 03:47:00,0.09902950562536716
2026-09-01 03:48:00,0.09902950562536716
2026-09-01 03:49:00,0.09902950562536716
2026-09-01 03:50:00,0.06888830289244652
2026-09-01 03:51:00,0.06888830289244652
2026-09-01 03:52:00,0.06888830289244652
2026-09-01 03:53:00,0.06888830289244652
2026-09-01 03:54:00,0.06888830289244652
2026-09-01 03:55:00,0.06650019250810146
2026-09-01 03:56:00,0.06650019250810146
2026-09-01 03:57:00,0.06650019250810146
2026-09-01 03:58:00,0.06650019250810146
2026-09-01 03:59:00,0.06650019250810146
2026-09-01 04:00:00,0.06382902711629868
2026-09-01 04:01:00,0.06382902711629868
2026-09-01 04:02:00,0.06382902711629868
2026-09-01 04:03:00,0.06382902711629868
2026-09-01 04:04:00,0.06382902711629868
2026-09-01 04:05:00,0.06256701424717903
2026-09-01 04:06:00,0.06256701424717903
2026-09-01 04:07:00,0.06256701424717903
2026-09-01 04:08:00,0.06256701424717903
2026-09-01 04:09:00,0.06256701424717903
2026-09-01 04:10:00,0.06139682047069073
2026-09-01 04:11:00,0.06139682047069073
2026-09-01 04:12:00,0.06139682047069073
2026-09-01 04:13:00,0.06139682047069073
2026-09-01 04:14:00,0.06139682047069073
2026-09-01 04:15:00,0.06070102844387293
2026-09-01 04:16:00,0.06070102844387293
2026-09-01 04:17:00,0.06070102844387293
2026-09-01 04:18:00,0.06070102844387293
2026-09-01 04:19:00,0.06070102844387293
2026-09-01 04:20:00,0.05988513398915529
2026-09-01 04:21:00,0.05988513398915529
2026-09-01 04:22:00,0.05988513398915529
2026-09-01 04:23:00,0.05988513398915529
2026-09-01 04:24:00,0.05988513398915529
2026-09-01 04:25:00,0.05867864564061165
2026-09-01 04:26:00,0.05867864564061165
2026-09-01 04:27:00,0.05867864564061165
2026-09-01 04:28:00,0.05867864564061165
2026-09-01 04:29:00,0.05867864564061165
2026-09-01 04:30:00,0.05784650333225727
2026-09-01 04:31:00,0.05784650333225727
2026-09-01 04:32:00,0.05784650333225727
2026-09-01 04:33:00,0.05784650333225727
2026-09-01 04:34:00,0.05784650333225727
2026-09-01 04:35:00,0.05776842311024666
2026-09-01 04:36:00,0.05776842311024666
2026-09-01 04:37:00,0.05776842311024666
2026-09-01 04:38:00,0.05776842311024666
2026-09-01 04:39:00,0.05776842311024666
2026-09-01 04:40:00,0.05578816682100296
2026-09-01 04:41:00,0.05578816682100296
2026-09-01 04:42:00,0.05578816682100296
2026-09-01 04:43:00,0.05578816682100296
2026-09-01 04:44:00,0.05578816682100296
2026-09-01 04:45:00,0.05894067045301199
2026-09-01 04:46:00,0.05894067045301199
2026-09-01 04:47:00,0.05894067045301199
2026-09-01 04:48:00,0.05894067045301199
2026-09-01 04:49:00,0.05894067045301199
2026-09-01 04:50:00,0.06600066553801298
2026-09-01 04:51:00,0.06600066553801298
2026-09-01 04:52:00,0.06600066553801298
2026-09-01 04:53:00,0.06600066553801298
2026-09-01 04:54:00,0.06600066553801298
2026-09-01 04:55:00,0.06387458927929401
2026-09-01 04:56:00,0.06387458927929401
2026-09-01 04:57:00,0.06387458927929401
2026-09-01 04:58:00,0.06387458927929401
2026-09-01 04:59:00,0.06387458927929401
2026-09-01 05:00:00,0.06438890658318996
2026-09-01 05:01:00,0.06438890658318996
2026-09-01 05:02:00,0.06438890658318996
2026-09-01 05:03:00,0.06438890658318996
2026-09-01 05:04:00,0.06438890658318996
2026-09-01 05:05:00,0.05762375798076391
2026-09-01 05:06:00,0.05762375798076391
2026-09-01 05:07:00,0.05762375798076391
2026-09-01 05:08:00,0.05762375798076391
2026-09-01 05:09:00,0.05762375798076391
2026-09-01 05:10:00,0.047121685929596424
2026-09-01 05:11:00,0.047121685929596424
2026-09-01 05:12:00,0.047121685929596424
2026-09-01 05:13:00,0.047121685929596424
2026-09-01 05:14:00,0.047121685929596424
2026-09-01 05:15:00,0.045527467504143715
2026-09-01 05:16:00,0.045527467504143715
2026-09-01 05:17:00,0.045527467504143715
2026-09-01 05:18:00,0.045527467504143715
2026-09-01 05:19:00,0.045527467504143715
2026-09-01 05:20:00,0.0445097740739584
2026-09-01 05:21:00,0.0445097740739584
2026-09-01 05:22:00,0.0445097740739584
2026-09-01 05:23:00,0.0445097740739584
2026-09-01 05:24:00,0.0445097740739584
2026-09-01 05:25:00,0.048048592172563076
2026-09-01 05:26:00,0.048048592172563076
2026-09-01 05:27:00,0.048048592172563076
2026-09-01 05:28:00,0.048048592172563076
2026-09-01 05:29:00,0.048048592172563076
2026-09-01 05:30:00,0.052770848385989666
2026-09-01 05:31:00,0.052770848385989666
2026-09-01 05:32:00,0.052770848385989666
2026-09-01 05:33:00,0.052770848385989666
2026-09-01 05:34:00,0.052770848385989666
2026-09-01 05:35:00,0.05788584053516388
2026-09-01 05:36:00,0.05788584053516388
2026-09-01 05:37:00,0.05788584053516388
2026-09-01 05:38:00,0.05788584053516388
2026-09-01 05:39:00,0.05788584053516388
2026-09-01 05:40:00,0.06487106718122959
2026-09-01 05:41:00,0.06487106718122959
2026-09-01 05:42:00,0.06487106718122959
2026-09-01 05:43:00,0.06487106718122959
2026-09-01 05:44:00,0.06487106718122959
2026-09-01 05:45:00,0.08607090264558792
2026-09-01 05:46:00,0.08607090264558792
2026-09-01 05:47:00,0.08607090264558792
2026-09-01 05:48:00,0.08607090264558792
2026-09-01 05:49:00,0.08607090264558792
2026-09-01 05:50:00,0.34582795202732086
2026-09-01 05:51:00,0.34582795202732086
2026-09-01 05:52:00,0.34582795202732086
2026-09-01 05:53:00,0.34582795202732086
2026-09-01 05:54:00,0.34582795202732086
2026-09-01 05:55:00,0.6155160311609507
2026-09-01 05:56:00,0.6155160311609507
2026-09-01 05:57:00,0.6155160311609507
2026-09-01 05:58:00,0.6155160311609507
2026-09-01 05:59:00,0.6155160311609507
2026-09-01 06:00:00,0.8828370831906796
2026-09-01 06:01:00,0.8828370831906796
2026-09-01 06:02:00,0.8828370831906796
2026-09-01 06:03:00,0.8828370831906796
2026-09-01 06:04:00,0.8828370831906796
2026-09-01 06:05:00,1.133695125579834
2026-09-01 06:06:00,1.133695125579834
2026-09-01 06:07:00,1.133695125579834
2026-09-01 06:08:00,1.133695125579834
2026-09-01 06:09:00,1.133695125579834
2026-09-01 06:10:00,1.1652187407016754
2026-09-01 06:11:00,1.1652187407016754
2026-09-01 06:12:00,1.1652187407016754
2026-09-01 06:13:00,1.1652187407016754
2026-09-01 06:14:00,1.1652187407016754
2026-09-01 06:15:00,0.9516957998275757
2026-09-01 06:16:00,0.9516957998275757
2026-09-01 06:17:00,0.9516957998275757
2026-09-01 06:18:00,0.9516957998275757
2026-09-01 06:19:00,0.9516957998275757
2026-09-01 06:20:00,0.7300914004445076
2026-09-01 06:21:00,0.7300914004445076
2026-09-01 06:22:00,0.7300914004445076
2026-09-01 06:23:00,0.7300914004445076
2026-09-01 06:24:00,0.7300914004445076
2026-09-01 06:25:00,0.7093905881047249
2026-09-01 06:26:00,0.7093905881047249
2026-09-01 06:27:00,0.7093905881047249
2026-09-01 06:28:00,0.7093905881047249
2026-09-01 06:29:00,0.7093905881047249
2026-09-01 06:30:00,0.6706601157784462
2026-09-01 06:31:00,0.6706601157784462
2026-09-01 06:32:00,0.6706601157784462
2026-09-01 06:33:00,0.6706601157784462
2026-09-01 06:34:00,0.6706601157784462
2026-09-01 06:35:00,0.8655831888318062
2026-09-01 06:36:00,0.8655831888318062
2026-09-01 06:37:00,0.8655831888318062
2026-09-01 06:38:00,0.8655831888318062
2026-09-01 06:39:00,0.8655831888318062
2026-09-01 06:40:00,1.0679810643196106
2026-09-01 06:41:00,1.0679810643196106
2026-09-01 06:42:00,1.0679810643196106
2026-09-01 06:43:00,1.0679810643196106
2026-09-01 06:44:00,1.0679810643196106
2026-09-01 06:45:00,0.8523478768765926
2026-09-01 06:46:00,0.8523478768765926
2026-09-01 06:47:00,0.8523478768765926
2026-09-01 06:48:00,0.8523478768765926
2026-09-01 06:49:00,0.8523478768765926
2026-09-01 06:50:00,0.6828767396509647
2026-09-01 06:51:00,0.6828767396509647
2026-09-01 06:52:00,0.6828767396509647
2026-09-01 06:53:00,0.6828767396509647
2026-09-01 06:54:00,0.6828767396509647
2026-09-01 06:55:00,0.5123470611870289
2026-09-01 06:56:00,0.5123470611870289
2026-09-01 06:57:00,0.5123470611870289
2026-09-01 06:58:00,0.5123470611870289
2026-09-01 06:59:00,0.5123470611870289
2026-09-01 07:00:00,0.3418729789555073
2026-09-01 07:01:00,0.3418729789555073
2026-09-01 07:02:00,0.3418729789555073
2026-09-01 07:03:00,0.3418729789555073
2026-09-01 07:04:00,0.3418729789555073
2026-09-01 07:05:00,0.38913673162460327
2026-09-01 07:06:00,0.38913673162460327
2026-09-01 07:07:00,0.38913673162460327
2026-09-01 07:08:00,0.38913673162460327
2026-09-01 07:09:00,0.38913673162460327
2026-09-01 07:10:00,0.33383386209607124
2026-09-01 07:11:00,0.33383386209607124
2026-09-01 07:12:00,0.33383386209607124
2026-09-01 07:13:00,0.33383386209607124
2026-09-01 07:14:00,0.33383386209607124
2026-09-01 07:15:00,0.2697065584361553
2026-09-01 07:16:00,0.2697065584361553
2026-09-01 07:17:00,0.2697065584361553
2026-09-01 07:18:00,0.2697065584361553
2026-09-01 07:19:00,0.2697065584361553
2026-09-01 07:20:00,0.20425879955291748
2026-09-01 07:21:00,0.20425879955291748
2026-09-01 07:22:00,0.20425879955291748
2026-09-01 07:23:00,0.20425879955291748
2026-09-01 07:24:00,0.20425879955291748
2026-09-01 07:25:00,0.14034674689173698
2026-09-01 07:26:00,0.14034674689173698
2026-09-01 07:27:00,0.14034674689173698
2026-09-01 07:28:00,0.14034674689173698
2026-09-01 07:29:00,0.14034674689173698
2026-09-01 07:30:00,0.15354092419147491
2026-09-01 07:31:00,0.15354092419147491
2026-09-01 07:32:00,0.15354092419147491
2026-09-01 07:33:00,0.15354092419147491
2026-09-01 07:34:00,0.15354092419147491
2026-09-01 07:35:00,0.17757585644721985
2026-09-01 07:36:00,0.17757585644721985
2026-09-01 07:37:00,0.17757585644721985
2026-09-01 07:38:00,0.17757585644721985
2026-09-01 07:39:00,0.17757585644721985
2026-09-01 07:40:00,0.20237889140844345
2026-09-01 07:41:00,0.20237889140844345
2026-09-01 07:42:00,0.20237889140844345
2026-09-01 07:43:00,0.20237889140844345
2026-09-01 07:44:00,0.20237889140844345
2026-09-01 07:45:00,0.21576298028230667
2026-09-01 07:46:00,0.21576298028230667
2026-09-01 07:47:00,0.21576298028230667
2026-09-01 07:48:00,0.21576298028230667
2026-09-01 07:49:00,0.21576298028230667
2026-09-01 07:50:00,0.17329253815114498
2026-09-01 07:51:00,0.17329253815114498
2026-09-01 07:52:00,0.17329253815114498
2026-09-01 07:53:00,0.17329253815114498
2026-09-01 07:54:00,0.17329253815114498
2026-09-01 07:55:00,0.1298335948958993
2026-09-01 07:56:00,0.1298335948958993
2026-09-01 07:57:00,0.1298335948958993
2026-09-01 07:58:00,0.1298335948958993
2026-09-01 07:59:00,0.1298335948958993
2026-09-01 08:00:00,0.08747081365436316
2026-09-01 08:01:00,0.08747081365436316
2026-09-01 08:02:00,0.08747081365436316
2026-09-01 08:03:00,0.08747081365436316
2026-09-01 08:04:00,0.08747081365436316
2026-09-01 08:05:00,0.05667696055024862
2026-09-01 08:06:00,0.05667696055024862
2026-09-01 08:07:00,0.05667696055024862
2026-09-01 08:08:00,0.05667696055024862
2026-09-01 08:09:00,0.05667696055024862
2026-09-01 08:10:00,0.06533147860318422
2026-09-01 08:11:00,0.06533147860318422
2026-09-01 08:12:00,0.06533147860318422
2026-09-01 08:13:00,0.06533147860318422
2026-09-01 08:14:00,0.06533147860318422
2026-09-01 08:15:00,0.0770978182554245
2026-09-01 08:16:00,0.0770978182554245
2026-09-01 08:17:00,0.0770978182554245
2026-09-01 08:18:00,0.0770978182554245
2026-09-01 08:19:00,0.0770978182554245
2026-09-01 08:20:00,0.0877938810735941
2026-09-01 08:21:00,0.0877938810735941
2026-09-01 08:22:00,0.0877938810735941
2026-09-01 08:23:00,0.0877938810735941
2026-09-01 08:24:00,0.0877938810735941
2026-09-01 08:25:00,0.0938166044652462
2026-09-01 08:26:00,0.0938166044652462
2026-09-01 08:27:00,0.0938166044652462
2026-09-01 08:28:00,0.0938166044652462
2026-09-01 08:29:00,0.0938166044652462
2026-09-01 08:30:00,0.08721207454800606
2026-09-01 08:31:00,0.08721207454800606
2026-09-01 08:32:00,0.08721207454800606
2026-09-01 08:33:00,0.08721207454800606
2026-09-01 08:34:00,0.08721207454800606
2026-09-01 08:35:00,0.07573867868632078
2026-09-01 08:36:00,0.07573867868632078
2026-09-01 08:37:00,0.07573867868632078
2026-09-01 08:38:00,0.07573867868632078
2026-09-01 08:39:00,0.07573867868632078
2026-09-01 08:40:00,0.06491320114582777
2026-09-01 08:41:00,0.06491320114582777
2026-09-01 08:42:00,0.06491320114582777
2026-09-01 08:43:00,0.06491320114582777
2026-09-01 08:44:00,0.06491320114582777
2026-09-01 08:45:00,0.056357708759605885
2026-09-01 08:46:00,0.056357708759605885
2026-09-01 08:47:00,0.056357708759605885
2026-09-01 08:48:00,0.056357708759605885
2026-09-01 08:49:00,0.056357708759605885
2026-09-01 08:50:00,0.05497793573886156
2026-09-01 08:51:00,0.05497793573886156
2026-09-01 08:52:00,0.05497793573886156
2026-09-01 08:53:00,0.05497793573886156
2026-09-01 08:54:00,0.05497793573886156
2026-09-01 08:55:00,0.056917036883533
2026-09-01 08:56:00,0.056917036883533
2026-09-01 08:57:00,0.056917036883533
2026-09-01 08:58:00,0.056917036883533
2026-09-01 08:59:00,0.056917036883533
2026-09-01 09:00:00,0.061027814634144306
2026-09-01 09:01:00,0.061027814634144306
2026-09-01 09:02:00,0.061027814634144306
2026-09-01 09:03:00,0.061027814634144306
2026-09-01 09:04:00,0.061027814634144306
2026-09-01 09:05:00,0.06573158223181963
2026-09-01 09:06:00,0.06573158223181963
2026-09-01 09:07:00,0.06573158223181963
2026-09-01 09:08:00,0.06573158223181963
2026-09-01 09:09:00,0.06573158223181963
2026-09-01 09:10:00,0.0706888260319829
2026-09-01 09:11:00,0.0706888260319829
2026-09-01 09:12:00,0.0706888260319829
2026-09-01 09:13:00,0.0706888260319829
2026-09-01 09:14:00,0.0706888260319829
2026-09-01 09:15:00,0.07558504492044449
2026-09-01 09:16:00,0.07558504492044449
2026-09-01 09:17:00,0.07558504492044449
2026-09-01 09:18:00,0.07558504492044449
2026-09-01 09:19:00,0.07558504492044449
2026-09-01 09:20:00,0.0747691672295332
2026-09-01 09:21:00,0.0747691672295332
2026-09-01 09:22:00,0.0747691672295332
2026-09-01 09:23:00,0.0747691672295332
2026-09-01 09:24:00,0.0747691672295332
2026-09-01 09:25:00,0.07417991571128368
2026-09-01 09:26:00,0.07417991571128368
2026-09-01 09:27:00,0.07417991571128368
2026-09-01 09:28:00,0.07417991571128368
2026-09-01 09:29:00,0.07417991571128368
2026-09-01 09:30:00,0.07126561924815178
2026-09-01 09:31:00,0.07126561924815178
2026-09-01 09:32:00,0.07126561924815178
2026-09-01 09:33:00,0.07126561924815178
2026-09-01 09:34:00,0.07126561924815178
2026-09-01 09:35:00,0.062002760358154774
2026-09-01 09:36:00,0.062002760358154774
2026-09-01 09:37:00,0.062002760358154774
2026-09-01 09:38:00,0.062002760358154774
2026-09-01 09:39:00,0.062002760358154774
2026-09-01 09:40:00,0.05619245953857899
2026-09-01 09:41:00,0.05619245953857899
2026-09-01 09:42:00,0.05619245953857899
2026-09-01 09:43:00,0.05619245953857899
2026-09-01 09:44:00,0.05619245953857899
2026-09-01 09:45:00,0.04952895175665617
2026-09-01 09:46:00,0.04952895175665617
2026-09-01 09:47:00,0.04952895175665617
2026-09-01 09:48:00,0.04952895175665617
2026-09-01 09:49:00,0.04952895175665617
2026-09-01 09:50:00,0.045374199748039246
2026-09-01 09:51:00,0.045374199748039246
2026-09-01 09:52:00,0.045374199748039246
2026-09-01 09:53:00,0.045374199748039246
2026-09-01 09:54:00,0.045374199748039246
2026-09-01 09:55:00,0.04796890169382095
2026-09-01 09:56:00,0.04796890169382095
2026-09-01 09:57:00,0.04796890169382095
2026-09-01 09:58:00,0.04796890169382095
2026-09-01 09:59:00,0.04796890169382095
2026-09-01 10:00:00,0.0574767766520381
2026-09-01 10:01:00,0.0574767766520381
2026-09-01 10:02:00,0.0574767766520381
2026-09-01 10:03:00,0.0574767766520381
2026-09-01 10:04:00,0.0574767766520381
2026-09-01 10:05:00,0.0677887350320816
2026-09-01 10:06:00,0.0677887350320816
2026-09-01 10:07:00,0.0677887350320816
2026-09-01 10:08:00,0.0677887350320816
2026-09-01 10:09:00,0.0677887350320816
2026-09-01 10:10:00,0.07286476250737906
2026-09-01 10:11:00,0.07286476250737906
2026-09-01 10:12:00,0.07286476250737906
2026-09-01 10:13:00,0.07286476250737906
2026-09-01 10:14:00,0.07286476250737906
2026-09-01 10:15:00,0.076823391020298
2026-09-01 10:16:00,0.076823391020298
2026-09-01 10:17:00,0.076823391020298
2026-09-01 10:18:00,0.076823391020298
2026-09-01 10:19:00,0.076823391020298
2026-09-01 10:20:00,0.07012480311095715
2026-09-01 10:21:00,0.07012480311095715
2026-09-01 10:22:00,0.07012480311095715
2026-09-01 10:23:00,0.07012480311095715
2026-09-01 10:24:00,0.07012480311095715
2026-09-01 10:25:00,0.06412812042981386
2026-09-01 10:26:00,0.06412812042981386
2026-09-01 10:27:00,0.06412812042981386
2026-09-01 10:28:00,0.06412812042981386
2026-09-01 10:29:00,0.06412812042981386
2026-09-01 10:30:00,0.065353830344975
2026-09-01 10:31:00,0.065353830344975
2026-09-01 10:32:00,0.065353830344975
2026-09-01 10:33:00,0.065353830344975
2026-09-01 10:34:00,0.065353830344975
2026-09-01 10:35:00,0.06766247283667326
2026-09-01 10:36:00,0.06766247283667326
2026-09-01 10:37:00,0.06766247283667326
2026-09-01 10:38:00,0.06766247283667326
2026-09-01 10:39:00,0.06766247283667326
2026-09-01 10:40:00,0.07531850133091211
2026-09-01 10:41:00,0.07531850133091211
2026-09-01 10:42:00,0.07531850133091211
2026-09-01 10:43:00,0.07531850133091211
2026-09-01 10:44:00,0.07531850133091211
2026-09-01 10:45:00,0.08188633434474468
2026-09-01 10:46:00,0.08188633434474468
2026-09-01 10:47:00,0.08188633434474468
2026-09-01 10:48:00,0.08188633434474468
2026-09-01 10:49:00,0.08188633434474468
2026-09-01 10:50:00,0.08075382374227047
2026-09-01 10:51:00,0.08075382374227047
2026-09-01 10:52:00,0.08075382374227047
2026-09-01 10:53:00,0.08075382374227047
2026-09-01 10:54:00,0.08075382374227047
2026-09-01 10:55:00,0.0750435683876276
2026-09-01 10:56:00,0.0750435683876276
2026-09-01 10:57:00,0.0750435683876276
2026-09-01 10:58:00,0.0750435683876276
2026-09-01 10:59:00,0.0750435683876276
2026-09-01 11:00:00,0.06788599397987127
2026-09-01 11:01:00,0.06788599397987127
2026-09-01 11:02:00,0.06788599397987127
2026-09-01 11:03:00,0.06788599397987127
2026-09-01 11:04:00,0.06788599397987127
2026-09-01 11:05:00,0.05929461773484945
2026-09-01 11:06:00,0.05929461773484945
2026-09-01 11:07:00,0.05929461773484945
2026-09-01 11:08:00,0.05929461773484945
2026-09-01 11:09:00,0.05929461773484945
2026-09-01 11:10:00,0.05389827862381935
2026-09-01 11:11:00,0.05389827862381935
2026-09-01 11:12:00,0.05389827862381935
2026-09-01 11:13:00,0.05389827862381935
2026-09-01 11:14:00,0.05389827862381935
2026-09-01 11:15:00,0.05185377970337868
2026-09-01 11:16:00,0.05185377970337868
2026-09-01 11:17:00,0.05185377970337868
2026-09-01 11:18:00,0.05185377970337868
2026-09-01 11:19:00,0.05185377970337868
2026-09-01 11:20:00,0.05111061315983534
2026-09-01 11:21:00,0.05111061315983534
2026-09-01 11:22:00,0.05111061315983534
2026-09-01 11:23:00,0.05111061315983534
2026-09-01 11:24:00,0.05111061315983534
2026-09-01 11:25:00,0.05209256522357464
2026-09-01 11:26:00,0.05209256522357464
2026-09-01 11:27:00,0.05209256522357464
2026-09-01 11:28:00,0.05209256522357464
2026-09-01 11:29:00,0.05209256522357464
2026-09-01 11:30:00,0.054800285026431084
2026-09-01 11:31:00,0.054800285026431084
2026-09-01 11:32:00,0.054800285026431084
2026-09-01 11:33:00,0.054800285026431084
2026-09-01 11:34:00,0.054800285026431084
2026-09-01 11:35:00,0.05624023359268904
2026-09-01 11:36:00,0.05624023359268904
2026-09-01 11:37:00,0.05624023359268904
2026-09-01 11:38:00,0.05624023359268904
2026-09-01 11:39:00,0.05624023359268904
2026-09-01 11:40:00,0.05814679805189371
2026-09-01 11:41:00,0.05814679805189371
2026-09-01 11:42:00,0.05814679805189371
2026-09-01 11:43:00,0.05814679805189371
2026-09-01 11:44:00,0.05814679805189371
2026-09-01 11:45:00,0.061886705458164215
2026-09-01 11:46:00,0.061886705458164215
2026-09-01 11:47:00,0.061886705458164215
2026-09-01 11:48:00,0.061886705458164215
2026-09-01 11:49:00,0.061886705458164215
2026-09-01 11:50:00,0.06833679880946875
2026-09-01 11:51:00,0.06833679880946875
2026-09-01 11:52:00,0.06833679880946875
2026-09-01 11:53:00,0.06833679880946875
2026-09-01 11:54:00,0.06833679880946875
2026-09-01 11:55:00,0.07874434255063534
2026-09-01 11:56:00,0.07874434255063534
2026-09-01 11:57:00,0.07874434255063534
2026-09-01 11:58:00,0.07874434255063534
2026-09-01 11:59:00,0.07874434255063534
2026-09-01 12:00:00,0.08675461076200008
2026-09-01 12:01:00,0.08675461076200008
2026-09-01 12:02:00,0.08675461076200008
2026-09-01 12:03:00,0.08675461076200008
2026-09-01 12:04:00,0.08675461076200008
2026-09-01 12:05:00,0.09055007621645927
2026-09-01 12:06:00,0.09055007621645927
2026-09-01 12:07:00,0.09055007621645927
2026-09-01 12:08:00,0.09055007621645927
2026-09-01 12:09:00,0.09055007621645927
2026-09-01 12:10:00,0.08928591944277287
2026-09-01 12:11:00,0.08928591944277287
2026-09-01 12:12:00,0.08928591944277287
2026-09-01 12:13:00,0.08928591944277287
2026-09-01 12:14:00,0.08928591944277287
2026-09-01 12:15:00,0.08318633399903774
2026-09-01 12:16:00,0.08318633399903774
2026-09-01 12:17:00,0.08318633399903774
2026-09-01 12:18:00,0.08318633399903774
2026-09-01 12:19:00,0.08318633399903774
2026-09-01 12:20:00,0.07752556726336479
2026-09-01 12:21:00,0.07752556726336479
2026-09-01 12:22:00,0.07752556726336479
2026-09-01 12:23:00,0.07752556726336479
2026-09-01 12:24:00,0.07752556726336479
2026-09-01 12:25:00,0.07461797073483467
2026-09-01 12:26:00,0.07461797073483467
2026-09-01 12:27:00,0.07461797073483467
2026-09-01 12:28:00,0.07461797073483467
2026-09-01 12:29:00,0.07461797073483467
2026-09-01 12:30:00,0.07401509024202824
2026-09-01 12:31:00,0.07401509024202824
2026-09-01 12:32:00,0.07401509024202824
2026-09-01 12:33:00,0.07401509024202824
2026-09-01 12:34:00,0.07401509024202824
2026-09-01 12:35:00,0.07488378137350082
2026-09-01 12:36:00,0.07488378137350082
2026-09-01 12:37:00,0.07488378137350082
2026-09-01 12:38:00,0.07488378137350082
2026-09-01 12:39:00,0.07488378137350082
2026-09-01 12:40:00,0.07566658779978752
2026-09-01 12:41:00,0.07566658779978752
2026-09-01 12:42:00,0.07566658779978752
2026-09-01 12:43:00,0.07566658779978752
2026-09-01 12:44:00,0.07566658779978752
2026-09-01 12:45:00,0.07269497402012348
2026-09-01 12:46:00,0.07269497402012348
2026-09-01 12:47:00,0.07269497402012348
2026-09-01 12:48:00,0.07269497402012348
2026-09-01 12:49:00,0.07269497402012348
2026-09-01 12:50:00,0.06512141413986683
2026-09-01 12:51:00,0.06512141413986683
2026-09-01 12:52:00,0.06512141413986683
2026-09-01 12:53:00,0.06512141413986683
2026-09-01 12:54:00,0.06512141413986683
2026-09-01 12:55:00,0.057168615981936455
2026-09-01 12:56:00,0.057168615981936455
2026-09-01 12:57:00,0.057168615981936455
2026-09-01 12:58:00,0.057168615981936455
2026-09-01 12:59:00,0.057168615981936455
2026-09-01 13:00:00,0.052341717295348644
2026-09-01 13:01:00,0.052341717295348644
2026-09-01 13:02:00,0.052341717295348644
2026-09-01 13:03:00,0.052341717295348644
2026-09-01 13:04:00,0.052341717295348644
2026-09-01 13:05:00,0.051225767470896244
2026-09-01 13:06:00,0.051225767470896244
2026-09-01 13:07:00,0.051225767470896244
2026-09-01 13:08:00,0.051225767470896244
2026-09-01 13:09:00,0.051225767470896244
2026-09-01 13:10:00,0.056370764039456844
2026-09-01 13:11:00,0.056370764039456844
2026-09-01 13:12:00,0.056370764039456844
2026-09-01 13:13:00,0.056370764039456844
2026-09-01 13:14:00,0.056370764039456844
2026-09-01 13:15:00,0.060852622613310814
2026-09-01 13:16:00,0.060852622613310814
2026-09-01 13:17:00,0.060852622613310814
2026-09-01 13:18:00,0.060852622613310814
2026-09-01 13:19:00,0.060852622613310814
2026-09-01 13:20:00,0.06278558541089296
2026-09-01 13:21:00,0.06278558541089296
2026-09-01 13:22:00,0.06278558541089296
2026-09-01 13:23:00,0.06278558541089296
2026-09-01 13:24:00,0.06278558541089296
2026-09-01 13:25:00,0.06037568300962448
2026-09-01 13:26:00,0.06037568300962448
2026-09-01 13:27:00,0.06037568300962448
2026-09-01 13:28:00,0.06037568300962448
2026-09-01 13:29:00,0.06037568300962448
2026-09-01 13:30:00,0.054378388449549675
2026-09-01 13:31:00,0.054378388449549675
2026-09-01 13:32:00,0.054378388449549675
2026-09-01 13:33:00,0.054378388449549675
2026-09-01 13:34:00,0.054378388449549675
2026-09-01 13:35:00,0.049470050260424614
2026-09-01 13:36:00,0.049470050260424614
2026-09-01 13:37:00,0.049470050260424614
2026-09-01 13:38:00,0.049470050260424614
2026-09-01 13:39:00,0.049470050260424614
2026-09-01 13:40:00,0.04420855548232794
2026-09-01 13:41:00,0.04420855548232794
2026-09-01 13:42:00,0.04420855548232794
2026-09-01 13:43:00,0.04420855548232794
2026-09-01 13:44:00,0.04420855548232794
2026-09-01 13:45:00,0.04346308019012213
2026-09-01 13:46:00,0.04346308019012213
2026-09-01 13:47:00,0.04346308019012213
2026-09-01 13:48:00,0.04346308019012213
2026-09-01 13:49:00,0.04346308019012213
2026-09-01 13:50:00,0.04653716553002596
2026-09-01 13:51:00,0.04653716553002596
2026-09-01 13:52:00,0.04653716553002596
2026-09-01 13:53:00,0.04653716553002596
2026-09-01 13:54:00,0.04653716553002596
2026-09-01 13:55:00,0.05171220563352108
2026-09-01 13:56:00,0.05171220563352108
2026-09-01 13:57:00,0.05171220563352108
2026-09-01 13:58:00,0.05171220563352108
2026-09-01 13:59:00,0.05171220563352108
2026-09-01 14:00:00,0.05334196425974369
2026-09-01 14:01:00,0.05334196425974369
2026-09-01 14:02:00,0.05334196425974369
2026-09-01 14:03:00,0.05334196425974369
2026-09-01 14:04:00,0.05334196425974369
2026-09-01 14:05:00,0.05528360325843096
2026-09-01 14:06:00,0.05528360325843096
2026-09-01 14:07:00,0.05528360325843096
2026-09-01 14:08:00,0.05528360325843096
2026-09-01 14:09:00,0.05528360325843096
2026-09-01 14:10:00,0.057809303514659405
2026-09-01 14:11:00,0.057809303514659405
2026-09-01 14:12:00,0.057809303514659405
2026-09-01 14:13:00,0.057809303514659405
2026-09-01 14:14:00,0.057809303514659405
2026-09-01 14:15:00,0.06096081715077162
2026-09-01 14:16:00,0.06096081715077162
2026-09-01 14:17:00,0.06096081715077162
2026-09-01 14:18:00,0.06096081715077162
2026-09-01 14:19:00,0.06096081715077162
2026-09-01 14:20:00,0.0635576518252492
2026-09-01 14:21:00,0.0635576518252492
2026-09-01 14:22:00,0.0635576518252492
2026-09-01 14:23:00,0.0635576518252492
2026-09-01 14:24:00,0.0635576518252492
2026-09-01 14:25:00,0.0653726626187563
2026-09-01 14:26:00,0.0653726626187563
2026-09-01 14:27:00,0.0653726626187563
2026-09-01 14:28:00,0.0653726626187563
2026-09-01 14:29:00,0.0653726626187563
2026-09-01 14:30:00,0.06583549454808235
2026-09-01 14:31:00,0.06583549454808235
2026-09-01 14:32:00,0.06583549454808235
2026-09-01 14:33:00,0.06583549454808235
2026-09-01 14:34:00,0.06583549454808235
2026-09-01 14:35:00,0.0645040925592184
2026-09-01 14:36:00,0.0645040925592184
2026-09-01 14:37:00,0.0645040925592184
2026-09-01 14:38:00,0.0645040925592184
2026-09-01 14:39:00,0.0645040925592184
2026-09-01 14:40:00,0.064889682456851
2026-09-01 14:41:00,0.064889682456851
2026-09-01 14:42:00,0.064889682456851
2026-09-01 14:43:00,0.064889682456851
2026-09-01 14:44:00,0.064889682456851
2026-09-01 14:45:00,0.0646159490570426
2026-09-01 14:46:00,0.0646159490570426
2026-09-01 14:47:00,0.0646159490570426
2026-09-01 14:48:00,0.0646159490570426
2026-09-01 14:49:00,0.0646159490570426
2026-09-01 14:50:00,0.060623109340667725
2026-09-01 14:51:00,0.060623109340667725
2026-09-01 14:52:00,0.060623109340667725
2026-09-01 14:53:00,0.060623109340667725
2026-09-01 14:54:00,0.060623109340667725
2026-09-01 14:55:00,0.05510907340794802
2026-09-01 14:56:00,0.05510907340794802
2026-09-01 14:57:00,0.05510907340794802
2026-09-01 14:58:00,0.05510907340794802
2026-09-01 14:59:00,0.05510907340794802
2026-09-01 15:00:00,0.051434689201414585
2026-09-01 15:01:00,0.051434689201414585
2026-09-01 15:02:00,0.051434689201414585
2026-09-01 15:03:00,0.051434689201414585
2026-09-01 15:04:00,0.051434689201414585
2026-09-01 15:05:00,0.051030623726546764
2026-09-01 15:06:00,0.051030623726546764
2026-09-01 15:07:00,0.051030623726546764
2026-09-01 15:08:00,0.051030623726546764
2026-09-01 15:09:00,0.051030623726546764
2026-09-01 15:10:00,0.0549260638654232
2026-09-01 15:11:00,0.0549260638654232
2026-09-01 15:12:00,0.0549260638654232
2026-09-01 15:13:00,0.0549260638654232
2026-09-01 15:14:00,0.0549260638654232
2026-09-01 15:15:00,0.06159923318773508
2026-09-01 15:16:00,0.06159923318773508
2026-09-01 15:17:00,0.06159923318773508
2026-09-01 15:18:00,0.06159923318773508
2026-09-01 15:19:00,0.06159923318773508
2026-09-01 15:20:00,0.06914068758487701
2026-09-01 15:21:00,0.06914068758487701
2026-09-01 15:22:00,0.06914068758487701
2026-09-01 15:23:00,0.06914068758487701
2026-09-01 15:24:00,0.06914068758487701
2026-09-01 15:25:00,0.07027861848473549
2026-09-01 15:26:00,0.07027861848473549
2026-09-01 15:27:00,0.07027861848473549
2026-09-01 15:28:00,0.07027861848473549
2026-09-01 15:29:00,0.07027861848473549
2026-09-01 15:30:00,0.06965780258178711
2026-09-01 15:31:00,0.06965780258178711
2026-09-01 15:32:00,0.06965780258178711
2026-09-01 15:33:00,0.06965780258178711
2026-09-01 15:34:00,0.06965780258178711
2026-09-01 15:35:00,0.0641542924568057
2026-09-01 15:36:00,0.0641542924568057
2026-09-01 15:37:00,0.0641542924568057
2026-09-01 15:38:00,0.0641542924568057
2026-09-01 15:39:00,0.0641542924568057
2026-09-01 15:40:00,0.06086201872676611
2026-09-01 15:41:00,0.06086201872676611
2026-09-01 15:42:00,0.06086201872676611
2026-09-01 15:43:00,0.06086201872676611
2026-09-01 15:44:00,0.06086201872676611
2026-09-01 15:45:00,0.06552681792527437
2026-09-01 15:46:00,0.06552681792527437
2026-09-01 15:47:00,0.06552681792527437
2026-09-01 15:48:00,0.06552681792527437
2026-09-01 15:49:00,0.06552681792527437
2026-09-01 15:50:00,0.0651580011472106
2026-09-01 15:51:00,0.0651580011472106
2026-09-01 15:52:00,0.0651580011472106
2026-09-01 15:53:00,0.0651580011472106
2026-09-01 15:54:00,0.0651580011472106
2026-09-01 15:55:00,0.06945050694048405
2026-09-01 15:56:00,0.06945050694048405
2026-09-01 15:57:00,0.06945050694048405
2026-09-01 15:58:00,0.06945050694048405
2026-09-01 15:59:00,0.06945050694048405
2026-09-01 16:00:00,0.06689652241766453
2026-09-01 16:01:00,0.06689652241766453
2026-09-01 16:02:00,0.06689652241766453
2026-09-01 16:03:00,0.06689652241766453
2026-09-01 16:04:00,0.06689652241766453
2026-09-01 16:05:00,0.059469882398843765
2026-09-01 16:06:00,0.059469882398843765
2026-09-01 16:07:00,0.059469882398843765
2026-09-01 16:08:00,0.059469882398843765
2026-09-01 16:09:00,0.059469882398843765
2026-09-01 16:10:00,0.057974113151431084
2026-09-01 16:11:00,0.057974113151431084
2026-09-01 16:12:00,0.057974113151431084
2026-09-01 16:13:00,0.057974113151431084
2026-09-01 16:14:00,0.057974113151431084
2026-09-01 16:15:00,0.05712994933128357
2026-09-01 16:16:00,0.05712994933128357
2026-09-01 16:17:00,0.05712994933128357
2026-09-01 16:18:00,0.05712994933128357
2026-09-01 16:19:00,0.05712994933128357
2026-09-01 16:20:00,0.06110453046858311
2026-09-01 16:21:00,0.06110453046858311
2026-09-01 16:22:00,0.06110453046858311
2026-09-01 16:23:00,0.06110453046858311
2026-09-01 16:24:00,0.06110453046858311
2026-09-01 16:25:00,0.06186816282570362
2026-09-01 16:26:00,0.06186816282570362
2026-09-01 16:27:00,0.06186816282570362
2026-09-01 16:28:00,0.06186816282570362
2026-09-01 16:29:00,0.06186816282570362
2026-09-01 16:30:00,0.15462492406368256
2026-09-01 16:31:00,0.15462492406368256
2026-09-01 16:32:00,0.15462492406368256
2026-09-01 16:33:00,0.15462492406368256
2026-09-01 16:34:00,0.15462492406368256
2026-09-01 16:35:00,0.24614598602056503
2026-09-01 16:36:00,0.24614598602056503
2026-09-01 16:37:00,0.24614598602056503
2026-09-01 16:38:00,0.24614598602056503
2026-09-01 16:39:00,0.24614598602056503
2026-09-01 16:40:00,0.3367264047265053
2026-09-01 16:41:00,0.3367264047265053
2026-09-01 16:42:00,0.3367264047265053
2026-09-01 16:43:00,0.3367264047265053
2026-09-01 16:44:00,0.3367264047265053
2026-09-01 16:45:00,0.4315357133746147
2026-09-01 16:46:00,0.4315357133746147
2026-09-01 16:47:00,0.4315357133746147
2026-09-01 16:48:00,0.4315357133746147
2026-09-01 16:49:00,0.4315357133746147
2026-09-01 16:50:00,0.33821804728358984
2026-09-01 16:51:00,0.33821804728358984
2026-09-01 16:52:00,0.33821804728358984
2026-09-01 16:53:00,0.33821804728358984
2026-09-01 16:54:00,0.33821804728358984
2026-09-01 16:55:00,0.2421455094590783
2026-09-01 16:56:00,0.2421455094590783
2026-09-01 16:57:00,0.2421455094590783
2026-09-01 16:58:00,0.2421455094590783
2026-09-01 16:59:00,0.2421455094590783
2026-09-01 17:00:00,0.14699813816696405
2026-09-01 17:01:00,0.14699813816696405
2026-09-01 17:02:00,0.14699813816696405
2026-09-01 17:03:00,0.14699813816696405
2026-09-01 17:04:00,0.14699813816696405
2026-09-01 17:05:00,0.05464592296630144
2026-09-01 17:06:00,0.05464592296630144
2026-09-01 17:07:00,0.05464592296630144
2026-09-01 17:08:00,0.05464592296630144
2026-09-01 17:09:00,0.05464592296630144
2026-09-01 17:10:00,0.05912265367805958
2026-09-01 17:11:00,0.05912265367805958
2026-09-01 17:12:00,0.05912265367805958
2026-09-01 17:13:00,0.05912265367805958
2026-09-01 17:14:00,0.05912265367805958
2026-09-01 17:15:00,0.06252033729106188
2026-09-01 17:16:00,0.06252033729106188
2026-09-01 17:17:00,0.06252033729106188
2026-09-01 17:18:00,0.06252033729106188
2026-09-01 17:19:00,0.06252033729106188
2026-09-01 17:20:00,0.0672740088775754
2026-09-01 17:21:00,0.0672740088775754
2026-09-01 17:22:00,0.0672740088775754
2026-09-01 17:23:00,0.0672740088775754
2026-09-01 17:24:00,0.0672740088775754
2026-09-01 17:25:00,0.0739514222368598
2026-09-01 17:26:00,0.0739514222368598
2026-09-01 17:27:00,0.0739514222368598
2026-09-01 17:28:00,0.0739514222368598
2026-09-01 17:29:00,0.0739514222368598
2026-09-01 17:30:00,0.0784875238314271
2026-09-01 17:31:00,0.0784875238314271
2026-09-01 17:32:00,0.0784875238314271
2026-09-01 17:33:00,0.0784875238314271
2026-09-01 17:34:00,0.0784875238314271
2026-09-01 17:35:00,0.08899946324527264
2026-09-01 17:36:00,0.08899946324527264
2026-09-01 17:37:00,0.08899946324527264
2026-09-01 17:38:00,0.08899946324527264
2026-09-01 17:39:00,0.08899946324527264
2026-09-01 17:40:00,0.09785714745521545
2026-09-01 17:41:00,0.09785714745521545
2026-09-01 17:42:00,0.09785714745521545
2026-09-01 17:43:00,0.09785714745521545
2026-09-01 17:44:00,0.09785714745521545
2026-09-01 17:45:00,0.09448741935193539
2026-09-01 17:46:00,0.09448741935193539
2026-09-01 17:47:00,0.09448741935193539
2026-09-01 17:48:00,0.09448741935193539
2026-09-01 17:49:00,0.09448741935193539
2026-09-01 17:50:00,0.08731848653405905
2026-09-01 17:51:00,0.08731848653405905
2026-09-01 17:52:00,0.08731848653405905
2026-09-01 17:53:00,0.08731848653405905
2026-09-01 17:54:00,0.08731848653405905
2026-09-01 17:55:00,0.07543488685041666
2026-09-01 17:56:00,0.07543488685041666
2026-09-01 17:57:00,0.07543488685041666
2026-09-01 17:58:00,0.07543488685041666
2026-09-01 17:59:00,0.07543488685041666
2026-09-01 18:00:00,0.061241256073117256
2026-09-01 18:01:00,0.061241256073117256
2026-09-01 18:02:00,0.061241256073117256
2026-09-01 18:03:00,0.061241256073117256
2026-09-01 18:04:00,0.061241256073117256
2026-09-01 18:05:00,0.053750368766486645
2026-09-01 18:06:00,0.053750368766486645
2026-09-01 18:07:00,0.053750368766486645
2026-09-01 18:08:00,0.053750368766486645
2026-09-01 18:09:00,0.053750368766486645
2026-09-01 18:10:00,0.04847909417003393
2026-09-01 18:11:00,0.04847909417003393
2026-09-01 18:12:00,0.04847909417003393
2026-09-01 18:13:00,0.04847909417003393
2026-09-01 18:14:00,0.04847909417003393
2026-09-01 18:15:00,0.04773402586579323
2026-09-01 18:16:00,0.04773402586579323
2026-09-01 18:17:00,0.04773402586579323
2026-09-01 18:18:00,0.04773402586579323
2026-09-01 18:19:00,0.04773402586579323
2026-09-01 18:20:00,0.05123634357005358
2026-09-01 18:21:00,0.05123634357005358
2026-09-01 18:22:00,0.05123634357005358
2026-09-01 18:23:00,0.05123634357005358
2026-09-01 18:24:00,0.05123634357005358
2026-09-01 18:25:00,0.05388894025236368
2026-09-01 18:26:00,0.05388894025236368
2026-09-01 18:27:00,0.05388894025236368
2026-09-01 18:28:00,0.05388894025236368
2026-09-01 18:29:00,0.05388894025236368
2026-09-01 18:30:00,0.057540121488273144
2026-09-01 18:31:00,0.057540121488273144
2026-09-01 18:32:00,0.057540121488273144
2026-09-01 18:33:00,0.057540121488273144
2026-09-01 18:34:00,0.057540121488273144
2026-09-01 18:35:00,0.05698508583009243
2026-09-01 18:36:00,0.05698508583009243
2026-09-01 18:37:00,0.05698508583009243
2026-09-01 18:38:00,0.05698508583009243
2026-09-01 18:39:00,0.05698508583009243
2026-09-01 18:40:00,0.05380892846733332
2026-09-01 18:41:00,0.05380892846733332
2026-09-01 18:42:00,0.05380892846733332
2026-09-01 18:43:00,0.05380892846733332
2026-09-01 18:44:00,0.05380892846733332
2026-09-01 18:45:00,0.051721541211009026
2026-09-01 18:46:00,0.051721541211009026
2026-09-01 18:47:00,0.051721541211009026
2026-09-01 18:48:00,0.051721541211009026
2026-09-01 18:49:00,0.051721541211009026
2026-09-01 18:50:00,0.05303560849279165
2026-09-01 18:51:00,0.05303560849279165
2026-09-01 18:52:00,0.05303560849279165
2026-09-01 18:53:00,0.05303560849279165
2026-09-01 18:54:00,0.05303560849279165
2026-09-01 18:55:00,0.05521396081894636
2026-09-01 18:56:00,0.05521396081894636
2026-09-01 18:57:00,0.05521396081894636
2026-09-01 18:58:00,0.05521396081894636
2026-09-01 18:59:00,0.05521396081894636
2026-09-01 19:00:00,0.06028762832283974
2026-09-01 19:01:00,0.06028762832283974
2026-09-01 19:02:00,0.06028762832283974
2026-09-01 19:03:00,0.06028762832283974
2026-09-01 19:04:00,0.06028762832283974
2026-09-01 19:05:00,0.06845295242965221
2026-09-01 19:06:00,0.06845295242965221
2026-09-01 19:07:00,0.06845295242965221
2026-09-01 19:08:00,0.06845295242965221
2026-09-01 19:09:00,0.06845295242965221
2026-09-01 19:10:00,0.07424125261604786
2026-09-01 19:11:00,0.07424125261604786
2026-09-01 19:12:00,0.07424125261604786
2026-09-01 19:13:00,0.07424125261604786
2026-09-01 19:14:00,0.07424125261604786
2026-09-01 19:15:00,0.08063123188912868
2026-09-01 19:16:00,0.08063123188912868
2026-09-01 19:17:00,0.08063123188912868
2026-09-01 19:18:00,0.08063123188912868
2026-09-01 19:19:00,0.08063123188912868
2026-09-01 19:20:00,0.08115831390023232
2026-09-01 19:21:00,0.08115831390023232
2026-09-01 19:22:00,0.08115831390023232
2026-09-01 19:23:00,0.08115831390023232
2026-09-01 19:24:00,0.08115831390023232
2026-09-01 19:25:00,0.07668307423591614
2026-09-01 19:26:00,0.07668307423591614
2026-09-01 19:27:00,0.07668307423591614
2026-09-01 19:28:00,0.07668307423591614
2026-09-01 19:29:00,0.07668307423591614
2026-09-01 19:30:00,0.07152839377522469
2026-09-01 19:31:00,0.07152839377522469
2026-09-01 19:32:00,0.07152839377522469
2026-09-01 19:33:00,0.07152839377522469
2026-09-01 19:34:00,0.07152839377522469
2026-09-01 19:35:00,0.0651294868439436
2026-09-01 19:36:00,0.0651294868439436
2026-09-01 19:37:00,0.0651294868439436
2026-09-01 19:38:00,0.0651294868439436
2026-09-01 19:39:00,0.0651294868439436
2026-09-01 19:40:00,0.06185572035610676
2026-09-01 19:41:00,0.06185572035610676
2026-09-01 19:42:00,0.06185572035610676
2026-09-01 19:43:00,0.06185572035610676
2026-09-01 19:44:00,0.06185572035610676
2026-09-01 19:45:00,0.05750104319304228
2026-09-01 19:46:00,0.05750104319304228
2026-09-01 19:47:00,0.05750104319304228
2026-09-01 19:48:00,0.05750104319304228
2026-09-01 19:49:00,0.05750104319304228
2026-09-01 19:50:00,0.05210448335856199
2026-09-01 19:51:00,0.05210448335856199
2026-09-01 19:52:00,0.05210448335856199
2026-09-01 19:53:00,0.05210448335856199
2026-09-01 19:54:00,0.05210448335856199
2026-09-01 19:55:00,0.04632286075502634
2026-09-01 19:56:00,0.04632286075502634
2026-09-01 19:57:00,0.04632286075502634
2026-09-01 19:58:00,0.04632286075502634
2026-09-01 19:59:00,0.04632286075502634
2026-09-01 20:00:00,0.040815869346261024
2026-09-01 20:01:00,0.040815869346261024
2026-09-01 20:02:00,0.040815869346261024
2026-09-01 20:03:00,0.040815869346261024
2026-09-01 20:04:00,0.040815869346261024
2026-09-01 20:05:00,0.04000655934214592
2026-09-01 20:06:00,0.04000655934214592
2026-09-01 20:07:00,0.04000655934214592
2026-09-01 20:08:00,0.04000655934214592
2026-09-01 20:09:00,0.04000655934214592
2026-09-01 20:10:00,0.04148948658257723
2026-09-01 20:11:00,0.04148948658257723
2026-09-01 20:12:00,0.04148948658257723
2026-09-01 20:13:00,0.04148948658257723
2026-09-01 20:14:00,0.04148948658257723
2026-09-01 20:15:00,0.04387098364531994
2026-09-01 20:16:00,0.04387098364531994
2026-09-01 20:17:00,0.04387098364531994
2026-09-01 20:18:00,0.04387098364531994
2026-09-01 20:19:00,0.04387098364531994
2026-09-01 20:20:00,0.04798413626849651
2026-09-01 20:21:00,0.04798413626849651
2026-09-01 20:22:00,0.04798413626849651
2026-09-01 20:23:00,0.04798413626849651
2026-09-01 20:24:00,0.04798413626849651
2026-09-01 20:25:00,0.05216042511165142
2026-09-01 20:26:00,0.05216042511165142
2026-09-01 20:27:00,0.05216042511165142
2026-09-01 20:28:00,0.05216042511165142
2026-09-01 20:29:00,0.05216042511165142
2026-09-01 20:30:00,0.052949936129152775
2026-09-01 20:31:00,0.052949936129152775
2026-09-01 20:32:00,0.052949936129152775
2026-09-01 20:33:00,0.052949936129152775
2026-09-01 20:34:00,0.052949936129152775
2026-09-01 20:35:00,0.05945240519940853
2026-09-01 20:36:00,0.05945240519940853
2026-09-01 20:37:00,0.05945240519940853
2026-09-01 20:38:00,0.05945240519940853
2026-09-01 20:39:00,0.05945240519940853
2026-09-01 20:40:00,0.061852830462157726
2026-09-01 20:41:00,0.061852830462157726
2026-09-01 20:42:00,0.061852830462157726
2026-09-01 20:43:00,0.061852830462157726
2026-09-01 20:44:00,0.061852830462157726
2026-09-01 20:45:00,0.05834681913256645
2026-09-01 20:46:00,0.05834681913256645
2026-09-01 20:47:00,0.05834681913256645
2026-09-01 20:48:00,0.05834681913256645
2026-09-01 20:49:00,0.05834681913256645
2026-09-01 20:50:00,0.059967379085719585
2026-09-01 20:51:00,0.059967379085719585
2026-09-01 20:52:00,0.059967379085719585
2026-09-01 20:53:00,0.059967379085719585
2026-09-01 20:54:00,0.059967379085719585
2026-09-01 20:55:00,0.053229634650051594
2026-09-01 20:56:00,0.053229634650051594
2026-09-01 20:57:00,0.053229634650051594
2026-09-01 20:58:00,0.053229634650051594
2026-09-01 20:59:00,0.053229634650051594
2026-09-01 21:00:00,0.04815190099179745
2026-09-01 21:01:00,0.04815190099179745
2026-09-01 21:02:00,0.04815190099179745
2026-09-01 21:03:00,0.04815190099179745
2026-09-01 21:04:00,0.04815190099179745
2026-09-01 21:05:00,0.04877530597150326
2026-09-01 21:06:00,0.04877530597150326
2026-09-01 21:07:00,0.04877530597150326
2026-09-01 21:08:00,0.04877530597150326
2026-09-01 21:09:00,0.04877530597150326
2026-09-01 21:10:00,0.048577163368463516
2026-09-01 21:11:00,0.048577163368463516
2026-09-01 21:12:00,0.048577163368463516
2026-09-01 21:13:00,0.048577163368463516
2026-09-01 21:14:00,0.048577163368463516
2026-09-01 21:15:00,0.05079100467264652
2026-09-01 21:16:00,0.05079100467264652
2026-09-01 21:17:00,0.05079100467264652
2026-09-01 21:18:00,0.05079100467264652
2026-09-01 21:19:00,0.05079100467264652
2026-09-01 21:20:00,0.05454779323190451
2026-09-01 21:21:00,0.05454779323190451
2026-09-01 21:22:00,0.05454779323190451
2026-09-01 21:23:00,0.05454779323190451
2026-09-01 21:24:00,0.05454779323190451
2026-09-01 21:25:00,0.054480647668242455
2026-09-01 21:26:00,0.054480647668242455
2026-09-01 21:27:00,0.054480647668242455
2026-09-01 21:28:00,0.054480647668242455
2026-09-01 21:29:00,0.054480647668242455
2026-09-01 21:30:00,0.053291444666683674
2026-09-01 21:31:00,0.053291444666683674
2026-09-01 21:32:00,0.053291444666683674
2026-09-01 21:33:00,0.053291444666683674
2026-09-01 21:34:00,0.053291444666683674
2026-09-01 21:35:00,0.053149486891925335
2026-09-01 21:36:00,0.053149486891925335
2026-09-01 21:37:00,0.053149486891925335
2026-09-01 21:38:00,0.053149486891925335
2026-09-01 21:39:00,0.053149486891925335
2026-09-01 21:40:00,0.056941806338727474
2026-09-01 21:41:00,0.056941806338727474
2026-09-01 21:42:00,0.056941806338727474
2026-09-01 21:43:00,0.056941806338727474
2026-09-01 21:44:00,0.056941806338727474
2026-09-01 21:45:00,0.0598625848069787
2026-09-01 21:46:00,0.0598625848069787
2026-09-01 21:47:00,0.0598625848069787
2026-09-01 21:48:00,0.0598625848069787
2026-09-01 21:49:00,0.0598625848069787
2026-09-01 21:50:00,0.06309288833290339
2026-09-01 21:51:00,0.06309288833290339
2026-09-01 21:52:00,0.06309288833290339
2026-09-01 21:53:00,0.06309288833290339
2026-09-01 21:54:00,0.06309288833290339
2026-09-01 21:55:00,0.06275498680770397
2026-09-01 21:56:00,0.06275498680770397
2026-09-01 21:57:00,0.06275498680770397
2026-09-01 21:58:00,0.06275498680770397
2026-09-01 21:59:00,0.06275498680770397
2026-09-01 22:00:00,0.05752440355718136
2026-09-01 22:01:00,0.05752440355718136
2026-09-01 22:02:00,0.05752440355718136
2026-09-01 22:03:00,0.05752440355718136
2026-09-01 22:04:00,0.05752440355718136
2026-09-01 22:05:00,0.05841622222214937
2026-09-01 22:06:00,0.05841622222214937
2026-09-01 22:07:00,0.05841622222214937
2026-09-01 22:08:00,0.05841622222214937
2026-09-01 22:09:00,0.05841622222214937
2026-09-01 22:10:00,0.058161635883152485
2026-09-01 22:11:00,0.058161635883152485
2026-09-01 22:12:00,0.058161635883152485
2026-09-01 22:13:00,0.058161635883152485
2026-09-01 22:14:00,0.058161635883152485
2026-09-01 22:15:00,0.06106729060411453
2026-09-01 22:16:00,0.06106729060411453
2026-09-01 22:17:00,0.06106729060411453
2026-09-01 22:18:00,0.06106729060411453
2026-09-01 22:19:00,0.06106729060411453
2026-09-01 22:20:00,0.06462867930531502
2026-09-01 22:21:00,0.06462867930531502
2026-09-01 22:22:00,0.06462867930531502
2026-09-01 22:23:00,0.06462867930531502
2026-09-01 22:24:00,0.06462867930531502
2026-09-01 22:25:00,0.06655590236186981
2026-09-01 22:26:00,0.06655590236186981
2026-09-01 22:27:00,0.06655590236186981
2026-09-01 22:28:00,0.06655590236186981
2026-09-01 22:29:00,0.06655590236186981
2026-09-01 22:30:00,0.06827365234494209
2026-09-01 22:31:00,0.06827365234494209
2026-09-01 22:32:00,0.06827365234494209
2026-09-01 22:33:00,0.06827365234494209
2026-09-01 22:34:00,0.06827365234494209
2026-09-01 22:35:00,0.07009349949657917
2026-09-01 22:36:00,0.07009349949657917
2026-09-01 22:37:00,0.07009349949657917
2026-09-01 22:38:00,0.07009349949657917
2026-09-01 22:39:00,0.07009349949657917
2026-09-01 22:40:00,0.06905567832291126
2026-09-01 22:41:00,0.06905567832291126
2026-09-01 22:42:00,0.06905567832291126
2026-09-01 22:43:00,0.06905567832291126
2026-09-01 22:44:00,0.06905567832291126
2026-09-01 22:45:00,0.06675542518496513
2026-09-01 22:46:00,0.06675542518496513
2026-09-01 22:47:00,0.06675542518496513
2026-09-01 22:48:00,0.06675542518496513
2026-09-01 22:49:00,0.06675542518496513
2026-09-01 22:50:00,0.06691347993910313
2026-09-01 22:51:00,0.06691347993910313
2026-09-01 22:52:00,0.06691347993910313
2026-09-01 22:53:00,0.06691347993910313
2026-09-01 22:54:00,0.06691347993910313
2026-09-01 22:55:00,0.06561798602342606
2026-09-01 22:56:00,0.06561798602342606
2026-09-01 22:57:00,0.06561798602342606
2026-09-01 22:58:00,0.06561798602342606
2026-09-01 22:59:00,0.06561798602342606
2026-09-01 23:00:00,0.06690113432705402
2026-09-01 23:01:00,0.06690113432705402
2026-09-01 23:02:00,0.06690113432705402
2026-09-01 23:03:00,0.06690113432705402
2026-09-01 23:04:00,0.06690113432705402
2026-09-01 23:05:00,0.06526834424585104
2026-09-01 23:06:00,0.06526834424585104
2026-09-01 23:07:00,0.06526834424585104
2026-09-01 23:08:00,0.06526834424585104
2026-09-01 23:09:00,0.06526834424585104
2026-09-01 23:10:00,0.06118209287524223
2026-09-01 23:11:00,0.06118209287524223
2026-09-01 23:12:00,0.06118209287524223
2026-09-01 23:13:00,0.06118209287524223
2026-09-01 23:14:00,0.06118209287524223
2026-09-01 23:15:00,0.056914825923740864
2026-09-01 23:16:00,0.056914825923740864
2026-09-01 23:17:00,0.056914825923740864
2026-09-01 23:18:00,0.056914825923740864
2026-09-01 23:19:00,0.056914825923740864
2026-09-01 23:20:00,0.05113584268838167
2026-09-01 23:21:00,0.05113584268838167
2026-09-01 23:22:00,0.05113584268838167
2026-09-01 23:23:00,0.05113584268838167
2026-09-01 23:24:00,0.05113584268838167
2026-09-01 23:25:00,0.04924262687563896
2026-09-01 23:26:00,0.04924262687563896
2026-09-01 23:27:00,0.04924262687563896
2026-09-01 23:28:00,0.04924262687563896
2026-09-01 23:29:00,0.04924262687563896
2026-09-01 23:30:00,0.05119516793638468
2026-09-01 23:31:00,0.05119516793638468
2026-09-01 23:32:00,0.05119516793638468
2026-09-01 23:33:00,0.05119516793638468
2026-09-01 23:34:00,0.05119516793638468
2026-09-01 23:35:00,0.05715257488191128
2026-09-01 23:36:00,0.05715257488191128
2026-09-01 23:37:00,0.05715257488191128
2026-09-01 23:38:00,0.05715257488191128
2026-09-01 23:39:00,0.05715257488191128
2026-09-01 23:40:00,0.06326770037412643
2026-09-01 23:41:00,0.06326770037412643
2026-09-01 23:42:00,0.06326770037412643
2026-09-01 23:43:00,0.06326770037412643
2026-09-01 23:44:00,0.06326770037412643
2026-09-01 23:45:00,0.06770864501595497
2026-09-01 23:46:00,0.06770864501595497
2026-09-01 23:47:00,0.06770864501595497
2026-09-01 23:48:00,0.06770864501595497
2026-09-01 23:49:00,0.06770864501595497
2026-09-01 23:50:00,0.06668227724730968
2026-09-01 23:51:00,0.06668227724730968
2026-09-01 23:52:00,0.06668227724730968
2026-09-01 23:53:00,0.06668227724730968
2026-09-01 23:54:00,0.06668227724730968
2026-09-01 23:55:00,0.0648608859628439
2026-09-01 23:56:00,0.0648608859628439
2026-09-01 23:57:00,0.0648608859628439
2026-09-01 23:58:00,0.0648608859628439
2026-09-01 23:59:00,0.0648608859628439
2026-09-02 00:00:00,0.0656440444290638
2026-09-02 00:01:00,0.0656440444290638
2026-09-02 00:02:00,0.0656440444290638
2026-09-02 00:03:00,0.0656440444290638
2026-09-02 00:04:00,0.0656440444290638
2026-09-02 00:05:00,0.06594724953174591
2026-09-02 00:06:00,0.06594724953174591
2026-09-02 00:07:00,0.06594724953174591
2026-09-02 00:08:00,0.06594724953174591
2026-09-02 00:09:00,0.06594724953174591
2026-09-02 00:10:00,0.0648413011804223
2026-09-02 00:11:00,0.0648413011804223
2026-09-02 00:12:00,0.0648413011804223
2026-09-02 00:13:00,0.0648413011804223
2026-09-02 00:14:00,0.0648413011804223
2026-09-02 00:15:00,0.14240270014852285
2026-09-02 00:16:00,0.14240270014852285
2026-09-02 00:17:00,0.14240270014852285
2026-09-02 00:18:00,0.14240270014852285
2026-09-02 00:19:00,0.14240270014852285
2026-09-02 00:20:00,0.22063067462295294
2026-09-02 00:21:00,0.22063067462295294
2026-09-02 00:22:00,0.22063067462295294
2026-09-02 00:23:00,0.22063067462295294
2026-09-02 00:24:00,0.22063067462295294
2026-09-02 00:25:00,0.29999444354325533
2026-09-02 00:26:00,0.29999444354325533
2026-09-02 00:27:00,0.29999444354325533
2026-09-02 00:28:00,0.29999444354325533
2026-09-02 00:29:00,0.29999444354325533
2026-09-02 00:30:00,0.38353098928928375
2026-09-02 00:31:00,0.38353098928928375
2026-09-02 00:32:00,0.38353098928928375
2026-09-02 00:33:00,0.38353098928928375
2026-09-02 00:34:00,0.38353098928928375
2026-09-02 00:35:00,0.30740761384367943
2026-09-02 00:36:00,0.30740761384367943
2026-09-02 00:37:00,0.30740761384367943
2026-09-02 00:38:00,0.30740761384367943
2026-09-02 00:39:00,0.30740761384367943
2026-09-02 00:40:00,0.22637945599853992
2026-09-02 00:41:00,0.22637945599853992
2026-09-02 00:42:00,0.22637945599853992
2026-09-02 00:43:00,0.22637945599853992
2026-09-02 00:44:00,0.22637945599853992
2026-09-02 00:45:00,0.14427579939365387
2026-09-02 00:46:00,0.14427579939365387
2026-09-02 00:47:00,0.14427579939365387
2026-09-02 00:48:00,0.14427579939365387
2026-09-02 00:49:00,0.14427579939365387
2026-09-02 00:50:00,0.06068031024187803
2026-09-02 00:51:00,0.06068031024187803
2026-09-02 00:52:00,0.06068031024187803
2026-09-02 00:53:00,0.06068031024187803
2026-09-02 00:54:00,0.06068031024187803
2026-09-02 00:55:00,0.055851575918495655
2026-09-02 00:56:00,0.055851575918495655
2026-09-02 00:57:00,0.055851575918495655
2026-09-02 00:58:00,0.055851575918495655
2026-09-02 00:59:00,0.055851575918495655
2026-09-02 01:00:00,0.05338646937161684
2026-09-02 01:01:00,0.05338646937161684
2026-09-02 01:02:00,0.05338646937161684
2026-09-02 01:03:00,0.05338646937161684
2026-09-02 01:04:00,0.05338646937161684
2026-09-02 01:05:00,0.05414220876991749
2026-09-02 01:06:00,0.05414220876991749
2026-09-02 01:07:00,0.05414220876991749
2026-09-02 01:08:00,0.05414220876991749
2026-09-02 01:09:00,0.05414220876991749
2026-09-02 01:10:00,0.0573108671233058
2026-09-02 01:11:00,0.0573108671233058
2026-09-02 01:12:00,0.0573108671233058
2026-09-02 01:13:00,0.0573108671233058
2026-09-02 01:14:00,0.0573108671233058
2026-09-02 01:15:00,0.06088081654161215
2026-09-02 01:16:00,0.06088081654161215
2026-09-02 01:17:00,0.06088081654161215
2026-09-02 01:18:00,0.06088081654161215
2026-09-02 01:19:00,0.06088081654161215
2026-09-02 01:20:00,0.06522457953542471
2026-09-02 01:21:00,0.06522457953542471
2026-09-02 01:22:00,0.06522457953542471
2026-09-02 01:23:00,0.06522457953542471
2026-09-02 01:24:00,0.06522457953542471
2026-09-02 01:25:00,0.06532352510839701
2026-09-02 01:26:00,0.06532352510839701
2026-09-02 01:27:00,0.06532352510839701
2026-09-02 01:28:00,0.06532352510839701
2026-09-02 01:29:00,0.06532352510839701
2026-09-02 01:30:00,0.06445485446602106
2026-09-02 01:31:00,0.06445485446602106
2026-09-02 01:32:00,0.06445485446602106
2026-09-02 01:33:00,0.06445485446602106
2026-09-02 01:34:00,0.06445485446602106
2026-09-02 01:35:00,0.06551739666610956
2026-09-02 01:36:00,0.06551739666610956
2026-09-02 01:37:00,0.06551739666610956
2026-09-02 01:38:00,0.06551739666610956
2026-09-02 01:39:00,0.06551739666610956
2026-09-02 01:40:00,0.066415642388165
2026-09-02 01:41:00,0.066415642388165
2026-09-02 01:42:00,0.066415642388165
2026-09-02 01:43:00,0.066415642388165
2026-09-02 01:44:00,0.066415642388165
2026-09-02 01:45:00,0.07152294367551804
2026-09-02 01:46:00,0.07152294367551804
2026-09-02 01:47:00,0.07152294367551804
2026-09-02 01:48:00,0.07152294367551804
2026-09-02 01:49:00,0.07152294367551804
2026-09-02 01:50:00,0.07757395319640636
2026-09-02 01:51:00,0.07757395319640636
2026-09-02 01:52:00,0.07757395319640636
2026-09-02 01:53:00,0.07757395319640636
2026-09-02 01:54:00,0.07757395319640636
2026-09-02 01:55:00,0.08155892230570316
2026-09-02 01:56:00,0.08155892230570316
2026-09-02 01:57:00,0.08155892230570316
2026-09-02 01:58:00,0.08155892230570316
2026-09-02 01:59:00,0.08155892230570316
2026-09-02 02:00:00,0.08617198839783669
2026-09-02 02:01:00,0.08617198839783669
2026-09-02 02:02:00,0.08617198839783669
2026-09-02 02:03:00,0.08617198839783669
2026-09-02 02:04:00,0.08617198839783669
2026-09-02 02:05:00,0.087130818516016
2026-09-02 02:06:00,0.087130818516016
2026-09-02 02:07:00,0.087130818516016
2026-09-02 02:08:00,0.087130818516016
2026-09-02 02:09:00,0.087130818516016
2026-09-02 02:10:00,0.08715248852968216
2026-09-02 02:11:00,0.08715248852968216
2026-09-02 02:12:00,0.08715248852968216
2026-09-02 02:13:00,0.08715248852968216
2026-09-02 02:14:00,0.08715248852968216
2026-09-02 02:15:00,0.08756506070494652
2026-09-02 02:16:00,0.08756506070494652
2026-09-02 02:17:00,0.08756506070494652
2026-09-02 02:18:00,0.08756506070494652
2026-09-02 02:19:00,0.08756506070494652
2026-09-02 02:20:00,0.08458287455141544
2026-09-02 02:21:00,0.08458287455141544
2026-09-02 02:22:00,0.08458287455141544
2026-09-02 02:23:00,0.08458287455141544
2026-09-02 02:24:00,0.08458287455141544
2026-09-02 02:25:00,0.07753379084169865
2026-09-02 02:26:00,0.07753379084169865
2026-09-02 02:27:00,0.07753379084169865
2026-09-02 02:28:00,0.07753379084169865
2026-09-02 02:29:00,0.07753379084169865
2026-09-02 02:30:00,0.0696412893012166
2026-09-02 02:31:00,0.0696412893012166
2026-09-02 02:32:00,0.0696412893012166
2026-09-02 02:33:00,0.0696412893012166
2026-09-02 02:34:00,0.0696412893012166
2026-09-02 02:35:00,0.05966239795088768
2026-09-02 02:36:00,0.05966239795088768
2026-09-02 02:37:00,0.05966239795088768
2026-09-02 02:38:00,0.05966239795088768
2026-09-02 02:39:00,0.05966239795088768
2026-09-02 02:40:00,0.05221075937151909
2026-09-02 02:41:00,0.05221075937151909
2026-09-02 02:42:00,0.05221075937151909
2026-09-02 02:43:00,0.05221075937151909
2026-09-02 02:44:00,0.05221075937151909
2026-09-02 02:45:00,0.05313428398221731
2026-09-02 02:46:00,0.05313428398221731
2026-09-02 02:47:00,0.05313428398221731
2026-09-02 02:48:00,0.05313428398221731
2026-09-02 02:49:00,0.05313428398221731
2026-09-02 02:50:00,0.051875192672014236
2026-09-02 02:51:00,0.051875192672014236
2026-09-02 02:52:00,0.051875192672014236
2026-09-02 02:53:00,0.051875192672014236
2026-09-02 02:54:00,0.051875192672014236
2026-09-02 02:55:00,0.05342128314077854
2026-09-02 02:56:00,0.05342128314077854
2026-09-02 02:57:00,0.05342128314077854
2026-09-02 02:58:00,0.05342128314077854
2026-09-02 02:59:00,0.05342128314077854
2026-09-02 03:00:00,0.05468445084989071
2026-09-02 03:01:00,0.05468445084989071
2026-09-02 03:02:00,0.05468445084989071
2026-09-02 03:03:00,0.05468445084989071
2026-09-02 03:04:00,0.05468445084989071
2026-09-02 03:05:00,0.05406035017222166
2026-09-02 03:06:00,0.05406035017222166
2026-09-02 03:07:00,0.05406035017222166
2026-09-02 03:08:00,0.05406035017222166
2026-09-02 03:09:00,0.05406035017222166
2026-09-02 03:10:00,0.05776808690279722
2026-09-02 03:11:00,0.05776808690279722
2026-09-02 03:12:00,0.05776808690279722
2026-09-02 03:13:00,0.05776808690279722
2026-09-02 03:14:00,0.05776808690279722
2026-09-02 03:15:00,0.05975937098264694
2026-09-02 03:16:00,0.05975937098264694
2026-09-02 03:17:00,0.05975937098264694
2026-09-02 03:18:00,0.05975937098264694
2026-09-02 03:19:00,0.05975937098264694
2026-09-02 03:20:00,0.06370473839342594
2026-09-02 03:21:00,0.06370473839342594
2026-09-02 03:22:00,0.06370473839342594
2026-09-02 03:23:00,0.06370473839342594
2026-09-02 03:24:00,0.06370473839342594
2026-09-02 03:25:00,0.06608147919178009
2026-09-02 03:26:00,0.06608147919178009
2026-09-02 03:27:00,0.06608147919178009
2026-09-02 03:28:00,0.06608147919178009
2026-09-02 03:29:00,0.06608147919178009
2026-09-02 03:30:00,0.06484861671924591
2026-09-02 03:31:00,0.06484861671924591
2026-09-02 03:32:00,0.06484861671924591
2026-09-02 03:33:00,0.06484861671924591
2026-09-02 03:34:00,0.06484861671924591
2026-09-02 03:35:00,0.061566093005239964
2026-09-02 03:36:00,0.061566093005239964
2026-09-02 03:37:00,0.061566093005239964
2026-09-02 03:38:00,0.061566093005239964
2026-09-02 03:39:00,0.061566093005239964
2026-09-02 03:40:00,0.13760170433670282
2026-09-02 03:41:00,0.13760170433670282
2026-09-02 03:42:00,0.13760170433670282
2026-09-02 03:43:00,0.13760170433670282
2026-09-02 03:44:00,0.13760170433670282
2026-09-02 03:45:00,0.160948329915603
2026-09-02 03:46:00,0.160948329915603
2026-09-02 03:47:00,0.160948329915603
2026-09-02 03:48:00,0.160948329915603
2026-09-02 03:49:00,0.160948329915603
2026-09-02 03:50:00,0.21137885190546513
2026-09-02 03:51:00,0.21137885190546513
2026-09-02 03:52:00,0.21137885190546513
2026-09-02 03:53:00,0.21137885190546513
2026-09-02 03:54:00,0.21137885190546513
2026-09-02 03:55:00,0.37377506494522095
2026-09-02 03:56:00,0.37377506494522095
2026-09-02 03:57:00,0.37377506494522095
2026-09-02 03:58:00,0.37377506494522095
2026-09-02 03:59:00,0.37377506494522095
