timestamp,jepa_score
2026-08-19 04:00:00,0.0
2026-08-19 04:01:00,0.0
2026-08-19 04:02:00,0.0
2026-08-19 04:03:00,0.0
2026-08-19 04:04:00,0.0
2026-08-19 04:05:00,0.0
2026-08-19 04:06:00,0.0
2026-08-19 04:07:00,0.0
2026-08-19 04:08:00,0.0
2026-08-19 04:09:00,0.0
2026-08-19 04:10:00,0.0
2026-08-19 04:11:00,0.0
2026-08-19 04:12:00,0.0
2026-08-19 04:13:00,0.0
2026-08-19 04:14:00,0.0
2026-08-19 04:15:00,0.0
2026-08-19 04:16:00,0.0
2026-08-19 04:17:00,0.0
2026-08-19 04:18:00,0.0
2026-08-19 04:19:00,0.0
2026-08-19 04:20:00,0.0
2026-08-19 04:21:00,0.0
2026-08-19 04:22:00,0.0
2026-08-19 04:23:00,0.0
2026-08-19 04:24:00,0.0
2026-08-19 04:25:00,0.0
2026-08-19 04:26:00,0.0
2026-08-19 04:27:00,0.0
2026-08-19 04:28:00,0.0
2026-08-19 04:29:00,0.0
2026-08-19 04:30:00,0.0
2026-08-19 04:31:00,0.0
2026-08-19 04:32:00,0.0
2026-08-19 04:33:00,0.0
2026-08-19 04:34:00,0.0
2026-08-19 04:35:00,0.0
2026-08-19 04:36:00,0.0
2026-08-19 04:37:00,0.0
2026-08-19 04:38:00,0.0
2026-08-19 04:39:00,0.0
2026-08-19 04:40:00,0.0
2026-08-19 04:41:00,0.0
2026-08-19 04:42:00,0.0
2026-08-19 04:43:00,0.0
2026-08-19 04:44:00,0.0
2026-08-19 04:45:00,0.0
2026-08-19 04:46:00,0.0
2026-08-19 04:47:00,0.0
2026-08-19 04:48:00,0.0
2026-08-19 04:49:00,0.0
2026-08-19 04:50:00,0.0
2026-08-19 04:51:00,0.0
2026-08-19 04:52:00,0.0
2026-08-19 04:53:00,0.0
2026-08-19 04:54:00,0.0
2026-08-19 04:55:00,0.0
2026-08-19 04:56:00,0.0
2026-08-19 04:57:00,0.0
2026-08-19 04:58:00,0.0
2026-08-19 04:59:00,0.0
2026-08-19 05:00:00,0.08606147766113281
2026-08-19 05:01:00,0.08606147766113281
2026-08-19 05:02:00,0.08606147766113281
2026-08-19 05:03:00,0.08606147766113281
2026-08-19 05:04:00,0.08606147766113281
2026-08-19 05:05:00,0.0781327672302723
2026-08-19 05:06:00,0.0781327672302723
2026-08-19 05:07:00,0.0781327672302723
2026-08-19 05:08:00,0.0781327672302723
2026-08-19 05:09:00,0.0781327672302723
2026-08-19 05:10:00,0.07452716430028279
2026-08-19 05:11:00,0.07452716430028279
2026-08-19 05:12:00,0.07452716430028279
2026-08-19 05:13:00,0.07452716430028279
2026-08-19 05:14:00,0.07452716430028279
2026-08-19 05:15:00,0.07222042046487331
2026-08-19 05:16:00,0.07222042046487331
2026-08-19 05:17:00,0.07222042046487331
2026-08-19 05:18:00,0.07222042046487331
2026-08-19 05:19:00,0.07222042046487331
2026-08-19 05:20:00,0.06523416750133038
2026-08-19 05:21:00,0.06523416750133038
2026-08-19 05:22:00,0.06523416750133038
2026-08-19 05:23:00,0.06523416750133038
2026-08-19 05:24:00,0.06523416750133038
2026-08-19 05:25:00,0.062235698103904724
2026-08-19 05:26:00,0.062235698103904724
2026-08-19 05:27:00,0.062235698103904724
2026-08-19 05:28:00,0.062235698103904724
2026-08-19 05:29:00,0.062235698103904724
2026-08-19 05:30:00,0.061388542875647545
2026-08-19 05:31:00,0.061388542875647545
2026-08-19 05:32:00,0.061388542875647545
2026-08-19 05:33:00,0.061388542875647545
2026-08-19 05:34:00,0.061388542875647545
2026-08-19 05:35:00,0.06203386187553406
2026-08-19 05:36:00,0.06203386187553406
2026-08-19 05:37:00,0.06203386187553406
2026-08-19 05:38:00,0.06203386187553406
2026-08-19 05:39:00,0.06203386187553406
2026-08-19 05:40:00,0.06572742201387882
2026-08-19 05:41:00,0.06572742201387882
2026-08-19 05:42:00,0.06572742201387882
2026-08-19 05:43:00,0.06572742201387882
2026-08-19 05:44:00,0.06572742201387882
2026-08-19 05:45:00,0.06931273266673088
2026-08-19 05:46:00,0.06931273266673088
2026-08-19 05:47:00,0.06931273266673088
2026-08-19 05:48:00,0.06931273266673088
2026-08-19 05:49:00,0.06931273266673088
2026-08-19 05:50:00,0.06849465891718864
2026-08-19 05:51:00,0.06849465891718864
2026-08-19 05:52:00,0.06849465891718864
2026-08-19 05:53:00,0.06849465891718864
2026-08-19 05:54:00,0.06849465891718864
2026-08-19 05:55:00,0.06660578213632107
2026-08-19 05:56:00,0.06660578213632107
2026-08-19 05:57:00,0.06660578213632107
2026-08-19 05:58:00,0.06660578213632107
2026-08-19 05:59:00,0.06660578213632107
2026-08-19 06:00:00,0.0630711829289794
2026-08-19 06:01:00,0.0630711829289794
2026-08-19 06:02:00,0.0630711829289794
2026-08-19 06:03:00,0.0630711829289794
2026-08-19 06:04:00,0.0630711829289794
2026-08-19 06:05:00,0.059896466322243214
2026-08-19 06:06:00,0.059896466322243214
2026-08-19 06:07:00,0.059896466322243214
2026-08-19 06:08:00,0.059896466322243214
2026-08-19 06:09:00,0.059896466322243214
2026-08-19 06:10:00,0.3635608712211251
2026-08-19 06:11:00,0.3635608712211251
2026-08-19 06:12:00,0.3635608712211251
2026-08-19 06:13:00,0.3635608712211251
2026-08-19 06:14:00,0.3635608712211251
2026-08-19 06:15:00,0.6678532278165221
2026-08-19 06:16:00,0.6678532278165221
2026-08-19 06:17:00,0.6678532278165221
2026-08-19 06:18:00,0.6678532278165221
2026-08-19 06:19:00,0.6678532278165221
2026-08-19 06:20:00,0.9728345759212971
2026-08-19 06:21:00,0.9728345759212971
2026-08-19 06:22:00,0.9728345759212971
2026-08-19 06:23:00,0.9728345759212971
2026-08-19 06:24:00,0.9728345759212971
2026-08-19 06:25:00,1.2774848937988281
2026-08-19 06:26:00,1.2774848937988281
2026-08-19 06:27:00,1.2774848937988281
2026-08-19 06:28:00,1.2774848937988281
2026-08-19 06:29:00,1.2774848937988281
2026-08-19 06:30:00,1.0320436283946037
2026-08-19 06:31:00,1.0320436283946037
2026-08-19 06:32:00,1.0320436283946037
2026-08-19 06:33:00,1.0320436283946037
2026-08-19 06:34:00,1.0320436283946037
2026-08-19 06:35:00,0.7855124175548553
2026-08-19 06:36:00,0.7855124175548553
2026-08-19 06:37:00,0.7855124175548553
2026-08-19 06:38:00,0.7855124175548553
2026-08-19 06:39:00,0.7855124175548553
2026-08-19 06:40:00,0.5394636616110802
2026-08-19 06:41:00,0.5394636616110802
2026-08-19 06:42:00,0.5394636616110802
2026-08-19 06:43:00,0.5394636616110802
2026-08-19 06:44:00,0.5394636616110802
2026-08-19 06:45:00,0.2942901849746704
2026-08-19 06:46:00,0.2942901849746704
2026-08-19 06:47:00,0.2942901849746704
2026-08-19 06:48:00,0.2942901849746704
2026-08-19 06:49:00,0.2942901849746704
2026-08-19 06:50:00,0.29722820222377777
2026-08-19 06:51:00,0.29722820222377777
2026-08-19 06:52:00,0.29722820222377777
2026-08-19 06:53:00,0.29722820222377777
2026-08-19 06:54:00,0.29722820222377777
2026-08-19 06:55:00,0.3017706274986267
2026-08-19 06:56:00,0.3017706274986267
2026-08-19 06:57:00,0.3017706274986267
2026-08-19 06:58:00,0.3017706274986267
2026-08-19 06:59:00,0.3017706274986267
2026-08-19 07:00:00,0.30391448736190796
2026-08-19 07:01:00,0.30391448736190796
2026-08-19 07:02:00,0.30391448736190796
2026-08-19 07:03:00,0.30391448736190796
2026-08-19 07:04:00,0.30391448736190796
2026-08-19 07:05:00,0.30485156178474426
2026-08-19 07:06:00,0.30485156178474426
2026-08-19 07:07:00,0.30485156178474426
2026-08-19 07:08:00,0.30485156178474426
2026-08-19 07:09:00,0.30485156178474426
2026-08-19 07:10:00,0.3034505769610405
2026-08-19 07:11:00,0.3034505769610405
2026-08-19 07:12:00,0.3034505769610405
2026-08-19 07:13:00,0.3034505769610405
2026-08-19 07:14:00,0.3034505769610405
2026-08-19 07:15:00,0.30089542269706726
2026-08-19 07:16:00,0.30089542269706726
2026-08-19 07:17:00,0.30089542269706726
2026-08-19 07:18:00,0.30089542269706726
2026-08-19 07:19:00,0.30089542269706726
2026-08-19 07:20:00,0.30033522844314575
2026-08-19 07:21:00,0.30033522844314575
2026-08-19 07:22:00,0.30033522844314575
2026-08-19 07:23:00,0.30033522844314575
2026-08-19 07:24:00,0.30033522844314575
2026-08-19 07:25:00,0.30268480628728867
2026-08-19 07:26:00,0.30268480628728867
2026-08-19 07:27:00,0.30268480628728867
2026-08-19 07:28:00,0.30268480628728867
2026-08-19 07:29:00,0.30268480628728867
2026-08-19 07:30:00,0.24570029973983765
2026-08-19 07:31:00,0.24570029973983765
2026-08-19 07:32:00,0.24570029973983765
2026-08-19 07:33:00,0.24570029973983765
2026-08-19 07:34:00,0.24570029973983765
2026-08-19 07:35:00,0.18894545547664165
2026-08-19 07:36:00,0.18894545547664165
2026-08-19 07:37:00,0.18894545547664165
2026-08-19 07:38:00,0.18894545547664165
2026-08-19 07:39:00,0.18894545547664165
2026-08-19 07:40:00,0.13219029083848
2026-08-19 07:41:00,0.13219029083848
2026-08-19 07:42:00,0.13219029083848
2026-08-19 07:43:00,0.13219029083848
2026-08-19 07:44:00,0.13219029083848
2026-08-19 07:45:00,0.07072845101356506
2026-08-19 07:46:00,0.07072845101356506
2026-08-19 07:47:00,0.07072845101356506
2026-08-19 07:48:00,0.07072845101356506
2026-08-19 07:49:00,0.07072845101356506
2026-08-19 07:50:00,0.06767098419368267
2026-08-19 07:51:00,0.06767098419368267
2026-08-19 07:52:00,0.06767098419368267
2026-08-19 07:53:00,0.06767098419368267
2026-08-19 07:54:00,0.06767098419368267
2026-08-19 07:55:00,0.06449390482157469
2026-08-19 07:56:00,0.06449390482157469
2026-08-19 07:57:00,0.06449390482157469
2026-08-19 07:58:00,0.06449390482157469
2026-08-19 07:59:00,0.06449390482157469
2026-08-19 08:00:00,0.060627320781350136
2026-08-19 08:01:00,0.060627320781350136
2026-08-19 08:02:00,0.060627320781350136
2026-08-19 08:03:00,0.060627320781350136
2026-08-19 08:04:00,0.060627320781350136
2026-08-19 08:05:00,0.06030192784965038
2026-08-19 08:06:00,0.06030192784965038
2026-08-19 08:07:00,0.06030192784965038
2026-08-19 08:08:00,0.06030192784965038
2026-08-19 08:09:00,0.06030192784965038
2026-08-19 08:10:00,0.060976036824285984
2026-08-19 08:11:00,0.060976036824285984
2026-08-19 08:12:00,0.060976036824285984
2026-08-19 08:13:00,0.060976036824285984
2026-08-19 08:14:00,0.060976036824285984
2026-08-19 08:15:00,0.0612960709258914
2026-08-19 08:16:00,0.0612960709258914
2026-08-19 08:17:00,0.0612960709258914
2026-08-19 08:18:00,0.0612960709258914
2026-08-19 08:19:00,0.0612960709258914
2026-08-19 08:20:00,0.06177645828574896
2026-08-19 08:21:00,0.06177645828574896
2026-08-19 08:22:00,0.06177645828574896
2026-08-19 08:23:00,0.06177645828574896
2026-08-19 08:24:00,0.06177645828574896
2026-08-19 08:25:00,0.06154290121048689
2026-08-19 08:26:00,0.06154290121048689
2026-08-19 08:27:00,0.06154290121048689
2026-08-19 08:28:00,0.06154290121048689
2026-08-19 08:29:00,0.06154290121048689
2026-08-19 08:30:00,0.0614733686670661
2026-08-19 08:31:00,0.0614733686670661
2026-08-19 08:32:00,0.0614733686670661
2026-08-19 08:33:00,0.0614733686670661
2026-08-19 08:34:00,0.0614733686670661
2026-08-19 08:35:00,0.06264137290418148
2026-08-19 08:36:00,0.06264137290418148
2026-08-19 08:37:00,0.06264137290418148
2026-08-19 08:38:00,0.06264137290418148
2026-08-19 08:39:00,0.06264137290418148
2026-08-19 08:40:00,0.07269736845046282
2026-08-19 08:41:00,0.07269736845046282
2026-08-19 08:42:00,0.07269736845046282
2026-08-19 08:43:00,0.07269736845046282
2026-08-19 08:44:00,0.07269736845046282
2026-08-19 08:45:00,0.08365329261869192
2026-08-19 08:46:00,0.08365329261869192
2026-08-19 08:47:00,0.08365329261869192
2026-08-19 08:48:00,0.08365329261869192
2026-08-19 08:49:00,0.08365329261869192
2026-08-19 08:50:00,0.09370656311511993
2026-08-19 08:51:00,0.09370656311511993
2026-08-19 08:52:00,0.09370656311511993
2026-08-19 08:53:00,0.09370656311511993
2026-08-19 08:54:00,0.09370656311511993
2026-08-19 08:55:00,0.10042990185320377
2026-08-19 08:56:00,0.10042990185320377
2026-08-19 08:57:00,0.10042990185320377
2026-08-19 08:58:00,0.10042990185320377
2026-08-19 08:59:00,0.10042990185320377
2026-08-19 09:00:00,0.09688478708267212
2026-08-19 09:01:00,0.09688478708267212
2026-08-19 09:02:00,0.09688478708267212
2026-08-19 09:03:00,0.09688478708267212
2026-08-19 09:04:00,0.09688478708267212
2026-08-19 09:05:00,0.08952566422522068
2026-08-19 09:06:00,0.08952566422522068
2026-08-19 09:07:00,0.08952566422522068
2026-08-19 09:08:00,0.08952566422522068
2026-08-19 09:09:00,0.08952566422522068
2026-08-19 09:10:00,0.08265994489192963
2026-08-19 09:11:00,0.08265994489192963
2026-08-19 09:12:00,0.08265994489192963
2026-08-19 09:13:00,0.08265994489192963
2026-08-19 09:14:00,0.08265994489192963
2026-08-19 09:15:00,0.07347078900784254
2026-08-19 09:16:00,0.07347078900784254
2026-08-19 09:17:00,0.07347078900784254
2026-08-19 09:18:00,0.07347078900784254
2026-08-19 09:19:00,0.07347078900784254
2026-08-19 09:20:00,0.06552415899932384
2026-08-19 09:21:00,0.06552415899932384
2026-08-19 09:22:00,0.06552415899932384
2026-08-19 09:23:00,0.06552415899932384
2026-08-19 09:24:00,0.06552415899932384
2026-08-19 09:25:00,0.062343329191207886
2026-08-19 09:26:00,0.062343329191207886
2026-08-19 09:27:00,0.062343329191207886
2026-08-19 09:28:00,0.062343329191207886
2026-08-19 09:29:00,0.062343329191207886
2026-08-19 09:30:00,0.06036118045449257
2026-08-19 09:31:00,0.06036118045449257
2026-08-19 09:32:00,0.06036118045449257
2026-08-19 09:33:00,0.06036118045449257
2026-08-19 09:34:00,0.06036118045449257
2026-08-19 09:35:00,0.06450696755200624
2026-08-19 09:36:00,0.06450696755200624
2026-08-19 09:37:00,0.06450696755200624
2026-08-19 09:38:00,0.06450696755200624
2026-08-19 09:39:00,0.06450696755200624
2026-08-19 09:40:00,0.06607749592512846
2026-08-19 09:41:00,0.06607749592512846
2026-08-19 09:42:00,0.06607749592512846
2026-08-19 09:43:00,0.06607749592512846
2026-08-19 09:44:00,0.06607749592512846
2026-08-19 09:45:00,0.065900101326406
2026-08-19 09:46:00,0.065900101326406
2026-08-19 09:47:00,0.065900101326406
2026-08-19 09:48:00,0.065900101326406
2026-08-19 09:49:00,0.065900101326406
2026-08-19 09:50:00,0.06840694043785334
2026-08-19 09:51:00,0.06840694043785334
2026-08-19 09:52:00,0.06840694043785334
2026-08-19 09:53:00,0.06840694043785334
2026-08-19 09:54:00,0.06840694043785334
2026-08-19 09:55:00,0.07141899038106203
2026-08-19 09:56:00,0.07141899038106203
2026-08-19 09:57:00,0.07141899038106203
2026-08-19 09:58:00,0.07141899038106203
2026-08-19 09:59:00,0.07141899038106203
2026-08-19 10:00:00,0.07874898053705692
2026-08-19 10:01:00,0.07874898053705692
2026-08-19 10:02:00,0.07874898053705692
2026-08-19 10:03:00,0.07874898053705692
2026-08-19 10:04:00,0.07874898053705692
2026-08-19 10:05:00,0.08271442726254463
2026-08-19 10:06:00,0.08271442726254463
2026-08-19 10:07:00,0.08271442726254463
2026-08-19 10:08:00,0.08271442726254463
2026-08-19 10:09:00,0.08271442726254463
2026-08-19 10:10:00,0.12457791529595852
2026-08-19 10:11:00,0.12457791529595852
2026-08-19 10:12:00,0.12457791529595852
2026-08-19 10:13:00,0.12457791529595852
2026-08-19 10:14:00,0.12457791529595852
2026-08-19 10:15:00,0.1637047454714775
2026-08-19 10:16:00,0.1637047454714775
2026-08-19 10:17:00,0.1637047454714775
2026-08-19 10:18:00,0.1637047454714775
2026-08-19 10:19:00,0.1637047454714775
2026-08-19 10:20:00,0.20197869464755058
2026-08-19 10:21:00,0.20197869464755058
2026-08-19 10:22:00,0.20197869464755058
2026-08-19 10:23:00,0.20197869464755058
2026-08-19 10:24:00,0.20197869464755058
2026-08-19 10:25:00,0.24320271983742714
2026-08-19 10:26:00,0.24320271983742714
2026-08-19 10:27:00,0.24320271983742714
2026-08-19 10:28:00,0.24320271983742714
2026-08-19 10:29:00,0.24320271983742714
2026-08-19 10:30:00,0.1996093988418579
2026-08-19 10:31:00,0.1996093988418579
2026-08-19 10:32:00,0.1996093988418579
2026-08-19 10:33:00,0.1996093988418579
2026-08-19 10:34:00,0.1996093988418579
2026-08-19 10:35:00,0.15563921444118023
2026-08-19 10:36:00,0.15563921444118023
2026-08-19 10:37:00,0.15563921444118023
2026-08-19 10:38:00,0.15563921444118023
2026-08-19 10:39:00,0.15563921444118023
2026-08-19 10:40:00,0.11138305068016052
2026-08-19 10:41:00,0.11138305068016052
2026-08-19 10:42:00,0.11138305068016052
2026-08-19 10:43:00,0.11138305068016052
2026-08-19 10:44:00,0.11138305068016052
2026-08-19 10:45:00,0.06771190464496613
2026-08-19 10:46:00,0.06771190464496613
2026-08-19 10:47:00,0.06771190464496613
2026-08-19 10:48:00,0.06771190464496613
2026-08-19 10:49:00,0.06771190464496613
2026-08-19 10:50:00,0.06876274570822716
2026-08-19 10:51:00,0.06876274570822716
2026-08-19 10:52:00,0.06876274570822716
2026-08-19 10:53:00,0.06876274570822716
2026-08-19 10:54:00,0.06876274570822716
2026-08-19 10:55:00,0.07132375799119473
2026-08-19 10:56:00,0.07132375799119473
2026-08-19 10:57:00,0.07132375799119473
2026-08-19 10:58:00,0.07132375799119473
2026-08-19 10:59:00,0.07132375799119473
2026-08-19 11:00:00,0.07231910154223442
2026-08-19 11:01:00,0.07231910154223442
2026-08-19 11:02:00,0.07231910154223442
2026-08-19 11:03:00,0.07231910154223442
2026-08-19 11:04:00,0.07231910154223442
2026-08-19 11:05:00,0.07315049134194851
2026-08-19 11:06:00,0.07315049134194851
2026-08-19 11:07:00,0.07315049134194851
2026-08-19 11:08:00,0.07315049134194851
2026-08-19 11:09:00,0.07315049134194851
2026-08-19 11:10:00,0.10571068339049816
2026-08-19 11:11:00,0.10571068339049816
2026-08-19 11:12:00,0.10571068339049816
2026-08-19 11:13:00,0.10571068339049816
2026-08-19 11:14:00,0.10571068339049816
2026-08-19 11:15:00,0.13692686520516872
2026-08-19 11:16:00,0.13692686520516872
2026-08-19 11:17:00,0.13692686520516872
2026-08-19 11:18:00,0.13692686520516872
2026-08-19 11:19:00,0.13692686520516872
2026-08-19 11:20:00,0.1700465176254511
2026-08-19 11:21:00,0.1700465176254511
2026-08-19 11:22:00,0.1700465176254511
2026-08-19 11:23:00,0.1700465176254511
2026-08-19 11:24:00,0.1700465176254511
2026-08-19 11:25:00,0.20316337049007416
2026-08-19 11:26:00,0.20316337049007416
2026-08-19 11:27:00,0.20316337049007416
2026-08-19 11:28:00,0.20316337049007416
2026-08-19 11:29:00,0.20316337049007416
2026-08-19 11:30:00,0.16976053453981876
2026-08-19 11:31:00,0.16976053453981876
2026-08-19 11:32:00,0.16976053453981876
2026-08-19 11:33:00,0.16976053453981876
2026-08-19 11:34:00,0.16976053453981876
2026-08-19 11:35:00,0.1332432795315981
2026-08-19 11:36:00,0.1332432795315981
2026-08-19 11:37:00,0.1332432795315981
2026-08-19 11:38:00,0.1332432795315981
2026-08-19 11:39:00,0.1332432795315981
2026-08-19 11:40:00,0.09629709180444479
2026-08-19 11:41:00,0.09629709180444479
2026-08-19 11:42:00,0.09629709180444479
2026-08-19 11:43:00,0.09629709180444479
2026-08-19 11:44:00,0.09629709180444479
2026-08-19 11:45:00,0.05959068983793259
2026-08-19 11:46:00,0.05959068983793259
2026-08-19 11:47:00,0.05959068983793259
2026-08-19 11:48:00,0.05959068983793259
2026-08-19 11:49:00,0.05959068983793259
2026-08-19 11:50:00,0.058743447065353394
2026-08-19 11:51:00,0.058743447065353394
2026-08-19 11:52:00,0.058743447065353394
2026-08-19 11:53:00,0.058743447065353394
2026-08-19 11:54:00,0.058743447065353394
2026-08-19 11:55:00,0.06400668993592262
2026-08-19 11:56:00,0.06400668993592262
2026-08-19 11:57:00,0.06400668993592262
2026-08-19 11:58:00,0.06400668993592262
2026-08-19 11:59:00,0.06400668993592262
2026-08-19 12:00:00,0.07296051550656557
2026-08-19 12:01:00,0.07296051550656557
2026-08-19 12:02:00,0.07296051550656557
2026-08-19 12:03:00,0.07296051550656557
2026-08-19 12:04:00,0.07296051550656557
2026-08-19 12:05:00,0.10524434223771095
2026-08-19 12:06:00,0.10524434223771095
2026-08-19 12:07:00,0.10524434223771095
2026-08-19 12:08:00,0.10524434223771095
2026-08-19 12:09:00,0.10524434223771095
2026-08-19 12:10:00,0.137387340888381
2026-08-19 12:11:00,0.137387340888381
2026-08-19 12:12:00,0.137387340888381
2026-08-19 12:13:00,0.137387340888381
2026-08-19 12:14:00,0.137387340888381
2026-08-19 12:15:00,0.17234132625162601
2026-08-19 12:16:00,0.17234132625162601
2026-08-19 12:17:00,0.17234132625162601
2026-08-19 12:18:00,0.17234132625162601
2026-08-19 12:19:00,0.17234132625162601
2026-08-19 12:20:00,0.19172371551394463
2026-08-19 12:21:00,0.19172371551394463
2026-08-19 12:22:00,0.19172371551394463
2026-08-19 12:23:00,0.19172371551394463
2026-08-19 12:24:00,0.19172371551394463
2026-08-19 12:25:00,0.16470758616924286
2026-08-19 12:26:00,0.16470758616924286
2026-08-19 12:27:00,0.16470758616924286
2026-08-19 12:28:00,0.16470758616924286
2026-08-19 12:29:00,0.16470758616924286
2026-08-19 12:30:00,0.13119657896459103
2026-08-19 12:31:00,0.13119657896459103
2026-08-19 12:32:00,0.13119657896459103
2026-08-19 12:33:00,0.13119657896459103
2026-08-19 12:34:00,0.13119657896459103
2026-08-19 12:35:00,0.09092477336525917
2026-08-19 12:36:00,0.09092477336525917
2026-08-19 12:37:00,0.09092477336525917
2026-08-19 12:38:00,0.09092477336525917
2026-08-19 12:39:00,0.09092477336525917
2026-08-19 12:40:00,0.06254641897976398
2026-08-19 12:41:00,0.06254641897976398
2026-08-19 12:42:00,0.06254641897976398
2026-08-19 12:43:00,0.06254641897976398
2026-08-19 12:44:00,0.06254641897976398
2026-08-19 12:45:00,0.05567411798983812
2026-08-19 12:46:00,0.05567411798983812
2026-08-19 12:47:00,0.05567411798983812
2026-08-19 12:48:00,0.05567411798983812
2026-08-19 12:49:00,0.05567411798983812
2026-08-19 12:50:00,0.05392985977232456
2026-08-19 12:51:00,0.05392985977232456
2026-08-19 12:52:00,0.05392985977232456
2026-08-19 12:53:00,0.05392985977232456
2026-08-19 12:54:00,0.05392985977232456
2026-08-19 12:55:00,0.05363283399492502
2026-08-19 12:56:00,0.05363283399492502
2026-08-19 12:57:00,0.05363283399492502
2026-08-19 12:58:00,0.05363283399492502
2026-08-19 12:59:00,0.05363283399492502
2026-08-19 13:00:00,0.05369572713971138
2026-08-19 13:01:00,0.05369572713971138
2026-08-19 13:02:00,0.05369572713971138
2026-08-19 13:03:00,0.05369572713971138
2026-08-19 13:04:00,0.05369572713971138
2026-08-19 13:05:00,0.0546660702675581
2026-08-19 13:06:00,0.0546660702675581
2026-08-19 13:07:00,0.0546660702675581
2026-08-19 13:08:00,0.0546660702675581
2026-08-19 13:09:00,0.0546660702675581
2026-08-19 13:10:00,0.05363937187939882
2026-08-19 13:11:00,0.05363937187939882
2026-08-19 13:12:00,0.05363937187939882
2026-08-19 13:13:00,0.05363937187939882
2026-08-19 13:14:00,0.05363937187939882
2026-08-19 13:15:00,0.0559622123837471
2026-08-19 13:16:00,0.0559622123837471
2026-08-19 13:17:00,0.0559622123837471
2026-08-19 13:18:00,0.0559622123837471
2026-08-19 13:19:00,0.0559622123837471
2026-08-19 13:20:00,0.05871874373406172
2026-08-19 13:21:00,0.05871874373406172
2026-08-19 13:22:00,0.05871874373406172
2026-08-19 13:23:00,0.05871874373406172
2026-08-19 13:24:00,0.05871874373406172
2026-08-19 13:25:00,0.06136648915708065
2026-08-19 13:26:00,0.06136648915708065
2026-08-19 13:27:00,0.06136648915708065
2026-08-19 13:28:00,0.06136648915708065
2026-08-19 13:29:00,0.06136648915708065
2026-08-19 13:30:00,0.06783095374703407
2026-08-19 13:31:00,0.06783095374703407
2026-08-19 13:32:00,0.06783095374703407
2026-08-19 13:33:00,0.06783095374703407
2026-08-19 13:34:00,0.06783095374703407
2026-08-19 13:35:00,0.069813696667552
2026-08-19 13:36:00,0.069813696667552
2026-08-19 13:37:00,0.069813696667552
2026-08-19 13:38:00,0.069813696667552
2026-08-19 13:39:00,0.069813696667552
2026-08-19 13:40:00,0.0710251834243536
2026-08-19 13:41:00,0.0710251834243536
2026-08-19 13:42:00,0.0710251834243536
2026-08-19 13:43:00,0.0710251834243536
2026-08-19 13:44:00,0.0710251834243536
2026-08-19 13:45:00,0.07206062600016594
2026-08-19 13:46:00,0.07206062600016594
2026-08-19 13:47:00,0.07206062600016594
2026-08-19 13:48:00,0.07206062600016594
2026-08-19 13:49:00,0.07206062600016594
2026-08-19 13:50:00,0.06831631530076265
2026-08-19 13:51:00,0.06831631530076265
2026-08-19 13:52:00,0.06831631530076265
2026-08-19 13:53:00,0.06831631530076265
2026-08-19 13:54:00,0.06831631530076265
2026-08-19 13:55:00,0.0651142867282033
2026-08-19 13:56:00,0.0651142867282033
2026-08-19 13:57:00,0.0651142867282033
2026-08-19 13:58:00,0.0651142867282033
2026-08-19 13:59:00,0.0651142867282033
2026-08-19 14:00:00,0.06289765611290932
2026-08-19 14:01:00,0.06289765611290932
2026-08-19 14:02:00,0.06289765611290932
2026-08-19 14:03:00,0.06289765611290932
2026-08-19 14:04:00,0.06289765611290932
2026-08-19 14:05:00,0.06163899414241314
2026-08-19 14:06:00,0.06163899414241314
2026-08-19 14:07:00,0.06163899414241314
2026-08-19 14:08:00,0.06163899414241314
2026-08-19 14:09:00,0.06163899414241314
2026-08-19 14:10:00,0.06538954097777605
2026-08-19 14:11:00,0.06538954097777605
2026-08-19 14:12:00,0.06538954097777605
2026-08-19 14:13:00,0.06538954097777605
2026-08-19 14:14:00,0.06538954097777605
2026-08-19 14:15:00,0.06832765508443117
2026-08-19 14:16:00,0.06832765508443117
2026-08-19 14:17:00,0.06832765508443117
2026-08-19 14:18:00,0.06832765508443117
2026-08-19 14:19:00,0.06832765508443117
2026-08-19 14:20:00,0.0684591056779027
2026-08-19 14:21:00,0.0684591056779027
2026-08-19 14:22:00,0.0684591056779027
2026-08-19 14:23:00,0.0684591056779027
2026-08-19 14:24:00,0.0684591056779027
2026-08-19 14:25:00,0.06672041211277246
2026-08-19 14:26:00,0.06672041211277246
2026-08-19 14:27:00,0.06672041211277246
2026-08-19 14:28:00,0.06672041211277246
2026-08-19 14:29:00,0.06672041211277246
2026-08-19 14:30:00,0.06155342701822519
2026-08-19 14:31:00,0.06155342701822519
2026-08-19 14:32:00,0.06155342701822519
2026-08-19 14:33:00,0.06155342701822519
2026-08-19 14:34:00,0.06155342701822519
2026-08-19 14:35:00,0.05848101060837507
2026-08-19 14:36:00,0.05848101060837507
2026-08-19 14:37:00,0.05848101060837507
2026-08-19 14:38:00,0.05848101060837507
2026-08-19 14:39:00,0.05848101060837507
2026-08-19 14:40:00,0.05670065060257912
2026-08-19 14:41:00,0.05670065060257912
2026-08-19 14:42:00,0.05670065060257912
2026-08-19 14:43:00,0.05670065060257912
2026-08-19 14:44:00,0.05670065060257912
2026-08-19 14:45:00,0.05732735898345709
2026-08-19 14:46:00,0.05732735898345709
2026-08-19 14:47:00,0.05732735898345709
2026-08-19 14:48:00,0.05732735898345709
2026-08-19 14:49:00,0.05732735898345709
2026-08-19 14:50:00,0.05937152449041605
2026-08-19 14:51:00,0.05937152449041605
2026-08-19 14:52:00,0.05937152449041605
2026-08-19 14:53:00,0.05937152449041605
2026-08-19 14:54:00,0.05937152449041605
2026-08-19 14:55:00,0.060394045896828175
2026-08-19 14:56:00,0.060394045896828175
2026-08-19 14:57:00,0.060394045896828175
2026-08-19 14:58:00,0.060394045896828175
2026-08-19 14:59:00,0.060394045896828175
2026-08-19 15:00:00,0.0624511307105422
2026-08-19 15:01:00,0.0624511307105422
2026-08-19 15:02:00,0.0624511307105422
2026-08-19 15:03:00,0.0624511307105422
2026-08-19 15:04:00,0.0624511307105422
2026-08-19 15:05:00,0.06284451857209206
2026-08-19 15:06:00,0.06284451857209206
2026-08-19 15:07:00,0.06284451857209206
2026-08-19 15:08:00,0.06284451857209206
2026-08-19 15:09:00,0.06284451857209206
2026-08-19 15:10:00,0.062451381236314774
2026-08-19 15:11:00,0.062451381236314774
2026-08-19 15:12:00,0.062451381236314774
2026-08-19 15:13:00,0.062451381236314774
2026-08-19 15:14:00,0.062451381236314774
2026-08-19 15:15:00,0.0658669974654913
2026-08-19 15:16:00,0.0658669974654913
2026-08-19 15:17:00,0.0658669974654913
2026-08-19 15:18:00,0.0658669974654913
2026-08-19 15:19:00,0.0658669974654913
2026-08-19 15:20:00,0.0648704506456852
2026-08-19 15:21:00,0.0648704506456852
2026-08-19 15:22:00,0.0648704506456852
2026-08-19 15:23:00,0.0648704506456852
2026-08-19 15:24:00,0.0648704506456852
2026-08-19 15:25:00,0.063393983989954
2026-08-19 15:26:00,0.063393983989954
2026-08-19 15:27:00,0.063393983989954
2026-08-19 15:28:00,0.063393983989954
2026-08-19 15:29:00,0.063393983989954
2026-08-19 15:30:00,0.06195385940372944
2026-08-19 15:31:00,0.06195385940372944
2026-08-19 15:32:00,0.06195385940372944
2026-08-19 15:33:00,0.06195385940372944
2026-08-19 15:34:00,0.06195385940372944
2026-08-19 15:35:00,0.058082244358956814
2026-08-19 15:36:00,0.058082244358956814
2026-08-19 15:37:00,0.058082244358956814
2026-08-19 15:38:00,0.058082244358956814
2026-08-19 15:39:00,0.058082244358956814
2026-08-19 15:40:00,0.057948023080825806
2026-08-19 15:41:00,0.057948023080825806
2026-08-19 15:42:00,0.057948023080825806
2026-08-19 15:43:00,0.057948023080825806
2026-08-19 15:44:00,0.057948023080825806
2026-08-19 15:45:00,0.0579734705388546
2026-08-19 15:46:00,0.0579734705388546
2026-08-19 15:47:00,0.0579734705388546
2026-08-19 15:48:00,0.0579734705388546
2026-08-19 15:49:00,0.0579734705388546
2026-08-19 15:50:00,0.05997447855770588
2026-08-19 15:51:00,0.05997447855770588
2026-08-19 15:52:00,0.05997447855770588
2026-08-19 15:53:00,0.05997447855770588
2026-08-19 15:54:00,0.05997447855770588
2026-08-19 15:55:00,0.05915107950568199
2026-08-19 15:56:00,0.05915107950568199
2026-08-19 15:57:00,0.05915107950568199
2026-08-19 15:58:00,0.05915107950568199
2026-08-19 15:59:00,0.05915107950568199
2026-08-19 16:00:00,0.05678932648152113
2026-08-19 16:01:00,0.05678932648152113
2026-08-19 16:02:00,0.05678932648152113
2026-08-19 16:03:00,0.05678932648152113
2026-08-19 16:04:00,0.05678932648152113
2026-08-19 16:05:00,0.05555472802370787
2026-08-19 16:06:00,0.05555472802370787
2026-08-19 16:07:00,0.05555472802370787
2026-08-19 16:08:00,0.05555472802370787
2026-08-19 16:09:00,0.05555472802370787
2026-08-19 16:10:00,0.052972039207816124
2026-08-19 16:11:00,0.052972039207816124
2026-08-19 16:12:00,0.052972039207816124
2026-08-19 16:13:00,0.052972039207816124
2026-08-19 16:14:00,0.052972039207816124
2026-08-19 16:15:00,0.05349045433104038
2026-08-19 16:16:00,0.05349045433104038
2026-08-19 16:17:00,0.05349045433104038
2026-08-19 16:18:00,0.05349045433104038
2026-08-19 16:19:00,0.05349045433104038
2026-08-19 16:20:00,0.054682801477611065
2026-08-19 16:21:00,0.054682801477611065
2026-08-19 16:22:00,0.054682801477611065
2026-08-19 16:23:00,0.054682801477611065
2026-08-19 16:24:00,0.054682801477611065
2026-08-19 16:25:00,0.057336111553013325
2026-08-19 16:26:00,0.057336111553013325
2026-08-19 16:27:00,0.057336111553013325
2026-08-19 16:28:00,0.057336111553013325
2026-08-19 16:29:00,0.057336111553013325
2026-08-19 16:30:00,0.06033431924879551
2026-08-19 16:31:00,0.06033431924879551
2026-08-19 16:32:00,0.06033431924879551
2026-08-19 16:33:00,0.06033431924879551
2026-08-19 16:34:00,0.06033431924879551
2026-08-19 16:35:00,0.0635010926052928
2026-08-19 16:36:00,0.0635010926052928
2026-08-19 16:37:00,0.0635010926052928
2026-08-19 16:38:00,0.0635010926052928
2026-08-19 16:39:00,0.0635010926052928
2026-08-19 16:40:00,0.06914486922323704
2026-08-19 16:41:00,0.06914486922323704
2026-08-19 16:42:00,0.06914486922323704
2026-08-19 16:43:00,0.06914486922323704
2026-08-19 16:44:00,0.06914486922323704
2026-08-19 16:45:00,0.0732791181653738
2026-08-19 16:46:00,0.0732791181653738
2026-08-19 16:47:00,0.0732791181653738
2026-08-19 16:48:00,0.0732791181653738
2026-08-19 16:49:00,0.0732791181653738
2026-08-19 16:50:00,0.07718406990170479
2026-08-19 16:51:00,0.07718406990170479
2026-08-19 16:52:00,0.07718406990170479
2026-08-19 16:53:00,0.07718406990170479
2026-08-19 16:54:00,0.07718406990170479
2026-08-19 16:55:00,0.07757850177586079
2026-08-19 16:56:00,0.07757850177586079
2026-08-19 16:57:00,0.07757850177586079
2026-08-19 16:58:00,0.07757850177586079
2026-08-19 16:59:00,0.07757850177586079
2026-08-19 17:00:00,0.07568667642772198
2026-08-19 17:01:00,0.07568667642772198
2026-08-19 17:02:00,0.07568667642772198
2026-08-19 17:03:00,0.07568667642772198
2026-08-19 17:04:00,0.07568667642772198
2026-08-19 17:05:00,0.07410077378153801
2026-08-19 17:06:00,0.07410077378153801
2026-08-19 17:07:00,0.07410077378153801
2026-08-19 17:08:00,0.07410077378153801
2026-08-19 17:09:00,0.07410077378153801
2026-08-19 17:10:00,0.07120436616241932
2026-08-19 17:11:00,0.07120436616241932
2026-08-19 17:12:00,0.07120436616241932
2026-08-19 17:13:00,0.07120436616241932
2026-08-19 17:14:00,0.07120436616241932
2026-08-19 17:15:00,0.0730632096529007
2026-08-19 17:16:00,0.0730632096529007
2026-08-19 17:17:00,0.0730632096529007
2026-08-19 17:18:00,0.0730632096529007
2026-08-19 17:19:00,0.0730632096529007
2026-08-19 17:20:00,0.07502086833119392
2026-08-19 17:21:00,0.07502086833119392
2026-08-19 17:22:00,0.07502086833119392
2026-08-19 17:23:00,0.07502086833119392
2026-08-19 17:24:00,0.07502086833119392
2026-08-19 17:25:00,0.07519709877669811
2026-08-19 17:26:00,0.07519709877669811
2026-08-19 17:27:00,0.07519709877669811
2026-08-19 17:28:00,0.07519709877669811
2026-08-19 17:29:00,0.07519709877669811
2026-08-19 17:30:00,0.07259073667228222
2026-08-19 17:31:00,0.07259073667228222
2026-08-19 17:32:00,0.07259073667228222
2026-08-19 17:33:00,0.07259073667228222
2026-08-19 17:34:00,0.07259073667228222
2026-08-19 17:35:00,0.06751798652112484
2026-08-19 17:36:00,0.06751798652112484
2026-08-19 17:37:00,0.06751798652112484
2026-08-19 17:38:00,0.06751798652112484
2026-08-19 17:39:00,0.06751798652112484
2026-08-19 17:40:00,0.06287845503538847
2026-08-19 17:41:00,0.06287845503538847
2026-08-19 17:42:00,0.06287845503538847
2026-08-19 17:43:00,0.06287845503538847
2026-08-19 17:44:00,0.06287845503538847
2026-08-19 17:45:00,0.05856602918356657
2026-08-19 17:46:00,0.05856602918356657
2026-08-19 17:47:00,0.05856602918356657
2026-08-19 17:48:00,0.05856602918356657
2026-08-19 17:49:00,0.05856602918356657
2026-08-19 17:50:00,0.060032530687749386
2026-08-19 17:51:00,0.060032530687749386
2026-08-19 17:52:00,0.060032530687749386
2026-08-19 17:53:00,0.060032530687749386
2026-08-19 17:54:00,0.060032530687749386
2026-08-19 17:55:00,0.060483889654278755
2026-08-19 17:56:00,0.060483889654278755
2026-08-19 17:57:00,0.060483889654278755
2026-08-19 17:58:00,0.060483889654278755
2026-08-19 17:59:00,0.060483889654278755
2026-08-19 18:00:00,0.06032352335751057
2026-08-19 18:01:00,0.06032352335751057
2026-08-19 18:02:00,0.06032352335751057
2026-08-19 18:03:00,0.06032352335751057
2026-08-19 18:04:00,0.06032352335751057
2026-08-19 18:05:00,0.062359267845749855
2026-08-19 18:06:00,0.062359267845749855
2026-08-19 18:07:00,0.062359267845749855
2026-08-19 18:08:00,0.062359267845749855
2026-08-19 18:09:00,0.062359267845749855
2026-08-19 18:10:00,0.06379713490605354
2026-08-19 18:11:00,0.06379713490605354
2026-08-19 18:12:00,0.06379713490605354
2026-08-19 18:13:00,0.06379713490605354
2026-08-19 18:14:00,0.06379713490605354
2026-08-19 18:15:00,0.2581969639286399
2026-08-19 18:16:00,0.2581969639286399
2026-08-19 18:17:00,0.2581969639286399
2026-08-19 18:18:00,0.2581969639286399
2026-08-19 18:19:00,0.2581969639286399
2026-08-19 18:20:00,0.4551509041339159
2026-08-19 18:21:00,0.4551509041339159
2026-08-19 18:22:00,0.4551509041339159
2026-08-19 18:23:00,0.4551509041339159
2026-08-19 18:24:00,0.4551509041339159
2026-08-19 18:25:00,0.6484677493572235
2026-08-19 18:26:00,0.6484677493572235
2026-08-19 18:27:00,0.6484677493572235
2026-08-19 18:28:00,0.6484677493572235
2026-08-19 18:29:00,0.6484677493572235
2026-08-19 18:30:00,0.8517424464225769
2026-08-19 18:31:00,0.8517424464225769
2026-08-19 18:32:00,0.8517424464225769
2026-08-19 18:33:00,0.8517424464225769
2026-08-19 18:34:00,0.8517424464225769
2026-08-19 18:35:00,0.6689008437097073
2026-08-19 18:36:00,0.6689008437097073
2026-08-19 18:37:00,0.6689008437097073
2026-08-19 18:38:00,0.6689008437097073
2026-08-19 18:39:00,0.6689008437097073
2026-08-19 18:40:00,0.4826222378760576
2026-08-19 18:41:00,0.4826222378760576
2026-08-19 18:42:00,0.4826222378760576
2026-08-19 18:43:00,0.4826222378760576
2026-08-19 18:44:00,0.4826222378760576
2026-08-19 18:45:00,0.2983089964836836
2026-08-19 18:46:00,0.2983089964836836
2026-08-19 18:47:00,0.2983089964836836
2026-08-19 18:48:00,0.2983089964836836
2026-08-19 18:49:00,0.2983089964836836
2026-08-19 18:50:00,0.11533022113144398
2026-08-19 18:51:00,0.11533022113144398
2026-08-19 18:52:00,0.11533022113144398
2026-08-19 18:53:00,0.11533022113144398
2026-08-19 18:54:00,0.11533022113144398
2026-08-19 18:55:00,0.12448074109852314
2026-08-19 18:56:00,0.12448074109852314
2026-08-19 18:57:00,0.12448074109852314
2026-08-19 18:58:00,0.12448074109852314
2026-08-19 18:59:00,0.12448074109852314
2026-08-19 19:00:00,0.13403906673192978
2026-08-19 19:01:00,0.13403906673192978
2026-08-19 19:02:00,0.13403906673192978
2026-08-19 19:03:00,0.13403906673192978
2026-08-19 19:04:00,0.13403906673192978
2026-08-19 19:05:00,0.14358628541231155
2026-08-19 19:06:00,0.14358628541231155
2026-08-19 19:07:00,0.14358628541231155
2026-08-19 19:08:00,0.14358628541231155
2026-08-19 19:09:00,0.14358628541231155
2026-08-19 19:10:00,0.1399635598063469
2026-08-19 19:11:00,0.1399635598063469
2026-08-19 19:12:00,0.1399635598063469
2026-08-19 19:13:00,0.1399635598063469
2026-08-19 19:14:00,0.1399635598063469
2026-08-19 19:15:00,0.13997844979166985
2026-08-19 19:16:00,0.13997844979166985
2026-08-19 19:17:00,0.13997844979166985
2026-08-19 19:18:00,0.13997844979166985
2026-08-19 19:19:00,0.13997844979166985
2026-08-19 19:20:00,0.1422029808163643
2026-08-19 19:21:00,0.1422029808163643
2026-08-19 19:22:00,0.1422029808163643
2026-08-19 19:23:00,0.1422029808163643
2026-08-19 19:24:00,0.1422029808163643
2026-08-19 19:25:00,0.14496345072984695
2026-08-19 19:26:00,0.14496345072984695
2026-08-19 19:27:00,0.14496345072984695
2026-08-19 19:28:00,0.14496345072984695
2026-08-19 19:29:00,0.14496345072984695
2026-08-19 19:30:00,0.14893188327550888
2026-08-19 19:31:00,0.14893188327550888
2026-08-19 19:32:00,0.14893188327550888
2026-08-19 19:33:00,0.14893188327550888
2026-08-19 19:34:00,0.14893188327550888
2026-08-19 19:35:00,0.12948108464479446
2026-08-19 19:36:00,0.12948108464479446
2026-08-19 19:37:00,0.12948108464479446
2026-08-19 19:38:00,0.12948108464479446
2026-08-19 19:39:00,0.12948108464479446
2026-08-19 19:40:00,0.10838985070586205
2026-08-19 19:41:00,0.10838985070586205
2026-08-19 19:42:00,0.10838985070586205
2026-08-19 19:43:00,0.10838985070586205
2026-08-19 19:44:00,0.10838985070586205
2026-08-19 19:45:00,0.08721348084509373
2026-08-19 19:46:00,0.08721348084509373
2026-08-19 19:47:00,0.08721348084509373
2026-08-19 19:48:00,0.08721348084509373
2026-08-19 19:49:00,0.08721348084509373
2026-08-19 19:50:00,0.06467503868043423
2026-08-19 19:51:00,0.06467503868043423
2026-08-19 19:52:00,0.06467503868043423
2026-08-19 19:53:00,0.06467503868043423
2026-08-19 19:54:00,0.06467503868043423
2026-08-19 19:55:00,0.06341023091226816
2026-08-19 19:56:00,0.06341023091226816
2026-08-19 19:57:00,0.06341023091226816
2026-08-19 19:58:00,0.06341023091226816
2026-08-19 19:59:00,0.06341023091226816
2026-08-19 20:00:00,0.06454224418848753
2026-08-19 20:01:00,0.06454224418848753
2026-08-19 20:02:00,0.06454224418848753
2026-08-19 20:03:00,0.06454224418848753
2026-08-19 20:04:00,0.06454224418848753
2026-08-19 20:05:00,0.06558312196284533
2026-08-19 20:06:00,0.06558312196284533
2026-08-19 20:07:00,0.06558312196284533
2026-08-19 20:08:00,0.06558312196284533
2026-08-19 20:09:00,0.06558312196284533
2026-08-19 20:10:00,0.06530884001404047
2026-08-19 20:11:00,0.06530884001404047
2026-08-19 20:12:00,0.06530884001404047
2026-08-19 20:13:00,0.06530884001404047
2026-08-19 20:14:00,0.06530884001404047
2026-08-19 20:15:00,0.06766163744032383
2026-08-19 20:16:00,0.06766163744032383
2026-08-19 20:17:00,0.06766163744032383
2026-08-19 20:18:00,0.06766163744032383
2026-08-19 20:19:00,0.06766163744032383
2026-08-19 20:20:00,0.0717108678072691
2026-08-19 20:21:00,0.0717108678072691
2026-08-19 20:22:00,0.0717108678072691
2026-08-19 20:23:00,0.0717108678072691
2026-08-19 20:24:00,0.0717108678072691
2026-08-19 20:25:00,0.07368212938308716
2026-08-19 20:26:00,0.07368212938308716
2026-08-19 20:27:00,0.07368212938308716
2026-08-19 20:28:00,0.07368212938308716
2026-08-19 20:29:00,0.07368212938308716
2026-08-19 20:30:00,0.07914500311017036
2026-08-19 20:31:00,0.07914500311017036
2026-08-19 20:32:00,0.07914500311017036
2026-08-19 20:33:00,0.07914500311017036
2026-08-19 20:34:00,0.07914500311017036
2026-08-19 20:35:00,0.07896034047007561
2026-08-19 20:36:00,0.07896034047007561
2026-08-19 20:37:00,0.07896034047007561
2026-08-19 20:38:00,0.07896034047007561
2026-08-19 20:39:00,0.07896034047007561
2026-08-19 20:40:00,0.07493199780583382
2026-08-19 20:41:00,0.07493199780583382
2026-08-19 20:42:00,0.07493199780583382
2026-08-19 20:43:00,0.07493199780583382
2026-08-19 20:44:00,0.07493199780583382
2026-08-19 20:45:00,0.07314937189221382
2026-08-19 20:46:00,0.07314937189221382
2026-08-19 20:47:00,0.07314937189221382
2026-08-19 20:48:00,0.07314937189221382
2026-08-19 20:49:00,0.07314937189221382
2026-08-19 20:50:00,0.06904637441039085
2026-08-19 20:51:00,0.06904637441039085
2026-08-19 20:52:00,0.06904637441039085
2026-08-19 20:53:00,0.06904637441039085
2026-08-19 20:54:00,0.06904637441039085
2026-08-19 20:55:00,0.06920679844915867
2026-08-19 20:56:00,0.06920679844915867
2026-08-19 20:57:00,0.06920679844915867
2026-08-19 20:58:00,0.06920679844915867
2026-08-19 20:59:00,0.06920679844915867
2026-08-19 21:00:00,0.06848277151584625
2026-08-19 21:01:00,0.06848277151584625
2026-08-19 21:02:00,0.06848277151584625
2026-08-19 21:03:00,0.06848277151584625
2026-08-19 21:04:00,0.06848277151584625
2026-08-19 21:05:00,0.06884402595460415
2026-08-19 21:06:00,0.06884402595460415
2026-08-19 21:07:00,0.06884402595460415
2026-08-19 21:08:00,0.06884402595460415
2026-08-19 21:09:00,0.06884402595460415
2026-08-19 21:10:00,0.06865927949547768
2026-08-19 21:11:00,0.06865927949547768
2026-08-19 21:12:00,0.06865927949547768
2026-08-19 21:13:00,0.06865927949547768
2026-08-19 21:14:00,0.06865927949547768
2026-08-19 21:15:00,0.06374706421047449
2026-08-19 21:16:00,0.06374706421047449
2026-08-19 21:17:00,0.06374706421047449
2026-08-19 21:18:00,0.06374706421047449
2026-08-19 21:19:00,0.06374706421047449
2026-08-19 21:20:00,0.060331305488944054
2026-08-19 21:21:00,0.060331305488944054
2026-08-19 21:22:00,0.060331305488944054
2026-08-19 21:23:00,0.060331305488944054
2026-08-19 21:24:00,0.060331305488944054
2026-08-19 21:25:00,0.0555667020380497
2026-08-19 21:26:00,0.0555667020380497
2026-08-19 21:27:00,0.0555667020380497
2026-08-19 21:28:00,0.0555667020380497
2026-08-19 21:29:00,0.0555667020380497
2026-08-19 21:30:00,0.051364654675126076
2026-08-19 21:31:00,0.051364654675126076
2026-08-19 21:32:00,0.051364654675126076
2026-08-19 21:33:00,0.051364654675126076
2026-08-19 21:34:00,0.051364654675126076
2026-08-19 21:35:00,0.05210122745484114
2026-08-19 21:36:00,0.05210122745484114
2026-08-19 21:37:00,0.05210122745484114
2026-08-19 21:38:00,0.05210122745484114
2026-08-19 21:39:00,0.05210122745484114
2026-08-19 21:40:00,0.05446631275117397
2026-08-19 21:41:00,0.05446631275117397
2026-08-19 21:42:00,0.05446631275117397
2026-08-19 21:43:00,0.05446631275117397
2026-08-19 21:44:00,0.05446631275117397
2026-08-19 21:45:00,0.05988062918186188
2026-08-19 21:46:00,0.05988062918186188
2026-08-19 21:47:00,0.05988062918186188
2026-08-19 21:48:00,0.05988062918186188
2026-08-19 21:49:00,0.05988062918186188
2026-08-19 21:50:00,0.06439227238297462
2026-08-19 21:51:00,0.06439227238297462
2026-08-19 21:52:00,0.06439227238297462
2026-08-19 21:53:00,0.06439227238297462
2026-08-19 21:54:00,0.06439227238297462
2026-08-19 21:55:00,0.06508578546345234
2026-08-19 21:56:00,0.06508578546345234
2026-08-19 21:57:00,0.06508578546345234
2026-08-19 21:58:00,0.06508578546345234
2026-08-19 21:59:00,0.06508578546345234
2026-08-19 22:00:00,0.06388770043849945
2026-08-19 22:01:00,0.06388770043849945
2026-08-19 22:02:00,0.06388770043849945
2026-08-19 22:03:00,0.06388770043849945
2026-08-19 22:04:00,0.06388770043849945
2026-08-19 22:05:00,0.06080190651118755
2026-08-19 22:06:00,0.06080190651118755
2026-08-19 22:07:00,0.06080190651118755
2026-08-19 22:08:00,0.06080190651118755
2026-08-19 22:09:00,0.06080190651118755
2026-08-19 22:10:00,0.06120007485151291
2026-08-19 22:11:00,0.06120007485151291
2026-08-19 22:12:00,0.06120007485151291
2026-08-19 22:13:00,0.06120007485151291
2026-08-19 22:14:00,0.06120007485151291
2026-08-19 22:15:00,0.0631739366799593
2026-08-19 22:16:00,0.0631739366799593
2026-08-19 22:17:00,0.0631739366799593
2026-08-19 22:18:00,0.0631739366799593
2026-08-19 22:19:00,0.0631739366799593
2026-08-19 22:20:00,0.06183077581226826
2026-08-19 22:21:00,0.06183077581226826
2026-08-19 22:22:00,0.06183077581226826
2026-08-19 22:23:00,0.06183077581226826
2026-08-19 22:24:00,0.06183077581226826
2026-08-19 22:25:00,0.061255594715476036
2026-08-19 22:26:00,0.061255594715476036
2026-08-19 22:27:00,0.061255594715476036
2026-08-19 22:28:00,0.061255594715476036
2026-08-19 22:29:00,0.061255594715476036
2026-08-19 22:30:00,0.06163384020328522
2026-08-19 22:31:00,0.06163384020328522
2026-08-19 22:32:00,0.06163384020328522
2026-08-19 22:33:00,0.06163384020328522
2026-08-19 22:34:00,0.06163384020328522
2026-08-19 22:35:00,0.06707238033413887
2026-08-19 22:36:00,0.06707238033413887
2026-08-19 22:37:00,0.06707238033413887
2026-08-19 22:38:00,0.06707238033413887
2026-08-19 22:39:00,0.06707238033413887
2026-08-19 22:40:00,0.07333836331963539
2026-08-19 22:41:00,0.07333836331963539
2026-08-19 22:42:00,0.07333836331963539
2026-08-19 22:43:00,0.07333836331963539
2026-08-19 22:44:00,0.07333836331963539
2026-08-19 22:45:00,0.07784584350883961
2026-08-19 22:46:00,0.07784584350883961
2026-08-19 22:47:00,0.07784584350883961
2026-08-19 22:48:00,0.07784584350883961
2026-08-19 22:49:00,0.07784584350883961
2026-08-19 22:50:00,0.07541866973042488
2026-08-19 22:51:00,0.07541866973042488
2026-08-19 22:52:00,0.07541866973042488
2026-08-19 22:53:00,0.07541866973042488
2026-08-19 22:54:00,0.07541866973042488
2026-08-19 22:55:00,0.06828668620437384
2026-08-19 22:56:00,0.06828668620437384
2026-08-19 22:57:00,0.06828668620437384
2026-08-19 22:58:00,0.06828668620437384
2026-08-19 22:59:00,0.06828668620437384
2026-08-19 23:00:00,0.06278107315301895
2026-08-19 23:01:00,0.06278107315301895
2026-08-19 23:02:00,0.06278107315301895
2026-08-19 23:03:00,0.06278107315301895
2026-08-19 23:04:00,0.06278107315301895
2026-08-19 23:05:00,0.056035871617496014
2026-08-19 23:06:00,0.056035871617496014
2026-08-19 23:07:00,0.056035871617496014
2026-08-19 23:08:00,0.056035871617496014
2026-08-19 23:09:00,0.056035871617496014
2026-08-19 23:10:00,0.053940954618155956
2026-08-19 23:11:00,0.053940954618155956
2026-08-19 23:12:00,0.053940954618155956
2026-08-19 23:13:00,0.053940954618155956
2026-08-19 23:14:00,0.053940954618155956
2026-08-19 23:15:00,0.05383916012942791
2026-08-19 23:16:00,0.05383916012942791
2026-08-19 23:17:00,0.05383916012942791
2026-08-19 23:18:00,0.05383916012942791
2026-08-19 23:19:00,0.05383916012942791
2026-08-19 23:20:00,0.05506095290184021
2026-08-19 23:21:00,0.05506095290184021
2026-08-19 23:22:00,0.05506095290184021
2026-08-19 23:23:00,0.05506095290184021
2026-08-19 23:24:00,0.05506095290184021
2026-08-19 23:25:00,0.05526294093579054
2026-08-19 23:26:00,0.05526294093579054
2026-08-19 23:27:00,0.05526294093579054
2026-08-19 23:28:00,0.05526294093579054
2026-08-19 23:29:00,0.05526294093579054
2026-08-19 23:30:00,0.0549840098246932
2026-08-19 23:31:00,0.0549840098246932
2026-08-19 23:32:00,0.0549840098246932
2026-08-19 23:33:00,0.0549840098246932
2026-08-19 23:34:00,0.0549840098246932
2026-08-19 23:35:00,0.05479108076542616
2026-08-19 23:36:00,0.05479108076542616
2026-08-19 23:37:00,0.05479108076542616
2026-08-19 23:38:00,0.05479108076542616
2026-08-19 23:39:00,0.05479108076542616
2026-08-19 23:40:00,0.054338100366294384
2026-08-19 23:41:00,0.054338100366294384
2026-08-19 23:42:00,0.054338100366294384
2026-08-19 23:43:00,0.054338100366294384
2026-08-19 23:44:00,0.054338100366294384
2026-08-19 23:45:00,0.0573419900611043
2026-08-19 23:46:00,0.0573419900611043
2026-08-19 23:47:00,0.0573419900611043
2026-08-19 23:48:00,0.0573419900611043
2026-08-19 23:49:00,0.0573419900611043
2026-08-19 23:50:00,0.062298317439854145
2026-08-19 23:51:00,0.062298317439854145
2026-08-19 23:52:00,0.062298317439854145
2026-08-19 23:53:00,0.062298317439854145
2026-08-19 23:54:00,0.062298317439854145
2026-08-19 23:55:00,0.0706586828455329
2026-08-19 23:56:00,0.0706586828455329
2026-08-19 23:57:00,0.0706586828455329
2026-08-19 23:58:00,0.0706586828455329
2026-08-19 23:59:00,0.0706586828455329
2026-08-20 00:00:00,0.07859298400580883
2026-08-20 00:01:00,0.07859298400580883
2026-08-20 00:02:00,0.07859298400580883
2026-08-20 00:03:00,0.07859298400580883
2026-08-20 00:04:00,0.07859298400580883
2026-08-20 00:05:00,0.0842029545456171
2026-08-20 00:06:00,0.0842029545456171
2026-08-20 00:07:00,0.0842029545456171
2026-08-20 00:08:00,0.0842029545456171
2026-08-20 00:09:00,0.0842029545456171
2026-08-20 00:10:00,0.08561985567212105
2026-08-20 00:11:00,0.08561985567212105
2026-08-20 00:12:00,0.08561985567212105
2026-08-20 00:13:00,0.08561985567212105
2026-08-20 00:14:00,0.08561985567212105
2026-08-20 00:15:00,0.07726923655718565
2026-08-20 00:16:00,0.07726923655718565
2026-08-20 00:17:00,0.07726923655718565
2026-08-20 00:18:00,0.07726923655718565
2026-08-20 00:19:00,0.07726923655718565
2026-08-20 00:20:00,0.06858707312494516
2026-08-20 00:21:00,0.06858707312494516
2026-08-20 00:22:00,0.06858707312494516
2026-08-20 00:23:00,0.06858707312494516
2026-08-20 00:24:00,0.06858707312494516
2026-08-20 00:25:00,0.06477490719407797
2026-08-20 00:26:00,0.06477490719407797
2026-08-20 00:27:00,0.06477490719407797
2026-08-20 00:28:00,0.06477490719407797
2026-08-20 00:29:00,0.06477490719407797
2026-08-20 00:30:00,0.06426488887518644
2026-08-20 00:31:00,0.06426488887518644
2026-08-20 00:32:00,0.06426488887518644
2026-08-20 00:33:00,0.06426488887518644
2026-08-20 00:34:00,0.06426488887518644
2026-08-20 00:35:00,0.06745455041527748
2026-08-20 00:36:00,0.06745455041527748
2026-08-20 00:37:00,0.06745455041527748
2026-08-20 00:38:00,0.06745455041527748
2026-08-20 00:39:00,0.06745455041527748
2026-08-20 00:40:00,0.07237857580184937
2026-08-20 00:41:00,0.07237857580184937
2026-08-20 00:42:00,0.07237857580184937
2026-08-20 00:43:00,0.07237857580184937
2026-08-20 00:44:00,0.07237857580184937
2026-08-20 00:45:00,0.07079101353883743
2026-08-20 00:46:00,0.07079101353883743
2026-08-20 00:47:00,0.07079101353883743
2026-08-20 00:48:00,0.07079101353883743
2026-08-20 00:49:00,0.07079101353883743
2026-08-20 00:50:00,0.06774613074958324
2026-08-20 00:51:00,0.06774613074958324
2026-08-20 00:52:00,0.06774613074958324
2026-08-20 00:53:00,0.06774613074958324
2026-08-20 00:54:00,0.06774613074958324
2026-08-20 00:55:00,0.06709604524075985
2026-08-20 00:56:00,0.06709604524075985
2026-08-20 00:57:00,0.06709604524075985
2026-08-20 00:58:00,0.06709604524075985
2026-08-20 00:59:00,0.06709604524075985
2026-08-20 01:00:00,0.06403995864093304
2026-08-20 01:01:00,0.06403995864093304
2026-08-20 01:02:00,0.06403995864093304
2026-08-20 01:03:00,0.06403995864093304
2026-08-20 01:04:00,0.06403995864093304
2026-08-20 01:05:00,0.06630787625908852
2026-08-20 01:06:00,0.06630787625908852
2026-08-20 01:07:00,0.06630787625908852
2026-08-20 01:08:00,0.06630787625908852
2026-08-20 01:09:00,0.06630787625908852
2026-08-20 01:10:00,0.33551218919456005
2026-08-20 01:11:00,0.33551218919456005
2026-08-20 01:12:00,0.33551218919456005
2026-08-20 01:13:00,0.33551218919456005
2026-08-20 01:14:00,0.33551218919456005
2026-08-20 01:15:00,0.6042524632066488
2026-08-20 01:16:00,0.6042524632066488
2026-08-20 01:17:00,0.6042524632066488
2026-08-20 01:18:00,0.6042524632066488
2026-08-20 01:19:00,0.6042524632066488
2026-08-20 01:20:00,0.8741760142147541
2026-08-20 01:21:00,0.8741760142147541
2026-08-20 01:22:00,0.8741760142147541
2026-08-20 01:23:00,0.8741760142147541
2026-08-20 01:24:00,0.8741760142147541
2026-08-20 01:25:00,1.1411174833774567
2026-08-20 01:26:00,1.1411174833774567
2026-08-20 01:27:00,1.1411174833774567
2026-08-20 01:28:00,1.1411174833774567
2026-08-20 01:29:00,1.1411174833774567
2026-08-20 01:30:00,0.9086342006921768
2026-08-20 01:31:00,0.9086342006921768
2026-08-20 01:32:00,0.9086342006921768
2026-08-20 01:33:00,0.9086342006921768
2026-08-20 01:34:00,0.9086342006921768
2026-08-20 01:35:00,0.6746483221650124
2026-08-20 01:36:00,0.6746483221650124
2026-08-20 01:37:00,0.6746483221650124
2026-08-20 01:38:00,0.6746483221650124
2026-08-20 01:39:00,0.6746483221650124
2026-08-20 01:40:00,0.4405749961733818
2026-08-20 01:41:00,0.4405749961733818
2026-08-20 01:42:00,0.4405749961733818
2026-08-20 01:43:00,0.4405749961733818
2026-08-20 01:44:00,0.4405749961733818
2026-08-20 01:45:00,0.475640706717968
2026-08-20 01:46:00,0.475640706717968
2026-08-20 01:47:00,0.475640706717968
2026-08-20 01:48:00,0.475640706717968
2026-08-20 01:49:00,0.475640706717968
2026-08-20 01:50:00,0.7432313933968544
2026-08-20 01:51:00,0.7432313933968544
2026-08-20 01:52:00,0.7432313933968544
2026-08-20 01:53:00,0.7432313933968544
2026-08-20 01:54:00,0.7432313933968544
2026-08-20 01:55:00,1.0123810321092606
2026-08-20 01:56:00,1.0123810321092606
2026-08-20 01:57:00,1.0123810321092606
2026-08-20 01:58:00,1.0123810321092606
2026-08-20 01:59:00,1.0123810321092606
2026-08-20 02:00:00,1.2816830575466156
2026-08-20 02:01:00,1.2816830575466156
2026-08-20 02:02:00,1.2816830575466156
2026-08-20 02:03:00,1.2816830575466156
2026-08-20 02:04:00,1.2816830575466156
2026-08-20 02:05:00,1.0177731029689312
2026-08-20 02:06:00,1.0177731029689312
2026-08-20 02:07:00,1.0177731029689312
2026-08-20 02:08:00,1.0177731029689312
2026-08-20 02:09:00,1.0177731029689312
2026-08-20 02:10:00,0.793604951351881
2026-08-20 02:11:00,0.793604951351881
2026-08-20 02:12:00,0.793604951351881
2026-08-20 02:13:00,0.793604951351881
2026-08-20 02:14:00,0.793604951351881
2026-08-20 02:15:00,0.5208909921348095
2026-08-20 02:16:00,0.5208909921348095
2026-08-20 02:17:00,0.5208909921348095
2026-08-20 02:18:00,0.5208909921348095
2026-08-20 02:19:00,0.5208909921348095
2026-08-20 02:20:00,0.2468891218304634
2026-08-20 02:21:00,0.2468891218304634
2026-08-20 02:22:00,0.2468891218304634
2026-08-20 02:23:00,0.2468891218304634
2026-08-20 02:24:00,0.2468891218304634
2026-08-20 02:25:00,0.4120721332728863
2026-08-20 02:26:00,0.4120721332728863
2026-08-20 02:27:00,0.4120721332728863
2026-08-20 02:28:00,0.4120721332728863
2026-08-20 02:29:00,0.4120721332728863
2026-08-20 02:30:00,0.5321666859090328
2026-08-20 02:31:00,0.5321666859090328
2026-08-20 02:32:00,0.5321666859090328
2026-08-20 02:33:00,0.5321666859090328
2026-08-20 02:34:00,0.5321666859090328
2026-08-20 02:35:00,0.7386420927941799
2026-08-20 02:36:00,0.7386420927941799
2026-08-20 02:37:00,0.7386420927941799
2026-08-20 02:38:00,0.7386420927941799
2026-08-20 02:39:00,0.7386420927941799
2026-08-20 02:40:00,0.9389136433601379
2026-08-20 02:41:00,0.9389136433601379
2026-08-20 02:42:00,0.9389136433601379
2026-08-20 02:43:00,0.9389136433601379
2026-08-20 02:44:00,0.9389136433601379
2026-08-20 02:45:00,0.9661640524864197
2026-08-20 02:46:00,0.9661640524864197
2026-08-20 02:47:00,0.9661640524864197
2026-08-20 02:48:00,0.9661640524864197
2026-08-20 02:49:00,0.9661640524864197
2026-08-20 02:50:00,1.0010670274496078
2026-08-20 02:51:00,1.0010670274496078
2026-08-20 02:52:00,1.0010670274496078
2026-08-20 02:53:00,1.0010670274496078
2026-08-20 02:54:00,1.0010670274496078
2026-08-20 02:55:00,0.9789387732744217
2026-08-20 02:56:00,0.9789387732744217
2026-08-20 02:57:00,0.9789387732744217
2026-08-20 02:58:00,0.9789387732744217
2026-08-20 02:59:00,0.9789387732744217
2026-08-20 03:00:00,0.9829462617635727
2026-08-20 03:01:00,0.9829462617635727
2026-08-20 03:02:00,0.9829462617635727
2026-08-20 03:03:00,0.9829462617635727
2026-08-20 03:04:00,0.9829462617635727
2026-08-20 03:05:00,0.9962438344955444
2026-08-20 03:06:00,0.9962438344955444
2026-08-20 03:07:00,0.9962438344955444
2026-08-20 03:08:00,0.9962438344955444
2026-08-20 03:09:00,0.9962438344955444
2026-08-20 03:10:00,0.8094459697604179
2026-08-20 03:11:00,0.8094459697604179
2026-08-20 03:12:00,0.8094459697604179
2026-08-20 03:13:00,0.8094459697604179
2026-08-20 03:14:00,0.8094459697604179
2026-08-20 03:15:00,0.6411607339978218
2026-08-20 03:16:00,0.6411607339978218
2026-08-20 03:17:00,0.6411607339978218
2026-08-20 03:18:00,0.6411607339978218
2026-08-20 03:19:00,0.6411607339978218
2026-08-20 03:20:00,0.45408955961465836
2026-08-20 03:21:00,0.45408955961465836
2026-08-20 03:22:00,0.45408955961465836
2026-08-20 03:23:00,0.45408955961465836
2026-08-20 03:24:00,0.45408955961465836
2026-08-20 03:25:00,0.25760916620492935
2026-08-20 03:26:00,0.25760916620492935
2026-08-20 03:27:00,0.25760916620492935
2026-08-20 03:28:00,0.25760916620492935
2026-08-20 03:29:00,0.25760916620492935
2026-08-20 03:30:00,0.25336309894919395
2026-08-20 03:31:00,0.25336309894919395
2026-08-20 03:32:00,0.25336309894919395
2026-08-20 03:33:00,0.25336309894919395
2026-08-20 03:34:00,0.25336309894919395
2026-08-20 03:35:00,0.25039422139525414
2026-08-20 03:36:00,0.25039422139525414
2026-08-20 03:37:00,0.25039422139525414
2026-08-20 03:38:00,0.25039422139525414
2026-08-20 03:39:00,0.25039422139525414
2026-08-20 03:40:00,0.24762673676013947
2026-08-20 03:41:00,0.24762673676013947
2026-08-20 03:42:00,0.24762673676013947
2026-08-20 03:43:00,0.24762673676013947
2026-08-20 03:44:00,0.24762673676013947
2026-08-20 03:45:00,0.2404811605811119
2026-08-20 03:46:00,0.2404811605811119
2026-08-20 03:47:00,0.2404811605811119
2026-08-20 03:48:00,0.2404811605811119
2026-08-20 03:49:00,0.2404811605811119
2026-08-20 03:50:00,0.23943807184696198
2026-08-20 03:51:00,0.23943807184696198
2026-08-20 03:52:00,0.23943807184696198
2026-08-20 03:53:00,0.23943807184696198
2026-08-20 03:54:00,0.23943807184696198
2026-08-20 03:55:00,0.24697471410036087
2026-08-20 03:56:00,0.24697471410036087
2026-08-20 03:57:00,0.24697471410036087
2026-08-20 03:58:00,0.24697471410036087
2026-08-20 03:59:00,0.24697471410036087
2026-08-20 04:00:00,0.2342190220952034
2026-08-20 04:01:00,0.2342190220952034
2026-08-20 04:02:00,0.2342190220952034
2026-08-20 04:03:00,0.2342190220952034
2026-08-20 04:04:00,0.2342190220952034
2026-08-20 04:05:00,0.22403455898165703
2026-08-20 04:06:00,0.22403455898165703
2026-08-20 04:07:00,0.22403455898165703
2026-08-20 04:08:00,0.22403455898165703
2026-08-20 04:09:00,0.22403455898165703
2026-08-20 04:10:00,0.183221822604537
2026-08-20 04:11:00,0.183221822604537
2026-08-20 04:12:00,0.183221822604537
2026-08-20 04:13:00,0.183221822604537
2026-08-20 04:14:00,0.183221822604537
2026-08-20 04:15:00,0.38665094785392284
2026-08-20 04:16:00,0.38665094785392284
2026-08-20 04:17:00,0.38665094785392284
2026-08-20 04:18:00,0.38665094785392284
2026-08-20 04:19:00,0.38665094785392284
2026-08-20 04:20:00,0.610023120418191
2026-08-20 04:21:00,0.610023120418191
2026-08-20 04:22:00,0.610023120418191
2026-08-20 04:23:00,0.610023120418191
2026-08-20 04:24:00,0.610023120418191
2026-08-20 04:25:00,0.8332827668637037
2026-08-20 04:26:00,0.8332827668637037
2026-08-20 04:27:00,0.8332827668637037
2026-08-20 04:28:00,0.8332827668637037
2026-08-20 04:29:00,0.8332827668637037
2026-08-20 04:30:00,1.0993685722351074
2026-08-20 04:31:00,1.0993685722351074
2026-08-20 04:32:00,1.0993685722351074
2026-08-20 04:33:00,1.0993685722351074
2026-08-20 04:34:00,1.0993685722351074
2026-08-20 04:35:00,1.1086830496788025
2026-08-20 04:36:00,1.1086830496788025
2026-08-20 04:37:00,1.1086830496788025
2026-08-20 04:38:00,1.1086830496788025
2026-08-20 04:39:00,1.1086830496788025
2026-08-20 04:40:00,1.1182518005371094
2026-08-20 04:41:00,1.1182518005371094
2026-08-20 04:42:00,1.1182518005371094
2026-08-20 04:43:00,1.1182518005371094
2026-08-20 04:44:00,1.1182518005371094
2026-08-20 04:45:00,1.1277827620506287
2026-08-20 04:46:00,1.1277827620506287
2026-08-20 04:47:00,1.1277827620506287
2026-08-20 04:48:00,1.1277827620506287
2026-08-20 04:49:00,1.1277827620506287
2026-08-20 04:50:00,1.1001549065113068
2026-08-20 04:51:00,1.1001549065113068
2026-08-20 04:52:00,1.1001549065113068
2026-08-20 04:53:00,1.1001549065113068
2026-08-20 04:54:00,1.1001549065113068
2026-08-20 04:55:00,0.8796029277145863
2026-08-20 04:56:00,0.8796029277145863
2026-08-20 04:57:00,0.8796029277145863
2026-08-20 04:58:00,0.8796029277145863
2026-08-20 04:59:00,0.8796029277145863
2026-08-20 05:00:00,0.6592849791049957
2026-08-20 05:01:00,0.6592849791049957
2026-08-20 05:02:00,0.6592849791049957
2026-08-20 05:03:00,0.6592849791049957
2026-08-20 05:04:00,0.6592849791049957
2026-08-20 05:05:00,0.43812697380781174
2026-08-20 05:06:00,0.43812697380781174
2026-08-20 05:07:00,0.43812697380781174
2026-08-20 05:08:00,0.43812697380781174
2026-08-20 05:09:00,0.43812697380781174
2026-08-20 05:10:00,0.23984479531645775
2026-08-20 05:11:00,0.23984479531645775
2026-08-20 05:12:00,0.23984479531645775
2026-08-20 05:13:00,0.23984479531645775
2026-08-20 05:14:00,0.23984479531645775
2026-08-20 05:15:00,0.2057347223162651
2026-08-20 05:16:00,0.2057347223162651
2026-08-20 05:17:00,0.2057347223162651
2026-08-20 05:18:00,0.2057347223162651
2026-08-20 05:19:00,0.2057347223162651
2026-08-20 05:20:00,0.17261852882802486
2026-08-20 05:21:00,0.17261852882802486
2026-08-20 05:22:00,0.17261852882802486
2026-08-20 05:23:00,0.17261852882802486
2026-08-20 05:24:00,0.17261852882802486
2026-08-20 05:25:00,0.1402283776551485
2026-08-20 05:26:00,0.1402283776551485
2026-08-20 05:27:00,0.1402283776551485
2026-08-20 05:28:00,0.1402283776551485
2026-08-20 05:29:00,0.1402283776551485
2026-08-20 05:30:00,0.10930630564689636
2026-08-20 05:31:00,0.10930630564689636
2026-08-20 05:32:00,0.10930630564689636
2026-08-20 05:33:00,0.10930630564689636
2026-08-20 05:34:00,0.10930630564689636
2026-08-20 05:35:00,0.1403276063501835
2026-08-20 05:36:00,0.1403276063501835
2026-08-20 05:37:00,0.1403276063501835
2026-08-20 05:38:00,0.1403276063501835
2026-08-20 05:39:00,0.1403276063501835
2026-08-20 05:40:00,0.3736113253980875
2026-08-20 05:41:00,0.3736113253980875
2026-08-20 05:42:00,0.3736113253980875
2026-08-20 05:43:00,0.3736113253980875
2026-08-20 05:44:00,0.3736113253980875
2026-08-20 05:45:00,0.6069158669561148
2026-08-20 05:46:00,0.6069158669561148
2026-08-20 05:47:00,0.6069158669561148
2026-08-20 05:48:00,0.6069158669561148
2026-08-20 05:49:00,0.6069158669561148
2026-08-20 05:50:00,0.8435332961380482
2026-08-20 05:51:00,0.8435332961380482
2026-08-20 05:52:00,0.8435332961380482
2026-08-20 05:53:00,0.8435332961380482
2026-08-20 05:54:00,0.8435332961380482
2026-08-20 05:55:00,1.0836108922958374
2026-08-20 05:56:00,1.0836108922958374
2026-08-20 05:57:00,1.0836108922958374
2026-08-20 05:58:00,1.0836108922958374
2026-08-20 05:59:00,1.0836108922958374
2026-08-20 06:00:00,1.0864346027374268
2026-08-20 06:01:00,1.0864346027374268
2026-08-20 06:02:00,1.0864346027374268
2026-08-20 06:03:00,1.0864346027374268
2026-08-20 06:04:00,1.0864346027374268
2026-08-20 06:05:00,1.089345008134842
2026-08-20 06:06:00,1.089345008134842
2026-08-20 06:07:00,1.089345008134842
2026-08-20 06:08:00,1.089345008134842
2026-08-20 06:09:00,1.089345008134842
2026-08-20 06:10:00,1.0892332196235657
2026-08-20 06:11:00,1.0892332196235657
2026-08-20 06:12:00,1.0892332196235657
2026-08-20 06:13:00,1.0892332196235657
2026-08-20 06:14:00,1.0892332196235657
2026-08-20 06:15:00,1.04591566324234
2026-08-20 06:16:00,1.04591566324234
2026-08-20 06:17:00,1.04591566324234
2026-08-20 06:18:00,1.04591566324234
2026-08-20 06:19:00,1.04591566324234
2026-08-20 06:20:00,1.0915882885456085
2026-08-20 06:21:00,1.0915882885456085
2026-08-20 06:22:00,1.0915882885456085
2026-08-20 06:23:00,1.0915882885456085
2026-08-20 06:24:00,1.0915882885456085
2026-08-20 06:25:00,1.1178027093410492
2026-08-20 06:26:00,1.1178027093410492
2026-08-20 06:27:00,1.1178027093410492
2026-08-20 06:28:00,1.1178027093410492
2026-08-20 06:29:00,1.1178027093410492
2026-08-20 06:30:00,1.156421184539795
2026-08-20 06:31:00,1.156421184539795
2026-08-20 06:32:00,1.156421184539795
2026-08-20 06:33:00,1.156421184539795
2026-08-20 06:34:00,1.156421184539795
2026-08-20 06:35:00,1.2008093297481537
2026-08-20 06:36:00,1.2008093297481537
2026-08-20 06:37:00,1.2008093297481537
2026-08-20 06:38:00,1.2008093297481537
2026-08-20 06:39:00,1.2008093297481537
2026-08-20 06:40:00,1.1626197397708893
2026-08-20 06:41:00,1.1626197397708893
2026-08-20 06:42:00,1.1626197397708893
2026-08-20 06:43:00,1.1626197397708893
2026-08-20 06:44:00,1.1626197397708893
2026-08-20 06:45:00,1.1211814731359482
2026-08-20 06:46:00,1.1211814731359482
2026-08-20 06:47:00,1.1211814731359482
2026-08-20 06:48:00,1.1211814731359482
2026-08-20 06:49:00,1.1211814731359482
2026-08-20 06:50:00,1.0814230293035507
2026-08-20 06:51:00,1.0814230293035507
2026-08-20 06:52:00,1.0814230293035507
2026-08-20 06:53:00,1.0814230293035507
2026-08-20 06:54:00,1.0814230293035507
2026-08-20 06:55:00,1.072789952158928
2026-08-20 06:56:00,1.072789952158928
2026-08-20 06:57:00,1.072789952158928
2026-08-20 06:58:00,1.072789952158928
2026-08-20 06:59:00,1.072789952158928
2026-08-20 07:00:00,1.088485524058342
2026-08-20 07:01:00,1.088485524058342
2026-08-20 07:02:00,1.088485524058342
2026-08-20 07:03:00,1.088485524058342
2026-08-20 07:04:00,1.088485524058342
2026-08-20 07:05:00,1.12668976187706
2026-08-20 07:06:00,1.12668976187706
2026-08-20 07:07:00,1.12668976187706
2026-08-20 07:08:00,1.12668976187706
2026-08-20 07:09:00,1.12668976187706
2026-08-20 07:10:00,1.1122004687786102
2026-08-20 07:11:00,1.1122004687786102
2026-08-20 07:12:00,1.1122004687786102
2026-08-20 07:13:00,1.1122004687786102
2026-08-20 07:14:00,1.1122004687786102
2026-08-20 07:15:00,1.0615158081054688
2026-08-20 07:16:00,1.0615158081054688
2026-08-20 07:17:00,1.0615158081054688
2026-08-20 07:18:00,1.0615158081054688
2026-08-20 07:19:00,1.0615158081054688
2026-08-20 07:20:00,1.0136758238077164
2026-08-20 07:21:00,1.0136758238077164
2026-08-20 07:22:00,1.0136758238077164
2026-08-20 07:23:00,1.0136758238077164
2026-08-20 07:24:00,1.0136758238077164
2026-08-20 07:25:00,0.9660553634166718
2026-08-20 07:26:00,0.9660553634166718
2026-08-20 07:27:00,0.9660553634166718
2026-08-20 07:28:00,0.9660553634166718
2026-08-20 07:29:00,0.9660553634166718
2026-08-20 07:30:00,0.8062534630298615
2026-08-20 07:31:00,0.8062534630298615
2026-08-20 07:32:00,0.8062534630298615
2026-08-20 07:33:00,0.8062534630298615
2026-08-20 07:34:00,0.8062534630298615
2026-08-20 07:35:00,0.6558487862348557
2026-08-20 07:36:00,0.6558487862348557
2026-08-20 07:37:00,0.6558487862348557
2026-08-20 07:38:00,0.6558487862348557
2026-08-20 07:39:00,0.6558487862348557
2026-08-20 07:40:00,0.6842691004276276
2026-08-20 07:41:00,0.6842691004276276
2026-08-20 07:42:00,0.6842691004276276
2026-08-20 07:43:00,0.6842691004276276
2026-08-20 07:44:00,0.6842691004276276
2026-08-20 07:45:00,0.7174430936574936
2026-08-20 07:46:00,0.7174430936574936
2026-08-20 07:47:00,0.7174430936574936
2026-08-20 07:48:00,0.7174430936574936
2026-08-20 07:49:00,0.7174430936574936
2026-08-20 07:50:00,0.9010799378156662
2026-08-20 07:51:00,0.9010799378156662
2026-08-20 07:52:00,0.9010799378156662
2026-08-20 07:53:00,0.9010799378156662
2026-08-20 07:54:00,0.9010799378156662
2026-08-20 07:55:00,1.0876147150993347
2026-08-20 07:56:00,1.0876147150993347
2026-08-20 07:57:00,1.0876147150993347
2026-08-20 07:58:00,1.0876147150993347
2026-08-20 07:59:00,1.0876147150993347
2026-08-20 08:00:00,0.8912757337093353
2026-08-20 08:01:00,0.8912757337093353
2026-08-20 08:02:00,0.8912757337093353
2026-08-20 08:03:00,0.8912757337093353
2026-08-20 08:04:00,0.8912757337093353
2026-08-20 08:05:00,0.6921214461326599
2026-08-20 08:06:00,0.6921214461326599
2026-08-20 08:07:00,0.6921214461326599
2026-08-20 08:08:00,0.6921214461326599
2026-08-20 08:09:00,0.6921214461326599
2026-08-20 08:10:00,0.47571172192692757
2026-08-20 08:11:00,0.47571172192692757
2026-08-20 08:12:00,0.47571172192692757
2026-08-20 08:13:00,0.47571172192692757
2026-08-20 08:14:00,0.47571172192692757
2026-08-20 08:15:00,0.2543643191456795
2026-08-20 08:16:00,0.2543643191456795
2026-08-20 08:17:00,0.2543643191456795
2026-08-20 08:18:00,0.2543643191456795
2026-08-20 08:19:00,0.2543643191456795
2026-08-20 08:20:00,0.44346312433481216
2026-08-20 08:21:00,0.44346312433481216
2026-08-20 08:22:00,0.44346312433481216
2026-08-20 08:23:00,0.44346312433481216
2026-08-20 08:24:00,0.44346312433481216
2026-08-20 08:25:00,0.6305274143815041
2026-08-20 08:26:00,0.6305274143815041
2026-08-20 08:27:00,0.6305274143815041
2026-08-20 08:28:00,0.6305274143815041
2026-08-20 08:29:00,0.6305274143815041
2026-08-20 08:30:00,0.8345130570232868
2026-08-20 08:31:00,0.8345130570232868
2026-08-20 08:32:00,0.8345130570232868
2026-08-20 08:33:00,0.8345130570232868
2026-08-20 08:34:00,0.8345130570232868
2026-08-20 08:35:00,1.0401689410209656
2026-08-20 08:36:00,1.0401689410209656
2026-08-20 08:37:00,1.0401689410209656
2026-08-20 08:38:00,1.0401689410209656
2026-08-20 08:39:00,1.0401689410209656
2026-08-20 08:40:00,0.8417217992246151
2026-08-20 08:41:00,0.8417217992246151
2026-08-20 08:42:00,0.8417217992246151
2026-08-20 08:43:00,0.8417217992246151
2026-08-20 08:44:00,0.8417217992246151
2026-08-20 08:45:00,0.6392192356288433
2026-08-20 08:46:00,0.6392192356288433
2026-08-20 08:47:00,0.6392192356288433
2026-08-20 08:48:00,0.6392192356288433
2026-08-20 08:49:00,0.6392192356288433
2026-08-20 08:50:00,0.43367282301187515
2026-08-20 08:51:00,0.43367282301187515
2026-08-20 08:52:00,0.43367282301187515
2026-08-20 08:53:00,0.43367282301187515
2026-08-20 08:54:00,0.43367282301187515
2026-08-20 08:55:00,0.2314429134130478
2026-08-20 08:56:00,0.2314429134130478
2026-08-20 08:57:00,0.2314429134130478
2026-08-20 08:58:00,0.2314429134130478
2026-08-20 08:59:00,0.2314429134130478
2026-08-20 09:00:00,0.48295487836003304
2026-08-20 09:01:00,0.48295487836003304
2026-08-20 09:02:00,0.48295487836003304
2026-08-20 09:03:00,0.48295487836003304
2026-08-20 09:04:00,0.48295487836003304
2026-08-20 09:05:00,0.7378649152815342
2026-08-20 09:06:00,0.7378649152815342
2026-08-20 09:07:00,0.7378649152815342
2026-08-20 09:08:00,0.7378649152815342
2026-08-20 09:09:00,0.7378649152815342
2026-08-20 09:10:00,0.9962048903107643
2026-08-20 09:11:00,0.9962048903107643
2026-08-20 09:12:00,0.9962048903107643
2026-08-20 09:13:00,0.9962048903107643
2026-08-20 09:14:00,0.9962048903107643
2026-08-20 09:15:00,1.2509742975234985
2026-08-20 09:16:00,1.2509742975234985
2026-08-20 09:17:00,1.2509742975234985
2026-08-20 09:18:00,1.2509742975234985
2026-08-20 09:19:00,1.2509742975234985
2026-08-20 09:20:00,1.006538487970829
2026-08-20 09:21:00,1.006538487970829
2026-08-20 09:22:00,1.006538487970829
2026-08-20 09:23:00,1.006538487970829
2026-08-20 09:24:00,1.006538487970829
2026-08-20 09:25:00,0.7649573385715485
2026-08-20 09:26:00,0.7649573385715485
2026-08-20 09:27:00,0.7649573385715485
2026-08-20 09:28:00,0.7649573385715485
2026-08-20 09:29:00,0.7649573385715485
2026-08-20 09:30:00,0.5237929970026016
2026-08-20 09:31:00,0.5237929970026016
2026-08-20 09:32:00,0.5237929970026016
2026-08-20 09:33:00,0.5237929970026016
2026-08-20 09:34:00,0.5237929970026016
2026-08-20 09:35:00,0.28535615652799606
2026-08-20 09:36:00,0.28535615652799606
2026-08-20 09:37:00,0.28535615652799606
2026-08-20 09:38:00,0.28535615652799606
2026-08-20 09:39:00,0.28535615652799606
2026-08-20 09:40:00,0.3020835816860199
2026-08-20 09:41:00,0.3020835816860199
2026-08-20 09:42:00,0.3020835816860199
2026-08-20 09:43:00,0.3020835816860199
2026-08-20 09:44:00,0.3020835816860199
2026-08-20 09:45:00,0.3192932829260826
2026-08-20 09:46:00,0.3192932829260826
2026-08-20 09:47:00,0.3192932829260826
2026-08-20 09:48:00,0.3192932829260826
2026-08-20 09:49:00,0.3192932829260826
2026-08-20 09:50:00,0.3360576331615448
2026-08-20 09:51:00,0.3360576331615448
2026-08-20 09:52:00,0.3360576331615448
2026-08-20 09:53:00,0.3360576331615448
2026-08-20 09:54:00,0.3360576331615448
2026-08-20 09:55:00,0.3457247391343117
2026-08-20 09:56:00,0.3457247391343117
2026-08-20 09:57:00,0.3457247391343117
2026-08-20 09:58:00,0.3457247391343117
2026-08-20 09:59:00,0.3457247391343117
2026-08-20 10:00:00,0.5117256864905357
2026-08-20 10:01:00,0.5117256864905357
2026-08-20 10:02:00,0.5117256864905357
2026-08-20 10:03:00,0.5117256864905357
2026-08-20 10:04:00,0.5117256864905357
2026-08-20 10:05:00,0.6758571937680244
2026-08-20 10:06:00,0.6758571937680244
2026-08-20 10:07:00,0.6758571937680244
2026-08-20 10:08:00,0.6758571937680244
2026-08-20 10:09:00,0.6758571937680244
2026-08-20 10:10:00,0.8568103462457657
2026-08-20 10:11:00,0.8568103462457657
2026-08-20 10:12:00,0.8568103462457657
2026-08-20 10:13:00,0.8568103462457657
2026-08-20 10:14:00,0.8568103462457657
2026-08-20 10:15:00,1.0425070524215698
2026-08-20 10:16:00,1.0425070524215698
2026-08-20 10:17:00,1.0425070524215698
2026-08-20 10:18:00,1.0425070524215698
2026-08-20 10:19:00,1.0425070524215698
2026-08-20 10:20:00,1.0607787370681763
2026-08-20 10:21:00,1.0607787370681763
2026-08-20 10:22:00,1.0607787370681763
2026-08-20 10:23:00,1.0607787370681763
2026-08-20 10:24:00,1.0607787370681763
2026-08-20 10:25:00,1.0787217020988464
2026-08-20 10:26:00,1.0787217020988464
2026-08-20 10:27:00,1.0787217020988464
2026-08-20 10:28:00,1.0787217020988464
2026-08-20 10:29:00,1.0787217020988464
2026-08-20 10:30:00,1.047635018825531
2026-08-20 10:31:00,1.047635018825531
2026-08-20 10:32:00,1.047635018825531
2026-08-20 10:33:00,1.047635018825531
2026-08-20 10:34:00,1.047635018825531
2026-08-20 10:35:00,1.0075196623802185
2026-08-20 10:36:00,1.0075196623802185
2026-08-20 10:37:00,1.0075196623802185
2026-08-20 10:38:00,1.0075196623802185
2026-08-20 10:39:00,1.0075196623802185
2026-08-20 10:40:00,0.9676192849874496
2026-08-20 10:41:00,0.9676192849874496
2026-08-20 10:42:00,0.9676192849874496
2026-08-20 10:43:00,0.9676192849874496
2026-08-20 10:44:00,0.9676192849874496
2026-08-20 10:45:00,0.9290612041950226
2026-08-20 10:46:00,0.9290612041950226
2026-08-20 10:47:00,0.9290612041950226
2026-08-20 10:48:00,0.9290612041950226
2026-08-20 10:49:00,0.9290612041950226
2026-08-20 10:50:00,0.906057596206665
2026-08-20 10:51:00,0.906057596206665
2026-08-20 10:52:00,0.906057596206665
2026-08-20 10:53:00,0.906057596206665
2026-08-20 10:54:00,0.906057596206665
2026-08-20 10:55:00,0.8464400172233582
2026-08-20 10:56:00,0.8464400172233582
2026-08-20 10:57:00,0.8464400172233582
2026-08-20 10:58:00,0.8464400172233582
2026-08-20 10:59:00,0.8464400172233582
2026-08-20 11:00:00,0.7377196997404099
2026-08-20 11:01:00,0.7377196997404099
2026-08-20 11:02:00,0.7377196997404099
2026-08-20 11:03:00,0.7377196997404099
2026-08-20 11:04:00,0.7377196997404099
2026-08-20 11:05:00,0.5986022353172302
2026-08-20 11:06:00,0.5986022353172302
2026-08-20 11:07:00,0.5986022353172302
2026-08-20 11:08:00,0.5986022353172302
2026-08-20 11:09:00,0.5986022353172302
2026-08-20 11:10:00,0.469222791492939
2026-08-20 11:11:00,0.469222791492939
2026-08-20 11:12:00,0.469222791492939
2026-08-20 11:13:00,0.469222791492939
2026-08-20 11:14:00,0.469222791492939
2026-08-20 11:15:00,0.38456539064645767
2026-08-20 11:16:00,0.38456539064645767
2026-08-20 11:17:00,0.38456539064645767
2026-08-20 11:18:00,0.38456539064645767
2026-08-20 11:19:00,0.38456539064645767
2026-08-20 11:20:00,0.3416917845606804
2026-08-20 11:21:00,0.3416917845606804
2026-08-20 11:22:00,0.3416917845606804
2026-08-20 11:23:00,0.3416917845606804
2026-08-20 11:24:00,0.3416917845606804
2026-08-20 11:25:00,0.3226299434900284
2026-08-20 11:26:00,0.3226299434900284
2026-08-20 11:27:00,0.3226299434900284
2026-08-20 11:28:00,0.3226299434900284
2026-08-20 11:29:00,0.3226299434900284
2026-08-20 11:30:00,0.2785949558019638
2026-08-20 11:31:00,0.2785949558019638
2026-08-20 11:32:00,0.2785949558019638
2026-08-20 11:33:00,0.2785949558019638
2026-08-20 11:34:00,0.2785949558019638
2026-08-20 11:35:00,0.2327587641775608
2026-08-20 11:36:00,0.2327587641775608
2026-08-20 11:37:00,0.2327587641775608
2026-08-20 11:38:00,0.2327587641775608
2026-08-20 11:39:00,0.2327587641775608
2026-08-20 11:40:00,0.19452213868498802
2026-08-20 11:41:00,0.19452213868498802
2026-08-20 11:42:00,0.19452213868498802
2026-08-20 11:43:00,0.19452213868498802
2026-08-20 11:44:00,0.19452213868498802
2026-08-20 11:45:00,0.16121893376111984
2026-08-20 11:46:00,0.16121893376111984
2026-08-20 11:47:00,0.16121893376111984
2026-08-20 11:48:00,0.16121893376111984
2026-08-20 11:49:00,0.16121893376111984
2026-08-20 11:50:00,0.14993316121399403
2026-08-20 11:51:00,0.14993316121399403
2026-08-20 11:52:00,0.14993316121399403
2026-08-20 11:53:00,0.14993316121399403
2026-08-20 11:54:00,0.14993316121399403
2026-08-20 11:55:00,0.13200642354786396
2026-08-20 11:56:00,0.13200642354786396
2026-08-20 11:57:00,0.13200642354786396
2026-08-20 11:58:00,0.13200642354786396
2026-08-20 11:59:00,0.13200642354786396
2026-08-20 12:00:00,0.11059738881886005
2026-08-20 12:01:00,0.11059738881886005
2026-08-20 12:02:00,0.11059738881886005
2026-08-20 12:03:00,0.11059738881886005
2026-08-20 12:04:00,0.11059738881886005
2026-08-20 12:05:00,0.08843938075006008
2026-08-20 12:06:00,0.08843938075006008
2026-08-20 12:07:00,0.08843938075006008
2026-08-20 12:08:00,0.08843938075006008
2026-08-20 12:09:00,0.08843938075006008
2026-08-20 12:10:00,0.07455123215913773
2026-08-20 12:11:00,0.07455123215913773
2026-08-20 12:12:00,0.07455123215913773
2026-08-20 12:13:00,0.07455123215913773
2026-08-20 12:14:00,0.07455123215913773
2026-08-20 12:15:00,0.06795733887702227
2026-08-20 12:16:00,0.06795733887702227
2026-08-20 12:17:00,0.06795733887702227
2026-08-20 12:18:00,0.06795733887702227
2026-08-20 12:19:00,0.06795733887702227
2026-08-20 12:20:00,0.06309499870985746
2026-08-20 12:21:00,0.06309499870985746
2026-08-20 12:22:00,0.06309499870985746
2026-08-20 12:23:00,0.06309499870985746
2026-08-20 12:24:00,0.06309499870985746
2026-08-20 12:25:00,0.05909483972936869
2026-08-20 12:26:00,0.05909483972936869
2026-08-20 12:27:00,0.05909483972936869
2026-08-20 12:28:00,0.05909483972936869
2026-08-20 12:29:00,0.05909483972936869
2026-08-20 12:30:00,0.05810299143195152
2026-08-20 12:31:00,0.05810299143195152
2026-08-20 12:32:00,0.05810299143195152
2026-08-20 12:33:00,0.05810299143195152
2026-08-20 12:34:00,0.05810299143195152
2026-08-20 12:35:00,0.05951159168034792
2026-08-20 12:36:00,0.05951159168034792
2026-08-20 12:37:00,0.05951159168034792
2026-08-20 12:38:00,0.05951159168034792
2026-08-20 12:39:00,0.05951159168034792
2026-08-20 12:40:00,0.06262132618576288
2026-08-20 12:41:00,0.06262132618576288
2026-08-20 12:42:00,0.06262132618576288
2026-08-20 12:43:00,0.06262132618576288
2026-08-20 12:44:00,0.06262132618576288
2026-08-20 12:45:00,0.06587282661348581
2026-08-20 12:46:00,0.06587282661348581
2026-08-20 12:47:00,0.06587282661348581
2026-08-20 12:48:00,0.06587282661348581
2026-08-20 12:49:00,0.06587282661348581
2026-08-20 12:50:00,0.2675029505044222
2026-08-20 12:51:00,0.2675029505044222
2026-08-20 12:52:00,0.2675029505044222
2026-08-20 12:53:00,0.2675029505044222
2026-08-20 12:54:00,0.2675029505044222
2026-08-20 12:55:00,0.4689009338617325
2026-08-20 12:56:00,0.4689009338617325
2026-08-20 12:57:00,0.4689009338617325
2026-08-20 12:58:00,0.4689009338617325
2026-08-20 12:59:00,0.4689009338617325
2026-08-20 13:00:00,0.7751235645264387
2026-08-20 13:01:00,0.7751235645264387
2026-08-20 13:02:00,0.7751235645264387
2026-08-20 13:03:00,0.7751235645264387
2026-08-20 13:04:00,0.7751235645264387
2026-08-20 13:05:00,1.0819725841283798
2026-08-20 13:06:00,1.0819725841283798
2026-08-20 13:07:00,1.0819725841283798
2026-08-20 13:08:00,1.0819725841283798
2026-08-20 13:09:00,1.0819725841283798
2026-08-20 13:10:00,1.1853708773851395
2026-08-20 13:11:00,1.1853708773851395
2026-08-20 13:12:00,1.1853708773851395
2026-08-20 13:13:00,1.1853708773851395
2026-08-20 13:14:00,1.1853708773851395
2026-08-20 13:15:00,1.288793921470642
2026-08-20 13:16:00,1.288793921470642
2026-08-20 13:17:00,1.288793921470642
2026-08-20 13:18:00,1.288793921470642
2026-08-20 13:19:00,1.288793921470642
2026-08-20 13:20:00,1.0044364742934704
2026-08-20 13:21:00,1.0044364742934704
2026-08-20 13:22:00,1.0044364742934704
2026-08-20 13:23:00,1.0044364742934704
2026-08-20 13:24:00,1.0044364742934704
2026-08-20 13:25:00,0.7619875185191631
2026-08-20 13:26:00,0.7619875185191631
2026-08-20 13:27:00,0.7619875185191631
2026-08-20 13:28:00,0.7619875185191631
2026-08-20 13:29:00,0.7619875185191631
2026-08-20 13:30:00,0.6927363388240337
2026-08-20 13:31:00,0.6927363388240337
2026-08-20 13:32:00,0.6927363388240337
2026-08-20 13:33:00,0.6927363388240337
2026-08-20 13:34:00,0.6927363388240337
2026-08-20 13:35:00,0.6232386939227581
2026-08-20 13:36:00,0.6232386939227581
2026-08-20 13:37:00,0.6232386939227581
2026-08-20 13:38:00,0.6232386939227581
2026-08-20 13:39:00,0.6232386939227581
2026-08-20 13:40:00,0.8363742530345917
2026-08-20 13:41:00,0.8363742530345917
2026-08-20 13:42:00,0.8363742530345917
2026-08-20 13:43:00,0.8363742530345917
2026-08-20 13:44:00,0.8363742530345917
2026-08-20 13:45:00,1.0065372288227081
2026-08-20 13:46:00,1.0065372288227081
2026-08-20 13:47:00,1.0065372288227081
2026-08-20 13:48:00,1.0065372288227081
2026-08-20 13:49:00,1.0065372288227081
2026-08-20 13:50:00,0.8294680193066597
2026-08-20 13:51:00,0.8294680193066597
2026-08-20 13:52:00,0.8294680193066597
2026-08-20 13:53:00,0.8294680193066597
2026-08-20 13:54:00,0.8294680193066597
2026-08-20 13:55:00,0.6615585163235664
2026-08-20 13:56:00,0.6615585163235664
2026-08-20 13:57:00,0.6615585163235664
2026-08-20 13:58:00,0.6615585163235664
2026-08-20 13:59:00,0.6615585163235664
2026-08-20 14:00:00,0.4945567026734352
2026-08-20 14:01:00,0.4945567026734352
2026-08-20 14:02:00,0.4945567026734352
2026-08-20 14:03:00,0.4945567026734352
2026-08-20 14:04:00,0.4945567026734352
2026-08-20 14:05:00,0.3280695378780365
2026-08-20 14:06:00,0.3280695378780365
2026-08-20 14:07:00,0.3280695378780365
2026-08-20 14:08:00,0.3280695378780365
2026-08-20 14:09:00,0.3280695378780365
2026-08-20 14:10:00,0.5369955822825432
2026-08-20 14:11:00,0.5369955822825432
2026-08-20 14:12:00,0.5369955822825432
2026-08-20 14:13:00,0.5369955822825432
2026-08-20 14:14:00,0.5369955822825432
2026-08-20 14:15:00,0.7366893514990807
2026-08-20 14:16:00,0.7366893514990807
2026-08-20 14:17:00,0.7366893514990807
2026-08-20 14:18:00,0.7366893514990807
2026-08-20 14:19:00,0.7366893514990807
2026-08-20 14:20:00,0.931702546775341
2026-08-20 14:21:00,0.931702546775341
2026-08-20 14:22:00,0.931702546775341
2026-08-20 14:23:00,0.931702546775341
2026-08-20 14:24:00,0.931702546775341
2026-08-20 14:25:00,1.1267409920692444
2026-08-20 14:26:00,1.1267409920692444
2026-08-20 14:27:00,1.1267409920692444
2026-08-20 14:28:00,1.1267409920692444
2026-08-20 14:29:00,1.1267409920692444
2026-08-20 14:30:00,0.9132254272699356
2026-08-20 14:31:00,0.9132254272699356
2026-08-20 14:32:00,0.9132254272699356
2026-08-20 14:33:00,0.9132254272699356
2026-08-20 14:34:00,0.9132254272699356
2026-08-20 14:35:00,0.7028670907020569
2026-08-20 14:36:00,0.7028670907020569
2026-08-20 14:37:00,0.7028670907020569
2026-08-20 14:38:00,0.7028670907020569
2026-08-20 14:39:00,0.7028670907020569
2026-08-20 14:40:00,0.488416463136673
2026-08-20 14:41:00,0.488416463136673
2026-08-20 14:42:00,0.488416463136673
2026-08-20 14:43:00,0.488416463136673
2026-08-20 14:44:00,0.488416463136673
2026-08-20 14:45:00,0.2665274813771248
2026-08-20 14:46:00,0.2665274813771248
2026-08-20 14:47:00,0.2665274813771248
2026-08-20 14:48:00,0.2665274813771248
2026-08-20 14:49:00,0.2665274813771248
2026-08-20 14:50:00,0.2544884495437145
2026-08-20 14:51:00,0.2544884495437145
2026-08-20 14:52:00,0.2544884495437145
2026-08-20 14:53:00,0.2544884495437145
2026-08-20 14:54:00,0.2544884495437145
2026-08-20 14:55:00,0.24028662592172623
2026-08-20 14:56:00,0.24028662592172623
2026-08-20 14:57:00,0.24028662592172623
2026-08-20 14:58:00,0.24028662592172623
2026-08-20 14:59:00,0.24028662592172623
2026-08-20 15:00:00,0.23255027830600739
2026-08-20 15:01:00,0.23255027830600739
2026-08-20 15:02:00,0.23255027830600739
2026-08-20 15:03:00,0.23255027830600739
2026-08-20 15:04:00,0.23255027830600739
2026-08-20 15:05:00,0.23340527340769768
2026-08-20 15:06:00,0.23340527340769768
2026-08-20 15:07:00,0.23340527340769768
2026-08-20 15:08:00,0.23340527340769768
2026-08-20 15:09:00,0.23340527340769768
2026-08-20 15:10:00,0.23410290479660034
2026-08-20 15:11:00,0.23410290479660034
2026-08-20 15:12:00,0.23410290479660034
2026-08-20 15:13:00,0.23410290479660034
2026-08-20 15:14:00,0.23410290479660034
2026-08-20 15:15:00,0.23369981348514557
2026-08-20 15:16:00,0.23369981348514557
2026-08-20 15:17:00,0.23369981348514557
2026-08-20 15:18:00,0.23369981348514557
2026-08-20 15:19:00,0.23369981348514557
2026-08-20 15:20:00,0.23434783890843391
2026-08-20 15:21:00,0.23434783890843391
2026-08-20 15:22:00,0.23434783890843391
2026-08-20 15:23:00,0.23434783890843391
2026-08-20 15:24:00,0.23434783890843391
2026-08-20 15:25:00,0.23507733270525932
2026-08-20 15:26:00,0.23507733270525932
2026-08-20 15:27:00,0.23507733270525932
2026-08-20 15:28:00,0.23507733270525932
2026-08-20 15:29:00,0.23507733270525932
2026-08-20 15:30:00,0.19360342249274254
2026-08-20 15:31:00,0.19360342249274254
2026-08-20 15:32:00,0.19360342249274254
2026-08-20 15:33:00,0.19360342249274254
2026-08-20 15:34:00,0.19360342249274254
2026-08-20 15:35:00,0.15398120693862438
2026-08-20 15:36:00,0.15398120693862438
2026-08-20 15:37:00,0.15398120693862438
2026-08-20 15:38:00,0.15398120693862438
2026-08-20 15:39:00,0.15398120693862438
2026-08-20 15:40:00,0.11397675052285194
2026-08-20 15:41:00,0.11397675052285194
2026-08-20 15:42:00,0.11397675052285194
2026-08-20 15:43:00,0.11397675052285194
2026-08-20 15:44:00,0.11397675052285194
2026-08-20 15:45:00,0.07075904309749603
2026-08-20 15:46:00,0.07075904309749603
2026-08-20 15:47:00,0.07075904309749603
2026-08-20 15:48:00,0.07075904309749603
2026-08-20 15:49:00,0.07075904309749603
2026-08-20 15:50:00,0.0716907475143671
2026-08-20 15:51:00,0.0716907475143671
2026-08-20 15:52:00,0.0716907475143671
2026-08-20 15:53:00,0.0716907475143671
2026-08-20 15:54:00,0.0716907475143671
2026-08-20 15:55:00,0.10605139657855034
2026-08-20 15:56:00,0.10605139657855034
2026-08-20 15:57:00,0.10605139657855034
2026-08-20 15:58:00,0.10605139657855034
2026-08-20 15:59:00,0.10605139657855034
2026-08-20 16:00:00,0.13852757401764393
2026-08-20 16:01:00,0.13852757401764393
2026-08-20 16:02:00,0.13852757401764393
2026-08-20 16:03:00,0.13852757401764393
2026-08-20 16:04:00,0.13852757401764393
2026-08-20 16:05:00,0.19720680452883244
2026-08-20 16:06:00,0.19720680452883244
2026-08-20 16:07:00,0.19720680452883244
2026-08-20 16:08:00,0.19720680452883244
2026-08-20 16:09:00,0.19720680452883244
2026-08-20 16:10:00,0.3874995931982994
2026-08-20 16:11:00,0.3874995931982994
2026-08-20 16:12:00,0.3874995931982994
2026-08-20 16:13:00,0.3874995931982994
2026-08-20 16:14:00,0.3874995931982994
2026-08-20 16:15:00,0.6342289969325066
2026-08-20 16:16:00,0.6342289969325066
2026-08-20 16:17:00,0.6342289969325066
2026-08-20 16:18:00,0.6342289969325066
2026-08-20 16:19:00,0.6342289969325066
2026-08-20 16:20:00,0.882678434252739
2026-08-20 16:21:00,0.882678434252739
2026-08-20 16:22:00,0.882678434252739
2026-08-20 16:23:00,0.882678434252739
2026-08-20 16:24:00,0.882678434252739
2026-08-20 16:25:00,1.1057131886482239
2026-08-20 16:26:00,1.1057131886482239
2026-08-20 16:27:00,1.1057131886482239
2026-08-20 16:28:00,1.1057131886482239
2026-08-20 16:29:00,1.1057131886482239
2026-08-20 16:30:00,1.1855349838733673
2026-08-20 16:31:00,1.1855349838733673
2026-08-20 16:32:00,1.1855349838733673
2026-08-20 16:33:00,1.1855349838733673
2026-08-20 16:34:00,1.1855349838733673
2026-08-20 16:35:00,1.1490793526172638
2026-08-20 16:36:00,1.1490793526172638
2026-08-20 16:37:00,1.1490793526172638
2026-08-20 16:38:00,1.1490793526172638
2026-08-20 16:39:00,1.1490793526172638
2026-08-20 16:40:00,1.1084696650505066
2026-08-20 16:41:00,1.1084696650505066
2026-08-20 16:42:00,1.1084696650505066
2026-08-20 16:43:00,1.1084696650505066
2026-08-20 16:44:00,1.1084696650505066
2026-08-20 16:45:00,0.869526095688343
2026-08-20 16:46:00,0.869526095688343
2026-08-20 16:47:00,0.869526095688343
2026-08-20 16:48:00,0.869526095688343
2026-08-20 16:49:00,0.869526095688343
2026-08-20 16:50:00,0.651428647339344
2026-08-20 16:51:00,0.651428647339344
2026-08-20 16:52:00,0.651428647339344
2026-08-20 16:53:00,0.651428647339344
2026-08-20 16:54:00,0.651428647339344
2026-08-20 16:55:00,0.5028881058096886
2026-08-20 16:56:00,0.5028881058096886
2026-08-20 16:57:00,0.5028881058096886
2026-08-20 16:58:00,0.5028881058096886
2026-08-20 16:59:00,0.5028881058096886
2026-08-20 17:00:00,0.4081869199872017
2026-08-20 17:01:00,0.4081869199872017
2026-08-20 17:02:00,0.4081869199872017
2026-08-20 17:03:00,0.4081869199872017
2026-08-20 17:04:00,0.4081869199872017
2026-08-20 17:05:00,0.5409720689058304
2026-08-20 17:06:00,0.5409720689058304
2026-08-20 17:07:00,0.5409720689058304
2026-08-20 17:08:00,0.5409720689058304
2026-08-20 17:09:00,0.5409720689058304
2026-08-20 17:10:00,0.6325174421072006
2026-08-20 17:11:00,0.6325174421072006
2026-08-20 17:12:00,0.6325174421072006
2026-08-20 17:13:00,0.6325174421072006
2026-08-20 17:14:00,0.6325174421072006
2026-08-20 17:15:00,0.6280533000826836
2026-08-20 17:16:00,0.6280533000826836
2026-08-20 17:17:00,0.6280533000826836
2026-08-20 17:18:00,0.6280533000826836
2026-08-20 17:19:00,0.6280533000826836
2026-08-20 17:20:00,0.5353410094976425
2026-08-20 17:21:00,0.5353410094976425
2026-08-20 17:22:00,0.5353410094976425
2026-08-20 17:23:00,0.5353410094976425
2026-08-20 17:24:00,0.5353410094976425
2026-08-20 17:25:00,0.4073501303792
2026-08-20 17:26:00,0.4073501303792
2026-08-20 17:27:00,0.4073501303792
2026-08-20 17:28:00,0.4073501303792
2026-08-20 17:29:00,0.4073501303792
2026-08-20 17:30:00,0.3075394779443741
2026-08-20 17:31:00,0.3075394779443741
2026-08-20 17:32:00,0.3075394779443741
2026-08-20 17:33:00,0.3075394779443741
2026-08-20 17:34:00,0.3075394779443741
2026-08-20 17:35:00,0.25748980417847633
2026-08-20 17:36:00,0.25748980417847633
2026-08-20 17:37:00,0.25748980417847633
2026-08-20 17:38:00,0.25748980417847633
2026-08-20 17:39:00,0.25748980417847633
2026-08-20 17:40:00,0.24396363273262978
2026-08-20 17:41:00,0.24396363273262978
2026-08-20 17:42:00,0.24396363273262978
2026-08-20 17:43:00,0.24396363273262978
2026-08-20 17:44:00,0.24396363273262978
2026-08-20 17:45:00,0.20033924467861652
2026-08-20 17:46:00,0.20033924467861652
2026-08-20 17:47:00,0.20033924467861652
2026-08-20 17:48:00,0.20033924467861652
2026-08-20 17:49:00,0.20033924467861652
2026-08-20 17:50:00,0.16001016087830067
2026-08-20 17:51:00,0.16001016087830067
2026-08-20 17:52:00,0.16001016087830067
2026-08-20 17:53:00,0.16001016087830067
2026-08-20 17:54:00,0.16001016087830067
2026-08-20 17:55:00,0.12145110964775085
2026-08-20 17:56:00,0.12145110964775085
2026-08-20 17:57:00,0.12145110964775085
2026-08-20 17:58:00,0.12145110964775085
2026-08-20 17:59:00,0.12145110964775085
2026-08-20 18:00:00,0.08569265529513359
2026-08-20 18:01:00,0.08569265529513359
2026-08-20 18:02:00,0.08569265529513359
2026-08-20 18:03:00,0.08569265529513359
2026-08-20 18:04:00,0.08569265529513359
2026-08-20 18:05:00,0.08425697311758995
2026-08-20 18:06:00,0.08425697311758995
2026-08-20 18:07:00,0.08425697311758995
2026-08-20 18:08:00,0.08425697311758995
2026-08-20 18:09:00,0.08425697311758995
2026-08-20 18:10:00,0.08056804165244102
2026-08-20 18:11:00,0.08056804165244102
2026-08-20 18:12:00,0.08056804165244102
2026-08-20 18:13:00,0.08056804165244102
2026-08-20 18:14:00,0.08056804165244102
2026-08-20 18:15:00,0.07497715018689632
2026-08-20 18:16:00,0.07497715018689632
2026-08-20 18:17:00,0.07497715018689632
2026-08-20 18:18:00,0.07497715018689632
2026-08-20 18:19:00,0.07497715018689632
2026-08-20 18:20:00,0.06682420149445534
2026-08-20 18:21:00,0.06682420149445534
2026-08-20 18:22:00,0.06682420149445534
2026-08-20 18:23:00,0.06682420149445534
2026-08-20 18:24:00,0.06682420149445534
2026-08-20 18:25:00,0.060367148369550705
2026-08-20 18:26:00,0.060367148369550705
2026-08-20 18:27:00,0.060367148369550705
2026-08-20 18:28:00,0.060367148369550705
2026-08-20 18:29:00,0.060367148369550705
2026-08-20 18:30:00,0.056551176123321056
2026-08-20 18:31:00,0.056551176123321056
2026-08-20 18:32:00,0.056551176123321056
2026-08-20 18:33:00,0.056551176123321056
2026-08-20 18:34:00,0.056551176123321056
2026-08-20 18:35:00,0.05491128284484148
2026-08-20 18:36:00,0.05491128284484148
2026-08-20 18:37:00,0.05491128284484148
2026-08-20 18:38:00,0.05491128284484148
2026-08-20 18:39:00,0.05491128284484148
2026-08-20 18:40:00,0.3027109457179904
2026-08-20 18:41:00,0.3027109457179904
2026-08-20 18:42:00,0.3027109457179904
2026-08-20 18:43:00,0.3027109457179904
2026-08-20 18:44:00,0.3027109457179904
2026-08-20 18:45:00,0.5538065554574132
2026-08-20 18:46:00,0.5538065554574132
2026-08-20 18:47:00,0.5538065554574132
2026-08-20 18:48:00,0.5538065554574132
2026-08-20 18:49:00,0.5538065554574132
2026-08-20 18:50:00,0.8053560983389616
2026-08-20 18:51:00,0.8053560983389616
2026-08-20 18:52:00,0.8053560983389616
2026-08-20 18:53:00,0.8053560983389616
2026-08-20 18:54:00,0.8053560983389616
2026-08-20 18:55:00,1.0571563839912415
2026-08-20 18:56:00,1.0571563839912415
2026-08-20 18:57:00,1.0571563839912415
2026-08-20 18:58:00,1.0571563839912415
2026-08-20 18:59:00,1.0571563839912415
2026-08-20 19:00:00,0.8406820297241211
2026-08-20 19:01:00,0.8406820297241211
2026-08-20 19:02:00,0.8406820297241211
2026-08-20 19:03:00,0.8406820297241211
2026-08-20 19:04:00,0.8406820297241211
2026-08-20 19:05:00,0.6133748702704906
2026-08-20 19:06:00,0.6133748702704906
2026-08-20 19:07:00,0.6133748702704906
2026-08-20 19:08:00,0.6133748702704906
2026-08-20 19:09:00,0.6133748702704906
2026-08-20 19:10:00,0.623004924505949
2026-08-20 19:11:00,0.623004924505949
2026-08-20 19:12:00,0.623004924505949
2026-08-20 19:13:00,0.623004924505949
2026-08-20 19:14:00,0.623004924505949
2026-08-20 19:15:00,0.6314625851809978
2026-08-20 19:16:00,0.6314625851809978
2026-08-20 19:17:00,0.6314625851809978
2026-08-20 19:18:00,0.6314625851809978
2026-08-20 19:19:00,0.6314625851809978
2026-08-20 19:20:00,0.8605749122798443
2026-08-20 19:21:00,0.8605749122798443
2026-08-20 19:22:00,0.8605749122798443
2026-08-20 19:23:00,0.8605749122798443
2026-08-20 19:24:00,0.8605749122798443
2026-08-20 19:25:00,1.0981223285198212
2026-08-20 19:26:00,1.0981223285198212
2026-08-20 19:27:00,1.0981223285198212
2026-08-20 19:28:00,1.0981223285198212
2026-08-20 19:29:00,1.0981223285198212
2026-08-20 19:30:00,0.8797794282436371
2026-08-20 19:31:00,0.8797794282436371
2026-08-20 19:32:00,0.8797794282436371
2026-08-20 19:33:00,0.8797794282436371
2026-08-20 19:34:00,0.8797794282436371
2026-08-20 19:35:00,0.6602403745055199
2026-08-20 19:36:00,0.6602403745055199
2026-08-20 19:37:00,0.6602403745055199
2026-08-20 19:38:00,0.6602403745055199
2026-08-20 19:39:00,0.6602403745055199
2026-08-20 19:40:00,0.4410569332540035
2026-08-20 19:41:00,0.4410569332540035
2026-08-20 19:42:00,0.4410569332540035
2026-08-20 19:43:00,0.4410569332540035
2026-08-20 19:44:00,0.4410569332540035
2026-08-20 19:45:00,0.22128773480653763
2026-08-20 19:46:00,0.22128773480653763
2026-08-20 19:47:00,0.22128773480653763
2026-08-20 19:48:00,0.22128773480653763
2026-08-20 19:49:00,0.22128773480653763
2026-08-20 19:50:00,0.22010843083262444
2026-08-20 19:51:00,0.22010843083262444
2026-08-20 19:52:00,0.22010843083262444
2026-08-20 19:53:00,0.22010843083262444
2026-08-20 19:54:00,0.22010843083262444
2026-08-20 19:55:00,0.2210906259715557
2026-08-20 19:56:00,0.2210906259715557
2026-08-20 19:57:00,0.2210906259715557
2026-08-20 19:58:00,0.2210906259715557
2026-08-20 19:59:00,0.2210906259715557
2026-08-20 20:00:00,0.2212543673813343
2026-08-20 20:01:00,0.2212543673813343
2026-08-20 20:02:00,0.2212543673813343
2026-08-20 20:03:00,0.2212543673813343
2026-08-20 20:04:00,0.2212543673813343
2026-08-20 20:05:00,0.22136753425002098
2026-08-20 20:06:00,0.22136753425002098
2026-08-20 20:07:00,0.22136753425002098
2026-08-20 20:08:00,0.22136753425002098
2026-08-20 20:09:00,0.22136753425002098
2026-08-20 20:10:00,0.219337847083807
2026-08-20 20:11:00,0.219337847083807
2026-08-20 20:12:00,0.219337847083807
2026-08-20 20:13:00,0.219337847083807
2026-08-20 20:14:00,0.219337847083807
2026-08-20 20:15:00,0.2170351855456829
2026-08-20 20:16:00,0.2170351855456829
2026-08-20 20:17:00,0.2170351855456829
2026-08-20 20:18:00,0.2170351855456829
2026-08-20 20:19:00,0.2170351855456829
2026-08-20 20:20:00,0.2141021154820919
2026-08-20 20:21:00,0.2141021154820919
2026-08-20 20:22:00,0.2141021154820919
2026-08-20 20:23:00,0.2141021154820919
2026-08-20 20:24:00,0.2141021154820919
2026-08-20 20:25:00,0.21127868816256523
2026-08-20 20:26:00,0.21127868816256523
2026-08-20 20:27:00,0.21127868816256523
2026-08-20 20:28:00,0.21127868816256523
2026-08-20 20:29:00,0.21127868816256523
2026-08-20 20:30:00,0.17149178870022297
2026-08-20 20:31:00,0.17149178870022297
2026-08-20 20:32:00,0.17149178870022297
2026-08-20 20:33:00,0.17149178870022297
2026-08-20 20:34:00,0.17149178870022297
2026-08-20 20:35:00,0.13131484389305115
2026-08-20 20:36:00,0.13131484389305115
2026-08-20 20:37:00,0.13131484389305115
2026-08-20 20:38:00,0.13131484389305115
2026-08-20 20:39:00,0.13131484389305115
2026-08-20 20:40:00,0.09297685511410236
2026-08-20 20:41:00,0.09297685511410236
2026-08-20 20:42:00,0.09297685511410236
2026-08-20 20:43:00,0.09297685511410236
2026-08-20 20:44:00,0.09297685511410236
2026-08-20 20:45:00,0.05519010405987501
2026-08-20 20:46:00,0.05519010405987501
2026-08-20 20:47:00,0.05519010405987501
2026-08-20 20:48:00,0.05519010405987501
2026-08-20 20:49:00,0.05519010405987501
2026-08-20 20:50:00,0.05601616110652685
2026-08-20 20:51:00,0.05601616110652685
2026-08-20 20:52:00,0.05601616110652685
2026-08-20 20:53:00,0.05601616110652685
2026-08-20 20:54:00,0.05601616110652685
2026-08-20 20:55:00,0.37877916637808084
2026-08-20 20:56:00,0.37877916637808084
2026-08-20 20:57:00,0.37877916637808084
2026-08-20 20:58:00,0.37877916637808084
2026-08-20 20:59:00,0.37877916637808084
2026-08-20 21:00:00,0.7006324930116534
2026-08-20 21:01:00,0.7006324930116534
2026-08-20 21:02:00,0.7006324930116534
2026-08-20 21:03:00,0.7006324930116534
2026-08-20 21:04:00,0.7006324930116534
2026-08-20 21:05:00,1.0225489493459463
2026-08-20 21:06:00,1.0225489493459463
2026-08-20 21:07:00,1.0225489493459463
2026-08-20 21:08:00,1.0225489493459463
2026-08-20 21:09:00,1.0225489493459463
2026-08-20 21:10:00,1.3443057239055634
2026-08-20 21:11:00,1.3443057239055634
2026-08-20 21:12:00,1.3443057239055634
2026-08-20 21:13:00,1.3443057239055634
2026-08-20 21:14:00,1.3443057239055634
2026-08-20 21:15:00,1.1006633043289185
2026-08-20 21:16:00,1.1006633043289185
2026-08-20 21:17:00,1.1006633043289185
2026-08-20 21:18:00,1.1006633043289185
2026-08-20 21:19:00,1.1006633043289185
2026-08-20 21:20:00,0.8564351797103882
2026-08-20 21:21:00,0.8564351797103882
2026-08-20 21:22:00,0.8564351797103882
2026-08-20 21:23:00,0.8564351797103882
2026-08-20 21:24:00,0.8564351797103882
2026-08-20 21:25:00,0.6121549010276794
2026-08-20 21:26:00,0.6121549010276794
2026-08-20 21:27:00,0.6121549010276794
2026-08-20 21:28:00,0.6121549010276794
2026-08-20 21:29:00,0.6121549010276794
2026-08-20 21:30:00,0.3684895411133766
2026-08-20 21:31:00,0.3684895411133766
2026-08-20 21:32:00,0.3684895411133766
2026-08-20 21:33:00,0.3684895411133766
2026-08-20 21:34:00,0.3684895411133766
2026-08-20 21:35:00,0.3678249567747116
2026-08-20 21:36:00,0.3678249567747116
2026-08-20 21:37:00,0.3678249567747116
2026-08-20 21:38:00,0.3678249567747116
2026-08-20 21:39:00,0.3678249567747116
2026-08-20 21:40:00,0.36762501299381256
2026-08-20 21:41:00,0.36762501299381256
2026-08-20 21:42:00,0.36762501299381256
2026-08-20 21:43:00,0.36762501299381256
2026-08-20 21:44:00,0.36762501299381256
2026-08-20 21:45:00,0.3673585206270218
2026-08-20 21:46:00,0.3673585206270218
2026-08-20 21:47:00,0.3673585206270218
2026-08-20 21:48:00,0.3673585206270218
2026-08-20 21:49:00,0.3673585206270218
2026-08-20 21:50:00,0.3649914562702179
2026-08-20 21:51:00,0.3649914562702179
2026-08-20 21:52:00,0.3649914562702179
2026-08-20 21:53:00,0.3649914562702179
2026-08-20 21:54:00,0.3649914562702179
2026-08-20 21:55:00,0.36532483994960785
2026-08-20 21:56:00,0.36532483994960785
2026-08-20 21:57:00,0.36532483994960785
2026-08-20 21:58:00,0.36532483994960785
2026-08-20 21:59:00,0.36532483994960785
2026-08-20 22:00:00,0.3670821711421013
2026-08-20 22:01:00,0.3670821711421013
2026-08-20 22:02:00,0.3670821711421013
2026-08-20 22:03:00,0.3670821711421013
2026-08-20 22:04:00,0.3670821711421013
2026-08-20 22:05:00,0.36866237223148346
2026-08-20 22:06:00,0.36866237223148346
2026-08-20 22:07:00,0.36866237223148346
2026-08-20 22:08:00,0.36866237223148346
2026-08-20 22:09:00,0.36866237223148346
2026-08-20 22:10:00,0.37049606442451477
2026-08-20 22:11:00,0.37049606442451477
2026-08-20 22:12:00,0.37049606442451477
2026-08-20 22:13:00,0.37049606442451477
2026-08-20 22:14:00,0.37049606442451477
2026-08-20 22:15:00,0.30467370338737965
2026-08-20 22:16:00,0.30467370338737965
2026-08-20 22:17:00,0.30467370338737965
2026-08-20 22:18:00,0.30467370338737965
2026-08-20 22:19:00,0.30467370338737965
2026-08-20 22:20:00,0.23667454347014427
2026-08-20 22:21:00,0.23667454347014427
2026-08-20 22:22:00,0.23667454347014427
2026-08-20 22:23:00,0.23667454347014427
2026-08-20 22:24:00,0.23667454347014427
2026-08-20 22:25:00,0.167781138792634
2026-08-20 22:26:00,0.167781138792634
2026-08-20 22:27:00,0.167781138792634
2026-08-20 22:28:00,0.167781138792634
2026-08-20 22:29:00,0.167781138792634
2026-08-20 22:30:00,0.10128624178469181
2026-08-20 22:31:00,0.10128624178469181
2026-08-20 22:32:00,0.10128624178469181
2026-08-20 22:33:00,0.10128624178469181
2026-08-20 22:34:00,0.10128624178469181
2026-08-20 22:35:00,0.09938141517341137
2026-08-20 22:36:00,0.09938141517341137
2026-08-20 22:37:00,0.09938141517341137
2026-08-20 22:38:00,0.09938141517341137
2026-08-20 22:39:00,0.09938141517341137
2026-08-20 22:40:00,0.09770848415791988
2026-08-20 22:41:00,0.09770848415791988
2026-08-20 22:42:00,0.09770848415791988
2026-08-20 22:43:00,0.09770848415791988
2026-08-20 22:44:00,0.09770848415791988
2026-08-20 22:45:00,0.0970263984054327
2026-08-20 22:46:00,0.0970263984054327
2026-08-20 22:47:00,0.0970263984054327
2026-08-20 22:48:00,0.0970263984054327
2026-08-20 22:49:00,0.0970263984054327
2026-08-20 22:50:00,0.09752501733601093
2026-08-20 22:51:00,0.09752501733601093
2026-08-20 22:52:00,0.09752501733601093
2026-08-20 22:53:00,0.09752501733601093
2026-08-20 22:54:00,0.09752501733601093
2026-08-20 22:55:00,0.09830380603671074
2026-08-20 22:56:00,0.09830380603671074
2026-08-20 22:57:00,0.09830380603671074
2026-08-20 22:58:00,0.09830380603671074
2026-08-20 22:59:00,0.09830380603671074
2026-08-20 23:00:00,0.10034064576029778
2026-08-20 23:01:00,0.10034064576029778
2026-08-20 23:02:00,0.10034064576029778
2026-08-20 23:03:00,0.10034064576029778
2026-08-20 23:04:00,0.10034064576029778
2026-08-20 23:05:00,0.10229473002254963
2026-08-20 23:06:00,0.10229473002254963
2026-08-20 23:07:00,0.10229473002254963
2026-08-20 23:08:00,0.10229473002254963
2026-08-20 23:09:00,0.10229473002254963
2026-08-20 23:10:00,0.1001263689249754
2026-08-20 23:11:00,0.1001263689249754
2026-08-20 23:12:00,0.1001263689249754
2026-08-20 23:13:00,0.1001263689249754
2026-08-20 23:14:00,0.1001263689249754
2026-08-20 23:15:00,0.09570197574794292
2026-08-20 23:16:00,0.09570197574794292
2026-08-20 23:17:00,0.09570197574794292
2026-08-20 23:18:00,0.09570197574794292
2026-08-20 23:19:00,0.09570197574794292
2026-08-20 23:20:00,0.08816259913146496
2026-08-20 23:21:00,0.08816259913146496
2026-08-20 23:22:00,0.08816259913146496
2026-08-20 23:23:00,0.08816259913146496
2026-08-20 23:24:00,0.08816259913146496
2026-08-20 23:25:00,0.07778396178036928
2026-08-20 23:26:00,0.07778396178036928
2026-08-20 23:27:00,0.07778396178036928
2026-08-20 23:28:00,0.07778396178036928
2026-08-20 23:29:00,0.07778396178036928
2026-08-20 23:30:00,0.07596077304333448
2026-08-20 23:31:00,0.07596077304333448
2026-08-20 23:32:00,0.07596077304333448
2026-08-20 23:33:00,0.07596077304333448
2026-08-20 23:34:00,0.07596077304333448
2026-08-20 23:35:00,0.07779509108513594
2026-08-20 23:36:00,0.07779509108513594
2026-08-20 23:37:00,0.07779509108513594
2026-08-20 23:38:00,0.07779509108513594
2026-08-20 23:39:00,0.07779509108513594
2026-08-20 23:40:00,0.08205062989145517
2026-08-20 23:41:00,0.08205062989145517
2026-08-20 23:42:00,0.08205062989145517
2026-08-20 23:43:00,0.08205062989145517
2026-08-20 23:44:00,0.08205062989145517
2026-08-20 23:45:00,0.3628340866416693
2026-08-20 23:46:00,0.3628340866416693
2026-08-20 23:47:00,0.3628340866416693
2026-08-20 23:48:00,0.3628340866416693
2026-08-20 23:49:00,0.3628340866416693
2026-08-20 23:50:00,0.6355630233883858
2026-08-20 23:51:00,0.6355630233883858
2026-08-20 23:52:00,0.6355630233883858
2026-08-20 23:53:00,0.6355630233883858
2026-08-20 23:54:00,0.6355630233883858
2026-08-20 23:55:00,0.9075937122106552
2026-08-20 23:56:00,0.9075937122106552
2026-08-20 23:57:00,0.9075937122106552
2026-08-20 23:58:00,0.9075937122106552
2026-08-20 23:59:00,0.9075937122106552
2026-08-21 00:00:00,1.1830189228057861
2026-08-21 00:01:00,1.1830189228057861
2026-08-21 00:02:00,1.1830189228057861
2026-08-21 00:03:00,1.1830189228057861
2026-08-21 00:04:00,1.1830189228057861
2026-08-21 00:05:00,1.150385558605194
2026-08-21 00:06:00,1.150385558605194
2026-08-21 00:07:00,1.150385558605194
2026-08-21 00:08:00,1.150385558605194
2026-08-21 00:09:00,1.150385558605194
2026-08-21 00:10:00,1.119073063135147
2026-08-21 00:11:00,1.119073063135147
2026-08-21 00:12:00,1.119073063135147
2026-08-21 00:13:00,1.119073063135147
2026-08-21 00:14:00,1.119073063135147
2026-08-21 00:15:00,1.0876786708831787
2026-08-21 00:16:00,1.0876786708831787
2026-08-21 00:17:00,1.0876786708831787
2026-08-21 00:18:00,1.0876786708831787
2026-08-21 00:19:00,1.0876786708831787
2026-08-21 00:20:00,0.84774374589324
2026-08-21 00:21:00,0.84774374589324
2026-08-21 00:22:00,0.84774374589324
2026-08-21 00:23:00,0.84774374589324
2026-08-21 00:24:00,0.84774374589324
2026-08-21 00:25:00,0.6423246040940285
2026-08-21 00:26:00,0.6423246040940285
2026-08-21 00:27:00,0.6423246040940285
2026-08-21 00:28:00,0.6423246040940285
2026-08-21 00:29:00,0.6423246040940285
2026-08-21 00:30:00,0.43961301445961
2026-08-21 00:31:00,0.43961301445961
2026-08-21 00:32:00,0.43961301445961
2026-08-21 00:33:00,0.43961301445961
2026-08-21 00:34:00,0.43961301445961
2026-08-21 00:35:00,0.23727068677544594
2026-08-21 00:36:00,0.23727068677544594
2026-08-21 00:37:00,0.23727068677544594
2026-08-21 00:38:00,0.23727068677544594
2026-08-21 00:39:00,0.23727068677544594
2026-08-21 00:40:00,0.24104252085089684
2026-08-21 00:41:00,0.24104252085089684
2026-08-21 00:42:00,0.24104252085089684
2026-08-21 00:43:00,0.24104252085089684
2026-08-21 00:44:00,0.24104252085089684
2026-08-21 00:45:00,0.2442152313888073
2026-08-21 00:46:00,0.2442152313888073
2026-08-21 00:47:00,0.2442152313888073
2026-08-21 00:48:00,0.2442152313888073
2026-08-21 00:49:00,0.2442152313888073
2026-08-21 00:50:00,0.24232051149010658
2026-08-21 00:51:00,0.24232051149010658
2026-08-21 00:52:00,0.24232051149010658
2026-08-21 00:53:00,0.24232051149010658
2026-08-21 00:54:00,0.24232051149010658
2026-08-21 00:55:00,0.2405359260737896
2026-08-21 00:56:00,0.2405359260737896
2026-08-21 00:57:00,0.2405359260737896
2026-08-21 00:58:00,0.2405359260737896
2026-08-21 00:59:00,0.2405359260737896
2026-08-21 01:00:00,0.2390444613993168
2026-08-21 01:01:00,0.2390444613993168
2026-08-21 01:02:00,0.2390444613993168
2026-08-21 01:03:00,0.2390444613993168
2026-08-21 01:04:00,0.2390444613993168
2026-08-21 01:05:00,0.4329373314976692
2026-08-21 01:06:00,0.4329373314976692
2026-08-21 01:07:00,0.4329373314976692
2026-08-21 01:08:00,0.4329373314976692
2026-08-21 01:09:00,0.4329373314976692
2026-08-21 01:10:00,0.6290838643908501
2026-08-21 01:11:00,0.6290838643908501
2026-08-21 01:12:00,0.6290838643908501
2026-08-21 01:13:00,0.6290838643908501
2026-08-21 01:14:00,0.6290838643908501
2026-08-21 01:15:00,0.8250206224620342
2026-08-21 01:16:00,0.8250206224620342
2026-08-21 01:17:00,0.8250206224620342
2026-08-21 01:18:00,0.8250206224620342
2026-08-21 01:19:00,0.8250206224620342
2026-08-21 01:20:00,1.056386649608612
2026-08-21 01:21:00,1.056386649608612
2026-08-21 01:22:00,1.056386649608612
2026-08-21 01:23:00,1.056386649608612
2026-08-21 01:24:00,1.056386649608612
2026-08-21 01:25:00,0.8506600484251976
2026-08-21 01:26:00,0.8506600484251976
2026-08-21 01:27:00,0.8506600484251976
2026-08-21 01:28:00,0.8506600484251976
2026-08-21 01:29:00,0.8506600484251976
2026-08-21 01:30:00,0.6462898924946785
2026-08-21 01:31:00,0.6462898924946785
2026-08-21 01:32:00,0.6462898924946785
2026-08-21 01:33:00,0.6462898924946785
2026-08-21 01:34:00,0.6462898924946785
2026-08-21 01:35:00,0.4454694725573063
2026-08-21 01:36:00,0.4454694725573063
2026-08-21 01:37:00,0.4454694725573063
2026-08-21 01:38:00,0.4454694725573063
2026-08-21 01:39:00,0.4454694725573063
2026-08-21 01:40:00,0.20942603424191475
2026-08-21 01:41:00,0.20942603424191475
2026-08-21 01:42:00,0.20942603424191475
2026-08-21 01:43:00,0.20942603424191475
2026-08-21 01:44:00,0.20942603424191475
2026-08-21 01:45:00,0.21505065634846687
2026-08-21 01:46:00,0.21505065634846687
2026-08-21 01:47:00,0.21505065634846687
2026-08-21 01:48:00,0.21505065634846687
2026-08-21 01:49:00,0.21505065634846687
2026-08-21 01:50:00,0.2191481962800026
2026-08-21 01:51:00,0.2191481962800026
2026-08-21 01:52:00,0.2191481962800026
2026-08-21 01:53:00,0.2191481962800026
2026-08-21 01:54:00,0.2191481962800026
2026-08-21 01:55:00,0.2205352634191513
2026-08-21 01:56:00,0.2205352634191513
2026-08-21 01:57:00,0.2205352634191513
2026-08-21 01:58:00,0.2205352634191513
2026-08-21 01:59:00,0.2205352634191513
2026-08-21 02:00:00,0.21892879903316498
2026-08-21 02:01:00,0.21892879903316498
2026-08-21 02:02:00,0.21892879903316498
2026-08-21 02:03:00,0.21892879903316498
2026-08-21 02:04:00,0.21892879903316498
2026-08-21 02:05:00,0.21848467737436295
2026-08-21 02:06:00,0.21848467737436295
2026-08-21 02:07:00,0.21848467737436295
2026-08-21 02:08:00,0.21848467737436295
2026-08-21 02:09:00,0.21848467737436295
2026-08-21 02:10:00,0.21852585673332214
2026-08-21 02:11:00,0.21852585673332214
2026-08-21 02:12:00,0.21852585673332214
2026-08-21 02:13:00,0.21852585673332214
2026-08-21 02:14:00,0.21852585673332214
2026-08-21 02:15:00,0.2185380645096302
2026-08-21 02:16:00,0.2185380645096302
2026-08-21 02:17:00,0.2185380645096302
2026-08-21 02:18:00,0.2185380645096302
2026-08-21 02:19:00,0.2185380645096302
2026-08-21 02:20:00,0.22173206880688667
2026-08-21 02:21:00,0.22173206880688667
2026-08-21 02:22:00,0.22173206880688667
2026-08-21 02:23:00,0.22173206880688667
2026-08-21 02:24:00,0.22173206880688667
2026-08-21 02:25:00,0.1851766835898161
2026-08-21 02:26:00,0.1851766835898161
2026-08-21 02:27:00,0.1851766835898161
2026-08-21 02:28:00,0.1851766835898161
2026-08-21 02:29:00,0.1851766835898161
2026-08-21 02:30:00,0.14780486188828945
2026-08-21 02:31:00,0.14780486188828945
2026-08-21 02:32:00,0.14780486188828945
2026-08-21 02:33:00,0.14780486188828945
2026-08-21 02:34:00,0.14780486188828945
2026-08-21 02:35:00,0.10748631879687309
2026-08-21 02:36:00,0.10748631879687309
2026-08-21 02:37:00,0.10748631879687309
2026-08-21 02:38:00,0.10748631879687309
2026-08-21 02:39:00,0.10748631879687309
2026-08-21 02:40:00,0.06478775385767221
2026-08-21 02:41:00,0.06478775385767221
2026-08-21 02:42:00,0.06478775385767221
2026-08-21 02:43:00,0.06478775385767221
2026-08-21 02:44:00,0.06478775385767221
2026-08-21 02:45:00,0.06384588312357664
2026-08-21 02:46:00,0.06384588312357664
2026-08-21 02:47:00,0.06384588312357664
2026-08-21 02:48:00,0.06384588312357664
2026-08-21 02:49:00,0.06384588312357664
2026-08-21 02:50:00,0.06495263148099184
2026-08-21 02:51:00,0.06495263148099184
2026-08-21 02:52:00,0.06495263148099184
2026-08-21 02:53:00,0.06495263148099184
2026-08-21 02:54:00,0.06495263148099184
2026-08-21 02:55:00,0.06659862864762545
2026-08-21 02:56:00,0.06659862864762545
2026-08-21 02:57:00,0.06659862864762545
2026-08-21 02:58:00,0.06659862864762545
2026-08-21 02:59:00,0.06659862864762545
2026-08-21 03:00:00,0.06796156987547874
2026-08-21 03:01:00,0.06796156987547874
2026-08-21 03:02:00,0.06796156987547874
2026-08-21 03:03:00,0.06796156987547874
2026-08-21 03:04:00,0.06796156987547874
2026-08-21 03:05:00,0.06522711925208569
2026-08-21 03:06:00,0.06522711925208569
2026-08-21 03:07:00,0.06522711925208569
2026-08-21 03:08:00,0.06522711925208569
2026-08-21 03:09:00,0.06522711925208569
2026-08-21 03:10:00,0.05848905723541975
2026-08-21 03:11:00,0.05848905723541975
2026-08-21 03:12:00,0.05848905723541975
2026-08-21 03:13:00,0.05848905723541975
2026-08-21 03:14:00,0.05848905723541975
2026-08-21 03:15:00,0.05259671434760094
2026-08-21 03:16:00,0.05259671434760094
2026-08-21 03:17:00,0.05259671434760094
2026-08-21 03:18:00,0.05259671434760094
2026-08-21 03:19:00,0.05259671434760094
2026-08-21 03:20:00,0.05096455104649067
2026-08-21 03:21:00,0.05096455104649067
2026-08-21 03:22:00,0.05096455104649067
2026-08-21 03:23:00,0.05096455104649067
2026-08-21 03:24:00,0.05096455104649067
2026-08-21 03:25:00,0.05084382928907871
2026-08-21 03:26:00,0.05084382928907871
2026-08-21 03:27:00,0.05084382928907871
2026-08-21 03:28:00,0.05084382928907871
2026-08-21 03:29:00,0.05084382928907871
2026-08-21 03:30:00,0.05593035276979208
2026-08-21 03:31:00,0.05593035276979208
2026-08-21 03:32:00,0.05593035276979208
2026-08-21 03:33:00,0.05593035276979208
2026-08-21 03:34:00,0.05593035276979208
2026-08-21 03:35:00,0.06135835684835911
2026-08-21 03:36:00,0.06135835684835911
2026-08-21 03:37:00,0.06135835684835911
2026-08-21 03:38:00,0.06135835684835911
2026-08-21 03:39:00,0.06135835684835911
2026-08-21 03:40:00,0.062140573747456074
2026-08-21 03:41:00,0.062140573747456074
2026-08-21 03:42:00,0.062140573747456074
2026-08-21 03:43:00,0.062140573747456074
2026-08-21 03:44:00,0.062140573747456074
2026-08-21 03:45:00,0.3468877365812659
2026-08-21 03:46:00,0.3468877365812659
2026-08-21 03:47:00,0.3468877365812659
2026-08-21 03:48:00,0.3468877365812659
2026-08-21 03:49:00,0.3468877365812659
2026-08-21 03:50:00,0.6289623817428946
2026-08-21 03:51:00,0.6289623817428946
2026-08-21 03:52:00,0.6289623817428946
2026-08-21 03:53:00,0.6289623817428946
2026-08-21 03:54:00,0.6289623817428946
2026-08-21 03:55:00,0.911117454059422
2026-08-21 03:56:00,0.911117454059422
2026-08-21 03:57:00,0.911117454059422
2026-08-21 03:58:00,0.911117454059422
2026-08-21 03:59:00,0.911117454059422
2026-08-21 04:00:00,1.1949165165424347
2026-08-21 04:01:00,1.1949165165424347
2026-08-21 04:02:00,1.1949165165424347
2026-08-21 04:03:00,1.1949165165424347
2026-08-21 04:04:00,1.1949165165424347
2026-08-21 04:05:00,0.957909494638443
2026-08-21 04:06:00,0.957909494638443
2026-08-21 04:07:00,0.957909494638443
2026-08-21 04:08:00,0.957909494638443
2026-08-21 04:09:00,0.957909494638443
2026-08-21 04:10:00,0.7225356623530388
2026-08-21 04:11:00,0.7225356623530388
2026-08-21 04:12:00,0.7225356623530388
2026-08-21 04:13:00,0.7225356623530388
2026-08-21 04:14:00,0.7225356623530388
2026-08-21 04:15:00,0.48571374639868736
2026-08-21 04:16:00,0.48571374639868736
2026-08-21 04:17:00,0.48571374639868736
2026-08-21 04:18:00,0.48571374639868736
2026-08-21 04:19:00,0.48571374639868736
2026-08-21 04:20:00,0.24914180487394333
2026-08-21 04:21:00,0.24914180487394333
2026-08-21 04:22:00,0.24914180487394333
2026-08-21 04:23:00,0.24914180487394333
2026-08-21 04:24:00,0.24914180487394333
2026-08-21 04:25:00,0.24924126639962196
2026-08-21 04:26:00,0.24924126639962196
2026-08-21 04:27:00,0.24924126639962196
2026-08-21 04:28:00,0.24924126639962196
2026-08-21 04:29:00,0.24924126639962196
2026-08-21 04:30:00,0.24641932919621468
2026-08-21 04:31:00,0.24641932919621468
2026-08-21 04:32:00,0.24641932919621468
2026-08-21 04:33:00,0.24641932919621468
2026-08-21 04:34:00,0.24641932919621468
2026-08-21 04:35:00,0.24583258479833603
2026-08-21 04:36:00,0.24583258479833603
2026-08-21 04:37:00,0.24583258479833603
2026-08-21 04:38:00,0.24583258479833603
2026-08-21 04:39:00,0.24583258479833603
2026-08-21 04:40:00,0.2431694120168686
2026-08-21 04:41:00,0.2431694120168686
2026-08-21 04:42:00,0.2431694120168686
2026-08-21 04:43:00,0.2431694120168686
2026-08-21 04:44:00,0.2431694120168686
2026-08-21 04:45:00,0.23898427188396454
2026-08-21 04:46:00,0.23898427188396454
2026-08-21 04:47:00,0.23898427188396454
2026-08-21 04:48:00,0.23898427188396454
2026-08-21 04:49:00,0.23898427188396454
2026-08-21 04:50:00,0.23623385652899742
2026-08-21 04:51:00,0.23623385652899742
2026-08-21 04:52:00,0.23623385652899742
2026-08-21 04:53:00,0.23623385652899742
2026-08-21 04:54:00,0.23623385652899742
2026-08-21 04:55:00,0.2328939288854599
2026-08-21 04:56:00,0.2328939288854599
2026-08-21 04:57:00,0.2328939288854599
2026-08-21 04:58:00,0.2328939288854599
2026-08-21 04:59:00,0.2328939288854599
2026-08-21 05:00:00,0.2316903993487358
2026-08-21 05:01:00,0.2316903993487358
2026-08-21 05:02:00,0.2316903993487358
2026-08-21 05:03:00,0.2316903993487358
2026-08-21 05:04:00,0.2316903993487358
2026-08-21 05:05:00,0.1893863184377551
2026-08-21 05:06:00,0.1893863184377551
2026-08-21 05:07:00,0.1893863184377551
2026-08-21 05:08:00,0.1893863184377551
2026-08-21 05:09:00,0.1893863184377551
2026-08-21 05:10:00,0.1497865980491042
2026-08-21 05:11:00,0.1497865980491042
2026-08-21 05:12:00,0.1497865980491042
2026-08-21 05:13:00,0.1497865980491042
2026-08-21 05:14:00,0.1497865980491042
2026-08-21 05:15:00,0.11106787715107203
2026-08-21 05:16:00,0.11106787715107203
2026-08-21 05:17:00,0.11106787715107203
2026-08-21 05:18:00,0.11106787715107203
2026-08-21 05:19:00,0.11106787715107203
2026-08-21 05:20:00,0.0702913673594594
2026-08-21 05:21:00,0.0702913673594594
2026-08-21 05:22:00,0.0702913673594594
2026-08-21 05:23:00,0.0702913673594594
2026-08-21 05:24:00,0.0702913673594594
2026-08-21 05:25:00,0.07216287031769753
2026-08-21 05:26:00,0.07216287031769753
2026-08-21 05:27:00,0.07216287031769753
2026-08-21 05:28:00,0.07216287031769753
2026-08-21 05:29:00,0.07216287031769753
2026-08-21 05:30:00,0.07438540831208229
2026-08-21 05:31:00,0.07438540831208229
2026-08-21 05:32:00,0.07438540831208229
2026-08-21 05:33:00,0.07438540831208229
2026-08-21 05:34:00,0.07438540831208229
2026-08-21 05:35:00,0.07611880823969841
2026-08-21 05:36:00,0.07611880823969841
2026-08-21 05:37:00,0.07611880823969841
2026-08-21 05:38:00,0.07611880823969841
2026-08-21 05:39:00,0.07611880823969841
2026-08-21 05:40:00,0.07855433039367199
2026-08-21 05:41:00,0.07855433039367199
2026-08-21 05:42:00,0.07855433039367199
2026-08-21 05:43:00,0.07855433039367199
2026-08-21 05:44:00,0.07855433039367199
2026-08-21 05:45:00,0.39783816784620285
2026-08-21 05:46:00,0.39783816784620285
2026-08-21 05:47:00,0.39783816784620285
2026-08-21 05:48:00,0.39783816784620285
2026-08-21 05:49:00,0.39783816784620285
2026-08-21 05:50:00,0.713964469730854
2026-08-21 05:51:00,0.713964469730854
2026-08-21 05:52:00,0.713964469730854
2026-08-21 05:53:00,0.713964469730854
2026-08-21 05:54:00,0.713964469730854
2026-08-21 05:55:00,1.0292056743055582
2026-08-21 05:56:00,1.0292056743055582
2026-08-21 05:57:00,1.0292056743055582
2026-08-21 05:58:00,1.0292056743055582
2026-08-21 05:59:00,1.0292056743055582
2026-08-21 06:00:00,1.3457841873168945
2026-08-21 06:01:00,1.3457841873168945
2026-08-21 06:02:00,1.3457841873168945
2026-08-21 06:03:00,1.3457841873168945
2026-08-21 06:04:00,1.3457841873168945
2026-08-21 06:05:00,1.2304613441228867
2026-08-21 06:06:00,1.2304613441228867
2026-08-21 06:07:00,1.2304613441228867
2026-08-21 06:08:00,1.2304613441228867
2026-08-21 06:09:00,1.2304613441228867
2026-08-21 06:10:00,1.1139143258333206
2026-08-21 06:11:00,1.1139143258333206
2026-08-21 06:12:00,1.1139143258333206
2026-08-21 06:13:00,1.1139143258333206
2026-08-21 06:14:00,1.1139143258333206
2026-08-21 06:15:00,1.0014321357011795
2026-08-21 06:16:00,1.0014321357011795
2026-08-21 06:17:00,1.0014321357011795
2026-08-21 06:18:00,1.0014321357011795
2026-08-21 06:19:00,1.0014321357011795
2026-08-21 06:20:00,0.7241714671254158
2026-08-21 06:21:00,0.7241714671254158
2026-08-21 06:22:00,0.7241714671254158
2026-08-21 06:23:00,0.7241714671254158
2026-08-21 06:24:00,0.7241714671254158
2026-08-21 06:25:00,0.7956432923674583
2026-08-21 06:26:00,0.7956432923674583
2026-08-21 06:27:00,0.7956432923674583
2026-08-21 06:28:00,0.7956432923674583
2026-08-21 06:29:00,0.7956432923674583
2026-08-21 06:30:00,0.8682719096541405
2026-08-21 06:31:00,0.8682719096541405
2026-08-21 06:32:00,0.8682719096541405
2026-08-21 06:33:00,0.8682719096541405
2026-08-21 06:34:00,0.8682719096541405
2026-08-21 06:35:00,0.9371857568621635
2026-08-21 06:36:00,0.9371857568621635
2026-08-21 06:37:00,0.9371857568621635
2026-08-21 06:38:00,0.9371857568621635
2026-08-21 06:39:00,0.9371857568621635
2026-08-21 06:40:00,1.1705985963344574
2026-08-21 06:41:00,1.1705985963344574
2026-08-21 06:42:00,1.1705985963344574
2026-08-21 06:43:00,1.1705985963344574
2026-08-21 06:44:00,1.1705985963344574
2026-08-21 06:45:00,1.1393674612045288
2026-08-21 06:46:00,1.1393674612045288
2026-08-21 06:47:00,1.1393674612045288
2026-08-21 06:48:00,1.1393674612045288
2026-08-21 06:49:00,1.1393674612045288
2026-08-21 06:50:00,0.8761701509356499
2026-08-21 06:51:00,0.8761701509356499
2026-08-21 06:52:00,0.8761701509356499
2026-08-21 06:53:00,0.8761701509356499
2026-08-21 06:54:00,0.8761701509356499
2026-08-21 06:55:00,0.6438028253614902
2026-08-21 06:56:00,0.6438028253614902
2026-08-21 06:57:00,0.6438028253614902
2026-08-21 06:58:00,0.6438028253614902
2026-08-21 06:59:00,0.6438028253614902
2026-08-21 07:00:00,0.4118458181619644
2026-08-21 07:01:00,0.4118458181619644
2026-08-21 07:02:00,0.4118458181619644
2026-08-21 07:03:00,0.4118458181619644
2026-08-21 07:04:00,0.4118458181619644
2026-08-21 07:05:00,0.21185977384448051
2026-08-21 07:06:00,0.21185977384448051
2026-08-21 07:07:00,0.21185977384448051
2026-08-21 07:08:00,0.21185977384448051
2026-08-21 07:09:00,0.21185977384448051
2026-08-21 07:10:00,0.24335135146975517
2026-08-21 07:11:00,0.24335135146975517
2026-08-21 07:12:00,0.24335135146975517
2026-08-21 07:13:00,0.24335135146975517
2026-08-21 07:14:00,0.24335135146975517
2026-08-21 07:15:00,0.24318598955869675
2026-08-21 07:16:00,0.24318598955869675
2026-08-21 07:17:00,0.24318598955869675
2026-08-21 07:18:00,0.24318598955869675
2026-08-21 07:19:00,0.24318598955869675
2026-08-21 07:20:00,0.24171585962176323
2026-08-21 07:21:00,0.24171585962176323
2026-08-21 07:22:00,0.24171585962176323
2026-08-21 07:23:00,0.24171585962176323
2026-08-21 07:24:00,0.24171585962176323
2026-08-21 07:25:00,0.23900754749774933
2026-08-21 07:26:00,0.23900754749774933
2026-08-21 07:27:00,0.23900754749774933
2026-08-21 07:28:00,0.23900754749774933
2026-08-21 07:29:00,0.23900754749774933
2026-08-21 07:30:00,0.23892812430858612
2026-08-21 07:31:00,0.23892812430858612
2026-08-21 07:32:00,0.23892812430858612
2026-08-21 07:33:00,0.23892812430858612
2026-08-21 07:34:00,0.23892812430858612
2026-08-21 07:35:00,0.41782668977975845
2026-08-21 07:36:00,0.41782668977975845
2026-08-21 07:37:00,0.41782668977975845
2026-08-21 07:38:00,0.41782668977975845
2026-08-21 07:39:00,0.41782668977975845
2026-08-21 07:40:00,0.5994303897023201
2026-08-21 07:41:00,0.5994303897023201
2026-08-21 07:42:00,0.5994303897023201
2026-08-21 07:43:00,0.5994303897023201
2026-08-21 07:44:00,0.5994303897023201
2026-08-21 07:45:00,0.764661006629467
2026-08-21 07:46:00,0.764661006629467
2026-08-21 07:47:00,0.764661006629467
2026-08-21 07:48:00,0.764661006629467
2026-08-21 07:49:00,0.764661006629467
2026-08-21 07:50:00,0.9935609698295593
2026-08-21 07:51:00,0.9935609698295593
2026-08-21 07:52:00,0.9935609698295593
2026-08-21 07:53:00,0.9935609698295593
2026-08-21 07:54:00,0.9935609698295593
2026-08-21 07:55:00,1.0181867331266403
2026-08-21 07:56:00,1.0181867331266403
2026-08-21 07:57:00,1.0181867331266403
2026-08-21 07:58:00,1.0181867331266403
2026-08-21 07:59:00,1.0181867331266403
2026-08-21 08:00:00,1.0405326038599014
2026-08-21 08:01:00,1.0405326038599014
2026-08-21 08:02:00,1.0405326038599014
2026-08-21 08:03:00,1.0405326038599014
2026-08-21 08:04:00,1.0405326038599014
2026-08-21 08:05:00,1.0861667394638062
2026-08-21 08:06:00,1.0861667394638062
2026-08-21 08:07:00,1.0861667394638062
2026-08-21 08:08:00,1.0861667394638062
2026-08-21 08:09:00,1.0861667394638062
2026-08-21 08:10:00,0.8605266138911247
2026-08-21 08:11:00,0.8605266138911247
2026-08-21 08:12:00,0.8605266138911247
2026-08-21 08:13:00,0.8605266138911247
2026-08-21 08:14:00,0.8605266138911247
2026-08-21 08:15:00,0.658550139516592
2026-08-21 08:16:00,0.658550139516592
2026-08-21 08:17:00,0.658550139516592
2026-08-21 08:18:00,0.658550139516592
2026-08-21 08:19:00,0.658550139516592
2026-08-21 08:20:00,0.45333267375826836
2026-08-21 08:21:00,0.45333267375826836
2026-08-21 08:22:00,0.45333267375826836
2026-08-21 08:23:00,0.45333267375826836
2026-08-21 08:24:00,0.45333267375826836
2026-08-21 08:25:00,0.24149052798748016
2026-08-21 08:26:00,0.24149052798748016
2026-08-21 08:27:00,0.24149052798748016
2026-08-21 08:28:00,0.24149052798748016
2026-08-21 08:29:00,0.24149052798748016
2026-08-21 08:30:00,0.23609669879078865
2026-08-21 08:31:00,0.23609669879078865
2026-08-21 08:32:00,0.23609669879078865
2026-08-21 08:33:00,0.23609669879078865
2026-08-21 08:34:00,0.23609669879078865
2026-08-21 08:35:00,0.2324971780180931
2026-08-21 08:36:00,0.2324971780180931
2026-08-21 08:37:00,0.2324971780180931
2026-08-21 08:38:00,0.2324971780180931
2026-08-21 08:39:00,0.2324971780180931
2026-08-21 08:40:00,0.23106611147522926
2026-08-21 08:41:00,0.23106611147522926
2026-08-21 08:42:00,0.23106611147522926
2026-08-21 08:43:00,0.23106611147522926
2026-08-21 08:44:00,0.23106611147522926
2026-08-21 08:45:00,0.22920281440019608
2026-08-21 08:46:00,0.22920281440019608
2026-08-21 08:47:00,0.22920281440019608
2026-08-21 08:48:00,0.22920281440019608
2026-08-21 08:49:00,0.22920281440019608
2026-08-21 08:50:00,0.2266821451485157
2026-08-21 08:51:00,0.2266821451485157
2026-08-21 08:52:00,0.2266821451485157
2026-08-21 08:53:00,0.2266821451485157
2026-08-21 08:54:00,0.2266821451485157
2026-08-21 08:55:00,0.22450094297528267
2026-08-21 08:56:00,0.22450094297528267
2026-08-21 08:57:00,0.22450094297528267
2026-08-21 08:58:00,0.22450094297528267
2026-08-21 08:59:00,0.22450094297528267
2026-08-21 09:00:00,0.2249491810798645
2026-08-21 09:01:00,0.2249491810798645
2026-08-21 09:02:00,0.2249491810798645
2026-08-21 09:03:00,0.2249491810798645
2026-08-21 09:04:00,0.2249491810798645
2026-08-21 09:05:00,0.22756168246269226
2026-08-21 09:06:00,0.22756168246269226
2026-08-21 09:07:00,0.22756168246269226
2026-08-21 09:08:00,0.22756168246269226
2026-08-21 09:09:00,0.22756168246269226
2026-08-21 09:10:00,0.18547222204506397
2026-08-21 09:11:00,0.18547222204506397
2026-08-21 09:12:00,0.18547222204506397
2026-08-21 09:13:00,0.18547222204506397
2026-08-21 09:14:00,0.18547222204506397
2026-08-21 09:15:00,0.14348141010850668
2026-08-21 09:16:00,0.14348141010850668
2026-08-21 09:17:00,0.14348141010850668
2026-08-21 09:18:00,0.14348141010850668
2026-08-21 09:19:00,0.14348141010850668
2026-08-21 09:20:00,0.10073987022042274
2026-08-21 09:21:00,0.10073987022042274
2026-08-21 09:22:00,0.10073987022042274
2026-08-21 09:23:00,0.10073987022042274
2026-08-21 09:24:00,0.10073987022042274
2026-08-21 09:25:00,0.05723526142537594
2026-08-21 09:26:00,0.05723526142537594
2026-08-21 09:27:00,0.05723526142537594
2026-08-21 09:28:00,0.05723526142537594
2026-08-21 09:29:00,0.05723526142537594
2026-08-21 09:30:00,0.05641940888017416
2026-08-21 09:31:00,0.05641940888017416
2026-08-21 09:32:00,0.05641940888017416
2026-08-21 09:33:00,0.05641940888017416
2026-08-21 09:34:00,0.05641940888017416
2026-08-21 09:35:00,0.056343287229537964
2026-08-21 09:36:00,0.056343287229537964
2026-08-21 09:37:00,0.056343287229537964
2026-08-21 09:38:00,0.056343287229537964
2026-08-21 09:39:00,0.056343287229537964
2026-08-21 09:40:00,0.055254620499908924
2026-08-21 09:41:00,0.055254620499908924
2026-08-21 09:42:00,0.055254620499908924
2026-08-21 09:43:00,0.055254620499908924
2026-08-21 09:44:00,0.055254620499908924
2026-08-21 09:45:00,0.05408478435128927
2026-08-21 09:46:00,0.05408478435128927
2026-08-21 09:47:00,0.05408478435128927
2026-08-21 09:48:00,0.05408478435128927
2026-08-21 09:49:00,0.05408478435128927
2026-08-21 09:50:00,0.05738420598208904
2026-08-21 09:51:00,0.05738420598208904
2026-08-21 09:52:00,0.05738420598208904
2026-08-21 09:53:00,0.05738420598208904
2026-08-21 09:54:00,0.05738420598208904
2026-08-21 09:55:00,0.05861895252019167
2026-08-21 09:56:00,0.05861895252019167
2026-08-21 09:57:00,0.05861895252019167
2026-08-21 09:58:00,0.05861895252019167
2026-08-21 09:59:00,0.05861895252019167
2026-08-21 10:00:00,0.059934671968221664
2026-08-21 10:01:00,0.059934671968221664
2026-08-21 10:02:00,0.059934671968221664
2026-08-21 10:03:00,0.059934671968221664
2026-08-21 10:04:00,0.059934671968221664
2026-08-21 10:05:00,0.05912172235548496
2026-08-21 10:06:00,0.05912172235548496
2026-08-21 10:07:00,0.05912172235548496
2026-08-21 10:08:00,0.05912172235548496
2026-08-21 10:09:00,0.05912172235548496
2026-08-21 10:10:00,0.31848155707120895
2026-08-21 10:11:00,0.31848155707120895
2026-08-21 10:12:00,0.31848155707120895
2026-08-21 10:13:00,0.31848155707120895
2026-08-21 10:14:00,0.31848155707120895
2026-08-21 10:15:00,0.5796077651903033
2026-08-21 10:16:00,0.5796077651903033
2026-08-21 10:17:00,0.5796077651903033
2026-08-21 10:18:00,0.5796077651903033
2026-08-21 10:19:00,0.5796077651903033
2026-08-21 10:20:00,0.8409687746316195
2026-08-21 10:21:00,0.8409687746316195
2026-08-21 10:22:00,0.8409687746316195
2026-08-21 10:23:00,0.8409687746316195
2026-08-21 10:24:00,0.8409687746316195
2026-08-21 10:25:00,1.1038230657577515
2026-08-21 10:26:00,1.1038230657577515
2026-08-21 10:27:00,1.1038230657577515
2026-08-21 10:28:00,1.1038230657577515
2026-08-21 10:29:00,1.1038230657577515
2026-08-21 10:30:00,0.878930889070034
2026-08-21 10:31:00,0.878930889070034
2026-08-21 10:32:00,0.878930889070034
2026-08-21 10:33:00,0.878930889070034
2026-08-21 10:34:00,0.878930889070034
2026-08-21 10:35:00,0.8415414169430733
2026-08-21 10:36:00,0.8415414169430733
2026-08-21 10:37:00,0.8415414169430733
2026-08-21 10:38:00,0.8415414169430733
2026-08-21 10:39:00,0.8415414169430733
2026-08-21 10:40:00,0.8049355521798134
2026-08-21 10:41:00,0.8049355521798134
2026-08-21 10:42:00,0.8049355521798134
2026-08-21 10:43:00,0.8049355521798134
2026-08-21 10:44:00,0.8049355521798134
2026-08-21 10:45:00,0.7682619318366051
2026-08-21 10:46:00,0.7682619318366051
2026-08-21 10:47:00,0.7682619318366051
2026-08-21 10:48:00,0.7682619318366051
2026-08-21 10:49:00,0.7682619318366051
2026-08-21 10:50:00,0.9567726105451584
2026-08-21 10:51:00,0.9567726105451584
2026-08-21 10:52:00,0.9567726105451584
2026-08-21 10:53:00,0.9567726105451584
2026-08-21 10:54:00,0.9567726105451584
2026-08-21 10:55:00,0.7709444612264633
2026-08-21 10:56:00,0.7709444612264633
2026-08-21 10:57:00,0.7709444612264633
2026-08-21 10:58:00,0.7709444612264633
2026-08-21 10:59:00,0.7709444612264633
2026-08-21 11:00:00,0.5848193652927876
2026-08-21 11:01:00,0.5848193652927876
2026-08-21 11:02:00,0.5848193652927876
2026-08-21 11:03:00,0.5848193652927876
2026-08-21 11:04:00,0.5848193652927876
2026-08-21 11:05:00,0.6190596856176853
2026-08-21 11:06:00,0.6190596856176853
2026-08-21 11:07:00,0.6190596856176853
2026-08-21 11:08:00,0.6190596856176853
2026-08-21 11:09:00,0.6190596856176853
2026-08-21 11:10:00,0.6533910520374775
2026-08-21 11:11:00,0.6533910520374775
2026-08-21 11:12:00,0.6533910520374775
2026-08-21 11:13:00,0.6533910520374775
2026-08-21 11:14:00,0.6533910520374775
2026-08-21 11:15:00,0.8737802542746067
2026-08-21 11:16:00,0.8737802542746067
2026-08-21 11:17:00,0.8737802542746067
2026-08-21 11:18:00,0.8737802542746067
2026-08-21 11:19:00,0.8737802542746067
2026-08-21 11:20:00,1.09441277384758
2026-08-21 11:21:00,1.09441277384758
2026-08-21 11:22:00,1.09441277384758
2026-08-21 11:23:00,1.09441277384758
2026-08-21 11:24:00,1.09441277384758
2026-08-21 11:25:00,1.1341659426689148
2026-08-21 11:26:00,1.1341659426689148
2026-08-21 11:27:00,1.1341659426689148
2026-08-21 11:28:00,1.1341659426689148
2026-08-21 11:29:00,1.1341659426689148
2026-08-21 11:30:00,1.1682215332984924
2026-08-21 11:31:00,1.1682215332984924
2026-08-21 11:32:00,1.1682215332984924
2026-08-21 11:33:00,1.1682215332984924
2026-08-21 11:34:00,1.1682215332984924
2026-08-21 11:35:00,1.2031071782112122
2026-08-21 11:36:00,1.2031071782112122
2026-08-21 11:37:00,1.2031071782112122
2026-08-21 11:38:00,1.2031071782112122
2026-08-21 11:39:00,1.2031071782112122
2026-08-21 11:40:00,1.2373943328857422
2026-08-21 11:41:00,1.2373943328857422
2026-08-21 11:42:00,1.2373943328857422
2026-08-21 11:43:00,1.2373943328857422
2026-08-21 11:44:00,1.2373943328857422
2026-08-21 11:45:00,0.9727873131632805
2026-08-21 11:46:00,0.9727873131632805
2026-08-21 11:47:00,0.9727873131632805
2026-08-21 11:48:00,0.9727873131632805
2026-08-21 11:49:00,0.9727873131632805
2026-08-21 11:50:00,0.7122938334941864
2026-08-21 11:51:00,0.7122938334941864
2026-08-21 11:52:00,0.7122938334941864
2026-08-21 11:53:00,0.7122938334941864
2026-08-21 11:54:00,0.7122938334941864
2026-08-21 11:55:00,0.4962011128664017
2026-08-21 11:56:00,0.4962011128664017
2026-08-21 11:57:00,0.4962011128664017
2026-08-21 11:58:00,0.4962011128664017
2026-08-21 11:59:00,0.4962011128664017
2026-08-21 12:00:00,0.27951859682798386
2026-08-21 12:01:00,0.27951859682798386
2026-08-21 12:02:00,0.27951859682798386
2026-08-21 12:03:00,0.27951859682798386
2026-08-21 12:04:00,0.27951859682798386
2026-08-21 12:05:00,0.3223700225353241
2026-08-21 12:06:00,0.3223700225353241
2026-08-21 12:07:00,0.3223700225353241
2026-08-21 12:08:00,0.3223700225353241
2026-08-21 12:09:00,0.3223700225353241
2026-08-21 12:10:00,0.3681766763329506
2026-08-21 12:11:00,0.3681766763329506
2026-08-21 12:12:00,0.3681766763329506
2026-08-21 12:13:00,0.3681766763329506
2026-08-21 12:14:00,0.3681766763329506
2026-08-21 12:15:00,0.5310762450098991
2026-08-21 12:16:00,0.5310762450098991
2026-08-21 12:17:00,0.5310762450098991
2026-08-21 12:18:00,0.5310762450098991
2026-08-21 12:19:00,0.5310762450098991
2026-08-21 12:20:00,0.6948951631784439
2026-08-21 12:21:00,0.6948951631784439
2026-08-21 12:22:00,0.6948951631784439
2026-08-21 12:23:00,0.6948951631784439
2026-08-21 12:24:00,0.6948951631784439
2026-08-21 12:25:00,0.8586721569299698
2026-08-21 12:26:00,0.8586721569299698
2026-08-21 12:27:00,0.8586721569299698
2026-08-21 12:28:00,0.8586721569299698
2026-08-21 12:29:00,0.8586721569299698
2026-08-21 12:30:00,1.0207200050354004
2026-08-21 12:31:00,1.0207200050354004
2026-08-21 12:32:00,1.0207200050354004
2026-08-21 12:33:00,1.0207200050354004
2026-08-21 12:34:00,1.0207200050354004
2026-08-21 12:35:00,0.8550973460078239
2026-08-21 12:36:00,0.8550973460078239
2026-08-21 12:37:00,0.8550973460078239
2026-08-21 12:38:00,0.8550973460078239
2026-08-21 12:39:00,0.8550973460078239
2026-08-21 12:40:00,0.6901475489139557
2026-08-21 12:41:00,0.6901475489139557
2026-08-21 12:42:00,0.6901475489139557
2026-08-21 12:43:00,0.6901475489139557
2026-08-21 12:44:00,0.6901475489139557
2026-08-21 12:45:00,0.4906569607555866
2026-08-21 12:46:00,0.4906569607555866
2026-08-21 12:47:00,0.4906569607555866
2026-08-21 12:48:00,0.4906569607555866
2026-08-21 12:49:00,0.4906569607555866
2026-08-21 12:50:00,0.29022179171442986
2026-08-21 12:51:00,0.29022179171442986
2026-08-21 12:52:00,0.29022179171442986
2026-08-21 12:53:00,0.29022179171442986
2026-08-21 12:54:00,0.29022179171442986
2026-08-21 12:55:00,0.2576586790382862
2026-08-21 12:56:00,0.2576586790382862
2026-08-21 12:57:00,0.2576586790382862
2026-08-21 12:58:00,0.2576586790382862
2026-08-21 12:59:00,0.2576586790382862
2026-08-21 13:00:00,0.2296530343592167
2026-08-21 13:01:00,0.2296530343592167
2026-08-21 13:02:00,0.2296530343592167
2026-08-21 13:03:00,0.2296530343592167
2026-08-21 13:04:00,0.2296530343592167
2026-08-21 13:05:00,0.2422417253255844
2026-08-21 13:06:00,0.2422417253255844
2026-08-21 13:07:00,0.2422417253255844
2026-08-21 13:08:00,0.2422417253255844
2026-08-21 13:09:00,0.2422417253255844
2026-08-21 13:10:00,0.2580149173736572
2026-08-21 13:11:00,0.2580149173736572
2026-08-21 13:12:00,0.2580149173736572
2026-08-21 13:13:00,0.2580149173736572
2026-08-21 13:14:00,0.2580149173736572
2026-08-21 13:15:00,0.2681708261370659
2026-08-21 13:16:00,0.2681708261370659
2026-08-21 13:17:00,0.2681708261370659
2026-08-21 13:18:00,0.2681708261370659
2026-08-21 13:19:00,0.2681708261370659
2026-08-21 13:20:00,0.26476963609457016
2026-08-21 13:21:00,0.26476963609457016
2026-08-21 13:22:00,0.26476963609457016
2026-08-21 13:23:00,0.26476963609457016
2026-08-21 13:24:00,0.26476963609457016
2026-08-21 13:25:00,0.25009210780262947
2026-08-21 13:26:00,0.25009210780262947
2026-08-21 13:27:00,0.25009210780262947
2026-08-21 13:28:00,0.25009210780262947
2026-08-21 13:29:00,0.25009210780262947
2026-08-21 13:30:00,0.44162340089678764
2026-08-21 13:31:00,0.44162340089678764
2026-08-21 13:32:00,0.44162340089678764
2026-08-21 13:33:00,0.44162340089678764
2026-08-21 13:34:00,0.44162340089678764
2026-08-21 13:35:00,0.6431811638176441
2026-08-21 13:36:00,0.6431811638176441
2026-08-21 13:37:00,0.6431811638176441
2026-08-21 13:38:00,0.6431811638176441
2026-08-21 13:39:00,0.6431811638176441
2026-08-21 13:40:00,0.8527911566197872
2026-08-21 13:41:00,0.8527911566197872
2026-08-21 13:42:00,0.8527911566197872
2026-08-21 13:43:00,0.8527911566197872
2026-08-21 13:44:00,0.8527911566197872
2026-08-21 13:45:00,1.0676880776882172
2026-08-21 13:46:00,1.0676880776882172
2026-08-21 13:47:00,1.0676880776882172
2026-08-21 13:48:00,1.0676880776882172
2026-08-21 13:49:00,1.0676880776882172
2026-08-21 13:50:00,0.8460311181843281
2026-08-21 13:51:00,0.8460311181843281
2026-08-21 13:52:00,0.8460311181843281
2026-08-21 13:53:00,0.8460311181843281
2026-08-21 13:54:00,0.8460311181843281
2026-08-21 13:55:00,0.6175909116864204
2026-08-21 13:56:00,0.6175909116864204
2026-08-21 13:57:00,0.6175909116864204
2026-08-21 13:58:00,0.6175909116864204
2026-08-21 13:59:00,0.6175909116864204
2026-08-21 14:00:00,0.388191320002079
2026-08-21 14:01:00,0.388191320002079
2026-08-21 14:02:00,0.388191320002079
2026-08-21 14:03:00,0.388191320002079
2026-08-21 14:04:00,0.388191320002079
2026-08-21 14:05:00,0.1594884730875492
2026-08-21 14:06:00,0.1594884730875492
2026-08-21 14:07:00,0.1594884730875492
2026-08-21 14:08:00,0.1594884730875492
2026-08-21 14:09:00,0.1594884730875492
2026-08-21 14:10:00,0.15804913640022278
2026-08-21 14:11:00,0.15804913640022278
2026-08-21 14:12:00,0.15804913640022278
2026-08-21 14:13:00,0.15804913640022278
2026-08-21 14:14:00,0.15804913640022278
2026-08-21 14:15:00,0.1575286127626896
2026-08-21 14:16:00,0.1575286127626896
2026-08-21 14:17:00,0.1575286127626896
2026-08-21 14:18:00,0.1575286127626896
2026-08-21 14:19:00,0.1575286127626896
2026-08-21 14:20:00,0.15842723473906517
2026-08-21 14:21:00,0.15842723473906517
2026-08-21 14:22:00,0.15842723473906517
2026-08-21 14:23:00,0.15842723473906517
2026-08-21 14:24:00,0.15842723473906517
2026-08-21 14:25:00,0.15803156420588493
2026-08-21 14:26:00,0.15803156420588493
2026-08-21 14:27:00,0.15803156420588493
2026-08-21 14:28:00,0.15803156420588493
2026-08-21 14:29:00,0.15803156420588493
2026-08-21 14:30:00,0.16131805628538132
2026-08-21 14:31:00,0.16131805628538132
2026-08-21 14:32:00,0.16131805628538132
2026-08-21 14:33:00,0.16131805628538132
2026-08-21 14:34:00,0.16131805628538132
2026-08-21 14:35:00,0.16453205421566963
2026-08-21 14:36:00,0.16453205421566963
2026-08-21 14:37:00,0.16453205421566963
2026-08-21 14:38:00,0.16453205421566963
2026-08-21 14:39:00,0.16453205421566963
2026-08-21 14:40:00,0.16727594658732414
2026-08-21 14:41:00,0.16727594658732414
2026-08-21 14:42:00,0.16727594658732414
2026-08-21 14:43:00,0.16727594658732414
2026-08-21 14:44:00,0.16727594658732414
2026-08-21 14:45:00,0.16899962350726128
2026-08-21 14:46:00,0.16899962350726128
2026-08-21 14:47:00,0.16899962350726128
2026-08-21 14:48:00,0.16899962350726128
2026-08-21 14:49:00,0.16899962350726128
2026-08-21 14:50:00,0.14172128681093454
2026-08-21 14:51:00,0.14172128681093454
2026-08-21 14:52:00,0.14172128681093454
2026-08-21 14:53:00,0.14172128681093454
2026-08-21 14:54:00,0.14172128681093454
2026-08-21 14:55:00,0.11775487195700407
2026-08-21 14:56:00,0.11775487195700407
2026-08-21 14:57:00,0.11775487195700407
2026-08-21 14:58:00,0.11775487195700407
2026-08-21 14:59:00,0.11775487195700407
2026-08-21 15:00:00,0.41193447541445494
2026-08-21 15:01:00,0.41193447541445494
2026-08-21 15:02:00,0.41193447541445494
2026-08-21 15:03:00,0.41193447541445494
2026-08-21 15:04:00,0.41193447541445494
2026-08-21 15:05:00,0.7076615383848548
2026-08-21 15:06:00,0.7076615383848548
2026-08-21 15:07:00,0.7076615383848548
2026-08-21 15:08:00,0.7076615383848548
2026-08-21 15:09:00,0.7076615383848548
2026-08-21 15:10:00,1.0291224475950003
2026-08-21 15:11:00,1.0291224475950003
2026-08-21 15:12:00,1.0291224475950003
2026-08-21 15:13:00,1.0291224475950003
2026-08-21 15:14:00,1.0291224475950003
2026-08-21 15:15:00,1.336667776107788
2026-08-21 15:16:00,1.336667776107788
2026-08-21 15:17:00,1.336667776107788
2026-08-21 15:18:00,1.336667776107788
2026-08-21 15:19:00,1.336667776107788
2026-08-21 15:20:00,1.273335486650467
2026-08-21 15:21:00,1.273335486650467
2026-08-21 15:22:00,1.273335486650467
2026-08-21 15:23:00,1.273335486650467
2026-08-21 15:24:00,1.273335486650467
2026-08-21 15:25:00,1.2098034620285034
2026-08-21 15:26:00,1.2098034620285034
2026-08-21 15:27:00,1.2098034620285034
2026-08-21 15:28:00,1.2098034620285034
2026-08-21 15:29:00,1.2098034620285034
2026-08-21 15:30:00,1.1464990377426147
2026-08-21 15:31:00,1.1464990377426147
2026-08-21 15:32:00,1.1464990377426147
2026-08-21 15:33:00,1.1464990377426147
2026-08-21 15:34:00,1.1464990377426147
2026-08-21 15:35:00,0.886654406785965
2026-08-21 15:36:00,0.886654406785965
2026-08-21 15:37:00,0.886654406785965
2026-08-21 15:38:00,0.886654406785965
2026-08-21 15:39:00,0.886654406785965
2026-08-21 15:40:00,0.6719311475753784
2026-08-21 15:41:00,0.6719311475753784
2026-08-21 15:42:00,0.6719311475753784
2026-08-21 15:43:00,0.6719311475753784
2026-08-21 15:44:00,0.6719311475753784
2026-08-21 15:45:00,0.48412374407052994
2026-08-21 15:46:00,0.48412374407052994
2026-08-21 15:47:00,0.48412374407052994
2026-08-21 15:48:00,0.48412374407052994
2026-08-21 15:49:00,0.48412374407052994
2026-08-21 15:50:00,0.2962922230362892
2026-08-21 15:51:00,0.2962922230362892
2026-08-21 15:52:00,0.2962922230362892
2026-08-21 15:53:00,0.2962922230362892
2026-08-21 15:54:00,0.2962922230362892
2026-08-21 15:55:00,0.31533536314964294
2026-08-21 15:56:00,0.31533536314964294
2026-08-21 15:57:00,0.31533536314964294
2026-08-21 15:58:00,0.31533536314964294
2026-08-21 15:59:00,0.31533536314964294
2026-08-21 16:00:00,0.3419477939605713
2026-08-21 16:01:00,0.3419477939605713
2026-08-21 16:02:00,0.3419477939605713
2026-08-21 16:03:00,0.3419477939605713
2026-08-21 16:04:00,0.3419477939605713
2026-08-21 16:05:00,0.3421824276447296
2026-08-21 16:06:00,0.3421824276447296
2026-08-21 16:07:00,0.3421824276447296
2026-08-21 16:08:00,0.3421824276447296
2026-08-21 16:09:00,0.3421824276447296
2026-08-21 16:10:00,0.34194689244031906
2026-08-21 16:11:00,0.34194689244031906
2026-08-21 16:12:00,0.34194689244031906
2026-08-21 16:13:00,0.34194689244031906
2026-08-21 16:14:00,0.34194689244031906
2026-08-21 16:15:00,0.3417677953839302
2026-08-21 16:16:00,0.3417677953839302
2026-08-21 16:17:00,0.3417677953839302
2026-08-21 16:18:00,0.3417677953839302
2026-08-21 16:19:00,0.3417677953839302
2026-08-21 16:20:00,0.30961110815405846
2026-08-21 16:21:00,0.30961110815405846
2026-08-21 16:22:00,0.30961110815405846
2026-08-21 16:23:00,0.30961110815405846
2026-08-21 16:24:00,0.30961110815405846
2026-08-21 16:25:00,0.2756846584379673
2026-08-21 16:26:00,0.2756846584379673
2026-08-21 16:27:00,0.2756846584379673
2026-08-21 16:28:00,0.2756846584379673
2026-08-21 16:29:00,0.2756846584379673
2026-08-21 16:30:00,0.24226335063576698
2026-08-21 16:31:00,0.24226335063576698
2026-08-21 16:32:00,0.24226335063576698
2026-08-21 16:33:00,0.24226335063576698
2026-08-21 16:34:00,0.24226335063576698
2026-08-21 16:35:00,0.18143276125192642
2026-08-21 16:36:00,0.18143276125192642
2026-08-21 16:37:00,0.18143276125192642
2026-08-21 16:38:00,0.18143276125192642
2026-08-21 16:39:00,0.18143276125192642
2026-08-21 16:40:00,0.14718141593039036
2026-08-21 16:41:00,0.14718141593039036
2026-08-21 16:42:00,0.14718141593039036
2026-08-21 16:43:00,0.14718141593039036
2026-08-21 16:44:00,0.14718141593039036
2026-08-21 16:45:00,0.11573945730924606
2026-08-21 16:46:00,0.11573945730924606
2026-08-21 16:47:00,0.11573945730924606
2026-08-21 16:48:00,0.11573945730924606
2026-08-21 16:49:00,0.11573945730924606
2026-08-21 16:50:00,0.08655587770044804
2026-08-21 16:51:00,0.08655587770044804
2026-08-21 16:52:00,0.08655587770044804
2026-08-21 16:53:00,0.08655587770044804
2026-08-21 16:54:00,0.08655587770044804
2026-08-21 16:55:00,0.08568363822996616
2026-08-21 16:56:00,0.08568363822996616
2026-08-21 16:57:00,0.08568363822996616
2026-08-21 16:58:00,0.08568363822996616
2026-08-21 16:59:00,0.08568363822996616
2026-08-21 17:00:00,0.086831359192729
2026-08-21 17:01:00,0.086831359192729
2026-08-21 17:02:00,0.086831359192729
2026-08-21 17:03:00,0.086831359192729
2026-08-21 17:04:00,0.086831359192729
2026-08-21 17:05:00,0.39859090745449066
2026-08-21 17:06:00,0.39859090745449066
2026-08-21 17:07:00,0.39859090745449066
2026-08-21 17:08:00,0.39859090745449066
2026-08-21 17:09:00,0.39859090745449066
2026-08-21 17:10:00,0.6714723166078329
2026-08-21 17:11:00,0.6714723166078329
2026-08-21 17:12:00,0.6714723166078329
2026-08-21 17:13:00,0.6714723166078329
2026-08-21 17:14:00,0.6714723166078329
2026-08-21 17:15:00,0.9430341217666864
2026-08-21 17:16:00,0.9430341217666864
2026-08-21 17:17:00,0.9430341217666864
2026-08-21 17:18:00,0.9430341217666864
2026-08-21 17:19:00,0.9430341217666864
2026-08-21 17:20:00,1.2187705338001251
2026-08-21 17:21:00,1.2187705338001251
2026-08-21 17:22:00,1.2187705338001251
2026-08-21 17:23:00,1.2187705338001251
2026-08-21 17:24:00,1.2187705338001251
2026-08-21 17:25:00,1.1318435817956924
2026-08-21 17:26:00,1.1318435817956924
2026-08-21 17:27:00,1.1318435817956924
2026-08-21 17:28:00,1.1318435817956924
2026-08-21 17:29:00,1.1318435817956924
2026-08-21 17:30:00,1.0816036462783813
2026-08-21 17:31:00,1.0816036462783813
2026-08-21 17:32:00,1.0816036462783813
2026-08-21 17:33:00,1.0816036462783813
2026-08-21 17:34:00,1.0816036462783813
2026-08-21 17:35:00,1.032549574971199
2026-08-21 17:36:00,1.032549574971199
2026-08-21 17:37:00,1.032549574971199
2026-08-21 17:38:00,1.032549574971199
2026-08-21 17:39:00,1.032549574971199
2026-08-21 17:40:00,0.9832137376070023
2026-08-21 17:41:00,0.9832137376070023
2026-08-21 17:42:00,0.9832137376070023
2026-08-21 17:43:00,0.9832137376070023
2026-08-21 17:44:00,0.9832137376070023
2026-08-21 17:45:00,0.8136300966143608
2026-08-21 17:46:00,0.8136300966143608
2026-08-21 17:47:00,0.8136300966143608
2026-08-21 17:48:00,0.8136300966143608
2026-08-21 17:49:00,0.8136300966143608
2026-08-21 17:50:00,0.6448708176612854
2026-08-21 17:51:00,0.6448708176612854
2026-08-21 17:52:00,0.6448708176612854
2026-08-21 17:53:00,0.6448708176612854
2026-08-21 17:54:00,0.6448708176612854
2026-08-21 17:55:00,0.45245759189128876
2026-08-21 17:56:00,0.45245759189128876
2026-08-21 17:57:00,0.45245759189128876
2026-08-21 17:58:00,0.45245759189128876
2026-08-21 17:59:00,0.45245759189128876
2026-08-21 18:00:00,0.26012494042515755
2026-08-21 18:01:00,0.26012494042515755
2026-08-21 18:02:00,0.26012494042515755
2026-08-21 18:03:00,0.26012494042515755
2026-08-21 18:04:00,0.26012494042515755
2026-08-21 18:05:00,0.2399912327528
2026-08-21 18:06:00,0.2399912327528
2026-08-21 18:07:00,0.2399912327528
2026-08-21 18:08:00,0.2399912327528
2026-08-21 18:09:00,0.2399912327528
2026-08-21 18:10:00,0.40564507991075516
2026-08-21 18:11:00,0.40564507991075516
2026-08-21 18:12:00,0.40564507991075516
2026-08-21 18:13:00,0.40564507991075516
2026-08-21 18:14:00,0.40564507991075516
2026-08-21 18:15:00,0.5896416082978249
2026-08-21 18:16:00,0.5896416082978249
2026-08-21 18:17:00,0.5896416082978249
2026-08-21 18:18:00,0.5896416082978249
2026-08-21 18:19:00,0.5896416082978249
2026-08-21 18:20:00,0.7570877708494663
2026-08-21 18:21:00,0.7570877708494663
2026-08-21 18:22:00,0.7570877708494663
2026-08-21 18:23:00,0.7570877708494663
2026-08-21 18:24:00,0.7570877708494663
2026-08-21 18:25:00,0.9530303329229355
2026-08-21 18:26:00,0.9530303329229355
2026-08-21 18:27:00,0.9530303329229355
2026-08-21 18:28:00,0.9530303329229355
2026-08-21 18:29:00,0.9530303329229355
2026-08-21 18:30:00,0.9507889747619629
2026-08-21 18:31:00,0.9507889747619629
2026-08-21 18:32:00,0.9507889747619629
2026-08-21 18:33:00,0.9507889747619629
2026-08-21 18:34:00,0.9507889747619629
2026-08-21 18:35:00,0.9529465138912201
2026-08-21 18:36:00,0.9529465138912201
2026-08-21 18:37:00,0.9529465138912201
2026-08-21 18:38:00,0.9529465138912201
2026-08-21 18:39:00,0.9529465138912201
2026-08-21 18:40:00,0.8751476258039474
2026-08-21 18:41:00,0.8751476258039474
2026-08-21 18:42:00,0.8751476258039474
2026-08-21 18:43:00,0.8751476258039474
2026-08-21 18:44:00,0.8751476258039474
2026-08-21 18:45:00,0.7622130811214447
2026-08-21 18:46:00,0.7622130811214447
2026-08-21 18:47:00,0.7622130811214447
2026-08-21 18:48:00,0.7622130811214447
2026-08-21 18:49:00,0.7622130811214447
2026-08-21 18:50:00,0.6610221266746521
2026-08-21 18:51:00,0.6610221266746521
2026-08-21 18:52:00,0.6610221266746521
2026-08-21 18:53:00,0.6610221266746521
2026-08-21 18:54:00,0.6610221266746521
2026-08-21 18:55:00,0.559397965669632
2026-08-21 18:56:00,0.559397965669632
2026-08-21 18:57:00,0.559397965669632
2026-08-21 18:58:00,0.559397965669632
2026-08-21 18:59:00,0.559397965669632
2026-08-21 19:00:00,0.479316771030426
2026-08-21 19:01:00,0.479316771030426
2026-08-21 19:02:00,0.479316771030426
2026-08-21 19:03:00,0.479316771030426
2026-08-21 19:04:00,0.479316771030426
2026-08-21 19:05:00,0.4034093916416168
2026-08-21 19:06:00,0.4034093916416168
2026-08-21 19:07:00,0.4034093916416168
2026-08-21 19:08:00,0.4034093916416168
2026-08-21 19:09:00,0.4034093916416168
2026-08-21 19:10:00,0.32750293612480164
2026-08-21 19:11:00,0.32750293612480164
2026-08-21 19:12:00,0.32750293612480164
2026-08-21 19:13:00,0.32750293612480164
2026-08-21 19:14:00,0.32750293612480164
2026-08-21 19:15:00,0.24945692345499992
2026-08-21 19:16:00,0.24945692345499992
2026-08-21 19:17:00,0.24945692345499992
2026-08-21 19:18:00,0.24945692345499992
2026-08-21 19:19:00,0.24945692345499992
2026-08-21 19:20:00,0.24602924659848213
2026-08-21 19:21:00,0.24602924659848213
2026-08-21 19:22:00,0.24602924659848213
2026-08-21 19:23:00,0.24602924659848213
2026-08-21 19:24:00,0.24602924659848213
2026-08-21 19:25:00,0.2435348555445671
2026-08-21 19:26:00,0.2435348555445671
2026-08-21 19:27:00,0.2435348555445671
2026-08-21 19:28:00,0.2435348555445671
2026-08-21 19:29:00,0.2435348555445671
2026-08-21 19:30:00,0.22088197618722916
2026-08-21 19:31:00,0.22088197618722916
2026-08-21 19:32:00,0.22088197618722916
2026-08-21 19:33:00,0.22088197618722916
2026-08-21 19:34:00,0.22088197618722916
2026-08-21 19:35:00,0.2029128037393093
2026-08-21 19:36:00,0.2029128037393093
2026-08-21 19:37:00,0.2029128037393093
2026-08-21 19:38:00,0.2029128037393093
2026-08-21 19:39:00,0.2029128037393093
2026-08-21 19:40:00,0.17566084116697311
2026-08-21 19:41:00,0.17566084116697311
2026-08-21 19:42:00,0.17566084116697311
2026-08-21 19:43:00,0.17566084116697311
2026-08-21 19:44:00,0.17566084116697311
2026-08-21 19:45:00,0.14995673671364784
2026-08-21 19:46:00,0.14995673671364784
2026-08-21 19:47:00,0.14995673671364784
2026-08-21 19:48:00,0.14995673671364784
2026-08-21 19:49:00,0.14995673671364784
2026-08-21 19:50:00,0.1412891075015068
2026-08-21 19:51:00,0.1412891075015068
2026-08-21 19:52:00,0.1412891075015068
2026-08-21 19:53:00,0.1412891075015068
2026-08-21 19:54:00,0.1412891075015068
2026-08-21 19:55:00,0.1286829672753811
2026-08-21 19:56:00,0.1286829672753811
2026-08-21 19:57:00,0.1286829672753811
2026-08-21 19:58:00,0.1286829672753811
2026-08-21 19:59:00,0.1286829672753811
2026-08-21 20:00:00,0.11238706670701504
2026-08-21 20:01:00,0.11238706670701504
2026-08-21 20:02:00,0.11238706670701504
2026-08-21 20:03:00,0.11238706670701504
2026-08-21 20:04:00,0.11238706670701504
2026-08-21 20:05:00,0.09216171596199274
2026-08-21 20:06:00,0.09216171596199274
2026-08-21 20:07:00,0.09216171596199274
2026-08-21 20:08:00,0.09216171596199274
2026-08-21 20:09:00,0.09216171596199274
2026-08-21 20:10:00,0.07481051236391068
2026-08-21 20:11:00,0.07481051236391068
2026-08-21 20:12:00,0.07481051236391068
2026-08-21 20:13:00,0.07481051236391068
2026-08-21 20:14:00,0.07481051236391068
2026-08-21 20:15:00,0.05971869267523289
2026-08-21 20:16:00,0.05971869267523289
2026-08-21 20:17:00,0.05971869267523289
2026-08-21 20:18:00,0.05971869267523289
2026-08-21 20:19:00,0.05971869267523289
2026-08-21 20:20:00,0.059639036655426025
2026-08-21 20:21:00,0.059639036655426025
2026-08-21 20:22:00,0.059639036655426025
2026-08-21 20:23:00,0.059639036655426025
2026-08-21 20:24:00,0.059639036655426025
2026-08-21 20:25:00,0.370692883618176
2026-08-21 20:26:00,0.370692883618176
2026-08-21 20:27:00,0.370692883618176
2026-08-21 20:28:00,0.370692883618176
2026-08-21 20:29:00,0.370692883618176
2026-08-21 20:30:00,0.6815600339323282
2026-08-21 20:31:00,0.6815600339323282
2026-08-21 20:32:00,0.6815600339323282
2026-08-21 20:33:00,0.6815600339323282
2026-08-21 20:34:00,0.6815600339323282
2026-08-21 20:35:00,0.9918695129454136
2026-08-21 20:36:00,0.9918695129454136
2026-08-21 20:37:00,0.9918695129454136
2026-08-21 20:38:00,0.9918695129454136
2026-08-21 20:39:00,0.9918695129454136
2026-08-21 20:40:00,1.3077136874198914
2026-08-21 20:41:00,1.3077136874198914
2026-08-21 20:42:00,1.3077136874198914
2026-08-21 20:43:00,1.3077136874198914
2026-08-21 20:44:00,1.3077136874198914
2026-08-21 20:45:00,1.245379388332367
2026-08-21 20:46:00,1.245379388332367
2026-08-21 20:47:00,1.245379388332367
2026-08-21 20:48:00,1.245379388332367
2026-08-21 20:49:00,1.245379388332367
2026-08-21 20:50:00,1.1830587089061737
2026-08-21 20:51:00,1.1830587089061737
2026-08-21 20:52:00,1.1830587089061737
2026-08-21 20:53:00,1.1830587089061737
2026-08-21 20:54:00,1.1830587089061737
2026-08-21 20:55:00,1.1301758885383606
2026-08-21 20:56:00,1.1301758885383606
2026-08-21 20:57:00,1.1301758885383606
2026-08-21 20:58:00,1.1301758885383606
2026-08-21 20:59:00,1.1301758885383606
2026-08-21 21:00:00,1.0205025672912598
2026-08-21 21:01:00,1.0205025672912598
2026-08-21 21:02:00,1.0205025672912598
2026-08-21 21:03:00,1.0205025672912598
2026-08-21 21:04:00,1.0205025672912598
2026-08-21 21:05:00,0.9809306710958481
2026-08-21 21:06:00,0.9809306710958481
2026-08-21 21:07:00,0.9809306710958481
2026-08-21 21:08:00,0.9809306710958481
2026-08-21 21:09:00,0.9809306710958481
2026-08-21 21:10:00,0.9712498933076859
2026-08-21 21:11:00,0.9712498933076859
2026-08-21 21:12:00,0.9712498933076859
2026-08-21 21:13:00,0.9712498933076859
2026-08-21 21:14:00,0.9712498933076859
2026-08-21 21:15:00,0.9113864451646805
2026-08-21 21:16:00,0.9113864451646805
2026-08-21 21:17:00,0.9113864451646805
2026-08-21 21:18:00,0.9113864451646805
2026-08-21 21:19:00,0.9113864451646805
2026-08-21 21:20:00,0.9003091901540756
2026-08-21 21:21:00,0.9003091901540756
2026-08-21 21:22:00,0.9003091901540756
2026-08-21 21:23:00,0.9003091901540756
2026-08-21 21:24:00,0.9003091901540756
2026-08-21 21:25:00,0.8869659453630447
2026-08-21 21:26:00,0.8869659453630447
2026-08-21 21:27:00,0.8869659453630447
2026-08-21 21:28:00,0.8869659453630447
2026-08-21 21:29:00,0.8869659453630447
2026-08-21 21:30:00,0.7202485501766205
2026-08-21 21:31:00,0.7202485501766205
2026-08-21 21:32:00,0.7202485501766205
2026-08-21 21:33:00,0.7202485501766205
2026-08-21 21:34:00,0.7202485501766205
2026-08-21 21:35:00,0.5958601906895638
2026-08-21 21:36:00,0.5958601906895638
2026-08-21 21:37:00,0.5958601906895638
2026-08-21 21:38:00,0.5958601906895638
2026-08-21 21:39:00,0.5958601906895638
2026-08-21 21:40:00,0.6299045756459236
2026-08-21 21:41:00,0.6299045756459236
2026-08-21 21:42:00,0.6299045756459236
2026-08-21 21:43:00,0.6299045756459236
2026-08-21 21:44:00,0.6299045756459236
2026-08-21 21:45:00,0.6701756343245506
2026-08-21 21:46:00,0.6701756343245506
2026-08-21 21:47:00,0.6701756343245506
2026-08-21 21:48:00,0.6701756343245506
2026-08-21 21:49:00,0.6701756343245506
2026-08-21 21:50:00,0.8340109065175056
2026-08-21 21:51:00,0.8340109065175056
2026-08-21 21:52:00,0.8340109065175056
2026-08-21 21:53:00,0.8340109065175056
2026-08-21 21:54:00,0.8340109065175056
2026-08-21 21:55:00,1.0171618163585663
2026-08-21 21:56:00,1.0171618163585663
2026-08-21 21:57:00,1.0171618163585663
2026-08-21 21:58:00,1.0171618163585663
2026-08-21 21:59:00,1.0171618163585663
2026-08-21 22:00:00,1.0276923775672913
2026-08-21 22:01:00,1.0276923775672913
2026-08-21 22:02:00,1.0276923775672913
2026-08-21 22:03:00,1.0276923775672913
2026-08-21 22:04:00,1.0276923775672913
2026-08-21 22:05:00,1.034441888332367
2026-08-21 22:06:00,1.034441888332367
2026-08-21 22:07:00,1.034441888332367
2026-08-21 22:08:00,1.034441888332367
2026-08-21 22:09:00,1.034441888332367
2026-08-21 22:10:00,1.0567664802074432
2026-08-21 22:11:00,1.0567664802074432
2026-08-21 22:12:00,1.0567664802074432
2026-08-21 22:13:00,1.0567664802074432
2026-08-21 22:14:00,1.0567664802074432
2026-08-21 22:15:00,1.035102218389511
2026-08-21 22:16:00,1.035102218389511
2026-08-21 22:17:00,1.035102218389511
2026-08-21 22:18:00,1.035102218389511
2026-08-21 22:19:00,1.035102218389511
2026-08-21 22:20:00,1.0269352495670319
2026-08-21 22:21:00,1.0269352495670319
2026-08-21 22:22:00,1.0269352495670319
2026-08-21 22:23:00,1.0269352495670319
2026-08-21 22:24:00,1.0269352495670319
2026-08-21 22:25:00,1.017860621213913
2026-08-21 22:26:00,1.017860621213913
2026-08-21 22:27:00,1.017860621213913
2026-08-21 22:28:00,1.017860621213913
2026-08-21 22:29:00,1.017860621213913
2026-08-21 22:30:00,0.8290290758013725
2026-08-21 22:31:00,0.8290290758013725
2026-08-21 22:32:00,0.8290290758013725
2026-08-21 22:33:00,0.8290290758013725
2026-08-21 22:34:00,0.8290290758013725
2026-08-21 22:35:00,0.6635391712188721
2026-08-21 22:36:00,0.6635391712188721
2026-08-21 22:37:00,0.6635391712188721
2026-08-21 22:38:00,0.6635391712188721
2026-08-21 22:39:00,0.6635391712188721
2026-08-21 22:40:00,0.6691007912158966
2026-08-21 22:41:00,0.6691007912158966
2026-08-21 22:42:00,0.6691007912158966
2026-08-21 22:43:00,0.6691007912158966
2026-08-21 22:44:00,0.6691007912158966
2026-08-21 22:45:00,0.6744188368320465
2026-08-21 22:46:00,0.6744188368320465
2026-08-21 22:47:00,0.6744188368320465
2026-08-21 22:48:00,0.6744188368320465
2026-08-21 22:49:00,0.6744188368320465
2026-08-21 22:50:00,0.8448517695069313
2026-08-21 22:51:00,0.8448517695069313
2026-08-21 22:52:00,0.8448517695069313
2026-08-21 22:53:00,0.8448517695069313
2026-08-21 22:54:00,0.8448517695069313
2026-08-21 22:55:00,1.0237263143062592
2026-08-21 22:56:00,1.0237263143062592
2026-08-21 22:57:00,1.0237263143062592
2026-08-21 22:58:00,1.0237263143062592
2026-08-21 22:59:00,1.0237263143062592
2026-08-21 23:00:00,0.9485947340726852
2026-08-21 23:01:00,0.9485947340726852
2026-08-21 23:02:00,0.9485947340726852
2026-08-21 23:03:00,0.9485947340726852
2026-08-21 23:04:00,0.9485947340726852
2026-08-21 23:05:00,0.8752369284629822
2026-08-21 23:06:00,0.8752369284629822
2026-08-21 23:07:00,0.8752369284629822
2026-08-21 23:08:00,0.8752369284629822
2026-08-21 23:09:00,0.8752369284629822
2026-08-21 23:10:00,0.824337050318718
2026-08-21 23:11:00,0.824337050318718
2026-08-21 23:12:00,0.824337050318718
2026-08-21 23:13:00,0.824337050318718
2026-08-21 23:14:00,0.824337050318718
2026-08-21 23:15:00,0.6227115504443645
2026-08-21 23:16:00,0.6227115504443645
2026-08-21 23:17:00,0.6227115504443645
2026-08-21 23:18:00,0.6227115504443645
2026-08-21 23:19:00,0.6227115504443645
2026-08-21 23:20:00,0.5075157396495342
2026-08-21 23:21:00,0.5075157396495342
2026-08-21 23:22:00,0.5075157396495342
2026-08-21 23:23:00,0.5075157396495342
2026-08-21 23:24:00,0.5075157396495342
2026-08-21 23:25:00,0.6107575260102749
2026-08-21 23:26:00,0.6107575260102749
2026-08-21 23:27:00,0.6107575260102749
2026-08-21 23:28:00,0.6107575260102749
2026-08-21 23:29:00,0.6107575260102749
2026-08-21 23:30:00,0.6949204318225384
2026-08-21 23:31:00,0.6949204318225384
2026-08-21 23:32:00,0.6949204318225384
2026-08-21 23:33:00,0.6949204318225384
2026-08-21 23:34:00,0.6949204318225384
2026-08-21 23:35:00,0.9212138503789902
2026-08-21 23:36:00,0.9212138503789902
2026-08-21 23:37:00,0.9212138503789902
2026-08-21 23:38:00,0.9212138503789902
2026-08-21 23:39:00,0.9212138503789902
2026-08-21 23:40:00,1.1465593576431274
2026-08-21 23:41:00,1.1465593576431274
2026-08-21 23:42:00,1.1465593576431274
2026-08-21 23:43:00,1.1465593576431274
2026-08-21 23:44:00,1.1465593576431274
2026-08-21 23:45:00,1.1330584585666656
2026-08-21 23:46:00,1.1330584585666656
2026-08-21 23:47:00,1.1330584585666656
2026-08-21 23:48:00,1.1330584585666656
2026-08-21 23:49:00,1.1330584585666656
2026-08-21 23:50:00,1.1154484152793884
2026-08-21 23:51:00,1.1154484152793884
2026-08-21 23:52:00,1.1154484152793884
2026-08-21 23:53:00,1.1154484152793884
2026-08-21 23:54:00,1.1154484152793884
2026-08-21 23:55:00,1.1028505563735962
2026-08-21 23:56:00,1.1028505563735962
2026-08-21 23:57:00,1.1028505563735962
2026-08-21 23:58:00,1.1028505563735962
2026-08-21 23:59:00,1.1028505563735962
2026-08-22 00:00:00,1.0877186059951782
2026-08-22 00:01:00,1.0877186059951782
2026-08-22 00:02:00,1.0877186059951782
2026-08-22 00:03:00,1.0877186059951782
2026-08-22 00:04:00,1.0877186059951782
2026-08-22 00:05:00,1.098304033279419
2026-08-22 00:06:00,1.098304033279419
2026-08-22 00:07:00,1.098304033279419
2026-08-22 00:08:00,1.098304033279419
2026-08-22 00:09:00,1.098304033279419
2026-08-22 00:10:00,1.108842134475708
2026-08-22 00:11:00,1.108842134475708
2026-08-22 00:12:00,1.108842134475708
2026-08-22 00:13:00,1.108842134475708
2026-08-22 00:14:00,1.108842134475708
2026-08-22 00:15:00,0.9264697209000587
2026-08-22 00:16:00,0.9264697209000587
2026-08-22 00:17:00,0.9264697209000587
2026-08-22 00:18:00,0.9264697209000587
2026-08-22 00:19:00,0.9264697209000587
2026-08-22 00:20:00,0.7456950843334198
2026-08-22 00:21:00,0.7456950843334198
2026-08-22 00:22:00,0.7456950843334198
2026-08-22 00:23:00,0.7456950843334198
2026-08-22 00:24:00,0.7456950843334198
2026-08-22 00:25:00,0.7412400841712952
2026-08-22 00:26:00,0.7412400841712952
2026-08-22 00:27:00,0.7412400841712952
2026-08-22 00:28:00,0.7412400841712952
2026-08-22 00:29:00,0.7412400841712952
2026-08-22 00:30:00,0.7367931604385376
2026-08-22 00:31:00,0.7367931604385376
2026-08-22 00:32:00,0.7367931604385376
2026-08-22 00:33:00,0.7367931604385376
2026-08-22 00:34:00,0.7367931604385376
2026-08-22 00:35:00,0.9202581867575645
2026-08-22 00:36:00,0.9202581867575645
2026-08-22 00:37:00,0.9202581867575645
2026-08-22 00:38:00,0.9202581867575645
2026-08-22 00:39:00,0.9202581867575645
2026-08-22 00:40:00,1.1031934916973114
2026-08-22 00:41:00,1.1031934916973114
2026-08-22 00:42:00,1.1031934916973114
2026-08-22 00:43:00,1.1031934916973114
2026-08-22 00:44:00,1.1031934916973114
2026-08-22 00:45:00,0.920838363468647
2026-08-22 00:46:00,0.920838363468647
2026-08-22 00:47:00,0.920838363468647
2026-08-22 00:48:00,0.920838363468647
2026-08-22 00:49:00,0.920838363468647
2026-08-22 00:50:00,0.7391766905784607
2026-08-22 00:51:00,0.7391766905784607
2026-08-22 00:52:00,0.7391766905784607
2026-08-22 00:53:00,0.7391766905784607
2026-08-22 00:54:00,0.7391766905784607
2026-08-22 00:55:00,0.5581977292895317
2026-08-22 00:56:00,0.5581977292895317
2026-08-22 00:57:00,0.5581977292895317
2026-08-22 00:58:00,0.5581977292895317
2026-08-22 00:59:00,0.5581977292895317
2026-08-22 01:00:00,0.37799762189388275
2026-08-22 01:01:00,0.37799762189388275
2026-08-22 01:02:00,0.37799762189388275
2026-08-22 01:03:00,0.37799762189388275
2026-08-22 01:04:00,0.37799762189388275
2026-08-22 01:05:00,0.3813248798251152
2026-08-22 01:06:00,0.3813248798251152
2026-08-22 01:07:00,0.3813248798251152
2026-08-22 01:08:00,0.3813248798251152
2026-08-22 01:09:00,0.3813248798251152
2026-08-22 01:10:00,0.38372427225112915
2026-08-22 01:11:00,0.38372427225112915
2026-08-22 01:12:00,0.38372427225112915
2026-08-22 01:13:00,0.38372427225112915
2026-08-22 01:14:00,0.38372427225112915
2026-08-22 01:15:00,0.38089292496442795
2026-08-22 01:16:00,0.38089292496442795
2026-08-22 01:17:00,0.38089292496442795
2026-08-22 01:18:00,0.38089292496442795
2026-08-22 01:19:00,0.38089292496442795
2026-08-22 01:20:00,0.3765590116381645
2026-08-22 01:21:00,0.3765590116381645
2026-08-22 01:22:00,0.3765590116381645
2026-08-22 01:23:00,0.3765590116381645
2026-08-22 01:24:00,0.3765590116381645
2026-08-22 01:25:00,0.5567296519875526
2026-08-22 01:26:00,0.5567296519875526
2026-08-22 01:27:00,0.5567296519875526
2026-08-22 01:28:00,0.5567296519875526
2026-08-22 01:29:00,0.5567296519875526
2026-08-22 01:30:00,0.7371991649270058
2026-08-22 01:31:00,0.7371991649270058
2026-08-22 01:32:00,0.7371991649270058
2026-08-22 01:33:00,0.7371991649270058
2026-08-22 01:34:00,0.7371991649270058
2026-08-22 01:35:00,0.9220043942332268
2026-08-22 01:36:00,0.9220043942332268
2026-08-22 01:37:00,0.9220043942332268
2026-08-22 01:38:00,0.9220043942332268
2026-08-22 01:39:00,0.9220043942332268
2026-08-22 01:40:00,1.1073942482471466
2026-08-22 01:41:00,1.1073942482471466
2026-08-22 01:42:00,1.1073942482471466
2026-08-22 01:43:00,1.1073942482471466
2026-08-22 01:44:00,1.1073942482471466
2026-08-22 01:45:00,0.8814609050750732
2026-08-22 01:46:00,0.8814609050750732
2026-08-22 01:47:00,0.8814609050750732
2026-08-22 01:48:00,0.8814609050750732
2026-08-22 01:49:00,0.8814609050750732
2026-08-22 01:50:00,0.6551577150821686
2026-08-22 01:51:00,0.6551577150821686
2026-08-22 01:52:00,0.6551577150821686
2026-08-22 01:53:00,0.6551577150821686
2026-08-22 01:54:00,0.6551577150821686
2026-08-22 01:55:00,0.42920688912272453
2026-08-22 01:56:00,0.42920688912272453
2026-08-22 01:57:00,0.42920688912272453
2026-08-22 01:58:00,0.42920688912272453
2026-08-22 01:59:00,0.42920688912272453
2026-08-22 02:00:00,0.20381781831383705
2026-08-22 02:01:00,0.20381781831383705
2026-08-22 02:02:00,0.20381781831383705
2026-08-22 02:03:00,0.20381781831383705
2026-08-22 02:04:00,0.20381781831383705
2026-08-22 02:05:00,0.47817936912178993
2026-08-22 02:06:00,0.47817936912178993
2026-08-22 02:07:00,0.47817936912178993
2026-08-22 02:08:00,0.47817936912178993
2026-08-22 02:09:00,0.47817936912178993
2026-08-22 02:10:00,0.7528744675219059
2026-08-22 02:11:00,0.7528744675219059
2026-08-22 02:12:00,0.7528744675219059
2026-08-22 02:13:00,0.7528744675219059
2026-08-22 02:14:00,0.7528744675219059
2026-08-22 02:15:00,1.0273352786898613
2026-08-22 02:16:00,1.0273352786898613
2026-08-22 02:17:00,1.0273352786898613
2026-08-22 02:18:00,1.0273352786898613
2026-08-22 02:19:00,1.0273352786898613
2026-08-22 02:20:00,1.3013626039028168
2026-08-22 02:21:00,1.3013626039028168
2026-08-22 02:22:00,1.3013626039028168
2026-08-22 02:23:00,1.3013626039028168
2026-08-22 02:24:00,1.3013626039028168
2026-08-22 02:25:00,1.2489548027515411
2026-08-22 02:26:00,1.2489548027515411
2026-08-22 02:27:00,1.2489548027515411
2026-08-22 02:28:00,1.2489548027515411
2026-08-22 02:29:00,1.2489548027515411
2026-08-22 02:30:00,1.0192678347229958
2026-08-22 02:31:00,1.0192678347229958
2026-08-22 02:32:00,1.0192678347229958
2026-08-22 02:33:00,1.0192678347229958
2026-08-22 02:34:00,1.0192678347229958
2026-08-22 02:35:00,0.7884279936552048
2026-08-22 02:36:00,0.7884279936552048
2026-08-22 02:37:00,0.7884279936552048
2026-08-22 02:38:00,0.7884279936552048
2026-08-22 02:39:00,0.7884279936552048
2026-08-22 02:40:00,0.5561755672097206
2026-08-22 02:41:00,0.5561755672097206
2026-08-22 02:42:00,0.5561755672097206
2026-08-22 02:43:00,0.5561755672097206
2026-08-22 02:44:00,0.5561755672097206
2026-08-22 02:45:00,0.37842655926942825
2026-08-22 02:46:00,0.37842655926942825
2026-08-22 02:47:00,0.37842655926942825
2026-08-22 02:48:00,0.37842655926942825
2026-08-22 02:49:00,0.37842655926942825
2026-08-22 02:50:00,0.37883739173412323
2026-08-22 02:51:00,0.37883739173412323
2026-08-22 02:52:00,0.37883739173412323
2026-08-22 02:53:00,0.37883739173412323
2026-08-22 02:54:00,0.37883739173412323
2026-08-22 02:55:00,0.38141460716724396
2026-08-22 02:56:00,0.38141460716724396
2026-08-22 02:57:00,0.38141460716724396
2026-08-22 02:58:00,0.38141460716724396
2026-08-22 02:59:00,0.38141460716724396
2026-08-22 03:00:00,0.38785575330257416
2026-08-22 03:01:00,0.38785575330257416
2026-08-22 03:02:00,0.38785575330257416
2026-08-22 03:03:00,0.38785575330257416
2026-08-22 03:04:00,0.38785575330257416
2026-08-22 03:05:00,0.3898351863026619
2026-08-22 03:06:00,0.3898351863026619
2026-08-22 03:07:00,0.3898351863026619
2026-08-22 03:08:00,0.3898351863026619
2026-08-22 03:09:00,0.3898351863026619
2026-08-22 03:10:00,0.3901568055152893
2026-08-22 03:11:00,0.3901568055152893
2026-08-22 03:12:00,0.3901568055152893
2026-08-22 03:13:00,0.3901568055152893
2026-08-22 03:14:00,0.3901568055152893
2026-08-22 03:15:00,0.3891368433833122
2026-08-22 03:16:00,0.3891368433833122
2026-08-22 03:17:00,0.3891368433833122
2026-08-22 03:18:00,0.3891368433833122
2026-08-22 03:19:00,0.3891368433833122
2026-08-22 03:20:00,0.38232170045375824
2026-08-22 03:21:00,0.38232170045375824
2026-08-22 03:22:00,0.38232170045375824
2026-08-22 03:23:00,0.38232170045375824
2026-08-22 03:24:00,0.38232170045375824
2026-08-22 03:25:00,0.3714165613055229
2026-08-22 03:26:00,0.3714165613055229
2026-08-22 03:27:00,0.3714165613055229
2026-08-22 03:28:00,0.3714165613055229
2026-08-22 03:29:00,0.3714165613055229
2026-08-22 03:30:00,0.2914012148976326
2026-08-22 03:31:00,0.2914012148976326
2026-08-22 03:32:00,0.2914012148976326
2026-08-22 03:33:00,0.2914012148976326
2026-08-22 03:34:00,0.2914012148976326
2026-08-22 03:35:00,0.20931954961270094
2026-08-22 03:36:00,0.20931954961270094
2026-08-22 03:37:00,0.20931954961270094
2026-08-22 03:38:00,0.20931954961270094
2026-08-22 03:39:00,0.20931954961270094
2026-08-22 03:40:00,0.12945725582540035
2026-08-22 03:41:00,0.12945725582540035
2026-08-22 03:42:00,0.12945725582540035
2026-08-22 03:43:00,0.12945725582540035
2026-08-22 03:44:00,0.12945725582540035
2026-08-22 03:45:00,0.057549213990569115
2026-08-22 03:46:00,0.057549213990569115
2026-08-22 03:47:00,0.057549213990569115
2026-08-22 03:48:00,0.057549213990569115
2026-08-22 03:49:00,0.057549213990569115
2026-08-22 03:50:00,0.05661665368825197
2026-08-22 03:51:00,0.05661665368825197
2026-08-22 03:52:00,0.05661665368825197
2026-08-22 03:53:00,0.05661665368825197
2026-08-22 03:54:00,0.05661665368825197
2026-08-22 03:55:00,0.056124079041182995
2026-08-22 03:56:00,0.056124079041182995
2026-08-22 03:57:00,0.056124079041182995
2026-08-22 03:58:00,0.056124079041182995
2026-08-22 03:59:00,0.056124079041182995
2026-08-22 04:00:00,0.058126325719058514
2026-08-22 04:01:00,0.058126325719058514
2026-08-22 04:02:00,0.058126325719058514
2026-08-22 04:03:00,0.058126325719058514
2026-08-22 04:04:00,0.058126325719058514
2026-08-22 04:05:00,0.0598754258826375
2026-08-22 04:06:00,0.0598754258826375
2026-08-22 04:07:00,0.0598754258826375
2026-08-22 04:08:00,0.0598754258826375
2026-08-22 04:09:00,0.0598754258826375
2026-08-22 04:10:00,0.06475296430289745
2026-08-22 04:11:00,0.06475296430289745
2026-08-22 04:12:00,0.06475296430289745
2026-08-22 04:13:00,0.06475296430289745
2026-08-22 04:14:00,0.06475296430289745
2026-08-22 04:15:00,0.06986282672733068
2026-08-22 04:16:00,0.06986282672733068
2026-08-22 04:17:00,0.06986282672733068
2026-08-22 04:18:00,0.06986282672733068
2026-08-22 04:19:00,0.06986282672733068
2026-08-22 04:20:00,0.07276584208011627
2026-08-22 04:21:00,0.07276584208011627
2026-08-22 04:22:00,0.07276584208011627
2026-08-22 04:23:00,0.07276584208011627
2026-08-22 04:24:00,0.07276584208011627
2026-08-22 04:25:00,0.0740958247333765
2026-08-22 04:26:00,0.0740958247333765
2026-08-22 04:27:00,0.0740958247333765
2026-08-22 04:28:00,0.0740958247333765
2026-08-22 04:29:00,0.0740958247333765
2026-08-22 04:30:00,0.0677328584715724
2026-08-22 04:31:00,0.0677328584715724
2026-08-22 04:32:00,0.0677328584715724
2026-08-22 04:33:00,0.0677328584715724
2026-08-22 04:34:00,0.0677328584715724
2026-08-22 04:35:00,0.06361106317490339
2026-08-22 04:36:00,0.06361106317490339
2026-08-22 04:37:00,0.06361106317490339
2026-08-22 04:38:00,0.06361106317490339
2026-08-22 04:39:00,0.06361106317490339
2026-08-22 04:40:00,0.0626176567748189
2026-08-22 04:41:00,0.0626176567748189
2026-08-22 04:42:00,0.0626176567748189
2026-08-22 04:43:00,0.0626176567748189
2026-08-22 04:44:00,0.0626176567748189
2026-08-22 04:45:00,0.060812260024249554
2026-08-22 04:46:00,0.060812260024249554
2026-08-22 04:47:00,0.060812260024249554
2026-08-22 04:48:00,0.060812260024249554
2026-08-22 04:49:00,0.060812260024249554
2026-08-22 04:50:00,0.06324021704494953
2026-08-22 04:51:00,0.06324021704494953
2026-08-22 04:52:00,0.06324021704494953
2026-08-22 04:53:00,0.06324021704494953
2026-08-22 04:54:00,0.06324021704494953
2026-08-22 04:55:00,0.1002916619181633
2026-08-22 04:56:00,0.1002916619181633
2026-08-22 04:57:00,0.1002916619181633
2026-08-22 04:58:00,0.1002916619181633
2026-08-22 04:59:00,0.1002916619181633
2026-08-22 05:00:00,0.1352814044803381
2026-08-22 05:01:00,0.1352814044803381
2026-08-22 05:02:00,0.1352814044803381
2026-08-22 05:03:00,0.1352814044803381
2026-08-22 05:04:00,0.1352814044803381
2026-08-22 05:05:00,0.17088738828897476
2026-08-22 05:06:00,0.17088738828897476
2026-08-22 05:07:00,0.17088738828897476
2026-08-22 05:08:00,0.17088738828897476
2026-08-22 05:09:00,0.17088738828897476
2026-08-22 05:10:00,0.20581144839525223
2026-08-22 05:11:00,0.20581144839525223
2026-08-22 05:12:00,0.20581144839525223
2026-08-22 05:13:00,0.20581144839525223
2026-08-22 05:14:00,0.20581144839525223
2026-08-22 05:15:00,0.17183171771466732
2026-08-22 05:16:00,0.17183171771466732
2026-08-22 05:17:00,0.17183171771466732
2026-08-22 05:18:00,0.17183171771466732
2026-08-22 05:19:00,0.17183171771466732
2026-08-22 05:20:00,0.13429329358041286
2026-08-22 05:21:00,0.13429329358041286
2026-08-22 05:22:00,0.13429329358041286
2026-08-22 05:23:00,0.13429329358041286
2026-08-22 05:24:00,0.13429329358041286
2026-08-22 05:25:00,0.09644405636936426
2026-08-22 05:26:00,0.09644405636936426
2026-08-22 05:27:00,0.09644405636936426
2026-08-22 05:28:00,0.09644405636936426
2026-08-22 05:29:00,0.09644405636936426
2026-08-22 05:30:00,0.37590003851801157
2026-08-22 05:31:00,0.37590003851801157
2026-08-22 05:32:00,0.37590003851801157
2026-08-22 05:33:00,0.37590003851801157
2026-08-22 05:34:00,0.37590003851801157
2026-08-22 05:35:00,0.6890525026246905
2026-08-22 05:36:00,0.6890525026246905
2026-08-22 05:37:00,0.6890525026246905
2026-08-22 05:38:00,0.6890525026246905
2026-08-22 05:39:00,0.6890525026246905
2026-08-22 05:40:00,1.005441970191896
2026-08-22 05:41:00,1.005441970191896
2026-08-22 05:42:00,1.005441970191896
2026-08-22 05:43:00,1.005441970191896
2026-08-22 05:44:00,1.005441970191896
2026-08-22 05:45:00,1.3225487768650055
2026-08-22 05:46:00,1.3225487768650055
2026-08-22 05:47:00,1.3225487768650055
2026-08-22 05:48:00,1.3225487768650055
2026-08-22 05:49:00,1.3225487768650055
2026-08-22 05:50:00,1.0805152729153633
2026-08-22 05:51:00,1.0805152729153633
2026-08-22 05:52:00,1.0805152729153633
2026-08-22 05:53:00,1.0805152729153633
2026-08-22 05:54:00,1.0805152729153633
2026-08-22 05:55:00,1.0122085586190224
2026-08-22 05:56:00,1.0122085586190224
2026-08-22 05:57:00,1.0122085586190224
2026-08-22 05:58:00,1.0122085586190224
2026-08-22 05:59:00,1.0122085586190224
2026-08-22 06:00:00,0.9212933704257011
2026-08-22 06:01:00,0.9212933704257011
2026-08-22 06:02:00,0.9212933704257011
2026-08-22 06:03:00,0.9212933704257011
2026-08-22 06:04:00,0.9212933704257011
2026-08-22 06:05:00,0.8183117136359215
2026-08-22 06:06:00,0.8183117136359215
2026-08-22 06:07:00,0.8183117136359215
2026-08-22 06:08:00,0.8183117136359215
2026-08-22 06:09:00,0.8183117136359215
2026-08-22 06:10:00,0.9544543027877808
2026-08-22 06:11:00,0.9544543027877808
2026-08-22 06:12:00,0.9544543027877808
2026-08-22 06:13:00,0.9544543027877808
2026-08-22 06:14:00,0.9544543027877808
2026-08-22 06:15:00,0.937171995639801
2026-08-22 06:16:00,0.937171995639801
2026-08-22 06:17:00,0.937171995639801
2026-08-22 06:18:00,0.937171995639801
2026-08-22 06:19:00,0.937171995639801
2026-08-22 06:20:00,0.9613126963376999
2026-08-22 06:21:00,0.9613126963376999
2026-08-22 06:22:00,0.9613126963376999
2026-08-22 06:23:00,0.9613126963376999
2026-08-22 06:24:00,0.9613126963376999
2026-08-22 06:25:00,1.045936718583107
2026-08-22 06:26:00,1.045936718583107
2026-08-22 06:27:00,1.045936718583107
2026-08-22 06:28:00,1.045936718583107
2026-08-22 06:29:00,1.045936718583107
2026-08-22 06:30:00,1.1463375389575958
2026-08-22 06:31:00,1.1463375389575958
2026-08-22 06:32:00,1.1463375389575958
2026-08-22 06:33:00,1.1463375389575958
2026-08-22 06:34:00,1.1463375389575958
2026-08-22 06:35:00,1.2212320268154144
2026-08-22 06:36:00,1.2212320268154144
2026-08-22 06:37:00,1.2212320268154144
2026-08-22 06:38:00,1.2212320268154144
2026-08-22 06:39:00,1.2212320268154144
2026-08-22 06:40:00,1.277434527873993
2026-08-22 06:41:00,1.277434527873993
2026-08-22 06:42:00,1.277434527873993
2026-08-22 06:43:00,1.277434527873993
2026-08-22 06:44:00,1.277434527873993
2026-08-22 06:45:00,1.2137289345264435
2026-08-22 06:46:00,1.2137289345264435
2026-08-22 06:47:00,1.2137289345264435
2026-08-22 06:48:00,1.2137289345264435
2026-08-22 06:49:00,1.2137289345264435
2026-08-22 06:50:00,1.1276169419288635
2026-08-22 06:51:00,1.1276169419288635
2026-08-22 06:52:00,1.1276169419288635
2026-08-22 06:53:00,1.1276169419288635
2026-08-22 06:54:00,1.1276169419288635
2026-08-22 06:55:00,1.1013650000095367
2026-08-22 06:56:00,1.1013650000095367
2026-08-22 06:57:00,1.1013650000095367
2026-08-22 06:58:00,1.1013650000095367
2026-08-22 06:59:00,1.1013650000095367
2026-08-22 07:00:00,1.0772099494934082
2026-08-22 07:01:00,1.0772099494934082
2026-08-22 07:02:00,1.0772099494934082
2026-08-22 07:03:00,1.0772099494934082
2026-08-22 07:04:00,1.0772099494934082
2026-08-22 07:05:00,1.110599398612976
2026-08-22 07:06:00,1.110599398612976
2026-08-22 07:07:00,1.110599398612976
2026-08-22 07:08:00,1.110599398612976
2026-08-22 07:09:00,1.110599398612976
2026-08-22 07:10:00,1.1502063870429993
2026-08-22 07:11:00,1.1502063870429993
2026-08-22 07:12:00,1.1502063870429993
2026-08-22 07:13:00,1.1502063870429993
2026-08-22 07:14:00,1.1502063870429993
2026-08-22 07:15:00,1.1294068694114685
2026-08-22 07:16:00,1.1294068694114685
2026-08-22 07:17:00,1.1294068694114685
2026-08-22 07:18:00,1.1294068694114685
2026-08-22 07:19:00,1.1294068694114685
2026-08-22 07:20:00,1.112503558397293
2026-08-22 07:21:00,1.112503558397293
2026-08-22 07:22:00,1.112503558397293
2026-08-22 07:23:00,1.112503558397293
2026-08-22 07:24:00,1.112503558397293
2026-08-22 07:25:00,1.1104434132575989
2026-08-22 07:26:00,1.1104434132575989
2026-08-22 07:27:00,1.1104434132575989
2026-08-22 07:28:00,1.1104434132575989
2026-08-22 07:29:00,1.1104434132575989
2026-08-22 07:30:00,1.1277233958244324
2026-08-22 07:31:00,1.1277233958244324
2026-08-22 07:32:00,1.1277233958244324
2026-08-22 07:33:00,1.1277233958244324
2026-08-22 07:34:00,1.1277233958244324
2026-08-22 07:35:00,1.161454290151596
2026-08-22 07:36:00,1.161454290151596
2026-08-22 07:37:00,1.161454290151596
2026-08-22 07:38:00,1.161454290151596
2026-08-22 07:39:00,1.161454290151596
2026-08-22 07:40:00,0.9815838187932968
2026-08-22 07:41:00,0.9815838187932968
2026-08-22 07:42:00,0.9815838187932968
2026-08-22 07:43:00,0.9815838187932968
2026-08-22 07:44:00,0.9815838187932968
2026-08-22 07:45:00,0.7731196507811546
2026-08-22 07:46:00,0.7731196507811546
2026-08-22 07:47:00,0.7731196507811546
2026-08-22 07:48:00,0.7731196507811546
2026-08-22 07:49:00,0.7731196507811546
2026-08-22 07:50:00,0.7371125444769859
2026-08-22 07:51:00,0.7371125444769859
2026-08-22 07:52:00,0.7371125444769859
2026-08-22 07:53:00,0.7371125444769859
2026-08-22 07:54:00,0.7371125444769859
2026-08-22 07:55:00,0.697154127061367
2026-08-22 07:56:00,0.697154127061367
2026-08-22 07:57:00,0.697154127061367
2026-08-22 07:58:00,0.697154127061367
2026-08-22 07:59:00,0.697154127061367
2026-08-22 08:00:00,0.864894337952137
2026-08-22 08:01:00,0.864894337952137
2026-08-22 08:02:00,0.864894337952137
2026-08-22 08:03:00,0.864894337952137
2026-08-22 08:04:00,0.864894337952137
2026-08-22 08:05:00,1.0603669881820679
2026-08-22 08:06:00,1.0603669881820679
2026-08-22 08:07:00,1.0603669881820679
2026-08-22 08:08:00,1.0603669881820679
2026-08-22 08:09:00,1.0603669881820679
2026-08-22 08:10:00,1.0459427386522293
2026-08-22 08:11:00,1.0459427386522293
2026-08-22 08:12:00,1.0459427386522293
2026-08-22 08:13:00,1.0459427386522293
2026-08-22 08:14:00,1.0459427386522293
2026-08-22 08:15:00,1.024522304534912
2026-08-22 08:16:00,1.024522304534912
2026-08-22 08:17:00,1.024522304534912
2026-08-22 08:18:00,1.024522304534912
2026-08-22 08:19:00,1.024522304534912
2026-08-22 08:20:00,1.0097226798534393
2026-08-22 08:21:00,1.0097226798534393
2026-08-22 08:22:00,1.0097226798534393
2026-08-22 08:23:00,1.0097226798534393
2026-08-22 08:24:00,1.0097226798534393
2026-08-22 08:25:00,0.9923916310071945
2026-08-22 08:26:00,0.9923916310071945
2026-08-22 08:27:00,0.9923916310071945
2026-08-22 08:28:00,0.9923916310071945
2026-08-22 08:29:00,0.9923916310071945
2026-08-22 08:30:00,0.835683099925518
2026-08-22 08:31:00,0.835683099925518
2026-08-22 08:32:00,0.835683099925518
2026-08-22 08:33:00,0.835683099925518
2026-08-22 08:34:00,0.835683099925518
2026-08-22 08:35:00,0.680058941245079
2026-08-22 08:36:00,0.680058941245079
2026-08-22 08:37:00,0.680058941245079
2026-08-22 08:38:00,0.680058941245079
2026-08-22 08:39:00,0.680058941245079
2026-08-22 08:40:00,0.4880390577018261
2026-08-22 08:41:00,0.4880390577018261
2026-08-22 08:42:00,0.4880390577018261
2026-08-22 08:43:00,0.4880390577018261
2026-08-22 08:44:00,0.4880390577018261
2026-08-22 08:45:00,0.2989974021911621
2026-08-22 08:46:00,0.2989974021911621
2026-08-22 08:47:00,0.2989974021911621
2026-08-22 08:48:00,0.2989974021911621
2026-08-22 08:49:00,0.2989974021911621
2026-08-22 08:50:00,0.26846468076109886
2026-08-22 08:51:00,0.26846468076109886
2026-08-22 08:52:00,0.26846468076109886
2026-08-22 08:53:00,0.26846468076109886
2026-08-22 08:54:00,0.26846468076109886
2026-08-22 08:55:00,0.23735778778791428
2026-08-22 08:56:00,0.23735778778791428
2026-08-22 08:57:00,0.23735778778791428
2026-08-22 08:58:00,0.23735778778791428
2026-08-22 08:59:00,0.23735778778791428
2026-08-22 09:00:00,0.2370409071445465
2026-08-22 09:01:00,0.2370409071445465
2026-08-22 09:02:00,0.2370409071445465
2026-08-22 09:03:00,0.2370409071445465
2026-08-22 09:04:00,0.2370409071445465
2026-08-22 09:05:00,0.23705494031310081
2026-08-22 09:06:00,0.23705494031310081
2026-08-22 09:07:00,0.23705494031310081
2026-08-22 09:08:00,0.23705494031310081
2026-08-22 09:09:00,0.23705494031310081
2026-08-22 09:10:00,0.24693916738033295
2026-08-22 09:11:00,0.24693916738033295
2026-08-22 09:12:00,0.24693916738033295
2026-08-22 09:13:00,0.24693916738033295
2026-08-22 09:14:00,0.24693916738033295
2026-08-22 09:15:00,0.25718751922249794
2026-08-22 09:16:00,0.25718751922249794
2026-08-22 09:17:00,0.25718751922249794
2026-08-22 09:18:00,0.25718751922249794
2026-08-22 09:19:00,0.25718751922249794
2026-08-22 09:20:00,0.5299417078495026
2026-08-22 09:21:00,0.5299417078495026
2026-08-22 09:22:00,0.5299417078495026
2026-08-22 09:23:00,0.5299417078495026
2026-08-22 09:24:00,0.5299417078495026
2026-08-22 09:25:00,0.8017711639404297
2026-08-22 09:26:00,0.8017711639404297
2026-08-22 09:27:00,0.8017711639404297
2026-08-22 09:28:00,0.8017711639404297
2026-08-22 09:29:00,0.8017711639404297
2026-08-22 09:30:00,1.0767280384898186
2026-08-22 09:31:00,1.0767280384898186
2026-08-22 09:32:00,1.0767280384898186
2026-08-22 09:33:00,1.0767280384898186
2026-08-22 09:34:00,1.0767280384898186
2026-08-22 09:35:00,1.3511061668395996
2026-08-22 09:36:00,1.3511061668395996
2026-08-22 09:37:00,1.3511061668395996
2026-08-22 09:38:00,1.3511061668395996
2026-08-22 09:39:00,1.3511061668395996
2026-08-22 09:40:00,1.0660420022904873
2026-08-22 09:41:00,1.0660420022904873
2026-08-22 09:42:00,1.0660420022904873
2026-08-22 09:43:00,1.0660420022904873
2026-08-22 09:44:00,1.0660420022904873
2026-08-22 09:45:00,0.7952087186276913
2026-08-22 09:46:00,0.7952087186276913
2026-08-22 09:47:00,0.7952087186276913
2026-08-22 09:48:00,0.7952087186276913
2026-08-22 09:49:00,0.7952087186276913
2026-08-22 09:50:00,0.5136113092303276
2026-08-22 09:51:00,0.5136113092303276
2026-08-22 09:52:00,0.5136113092303276
2026-08-22 09:53:00,0.5136113092303276
2026-08-22 09:54:00,0.5136113092303276
2026-08-22 09:55:00,0.2325698584318161
2026-08-22 09:56:00,0.2325698584318161
2026-08-22 09:57:00,0.2325698584318161
2026-08-22 09:58:00,0.2325698584318161
2026-08-22 09:59:00,0.2325698584318161
2026-08-22 10:00:00,0.41322535648941994
2026-08-22 10:01:00,0.41322535648941994
2026-08-22 10:02:00,0.41322535648941994
2026-08-22 10:03:00,0.41322535648941994
2026-08-22 10:04:00,0.41322535648941994
2026-08-22 10:05:00,0.5798103846609592
2026-08-22 10:06:00,0.5798103846609592
2026-08-22 10:07:00,0.5798103846609592
2026-08-22 10:08:00,0.5798103846609592
2026-08-22 10:09:00,0.5798103846609592
2026-08-22 10:10:00,0.7490803077816963
2026-08-22 10:11:00,0.7490803077816963
2026-08-22 10:12:00,0.7490803077816963
2026-08-22 10:13:00,0.7490803077816963
2026-08-22 10:14:00,0.7490803077816963
2026-08-22 10:15:00,0.9179127365350723
2026-08-22 10:16:00,0.9179127365350723
2026-08-22 10:17:00,0.9179127365350723
2026-08-22 10:18:00,0.9179127365350723
2026-08-22 10:19:00,0.9179127365350723
2026-08-22 10:20:00,0.8996889293193817
2026-08-22 10:21:00,0.8996889293193817
2026-08-22 10:22:00,0.8996889293193817
2026-08-22 10:23:00,0.8996889293193817
2026-08-22 10:24:00,0.8996889293193817
2026-08-22 10:25:00,0.8803185820579529
2026-08-22 10:26:00,0.8803185820579529
2026-08-22 10:27:00,0.8803185820579529
2026-08-22 10:28:00,0.8803185820579529
2026-08-22 10:29:00,0.8803185820579529
2026-08-22 10:30:00,0.8903429508209229
2026-08-22 10:31:00,0.8903429508209229
2026-08-22 10:32:00,0.8903429508209229
2026-08-22 10:33:00,0.8903429508209229
2026-08-22 10:34:00,0.8903429508209229
2026-08-22 10:35:00,0.9011520743370056
2026-08-22 10:36:00,0.9011520743370056
2026-08-22 10:37:00,0.9011520743370056
2026-08-22 10:38:00,0.9011520743370056
2026-08-22 10:39:00,0.9011520743370056
2026-08-22 10:40:00,0.9377115964889526
2026-08-22 10:41:00,0.9377115964889526
2026-08-22 10:42:00,0.9377115964889526
2026-08-22 10:43:00,0.9377115964889526
2026-08-22 10:44:00,0.9377115964889526
2026-08-22 10:45:00,0.9984406232833862
2026-08-22 10:46:00,0.9984406232833862
2026-08-22 10:47:00,0.9984406232833862
2026-08-22 10:48:00,0.9984406232833862
2026-08-22 10:49:00,0.9984406232833862
2026-08-22 10:50:00,1.0771959722042084
2026-08-22 10:51:00,1.0771959722042084
2026-08-22 10:52:00,1.0771959722042084
2026-08-22 10:53:00,1.0771959722042084
2026-08-22 10:54:00,1.0771959722042084
2026-08-22 10:55:00,1.0634323507547379
2026-08-22 10:56:00,1.0634323507547379
2026-08-22 10:57:00,1.0634323507547379
2026-08-22 10:58:00,1.0634323507547379
2026-08-22 10:59:00,1.0634323507547379
2026-08-22 11:00:00,1.0505808293819427
2026-08-22 11:01:00,1.0505808293819427
2026-08-22 11:02:00,1.0505808293819427
2026-08-22 11:03:00,1.0505808293819427
2026-08-22 11:04:00,1.0505808293819427
2026-08-22 11:05:00,1.0039239972829819
2026-08-22 11:06:00,1.0039239972829819
2026-08-22 11:07:00,1.0039239972829819
2026-08-22 11:08:00,1.0039239972829819
2026-08-22 11:09:00,1.0039239972829819
2026-08-22 11:10:00,0.9112061709165573
2026-08-22 11:11:00,0.9112061709165573
2026-08-22 11:12:00,0.9112061709165573
2026-08-22 11:13:00,0.9112061709165573
2026-08-22 11:14:00,0.9112061709165573
2026-08-22 11:15:00,0.9373843967914581
2026-08-22 11:16:00,0.9373843967914581
2026-08-22 11:17:00,0.9373843967914581
2026-08-22 11:18:00,0.9373843967914581
2026-08-22 11:19:00,0.9373843967914581
2026-08-22 11:20:00,0.9587861746549606
2026-08-22 11:21:00,0.9587861746549606
2026-08-22 11:22:00,0.9587861746549606
2026-08-22 11:23:00,0.9587861746549606
2026-08-22 11:24:00,0.9587861746549606
2026-08-22 11:25:00,0.8077175840735435
2026-08-22 11:26:00,0.8077175840735435
2026-08-22 11:27:00,0.8077175840735435
2026-08-22 11:28:00,0.8077175840735435
2026-08-22 11:29:00,0.8077175840735435
2026-08-22 11:30:00,0.6487091332674026
2026-08-22 11:31:00,0.6487091332674026
2026-08-22 11:32:00,0.6487091332674026
2026-08-22 11:33:00,0.6487091332674026
2026-08-22 11:34:00,0.6487091332674026
2026-08-22 11:35:00,0.46222807466983795
2026-08-22 11:36:00,0.46222807466983795
2026-08-22 11:37:00,0.46222807466983795
2026-08-22 11:38:00,0.46222807466983795
2026-08-22 11:39:00,0.46222807466983795
2026-08-22 11:40:00,0.27632936835289
2026-08-22 11:41:00,0.27632936835289
2026-08-22 11:42:00,0.27632936835289
2026-08-22 11:43:00,0.27632936835289
2026-08-22 11:44:00,0.27632936835289
2026-08-22 11:45:00,0.2798186168074608
2026-08-22 11:46:00,0.2798186168074608
2026-08-22 11:47:00,0.2798186168074608
2026-08-22 11:48:00,0.2798186168074608
2026-08-22 11:49:00,0.2798186168074608
2026-08-22 11:50:00,0.2834126949310303
2026-08-22 11:51:00,0.2834126949310303
2026-08-22 11:52:00,0.2834126949310303
2026-08-22 11:53:00,0.2834126949310303
2026-08-22 11:54:00,0.2834126949310303
2026-08-22 11:55:00,0.28636009991168976
2026-08-22 11:56:00,0.28636009991168976
2026-08-22 11:57:00,0.28636009991168976
2026-08-22 11:58:00,0.28636009991168976
2026-08-22 11:59:00,0.28636009991168976
2026-08-22 12:00:00,0.2829747870564461
2026-08-22 12:01:00,0.2829747870564461
2026-08-22 12:02:00,0.2829747870564461
2026-08-22 12:03:00,0.2829747870564461
2026-08-22 12:04:00,0.2829747870564461
2026-08-22 12:05:00,0.2736736610531807
2026-08-22 12:06:00,0.2736736610531807
2026-08-22 12:07:00,0.2736736610531807
2026-08-22 12:08:00,0.2736736610531807
2026-08-22 12:09:00,0.2736736610531807
2026-08-22 12:10:00,0.2517789863049984
2026-08-22 12:11:00,0.2517789863049984
2026-08-22 12:12:00,0.2517789863049984
2026-08-22 12:13:00,0.2517789863049984
2026-08-22 12:14:00,0.2517789863049984
2026-08-22 12:15:00,0.23017702251672745
2026-08-22 12:16:00,0.23017702251672745
2026-08-22 12:17:00,0.23017702251672745
2026-08-22 12:18:00,0.23017702251672745
2026-08-22 12:19:00,0.23017702251672745
2026-08-22 12:20:00,0.21269356086850166
2026-08-22 12:21:00,0.21269356086850166
2026-08-22 12:22:00,0.21269356086850166
2026-08-22 12:23:00,0.21269356086850166
2026-08-22 12:24:00,0.21269356086850166
2026-08-22 12:25:00,0.16130052227526903
2026-08-22 12:26:00,0.16130052227526903
2026-08-22 12:27:00,0.16130052227526903
2026-08-22 12:28:00,0.16130052227526903
2026-08-22 12:29:00,0.16130052227526903
2026-08-22 12:30:00,0.3337588245049119
2026-08-22 12:31:00,0.3337588245049119
2026-08-22 12:32:00,0.3337588245049119
2026-08-22 12:33:00,0.3337588245049119
2026-08-22 12:34:00,0.3337588245049119
2026-08-22 12:35:00,0.5076657356694341
2026-08-22 12:36:00,0.5076657356694341
2026-08-22 12:37:00,0.5076657356694341
2026-08-22 12:38:00,0.5076657356694341
2026-08-22 12:39:00,0.5076657356694341
2026-08-22 12:40:00,0.6842692578211427
2026-08-22 12:41:00,0.6842692578211427
2026-08-22 12:42:00,0.6842692578211427
2026-08-22 12:43:00,0.6842692578211427
2026-08-22 12:44:00,0.6842692578211427
2026-08-22 12:45:00,0.8962249308824539
2026-08-22 12:46:00,0.8962249308824539
2026-08-22 12:47:00,0.8962249308824539
2026-08-22 12:48:00,0.8962249308824539
2026-08-22 12:49:00,0.8962249308824539
2026-08-22 12:50:00,0.7101313173770905
2026-08-22 12:51:00,0.7101313173770905
2026-08-22 12:52:00,0.7101313173770905
2026-08-22 12:53:00,0.7101313173770905
2026-08-22 12:54:00,0.7101313173770905
2026-08-22 12:55:00,0.5244963616132736
2026-08-22 12:56:00,0.5244963616132736
2026-08-22 12:57:00,0.5244963616132736
2026-08-22 12:58:00,0.5244963616132736
2026-08-22 12:59:00,0.5244963616132736
2026-08-22 13:00:00,0.3378336876630783
2026-08-22 13:01:00,0.3378336876630783
2026-08-22 13:02:00,0.3378336876630783
2026-08-22 13:03:00,0.3378336876630783
2026-08-22 13:04:00,0.3378336876630783
2026-08-22 13:05:00,0.1481887325644493
2026-08-22 13:06:00,0.1481887325644493
2026-08-22 13:07:00,0.1481887325644493
2026-08-22 13:08:00,0.1481887325644493
2026-08-22 13:09:00,0.1481887325644493
2026-08-22 13:10:00,0.3817780092358589
2026-08-22 13:11:00,0.3817780092358589
2026-08-22 13:12:00,0.3817780092358589
2026-08-22 13:13:00,0.3817780092358589
2026-08-22 13:14:00,0.3817780092358589
2026-08-22 13:15:00,0.6139389052987099
2026-08-22 13:16:00,0.6139389052987099
2026-08-22 13:17:00,0.6139389052987099
2026-08-22 13:18:00,0.6139389052987099
2026-08-22 13:19:00,0.6139389052987099
2026-08-22 13:20:00,0.8455397114157677
2026-08-22 13:21:00,0.8455397114157677
2026-08-22 13:22:00,0.8455397114157677
2026-08-22 13:23:00,0.8455397114157677
2026-08-22 13:24:00,0.8455397114157677
2026-08-22 13:25:00,1.0784677565097809
2026-08-22 13:26:00,1.0784677565097809
2026-08-22 13:27:00,1.0784677565097809
2026-08-22 13:28:00,1.0784677565097809
2026-08-22 13:29:00,1.0784677565097809
2026-08-22 13:30:00,0.8581879772245884
2026-08-22 13:31:00,0.8581879772245884
2026-08-22 13:32:00,0.8581879772245884
2026-08-22 13:33:00,0.8581879772245884
2026-08-22 13:34:00,0.8581879772245884
2026-08-22 13:35:00,0.6400025859475136
2026-08-22 13:36:00,0.6400025859475136
2026-08-22 13:37:00,0.6400025859475136
2026-08-22 13:38:00,0.6400025859475136
2026-08-22 13:39:00,0.6400025859475136
2026-08-22 13:40:00,0.4219774454832077
2026-08-22 13:41:00,0.4219774454832077
2026-08-22 13:42:00,0.4219774454832077
2026-08-22 13:43:00,0.4219774454832077
2026-08-22 13:44:00,0.4219774454832077
2026-08-22 13:45:00,0.20354526489973068
2026-08-22 13:46:00,0.20354526489973068
2026-08-22 13:47:00,0.20354526489973068
2026-08-22 13:48:00,0.20354526489973068
2026-08-22 13:49:00,0.20354526489973068
2026-08-22 13:50:00,0.20860279351472855
2026-08-22 13:51:00,0.20860279351472855
2026-08-22 13:52:00,0.20860279351472855
2026-08-22 13:53:00,0.20860279351472855
2026-08-22 13:54:00,0.20860279351472855
2026-08-22 13:55:00,0.20807159692049026
2026-08-22 13:56:00,0.20807159692049026
2026-08-22 13:57:00,0.20807159692049026
2026-08-22 13:58:00,0.20807159692049026
2026-08-22 13:59:00,0.20807159692049026
2026-08-22 14:00:00,0.20764964073896408
2026-08-22 14:01:00,0.20764964073896408
2026-08-22 14:02:00,0.20764964073896408
2026-08-22 14:03:00,0.20764964073896408
2026-08-22 14:04:00,0.20764964073896408
2026-08-22 14:05:00,0.20855753123760223
2026-08-22 14:06:00,0.20855753123760223
2026-08-22 14:07:00,0.20855753123760223
2026-08-22 14:08:00,0.20855753123760223
2026-08-22 14:09:00,0.20855753123760223
2026-08-22 14:10:00,0.20536771416664124
2026-08-22 14:11:00,0.20536771416664124
2026-08-22 14:12:00,0.20536771416664124
2026-08-22 14:13:00,0.20536771416664124
2026-08-22 14:14:00,0.20536771416664124
2026-08-22 14:15:00,0.2055768519639969
2026-08-22 14:16:00,0.2055768519639969
2026-08-22 14:17:00,0.2055768519639969
2026-08-22 14:18:00,0.2055768519639969
2026-08-22 14:19:00,0.2055768519639969
2026-08-22 14:20:00,0.20537327229976654
2026-08-22 14:21:00,0.20537327229976654
2026-08-22 14:22:00,0.20537327229976654
2026-08-22 14:23:00,0.20537327229976654
2026-08-22 14:24:00,0.20537327229976654
2026-08-22 14:25:00,0.20430073142051697
2026-08-22 14:26:00,0.20430073142051697
2026-08-22 14:27:00,0.20430073142051697
2026-08-22 14:28:00,0.20430073142051697
2026-08-22 14:29:00,0.20430073142051697
2026-08-22 14:30:00,0.16908161714673042
2026-08-22 14:31:00,0.16908161714673042
2026-08-22 14:32:00,0.16908161714673042
2026-08-22 14:33:00,0.16908161714673042
2026-08-22 14:34:00,0.16908161714673042
2026-08-22 14:35:00,0.134282685816288
2026-08-22 14:36:00,0.134282685816288
2026-08-22 14:37:00,0.134282685816288
2026-08-22 14:38:00,0.134282685816288
2026-08-22 14:39:00,0.134282685816288
2026-08-22 14:40:00,0.09939096868038177
2026-08-22 14:41:00,0.09939096868038177
2026-08-22 14:42:00,0.09939096868038177
2026-08-22 14:43:00,0.09939096868038177
2026-08-22 14:44:00,0.09939096868038177
2026-08-22 14:45:00,0.1314873844385147
2026-08-22 14:46:00,0.1314873844385147
2026-08-22 14:47:00,0.1314873844385147
2026-08-22 14:48:00,0.1314873844385147
2026-08-22 14:49:00,0.1314873844385147
2026-08-22 14:50:00,0.19820339232683182
2026-08-22 14:51:00,0.19820339232683182
2026-08-22 14:52:00,0.19820339232683182
2026-08-22 14:53:00,0.19820339232683182
2026-08-22 14:54:00,0.19820339232683182
2026-08-22 14:55:00,0.2650372311472893
2026-08-22 14:56:00,0.2650372311472893
2026-08-22 14:57:00,0.2650372311472893
2026-08-22 14:58:00,0.2650372311472893
2026-08-22 14:59:00,0.2650372311472893
2026-08-22 15:00:00,0.547393225133419
2026-08-22 15:01:00,0.547393225133419
2026-08-22 15:02:00,0.547393225133419
2026-08-22 15:03:00,0.547393225133419
2026-08-22 15:04:00,0.547393225133419
2026-08-22 15:05:00,0.7646075263619423
2026-08-22 15:06:00,0.7646075263619423
2026-08-22 15:07:00,0.7646075263619423
2026-08-22 15:08:00,0.7646075263619423
2026-08-22 15:09:00,0.7646075263619423
2026-08-22 15:10:00,0.9788384363055229
2026-08-22 15:11:00,0.9788384363055229
2026-08-22 15:12:00,0.9788384363055229
2026-08-22 15:13:00,0.9788384363055229
2026-08-22 15:14:00,0.9788384363055229
2026-08-22 15:15:00,1.1927384734153748
2026-08-22 15:16:00,1.1927384734153748
2026-08-22 15:17:00,1.1927384734153748
2026-08-22 15:18:00,1.1927384734153748
2026-08-22 15:19:00,1.1927384734153748
2026-08-22 15:20:00,1.1321410238742828
2026-08-22 15:21:00,1.1321410238742828
2026-08-22 15:22:00,1.1321410238742828
2026-08-22 15:23:00,1.1321410238742828
2026-08-22 15:24:00,1.1321410238742828
2026-08-22 15:25:00,1.070528358221054
2026-08-22 15:26:00,1.070528358221054
2026-08-22 15:27:00,1.070528358221054
2026-08-22 15:28:00,1.070528358221054
2026-08-22 15:29:00,1.070528358221054
2026-08-22 15:30:00,0.832929652184248
2026-08-22 15:31:00,0.832929652184248
2026-08-22 15:32:00,0.832929652184248
2026-08-22 15:33:00,0.832929652184248
2026-08-22 15:34:00,0.832929652184248
2026-08-22 15:35:00,0.5948177091777325
2026-08-22 15:36:00,0.5948177091777325
2026-08-22 15:37:00,0.5948177091777325
2026-08-22 15:38:00,0.5948177091777325
2026-08-22 15:39:00,0.5948177091777325
2026-08-22 15:40:00,0.41731059923768044
2026-08-22 15:41:00,0.41731059923768044
2026-08-22 15:42:00,0.41731059923768044
2026-08-22 15:43:00,0.41731059923768044
2026-08-22 15:44:00,0.41731059923768044
2026-08-22 15:45:00,0.23591022193431854
2026-08-22 15:46:00,0.23591022193431854
2026-08-22 15:47:00,0.23591022193431854
2026-08-22 15:48:00,0.23591022193431854
2026-08-22 15:49:00,0.23591022193431854
2026-08-22 15:50:00,0.23269004374742508
2026-08-22 15:51:00,0.23269004374742508
2026-08-22 15:52:00,0.23269004374742508
2026-08-22 15:53:00,0.23269004374742508
2026-08-22 15:54:00,0.23269004374742508
2026-08-22 15:55:00,0.22943072766065598
2026-08-22 15:56:00,0.22943072766065598
2026-08-22 15:57:00,0.22943072766065598
2026-08-22 15:58:00,0.22943072766065598
2026-08-22 15:59:00,0.22943072766065598
2026-08-22 16:00:00,0.22431376948952675
2026-08-22 16:01:00,0.22431376948952675
2026-08-22 16:02:00,0.22431376948952675
2026-08-22 16:03:00,0.22431376948952675
2026-08-22 16:04:00,0.22431376948952675
2026-08-22 16:05:00,0.2232004962861538
2026-08-22 16:06:00,0.2232004962861538
2026-08-22 16:07:00,0.2232004962861538
2026-08-22 16:08:00,0.2232004962861538
2026-08-22 16:09:00,0.2232004962861538
2026-08-22 16:10:00,0.22370484843850136
2026-08-22 16:11:00,0.22370484843850136
2026-08-22 16:12:00,0.22370484843850136
2026-08-22 16:13:00,0.22370484843850136
2026-08-22 16:14:00,0.22370484843850136
2026-08-22 16:15:00,0.22649072483181953
2026-08-22 16:16:00,0.22649072483181953
2026-08-22 16:17:00,0.22649072483181953
2026-08-22 16:18:00,0.22649072483181953
2026-08-22 16:19:00,0.22649072483181953
2026-08-22 16:20:00,0.1965310387313366
2026-08-22 16:21:00,0.1965310387313366
2026-08-22 16:22:00,0.1965310387313366
2026-08-22 16:23:00,0.1965310387313366
2026-08-22 16:24:00,0.1965310387313366
2026-08-22 16:25:00,0.16621594689786434
2026-08-22 16:26:00,0.16621594689786434
2026-08-22 16:27:00,0.16621594689786434
2026-08-22 16:28:00,0.16621594689786434
2026-08-22 16:29:00,0.16621594689786434
2026-08-22 16:30:00,0.44701928831636906
2026-08-22 16:31:00,0.44701928831636906
2026-08-22 16:32:00,0.44701928831636906
2026-08-22 16:33:00,0.44701928831636906
2026-08-22 16:34:00,0.44701928831636906
2026-08-22 16:35:00,0.7262047622352839
2026-08-22 16:36:00,0.7262047622352839
2026-08-22 16:37:00,0.7262047622352839
2026-08-22 16:38:00,0.7262047622352839
2026-08-22 16:39:00,0.7262047622352839
2026-08-22 16:40:00,1.038662238046527
2026-08-22 16:41:00,1.038662238046527
2026-08-22 16:42:00,1.038662238046527
2026-08-22 16:43:00,1.038662238046527
2026-08-22 16:44:00,1.038662238046527
2026-08-22 16:45:00,1.3506123721599579
2026-08-22 16:46:00,1.3506123721599579
2026-08-22 16:47:00,1.3506123721599579
2026-08-22 16:48:00,1.3506123721599579
2026-08-22 16:49:00,1.3506123721599579
2026-08-22 16:50:00,1.0685340352356434
2026-08-22 16:51:00,1.0685340352356434
2026-08-22 16:52:00,1.0685340352356434
2026-08-22 16:53:00,1.0685340352356434
2026-08-22 16:54:00,1.0685340352356434
2026-08-22 16:55:00,0.7878711745142937
2026-08-22 16:56:00,0.7878711745142937
2026-08-22 16:57:00,0.7878711745142937
2026-08-22 16:58:00,0.7878711745142937
2026-08-22 16:59:00,0.7878711745142937
2026-08-22 17:00:00,0.5059424713253975
2026-08-22 17:01:00,0.5059424713253975
2026-08-22 17:02:00,0.5059424713253975
2026-08-22 17:03:00,0.5059424713253975
2026-08-22 17:04:00,0.5059424713253975
2026-08-22 17:05:00,0.22260993719100952
2026-08-22 17:06:00,0.22260993719100952
2026-08-22 17:07:00,0.22260993719100952
2026-08-22 17:08:00,0.22260993719100952
2026-08-22 17:09:00,0.22260993719100952
2026-08-22 17:10:00,0.2236427329480648
2026-08-22 17:11:00,0.2236427329480648
2026-08-22 17:12:00,0.2236427329480648
2026-08-22 17:13:00,0.2236427329480648
2026-08-22 17:14:00,0.2236427329480648
2026-08-22 17:15:00,0.22206147760152817
2026-08-22 17:16:00,0.22206147760152817
2026-08-22 17:17:00,0.22206147760152817
2026-08-22 17:18:00,0.22206147760152817
2026-08-22 17:19:00,0.22206147760152817
2026-08-22 17:20:00,0.222530048340559
2026-08-22 17:21:00,0.222530048340559
2026-08-22 17:22:00,0.222530048340559
2026-08-22 17:23:00,0.222530048340559
2026-08-22 17:24:00,0.222530048340559
2026-08-22 17:25:00,0.2248263955116272
2026-08-22 17:26:00,0.2248263955116272
2026-08-22 17:27:00,0.2248263955116272
2026-08-22 17:28:00,0.2248263955116272
2026-08-22 17:29:00,0.2248263955116272
2026-08-22 17:30:00,0.5107599645853043
2026-08-22 17:31:00,0.5107599645853043
2026-08-22 17:32:00,0.5107599645853043
2026-08-22 17:33:00,0.5107599645853043
2026-08-22 17:34:00,0.5107599645853043
2026-08-22 17:35:00,0.720091238617897
2026-08-22 17:36:00,0.720091238617897
2026-08-22 17:37:00,0.720091238617897
2026-08-22 17:38:00,0.720091238617897
2026-08-22 17:39:00,0.720091238617897
2026-08-22 17:40:00,0.9284032098948956
2026-08-22 17:41:00,0.9284032098948956
2026-08-22 17:42:00,0.9284032098948956
2026-08-22 17:43:00,0.9284032098948956
2026-08-22 17:44:00,0.9284032098948956
2026-08-22 17:45:00,1.1361386477947235
2026-08-22 17:46:00,1.1361386477947235
2026-08-22 17:47:00,1.1361386477947235
2026-08-22 17:48:00,1.1361386477947235
2026-08-22 17:49:00,1.1361386477947235
2026-08-22 17:50:00,1.0400718599557877
2026-08-22 17:51:00,1.0400718599557877
2026-08-22 17:52:00,1.0400718599557877
2026-08-22 17:53:00,1.0400718599557877
2026-08-22 17:54:00,1.0400718599557877
2026-08-22 17:55:00,0.8355949930846691
2026-08-22 17:56:00,0.8355949930846691
2026-08-22 17:57:00,0.8355949930846691
2026-08-22 17:58:00,0.8355949930846691
2026-08-22 17:59:00,0.8355949930846691
2026-08-22 18:00:00,0.8788586966693401
2026-08-22 18:01:00,0.8788586966693401
2026-08-22 18:02:00,0.8788586966693401
2026-08-22 18:03:00,0.8788586966693401
2026-08-22 18:04:00,0.8788586966693401
2026-08-22 18:05:00,0.9219738654792309
2026-08-22 18:06:00,0.9219738654792309
2026-08-22 18:07:00,0.9219738654792309
2026-08-22 18:08:00,0.9219738654792309
2026-08-22 18:09:00,0.9219738654792309
2026-08-22 18:10:00,0.9834888242185116
2026-08-22 18:11:00,0.9834888242185116
2026-08-22 18:12:00,0.9834888242185116
2026-08-22 18:13:00,0.9834888242185116
2026-08-22 18:14:00,0.9834888242185116
2026-08-22 18:15:00,1.2310280799865723
2026-08-22 18:16:00,1.2310280799865723
2026-08-22 18:17:00,1.2310280799865723
2026-08-22 18:18:00,1.2310280799865723
2026-08-22 18:19:00,1.2310280799865723
2026-08-22 18:20:00,0.9837309494614601
2026-08-22 18:21:00,0.9837309494614601
2026-08-22 18:22:00,0.9837309494614601
2026-08-22 18:23:00,0.9837309494614601
2026-08-22 18:24:00,0.9837309494614601
2026-08-22 18:25:00,0.7357614301145077
2026-08-22 18:26:00,0.7357614301145077
2026-08-22 18:27:00,0.7357614301145077
2026-08-22 18:28:00,0.7357614301145077
2026-08-22 18:29:00,0.7357614301145077
2026-08-22 18:30:00,0.523178469389677
2026-08-22 18:31:00,0.523178469389677
2026-08-22 18:32:00,0.523178469389677
2026-08-22 18:33:00,0.523178469389677
2026-08-22 18:34:00,0.523178469389677
2026-08-22 18:35:00,0.36939963325858116
2026-08-22 18:36:00,0.36939963325858116
2026-08-22 18:37:00,0.36939963325858116
2026-08-22 18:38:00,0.36939963325858116
2026-08-22 18:39:00,0.36939963325858116
2026-08-22 18:40:00,0.5270718075335026
2026-08-22 18:41:00,0.5270718075335026
2026-08-22 18:42:00,0.5270718075335026
2026-08-22 18:43:00,0.5270718075335026
2026-08-22 18:44:00,0.5270718075335026
2026-08-22 18:45:00,0.6892317235469818
2026-08-22 18:46:00,0.6892317235469818
2026-08-22 18:47:00,0.6892317235469818
2026-08-22 18:48:00,0.6892317235469818
2026-08-22 18:49:00,0.6892317235469818
2026-08-22 18:50:00,0.7525570094585419
2026-08-22 18:51:00,0.7525570094585419
2026-08-22 18:52:00,0.7525570094585419
2026-08-22 18:53:00,0.7525570094585419
2026-08-22 18:54:00,0.7525570094585419
2026-08-22 18:55:00,0.7247958481311798
2026-08-22 18:56:00,0.7247958481311798
2026-08-22 18:57:00,0.7247958481311798
2026-08-22 18:58:00,0.7247958481311798
2026-08-22 18:59:00,0.7247958481311798
2026-08-22 19:00:00,0.5949304327368736
2026-08-22 19:01:00,0.5949304327368736
2026-08-22 19:02:00,0.5949304327368736
2026-08-22 19:03:00,0.5949304327368736
2026-08-22 19:04:00,0.5949304327368736
2026-08-22 19:05:00,0.45690394192934036
2026-08-22 19:06:00,0.45690394192934036
2026-08-22 19:07:00,0.45690394192934036
2026-08-22 19:08:00,0.45690394192934036
2026-08-22 19:09:00,0.45690394192934036
2026-08-22 19:10:00,0.3819199502468109
2026-08-22 19:11:00,0.3819199502468109
2026-08-22 19:12:00,0.3819199502468109
2026-08-22 19:13:00,0.3819199502468109
2026-08-22 19:14:00,0.3819199502468109
2026-08-22 19:15:00,0.33871839195489883
2026-08-22 19:16:00,0.33871839195489883
2026-08-22 19:17:00,0.33871839195489883
2026-08-22 19:18:00,0.33871839195489883
2026-08-22 19:19:00,0.33871839195489883
2026-08-22 19:20:00,0.2688927389681339
2026-08-22 19:21:00,0.2688927389681339
2026-08-22 19:22:00,0.2688927389681339
2026-08-22 19:23:00,0.2688927389681339
2026-08-22 19:24:00,0.2688927389681339
2026-08-22 19:25:00,0.20405414514243603
2026-08-22 19:26:00,0.20405414514243603
2026-08-22 19:27:00,0.20405414514243603
2026-08-22 19:28:00,0.20405414514243603
2026-08-22 19:29:00,0.20405414514243603
2026-08-22 19:30:00,0.13935323432087898
2026-08-22 19:31:00,0.13935323432087898
2026-08-22 19:32:00,0.13935323432087898
2026-08-22 19:33:00,0.13935323432087898
2026-08-22 19:34:00,0.13935323432087898
2026-08-22 19:35:00,0.07901990786194801
2026-08-22 19:36:00,0.07901990786194801
2026-08-22 19:37:00,0.07901990786194801
2026-08-22 19:38:00,0.07901990786194801
2026-08-22 19:39:00,0.07901990786194801
2026-08-22 19:40:00,0.08375373668968678
2026-08-22 19:41:00,0.08375373668968678
2026-08-22 19:42:00,0.08375373668968678
2026-08-22 19:43:00,0.08375373668968678
2026-08-22 19:44:00,0.08375373668968678
2026-08-22 19:45:00,0.08437762036919594
2026-08-22 19:46:00,0.08437762036919594
2026-08-22 19:47:00,0.08437762036919594
2026-08-22 19:48:00,0.08437762036919594
2026-08-22 19:49:00,0.08437762036919594
2026-08-22 19:50:00,0.08245240710675716
2026-08-22 19:51:00,0.08245240710675716
2026-08-22 19:52:00,0.08245240710675716
2026-08-22 19:53:00,0.08245240710675716
2026-08-22 19:54:00,0.08245240710675716
2026-08-22 19:55:00,0.07461094949394464
2026-08-22 19:56:00,0.07461094949394464
2026-08-22 19:57:00,0.07461094949394464
2026-08-22 19:58:00,0.07461094949394464
2026-08-22 19:59:00,0.07461094949394464
2026-08-22 20:00:00,0.067401266656816
2026-08-22 20:01:00,0.067401266656816
2026-08-22 20:02:00,0.067401266656816
2026-08-22 20:03:00,0.067401266656816
2026-08-22 20:04:00,0.067401266656816
2026-08-22 20:05:00,0.06210337020456791
2026-08-22 20:06:00,0.06210337020456791
2026-08-22 20:07:00,0.06210337020456791
2026-08-22 20:08:00,0.06210337020456791
2026-08-22 20:09:00,0.06210337020456791
2026-08-22 20:10:00,0.059497994370758533
2026-08-22 20:11:00,0.059497994370758533
2026-08-22 20:12:00,0.059497994370758533
2026-08-22 20:13:00,0.059497994370758533
2026-08-22 20:14:00,0.059497994370758533
2026-08-22 20:15:00,0.05967680178582668
2026-08-22 20:16:00,0.05967680178582668
2026-08-22 20:17:00,0.05967680178582668
2026-08-22 20:18:00,0.05967680178582668
2026-08-22 20:19:00,0.05967680178582668
2026-08-22 20:20:00,0.05835237167775631
2026-08-22 20:21:00,0.05835237167775631
2026-08-22 20:22:00,0.05835237167775631
2026-08-22 20:23:00,0.05835237167775631
2026-08-22 20:24:00,0.05835237167775631
2026-08-22 20:25:00,0.05836295057088137
2026-08-22 20:26:00,0.05836295057088137
2026-08-22 20:27:00,0.05836295057088137
2026-08-22 20:28:00,0.05836295057088137
2026-08-22 20:29:00,0.05836295057088137
2026-08-22 20:30:00,0.05769301578402519
2026-08-22 20:31:00,0.05769301578402519
2026-08-22 20:32:00,0.05769301578402519
2026-08-22 20:33:00,0.05769301578402519
2026-08-22 20:34:00,0.05769301578402519
2026-08-22 20:35:00,0.05694218259304762
2026-08-22 20:36:00,0.05694218259304762
2026-08-22 20:37:00,0.05694218259304762
2026-08-22 20:38:00,0.05694218259304762
2026-08-22 20:39:00,0.05694218259304762
2026-08-22 20:40:00,0.07819172646850348
2026-08-22 20:41:00,0.07819172646850348
2026-08-22 20:42:00,0.07819172646850348
2026-08-22 20:43:00,0.07819172646850348
2026-08-22 20:44:00,0.07819172646850348
2026-08-22 20:45:00,0.09993391204625368
2026-08-22 20:46:00,0.09993391204625368
2026-08-22 20:47:00,0.09993391204625368
2026-08-22 20:48:00,0.09993391204625368
2026-08-22 20:49:00,0.09993391204625368
2026-08-22 20:50:00,0.12037501018494368
2026-08-22 20:51:00,0.12037501018494368
2026-08-22 20:52:00,0.12037501018494368
2026-08-22 20:53:00,0.12037501018494368
2026-08-22 20:54:00,0.12037501018494368
2026-08-22 20:55:00,0.1407981514930725
2026-08-22 20:56:00,0.1407981514930725
2026-08-22 20:57:00,0.1407981514930725
2026-08-22 20:58:00,0.1407981514930725
2026-08-22 20:59:00,0.1407981514930725
2026-08-22 21:00:00,0.12024342082440853
2026-08-22 21:01:00,0.12024342082440853
2026-08-22 21:02:00,0.12024342082440853
2026-08-22 21:03:00,0.12024342082440853
2026-08-22 21:04:00,0.12024342082440853
2026-08-22 21:05:00,0.09883454162627459
2026-08-22 21:06:00,0.09883454162627459
2026-08-22 21:07:00,0.09883454162627459
2026-08-22 21:08:00,0.09883454162627459
2026-08-22 21:09:00,0.09883454162627459
2026-08-22 21:10:00,0.08184170629829168
2026-08-22 21:11:00,0.08184170629829168
2026-08-22 21:12:00,0.08184170629829168
2026-08-22 21:13:00,0.08184170629829168
2026-08-22 21:14:00,0.08184170629829168
2026-08-22 21:15:00,0.33718307223170996
2026-08-22 21:16:00,0.33718307223170996
2026-08-22 21:17:00,0.33718307223170996
2026-08-22 21:18:00,0.33718307223170996
2026-08-22 21:19:00,0.33718307223170996
2026-08-22 21:20:00,0.6115118460729718
2026-08-22 21:21:00,0.6115118460729718
2026-08-22 21:22:00,0.6115118460729718
2026-08-22 21:23:00,0.6115118460729718
2026-08-22 21:24:00,0.6115118460729718
2026-08-22 21:25:00,0.8858317378908396
2026-08-22 21:26:00,0.8858317378908396
2026-08-22 21:27:00,0.8858317378908396
2026-08-22 21:28:00,0.8858317378908396
2026-08-22 21:29:00,0.8858317378908396
2026-08-22 21:30:00,1.1580246984958649
2026-08-22 21:31:00,1.1580246984958649
2026-08-22 21:32:00,1.1580246984958649
2026-08-22 21:33:00,1.1580246984958649
2026-08-22 21:34:00,1.1580246984958649
2026-08-22 21:35:00,0.9004201702773571
2026-08-22 21:36:00,0.9004201702773571
2026-08-22 21:37:00,0.9004201702773571
2026-08-22 21:38:00,0.9004201702773571
2026-08-22 21:39:00,0.9004201702773571
2026-08-22 21:40:00,0.6435699351131916
2026-08-22 21:41:00,0.6435699351131916
2026-08-22 21:42:00,0.6435699351131916
2026-08-22 21:43:00,0.6435699351131916
2026-08-22 21:44:00,0.6435699351131916
2026-08-22 21:45:00,0.3863367959856987
2026-08-22 21:46:00,0.3863367959856987
2026-08-22 21:47:00,0.3863367959856987
2026-08-22 21:48:00,0.3863367959856987
2026-08-22 21:49:00,0.3863367959856987
2026-08-22 21:50:00,0.12733184546232224
2026-08-22 21:51:00,0.12733184546232224
2026-08-22 21:52:00,0.12733184546232224
2026-08-22 21:53:00,0.12733184546232224
2026-08-22 21:54:00,0.12733184546232224
2026-08-22 21:55:00,0.12480579689145088
2026-08-22 21:56:00,0.12480579689145088
2026-08-22 21:57:00,0.12480579689145088
2026-08-22 21:58:00,0.12480579689145088
2026-08-22 21:59:00,0.12480579689145088
2026-08-22 22:00:00,0.11879491806030273
2026-08-22 22:01:00,0.11879491806030273
2026-08-22 22:02:00,0.11879491806030273
2026-08-22 22:03:00,0.11879491806030273
2026-08-22 22:04:00,0.11879491806030273
2026-08-22 22:05:00,0.11406966485083103
2026-08-22 22:06:00,0.11406966485083103
2026-08-22 22:07:00,0.11406966485083103
2026-08-22 22:08:00,0.11406966485083103
2026-08-22 22:09:00,0.11406966485083103
2026-08-22 22:10:00,0.11122377216815948
2026-08-22 22:11:00,0.11122377216815948
2026-08-22 22:12:00,0.11122377216815948
2026-08-22 22:13:00,0.11122377216815948
2026-08-22 22:14:00,0.11122377216815948
2026-08-22 22:15:00,0.10889788903295994
2026-08-22 22:16:00,0.10889788903295994
2026-08-22 22:17:00,0.10889788903295994
2026-08-22 22:18:00,0.10889788903295994
2026-08-22 22:19:00,0.10889788903295994
2026-08-22 22:20:00,0.11055487021803856
2026-08-22 22:21:00,0.11055487021803856
2026-08-22 22:22:00,0.11055487021803856
2026-08-22 22:23:00,0.11055487021803856
2026-08-22 22:24:00,0.11055487021803856
2026-08-22 22:25:00,0.11291670985519886
2026-08-22 22:26:00,0.11291670985519886
2026-08-22 22:27:00,0.11291670985519886
2026-08-22 22:28:00,0.11291670985519886
2026-08-22 22:29:00,0.11291670985519886
2026-08-22 22:30:00,0.11627495847642422
2026-08-22 22:31:00,0.11627495847642422
2026-08-22 22:32:00,0.11627495847642422
2026-08-22 22:33:00,0.11627495847642422
2026-08-22 22:34:00,0.11627495847642422
2026-08-22 22:35:00,0.10682190023362637
2026-08-22 22:36:00,0.10682190023362637
2026-08-22 22:37:00,0.10682190023362637
2026-08-22 22:38:00,0.10682190023362637
2026-08-22 22:39:00,0.10682190023362637
2026-08-22 22:40:00,0.09828638471662998
2026-08-22 22:41:00,0.09828638471662998
2026-08-22 22:42:00,0.09828638471662998
2026-08-22 22:43:00,0.09828638471662998
2026-08-22 22:44:00,0.09828638471662998
2026-08-22 22:45:00,0.08307601045817137
2026-08-22 22:46:00,0.08307601045817137
2026-08-22 22:47:00,0.08307601045817137
2026-08-22 22:48:00,0.08307601045817137
2026-08-22 22:49:00,0.08307601045817137
2026-08-22 22:50:00,0.06334952544420958
2026-08-22 22:51:00,0.06334952544420958
2026-08-22 22:52:00,0.06334952544420958
2026-08-22 22:53:00,0.06334952544420958
2026-08-22 22:54:00,0.06334952544420958
2026-08-22 22:55:00,0.05724852625280619
2026-08-22 22:56:00,0.05724852625280619
2026-08-22 22:57:00,0.05724852625280619
2026-08-22 22:58:00,0.05724852625280619
2026-08-22 22:59:00,0.05724852625280619
2026-08-22 23:00:00,0.04927303548902273
2026-08-22 23:01:00,0.04927303548902273
2026-08-22 23:02:00,0.04927303548902273
2026-08-22 23:03:00,0.04927303548902273
2026-08-22 23:04:00,0.04927303548902273
2026-08-22 23:05:00,0.04700252786278725
2026-08-22 23:06:00,0.04700252786278725
2026-08-22 23:07:00,0.04700252786278725
2026-08-22 23:08:00,0.04700252786278725
2026-08-22 23:09:00,0.04700252786278725
2026-08-22 23:10:00,0.0479744728654623
2026-08-22 23:11:00,0.0479744728654623
2026-08-22 23:12:00,0.0479744728654623
2026-08-22 23:13:00,0.0479744728654623
2026-08-22 23:14:00,0.0479744728654623
2026-08-22 23:15:00,0.048715509474277496
2026-08-22 23:16:00,0.048715509474277496
2026-08-22 23:17:00,0.048715509474277496
2026-08-22 23:18:00,0.048715509474277496
2026-08-22 23:19:00,0.048715509474277496
2026-08-22 23:20:00,0.049771010875701904
2026-08-22 23:21:00,0.049771010875701904
2026-08-22 23:22:00,0.049771010875701904
2026-08-22 23:23:00,0.049771010875701904
2026-08-22 23:24:00,0.049771010875701904
2026-08-22 23:25:00,0.05348633974790573
2026-08-22 23:26:00,0.05348633974790573
2026-08-22 23:27:00,0.05348633974790573
2026-08-22 23:28:00,0.05348633974790573
2026-08-22 23:29:00,0.05348633974790573
2026-08-22 23:30:00,0.06019049137830734
2026-08-22 23:31:00,0.06019049137830734
2026-08-22 23:32:00,0.06019049137830734
2026-08-22 23:33:00,0.06019049137830734
2026-08-22 23:34:00,0.06019049137830734
2026-08-22 23:35:00,0.07013947702944279
2026-08-22 23:36:00,0.07013947702944279
2026-08-22 23:37:00,0.07013947702944279
2026-08-22 23:38:00,0.07013947702944279
2026-08-22 23:39:00,0.07013947702944279
2026-08-22 23:40:00,0.08119562081992626
2026-08-22 23:41:00,0.08119562081992626
2026-08-22 23:42:00,0.08119562081992626
2026-08-22 23:43:00,0.08119562081992626
2026-08-22 23:44:00,0.08119562081992626
2026-08-22 23:45:00,0.35973143950104713
2026-08-22 23:46:00,0.35973143950104713
2026-08-22 23:47:00,0.35973143950104713
2026-08-22 23:48:00,0.35973143950104713
2026-08-22 23:49:00,0.35973143950104713
2026-08-22 23:50:00,0.6353774741292
2026-08-22 23:51:00,0.6353774741292
2026-08-22 23:52:00,0.6353774741292
2026-08-22 23:53:00,0.6353774741292
2026-08-22 23:54:00,0.6353774741292
2026-08-22 23:55:00,0.9073089249432087
2026-08-22 23:56:00,0.9073089249432087
2026-08-22 23:57:00,0.9073089249432087
2026-08-22 23:58:00,0.9073089249432087
2026-08-22 23:59:00,0.9073089249432087
2026-08-23 00:00:00,1.1777950525283813
2026-08-23 00:01:00,1.1777950525283813
2026-08-23 00:02:00,1.1777950525283813
2026-08-23 00:03:00,1.1777950525283813
2026-08-23 00:04:00,1.1777950525283813
2026-08-23 00:05:00,0.9652386084198952
2026-08-23 00:06:00,0.9652386084198952
2026-08-23 00:07:00,0.9652386084198952
2026-08-23 00:08:00,0.9652386084198952
2026-08-23 00:09:00,0.9652386084198952
2026-08-23 00:10:00,0.7538197189569473
2026-08-23 00:11:00,0.7538197189569473
2026-08-23 00:12:00,0.7538197189569473
2026-08-23 00:13:00,0.7538197189569473
2026-08-23 00:14:00,0.7538197189569473
2026-08-23 00:15:00,0.5424935817718506
2026-08-23 00:16:00,0.5424935817718506
2026-08-23 00:17:00,0.5424935817718506
2026-08-23 00:18:00,0.5424935817718506
2026-08-23 00:19:00,0.5424935817718506
2026-08-23 00:20:00,0.33118998259305954
2026-08-23 00:21:00,0.33118998259305954
2026-08-23 00:22:00,0.33118998259305954
2026-08-23 00:23:00,0.33118998259305954
2026-08-23 00:24:00,0.33118998259305954
2026-08-23 00:25:00,0.33229485154151917
2026-08-23 00:26:00,0.33229485154151917
2026-08-23 00:27:00,0.33229485154151917
2026-08-23 00:28:00,0.33229485154151917
2026-08-23 00:29:00,0.33229485154151917
2026-08-23 00:30:00,0.32898448407649994
2026-08-23 00:31:00,0.32898448407649994
2026-08-23 00:32:00,0.32898448407649994
2026-08-23 00:33:00,0.32898448407649994
2026-08-23 00:34:00,0.32898448407649994
2026-08-23 00:35:00,0.32488176226615906
2026-08-23 00:36:00,0.32488176226615906
2026-08-23 00:37:00,0.32488176226615906
2026-08-23 00:38:00,0.32488176226615906
2026-08-23 00:39:00,0.32488176226615906
2026-08-23 00:40:00,0.3212338015437126
2026-08-23 00:41:00,0.3212338015437126
2026-08-23 00:42:00,0.3212338015437126
2026-08-23 00:43:00,0.3212338015437126
2026-08-23 00:44:00,0.3212338015437126
2026-08-23 00:45:00,0.3184242397546768
2026-08-23 00:46:00,0.3184242397546768
2026-08-23 00:47:00,0.3184242397546768
2026-08-23 00:48:00,0.3184242397546768
2026-08-23 00:49:00,0.3184242397546768
2026-08-23 00:50:00,0.3219081610441208
2026-08-23 00:51:00,0.3219081610441208
2026-08-23 00:52:00,0.3219081610441208
2026-08-23 00:53:00,0.3219081610441208
2026-08-23 00:54:00,0.3219081610441208
2026-08-23 00:55:00,0.32645516842603683
2026-08-23 00:56:00,0.32645516842603683
2026-08-23 00:57:00,0.32645516842603683
2026-08-23 00:58:00,0.32645516842603683
2026-08-23 00:59:00,0.32645516842603683
2026-08-23 01:00:00,0.3300510123372078
2026-08-23 01:01:00,0.3300510123372078
2026-08-23 01:02:00,0.3300510123372078
2026-08-23 01:03:00,0.3300510123372078
2026-08-23 01:04:00,0.3300510123372078
2026-08-23 01:05:00,0.26531608682125807
2026-08-23 01:06:00,0.26531608682125807
2026-08-23 01:07:00,0.26531608682125807
2026-08-23 01:08:00,0.26531608682125807
2026-08-23 01:09:00,0.26531608682125807
2026-08-23 01:10:00,0.19654957205057144
2026-08-23 01:11:00,0.19654957205057144
2026-08-23 01:12:00,0.19654957205057144
2026-08-23 01:13:00,0.19654957205057144
2026-08-23 01:14:00,0.19654957205057144
2026-08-23 01:15:00,0.1264930423349142
2026-08-23 01:16:00,0.1264930423349142
2026-08-23 01:17:00,0.1264930423349142
2026-08-23 01:18:00,0.1264930423349142
2026-08-23 01:19:00,0.1264930423349142
2026-08-23 01:20:00,0.05980483628809452
2026-08-23 01:21:00,0.05980483628809452
2026-08-23 01:22:00,0.05980483628809452
2026-08-23 01:23:00,0.05980483628809452
2026-08-23 01:24:00,0.05980483628809452
2026-08-23 01:25:00,0.06590918358415365
2026-08-23 01:26:00,0.06590918358415365
2026-08-23 01:27:00,0.06590918358415365
2026-08-23 01:28:00,0.06590918358415365
2026-08-23 01:29:00,0.06590918358415365
2026-08-23 01:30:00,0.07455273158848286
2026-08-23 01:31:00,0.07455273158848286
2026-08-23 01:32:00,0.07455273158848286
2026-08-23 01:33:00,0.07455273158848286
2026-08-23 01:34:00,0.07455273158848286
2026-08-23 01:35:00,0.07959599606692791
2026-08-23 01:36:00,0.07959599606692791
2026-08-23 01:37:00,0.07959599606692791
2026-08-23 01:38:00,0.07959599606692791
2026-08-23 01:39:00,0.07959599606692791
2026-08-23 01:40:00,0.0784361744299531
2026-08-23 01:41:00,0.0784361744299531
2026-08-23 01:42:00,0.0784361744299531
2026-08-23 01:43:00,0.0784361744299531
2026-08-23 01:44:00,0.0784361744299531
2026-08-23 01:45:00,0.0701995613053441
2026-08-23 01:46:00,0.0701995613053441
2026-08-23 01:47:00,0.0701995613053441
2026-08-23 01:48:00,0.0701995613053441
2026-08-23 01:49:00,0.0701995613053441
2026-08-23 01:50:00,0.059533425606787205
2026-08-23 01:51:00,0.059533425606787205
2026-08-23 01:52:00,0.059533425606787205
2026-08-23 01:53:00,0.059533425606787205
2026-08-23 01:54:00,0.059533425606787205
2026-08-23 01:55:00,0.05439751781523228
2026-08-23 01:56:00,0.05439751781523228
2026-08-23 01:57:00,0.05439751781523228
2026-08-23 01:58:00,0.05439751781523228
2026-08-23 01:59:00,0.05439751781523228
2026-08-23 02:00:00,0.052872602827847004
2026-08-23 02:01:00,0.052872602827847004
2026-08-23 02:02:00,0.052872602827847004
2026-08-23 02:03:00,0.052872602827847004
2026-08-23 02:04:00,0.052872602827847004
2026-08-23 02:05:00,0.056895132176578045
2026-08-23 02:06:00,0.056895132176578045
2026-08-23 02:07:00,0.056895132176578045
2026-08-23 02:08:00,0.056895132176578045
2026-08-23 02:09:00,0.056895132176578045
2026-08-23 02:10:00,0.06240635458379984
2026-08-23 02:11:00,0.06240635458379984
2026-08-23 02:12:00,0.06240635458379984
2026-08-23 02:13:00,0.06240635458379984
2026-08-23 02:14:00,0.06240635458379984
2026-08-23 02:15:00,0.06548657268285751
2026-08-23 02:16:00,0.06548657268285751
2026-08-23 02:17:00,0.06548657268285751
2026-08-23 02:18:00,0.06548657268285751
2026-08-23 02:19:00,0.06548657268285751
2026-08-23 02:20:00,0.06803056038916111
2026-08-23 02:21:00,0.06803056038916111
2026-08-23 02:22:00,0.06803056038916111
2026-08-23 02:23:00,0.06803056038916111
2026-08-23 02:24:00,0.06803056038916111
2026-08-23 02:25:00,0.0667190421372652
2026-08-23 02:26:00,0.0667190421372652
2026-08-23 02:27:00,0.0667190421372652
2026-08-23 02:28:00,0.0667190421372652
2026-08-23 02:29:00,0.0667190421372652
2026-08-23 02:30:00,0.06355550978332758
2026-08-23 02:31:00,0.06355550978332758
2026-08-23 02:32:00,0.06355550978332758
2026-08-23 02:33:00,0.06355550978332758
2026-08-23 02:34:00,0.06355550978332758
2026-08-23 02:35:00,0.06126268673688173
2026-08-23 02:36:00,0.06126268673688173
2026-08-23 02:37:00,0.06126268673688173
2026-08-23 02:38:00,0.06126268673688173
2026-08-23 02:39:00,0.06126268673688173
2026-08-23 02:40:00,0.058466254733502865
2026-08-23 02:41:00,0.058466254733502865
2026-08-23 02:42:00,0.058466254733502865
2026-08-23 02:43:00,0.058466254733502865
2026-08-23 02:44:00,0.058466254733502865
2026-08-23 02:45:00,0.05890922527760267
2026-08-23 02:46:00,0.05890922527760267
2026-08-23 02:47:00,0.05890922527760267
2026-08-23 02:48:00,0.05890922527760267
2026-08-23 02:49:00,0.05890922527760267
2026-08-23 02:50:00,0.06041034124791622
2026-08-23 02:51:00,0.06041034124791622
2026-08-23 02:52:00,0.06041034124791622
2026-08-23 02:53:00,0.06041034124791622
2026-08-23 02:54:00,0.06041034124791622
2026-08-23 02:55:00,0.3121783584356308
2026-08-23 02:56:00,0.3121783584356308
2026-08-23 02:57:00,0.3121783584356308
2026-08-23 02:58:00,0.3121783584356308
2026-08-23 02:59:00,0.3121783584356308
2026-08-23 03:00:00,0.564608896151185
2026-08-23 03:01:00,0.564608896151185
2026-08-23 03:02:00,0.564608896151185
2026-08-23 03:03:00,0.564608896151185
2026-08-23 03:04:00,0.564608896151185
2026-08-23 03:05:00,0.8145466484129429
2026-08-23 03:06:00,0.8145466484129429
2026-08-23 03:07:00,0.8145466484129429
2026-08-23 03:08:00,0.8145466484129429
2026-08-23 03:09:00,0.8145466484129429
2026-08-23 03:10:00,1.0645145177841187
2026-08-23 03:11:00,1.0645145177841187
2026-08-23 03:12:00,1.0645145177841187
2026-08-23 03:13:00,1.0645145177841187
2026-08-23 03:14:00,1.0645145177841187
2026-08-23 03:15:00,0.8460359424352646
2026-08-23 03:16:00,0.8460359424352646
2026-08-23 03:17:00,0.8460359424352646
2026-08-23 03:18:00,0.8460359424352646
2026-08-23 03:19:00,0.8460359424352646
2026-08-23 03:20:00,0.6293204501271248
2026-08-23 03:21:00,0.6293204501271248
2026-08-23 03:22:00,0.6293204501271248
2026-08-23 03:23:00,0.6293204501271248
2026-08-23 03:24:00,0.6293204501271248
2026-08-23 03:25:00,0.4134683236479759
2026-08-23 03:26:00,0.4134683236479759
2026-08-23 03:27:00,0.4134683236479759
2026-08-23 03:28:00,0.4134683236479759
2026-08-23 03:29:00,0.4134683236479759
2026-08-23 03:30:00,0.19816629961133003
2026-08-23 03:31:00,0.19816629961133003
2026-08-23 03:32:00,0.19816629961133003
2026-08-23 03:33:00,0.19816629961133003
2026-08-23 03:34:00,0.19816629961133003
2026-08-23 03:35:00,0.20140256732702255
2026-08-23 03:36:00,0.20140256732702255
2026-08-23 03:37:00,0.20140256732702255
2026-08-23 03:38:00,0.20140256732702255
2026-08-23 03:39:00,0.20140256732702255
2026-08-23 03:40:00,0.4235915541648865
2026-08-23 03:41:00,0.4235915541648865
2026-08-23 03:42:00,0.4235915541648865
2026-08-23 03:43:00,0.4235915541648865
2026-08-23 03:44:00,0.4235915541648865
2026-08-23 03:45:00,0.6448317021131516
2026-08-23 03:46:00,0.6448317021131516
2026-08-23 03:47:00,0.6448317021131516
2026-08-23 03:48:00,0.6448317021131516
2026-08-23 03:49:00,0.6448317021131516
2026-08-23 03:50:00,0.8639768846333027
2026-08-23 03:51:00,0.8639768846333027
2026-08-23 03:52:00,0.8639768846333027
2026-08-23 03:53:00,0.8639768846333027
2026-08-23 03:54:00,0.8639768846333027
2026-08-23 03:55:00,1.083287626504898
2026-08-23 03:56:00,1.083287626504898
2026-08-23 03:57:00,1.083287626504898
2026-08-23 03:58:00,1.083287626504898
2026-08-23 03:59:00,1.083287626504898
2026-08-23 04:00:00,0.8621661514043808
2026-08-23 04:01:00,0.8621661514043808
2026-08-23 04:02:00,0.8621661514043808
2026-08-23 04:03:00,0.8621661514043808
2026-08-23 04:04:00,0.8621661514043808
2026-08-23 04:05:00,0.6405049711465836
2026-08-23 04:06:00,0.6405049711465836
2026-08-23 04:07:00,0.6405049711465836
2026-08-23 04:08:00,0.6405049711465836
2026-08-23 04:09:00,0.6405049711465836
2026-08-23 04:10:00,0.42007462680339813
2026-08-23 04:11:00,0.42007462680339813
2026-08-23 04:12:00,0.42007462680339813
2026-08-23 04:13:00,0.42007462680339813
2026-08-23 04:14:00,0.42007462680339813
2026-08-23 04:15:00,0.20414825156331062
2026-08-23 04:16:00,0.20414825156331062
2026-08-23 04:17:00,0.20414825156331062
2026-08-23 04:18:00,0.20414825156331062
2026-08-23 04:19:00,0.20414825156331062
2026-08-23 04:20:00,0.20776474475860596
2026-08-23 04:21:00,0.20776474475860596
2026-08-23 04:22:00,0.20776474475860596
2026-08-23 04:23:00,0.20776474475860596
2026-08-23 04:24:00,0.20776474475860596
2026-08-23 04:25:00,0.21174103021621704
2026-08-23 04:26:00,0.21174103021621704
2026-08-23 04:27:00,0.21174103021621704
2026-08-23 04:28:00,0.21174103021621704
2026-08-23 04:29:00,0.21174103021621704
2026-08-23 04:30:00,0.2158673219382763
2026-08-23 04:31:00,0.2158673219382763
2026-08-23 04:32:00,0.2158673219382763
2026-08-23 04:33:00,0.2158673219382763
2026-08-23 04:34:00,0.2158673219382763
2026-08-23 04:35:00,0.21534563601016998
2026-08-23 04:36:00,0.21534563601016998
2026-08-23 04:37:00,0.21534563601016998
2026-08-23 04:38:00,0.21534563601016998
2026-08-23 04:39:00,0.21534563601016998
2026-08-23 04:40:00,0.2155926264822483
2026-08-23 04:41:00,0.2155926264822483
2026-08-23 04:42:00,0.2155926264822483
2026-08-23 04:43:00,0.2155926264822483
2026-08-23 04:44:00,0.2155926264822483
2026-08-23 04:45:00,0.21547918021678925
2026-08-23 04:46:00,0.21547918021678925
2026-08-23 04:47:00,0.21547918021678925
2026-08-23 04:48:00,0.21547918021678925
2026-08-23 04:49:00,0.21547918021678925
2026-08-23 04:50:00,0.21639663353562355
2026-08-23 04:51:00,0.21639663353562355
2026-08-23 04:52:00,0.21639663353562355
2026-08-23 04:53:00,0.21639663353562355
2026-08-23 04:54:00,0.21639663353562355
2026-08-23 04:55:00,0.21888626366853714
2026-08-23 04:56:00,0.21888626366853714
2026-08-23 04:57:00,0.21888626366853714
2026-08-23 04:58:00,0.21888626366853714
2026-08-23 04:59:00,0.21888626366853714
2026-08-23 05:00:00,0.18097923696041107
2026-08-23 05:01:00,0.18097923696041107
2026-08-23 05:02:00,0.18097923696041107
2026-08-23 05:03:00,0.18097923696041107
2026-08-23 05:04:00,0.18097923696041107
2026-08-23 05:05:00,0.1413924703374505
2026-08-23 05:06:00,0.1413924703374505
2026-08-23 05:07:00,0.1413924703374505
2026-08-23 05:08:00,0.1413924703374505
2026-08-23 05:09:00,0.1413924703374505
2026-08-23 05:10:00,0.10007807798683643
2026-08-23 05:11:00,0.10007807798683643
2026-08-23 05:12:00,0.10007807798683643
2026-08-23 05:13:00,0.10007807798683643
2026-08-23 05:14:00,0.10007807798683643
2026-08-23 05:15:00,0.05829030554741621
2026-08-23 05:16:00,0.05829030554741621
2026-08-23 05:17:00,0.05829030554741621
2026-08-23 05:18:00,0.05829030554741621
2026-08-23 05:19:00,0.05829030554741621
2026-08-23 05:20:00,0.054400913417339325
2026-08-23 05:21:00,0.054400913417339325
2026-08-23 05:22:00,0.054400913417339325
2026-08-23 05:23:00,0.054400913417339325
2026-08-23 05:24:00,0.054400913417339325
2026-08-23 05:25:00,0.05553231481462717
2026-08-23 05:26:00,0.05553231481462717
2026-08-23 05:27:00,0.05553231481462717
2026-08-23 05:28:00,0.05553231481462717
2026-08-23 05:29:00,0.05553231481462717
2026-08-23 05:30:00,0.05576683487743139
2026-08-23 05:31:00,0.05576683487743139
2026-08-23 05:32:00,0.05576683487743139
2026-08-23 05:33:00,0.05576683487743139
2026-08-23 05:34:00,0.05576683487743139
2026-08-23 05:35:00,0.3887424785643816
2026-08-23 05:36:00,0.3887424785643816
2026-08-23 05:37:00,0.3887424785643816
2026-08-23 05:38:00,0.3887424785643816
2026-08-23 05:39:00,0.3887424785643816
2026-08-23 05:40:00,0.723700781352818
2026-08-23 05:41:00,0.723700781352818
2026-08-23 05:42:00,0.723700781352818
2026-08-23 05:43:00,0.723700781352818
2026-08-23 05:44:00,0.723700781352818
2026-08-23 05:45:00,1.0560698276385665
2026-08-23 05:46:00,1.0560698276385665
2026-08-23 05:47:00,1.0560698276385665
2026-08-23 05:48:00,1.0560698276385665
2026-08-23 05:49:00,1.0560698276385665
2026-08-23 05:50:00,1.3902458548545837
2026-08-23 05:51:00,1.3902458548545837
2026-08-23 05:52:00,1.3902458548545837
2026-08-23 05:53:00,1.3902458548545837
2026-08-23 05:54:00,1.3902458548545837
2026-08-23 05:55:00,1.123438075184822
2026-08-23 05:56:00,1.123438075184822
2026-08-23 05:57:00,1.123438075184822
2026-08-23 05:58:00,1.123438075184822
2026-08-23 05:59:00,1.123438075184822
2026-08-23 06:00:00,0.8538726568222046
2026-08-23 06:01:00,0.8538726568222046
2026-08-23 06:02:00,0.8538726568222046
2026-08-23 06:03:00,0.8538726568222046
2026-08-23 06:04:00,0.8538726568222046
2026-08-23 06:05:00,0.5765866413712502
2026-08-23 06:06:00,0.5765866413712502
2026-08-23 06:07:00,0.5765866413712502
2026-08-23 06:08:00,0.5765866413712502
2026-08-23 06:09:00,0.5765866413712502
2026-08-23 06:10:00,0.2984725311398506
2026-08-23 06:11:00,0.2984725311398506
2026-08-23 06:12:00,0.2984725311398506
2026-08-23 06:13:00,0.2984725311398506
2026-08-23 06:14:00,0.2984725311398506
2026-08-23 06:15:00,0.2875443175435066
2026-08-23 06:16:00,0.2875443175435066
2026-08-23 06:17:00,0.2875443175435066
2026-08-23 06:18:00,0.2875443175435066
2026-08-23 06:19:00,0.2875443175435066
2026-08-23 06:20:00,0.4175490513443947
2026-08-23 06:21:00,0.4175490513443947
2026-08-23 06:22:00,0.4175490513443947
2026-08-23 06:23:00,0.4175490513443947
2026-08-23 06:24:00,0.4175490513443947
2026-08-23 06:25:00,0.5546389818191528
2026-08-23 06:26:00,0.5546389818191528
2026-08-23 06:27:00,0.5546389818191528
2026-08-23 06:28:00,0.5546389818191528
2026-08-23 06:29:00,0.5546389818191528
2026-08-23 06:30:00,0.6913623213768005
2026-08-23 06:31:00,0.6913623213768005
2026-08-23 06:32:00,0.6913623213768005
2026-08-23 06:33:00,0.6913623213768005
2026-08-23 06:34:00,0.6913623213768005
2026-08-23 06:35:00,0.8273646980524063
2026-08-23 06:36:00,0.8273646980524063
2026-08-23 06:37:00,0.8273646980524063
2026-08-23 06:38:00,0.8273646980524063
2026-08-23 06:39:00,0.8273646980524063
2026-08-23 06:40:00,0.7397876158356667
2026-08-23 06:41:00,0.7397876158356667
2026-08-23 06:42:00,0.7397876158356667
2026-08-23 06:43:00,0.7397876158356667
2026-08-23 06:44:00,0.7397876158356667
2026-08-23 06:45:00,0.6524781733751297
2026-08-23 06:46:00,0.6524781733751297
2026-08-23 06:47:00,0.6524781733751297
2026-08-23 06:48:00,0.6524781733751297
2026-08-23 06:49:00,0.6524781733751297
2026-08-23 06:50:00,0.5153718888759613
2026-08-23 06:51:00,0.5153718888759613
2026-08-23 06:52:00,0.5153718888759613
2026-08-23 06:53:00,0.5153718888759613
2026-08-23 06:54:00,0.5153718888759613
2026-08-23 06:55:00,0.3477088324725628
2026-08-23 06:56:00,0.3477088324725628
2026-08-23 06:57:00,0.3477088324725628
2026-08-23 06:58:00,0.3477088324725628
2026-08-23 06:59:00,0.3477088324725628
2026-08-23 07:00:00,0.2647268809378147
2026-08-23 07:01:00,0.2647268809378147
2026-08-23 07:02:00,0.2647268809378147
2026-08-23 07:03:00,0.2647268809378147
2026-08-23 07:04:00,0.2647268809378147
2026-08-23 07:05:00,0.18464739620685577
2026-08-23 07:06:00,0.18464739620685577
2026-08-23 07:07:00,0.18464739620685577
2026-08-23 07:08:00,0.18464739620685577
2026-08-23 07:09:00,0.18464739620685577
2026-08-23 07:10:00,0.15993556007742882
2026-08-23 07:11:00,0.15993556007742882
2026-08-23 07:12:00,0.15993556007742882
2026-08-23 07:13:00,0.15993556007742882
2026-08-23 07:14:00,0.15993556007742882
2026-08-23 07:15:00,0.16722110658884048
2026-08-23 07:16:00,0.16722110658884048
2026-08-23 07:17:00,0.16722110658884048
2026-08-23 07:18:00,0.16722110658884048
2026-08-23 07:19:00,0.16722110658884048
2026-08-23 07:20:00,0.17592604085803032
2026-08-23 07:21:00,0.17592604085803032
2026-08-23 07:22:00,0.17592604085803032
2026-08-23 07:23:00,0.17592604085803032
2026-08-23 07:24:00,0.17592604085803032
2026-08-23 07:25:00,0.17978518828749657
2026-08-23 07:26:00,0.17978518828749657
2026-08-23 07:27:00,0.17978518828749657
2026-08-23 07:28:00,0.17978518828749657
2026-08-23 07:29:00,0.17978518828749657
2026-08-23 07:30:00,0.1756909228861332
2026-08-23 07:31:00,0.1756909228861332
2026-08-23 07:32:00,0.1756909228861332
2026-08-23 07:33:00,0.1756909228861332
2026-08-23 07:34:00,0.1756909228861332
2026-08-23 07:35:00,0.16905665397644043
2026-08-23 07:36:00,0.16905665397644043
2026-08-23 07:37:00,0.16905665397644043
2026-08-23 07:38:00,0.16905665397644043
2026-08-23 07:39:00,0.16905665397644043
2026-08-23 07:40:00,0.14577057398855686
2026-08-23 07:41:00,0.14577057398855686
2026-08-23 07:42:00,0.14577057398855686
2026-08-23 07:43:00,0.14577057398855686
2026-08-23 07:44:00,0.14577057398855686
2026-08-23 07:45:00,0.12404541485011578
2026-08-23 07:46:00,0.12404541485011578
2026-08-23 07:47:00,0.12404541485011578
2026-08-23 07:48:00,0.12404541485011578
2026-08-23 07:49:00,0.12404541485011578
2026-08-23 07:50:00,0.09724341332912445
2026-08-23 07:51:00,0.09724341332912445
2026-08-23 07:52:00,0.09724341332912445
2026-08-23 07:53:00,0.09724341332912445
2026-08-23 07:54:00,0.09724341332912445
2026-08-23 07:55:00,0.07089977897703648
2026-08-23 07:56:00,0.07089977897703648
2026-08-23 07:57:00,0.07089977897703648
2026-08-23 07:58:00,0.07089977897703648
2026-08-23 07:59:00,0.07089977897703648
2026-08-23 08:00:00,0.0633298996835947
2026-08-23 08:01:00,0.0633298996835947
2026-08-23 08:02:00,0.0633298996835947
2026-08-23 08:03:00,0.0633298996835947
2026-08-23 08:04:00,0.0633298996835947
2026-08-23 08:05:00,0.05575268343091011
2026-08-23 08:06:00,0.05575268343091011
2026-08-23 08:07:00,0.05575268343091011
2026-08-23 08:08:00,0.05575268343091011
2026-08-23 08:09:00,0.05575268343091011
2026-08-23 08:10:00,0.05626919213682413
2026-08-23 08:11:00,0.05626919213682413
2026-08-23 08:12:00,0.05626919213682413
2026-08-23 08:13:00,0.05626919213682413
2026-08-23 08:14:00,0.05626919213682413
2026-08-23 08:15:00,0.05473378021270037
2026-08-23 08:16:00,0.05473378021270037
2026-08-23 08:17:00,0.05473378021270037
2026-08-23 08:18:00,0.05473378021270037
2026-08-23 08:19:00,0.05473378021270037
2026-08-23 08:20:00,0.051170555874705315
2026-08-23 08:21:00,0.051170555874705315
2026-08-23 08:22:00,0.051170555874705315
2026-08-23 08:23:00,0.051170555874705315
2026-08-23 08:24:00,0.051170555874705315
2026-08-23 08:25:00,0.05392607860267162
2026-08-23 08:26:00,0.05392607860267162
2026-08-23 08:27:00,0.05392607860267162
2026-08-23 08:28:00,0.05392607860267162
2026-08-23 08:29:00,0.05392607860267162
2026-08-23 08:30:00,0.05822423007339239
2026-08-23 08:31:00,0.05822423007339239
2026-08-23 08:32:00,0.05822423007339239
2026-08-23 08:33:00,0.05822423007339239
2026-08-23 08:34:00,0.05822423007339239
2026-08-23 08:35:00,0.06756945792585611
2026-08-23 08:36:00,0.06756945792585611
2026-08-23 08:37:00,0.06756945792585611
2026-08-23 08:38:00,0.06756945792585611
2026-08-23 08:39:00,0.06756945792585611
2026-08-23 08:40:00,0.07314202189445496
2026-08-23 08:41:00,0.07314202189445496
2026-08-23 08:42:00,0.07314202189445496
2026-08-23 08:43:00,0.07314202189445496
2026-08-23 08:44:00,0.07314202189445496
2026-08-23 08:45:00,0.06990040745586157
2026-08-23 08:46:00,0.06990040745586157
2026-08-23 08:47:00,0.06990040745586157
2026-08-23 08:48:00,0.06990040745586157
2026-08-23 08:49:00,0.06990040745586157
2026-08-23 08:50:00,0.0652506984770298
2026-08-23 08:51:00,0.0652506984770298
2026-08-23 08:52:00,0.0652506984770298
2026-08-23 08:53:00,0.0652506984770298
2026-08-23 08:54:00,0.0652506984770298
2026-08-23 08:55:00,0.060204154811799526
2026-08-23 08:56:00,0.060204154811799526
2026-08-23 08:57:00,0.060204154811799526
2026-08-23 08:58:00,0.060204154811799526
2026-08-23 08:59:00,0.060204154811799526
2026-08-23 09:00:00,0.05716904066503048
2026-08-23 09:01:00,0.05716904066503048
2026-08-23 09:02:00,0.05716904066503048
2026-08-23 09:03:00,0.05716904066503048
2026-08-23 09:04:00,0.05716904066503048
2026-08-23 09:05:00,0.06066885311156511
2026-08-23 09:06:00,0.06066885311156511
2026-08-23 09:07:00,0.06066885311156511
2026-08-23 09:08:00,0.06066885311156511
2026-08-23 09:09:00,0.06066885311156511
2026-08-23 09:10:00,0.06221740506589413
2026-08-23 09:11:00,0.06221740506589413
2026-08-23 09:12:00,0.06221740506589413
2026-08-23 09:13:00,0.06221740506589413
2026-08-23 09:14:00,0.06221740506589413
2026-08-23 09:15:00,0.06359212752431631
2026-08-23 09:16:00,0.06359212752431631
2026-08-23 09:17:00,0.06359212752431631
2026-08-23 09:18:00,0.06359212752431631
2026-08-23 09:19:00,0.06359212752431631
2026-08-23 09:20:00,0.06589863635599613
2026-08-23 09:21:00,0.06589863635599613
2026-08-23 09:22:00,0.06589863635599613
2026-08-23 09:23:00,0.06589863635599613
2026-08-23 09:24:00,0.06589863635599613
2026-08-23 09:25:00,0.06370062194764614
2026-08-23 09:26:00,0.06370062194764614
2026-08-23 09:27:00,0.06370062194764614
2026-08-23 09:28:00,0.06370062194764614
2026-08-23 09:29:00,0.06370062194764614
2026-08-23 09:30:00,0.06360629294067621
2026-08-23 09:31:00,0.06360629294067621
2026-08-23 09:32:00,0.06360629294067621
2026-08-23 09:33:00,0.06360629294067621
2026-08-23 09:34:00,0.06360629294067621
2026-08-23 09:35:00,0.0619639502838254
2026-08-23 09:36:00,0.0619639502838254
2026-08-23 09:37:00,0.0619639502838254
2026-08-23 09:38:00,0.0619639502838254
2026-08-23 09:39:00,0.0619639502838254
2026-08-23 09:40:00,0.05977410078048706
2026-08-23 09:41:00,0.05977410078048706
2026-08-23 09:42:00,0.05977410078048706
2026-08-23 09:43:00,0.05977410078048706
2026-08-23 09:44:00,0.05977410078048706
2026-08-23 09:45:00,0.3748379610478878
2026-08-23 09:46:00,0.3748379610478878
2026-08-23 09:47:00,0.3748379610478878
2026-08-23 09:48:00,0.3748379610478878
2026-08-23 09:49:00,0.3748379610478878
2026-08-23 09:50:00,0.6896944707259536
2026-08-23 09:51:00,0.6896944707259536
2026-08-23 09:52:00,0.6896944707259536
2026-08-23 09:53:00,0.6896944707259536
2026-08-23 09:54:00,0.6896944707259536
2026-08-23 09:55:00,1.0045102266594768
2026-08-23 09:56:00,1.0045102266594768
2026-08-23 09:57:00,1.0045102266594768
2026-08-23 09:58:00,1.0045102266594768
2026-08-23 09:59:00,1.0045102266594768
2026-08-23 10:00:00,1.3196854889392853
2026-08-23 10:01:00,1.3196854889392853
2026-08-23 10:02:00,1.3196854889392853
2026-08-23 10:03:00,1.3196854889392853
2026-08-23 10:04:00,1.3196854889392853
2026-08-23 10:05:00,1.0761935412883759
2026-08-23 10:06:00,1.0761935412883759
2026-08-23 10:07:00,1.0761935412883759
2026-08-23 10:08:00,1.0761935412883759
2026-08-23 10:09:00,1.0761935412883759
2026-08-23 10:10:00,0.832215428352356
2026-08-23 10:11:00,0.832215428352356
2026-08-23 10:12:00,0.832215428352356
2026-08-23 10:13:00,0.832215428352356
2026-08-23 10:14:00,0.832215428352356
2026-08-23 10:15:00,0.5884008035063744
2026-08-23 10:16:00,0.5884008035063744
2026-08-23 10:17:00,0.5884008035063744
2026-08-23 10:18:00,0.5884008035063744
2026-08-23 10:19:00,0.5884008035063744
2026-08-23 10:20:00,0.34422948956489563
2026-08-23 10:21:00,0.34422948956489563
2026-08-23 10:22:00,0.34422948956489563
2026-08-23 10:23:00,0.34422948956489563
2026-08-23 10:24:00,0.34422948956489563
2026-08-23 10:25:00,0.34344272315502167
2026-08-23 10:26:00,0.34344272315502167
2026-08-23 10:27:00,0.34344272315502167
2026-08-23 10:28:00,0.34344272315502167
2026-08-23 10:29:00,0.34344272315502167
2026-08-23 10:30:00,0.34335457533597946
2026-08-23 10:31:00,0.34335457533597946
2026-08-23 10:32:00,0.34335457533597946
2026-08-23 10:33:00,0.34335457533597946
2026-08-23 10:34:00,0.34335457533597946
2026-08-23 10:35:00,0.3760192468762398
2026-08-23 10:36:00,0.3760192468762398
2026-08-23 10:37:00,0.3760192468762398
2026-08-23 10:38:00,0.3760192468762398
2026-08-23 10:39:00,0.3760192468762398
2026-08-23 10:40:00,0.4608893245458603
2026-08-23 10:41:00,0.4608893245458603
2026-08-23 10:42:00,0.4608893245458603
2026-08-23 10:43:00,0.4608893245458603
2026-08-23 10:44:00,0.4608893245458603
2026-08-23 10:45:00,0.5698438584804535
2026-08-23 10:46:00,0.5698438584804535
2026-08-23 10:47:00,0.5698438584804535
2026-08-23 10:48:00,0.5698438584804535
2026-08-23 10:49:00,0.5698438584804535
2026-08-23 10:50:00,0.669453538954258
2026-08-23 10:51:00,0.669453538954258
2026-08-23 10:52:00,0.669453538954258
2026-08-23 10:53:00,0.669453538954258
2026-08-23 10:54:00,0.669453538954258
2026-08-23 10:55:00,0.6805664300918579
2026-08-23 10:56:00,0.6805664300918579
2026-08-23 10:57:00,0.6805664300918579
2026-08-23 10:58:00,0.6805664300918579
2026-08-23 10:59:00,0.6805664300918579
2026-08-23 11:00:00,0.6013937219977379
2026-08-23 11:01:00,0.6013937219977379
2026-08-23 11:02:00,0.6013937219977379
2026-08-23 11:03:00,0.6013937219977379
2026-08-23 11:04:00,0.6013937219977379
2026-08-23 11:05:00,0.4253276251256466
2026-08-23 11:06:00,0.4253276251256466
2026-08-23 11:07:00,0.4253276251256466
2026-08-23 11:08:00,0.4253276251256466
2026-08-23 11:09:00,0.4253276251256466
2026-08-23 11:10:00,0.255305209197104
2026-08-23 11:11:00,0.255305209197104
2026-08-23 11:12:00,0.255305209197104
2026-08-23 11:13:00,0.255305209197104
2026-08-23 11:14:00,0.255305209197104
2026-08-23 11:15:00,0.14245722349733114
2026-08-23 11:16:00,0.14245722349733114
2026-08-23 11:17:00,0.14245722349733114
2026-08-23 11:18:00,0.14245722349733114
2026-08-23 11:19:00,0.14245722349733114
2026-08-23 11:20:00,0.07017352152615786
2026-08-23 11:21:00,0.07017352152615786
2026-08-23 11:22:00,0.07017352152615786
2026-08-23 11:23:00,0.07017352152615786
2026-08-23 11:24:00,0.07017352152615786
2026-08-23 11:25:00,0.06735051330178976
2026-08-23 11:26:00,0.06735051330178976
2026-08-23 11:27:00,0.06735051330178976
2026-08-23 11:28:00,0.06735051330178976
2026-08-23 11:29:00,0.06735051330178976
2026-08-23 11:30:00,0.06997706741094589
2026-08-23 11:31:00,0.06997706741094589
2026-08-23 11:32:00,0.06997706741094589
2026-08-23 11:33:00,0.06997706741094589
2026-08-23 11:34:00,0.06997706741094589
2026-08-23 11:35:00,0.07090538553893566
2026-08-23 11:36:00,0.07090538553893566
2026-08-23 11:37:00,0.07090538553893566
2026-08-23 11:38:00,0.07090538553893566
2026-08-23 11:39:00,0.07090538553893566
2026-08-23 11:40:00,0.06872612982988358
2026-08-23 11:41:00,0.06872612982988358
2026-08-23 11:42:00,0.06872612982988358
2026-08-23 11:43:00,0.06872612982988358
2026-08-23 11:44:00,0.06872612982988358
2026-08-23 11:45:00,0.06968517787754536
2026-08-23 11:46:00,0.06968517787754536
2026-08-23 11:47:00,0.06968517787754536
2026-08-23 11:48:00,0.06968517787754536
2026-08-23 11:49:00,0.06968517787754536
2026-08-23 11:50:00,0.07581214420497417
2026-08-23 11:51:00,0.07581214420497417
2026-08-23 11:52:00,0.07581214420497417
2026-08-23 11:53:00,0.07581214420497417
2026-08-23 11:54:00,0.07581214420497417
2026-08-23 11:55:00,0.08407977223396301
2026-08-23 11:56:00,0.08407977223396301
2026-08-23 11:57:00,0.08407977223396301
2026-08-23 11:58:00,0.08407977223396301
2026-08-23 11:59:00,0.08407977223396301
2026-08-23 12:00:00,0.09448214806616306
2026-08-23 12:01:00,0.09448214806616306
2026-08-23 12:02:00,0.09448214806616306
2026-08-23 12:03:00,0.09448214806616306
2026-08-23 12:04:00,0.09448214806616306
2026-08-23 12:05:00,0.09640198573470116
2026-08-23 12:06:00,0.09640198573470116
2026-08-23 12:07:00,0.09640198573470116
2026-08-23 12:08:00,0.09640198573470116
2026-08-23 12:09:00,0.09640198573470116
2026-08-23 12:10:00,0.08767509460449219
2026-08-23 12:11:00,0.08767509460449219
2026-08-23 12:12:00,0.08767509460449219
2026-08-23 12:13:00,0.08767509460449219
2026-08-23 12:14:00,0.08767509460449219
2026-08-23 12:15:00,0.07724352832883596
2026-08-23 12:16:00,0.07724352832883596
2026-08-23 12:17:00,0.07724352832883596
2026-08-23 12:18:00,0.07724352832883596
2026-08-23 12:19:00,0.07724352832883596
2026-08-23 12:20:00,0.06761653628200293
2026-08-23 12:21:00,0.06761653628200293
2026-08-23 12:22:00,0.06761653628200293
2026-08-23 12:23:00,0.06761653628200293
2026-08-23 12:24:00,0.06761653628200293
2026-08-23 12:25:00,0.06743439938873053
2026-08-23 12:26:00,0.06743439938873053
2026-08-23 12:27:00,0.06743439938873053
2026-08-23 12:28:00,0.06743439938873053
2026-08-23 12:29:00,0.06743439938873053
2026-08-23 12:30:00,0.06599779613316059
2026-08-23 12:31:00,0.06599779613316059
2026-08-23 12:32:00,0.06599779613316059
2026-08-23 12:33:00,0.06599779613316059
2026-08-23 12:34:00,0.06599779613316059
2026-08-23 12:35:00,0.06514719408005476
2026-08-23 12:36:00,0.06514719408005476
2026-08-23 12:37:00,0.06514719408005476
2026-08-23 12:38:00,0.06514719408005476
2026-08-23 12:39:00,0.06514719408005476
2026-08-23 12:40:00,0.062021953985095024
2026-08-23 12:41:00,0.062021953985095024
2026-08-23 12:42:00,0.062021953985095024
2026-08-23 12:43:00,0.062021953985095024
2026-08-23 12:44:00,0.062021953985095024
2026-08-23 12:45:00,0.05765262618660927
2026-08-23 12:46:00,0.05765262618660927
2026-08-23 12:47:00,0.05765262618660927
2026-08-23 12:48:00,0.05765262618660927
2026-08-23 12:49:00,0.05765262618660927
2026-08-23 12:50:00,0.0580139821395278
2026-08-23 12:51:00,0.0580139821395278
2026-08-23 12:52:00,0.0580139821395278
2026-08-23 12:53:00,0.0580139821395278
2026-08-23 12:54:00,0.0580139821395278
2026-08-23 12:55:00,0.0557873472571373
2026-08-23 12:56:00,0.0557873472571373
2026-08-23 12:57:00,0.0557873472571373
2026-08-23 12:58:00,0.0557873472571373
2026-08-23 12:59:00,0.0557873472571373
2026-08-23 13:00:00,0.05327750276774168
2026-08-23 13:01:00,0.05327750276774168
2026-08-23 13:02:00,0.05327750276774168
2026-08-23 13:03:00,0.05327750276774168
2026-08-23 13:04:00,0.05327750276774168
2026-08-23 13:05:00,0.05117232911288738
2026-08-23 13:06:00,0.05117232911288738
2026-08-23 13:07:00,0.05117232911288738
2026-08-23 13:08:00,0.05117232911288738
2026-08-23 13:09:00,0.05117232911288738
2026-08-23 13:10:00,0.050166672095656395
2026-08-23 13:11:00,0.050166672095656395
2026-08-23 13:12:00,0.050166672095656395
2026-08-23 13:13:00,0.050166672095656395
2026-08-23 13:14:00,0.050166672095656395
2026-08-23 13:15:00,0.05149247031658888
2026-08-23 13:16:00,0.05149247031658888
2026-08-23 13:17:00,0.05149247031658888
2026-08-23 13:18:00,0.05149247031658888
2026-08-23 13:19:00,0.05149247031658888
2026-08-23 13:20:00,0.05240461602807045
2026-08-23 13:21:00,0.05240461602807045
2026-08-23 13:22:00,0.05240461602807045
2026-08-23 13:23:00,0.05240461602807045
2026-08-23 13:24:00,0.05240461602807045
2026-08-23 13:25:00,0.05092246364802122
2026-08-23 13:26:00,0.05092246364802122
2026-08-23 13:27:00,0.05092246364802122
2026-08-23 13:28:00,0.05092246364802122
2026-08-23 13:29:00,0.05092246364802122
2026-08-23 13:30:00,0.0527234822511673
2026-08-23 13:31:00,0.0527234822511673
2026-08-23 13:32:00,0.0527234822511673
2026-08-23 13:33:00,0.0527234822511673
2026-08-23 13:34:00,0.0527234822511673
2026-08-23 13:35:00,0.06152547709643841
2026-08-23 13:36:00,0.06152547709643841
2026-08-23 13:37:00,0.06152547709643841
2026-08-23 13:38:00,0.06152547709643841
2026-08-23 13:39:00,0.06152547709643841
2026-08-23 13:40:00,0.07690719421952963
2026-08-23 13:41:00,0.07690719421952963
2026-08-23 13:42:00,0.07690719421952963
2026-08-23 13:43:00,0.07690719421952963
2026-08-23 13:44:00,0.07690719421952963
2026-08-23 13:45:00,0.09419292490929365
2026-08-23 13:46:00,0.09419292490929365
2026-08-23 13:47:00,0.09419292490929365
2026-08-23 13:48:00,0.09419292490929365
2026-08-23 13:49:00,0.09419292490929365
2026-08-23 13:50:00,0.09800686687231064
2026-08-23 13:51:00,0.09800686687231064
2026-08-23 13:52:00,0.09800686687231064
2026-08-23 13:53:00,0.09800686687231064
2026-08-23 13:54:00,0.09800686687231064
2026-08-23 13:55:00,0.08892706874758005
2026-08-23 13:56:00,0.08892706874758005
2026-08-23 13:57:00,0.08892706874758005
2026-08-23 13:58:00,0.08892706874758005
2026-08-23 13:59:00,0.08892706874758005
2026-08-23 14:00:00,0.07579592056572437
2026-08-23 14:01:00,0.07579592056572437
2026-08-23 14:02:00,0.07579592056572437
2026-08-23 14:03:00,0.07579592056572437
2026-08-23 14:04:00,0.07579592056572437
2026-08-23 14:05:00,0.06312205269932747
2026-08-23 14:06:00,0.06312205269932747
2026-08-23 14:07:00,0.06312205269932747
2026-08-23 14:08:00,0.06312205269932747
2026-08-23 14:09:00,0.06312205269932747
2026-08-23 14:10:00,0.0604846253991127
2026-08-23 14:11:00,0.0604846253991127
2026-08-23 14:12:00,0.0604846253991127
2026-08-23 14:13:00,0.0604846253991127
2026-08-23 14:14:00,0.0604846253991127
2026-08-23 14:15:00,0.06225554645061493
2026-08-23 14:16:00,0.06225554645061493
2026-08-23 14:17:00,0.06225554645061493
2026-08-23 14:18:00,0.06225554645061493
2026-08-23 14:19:00,0.06225554645061493
2026-08-23 14:20:00,0.06505458150058985
2026-08-23 14:21:00,0.06505458150058985
2026-08-23 14:22:00,0.06505458150058985
2026-08-23 14:23:00,0.06505458150058985
2026-08-23 14:24:00,0.06505458150058985
2026-08-23 14:25:00,0.06423893198370934
2026-08-23 14:26:00,0.06423893198370934
2026-08-23 14:27:00,0.06423893198370934
2026-08-23 14:28:00,0.06423893198370934
2026-08-23 14:29:00,0.06423893198370934
2026-08-23 14:30:00,0.06076894327998161
2026-08-23 14:31:00,0.06076894327998161
2026-08-23 14:32:00,0.06076894327998161
2026-08-23 14:33:00,0.06076894327998161
2026-08-23 14:34:00,0.06076894327998161
2026-08-23 14:35:00,0.06235670391470194
2026-08-23 14:36:00,0.06235670391470194
2026-08-23 14:37:00,0.06235670391470194
2026-08-23 14:38:00,0.06235670391470194
2026-08-23 14:39:00,0.06235670391470194
2026-08-23 14:40:00,0.0638568690046668
2026-08-23 14:41:00,0.0638568690046668
2026-08-23 14:42:00,0.0638568690046668
2026-08-23 14:43:00,0.0638568690046668
2026-08-23 14:44:00,0.0638568690046668
2026-08-23 14:45:00,0.06955312006175518
2026-08-23 14:46:00,0.06955312006175518
2026-08-23 14:47:00,0.06955312006175518
2026-08-23 14:48:00,0.06955312006175518
2026-08-23 14:49:00,0.06955312006175518
2026-08-23 14:50:00,0.07547557353973389
2026-08-23 14:51:00,0.07547557353973389
2026-08-23 14:52:00,0.07547557353973389
2026-08-23 14:53:00,0.07547557353973389
2026-08-23 14:54:00,0.07547557353973389
2026-08-23 14:55:00,0.07384394016116858
2026-08-23 14:56:00,0.07384394016116858
2026-08-23 14:57:00,0.07384394016116858
2026-08-23 14:58:00,0.07384394016116858
2026-08-23 14:59:00,0.07384394016116858
2026-08-23 15:00:00,0.06729728449136019
2026-08-23 15:01:00,0.06729728449136019
2026-08-23 15:02:00,0.06729728449136019
2026-08-23 15:03:00,0.06729728449136019
2026-08-23 15:04:00,0.06729728449136019
2026-08-23 15:05:00,0.06041397713124752
2026-08-23 15:06:00,0.06041397713124752
2026-08-23 15:07:00,0.06041397713124752
2026-08-23 15:08:00,0.06041397713124752
2026-08-23 15:09:00,0.06041397713124752
2026-08-23 15:10:00,0.382676312699914
2026-08-23 15:11:00,0.382676312699914
2026-08-23 15:12:00,0.382676312699914
2026-08-23 15:13:00,0.382676312699914
2026-08-23 15:14:00,0.382676312699914
2026-08-23 15:15:00,0.7089272094890475
2026-08-23 15:16:00,0.7089272094890475
2026-08-23 15:17:00,0.7089272094890475
2026-08-23 15:18:00,0.7089272094890475
2026-08-23 15:19:00,0.7089272094890475
2026-08-23 15:20:00,1.0376960141584277
2026-08-23 15:21:00,1.0376960141584277
2026-08-23 15:22:00,1.0376960141584277
2026-08-23 15:23:00,1.0376960141584277
2026-08-23 15:24:00,1.0376960141584277
2026-08-23 15:25:00,1.365404337644577
2026-08-23 15:26:00,1.365404337644577
2026-08-23 15:27:00,1.365404337644577
2026-08-23 15:28:00,1.365404337644577
2026-08-23 15:29:00,1.365404337644577
2026-08-23 15:30:00,1.130754828453064
2026-08-23 15:31:00,1.130754828453064
2026-08-23 15:32:00,1.130754828453064
2026-08-23 15:33:00,1.130754828453064
2026-08-23 15:34:00,1.130754828453064
2026-08-23 15:35:00,0.89561727643013
2026-08-23 15:36:00,0.89561727643013
2026-08-23 15:37:00,0.89561727643013
2026-08-23 15:38:00,0.89561727643013
2026-08-23 15:39:00,0.89561727643013
2026-08-23 15:40:00,0.6493259370326996
2026-08-23 15:41:00,0.6493259370326996
2026-08-23 15:42:00,0.6493259370326996
2026-08-23 15:43:00,0.6493259370326996
2026-08-23 15:44:00,0.6493259370326996
2026-08-23 15:45:00,0.4024878814816475
2026-08-23 15:46:00,0.4024878814816475
2026-08-23 15:47:00,0.4024878814816475
2026-08-23 15:48:00,0.4024878814816475
2026-08-23 15:49:00,0.4024878814816475
2026-08-23 15:50:00,0.3913179412484169
2026-08-23 15:51:00,0.3913179412484169
2026-08-23 15:52:00,0.3913179412484169
2026-08-23 15:53:00,0.3913179412484169
2026-08-23 15:54:00,0.3913179412484169
2026-08-23 15:55:00,0.38074736297130585
2026-08-23 15:56:00,0.38074736297130585
2026-08-23 15:57:00,0.38074736297130585
2026-08-23 15:58:00,0.38074736297130585
2026-08-23 15:59:00,0.38074736297130585
2026-08-23 16:00:00,0.38163667917251587
2026-08-23 16:01:00,0.38163667917251587
2026-08-23 16:02:00,0.38163667917251587
2026-08-23 16:03:00,0.38163667917251587
2026-08-23 16:04:00,0.38163667917251587
2026-08-23 16:05:00,0.38323014229536057
2026-08-23 16:06:00,0.38323014229536057
2026-08-23 16:07:00,0.38323014229536057
2026-08-23 16:08:00,0.38323014229536057
2026-08-23 16:09:00,0.38323014229536057
2026-08-23 16:10:00,0.38352736085653305
2026-08-23 16:11:00,0.38352736085653305
2026-08-23 16:12:00,0.38352736085653305
2026-08-23 16:13:00,0.38352736085653305
2026-08-23 16:14:00,0.38352736085653305
2026-08-23 16:15:00,0.38356394320726395
2026-08-23 16:16:00,0.38356394320726395
2026-08-23 16:17:00,0.38356394320726395
2026-08-23 16:18:00,0.38356394320726395
2026-08-23 16:19:00,0.38356394320726395
2026-08-23 16:20:00,0.38383451849222183
2026-08-23 16:21:00,0.38383451849222183
2026-08-23 16:22:00,0.38383451849222183
2026-08-23 16:23:00,0.38383451849222183
2026-08-23 16:24:00,0.38383451849222183
2026-08-23 16:25:00,0.3841114640235901
2026-08-23 16:26:00,0.3841114640235901
2026-08-23 16:27:00,0.3841114640235901
2026-08-23 16:28:00,0.3841114640235901
2026-08-23 16:29:00,0.3841114640235901
2026-08-23 16:30:00,0.3027468267828226
2026-08-23 16:31:00,0.3027468267828226
2026-08-23 16:32:00,0.3027468267828226
2026-08-23 16:33:00,0.3027468267828226
2026-08-23 16:34:00,0.3027468267828226
2026-08-23 16:35:00,0.2207553843036294
2026-08-23 16:36:00,0.2207553843036294
2026-08-23 16:37:00,0.2207553843036294
2026-08-23 16:38:00,0.2207553843036294
2026-08-23 16:39:00,0.2207553843036294
2026-08-23 16:40:00,0.1380222998559475
2026-08-23 16:41:00,0.1380222998559475
2026-08-23 16:42:00,0.1380222998559475
2026-08-23 16:43:00,0.1380222998559475
2026-08-23 16:44:00,0.1380222998559475
2026-08-23 16:45:00,0.057060372084379196
2026-08-23 16:46:00,0.057060372084379196
2026-08-23 16:47:00,0.057060372084379196
2026-08-23 16:48:00,0.057060372084379196
2026-08-23 16:49:00,0.057060372084379196
2026-08-23 16:50:00,0.0609325896948576
2026-08-23 16:51:00,0.0609325896948576
2026-08-23 16:52:00,0.0609325896948576
2026-08-23 16:53:00,0.0609325896948576
2026-08-23 16:54:00,0.0609325896948576
2026-08-23 16:55:00,0.0648197727277875
2026-08-23 16:56:00,0.0648197727277875
2026-08-23 16:57:00,0.0648197727277875
2026-08-23 16:58:00,0.0648197727277875
2026-08-23 16:59:00,0.0648197727277875
2026-08-23 17:00:00,0.06671591941267252
2026-08-23 17:01:00,0.06671591941267252
2026-08-23 17:02:00,0.06671591941267252
2026-08-23 17:03:00,0.06671591941267252
2026-08-23 17:04:00,0.06671591941267252
2026-08-23 17:05:00,0.07101267855614424
2026-08-23 17:06:00,0.07101267855614424
2026-08-23 17:07:00,0.07101267855614424
2026-08-23 17:08:00,0.07101267855614424
2026-08-23 17:09:00,0.07101267855614424
2026-08-23 17:10:00,0.0728391157463193
2026-08-23 17:11:00,0.0728391157463193
2026-08-23 17:12:00,0.0728391157463193
2026-08-23 17:13:00,0.0728391157463193
2026-08-23 17:14:00,0.0728391157463193
2026-08-23 17:15:00,0.0753448074683547
2026-08-23 17:16:00,0.0753448074683547
2026-08-23 17:17:00,0.0753448074683547
2026-08-23 17:18:00,0.0753448074683547
2026-08-23 17:19:00,0.0753448074683547
2026-08-23 17:20:00,0.08084510453045368
2026-08-23 17:21:00,0.08084510453045368
2026-08-23 17:22:00,0.08084510453045368
2026-08-23 17:23:00,0.08084510453045368
2026-08-23 17:24:00,0.08084510453045368
2026-08-23 17:25:00,0.07674661185592413
2026-08-23 17:26:00,0.07674661185592413
2026-08-23 17:27:00,0.07674661185592413
2026-08-23 17:28:00,0.07674661185592413
2026-08-23 17:29:00,0.07674661185592413
2026-08-23 17:30:00,0.07112680282443762
2026-08-23 17:31:00,0.07112680282443762
2026-08-23 17:32:00,0.07112680282443762
2026-08-23 17:33:00,0.07112680282443762
2026-08-23 17:34:00,0.07112680282443762
2026-08-23 17:35:00,0.06572897173464298
2026-08-23 17:36:00,0.06572897173464298
2026-08-23 17:37:00,0.06572897173464298
2026-08-23 17:38:00,0.06572897173464298
2026-08-23 17:39:00,0.06572897173464298
2026-08-23 17:40:00,0.05811091512441635
2026-08-23 17:41:00,0.05811091512441635
2026-08-23 17:42:00,0.05811091512441635
2026-08-23 17:43:00,0.05811091512441635
2026-08-23 17:44:00,0.05811091512441635
2026-08-23 17:45:00,0.05555225629359484
2026-08-23 17:46:00,0.05555225629359484
2026-08-23 17:47:00,0.05555225629359484
2026-08-23 17:48:00,0.05555225629359484
2026-08-23 17:49:00,0.05555225629359484
2026-08-23 17:50:00,0.057567271403968334
2026-08-23 17:51:00,0.057567271403968334
2026-08-23 17:52:00,0.057567271403968334
2026-08-23 17:53:00,0.057567271403968334
2026-08-23 17:54:00,0.057567271403968334
2026-08-23 17:55:00,0.05996296554803848
2026-08-23 17:56:00,0.05996296554803848
2026-08-23 17:57:00,0.05996296554803848
2026-08-23 17:58:00,0.05996296554803848
2026-08-23 17:59:00,0.05996296554803848
2026-08-23 18:00:00,0.06348958611488342
2026-08-23 18:01:00,0.06348958611488342
2026-08-23 18:02:00,0.06348958611488342
2026-08-23 18:03:00,0.06348958611488342
2026-08-23 18:04:00,0.06348958611488342
2026-08-23 18:05:00,0.06869151070713997
2026-08-23 18:06:00,0.06869151070713997
2026-08-23 18:07:00,0.06869151070713997
2026-08-23 18:08:00,0.06869151070713997
2026-08-23 18:09:00,0.06869151070713997
2026-08-23 18:10:00,0.06860700808465481
2026-08-23 18:11:00,0.06860700808465481
2026-08-23 18:12:00,0.06860700808465481
2026-08-23 18:13:00,0.06860700808465481
2026-08-23 18:14:00,0.06860700808465481
2026-08-23 18:15:00,0.06601104512810707
2026-08-23 18:16:00,0.06601104512810707
2026-08-23 18:17:00,0.06601104512810707
2026-08-23 18:18:00,0.06601104512810707
2026-08-23 18:19:00,0.06601104512810707
2026-08-23 18:20:00,0.06569703668355942
2026-08-23 18:21:00,0.06569703668355942
2026-08-23 18:22:00,0.06569703668355942
2026-08-23 18:23:00,0.06569703668355942
2026-08-23 18:24:00,0.06569703668355942
2026-08-23 18:25:00,0.06456728465855122
2026-08-23 18:26:00,0.06456728465855122
2026-08-23 18:27:00,0.06456728465855122
2026-08-23 18:28:00,0.06456728465855122
2026-08-23 18:29:00,0.06456728465855122
2026-08-23 18:30:00,0.0662495605647564
2026-08-23 18:31:00,0.0662495605647564
2026-08-23 18:32:00,0.0662495605647564
2026-08-23 18:33:00,0.0662495605647564
2026-08-23 18:34:00,0.0662495605647564
2026-08-23 18:35:00,0.07095996662974358
2026-08-23 18:36:00,0.07095996662974358
2026-08-23 18:37:00,0.07095996662974358
2026-08-23 18:38:00,0.07095996662974358
2026-08-23 18:39:00,0.07095996662974358
2026-08-23 18:40:00,0.07379495352506638
2026-08-23 18:41:00,0.07379495352506638
2026-08-23 18:42:00,0.07379495352506638
2026-08-23 18:43:00,0.07379495352506638
2026-08-23 18:44:00,0.07379495352506638
2026-08-23 18:45:00,0.07299335859715939
2026-08-23 18:46:00,0.07299335859715939
2026-08-23 18:47:00,0.07299335859715939
2026-08-23 18:48:00,0.07299335859715939
2026-08-23 18:49:00,0.07299335859715939
2026-08-23 18:50:00,0.07275380380451679
2026-08-23 18:51:00,0.07275380380451679
2026-08-23 18:52:00,0.07275380380451679
2026-08-23 18:53:00,0.07275380380451679
2026-08-23 18:54:00,0.07275380380451679
2026-08-23 18:55:00,0.07207484357059002
2026-08-23 18:56:00,0.07207484357059002
2026-08-23 18:57:00,0.07207484357059002
2026-08-23 18:58:00,0.07207484357059002
2026-08-23 18:59:00,0.07207484357059002
2026-08-23 19:00:00,0.06911759451031685
2026-08-23 19:01:00,0.06911759451031685
2026-08-23 19:02:00,0.06911759451031685
2026-08-23 19:03:00,0.06911759451031685
2026-08-23 19:04:00,0.06911759451031685
2026-08-23 19:05:00,0.07545327581465244
2026-08-23 19:06:00,0.07545327581465244
2026-08-23 19:07:00,0.07545327581465244
2026-08-23 19:08:00,0.07545327581465244
2026-08-23 19:09:00,0.07545327581465244
2026-08-23 19:10:00,0.08156847581267357
2026-08-23 19:11:00,0.08156847581267357
2026-08-23 19:12:00,0.08156847581267357
2026-08-23 19:13:00,0.08156847581267357
2026-08-23 19:14:00,0.08156847581267357
2026-08-23 19:15:00,0.08517290465533733
2026-08-23 19:16:00,0.08517290465533733
2026-08-23 19:17:00,0.08517290465533733
2026-08-23 19:18:00,0.08517290465533733
2026-08-23 19:19:00,0.08517290465533733
2026-08-23 19:20:00,0.09102341160178185
2026-08-23 19:21:00,0.09102341160178185
2026-08-23 19:22:00,0.09102341160178185
2026-08-23 19:23:00,0.09102341160178185
2026-08-23 19:24:00,0.09102341160178185
2026-08-23 19:25:00,0.08970769308507442
2026-08-23 19:26:00,0.08970769308507442
2026-08-23 19:27:00,0.08970769308507442
2026-08-23 19:28:00,0.08970769308507442
2026-08-23 19:29:00,0.08970769308507442
2026-08-23 19:30:00,0.08514632284641266
2026-08-23 19:31:00,0.08514632284641266
2026-08-23 19:32:00,0.08514632284641266
2026-08-23 19:33:00,0.08514632284641266
2026-08-23 19:34:00,0.08514632284641266
2026-08-23 19:35:00,0.08534952625632286
2026-08-23 19:36:00,0.08534952625632286
2026-08-23 19:37:00,0.08534952625632286
2026-08-23 19:38:00,0.08534952625632286
2026-08-23 19:39:00,0.08534952625632286
2026-08-23 19:40:00,0.08418460562825203
2026-08-23 19:41:00,0.08418460562825203
2026-08-23 19:42:00,0.08418460562825203
2026-08-23 19:43:00,0.08418460562825203
2026-08-23 19:44:00,0.08418460562825203
2026-08-23 19:45:00,0.08101250231266022
2026-08-23 19:46:00,0.08101250231266022
2026-08-23 19:47:00,0.08101250231266022
2026-08-23 19:48:00,0.08101250231266022
2026-08-23 19:49:00,0.08101250231266022
2026-08-23 19:50:00,0.08093519322574139
2026-08-23 19:51:00,0.08093519322574139
2026-08-23 19:52:00,0.08093519322574139
2026-08-23 19:53:00,0.08093519322574139
2026-08-23 19:54:00,0.08093519322574139
2026-08-23 19:55:00,0.0770237147808075
2026-08-23 19:56:00,0.0770237147808075
2026-08-23 19:57:00,0.0770237147808075
2026-08-23 19:58:00,0.0770237147808075
2026-08-23 19:59:00,0.0770237147808075
2026-08-23 20:00:00,0.07520838640630245
2026-08-23 20:01:00,0.07520838640630245
2026-08-23 20:02:00,0.07520838640630245
2026-08-23 20:03:00,0.07520838640630245
2026-08-23 20:04:00,0.07520838640630245
2026-08-23 20:05:00,0.07459144107997417
2026-08-23 20:06:00,0.07459144107997417
2026-08-23 20:07:00,0.07459144107997417
2026-08-23 20:08:00,0.07459144107997417
2026-08-23 20:09:00,0.07459144107997417
2026-08-23 20:10:00,0.07267007604241371
2026-08-23 20:11:00,0.07267007604241371
2026-08-23 20:12:00,0.07267007604241371
2026-08-23 20:13:00,0.07267007604241371
2026-08-23 20:14:00,0.07267007604241371
2026-08-23 20:15:00,0.07167128287255764
2026-08-23 20:16:00,0.07167128287255764
2026-08-23 20:17:00,0.07167128287255764
2026-08-23 20:18:00,0.07167128287255764
2026-08-23 20:19:00,0.07167128287255764
2026-08-23 20:20:00,0.07055790349841118
2026-08-23 20:21:00,0.07055790349841118
2026-08-23 20:22:00,0.07055790349841118
2026-08-23 20:23:00,0.07055790349841118
2026-08-23 20:24:00,0.07055790349841118
2026-08-23 20:25:00,0.07067696563899517
2026-08-23 20:26:00,0.07067696563899517
2026-08-23 20:27:00,0.07067696563899517
2026-08-23 20:28:00,0.07067696563899517
2026-08-23 20:29:00,0.07067696563899517
2026-08-23 20:30:00,0.07124380953609943
2026-08-23 20:31:00,0.07124380953609943
2026-08-23 20:32:00,0.07124380953609943
2026-08-23 20:33:00,0.07124380953609943
2026-08-23 20:34:00,0.07124380953609943
2026-08-23 20:35:00,0.0700205136090517
2026-08-23 20:36:00,0.0700205136090517
2026-08-23 20:37:00,0.0700205136090517
2026-08-23 20:38:00,0.0700205136090517
2026-08-23 20:39:00,0.0700205136090517
2026-08-23 20:40:00,0.06688614096492529
2026-08-23 20:41:00,0.06688614096492529
2026-08-23 20:42:00,0.06688614096492529
2026-08-23 20:43:00,0.06688614096492529
2026-08-23 20:44:00,0.06688614096492529
2026-08-23 20:45:00,0.0644227834418416
2026-08-23 20:46:00,0.0644227834418416
2026-08-23 20:47:00,0.0644227834418416
2026-08-23 20:48:00,0.0644227834418416
2026-08-23 20:49:00,0.0644227834418416
2026-08-23 20:50:00,0.060115935280919075
2026-08-23 20:51:00,0.060115935280919075
2026-08-23 20:52:00,0.060115935280919075
2026-08-23 20:53:00,0.060115935280919075
2026-08-23 20:54:00,0.060115935280919075
2026-08-23 20:55:00,0.058998205699026585
2026-08-23 20:56:00,0.058998205699026585
2026-08-23 20:57:00,0.058998205699026585
2026-08-23 20:58:00,0.058998205699026585
2026-08-23 20:59:00,0.058998205699026585
2026-08-23 21:00:00,0.05733760166913271
2026-08-23 21:01:00,0.05733760166913271
2026-08-23 21:02:00,0.05733760166913271
2026-08-23 21:03:00,0.05733760166913271
2026-08-23 21:04:00,0.05733760166913271
2026-08-23 21:05:00,0.05689994525164366
2026-08-23 21:06:00,0.05689994525164366
2026-08-23 21:07:00,0.05689994525164366
2026-08-23 21:08:00,0.05689994525164366
2026-08-23 21:09:00,0.05689994525164366
2026-08-23 21:10:00,0.0599039550870657
2026-08-23 21:11:00,0.0599039550870657
2026-08-23 21:12:00,0.0599039550870657
2026-08-23 21:13:00,0.0599039550870657
2026-08-23 21:14:00,0.0599039550870657
2026-08-23 21:15:00,0.060387265868484974
2026-08-23 21:16:00,0.060387265868484974
2026-08-23 21:17:00,0.060387265868484974
2026-08-23 21:18:00,0.060387265868484974
2026-08-23 21:19:00,0.060387265868484974
2026-08-23 21:20:00,0.06529849767684937
2026-08-23 21:21:00,0.06529849767684937
2026-08-23 21:22:00,0.06529849767684937
2026-08-23 21:23:00,0.06529849767684937
2026-08-23 21:24:00,0.06529849767684937
2026-08-23 21:25:00,0.06798585690557957
2026-08-23 21:26:00,0.06798585690557957
2026-08-23 21:27:00,0.06798585690557957
2026-08-23 21:28:00,0.06798585690557957
2026-08-23 21:29:00,0.06798585690557957
2026-08-23 21:30:00,0.0718910414725542
2026-08-23 21:31:00,0.0718910414725542
2026-08-23 21:32:00,0.0718910414725542
2026-08-23 21:33:00,0.0718910414725542
2026-08-23 21:34:00,0.0718910414725542
2026-08-23 21:35:00,0.07349335215985775
2026-08-23 21:36:00,0.07349335215985775
2026-08-23 21:37:00,0.07349335215985775
2026-08-23 21:38:00,0.07349335215985775
2026-08-23 21:39:00,0.07349335215985775
2026-08-23 21:40:00,0.0693097859621048
2026-08-23 21:41:00,0.0693097859621048
2026-08-23 21:42:00,0.0693097859621048
2026-08-23 21:43:00,0.0693097859621048
2026-08-23 21:44:00,0.0693097859621048
2026-08-23 21:45:00,0.06830425187945366
2026-08-23 21:46:00,0.06830425187945366
2026-08-23 21:47:00,0.06830425187945366
2026-08-23 21:48:00,0.06830425187945366
2026-08-23 21:49:00,0.06830425187945366
2026-08-23 21:50:00,0.06462891586124897
2026-08-23 21:51:00,0.06462891586124897
2026-08-23 21:52:00,0.06462891586124897
2026-08-23 21:53:00,0.06462891586124897
2026-08-23 21:54:00,0.06462891586124897
2026-08-23 21:55:00,0.06178108602762222
2026-08-23 21:56:00,0.06178108602762222
2026-08-23 21:57:00,0.06178108602762222
2026-08-23 21:58:00,0.06178108602762222
2026-08-23 21:59:00,0.06178108602762222
2026-08-23 22:00:00,0.06282711587846279
2026-08-23 22:01:00,0.06282711587846279
2026-08-23 22:02:00,0.06282711587846279
2026-08-23 22:03:00,0.06282711587846279
2026-08-23 22:04:00,0.06282711587846279
2026-08-23 22:05:00,0.06473844312131405
2026-08-23 22:06:00,0.06473844312131405
2026-08-23 22:07:00,0.06473844312131405
2026-08-23 22:08:00,0.06473844312131405
2026-08-23 22:09:00,0.06473844312131405
2026-08-23 22:10:00,0.06453445553779602
2026-08-23 22:11:00,0.06453445553779602
2026-08-23 22:12:00,0.06453445553779602
2026-08-23 22:13:00,0.06453445553779602
2026-08-23 22:14:00,0.06453445553779602
2026-08-23 22:15:00,0.06868381798267365
2026-08-23 22:16:00,0.06868381798267365
2026-08-23 22:17:00,0.06868381798267365
2026-08-23 22:18:00,0.06868381798267365
2026-08-23 22:19:00,0.06868381798267365
2026-08-23 22:20:00,0.3912814296782017
2026-08-23 22:21:00,0.3912814296782017
2026-08-23 22:22:00,0.3912814296782017
2026-08-23 22:23:00,0.3912814296782017
2026-08-23 22:24:00,0.3912814296782017
2026-08-23 22:25:00,0.710655365139246
2026-08-23 22:26:00,0.710655365139246
2026-08-23 22:27:00,0.710655365139246
2026-08-23 22:28:00,0.710655365139246
2026-08-23 22:29:00,0.710655365139246
2026-08-23 22:30:00,1.0317995958030224
2026-08-23 22:31:00,1.0317995958030224
2026-08-23 22:32:00,1.0317995958030224
2026-08-23 22:33:00,1.0317995958030224
2026-08-23 22:34:00,1.0317995958030224
2026-08-23 22:35:00,1.3515124917030334
2026-08-23 22:36:00,1.3515124917030334
2026-08-23 22:37:00,1.3515124917030334
2026-08-23 22:38:00,1.3515124917030334
2026-08-23 22:39:00,1.3515124917030334
2026-08-23 22:40:00,1.1969822645187378
2026-08-23 22:41:00,1.1969822645187378
2026-08-23 22:42:00,1.1969822645187378
2026-08-23 22:43:00,1.1969822645187378
2026-08-23 22:44:00,1.1969822645187378
2026-08-23 22:45:00,0.9926443845033646
2026-08-23 22:46:00,0.9926443845033646
2026-08-23 22:47:00,0.9926443845033646
2026-08-23 22:48:00,0.9926443845033646
2026-08-23 22:49:00,0.9926443845033646
2026-08-23 22:50:00,0.7467440068721771
2026-08-23 22:51:00,0.7467440068721771
2026-08-23 22:52:00,0.7467440068721771
2026-08-23 22:53:00,0.7467440068721771
2026-08-23 22:54:00,0.7467440068721771
2026-08-23 22:55:00,0.4972393661737442
2026-08-23 22:56:00,0.4972393661737442
2026-08-23 22:57:00,0.4972393661737442
2026-08-23 22:58:00,0.4972393661737442
2026-08-23 22:59:00,0.4972393661737442
2026-08-23 23:00:00,0.40442879498004913
2026-08-23 23:01:00,0.40442879498004913
2026-08-23 23:02:00,0.40442879498004913
2026-08-23 23:03:00,0.40442879498004913
2026-08-23 23:04:00,0.40442879498004913
2026-08-23 23:05:00,0.36152414977550507
2026-08-23 23:06:00,0.36152414977550507
2026-08-23 23:07:00,0.36152414977550507
2026-08-23 23:08:00,0.36152414977550507
2026-08-23 23:09:00,0.36152414977550507
2026-08-23 23:10:00,0.36145786941051483
2026-08-23 23:11:00,0.36145786941051483
2026-08-23 23:12:00,0.36145786941051483
2026-08-23 23:13:00,0.36145786941051483
2026-08-23 23:14:00,0.36145786941051483
2026-08-23 23:15:00,0.36447546631097794
2026-08-23 23:16:00,0.36447546631097794
2026-08-23 23:17:00,0.36447546631097794
2026-08-23 23:18:00,0.36447546631097794
2026-08-23 23:19:00,0.36447546631097794
2026-08-23 23:20:00,0.36408912390470505
2026-08-23 23:21:00,0.36408912390470505
2026-08-23 23:22:00,0.36408912390470505
2026-08-23 23:23:00,0.36408912390470505
2026-08-23 23:24:00,0.36408912390470505
2026-08-23 23:25:00,0.36380551010370255
2026-08-23 23:26:00,0.36380551010370255
2026-08-23 23:27:00,0.36380551010370255
2026-08-23 23:28:00,0.36380551010370255
2026-08-23 23:29:00,0.36380551010370255
2026-08-23 23:30:00,0.3623639717698097
2026-08-23 23:31:00,0.3623639717698097
2026-08-23 23:32:00,0.3623639717698097
2026-08-23 23:33:00,0.3623639717698097
2026-08-23 23:34:00,0.3623639717698097
2026-08-23 23:35:00,0.3609277829527855
2026-08-23 23:36:00,0.3609277829527855
2026-08-23 23:37:00,0.3609277829527855
2026-08-23 23:38:00,0.3609277829527855
2026-08-23 23:39:00,0.3609277829527855
2026-08-23 23:40:00,0.2900642268359661
2026-08-23 23:41:00,0.2900642268359661
2026-08-23 23:42:00,0.2900642268359661
2026-08-23 23:43:00,0.2900642268359661
2026-08-23 23:44:00,0.2900642268359661
2026-08-23 23:45:00,0.23406218364834785
2026-08-23 23:46:00,0.23406218364834785
2026-08-23 23:47:00,0.23406218364834785
2026-08-23 23:48:00,0.23406218364834785
2026-08-23 23:49:00,0.23406218364834785
2026-08-23 23:50:00,0.18195554614067078
2026-08-23 23:51:00,0.18195554614067078
2026-08-23 23:52:00,0.18195554614067078
2026-08-23 23:53:00,0.18195554614067078
2026-08-23 23:54:00,0.18195554614067078
2026-08-23 23:55:00,0.13093116506934166
2026-08-23 23:56:00,0.13093116506934166
2026-08-23 23:57:00,0.13093116506934166
2026-08-23 23:58:00,0.13093116506934166
2026-08-23 23:59:00,0.13093116506934166
2026-08-24 00:00:00,0.1510501727461815
2026-08-24 00:01:00,0.1510501727461815
2026-08-24 00:02:00,0.1510501727461815
2026-08-24 00:03:00,0.1510501727461815
2026-08-24 00:04:00,0.1510501727461815
2026-08-24 00:05:00,0.14934435114264488
2026-08-24 00:06:00,0.14934435114264488
2026-08-24 00:07:00,0.14934435114264488
2026-08-24 00:08:00,0.14934435114264488
2026-08-24 00:09:00,0.14934435114264488
2026-08-24 00:10:00,0.13070918805897236
2026-08-24 00:11:00,0.13070918805897236
2026-08-24 00:12:00,0.13070918805897236
2026-08-24 00:13:00,0.13070918805897236
2026-08-24 00:14:00,0.13070918805897236
2026-08-24 00:15:00,0.10903183370828629
2026-08-24 00:16:00,0.10903183370828629
2026-08-24 00:17:00,0.10903183370828629
2026-08-24 00:18:00,0.10903183370828629
2026-08-24 00:19:00,0.10903183370828629
2026-08-24 00:20:00,0.09441730938851833
2026-08-24 00:21:00,0.09441730938851833
2026-08-24 00:22:00,0.09441730938851833
2026-08-24 00:23:00,0.09441730938851833
2026-08-24 00:24:00,0.09441730938851833
2026-08-24 00:25:00,0.08597530610859394
2026-08-24 00:26:00,0.08597530610859394
2026-08-24 00:27:00,0.08597530610859394
2026-08-24 00:28:00,0.08597530610859394
2026-08-24 00:29:00,0.08597530610859394
2026-08-24 00:30:00,0.09114009886980057
2026-08-24 00:31:00,0.09114009886980057
2026-08-24 00:32:00,0.09114009886980057
2026-08-24 00:33:00,0.09114009886980057
2026-08-24 00:34:00,0.09114009886980057
2026-08-24 00:35:00,0.09934825077652931
2026-08-24 00:36:00,0.09934825077652931
2026-08-24 00:37:00,0.09934825077652931
2026-08-24 00:38:00,0.09934825077652931
2026-08-24 00:39:00,0.09934825077652931
2026-08-24 00:40:00,0.08896167203783989
2026-08-24 00:41:00,0.08896167203783989
2026-08-24 00:42:00,0.08896167203783989
2026-08-24 00:43:00,0.08896167203783989
2026-08-24 00:44:00,0.08896167203783989
2026-08-24 00:45:00,0.077551931142807
2026-08-24 00:46:00,0.077551931142807
2026-08-24 00:47:00,0.077551931142807
2026-08-24 00:48:00,0.077551931142807
2026-08-24 00:49:00,0.077551931142807
2026-08-24 00:50:00,0.06717918999493122
2026-08-24 00:51:00,0.06717918999493122
2026-08-24 00:52:00,0.06717918999493122
2026-08-24 00:53:00,0.06717918999493122
2026-08-24 00:54:00,0.06717918999493122
2026-08-24 00:55:00,0.056085726246237755
2026-08-24 00:56:00,0.056085726246237755
2026-08-24 00:57:00,0.056085726246237755
2026-08-24 00:58:00,0.056085726246237755
2026-08-24 00:59:00,0.056085726246237755
2026-08-24 01:00:00,0.0588587187230587
2026-08-24 01:01:00,0.0588587187230587
2026-08-24 01:02:00,0.0588587187230587
2026-08-24 01:03:00,0.0588587187230587
2026-08-24 01:04:00,0.0588587187230587
2026-08-24 01:05:00,0.0656826701015234
2026-08-24 01:06:00,0.0656826701015234
2026-08-24 01:07:00,0.0656826701015234
2026-08-24 01:08:00,0.0656826701015234
2026-08-24 01:09:00,0.0656826701015234
2026-08-24 01:10:00,0.06840120255947113
2026-08-24 01:11:00,0.06840120255947113
2026-08-24 01:12:00,0.06840120255947113
2026-08-24 01:13:00,0.06840120255947113
2026-08-24 01:14:00,0.06840120255947113
2026-08-24 01:15:00,0.06916660349816084
2026-08-24 01:16:00,0.06916660349816084
2026-08-24 01:17:00,0.06916660349816084
2026-08-24 01:18:00,0.06916660349816084
2026-08-24 01:19:00,0.06916660349816084
2026-08-24 01:20:00,0.06559939216822386
2026-08-24 01:21:00,0.06559939216822386
2026-08-24 01:22:00,0.06559939216822386
2026-08-24 01:23:00,0.06559939216822386
2026-08-24 01:24:00,0.06559939216822386
2026-08-24 01:25:00,0.06273163203150034
2026-08-24 01:26:00,0.06273163203150034
2026-08-24 01:27:00,0.06273163203150034
2026-08-24 01:28:00,0.06273163203150034
2026-08-24 01:29:00,0.06273163203150034
2026-08-24 01:30:00,0.06188530754297972
2026-08-24 01:31:00,0.06188530754297972
2026-08-24 01:32:00,0.06188530754297972
2026-08-24 01:33:00,0.06188530754297972
2026-08-24 01:34:00,0.06188530754297972
2026-08-24 01:35:00,0.06140413973480463
2026-08-24 01:36:00,0.06140413973480463
2026-08-24 01:37:00,0.06140413973480463
2026-08-24 01:38:00,0.06140413973480463
2026-08-24 01:39:00,0.06140413973480463
2026-08-24 01:40:00,0.060838992707431316
2026-08-24 01:41:00,0.060838992707431316
2026-08-24 01:42:00,0.060838992707431316
2026-08-24 01:43:00,0.060838992707431316
2026-08-24 01:44:00,0.060838992707431316
2026-08-24 01:45:00,0.059454343281686306
2026-08-24 01:46:00,0.059454343281686306
2026-08-24 01:47:00,0.059454343281686306
2026-08-24 01:48:00,0.059454343281686306
2026-08-24 01:49:00,0.059454343281686306
2026-08-24 01:50:00,0.06522942800074816
2026-08-24 01:51:00,0.06522942800074816
2026-08-24 01:52:00,0.06522942800074816
2026-08-24 01:53:00,0.06522942800074816
2026-08-24 01:54:00,0.06522942800074816
2026-08-24 01:55:00,0.07255451940000057
2026-08-24 01:56:00,0.07255451940000057
2026-08-24 01:57:00,0.07255451940000057
2026-08-24 01:58:00,0.07255451940000057
2026-08-24 01:59:00,0.07255451940000057
2026-08-24 02:00:00,0.08140994794666767
2026-08-24 02:01:00,0.08140994794666767
2026-08-24 02:02:00,0.08140994794666767
2026-08-24 02:03:00,0.08140994794666767
2026-08-24 02:04:00,0.08140994794666767
2026-08-24 02:05:00,0.08206520602107048
2026-08-24 02:06:00,0.08206520602107048
2026-08-24 02:07:00,0.08206520602107048
2026-08-24 02:08:00,0.08206520602107048
2026-08-24 02:09:00,0.08206520602107048
2026-08-24 02:10:00,0.07376583106815815
2026-08-24 02:11:00,0.07376583106815815
2026-08-24 02:12:00,0.07376583106815815
2026-08-24 02:13:00,0.07376583106815815
2026-08-24 02:14:00,0.07376583106815815
2026-08-24 02:15:00,0.08363923244178295
2026-08-24 02:16:00,0.08363923244178295
2026-08-24 02:17:00,0.08363923244178295
2026-08-24 02:18:00,0.08363923244178295
2026-08-24 02:19:00,0.08363923244178295
2026-08-24 02:20:00,0.3449033685028553
2026-08-24 02:21:00,0.3449033685028553
2026-08-24 02:22:00,0.3449033685028553
2026-08-24 02:23:00,0.3449033685028553
2026-08-24 02:24:00,0.3449033685028553
2026-08-24 02:25:00,0.6119283083826303
2026-08-24 02:26:00,0.6119283083826303
2026-08-24 02:27:00,0.6119283083826303
2026-08-24 02:28:00,0.6119283083826303
2026-08-24 02:29:00,0.6119283083826303
2026-08-24 02:30:00,0.8811031058430672
2026-08-24 02:31:00,0.8811031058430672
2026-08-24 02:32:00,0.8811031058430672
2026-08-24 02:33:00,0.8811031058430672
2026-08-24 02:34:00,0.8811031058430672
2026-08-24 02:35:00,1.1305889785289764
2026-08-24 02:36:00,1.1305889785289764
2026-08-24 02:37:00,1.1305889785289764
2026-08-24 02:38:00,1.1305889785289764
2026-08-24 02:39:00,1.1305889785289764
2026-08-24 02:40:00,0.9038443379104137
2026-08-24 02:41:00,0.9038443379104137
2026-08-24 02:42:00,0.9038443379104137
2026-08-24 02:43:00,0.9038443379104137
2026-08-24 02:44:00,0.9038443379104137
2026-08-24 02:45:00,0.6773125976324081
2026-08-24 02:46:00,0.6773125976324081
2026-08-24 02:47:00,0.6773125976324081
2026-08-24 02:48:00,0.6773125976324081
2026-08-24 02:49:00,0.6773125976324081
2026-08-24 02:50:00,0.4486934170126915
2026-08-24 02:51:00,0.4486934170126915
2026-08-24 02:52:00,0.4486934170126915
2026-08-24 02:53:00,0.4486934170126915
2026-08-24 02:54:00,0.4486934170126915
2026-08-24 02:55:00,0.2202368564903736
2026-08-24 02:56:00,0.2202368564903736
2026-08-24 02:57:00,0.2202368564903736
2026-08-24 02:58:00,0.2202368564903736
2026-08-24 02:59:00,0.2202368564903736
2026-08-24 03:00:00,0.2159714475274086
2026-08-24 03:01:00,0.2159714475274086
2026-08-24 03:02:00,0.2159714475274086
2026-08-24 03:03:00,0.2159714475274086
2026-08-24 03:04:00,0.2159714475274086
2026-08-24 03:05:00,0.21111202239990234
2026-08-24 03:06:00,0.21111202239990234
2026-08-24 03:07:00,0.21111202239990234
2026-08-24 03:08:00,0.21111202239990234
2026-08-24 03:09:00,0.21111202239990234
2026-08-24 03:10:00,0.2090086154639721
2026-08-24 03:11:00,0.2090086154639721
2026-08-24 03:12:00,0.2090086154639721
2026-08-24 03:13:00,0.2090086154639721
2026-08-24 03:14:00,0.2090086154639721
2026-08-24 03:15:00,0.20806878060102463
2026-08-24 03:16:00,0.20806878060102463
2026-08-24 03:17:00,0.20806878060102463
2026-08-24 03:18:00,0.20806878060102463
2026-08-24 03:19:00,0.20806878060102463
2026-08-24 03:20:00,0.2082674466073513
2026-08-24 03:21:00,0.2082674466073513
2026-08-24 03:22:00,0.2082674466073513
2026-08-24 03:23:00,0.2082674466073513
2026-08-24 03:24:00,0.2082674466073513
2026-08-24 03:25:00,0.21015625819563866
2026-08-24 03:26:00,0.21015625819563866
2026-08-24 03:27:00,0.21015625819563866
2026-08-24 03:28:00,0.21015625819563866
2026-08-24 03:29:00,0.21015625819563866
2026-08-24 03:30:00,0.20988289266824722
2026-08-24 03:31:00,0.20988289266824722
2026-08-24 03:32:00,0.20988289266824722
2026-08-24 03:33:00,0.20988289266824722
2026-08-24 03:34:00,0.20988289266824722
2026-08-24 03:35:00,0.2087743543088436
2026-08-24 03:36:00,0.2087743543088436
2026-08-24 03:37:00,0.2087743543088436
2026-08-24 03:38:00,0.2087743543088436
2026-08-24 03:39:00,0.2087743543088436
2026-08-24 03:40:00,0.16898654494434595
2026-08-24 03:41:00,0.16898654494434595
2026-08-24 03:42:00,0.16898654494434595
2026-08-24 03:43:00,0.16898654494434595
2026-08-24 03:44:00,0.16898654494434595
2026-08-24 03:45:00,0.12794144358485937
2026-08-24 03:46:00,0.12794144358485937
2026-08-24 03:47:00,0.12794144358485937
2026-08-24 03:48:00,0.12794144358485937
2026-08-24 03:49:00,0.12794144358485937
2026-08-24 03:50:00,0.08959029521793127
2026-08-24 03:51:00,0.08959029521793127
2026-08-24 03:52:00,0.08959029521793127
2026-08-24 03:53:00,0.08959029521793127
2026-08-24 03:54:00,0.08959029521793127
2026-08-24 03:55:00,0.051513660699129105
2026-08-24 03:56:00,0.051513660699129105
2026-08-24 03:57:00,0.051513660699129105
2026-08-24 03:58:00,0.051513660699129105
2026-08-24 03:59:00,0.051513660699129105
2026-08-24 04:00:00,0.05527269188314676
2026-08-24 04:01:00,0.05527269188314676
2026-08-24 04:02:00,0.05527269188314676
2026-08-24 04:03:00,0.05527269188314676
2026-08-24 04:04:00,0.05527269188314676
2026-08-24 04:05:00,0.062422011978924274
2026-08-24 04:06:00,0.062422011978924274
2026-08-24 04:07:00,0.062422011978924274
2026-08-24 04:08:00,0.062422011978924274
2026-08-24 04:09:00,0.062422011978924274
2026-08-24 04:10:00,0.0687829265370965
2026-08-24 04:11:00,0.0687829265370965
2026-08-24 04:12:00,0.0687829265370965
2026-08-24 04:13:00,0.0687829265370965
2026-08-24 04:14:00,0.0687829265370965
2026-08-24 04:15:00,0.08159038610756397
2026-08-24 04:16:00,0.08159038610756397
2026-08-24 04:17:00,0.08159038610756397
2026-08-24 04:18:00,0.08159038610756397
2026-08-24 04:19:00,0.08159038610756397
2026-08-24 04:20:00,0.08737831003963947
2026-08-24 04:21:00,0.08737831003963947
2026-08-24 04:22:00,0.08737831003963947
2026-08-24 04:23:00,0.08737831003963947
2026-08-24 04:24:00,0.08737831003963947
2026-08-24 04:25:00,0.08960163220763206
2026-08-24 04:26:00,0.08960163220763206
2026-08-24 04:27:00,0.08960163220763206
2026-08-24 04:28:00,0.08960163220763206
2026-08-24 04:29:00,0.08960163220763206
2026-08-24 04:30:00,0.08857900463044643
2026-08-24 04:31:00,0.08857900463044643
2026-08-24 04:32:00,0.08857900463044643
2026-08-24 04:33:00,0.08857900463044643
2026-08-24 04:34:00,0.08857900463044643
2026-08-24 04:35:00,0.07830428332090378
2026-08-24 04:36:00,0.07830428332090378
2026-08-24 04:37:00,0.07830428332090378
2026-08-24 04:38:00,0.07830428332090378
2026-08-24 04:39:00,0.07830428332090378
2026-08-24 04:40:00,0.07120621297508478
2026-08-24 04:41:00,0.07120621297508478
2026-08-24 04:42:00,0.07120621297508478
2026-08-24 04:43:00,0.07120621297508478
2026-08-24 04:44:00,0.07120621297508478
2026-08-24 04:45:00,0.06597104948014021
2026-08-24 04:46:00,0.06597104948014021
2026-08-24 04:47:00,0.06597104948014021
2026-08-24 04:48:00,0.06597104948014021
2026-08-24 04:49:00,0.06597104948014021
2026-08-24 04:50:00,0.06141402758657932
2026-08-24 04:51:00,0.06141402758657932
2026-08-24 04:52:00,0.06141402758657932
2026-08-24 04:53:00,0.06141402758657932
2026-08-24 04:54:00,0.06141402758657932
2026-08-24 04:55:00,0.06347580440342426
2026-08-24 04:56:00,0.06347580440342426
2026-08-24 04:57:00,0.06347580440342426
2026-08-24 04:58:00,0.06347580440342426
2026-08-24 04:59:00,0.06347580440342426
2026-08-24 05:00:00,0.09302836563438177
2026-08-24 05:01:00,0.09302836563438177
2026-08-24 05:02:00,0.09302836563438177
2026-08-24 05:03:00,0.09302836563438177
2026-08-24 05:04:00,0.09302836563438177
2026-08-24 05:05:00,0.12190668378025293
2026-08-24 05:06:00,0.12190668378025293
2026-08-24 05:07:00,0.12190668378025293
2026-08-24 05:08:00,0.12190668378025293
2026-08-24 05:09:00,0.12190668378025293
2026-08-24 05:10:00,0.1512736827135086
2026-08-24 05:11:00,0.1512736827135086
2026-08-24 05:12:00,0.1512736827135086
2026-08-24 05:13:00,0.1512736827135086
2026-08-24 05:14:00,0.1512736827135086
2026-08-24 05:15:00,0.173186257481575
2026-08-24 05:16:00,0.173186257481575
2026-08-24 05:17:00,0.173186257481575
2026-08-24 05:18:00,0.173186257481575
2026-08-24 05:19:00,0.173186257481575
2026-08-24 05:20:00,0.14494572393596172
2026-08-24 05:21:00,0.14494572393596172
2026-08-24 05:22:00,0.14494572393596172
2026-08-24 05:23:00,0.14494572393596172
2026-08-24 05:24:00,0.14494572393596172
2026-08-24 05:25:00,0.11450390797108412
2026-08-24 05:26:00,0.11450390797108412
2026-08-24 05:27:00,0.11450390797108412
2026-08-24 05:28:00,0.11450390797108412
2026-08-24 05:29:00,0.11450390797108412
2026-08-24 05:30:00,0.08604212291538715
2026-08-24 05:31:00,0.08604212291538715
2026-08-24 05:32:00,0.08604212291538715
2026-08-24 05:33:00,0.08604212291538715
2026-08-24 05:34:00,0.08604212291538715
2026-08-24 05:35:00,0.06066841818392277
2026-08-24 05:36:00,0.06066841818392277
2026-08-24 05:37:00,0.06066841818392277
2026-08-24 05:38:00,0.06066841818392277
2026-08-24 05:39:00,0.06066841818392277
2026-08-24 05:40:00,0.057585195638239384
2026-08-24 05:41:00,0.057585195638239384
2026-08-24 05:42:00,0.057585195638239384
2026-08-24 05:43:00,0.057585195638239384
2026-08-24 05:44:00,0.057585195638239384
2026-08-24 05:45:00,0.05608925595879555
2026-08-24 05:46:00,0.05608925595879555
2026-08-24 05:47:00,0.05608925595879555
2026-08-24 05:48:00,0.05608925595879555
2026-08-24 05:49:00,0.05608925595879555
2026-08-24 05:50:00,0.057015747763216496
2026-08-24 05:51:00,0.057015747763216496
2026-08-24 05:52:00,0.057015747763216496
2026-08-24 05:53:00,0.057015747763216496
2026-08-24 05:54:00,0.057015747763216496
2026-08-24 05:55:00,0.08980240393429995
2026-08-24 05:56:00,0.08980240393429995
2026-08-24 05:57:00,0.08980240393429995
2026-08-24 05:58:00,0.08980240393429995
2026-08-24 05:59:00,0.08980240393429995
2026-08-24 06:00:00,0.12658317014575005
2026-08-24 06:01:00,0.12658317014575005
2026-08-24 06:02:00,0.12658317014575005
2026-08-24 06:03:00,0.12658317014575005
2026-08-24 06:04:00,0.12658317014575005
2026-08-24 06:05:00,0.16779698431491852
2026-08-24 06:06:00,0.16779698431491852
2026-08-24 06:07:00,0.16779698431491852
2026-08-24 06:08:00,0.16779698431491852
2026-08-24 06:09:00,0.16779698431491852
2026-08-24 06:10:00,0.21013912931084633
2026-08-24 06:11:00,0.21013912931084633
2026-08-24 06:12:00,0.21013912931084633
2026-08-24 06:13:00,0.21013912931084633
2026-08-24 06:14:00,0.21013912931084633
2026-08-24 06:15:00,0.1995672844350338
2026-08-24 06:16:00,0.1995672844350338
2026-08-24 06:17:00,0.1995672844350338
2026-08-24 06:18:00,0.1995672844350338
2026-08-24 06:19:00,0.1995672844350338
2026-08-24 06:20:00,0.17738933861255646
2026-08-24 06:21:00,0.17738933861255646
2026-08-24 06:22:00,0.17738933861255646
2026-08-24 06:23:00,0.17738933861255646
2026-08-24 06:24:00,0.17738933861255646
2026-08-24 06:25:00,0.14555441588163376
2026-08-24 06:26:00,0.14555441588163376
2026-08-24 06:27:00,0.14555441588163376
2026-08-24 06:28:00,0.14555441588163376
2026-08-24 06:29:00,0.14555441588163376
2026-08-24 06:30:00,0.11111416481435299
2026-08-24 06:31:00,0.11111416481435299
2026-08-24 06:32:00,0.11111416481435299
2026-08-24 06:33:00,0.11111416481435299
2026-08-24 06:34:00,0.11111416481435299
2026-08-24 06:35:00,0.09982930123806
2026-08-24 06:36:00,0.09982930123806
2026-08-24 06:37:00,0.09982930123806
2026-08-24 06:38:00,0.09982930123806
2026-08-24 06:39:00,0.09982930123806
2026-08-24 06:40:00,0.09791070781648159
2026-08-24 06:41:00,0.09791070781648159
2026-08-24 06:42:00,0.09791070781648159
2026-08-24 06:43:00,0.09791070781648159
2026-08-24 06:44:00,0.09791070781648159
2026-08-24 06:45:00,0.09442070685327053
2026-08-24 06:46:00,0.09442070685327053
2026-08-24 06:47:00,0.09442070685327053
2026-08-24 06:48:00,0.09442070685327053
2026-08-24 06:49:00,0.09442070685327053
2026-08-24 06:50:00,0.08840534463524818
2026-08-24 06:51:00,0.08840534463524818
2026-08-24 06:52:00,0.08840534463524818
2026-08-24 06:53:00,0.08840534463524818
2026-08-24 06:54:00,0.08840534463524818
2026-08-24 06:55:00,0.07918025180697441
2026-08-24 06:56:00,0.07918025180697441
2026-08-24 06:57:00,0.07918025180697441
2026-08-24 06:58:00,0.07918025180697441
2026-08-24 06:59:00,0.07918025180697441
2026-08-24 07:00:00,0.07100140117108822
2026-08-24 07:01:00,0.07100140117108822
2026-08-24 07:02:00,0.07100140117108822
2026-08-24 07:03:00,0.07100140117108822
2026-08-24 07:04:00,0.07100140117108822
2026-08-24 07:05:00,0.06957362592220306
2026-08-24 07:06:00,0.06957362592220306
2026-08-24 07:07:00,0.06957362592220306
2026-08-24 07:08:00,0.06957362592220306
2026-08-24 07:09:00,0.06957362592220306
2026-08-24 07:10:00,0.30931342393159866
2026-08-24 07:11:00,0.30931342393159866
2026-08-24 07:12:00,0.30931342393159866
2026-08-24 07:13:00,0.30931342393159866
2026-08-24 07:14:00,0.30931342393159866
2026-08-24 07:15:00,0.5509020891040564
2026-08-24 07:16:00,0.5509020891040564
2026-08-24 07:17:00,0.5509020891040564
2026-08-24 07:18:00,0.5509020891040564
2026-08-24 07:19:00,0.5509020891040564
2026-08-24 07:20:00,0.7908785361796618
2026-08-24 07:21:00,0.7908785361796618
2026-08-24 07:22:00,0.7908785361796618
2026-08-24 07:23:00,0.7908785361796618
2026-08-24 07:24:00,0.7908785361796618
2026-08-24 07:25:00,1.0306469202041626
2026-08-24 07:26:00,1.0306469202041626
2026-08-24 07:27:00,1.0306469202041626
2026-08-24 07:28:00,1.0306469202041626
2026-08-24 07:29:00,1.0306469202041626
2026-08-24 07:30:00,0.8133443295955658
2026-08-24 07:31:00,0.8133443295955658
2026-08-24 07:32:00,0.8133443295955658
2026-08-24 07:33:00,0.8133443295955658
2026-08-24 07:34:00,0.8133443295955658
2026-08-24 07:35:00,0.5955516993999481
2026-08-24 07:36:00,0.5955516993999481
2026-08-24 07:37:00,0.5955516993999481
2026-08-24 07:38:00,0.5955516993999481
2026-08-24 07:39:00,0.5955516993999481
2026-08-24 07:40:00,0.377225149422884
2026-08-24 07:41:00,0.377225149422884
2026-08-24 07:42:00,0.377225149422884
2026-08-24 07:43:00,0.377225149422884
2026-08-24 07:44:00,0.377225149422884
2026-08-24 07:45:00,0.15905552729964256
2026-08-24 07:46:00,0.15905552729964256
2026-08-24 07:47:00,0.15905552729964256
2026-08-24 07:48:00,0.15905552729964256
2026-08-24 07:49:00,0.15905552729964256
2026-08-24 07:50:00,0.15894277393817902
2026-08-24 07:51:00,0.15894277393817902
2026-08-24 07:52:00,0.15894277393817902
2026-08-24 07:53:00,0.15894277393817902
2026-08-24 07:54:00,0.15894277393817902
2026-08-24 07:55:00,0.15953776985406876
2026-08-24 07:56:00,0.15953776985406876
2026-08-24 07:57:00,0.15953776985406876
2026-08-24 07:58:00,0.15953776985406876
2026-08-24 07:59:00,0.15953776985406876
2026-08-24 08:00:00,0.16068928316235542
2026-08-24 08:01:00,0.16068928316235542
2026-08-24 08:02:00,0.16068928316235542
2026-08-24 08:03:00,0.16068928316235542
2026-08-24 08:04:00,0.16068928316235542
2026-08-24 08:05:00,0.16163323819637299
2026-08-24 08:06:00,0.16163323819637299
2026-08-24 08:07:00,0.16163323819637299
2026-08-24 08:08:00,0.16163323819637299
2026-08-24 08:09:00,0.16163323819637299
2026-08-24 08:10:00,0.1616481877863407
2026-08-24 08:11:00,0.1616481877863407
2026-08-24 08:12:00,0.1616481877863407
2026-08-24 08:13:00,0.1616481877863407
2026-08-24 08:14:00,0.1616481877863407
2026-08-24 08:15:00,0.16200899705290794
2026-08-24 08:16:00,0.16200899705290794
2026-08-24 08:17:00,0.16200899705290794
2026-08-24 08:18:00,0.16200899705290794
2026-08-24 08:19:00,0.16200899705290794
2026-08-24 08:20:00,0.16234835237264633
2026-08-24 08:21:00,0.16234835237264633
2026-08-24 08:22:00,0.16234835237264633
2026-08-24 08:23:00,0.16234835237264633
2026-08-24 08:24:00,0.16234835237264633
2026-08-24 08:25:00,0.16086573898792267
2026-08-24 08:26:00,0.16086573898792267
2026-08-24 08:27:00,0.16086573898792267
2026-08-24 08:28:00,0.16086573898792267
2026-08-24 08:29:00,0.16086573898792267
2026-08-24 08:30:00,0.13975774496793747
2026-08-24 08:31:00,0.13975774496793747
2026-08-24 08:32:00,0.13975774496793747
2026-08-24 08:33:00,0.13975774496793747
2026-08-24 08:34:00,0.13975774496793747
2026-08-24 08:35:00,0.11912530288100243
2026-08-24 08:36:00,0.11912530288100243
2026-08-24 08:37:00,0.11912530288100243
2026-08-24 08:38:00,0.11912530288100243
2026-08-24 08:39:00,0.11912530288100243
2026-08-24 08:40:00,0.09852424077689648
2026-08-24 08:41:00,0.09852424077689648
2026-08-24 08:42:00,0.09852424077689648
2026-08-24 08:43:00,0.09852424077689648
2026-08-24 08:44:00,0.09852424077689648
2026-08-24 08:45:00,0.07773991487920284
2026-08-24 08:46:00,0.07773991487920284
2026-08-24 08:47:00,0.07773991487920284
2026-08-24 08:48:00,0.07773991487920284
2026-08-24 08:49:00,0.07773991487920284
2026-08-24 08:50:00,0.07425476983189583
2026-08-24 08:51:00,0.07425476983189583
2026-08-24 08:52:00,0.07425476983189583
2026-08-24 08:53:00,0.07425476983189583
2026-08-24 08:54:00,0.07425476983189583
2026-08-24 08:55:00,0.0710363369435072
2026-08-24 08:56:00,0.0710363369435072
2026-08-24 08:57:00,0.0710363369435072
2026-08-24 08:58:00,0.0710363369435072
2026-08-24 08:59:00,0.0710363369435072
2026-08-24 09:00:00,0.0673593208193779
2026-08-24 09:01:00,0.0673593208193779
2026-08-24 09:02:00,0.0673593208193779
2026-08-24 09:03:00,0.0673593208193779
2026-08-24 09:04:00,0.0673593208193779
2026-08-24 09:05:00,0.06403107848018408
2026-08-24 09:06:00,0.06403107848018408
2026-08-24 09:07:00,0.06403107848018408
2026-08-24 09:08:00,0.06403107848018408
2026-08-24 09:09:00,0.06403107848018408
2026-08-24 09:10:00,0.06618311535567045
2026-08-24 09:11:00,0.06618311535567045
2026-08-24 09:12:00,0.06618311535567045
2026-08-24 09:13:00,0.06618311535567045
2026-08-24 09:14:00,0.06618311535567045
2026-08-24 09:15:00,0.06242807023227215
2026-08-24 09:16:00,0.06242807023227215
2026-08-24 09:17:00,0.06242807023227215
2026-08-24 09:18:00,0.06242807023227215
2026-08-24 09:19:00,0.06242807023227215
2026-08-24 09:20:00,0.06032878626137972
2026-08-24 09:21:00,0.06032878626137972
2026-08-24 09:22:00,0.06032878626137972
2026-08-24 09:23:00,0.06032878626137972
2026-08-24 09:24:00,0.06032878626137972
2026-08-24 09:25:00,0.057808476500213146
2026-08-24 09:26:00,0.057808476500213146
2026-08-24 09:27:00,0.057808476500213146
2026-08-24 09:28:00,0.057808476500213146
2026-08-24 09:29:00,0.057808476500213146
2026-08-24 09:30:00,0.05108246486634016
2026-08-24 09:31:00,0.05108246486634016
2026-08-24 09:32:00,0.05108246486634016
2026-08-24 09:33:00,0.05108246486634016
2026-08-24 09:34:00,0.05108246486634016
2026-08-24 09:35:00,0.05114410258829594
2026-08-24 09:36:00,0.05114410258829594
2026-08-24 09:37:00,0.05114410258829594
2026-08-24 09:38:00,0.05114410258829594
2026-08-24 09:39:00,0.05114410258829594
2026-08-24 09:40:00,0.05302172061055899
2026-08-24 09:41:00,0.05302172061055899
2026-08-24 09:42:00,0.05302172061055899
2026-08-24 09:43:00,0.05302172061055899
2026-08-24 09:44:00,0.05302172061055899
2026-08-24 09:45:00,0.06101456470787525
2026-08-24 09:46:00,0.06101456470787525
2026-08-24 09:47:00,0.06101456470787525
2026-08-24 09:48:00,0.06101456470787525
2026-08-24 09:49:00,0.06101456470787525
2026-08-24 09:50:00,0.07123980484902859
2026-08-24 09:51:00,0.07123980484902859
2026-08-24 09:52:00,0.07123980484902859
2026-08-24 09:53:00,0.07123980484902859
2026-08-24 09:54:00,0.07123980484902859
2026-08-24 09:55:00,0.08118258230388165
2026-08-24 09:56:00,0.08118258230388165
2026-08-24 09:57:00,0.08118258230388165
2026-08-24 09:58:00,0.08118258230388165
2026-08-24 09:59:00,0.08118258230388165
2026-08-24 10:00:00,0.08493001386523247
2026-08-24 10:01:00,0.08493001386523247
2026-08-24 10:02:00,0.08493001386523247
2026-08-24 10:03:00,0.08493001386523247
2026-08-24 10:04:00,0.08493001386523247
2026-08-24 10:05:00,0.07982273120433092
2026-08-24 10:06:00,0.07982273120433092
2026-08-24 10:07:00,0.07982273120433092
2026-08-24 10:08:00,0.07982273120433092
2026-08-24 10:09:00,0.07982273120433092
2026-08-24 10:10:00,0.07331829145550728
2026-08-24 10:11:00,0.07331829145550728
2026-08-24 10:12:00,0.07331829145550728
2026-08-24 10:13:00,0.07331829145550728
2026-08-24 10:14:00,0.07331829145550728
2026-08-24 10:15:00,0.06525407545268536
2026-08-24 10:16:00,0.06525407545268536
2026-08-24 10:17:00,0.06525407545268536
2026-08-24 10:18:00,0.06525407545268536
2026-08-24 10:19:00,0.06525407545268536
2026-08-24 10:20:00,0.06043278146535158
2026-08-24 10:21:00,0.06043278146535158
2026-08-24 10:22:00,0.06043278146535158
2026-08-24 10:23:00,0.06043278146535158
2026-08-24 10:24:00,0.06043278146535158
2026-08-24 10:25:00,0.0581334987655282
2026-08-24 10:26:00,0.0581334987655282
2026-08-24 10:27:00,0.0581334987655282
2026-08-24 10:28:00,0.0581334987655282
2026-08-24 10:29:00,0.0581334987655282
2026-08-24 10:30:00,0.05666172690689564
2026-08-24 10:31:00,0.05666172690689564
2026-08-24 10:32:00,0.05666172690689564
2026-08-24 10:33:00,0.05666172690689564
2026-08-24 10:34:00,0.05666172690689564
2026-08-24 10:35:00,0.05799209699034691
2026-08-24 10:36:00,0.05799209699034691
2026-08-24 10:37:00,0.05799209699034691
2026-08-24 10:38:00,0.05799209699034691
2026-08-24 10:39:00,0.05799209699034691
2026-08-24 10:40:00,0.060311115346848965
2026-08-24 10:41:00,0.060311115346848965
2026-08-24 10:42:00,0.060311115346848965
2026-08-24 10:43:00,0.060311115346848965
2026-08-24 10:44:00,0.060311115346848965
2026-08-24 10:45:00,0.0623045489192009
2026-08-24 10:46:00,0.0623045489192009
2026-08-24 10:47:00,0.0623045489192009
2026-08-24 10:48:00,0.0623045489192009
2026-08-24 10:49:00,0.0623045489192009
2026-08-24 10:50:00,0.06262030825018883
2026-08-24 10:51:00,0.06262030825018883
2026-08-24 10:52:00,0.06262030825018883
2026-08-24 10:53:00,0.06262030825018883
2026-08-24 10:54:00,0.06262030825018883
2026-08-24 10:55:00,0.060247983783483505
2026-08-24 10:56:00,0.060247983783483505
2026-08-24 10:57:00,0.060247983783483505
2026-08-24 10:58:00,0.060247983783483505
2026-08-24 10:59:00,0.060247983783483505
2026-08-24 11:00:00,0.05969307757914066
2026-08-24 11:01:00,0.05969307757914066
2026-08-24 11:02:00,0.05969307757914066
2026-08-24 11:03:00,0.05969307757914066
2026-08-24 11:04:00,0.05969307757914066
2026-08-24 11:05:00,0.06255957297980785
2026-08-24 11:06:00,0.06255957297980785
2026-08-24 11:07:00,0.06255957297980785
2026-08-24 11:08:00,0.06255957297980785
2026-08-24 11:09:00,0.06255957297980785
2026-08-24 11:10:00,0.06641300581395626
2026-08-24 11:11:00,0.06641300581395626
2026-08-24 11:12:00,0.06641300581395626
2026-08-24 11:13:00,0.06641300581395626
2026-08-24 11:14:00,0.06641300581395626
2026-08-24 11:15:00,0.07254940271377563
2026-08-24 11:16:00,0.07254940271377563
2026-08-24 11:17:00,0.07254940271377563
2026-08-24 11:18:00,0.07254940271377563
2026-08-24 11:19:00,0.07254940271377563
2026-08-24 11:20:00,0.07399357669055462
2026-08-24 11:21:00,0.07399357669055462
2026-08-24 11:22:00,0.07399357669055462
2026-08-24 11:23:00,0.07399357669055462
2026-08-24 11:24:00,0.07399357669055462
2026-08-24 11:25:00,0.07581456378102303
2026-08-24 11:26:00,0.07581456378102303
2026-08-24 11:27:00,0.07581456378102303
2026-08-24 11:28:00,0.07581456378102303
2026-08-24 11:29:00,0.07581456378102303
2026-08-24 11:30:00,0.08024014718830585
2026-08-24 11:31:00,0.08024014718830585
2026-08-24 11:32:00,0.08024014718830585
2026-08-24 11:33:00,0.08024014718830585
2026-08-24 11:34:00,0.08024014718830585
2026-08-24 11:35:00,0.08005232363939285
2026-08-24 11:36:00,0.08005232363939285
2026-08-24 11:37:00,0.08005232363939285
2026-08-24 11:38:00,0.08005232363939285
2026-08-24 11:39:00,0.08005232363939285
2026-08-24 11:40:00,0.08021168410778046
2026-08-24 11:41:00,0.08021168410778046
2026-08-24 11:42:00,0.08021168410778046
2026-08-24 11:43:00,0.08021168410778046
2026-08-24 11:44:00,0.08021168410778046
2026-08-24 11:45:00,0.09055177122354507
2026-08-24 11:46:00,0.09055177122354507
2026-08-24 11:47:00,0.09055177122354507
2026-08-24 11:48:00,0.09055177122354507
2026-08-24 11:49:00,0.09055177122354507
2026-08-24 11:50:00,0.10112078487873077
2026-08-24 11:51:00,0.10112078487873077
2026-08-24 11:52:00,0.10112078487873077
2026-08-24 11:53:00,0.10112078487873077
2026-08-24 11:54:00,0.10112078487873077
2026-08-24 11:55:00,0.11287138238549232
2026-08-24 11:56:00,0.11287138238549232
2026-08-24 11:57:00,0.11287138238549232
2026-08-24 11:58:00,0.11287138238549232
2026-08-24 11:59:00,0.11287138238549232
2026-08-24 12:00:00,0.12288236804306507
2026-08-24 12:01:00,0.12288236804306507
2026-08-24 12:02:00,0.12288236804306507
2026-08-24 12:03:00,0.12288236804306507
2026-08-24 12:04:00,0.12288236804306507
2026-08-24 12:05:00,0.11165408417582512
2026-08-24 12:06:00,0.11165408417582512
2026-08-24 12:07:00,0.11165408417582512
2026-08-24 12:08:00,0.11165408417582512
2026-08-24 12:09:00,0.11165408417582512
2026-08-24 12:10:00,0.0913805216550827
2026-08-24 12:11:00,0.0913805216550827
2026-08-24 12:12:00,0.0913805216550827
2026-08-24 12:13:00,0.0913805216550827
2026-08-24 12:14:00,0.0913805216550827
2026-08-24 12:15:00,0.07193022966384888
2026-08-24 12:16:00,0.07193022966384888
2026-08-24 12:17:00,0.07193022966384888
2026-08-24 12:18:00,0.07193022966384888
2026-08-24 12:19:00,0.07193022966384888
2026-08-24 12:20:00,0.05765630304813385
2026-08-24 12:21:00,0.05765630304813385
2026-08-24 12:22:00,0.05765630304813385
2026-08-24 12:23:00,0.05765630304813385
2026-08-24 12:24:00,0.05765630304813385
2026-08-24 12:25:00,0.05419181101024151
2026-08-24 12:26:00,0.05419181101024151
2026-08-24 12:27:00,0.05419181101024151
2026-08-24 12:28:00,0.05419181101024151
2026-08-24 12:29:00,0.05419181101024151
2026-08-24 12:30:00,0.0584678091108799
2026-08-24 12:31:00,0.0584678091108799
2026-08-24 12:32:00,0.0584678091108799
2026-08-24 12:33:00,0.0584678091108799
2026-08-24 12:34:00,0.0584678091108799
2026-08-24 12:35:00,0.06167804542928934
2026-08-24 12:36:00,0.06167804542928934
2026-08-24 12:37:00,0.06167804542928934
2026-08-24 12:38:00,0.06167804542928934
2026-08-24 12:39:00,0.06167804542928934
2026-08-24 12:40:00,0.06366594228893518
2026-08-24 12:41:00,0.06366594228893518
2026-08-24 12:42:00,0.06366594228893518
2026-08-24 12:43:00,0.06366594228893518
2026-08-24 12:44:00,0.06366594228893518
2026-08-24 12:45:00,0.06787009071558714
2026-08-24 12:46:00,0.06787009071558714
2026-08-24 12:47:00,0.06787009071558714
2026-08-24 12:48:00,0.06787009071558714
2026-08-24 12:49:00,0.06787009071558714
2026-08-24 12:50:00,0.07110714819282293
2026-08-24 12:51:00,0.07110714819282293
2026-08-24 12:52:00,0.07110714819282293
2026-08-24 12:53:00,0.07110714819282293
2026-08-24 12:54:00,0.07110714819282293
2026-08-24 12:55:00,0.07179889641702175
2026-08-24 12:56:00,0.07179889641702175
2026-08-24 12:57:00,0.07179889641702175
2026-08-24 12:58:00,0.07179889641702175
2026-08-24 12:59:00,0.07179889641702175
2026-08-24 13:00:00,0.07332905754446983
2026-08-24 13:01:00,0.07332905754446983
2026-08-24 13:02:00,0.07332905754446983
2026-08-24 13:03:00,0.07332905754446983
2026-08-24 13:04:00,0.07332905754446983
2026-08-24 13:05:00,0.06769124325364828
2026-08-24 13:06:00,0.06769124325364828
2026-08-24 13:07:00,0.06769124325364828
2026-08-24 13:08:00,0.06769124325364828
2026-08-24 13:09:00,0.06769124325364828
2026-08-24 13:10:00,0.06068313401192427
2026-08-24 13:11:00,0.06068313401192427
2026-08-24 13:12:00,0.06068313401192427
2026-08-24 13:13:00,0.06068313401192427
2026-08-24 13:14:00,0.06068313401192427
2026-08-24 13:15:00,0.05954410880804062
2026-08-24 13:16:00,0.05954410880804062
2026-08-24 13:17:00,0.05954410880804062
2026-08-24 13:18:00,0.05954410880804062
2026-08-24 13:19:00,0.05954410880804062
2026-08-24 13:20:00,0.058143991976976395
2026-08-24 13:21:00,0.058143991976976395
2026-08-24 13:22:00,0.058143991976976395
2026-08-24 13:23:00,0.058143991976976395
2026-08-24 13:24:00,0.058143991976976395
2026-08-24 13:25:00,0.05963187664747238
2026-08-24 13:26:00,0.05963187664747238
2026-08-24 13:27:00,0.05963187664747238
2026-08-24 13:28:00,0.05963187664747238
2026-08-24 13:29:00,0.05963187664747238
2026-08-24 13:30:00,0.06319621577858925
2026-08-24 13:31:00,0.06319621577858925
2026-08-24 13:32:00,0.06319621577858925
2026-08-24 13:33:00,0.06319621577858925
2026-08-24 13:34:00,0.06319621577858925
2026-08-24 13:35:00,0.0620849234983325
2026-08-24 13:36:00,0.0620849234983325
2026-08-24 13:37:00,0.0620849234983325
2026-08-24 13:38:00,0.0620849234983325
2026-08-24 13:39:00,0.0620849234983325
2026-08-24 13:40:00,0.06112139951437712
2026-08-24 13:41:00,0.06112139951437712
2026-08-24 13:42:00,0.06112139951437712
2026-08-24 13:43:00,0.06112139951437712
2026-08-24 13:44:00,0.06112139951437712
2026-08-24 13:45:00,0.06276384927332401
2026-08-24 13:46:00,0.06276384927332401
2026-08-24 13:47:00,0.06276384927332401
2026-08-24 13:48:00,0.06276384927332401
2026-08-24 13:49:00,0.06276384927332401
2026-08-24 13:50:00,0.06136931572109461
2026-08-24 13:51:00,0.06136931572109461
2026-08-24 13:52:00,0.06136931572109461
2026-08-24 13:53:00,0.06136931572109461
2026-08-24 13:54:00,0.06136931572109461
2026-08-24 13:55:00,0.06384049076586962
2026-08-24 13:56:00,0.06384049076586962
2026-08-24 13:57:00,0.06384049076586962
2026-08-24 13:58:00,0.06384049076586962
2026-08-24 13:59:00,0.06384049076586962
2026-08-24 14:00:00,0.06606103386729956
2026-08-24 14:01:00,0.06606103386729956
2026-08-24 14:02:00,0.06606103386729956
2026-08-24 14:03:00,0.06606103386729956
2026-08-24 14:04:00,0.06606103386729956
2026-08-24 14:05:00,0.06556602474302053
2026-08-24 14:06:00,0.06556602474302053
2026-08-24 14:07:00,0.06556602474302053
2026-08-24 14:08:00,0.06556602474302053
2026-08-24 14:09:00,0.06556602474302053
2026-08-24 14:10:00,0.066181855276227
2026-08-24 14:11:00,0.066181855276227
2026-08-24 14:12:00,0.066181855276227
2026-08-24 14:13:00,0.066181855276227
2026-08-24 14:14:00,0.066181855276227
2026-08-24 14:15:00,0.06570983119308949
2026-08-24 14:16:00,0.06570983119308949
2026-08-24 14:17:00,0.06570983119308949
2026-08-24 14:18:00,0.06570983119308949
2026-08-24 14:19:00,0.06570983119308949
2026-08-24 14:20:00,0.062948496080935
2026-08-24 14:21:00,0.062948496080935
2026-08-24 14:22:00,0.062948496080935
2026-08-24 14:23:00,0.062948496080935
2026-08-24 14:24:00,0.062948496080935
2026-08-24 14:25:00,0.06234078947454691
2026-08-24 14:26:00,0.06234078947454691
2026-08-24 14:27:00,0.06234078947454691
2026-08-24 14:28:00,0.06234078947454691
2026-08-24 14:29:00,0.06234078947454691
2026-08-24 14:30:00,0.06368135381489992
2026-08-24 14:31:00,0.06368135381489992
2026-08-24 14:32:00,0.06368135381489992
2026-08-24 14:33:00,0.06368135381489992
2026-08-24 14:34:00,0.06368135381489992
2026-08-24 14:35:00,0.06530813034623861
2026-08-24 14:36:00,0.06530813034623861
2026-08-24 14:37:00,0.06530813034623861
2026-08-24 14:38:00,0.06530813034623861
2026-08-24 14:39:00,0.06530813034623861
2026-08-24 14:40:00,0.06898701563477516
2026-08-24 14:41:00,0.06898701563477516
2026-08-24 14:42:00,0.06898701563477516
2026-08-24 14:43:00,0.06898701563477516
2026-08-24 14:44:00,0.06898701563477516
2026-08-24 14:45:00,0.07298928685486317
2026-08-24 14:46:00,0.07298928685486317
2026-08-24 14:47:00,0.07298928685486317
2026-08-24 14:48:00,0.07298928685486317
2026-08-24 14:49:00,0.07298928685486317
2026-08-24 14:50:00,0.0766011718660593
2026-08-24 14:51:00,0.0766011718660593
2026-08-24 14:52:00,0.0766011718660593
2026-08-24 14:53:00,0.0766011718660593
2026-08-24 14:54:00,0.0766011718660593
2026-08-24 14:55:00,0.0778760090470314
2026-08-24 14:56:00,0.0778760090470314
2026-08-24 14:57:00,0.0778760090470314
2026-08-24 14:58:00,0.0778760090470314
2026-08-24 14:59:00,0.0778760090470314
2026-08-24 15:00:00,0.08023908734321594
2026-08-24 15:01:00,0.08023908734321594
2026-08-24 15:02:00,0.08023908734321594
2026-08-24 15:03:00,0.08023908734321594
2026-08-24 15:04:00,0.08023908734321594
2026-08-24 15:05:00,0.07730733789503574
2026-08-24 15:06:00,0.07730733789503574
2026-08-24 15:07:00,0.07730733789503574
2026-08-24 15:08:00,0.07730733789503574
2026-08-24 15:09:00,0.07730733789503574
2026-08-24 15:10:00,0.07044301275163889
2026-08-24 15:11:00,0.07044301275163889
2026-08-24 15:12:00,0.07044301275163889
2026-08-24 15:13:00,0.07044301275163889
2026-08-24 15:14:00,0.07044301275163889
2026-08-24 15:15:00,0.34942196030169725
2026-08-24 15:16:00,0.34942196030169725
2026-08-24 15:17:00,0.34942196030169725
2026-08-24 15:18:00,0.34942196030169725
2026-08-24 15:19:00,0.34942196030169725
2026-08-24 15:20:00,0.6264069965109229
2026-08-24 15:21:00,0.6264069965109229
2026-08-24 15:22:00,0.6264069965109229
2026-08-24 15:23:00,0.6264069965109229
2026-08-24 15:24:00,0.6264069965109229
2026-08-24 15:25:00,0.9074370888993144
2026-08-24 15:26:00,0.9074370888993144
2026-08-24 15:27:00,0.9074370888993144
2026-08-24 15:28:00,0.9074370888993144
2026-08-24 15:29:00,0.9074370888993144
2026-08-24 15:30:00,1.1916308403015137
2026-08-24 15:31:00,1.1916308403015137
2026-08-24 15:32:00,1.1916308403015137
2026-08-24 15:33:00,1.1916308403015137
2026-08-24 15:34:00,1.1916308403015137
2026-08-24 15:35:00,0.9535232931375504
2026-08-24 15:36:00,0.9535232931375504
2026-08-24 15:37:00,0.9535232931375504
2026-08-24 15:38:00,0.9535232931375504
2026-08-24 15:39:00,0.9535232931375504
2026-08-24 15:40:00,0.7159121632575989
2026-08-24 15:41:00,0.7159121632575989
2026-08-24 15:42:00,0.7159121632575989
2026-08-24 15:43:00,0.7159121632575989
2026-08-24 15:44:00,0.7159121632575989
2026-08-24 15:45:00,0.478855200111866
2026-08-24 15:46:00,0.478855200111866
2026-08-24 15:47:00,0.478855200111866
2026-08-24 15:48:00,0.478855200111866
2026-08-24 15:49:00,0.478855200111866
2026-08-24 15:50:00,0.2421356961131096
2026-08-24 15:51:00,0.2421356961131096
2026-08-24 15:52:00,0.2421356961131096
2026-08-24 15:53:00,0.2421356961131096
2026-08-24 15:54:00,0.2421356961131096
2026-08-24 15:55:00,0.2453310489654541
2026-08-24 15:56:00,0.2453310489654541
2026-08-24 15:57:00,0.2453310489654541
2026-08-24 15:58:00,0.2453310489654541
2026-08-24 15:59:00,0.2453310489654541
2026-08-24 16:00:00,0.24562694877386093
2026-08-24 16:01:00,0.24562694877386093
2026-08-24 16:02:00,0.24562694877386093
2026-08-24 16:03:00,0.24562694877386093
2026-08-24 16:04:00,0.24562694877386093
2026-08-24 16:05:00,0.24838430434465408
2026-08-24 16:06:00,0.24838430434465408
2026-08-24 16:07:00,0.24838430434465408
2026-08-24 16:08:00,0.24838430434465408
2026-08-24 16:09:00,0.24838430434465408
2026-08-24 16:10:00,0.26438750326633453
2026-08-24 16:11:00,0.26438750326633453
2026-08-24 16:12:00,0.26438750326633453
2026-08-24 16:13:00,0.26438750326633453
2026-08-24 16:14:00,0.26438750326633453
2026-08-24 16:15:00,0.3021043762564659
2026-08-24 16:16:00,0.3021043762564659
2026-08-24 16:17:00,0.3021043762564659
2026-08-24 16:18:00,0.3021043762564659
2026-08-24 16:19:00,0.3021043762564659
2026-08-24 16:20:00,0.3445332273840904
2026-08-24 16:21:00,0.3445332273840904
2026-08-24 16:22:00,0.3445332273840904
2026-08-24 16:23:00,0.3445332273840904
2026-08-24 16:24:00,0.3445332273840904
2026-08-24 16:25:00,0.36628344655036926
2026-08-24 16:26:00,0.36628344655036926
2026-08-24 16:27:00,0.36628344655036926
2026-08-24 16:28:00,0.36628344655036926
2026-08-24 16:29:00,0.36628344655036926
2026-08-24 16:30:00,0.35785385966300964
2026-08-24 16:31:00,0.35785385966300964
2026-08-24 16:32:00,0.35785385966300964
2026-08-24 16:33:00,0.35785385966300964
2026-08-24 16:34:00,0.35785385966300964
2026-08-24 16:35:00,0.2701141843572259
2026-08-24 16:36:00,0.2701141843572259
2026-08-24 16:37:00,0.2701141843572259
2026-08-24 16:38:00,0.2701141843572259
2026-08-24 16:39:00,0.2701141843572259
2026-08-24 16:40:00,0.1798254307359457
2026-08-24 16:41:00,0.1798254307359457
2026-08-24 16:42:00,0.1798254307359457
2026-08-24 16:43:00,0.1798254307359457
2026-08-24 16:44:00,0.1798254307359457
2026-08-24 16:45:00,0.11204631812870502
2026-08-24 16:46:00,0.11204631812870502
2026-08-24 16:47:00,0.11204631812870502
2026-08-24 16:48:00,0.11204631812870502
2026-08-24 16:49:00,0.11204631812870502
2026-08-24 16:50:00,0.06110239587724209
2026-08-24 16:51:00,0.06110239587724209
2026-08-24 16:52:00,0.06110239587724209
2026-08-24 16:53:00,0.06110239587724209
2026-08-24 16:54:00,0.06110239587724209
2026-08-24 16:55:00,0.06822263170033693
2026-08-24 16:56:00,0.06822263170033693
2026-08-24 16:57:00,0.06822263170033693
2026-08-24 16:58:00,0.06822263170033693
2026-08-24 16:59:00,0.06822263170033693
2026-08-24 17:00:00,0.07509363815188408
2026-08-24 17:01:00,0.07509363815188408
2026-08-24 17:02:00,0.07509363815188408
2026-08-24 17:03:00,0.07509363815188408
2026-08-24 17:04:00,0.07509363815188408
2026-08-24 17:05:00,0.07252828497439623
2026-08-24 17:06:00,0.07252828497439623
2026-08-24 17:07:00,0.07252828497439623
2026-08-24 17:08:00,0.07252828497439623
2026-08-24 17:09:00,0.07252828497439623
2026-08-24 17:10:00,0.07199167367070913
2026-08-24 17:11:00,0.07199167367070913
2026-08-24 17:12:00,0.07199167367070913
2026-08-24 17:13:00,0.07199167367070913
2026-08-24 17:14:00,0.07199167367070913
2026-08-24 17:15:00,0.06762479338794947
2026-08-24 17:16:00,0.06762479338794947
2026-08-24 17:17:00,0.06762479338794947
2026-08-24 17:18:00,0.06762479338794947
2026-08-24 17:19:00,0.06762479338794947
2026-08-24 17:20:00,0.06513068545609713
2026-08-24 17:21:00,0.06513068545609713
2026-08-24 17:22:00,0.06513068545609713
2026-08-24 17:23:00,0.06513068545609713
2026-08-24 17:24:00,0.06513068545609713
2026-08-24 17:25:00,0.06529486458748579
2026-08-24 17:26:00,0.06529486458748579
2026-08-24 17:27:00,0.06529486458748579
2026-08-24 17:28:00,0.06529486458748579
2026-08-24 17:29:00,0.06529486458748579
2026-08-24 17:30:00,0.06177485082298517
2026-08-24 17:31:00,0.06177485082298517
2026-08-24 17:32:00,0.06177485082298517
2026-08-24 17:33:00,0.06177485082298517
2026-08-24 17:34:00,0.06177485082298517
2026-08-24 17:35:00,0.061577362939715385
2026-08-24 17:36:00,0.061577362939715385
2026-08-24 17:37:00,0.061577362939715385
2026-08-24 17:38:00,0.061577362939715385
2026-08-24 17:39:00,0.061577362939715385
2026-08-24 17:40:00,0.0603573564440012
2026-08-24 17:41:00,0.0603573564440012
2026-08-24 17:42:00,0.0603573564440012
2026-08-24 17:43:00,0.0603573564440012
2026-08-24 17:44:00,0.0603573564440012
2026-08-24 17:45:00,0.058835115283727646
2026-08-24 17:46:00,0.058835115283727646
2026-08-24 17:47:00,0.058835115283727646
2026-08-24 17:48:00,0.058835115283727646
2026-08-24 17:49:00,0.058835115283727646
2026-08-24 17:50:00,0.059056950733065605
2026-08-24 17:51:00,0.059056950733065605
2026-08-24 17:52:00,0.059056950733065605
2026-08-24 17:53:00,0.059056950733065605
2026-08-24 17:54:00,0.059056950733065605
2026-08-24 17:55:00,0.06114180851727724
2026-08-24 17:56:00,0.06114180851727724
2026-08-24 17:57:00,0.06114180851727724
2026-08-24 17:58:00,0.06114180851727724
2026-08-24 17:59:00,0.06114180851727724
2026-08-24 18:00:00,0.06935232412070036
2026-08-24 18:01:00,0.06935232412070036
2026-08-24 18:02:00,0.06935232412070036
2026-08-24 18:03:00,0.06935232412070036
2026-08-24 18:04:00,0.06935232412070036
2026-08-24 18:05:00,0.07873783260583878
2026-08-24 18:06:00,0.07873783260583878
2026-08-24 18:07:00,0.07873783260583878
2026-08-24 18:08:00,0.07873783260583878
2026-08-24 18:09:00,0.07873783260583878
2026-08-24 18:10:00,0.08516140654683113
2026-08-24 18:11:00,0.08516140654683113
2026-08-24 18:12:00,0.08516140654683113
2026-08-24 18:13:00,0.08516140654683113
2026-08-24 18:14:00,0.08516140654683113
2026-08-24 18:15:00,0.08672245405614376
2026-08-24 18:16:00,0.08672245405614376
2026-08-24 18:17:00,0.08672245405614376
2026-08-24 18:18:00,0.08672245405614376
2026-08-24 18:19:00,0.08672245405614376
2026-08-24 18:20:00,0.07957451418042183
2026-08-24 18:21:00,0.07957451418042183
2026-08-24 18:22:00,0.07957451418042183
2026-08-24 18:23:00,0.07957451418042183
2026-08-24 18:24:00,0.07957451418042183
2026-08-24 18:25:00,0.12121991254389286
2026-08-24 18:26:00,0.12121991254389286
2026-08-24 18:27:00,0.12121991254389286
2026-08-24 18:28:00,0.12121991254389286
2026-08-24 18:29:00,0.12121991254389286
2026-08-24 18:30:00,0.21980854868888855
2026-08-24 18:31:00,0.21980854868888855
2026-08-24 18:32:00,0.21980854868888855
2026-08-24 18:33:00,0.21980854868888855
2026-08-24 18:34:00,0.21980854868888855
2026-08-24 18:35:00,0.3222304880619049
2026-08-24 18:36:00,0.3222304880619049
2026-08-24 18:37:00,0.3222304880619049
2026-08-24 18:38:00,0.3222304880619049
2026-08-24 18:39:00,0.3222304880619049
2026-08-24 18:40:00,0.4272484630346298
2026-08-24 18:41:00,0.4272484630346298
2026-08-24 18:42:00,0.4272484630346298
2026-08-24 18:43:00,0.4272484630346298
2026-08-24 18:44:00,0.4272484630346298
2026-08-24 18:45:00,0.4197446368634701
2026-08-24 18:46:00,0.4197446368634701
2026-08-24 18:47:00,0.4197446368634701
2026-08-24 18:48:00,0.4197446368634701
2026-08-24 18:49:00,0.4197446368634701
2026-08-24 18:50:00,0.3193817250430584
2026-08-24 18:51:00,0.3193817250430584
2026-08-24 18:52:00,0.3193817250430584
2026-08-24 18:53:00,0.3193817250430584
2026-08-24 18:54:00,0.3193817250430584
2026-08-24 18:55:00,0.22001761570572853
2026-08-24 18:56:00,0.22001761570572853
2026-08-24 18:57:00,0.22001761570572853
2026-08-24 18:58:00,0.22001761570572853
2026-08-24 18:59:00,0.22001761570572853
2026-08-24 19:00:00,0.1202254593372345
2026-08-24 19:01:00,0.1202254593372345
2026-08-24 19:02:00,0.1202254593372345
2026-08-24 19:03:00,0.1202254593372345
2026-08-24 19:04:00,0.1202254593372345
2026-08-24 19:05:00,0.08581289276480675
2026-08-24 19:06:00,0.08581289276480675
2026-08-24 19:07:00,0.08581289276480675
2026-08-24 19:08:00,0.08581289276480675
2026-08-24 19:09:00,0.08581289276480675
2026-08-24 19:10:00,0.08916232734918594
2026-08-24 19:11:00,0.08916232734918594
2026-08-24 19:12:00,0.08916232734918594
2026-08-24 19:13:00,0.08916232734918594
2026-08-24 19:14:00,0.08916232734918594
2026-08-24 19:15:00,0.08463334292173386
2026-08-24 19:16:00,0.08463334292173386
2026-08-24 19:17:00,0.08463334292173386
2026-08-24 19:18:00,0.08463334292173386
2026-08-24 19:19:00,0.08463334292173386
2026-08-24 19:20:00,0.07854330167174339
2026-08-24 19:21:00,0.07854330167174339
2026-08-24 19:22:00,0.07854330167174339
2026-08-24 19:23:00,0.07854330167174339
2026-08-24 19:24:00,0.07854330167174339
2026-08-24 19:25:00,0.3732193447649479
2026-08-24 19:26:00,0.3732193447649479
2026-08-24 19:27:00,0.3732193447649479
2026-08-24 19:28:00,0.3732193447649479
2026-08-24 19:29:00,0.3732193447649479
2026-08-24 19:30:00,0.6687003374099731
2026-08-24 19:31:00,0.6687003374099731
2026-08-24 19:32:00,0.6687003374099731
2026-08-24 19:33:00,0.6687003374099731
2026-08-24 19:34:00,0.6687003374099731
2026-08-24 19:35:00,0.9686159417033195
2026-08-24 19:36:00,0.9686159417033195
2026-08-24 19:37:00,0.9686159417033195
2026-08-24 19:38:00,0.9686159417033195
2026-08-24 19:39:00,0.9686159417033195
2026-08-24 19:40:00,1.2693832218647003
2026-08-24 19:41:00,1.2693832218647003
2026-08-24 19:42:00,1.2693832218647003
2026-08-24 19:43:00,1.2693832218647003
2026-08-24 19:44:00,1.2693832218647003
2026-08-24 19:45:00,1.0298336371779442
2026-08-24 19:46:00,1.0298336371779442
2026-08-24 19:47:00,1.0298336371779442
2026-08-24 19:48:00,1.0298336371779442
2026-08-24 19:49:00,1.0298336371779442
2026-08-24 19:50:00,0.7875077575445175
2026-08-24 19:51:00,0.7875077575445175
2026-08-24 19:52:00,0.7875077575445175
2026-08-24 19:53:00,0.7875077575445175
2026-08-24 19:54:00,0.7875077575445175
2026-08-24 19:55:00,0.5432183220982552
2026-08-24 19:56:00,0.5432183220982552
2026-08-24 19:57:00,0.5432183220982552
2026-08-24 19:58:00,0.5432183220982552
2026-08-24 19:59:00,0.5432183220982552
2026-08-24 20:00:00,0.2985580638051033
2026-08-24 20:01:00,0.2985580638051033
2026-08-24 20:02:00,0.2985580638051033
2026-08-24 20:03:00,0.2985580638051033
2026-08-24 20:04:00,0.2985580638051033
2026-08-24 20:05:00,0.2920398488640785
2026-08-24 20:06:00,0.2920398488640785
2026-08-24 20:07:00,0.2920398488640785
2026-08-24 20:08:00,0.2920398488640785
2026-08-24 20:09:00,0.2920398488640785
2026-08-24 20:10:00,0.2885517328977585
2026-08-24 20:11:00,0.2885517328977585
2026-08-24 20:12:00,0.2885517328977585
2026-08-24 20:13:00,0.2885517328977585
2026-08-24 20:14:00,0.2885517328977585
2026-08-24 20:15:00,0.28836866468191147
2026-08-24 20:16:00,0.28836866468191147
2026-08-24 20:17:00,0.28836866468191147
2026-08-24 20:18:00,0.28836866468191147
2026-08-24 20:19:00,0.28836866468191147
2026-08-24 20:20:00,0.2892552837729454
2026-08-24 20:21:00,0.2892552837729454
2026-08-24 20:22:00,0.2892552837729454
2026-08-24 20:23:00,0.2892552837729454
2026-08-24 20:24:00,0.2892552837729454
2026-08-24 20:25:00,0.2902486175298691
2026-08-24 20:26:00,0.2902486175298691
2026-08-24 20:27:00,0.2902486175298691
2026-08-24 20:28:00,0.2902486175298691
2026-08-24 20:29:00,0.2902486175298691
2026-08-24 20:30:00,0.29142947494983673
2026-08-24 20:31:00,0.29142947494983673
2026-08-24 20:32:00,0.29142947494983673
2026-08-24 20:33:00,0.29142947494983673
2026-08-24 20:34:00,0.29142947494983673
2026-08-24 20:35:00,0.28958502411842346
2026-08-24 20:36:00,0.28958502411842346
2026-08-24 20:37:00,0.28958502411842346
2026-08-24 20:38:00,0.28958502411842346
2026-08-24 20:39:00,0.28958502411842346
2026-08-24 20:40:00,0.2879435420036316
2026-08-24 20:41:00,0.2879435420036316
2026-08-24 20:42:00,0.2879435420036316
2026-08-24 20:43:00,0.2879435420036316
2026-08-24 20:44:00,0.2879435420036316
2026-08-24 20:45:00,0.23738645762205124
2026-08-24 20:46:00,0.23738645762205124
2026-08-24 20:47:00,0.23738645762205124
2026-08-24 20:48:00,0.23738645762205124
2026-08-24 20:49:00,0.23738645762205124
2026-08-24 20:50:00,0.17991348169744015
2026-08-24 20:51:00,0.17991348169744015
2026-08-24 20:52:00,0.17991348169744015
2026-08-24 20:53:00,0.17991348169744015
2026-08-24 20:54:00,0.17991348169744015
2026-08-24 20:55:00,0.12642813846468925
2026-08-24 20:56:00,0.12642813846468925
2026-08-24 20:57:00,0.12642813846468925
2026-08-24 20:58:00,0.12642813846468925
2026-08-24 20:59:00,0.12642813846468925
2026-08-24 21:00:00,0.0776708759367466
2026-08-24 21:01:00,0.0776708759367466
2026-08-24 21:02:00,0.0776708759367466
2026-08-24 21:03:00,0.0776708759367466
2026-08-24 21:04:00,0.0776708759367466
2026-08-24 21:05:00,0.08390383049845695
2026-08-24 21:06:00,0.08390383049845695
2026-08-24 21:07:00,0.08390383049845695
2026-08-24 21:08:00,0.08390383049845695
2026-08-24 21:09:00,0.08390383049845695
2026-08-24 21:10:00,0.09785191528499126
2026-08-24 21:11:00,0.09785191528499126
2026-08-24 21:12:00,0.09785191528499126
2026-08-24 21:13:00,0.09785191528499126
2026-08-24 21:14:00,0.09785191528499126
2026-08-24 21:15:00,0.10434899665415287
2026-08-24 21:16:00,0.10434899665415287
2026-08-24 21:17:00,0.10434899665415287
2026-08-24 21:18:00,0.10434899665415287
2026-08-24 21:19:00,0.10434899665415287
2026-08-24 21:20:00,0.10186787880957127
2026-08-24 21:21:00,0.10186787880957127
2026-08-24 21:22:00,0.10186787880957127
2026-08-24 21:23:00,0.10186787880957127
2026-08-24 21:24:00,0.10186787880957127
2026-08-24 21:25:00,0.09418375417590141
2026-08-24 21:26:00,0.09418375417590141
2026-08-24 21:27:00,0.09418375417590141
2026-08-24 21:28:00,0.09418375417590141
2026-08-24 21:29:00,0.09418375417590141
2026-08-24 21:30:00,0.09000666625797749
2026-08-24 21:31:00,0.09000666625797749
2026-08-24 21:32:00,0.09000666625797749
2026-08-24 21:33:00,0.09000666625797749
2026-08-24 21:34:00,0.09000666625797749
2026-08-24 21:35:00,0.08601056970655918
2026-08-24 21:36:00,0.08601056970655918
2026-08-24 21:37:00,0.08601056970655918
2026-08-24 21:38:00,0.08601056970655918
2026-08-24 21:39:00,0.08601056970655918
2026-08-24 21:40:00,0.07976391538977623
2026-08-24 21:41:00,0.07976391538977623
2026-08-24 21:42:00,0.07976391538977623
2026-08-24 21:43:00,0.07976391538977623
2026-08-24 21:44:00,0.07976391538977623
2026-08-24 21:45:00,0.07227975875139236
2026-08-24 21:46:00,0.07227975875139236
2026-08-24 21:47:00,0.07227975875139236
2026-08-24 21:48:00,0.07227975875139236
2026-08-24 21:49:00,0.07227975875139236
2026-08-24 21:50:00,0.05837918259203434
2026-08-24 21:51:00,0.05837918259203434
2026-08-24 21:52:00,0.05837918259203434
2026-08-24 21:53:00,0.05837918259203434
2026-08-24 21:54:00,0.05837918259203434
2026-08-24 21:55:00,0.05010219197720289
2026-08-24 21:56:00,0.05010219197720289
2026-08-24 21:57:00,0.05010219197720289
2026-08-24 21:58:00,0.05010219197720289
2026-08-24 21:59:00,0.05010219197720289
2026-08-24 22:00:00,0.0503972377628088
2026-08-24 22:01:00,0.0503972377628088
2026-08-24 22:02:00,0.0503972377628088
2026-08-24 22:03:00,0.0503972377628088
2026-08-24 22:04:00,0.0503972377628088
2026-08-24 22:05:00,0.0510245505720377
2026-08-24 22:06:00,0.0510245505720377
2026-08-24 22:07:00,0.0510245505720377
2026-08-24 22:08:00,0.0510245505720377
2026-08-24 22:09:00,0.0510245505720377
2026-08-24 22:10:00,0.052681026980280876
2026-08-24 22:11:00,0.052681026980280876
2026-08-24 22:12:00,0.052681026980280876
2026-08-24 22:13:00,0.052681026980280876
2026-08-24 22:14:00,0.052681026980280876
2026-08-24 22:15:00,0.053333474323153496
2026-08-24 22:16:00,0.053333474323153496
2026-08-24 22:17:00,0.053333474323153496
2026-08-24 22:18:00,0.053333474323153496
2026-08-24 22:19:00,0.053333474323153496
2026-08-24 22:20:00,0.05714310612529516
2026-08-24 22:21:00,0.05714310612529516
2026-08-24 22:22:00,0.05714310612529516
2026-08-24 22:23:00,0.05714310612529516
2026-08-24 22:24:00,0.05714310612529516
2026-08-24 22:25:00,0.06318381521850824
2026-08-24 22:26:00,0.06318381521850824
2026-08-24 22:27:00,0.06318381521850824
2026-08-24 22:28:00,0.06318381521850824
2026-08-24 22:29:00,0.06318381521850824
2026-08-24 22:30:00,0.07121846545487642
2026-08-24 22:31:00,0.07121846545487642
2026-08-24 22:32:00,0.07121846545487642
2026-08-24 22:33:00,0.07121846545487642
2026-08-24 22:34:00,0.07121846545487642
2026-08-24 22:35:00,0.07709658704698086
2026-08-24 22:36:00,0.07709658704698086
2026-08-24 22:37:00,0.07709658704698086
2026-08-24 22:38:00,0.07709658704698086
2026-08-24 22:39:00,0.07709658704698086
2026-08-24 22:40:00,0.07415273785591125
2026-08-24 22:41:00,0.07415273785591125
2026-08-24 22:42:00,0.07415273785591125
2026-08-24 22:43:00,0.07415273785591125
2026-08-24 22:44:00,0.07415273785591125
2026-08-24 22:45:00,0.06913481466472149
2026-08-24 22:46:00,0.06913481466472149
2026-08-24 22:47:00,0.06913481466472149
2026-08-24 22:48:00,0.06913481466472149
2026-08-24 22:49:00,0.06913481466472149
2026-08-24 22:50:00,0.06475237756967545
2026-08-24 22:51:00,0.06475237756967545
2026-08-24 22:52:00,0.06475237756967545
2026-08-24 22:53:00,0.06475237756967545
2026-08-24 22:54:00,0.06475237756967545
2026-08-24 22:55:00,0.06302042864263058
2026-08-24 22:56:00,0.06302042864263058
2026-08-24 22:57:00,0.06302042864263058
2026-08-24 22:58:00,0.06302042864263058
2026-08-24 22:59:00,0.06302042864263058
2026-08-24 23:00:00,0.06609366461634636
2026-08-24 23:01:00,0.06609366461634636
2026-08-24 23:02:00,0.06609366461634636
2026-08-24 23:03:00,0.06609366461634636
2026-08-24 23:04:00,0.06609366461634636
2026-08-24 23:05:00,0.0713080856949091
2026-08-24 23:06:00,0.0713080856949091
2026-08-24 23:07:00,0.0713080856949091
2026-08-24 23:08:00,0.0713080856949091
2026-08-24 23:09:00,0.0713080856949091
2026-08-24 23:10:00,0.07477140612900257
2026-08-24 23:11:00,0.07477140612900257
2026-08-24 23:12:00,0.07477140612900257
2026-08-24 23:13:00,0.07477140612900257
2026-08-24 23:14:00,0.07477140612900257
2026-08-24 23:15:00,0.07887652516365051
2026-08-24 23:16:00,0.07887652516365051
2026-08-24 23:17:00,0.07887652516365051
2026-08-24 23:18:00,0.07887652516365051
2026-08-24 23:19:00,0.07887652516365051
2026-08-24 23:20:00,0.08039452321827412
2026-08-24 23:21:00,0.08039452321827412
2026-08-24 23:22:00,0.08039452321827412
2026-08-24 23:23:00,0.08039452321827412
2026-08-24 23:24:00,0.08039452321827412
2026-08-24 23:25:00,0.07874923199415207
2026-08-24 23:26:00,0.07874923199415207
2026-08-24 23:27:00,0.07874923199415207
2026-08-24 23:28:00,0.07874923199415207
2026-08-24 23:29:00,0.07874923199415207
2026-08-24 23:30:00,0.07546760141849518
2026-08-24 23:31:00,0.07546760141849518
2026-08-24 23:32:00,0.07546760141849518
2026-08-24 23:33:00,0.07546760141849518
2026-08-24 23:34:00,0.07546760141849518
2026-08-24 23:35:00,0.06823611631989479
2026-08-24 23:36:00,0.06823611631989479
2026-08-24 23:37:00,0.06823611631989479
2026-08-24 23:38:00,0.06823611631989479
2026-08-24 23:39:00,0.06823611631989479
2026-08-24 23:40:00,0.06052781641483307
2026-08-24 23:41:00,0.06052781641483307
2026-08-24 23:42:00,0.06052781641483307
2026-08-24 23:43:00,0.06052781641483307
2026-08-24 23:44:00,0.06052781641483307
2026-08-24 23:45:00,0.05574734415858984
2026-08-24 23:46:00,0.05574734415858984
2026-08-24 23:47:00,0.05574734415858984
2026-08-24 23:48:00,0.05574734415858984
2026-08-24 23:49:00,0.05574734415858984
2026-08-24 23:50:00,0.05928115267306566
2026-08-24 23:51:00,0.05928115267306566
2026-08-24 23:52:00,0.05928115267306566
2026-08-24 23:53:00,0.05928115267306566
2026-08-24 23:54:00,0.05928115267306566
2026-08-24 23:55:00,0.06843206007033587
2026-08-24 23:56:00,0.06843206007033587
2026-08-24 23:57:00,0.06843206007033587
2026-08-24 23:58:00,0.06843206007033587
2026-08-24 23:59:00,0.06843206007033587
2026-08-25 00:00:00,0.08228929992765188
2026-08-25 00:01:00,0.08228929992765188
2026-08-25 00:02:00,0.08228929992765188
2026-08-25 00:03:00,0.08228929992765188
2026-08-25 00:04:00,0.08228929992765188
2026-08-25 00:05:00,0.1379918698221445
2026-08-25 00:06:00,0.1379918698221445
2026-08-25 00:07:00,0.1379918698221445
2026-08-25 00:08:00,0.1379918698221445
2026-08-25 00:09:00,0.1379918698221445
2026-08-25 00:10:00,0.2434860784560442
2026-08-25 00:11:00,0.2434860784560442
2026-08-25 00:12:00,0.2434860784560442
2026-08-25 00:13:00,0.2434860784560442
2026-08-25 00:14:00,0.2434860784560442
2026-08-25 00:15:00,0.34672061912715435
2026-08-25 00:16:00,0.34672061912715435
2026-08-25 00:17:00,0.34672061912715435
2026-08-25 00:18:00,0.34672061912715435
2026-08-25 00:19:00,0.34672061912715435
2026-08-25 00:20:00,0.44757191091775894
2026-08-25 00:21:00,0.44757191091775894
2026-08-25 00:22:00,0.44757191091775894
2026-08-25 00:23:00,0.44757191091775894
2026-08-25 00:24:00,0.44757191091775894
2026-08-25 00:25:00,0.44383654743433
2026-08-25 00:26:00,0.44383654743433
2026-08-25 00:27:00,0.44383654743433
2026-08-25 00:28:00,0.44383654743433
2026-08-25 00:29:00,0.44383654743433
2026-08-25 00:30:00,0.6387937441468239
2026-08-25 00:31:00,0.6387937441468239
2026-08-25 00:32:00,0.6387937441468239
2026-08-25 00:33:00,0.6387937441468239
2026-08-25 00:34:00,0.6387937441468239
2026-08-25 00:35:00,0.833535946905613
2026-08-25 00:36:00,0.833535946905613
2026-08-25 00:37:00,0.833535946905613
2026-08-25 00:38:00,0.833535946905613
2026-08-25 00:39:00,0.833535946905613
2026-08-25 00:40:00,1.027614139020443
2026-08-25 00:41:00,1.027614139020443
2026-08-25 00:42:00,1.027614139020443
2026-08-25 00:43:00,1.027614139020443
2026-08-25 00:44:00,1.027614139020443
2026-08-25 00:45:00,1.2833410203456879
2026-08-25 00:46:00,1.2833410203456879
2026-08-25 00:47:00,1.2833410203456879
2026-08-25 00:48:00,1.2833410203456879
2026-08-25 00:49:00,1.2833410203456879
2026-08-25 00:50:00,1.0096556916832924
2026-08-25 00:51:00,1.0096556916832924
2026-08-25 00:52:00,1.0096556916832924
2026-08-25 00:53:00,1.0096556916832924
2026-08-25 00:54:00,1.0096556916832924
2026-08-25 00:55:00,0.7362849451601505
2026-08-25 00:56:00,0.7362849451601505
2026-08-25 00:57:00,0.7362849451601505
2026-08-25 00:58:00,0.7362849451601505
2026-08-25 00:59:00,0.7362849451601505
2026-08-25 01:00:00,0.4626726917922497
2026-08-25 01:01:00,0.4626726917922497
2026-08-25 01:02:00,0.4626726917922497
2026-08-25 01:03:00,0.4626726917922497
2026-08-25 01:04:00,0.4626726917922497
2026-08-25 01:05:00,0.18769215792417526
2026-08-25 01:06:00,0.18769215792417526
2026-08-25 01:07:00,0.18769215792417526
2026-08-25 01:08:00,0.18769215792417526
2026-08-25 01:09:00,0.18769215792417526
2026-08-25 01:10:00,0.18546826764941216
2026-08-25 01:11:00,0.18546826764941216
2026-08-25 01:12:00,0.18546826764941216
2026-08-25 01:13:00,0.18546826764941216
2026-08-25 01:14:00,0.18546826764941216
2026-08-25 01:15:00,0.18336794897913933
2026-08-25 01:16:00,0.18336794897913933
2026-08-25 01:17:00,0.18336794897913933
2026-08-25 01:18:00,0.18336794897913933
2026-08-25 01:19:00,0.18336794897913933
2026-08-25 01:20:00,0.18169515952467918
2026-08-25 01:21:00,0.18169515952467918
2026-08-25 01:22:00,0.18169515952467918
2026-08-25 01:23:00,0.18169515952467918
2026-08-25 01:24:00,0.18169515952467918
2026-08-25 01:25:00,0.17991528287529945
2026-08-25 01:26:00,0.17991528287529945
2026-08-25 01:27:00,0.17991528287529945
2026-08-25 01:28:00,0.17991528287529945
2026-08-25 01:29:00,0.17991528287529945
2026-08-25 01:30:00,0.1774221584200859
2026-08-25 01:31:00,0.1774221584200859
2026-08-25 01:32:00,0.1774221584200859
2026-08-25 01:33:00,0.1774221584200859
2026-08-25 01:34:00,0.1774221584200859
2026-08-25 01:35:00,0.17470267787575722
2026-08-25 01:36:00,0.17470267787575722
2026-08-25 01:37:00,0.17470267787575722
2026-08-25 01:38:00,0.17470267787575722
2026-08-25 01:39:00,0.17470267787575722
2026-08-25 01:40:00,0.1709635592997074
2026-08-25 01:41:00,0.1709635592997074
2026-08-25 01:42:00,0.1709635592997074
2026-08-25 01:43:00,0.1709635592997074
2026-08-25 01:44:00,0.1709635592997074
2026-08-25 01:45:00,0.16728764027357101
2026-08-25 01:46:00,0.16728764027357101
2026-08-25 01:47:00,0.16728764027357101
2026-08-25 01:48:00,0.16728764027357101
2026-08-25 01:49:00,0.16728764027357101
2026-08-25 01:50:00,0.14151941984891891
2026-08-25 01:51:00,0.14151941984891891
2026-08-25 01:52:00,0.14151941984891891
2026-08-25 01:53:00,0.14151941984891891
2026-08-25 01:54:00,0.14151941984891891
2026-08-25 01:55:00,0.11855778843164444
2026-08-25 01:56:00,0.11855778843164444
2026-08-25 01:57:00,0.11855778843164444
2026-08-25 01:58:00,0.11855778843164444
2026-08-25 01:59:00,0.11855778843164444
2026-08-25 02:00:00,0.09777323342859745
2026-08-25 02:01:00,0.09777323342859745
2026-08-25 02:02:00,0.09777323342859745
2026-08-25 02:03:00,0.09777323342859745
2026-08-25 02:04:00,0.09777323342859745
2026-08-25 02:05:00,0.07728206366300583
2026-08-25 02:06:00,0.07728206366300583
2026-08-25 02:07:00,0.07728206366300583
2026-08-25 02:08:00,0.07728206366300583
2026-08-25 02:09:00,0.07728206366300583
2026-08-25 02:10:00,0.07722898945212364
2026-08-25 02:11:00,0.07722898945212364
2026-08-25 02:12:00,0.07722898945212364
2026-08-25 02:13:00,0.07722898945212364
2026-08-25 02:14:00,0.07722898945212364
2026-08-25 02:15:00,0.07489863410592079
2026-08-25 02:16:00,0.07489863410592079
2026-08-25 02:17:00,0.07489863410592079
2026-08-25 02:18:00,0.07489863410592079
2026-08-25 02:19:00,0.07489863410592079
2026-08-25 02:20:00,0.07161095552146435
2026-08-25 02:21:00,0.07161095552146435
2026-08-25 02:22:00,0.07161095552146435
2026-08-25 02:23:00,0.07161095552146435
2026-08-25 02:24:00,0.07161095552146435
2026-08-25 02:25:00,0.06833726912736893
2026-08-25 02:26:00,0.06833726912736893
2026-08-25 02:27:00,0.06833726912736893
2026-08-25 02:28:00,0.06833726912736893
2026-08-25 02:29:00,0.06833726912736893
2026-08-25 02:30:00,0.06762655265629292
2026-08-25 02:31:00,0.06762655265629292
2026-08-25 02:32:00,0.06762655265629292
2026-08-25 02:33:00,0.06762655265629292
2026-08-25 02:34:00,0.06762655265629292
2026-08-25 02:35:00,0.0684958603233099
2026-08-25 02:36:00,0.0684958603233099
2026-08-25 02:37:00,0.0684958603233099
2026-08-25 02:38:00,0.0684958603233099
2026-08-25 02:39:00,0.0684958603233099
2026-08-25 02:40:00,0.06983043998479843
2026-08-25 02:41:00,0.06983043998479843
2026-08-25 02:42:00,0.06983043998479843
2026-08-25 02:43:00,0.06983043998479843
2026-08-25 02:44:00,0.06983043998479843
2026-08-25 02:45:00,0.0755078662186861
2026-08-25 02:46:00,0.0755078662186861
2026-08-25 02:47:00,0.0755078662186861
2026-08-25 02:48:00,0.0755078662186861
2026-08-25 02:49:00,0.0755078662186861
2026-08-25 02:50:00,0.07666656374931335
2026-08-25 02:51:00,0.07666656374931335
2026-08-25 02:52:00,0.07666656374931335
2026-08-25 02:53:00,0.07666656374931335
2026-08-25 02:54:00,0.07666656374931335
2026-08-25 02:55:00,0.07619054615497589
2026-08-25 02:56:00,0.07619054615497589
2026-08-25 02:57:00,0.07619054615497589
2026-08-25 02:58:00,0.07619054615497589
2026-08-25 02:59:00,0.07619054615497589
2026-08-25 03:00:00,0.07523887977004051
2026-08-25 03:01:00,0.07523887977004051
2026-08-25 03:02:00,0.07523887977004051
2026-08-25 03:03:00,0.07523887977004051
2026-08-25 03:04:00,0.07523887977004051
2026-08-25 03:05:00,0.06695441249758005
2026-08-25 03:06:00,0.06695441249758005
2026-08-25 03:07:00,0.06695441249758005
2026-08-25 03:08:00,0.06695441249758005
2026-08-25 03:09:00,0.06695441249758005
2026-08-25 03:10:00,0.06289035640656948
2026-08-25 03:11:00,0.06289035640656948
2026-08-25 03:12:00,0.06289035640656948
2026-08-25 03:13:00,0.06289035640656948
2026-08-25 03:14:00,0.06289035640656948
2026-08-25 03:15:00,0.059992728754878044
2026-08-25 03:16:00,0.059992728754878044
2026-08-25 03:17:00,0.059992728754878044
2026-08-25 03:18:00,0.059992728754878044
2026-08-25 03:19:00,0.059992728754878044
2026-08-25 03:20:00,0.05988267436623573
2026-08-25 03:21:00,0.05988267436623573
2026-08-25 03:22:00,0.05988267436623573
2026-08-25 03:23:00,0.05988267436623573
2026-08-25 03:24:00,0.05988267436623573
2026-08-25 03:25:00,0.06678767967969179
2026-08-25 03:26:00,0.06678767967969179
2026-08-25 03:27:00,0.06678767967969179
2026-08-25 03:28:00,0.06678767967969179
2026-08-25 03:29:00,0.06678767967969179
2026-08-25 03:30:00,0.07311565801501274
2026-08-25 03:31:00,0.07311565801501274
2026-08-25 03:32:00,0.07311565801501274
2026-08-25 03:33:00,0.07311565801501274
2026-08-25 03:34:00,0.07311565801501274
2026-08-25 03:35:00,0.07658961229026318
2026-08-25 03:36:00,0.07658961229026318
2026-08-25 03:37:00,0.07658961229026318
2026-08-25 03:38:00,0.07658961229026318
2026-08-25 03:39:00,0.07658961229026318
2026-08-25 03:40:00,0.07621540501713753
2026-08-25 03:41:00,0.07621540501713753
2026-08-25 03:42:00,0.07621540501713753
2026-08-25 03:43:00,0.07621540501713753
2026-08-25 03:44:00,0.07621540501713753
2026-08-25 03:45:00,0.07102272473275661
2026-08-25 03:46:00,0.07102272473275661
2026-08-25 03:47:00,0.07102272473275661
2026-08-25 03:48:00,0.07102272473275661
2026-08-25 03:49:00,0.07102272473275661
2026-08-25 03:50:00,0.06964806467294693
2026-08-25 03:51:00,0.06964806467294693
2026-08-25 03:52:00,0.06964806467294693
2026-08-25 03:53:00,0.06964806467294693
2026-08-25 03:54:00,0.06964806467294693
2026-08-25 03:55:00,0.070997703820467
2026-08-25 03:56:00,0.070997703820467
2026-08-25 03:57:00,0.070997703820467
2026-08-25 03:58:00,0.070997703820467
2026-08-25 03:59:00,0.070997703820467
2026-08-25 04:00:00,0.07213804870843887
2026-08-25 04:01:00,0.07213804870843887
2026-08-25 04:02:00,0.07213804870843887
2026-08-25 04:03:00,0.07213804870843887
2026-08-25 04:04:00,0.07213804870843887
2026-08-25 04:05:00,0.08017192780971527
2026-08-25 04:06:00,0.08017192780971527
2026-08-25 04:07:00,0.08017192780971527
2026-08-25 04:08:00,0.08017192780971527
2026-08-25 04:09:00,0.08017192780971527
2026-08-25 04:10:00,0.08528855443000793
2026-08-25 04:11:00,0.08528855443000793
2026-08-25 04:12:00,0.08528855443000793
2026-08-25 04:13:00,0.08528855443000793
2026-08-25 04:14:00,0.08528855443000793
2026-08-25 04:15:00,0.08875910937786102
2026-08-25 04:16:00,0.08875910937786102
2026-08-25 04:17:00,0.08875910937786102
2026-08-25 04:18:00,0.08875910937786102
2026-08-25 04:19:00,0.08875910937786102
2026-08-25 04:20:00,0.09236563742160797
2026-08-25 04:21:00,0.09236563742160797
2026-08-25 04:22:00,0.09236563742160797
2026-08-25 04:23:00,0.09236563742160797
2026-08-25 04:24:00,0.09236563742160797
2026-08-25 04:25:00,0.08671549893915653
2026-08-25 04:26:00,0.08671549893915653
2026-08-25 04:27:00,0.08671549893915653
2026-08-25 04:28:00,0.08671549893915653
2026-08-25 04:29:00,0.08671549893915653
2026-08-25 04:30:00,0.0836169496178627
2026-08-25 04:31:00,0.0836169496178627
2026-08-25 04:32:00,0.0836169496178627
2026-08-25 04:33:00,0.0836169496178627
2026-08-25 04:34:00,0.0836169496178627
2026-08-25 04:35:00,0.07854110561311245
2026-08-25 04:36:00,0.07854110561311245
2026-08-25 04:37:00,0.07854110561311245
2026-08-25 04:38:00,0.07854110561311245
2026-08-25 04:39:00,0.07854110561311245
2026-08-25 04:40:00,0.06845488678663969
2026-08-25 04:41:00,0.06845488678663969
2026-08-25 04:42:00,0.06845488678663969
2026-08-25 04:43:00,0.06845488678663969
2026-08-25 04:44:00,0.06845488678663969
2026-08-25 04:45:00,0.06312721408903599
2026-08-25 04:46:00,0.06312721408903599
2026-08-25 04:47:00,0.06312721408903599
2026-08-25 04:48:00,0.06312721408903599
2026-08-25 04:49:00,0.06312721408903599
2026-08-25 04:50:00,0.05581582710146904
2026-08-25 04:51:00,0.05581582710146904
2026-08-25 04:52:00,0.05581582710146904
2026-08-25 04:53:00,0.05581582710146904
2026-08-25 04:54:00,0.05581582710146904
2026-08-25 04:55:00,0.050168437883257866
2026-08-25 04:56:00,0.050168437883257866
2026-08-25 04:57:00,0.050168437883257866
2026-08-25 04:58:00,0.050168437883257866
2026-08-25 04:59:00,0.050168437883257866
2026-08-25 05:00:00,0.049544026143848896
2026-08-25 05:01:00,0.049544026143848896
2026-08-25 05:02:00,0.049544026143848896
2026-08-25 05:03:00,0.049544026143848896
2026-08-25 05:04:00,0.049544026143848896
2026-08-25 05:05:00,0.04851766396313906
2026-08-25 05:06:00,0.04851766396313906
2026-08-25 05:07:00,0.04851766396313906
2026-08-25 05:08:00,0.04851766396313906
2026-08-25 05:09:00,0.04851766396313906
2026-08-25 05:10:00,0.05095217376947403
2026-08-25 05:11:00,0.05095217376947403
2026-08-25 05:12:00,0.05095217376947403
2026-08-25 05:13:00,0.05095217376947403
2026-08-25 05:14:00,0.05095217376947403
2026-08-25 05:15:00,0.055340200662612915
2026-08-25 05:16:00,0.055340200662612915
2026-08-25 05:17:00,0.055340200662612915
2026-08-25 05:18:00,0.055340200662612915
2026-08-25 05:19:00,0.055340200662612915
2026-08-25 05:20:00,0.060156114399433136
2026-08-25 05:21:00,0.060156114399433136
2026-08-25 05:22:00,0.060156114399433136
2026-08-25 05:23:00,0.060156114399433136
2026-08-25 05:24:00,0.060156114399433136
2026-08-25 05:25:00,0.06403047498315573
2026-08-25 05:26:00,0.06403047498315573
2026-08-25 05:27:00,0.06403047498315573
2026-08-25 05:28:00,0.06403047498315573
2026-08-25 05:29:00,0.06403047498315573
2026-08-25 05:30:00,0.0644952030852437
2026-08-25 05:31:00,0.0644952030852437
2026-08-25 05:32:00,0.0644952030852437
2026-08-25 05:33:00,0.0644952030852437
2026-08-25 05:34:00,0.0644952030852437
2026-08-25 05:35:00,0.06372829619795084
2026-08-25 05:36:00,0.06372829619795084
2026-08-25 05:37:00,0.06372829619795084
2026-08-25 05:38:00,0.06372829619795084
2026-08-25 05:39:00,0.06372829619795084
2026-08-25 05:40:00,0.0628561694175005
2026-08-25 05:41:00,0.0628561694175005
2026-08-25 05:42:00,0.0628561694175005
2026-08-25 05:43:00,0.0628561694175005
2026-08-25 05:44:00,0.0628561694175005
2026-08-25 05:45:00,0.06308172084391117
2026-08-25 05:46:00,0.06308172084391117
2026-08-25 05:47:00,0.06308172084391117
2026-08-25 05:48:00,0.06308172084391117
2026-08-25 05:49:00,0.06308172084391117
2026-08-25 05:50:00,0.06530884560197592
2026-08-25 05:51:00,0.06530884560197592
2026-08-25 05:52:00,0.06530884560197592
2026-08-25 05:53:00,0.06530884560197592
2026-08-25 05:54:00,0.06530884560197592
2026-08-25 05:55:00,0.06603005062788725
2026-08-25 05:56:00,0.06603005062788725
2026-08-25 05:57:00,0.06603005062788725
2026-08-25 05:58:00,0.06603005062788725
2026-08-25 05:59:00,0.06603005062788725
2026-08-25 06:00:00,0.06651750952005386
2026-08-25 06:01:00,0.06651750952005386
2026-08-25 06:02:00,0.06651750952005386
2026-08-25 06:03:00,0.06651750952005386
2026-08-25 06:04:00,0.06651750952005386
2026-08-25 06:05:00,0.0665522962808609
2026-08-25 06:06:00,0.0665522962808609
2026-08-25 06:07:00,0.0665522962808609
2026-08-25 06:08:00,0.0665522962808609
2026-08-25 06:09:00,0.0665522962808609
2026-08-25 06:10:00,0.06550809741020203
2026-08-25 06:11:00,0.06550809741020203
2026-08-25 06:12:00,0.06550809741020203
2026-08-25 06:13:00,0.06550809741020203
2026-08-25 06:14:00,0.06550809741020203
2026-08-25 06:15:00,0.06754017062485218
2026-08-25 06:16:00,0.06754017062485218
2026-08-25 06:17:00,0.06754017062485218
2026-08-25 06:18:00,0.06754017062485218
2026-08-25 06:19:00,0.06754017062485218
2026-08-25 06:20:00,0.06756396777927876
2026-08-25 06:21:00,0.06756396777927876
2026-08-25 06:22:00,0.06756396777927876
2026-08-25 06:23:00,0.06756396777927876
2026-08-25 06:24:00,0.06756396777927876
2026-08-25 06:25:00,0.06727219186723232
2026-08-25 06:26:00,0.06727219186723232
2026-08-25 06:27:00,0.06727219186723232
2026-08-25 06:28:00,0.06727219186723232
2026-08-25 06:29:00,0.06727219186723232
2026-08-25 06:30:00,0.06657208316028118
2026-08-25 06:31:00,0.06657208316028118
2026-08-25 06:32:00,0.06657208316028118
2026-08-25 06:33:00,0.06657208316028118
2026-08-25 06:34:00,0.06657208316028118
2026-08-25 06:35:00,0.08480567298829556
2026-08-25 06:36:00,0.08480567298829556
2026-08-25 06:37:00,0.08480567298829556
2026-08-25 06:38:00,0.08480567298829556
2026-08-25 06:39:00,0.08480567298829556
2026-08-25 06:40:00,0.10621965862810612
2026-08-25 06:41:00,0.10621965862810612
2026-08-25 06:42:00,0.10621965862810612
2026-08-25 06:43:00,0.10621965862810612
2026-08-25 06:44:00,0.10621965862810612
2026-08-25 06:45:00,0.12834809347987175
2026-08-25 06:46:00,0.12834809347987175
2026-08-25 06:47:00,0.12834809347987175
2026-08-25 06:48:00,0.12834809347987175
2026-08-25 06:49:00,0.12834809347987175
2026-08-25 06:50:00,0.15017209202051163
2026-08-25 06:51:00,0.15017209202051163
2026-08-25 06:52:00,0.15017209202051163
2026-08-25 06:53:00,0.15017209202051163
2026-08-25 06:54:00,0.15017209202051163
2026-08-25 06:55:00,0.12903079204261303
2026-08-25 06:56:00,0.12903079204261303
2026-08-25 06:57:00,0.12903079204261303
2026-08-25 06:58:00,0.12903079204261303
2026-08-25 06:59:00,0.12903079204261303
2026-08-25 07:00:00,0.10780331492424011
2026-08-25 07:01:00,0.10780331492424011
2026-08-25 07:02:00,0.10780331492424011
2026-08-25 07:03:00,0.10780331492424011
2026-08-25 07:04:00,0.10780331492424011
2026-08-25 07:05:00,0.08721919357776642
2026-08-25 07:06:00,0.08721919357776642
2026-08-25 07:07:00,0.08721919357776642
2026-08-25 07:08:00,0.08721919357776642
2026-08-25 07:09:00,0.08721919357776642
2026-08-25 07:10:00,0.06568019278347492
2026-08-25 07:11:00,0.06568019278347492
2026-08-25 07:12:00,0.06568019278347492
2026-08-25 07:13:00,0.06568019278347492
2026-08-25 07:14:00,0.06568019278347492
2026-08-25 07:15:00,0.0656664539128542
2026-08-25 07:16:00,0.0656664539128542
2026-08-25 07:17:00,0.0656664539128542
2026-08-25 07:18:00,0.0656664539128542
2026-08-25 07:19:00,0.0656664539128542
2026-08-25 07:20:00,0.06865215301513672
2026-08-25 07:21:00,0.06865215301513672
2026-08-25 07:22:00,0.06865215301513672
2026-08-25 07:23:00,0.06865215301513672
2026-08-25 07:24:00,0.06865215301513672
2026-08-25 07:25:00,0.0719726774841547
2026-08-25 07:26:00,0.0719726774841547
2026-08-25 07:27:00,0.0719726774841547
2026-08-25 07:28:00,0.0719726774841547
2026-08-25 07:29:00,0.0719726774841547
2026-08-25 07:30:00,0.07329594157636166
2026-08-25 07:31:00,0.07329594157636166
2026-08-25 07:32:00,0.07329594157636166
2026-08-25 07:33:00,0.07329594157636166
2026-08-25 07:34:00,0.07329594157636166
2026-08-25 07:35:00,0.07461243495345116
2026-08-25 07:36:00,0.07461243495345116
2026-08-25 07:37:00,0.07461243495345116
2026-08-25 07:38:00,0.07461243495345116
2026-08-25 07:39:00,0.07461243495345116
2026-08-25 07:40:00,0.07101679965853691
2026-08-25 07:41:00,0.07101679965853691
2026-08-25 07:42:00,0.07101679965853691
2026-08-25 07:43:00,0.07101679965853691
2026-08-25 07:44:00,0.07101679965853691
2026-08-25 07:45:00,0.06241865735501051
2026-08-25 07:46:00,0.06241865735501051
2026-08-25 07:47:00,0.06241865735501051
2026-08-25 07:48:00,0.06241865735501051
2026-08-25 07:49:00,0.06241865735501051
2026-08-25 07:50:00,0.05840401444584131
2026-08-25 07:51:00,0.05840401444584131
2026-08-25 07:52:00,0.05840401444584131
2026-08-25 07:53:00,0.05840401444584131
2026-08-25 07:54:00,0.05840401444584131
2026-08-25 07:55:00,0.05458066985011101
2026-08-25 07:56:00,0.05458066985011101
2026-08-25 07:57:00,0.05458066985011101
2026-08-25 07:58:00,0.05458066985011101
2026-08-25 07:59:00,0.05458066985011101
2026-08-25 08:00:00,0.05313632823526859
2026-08-25 08:01:00,0.05313632823526859
2026-08-25 08:02:00,0.05313632823526859
2026-08-25 08:03:00,0.05313632823526859
2026-08-25 08:04:00,0.05313632823526859
2026-08-25 08:05:00,0.05911399703472853
2026-08-25 08:06:00,0.05911399703472853
2026-08-25 08:07:00,0.05911399703472853
2026-08-25 08:08:00,0.05911399703472853
2026-08-25 08:09:00,0.05911399703472853
2026-08-25 08:10:00,0.06156914588063955
2026-08-25 08:11:00,0.06156914588063955
2026-08-25 08:12:00,0.06156914588063955
2026-08-25 08:13:00,0.06156914588063955
2026-08-25 08:14:00,0.06156914588063955
2026-08-25 08:15:00,0.06471491977572441
2026-08-25 08:16:00,0.06471491977572441
2026-08-25 08:17:00,0.06471491977572441
2026-08-25 08:18:00,0.06471491977572441
2026-08-25 08:19:00,0.06471491977572441
2026-08-25 08:20:00,0.06703227572143078
2026-08-25 08:21:00,0.06703227572143078
2026-08-25 08:22:00,0.06703227572143078
2026-08-25 08:23:00,0.06703227572143078
2026-08-25 08:24:00,0.06703227572143078
2026-08-25 08:25:00,0.061284071765840054
2026-08-25 08:26:00,0.061284071765840054
2026-08-25 08:27:00,0.061284071765840054
2026-08-25 08:28:00,0.061284071765840054
2026-08-25 08:29:00,0.061284071765840054
2026-08-25 08:30:00,0.059026225470006466
2026-08-25 08:31:00,0.059026225470006466
2026-08-25 08:32:00,0.059026225470006466
2026-08-25 08:33:00,0.059026225470006466
2026-08-25 08:34:00,0.059026225470006466
2026-08-25 08:35:00,0.05919355247169733
2026-08-25 08:36:00,0.05919355247169733
2026-08-25 08:37:00,0.05919355247169733
2026-08-25 08:38:00,0.05919355247169733
2026-08-25 08:39:00,0.05919355247169733
2026-08-25 08:40:00,0.06206097360700369
2026-08-25 08:41:00,0.06206097360700369
2026-08-25 08:42:00,0.06206097360700369
2026-08-25 08:43:00,0.06206097360700369
2026-08-25 08:44:00,0.06206097360700369
2026-08-25 08:45:00,0.06998831406235695
2026-08-25 08:46:00,0.06998831406235695
2026-08-25 08:47:00,0.06998831406235695
2026-08-25 08:48:00,0.06998831406235695
2026-08-25 08:49:00,0.06998831406235695
2026-08-25 08:50:00,0.07699647545814514
2026-08-25 08:51:00,0.07699647545814514
2026-08-25 08:52:00,0.07699647545814514
2026-08-25 08:53:00,0.07699647545814514
2026-08-25 08:54:00,0.07699647545814514
2026-08-25 08:55:00,0.07816375605762005
2026-08-25 08:56:00,0.07816375605762005
2026-08-25 08:57:00,0.07816375605762005
2026-08-25 08:58:00,0.07816375605762005
2026-08-25 08:59:00,0.07816375605762005
2026-08-25 09:00:00,0.07697910629212856
2026-08-25 09:01:00,0.07697910629212856
2026-08-25 09:02:00,0.07697910629212856
2026-08-25 09:03:00,0.07697910629212856
2026-08-25 09:04:00,0.07697910629212856
2026-08-25 09:05:00,0.08485968224704266
2026-08-25 09:06:00,0.08485968224704266
2026-08-25 09:07:00,0.08485968224704266
2026-08-25 09:08:00,0.08485968224704266
2026-08-25 09:09:00,0.08485968224704266
2026-08-25 09:10:00,0.13215179555118084
2026-08-25 09:11:00,0.13215179555118084
2026-08-25 09:12:00,0.13215179555118084
2026-08-25 09:13:00,0.13215179555118084
2026-08-25 09:14:00,0.13215179555118084
2026-08-25 09:15:00,0.1787001620978117
2026-08-25 09:16:00,0.1787001620978117
2026-08-25 09:17:00,0.1787001620978117
2026-08-25 09:18:00,0.1787001620978117
2026-08-25 09:19:00,0.1787001620978117
2026-08-25 09:20:00,0.22104788571596146
2026-08-25 09:21:00,0.22104788571596146
2026-08-25 09:22:00,0.22104788571596146
2026-08-25 09:23:00,0.22104788571596146
2026-08-25 09:24:00,0.22104788571596146
2026-08-25 09:25:00,0.23022617027163506
2026-08-25 09:26:00,0.23022617027163506
2026-08-25 09:27:00,0.23022617027163506
2026-08-25 09:28:00,0.23022617027163506
2026-08-25 09:29:00,0.23022617027163506
2026-08-25 09:30:00,0.17688166163861752
2026-08-25 09:31:00,0.17688166163861752
2026-08-25 09:32:00,0.17688166163861752
2026-08-25 09:33:00,0.17688166163861752
2026-08-25 09:34:00,0.17688166163861752
2026-08-25 09:35:00,0.12827929109334946
2026-08-25 09:36:00,0.12827929109334946
2026-08-25 09:37:00,0.12827929109334946
2026-08-25 09:38:00,0.12827929109334946
2026-08-25 09:39:00,0.12827929109334946
2026-08-25 09:40:00,0.08349155262112617
2026-08-25 09:41:00,0.08349155262112617
2026-08-25 09:42:00,0.08349155262112617
2026-08-25 09:43:00,0.08349155262112617
2026-08-25 09:44:00,0.08349155262112617
2026-08-25 09:45:00,0.06459366716444492
2026-08-25 09:46:00,0.06459366716444492
2026-08-25 09:47:00,0.06459366716444492
2026-08-25 09:48:00,0.06459366716444492
2026-08-25 09:49:00,0.06459366716444492
2026-08-25 09:50:00,0.06757976301014423
2026-08-25 09:51:00,0.06757976301014423
2026-08-25 09:52:00,0.06757976301014423
2026-08-25 09:53:00,0.06757976301014423
2026-08-25 09:54:00,0.06757976301014423
2026-08-25 09:55:00,0.06978333182632923
2026-08-25 09:56:00,0.06978333182632923
2026-08-25 09:57:00,0.06978333182632923
2026-08-25 09:58:00,0.06978333182632923
2026-08-25 09:59:00,0.06978333182632923
2026-08-25 10:00:00,0.07520878687500954
2026-08-25 10:01:00,0.07520878687500954
2026-08-25 10:02:00,0.07520878687500954
2026-08-25 10:03:00,0.07520878687500954
2026-08-25 10:04:00,0.07520878687500954
2026-08-25 10:05:00,0.07916241139173508
2026-08-25 10:06:00,0.07916241139173508
2026-08-25 10:07:00,0.07916241139173508
2026-08-25 10:08:00,0.07916241139173508
2026-08-25 10:09:00,0.07916241139173508
2026-08-25 10:10:00,0.08639277517795563
2026-08-25 10:11:00,0.08639277517795563
2026-08-25 10:12:00,0.08639277517795563
2026-08-25 10:13:00,0.08639277517795563
2026-08-25 10:14:00,0.08639277517795563
2026-08-25 10:15:00,0.0858196821063757
2026-08-25 10:16:00,0.0858196821063757
2026-08-25 10:17:00,0.0858196821063757
2026-08-25 10:18:00,0.0858196821063757
2026-08-25 10:19:00,0.0858196821063757
2026-08-25 10:20:00,0.08063586615025997
2026-08-25 10:21:00,0.08063586615025997
2026-08-25 10:22:00,0.08063586615025997
2026-08-25 10:23:00,0.08063586615025997
2026-08-25 10:24:00,0.08063586615025997
2026-08-25 10:25:00,0.0731264017522335
2026-08-25 10:26:00,0.0731264017522335
2026-08-25 10:27:00,0.0731264017522335
2026-08-25 10:28:00,0.0731264017522335
2026-08-25 10:29:00,0.0731264017522335
2026-08-25 10:30:00,0.062071098014712334
2026-08-25 10:31:00,0.062071098014712334
2026-08-25 10:32:00,0.062071098014712334
2026-08-25 10:33:00,0.062071098014712334
2026-08-25 10:34:00,0.062071098014712334
2026-08-25 10:35:00,0.05959470756351948
2026-08-25 10:36:00,0.05959470756351948
2026-08-25 10:37:00,0.05959470756351948
2026-08-25 10:38:00,0.05959470756351948
2026-08-25 10:39:00,0.05959470756351948
2026-08-25 10:40:00,0.05916053615510464
2026-08-25 10:41:00,0.05916053615510464
2026-08-25 10:42:00,0.05916053615510464
2026-08-25 10:43:00,0.05916053615510464
2026-08-25 10:44:00,0.05916053615510464
2026-08-25 10:45:00,0.059755171649158
2026-08-25 10:46:00,0.059755171649158
2026-08-25 10:47:00,0.059755171649158
2026-08-25 10:48:00,0.059755171649158
2026-08-25 10:49:00,0.059755171649158
2026-08-25 10:50:00,0.05998231004923582
2026-08-25 10:51:00,0.05998231004923582
2026-08-25 10:52:00,0.05998231004923582
2026-08-25 10:53:00,0.05998231004923582
2026-08-25 10:54:00,0.05998231004923582
2026-08-25 10:55:00,0.0602741539478302
2026-08-25 10:56:00,0.0602741539478302
2026-08-25 10:57:00,0.0602741539478302
2026-08-25 10:58:00,0.0602741539478302
2026-08-25 10:59:00,0.0602741539478302
2026-08-25 11:00:00,0.06517952866852283
2026-08-25 11:01:00,0.06517952866852283
2026-08-25 11:02:00,0.06517952866852283
2026-08-25 11:03:00,0.06517952866852283
2026-08-25 11:04:00,0.06517952866852283
2026-08-25 11:05:00,0.07152059767395258
2026-08-25 11:06:00,0.07152059767395258
2026-08-25 11:07:00,0.07152059767395258
2026-08-25 11:08:00,0.07152059767395258
2026-08-25 11:09:00,0.07152059767395258
2026-08-25 11:10:00,0.07925187144428492
2026-08-25 11:11:00,0.07925187144428492
2026-08-25 11:12:00,0.07925187144428492
2026-08-25 11:13:00,0.07925187144428492
2026-08-25 11:14:00,0.07925187144428492
2026-08-25 11:15:00,0.09367398545145988
2026-08-25 11:16:00,0.09367398545145988
2026-08-25 11:17:00,0.09367398545145988
2026-08-25 11:18:00,0.09367398545145988
2026-08-25 11:19:00,0.09367398545145988
2026-08-25 11:20:00,0.12837712466716766
2026-08-25 11:21:00,0.12837712466716766
2026-08-25 11:22:00,0.12837712466716766
2026-08-25 11:23:00,0.12837712466716766
2026-08-25 11:24:00,0.12837712466716766
2026-08-25 11:25:00,0.1581048220396042
2026-08-25 11:26:00,0.1581048220396042
2026-08-25 11:27:00,0.1581048220396042
2026-08-25 11:28:00,0.1581048220396042
2026-08-25 11:29:00,0.1581048220396042
2026-08-25 11:30:00,0.18850858882069588
2026-08-25 11:31:00,0.18850858882069588
2026-08-25 11:32:00,0.18850858882069588
2026-08-25 11:33:00,0.18850858882069588
2026-08-25 11:34:00,0.18850858882069588
2026-08-25 11:35:00,0.19667965173721313
2026-08-25 11:36:00,0.19667965173721313
2026-08-25 11:37:00,0.19667965173721313
2026-08-25 11:38:00,0.19667965173721313
2026-08-25 11:39:00,0.19667965173721313
2026-08-25 11:40:00,0.15753884799778461
2026-08-25 11:41:00,0.15753884799778461
2026-08-25 11:42:00,0.15753884799778461
2026-08-25 11:43:00,0.15753884799778461
2026-08-25 11:44:00,0.15753884799778461
2026-08-25 11:45:00,0.12338141165673733
2026-08-25 11:46:00,0.12338141165673733
2026-08-25 11:47:00,0.12338141165673733
2026-08-25 11:48:00,0.12338141165673733
2026-08-25 11:49:00,0.12338141165673733
2026-08-25 11:50:00,0.08491935394704342
2026-08-25 11:51:00,0.08491935394704342
2026-08-25 11:52:00,0.08491935394704342
2026-08-25 11:53:00,0.08491935394704342
2026-08-25 11:54:00,0.08491935394704342
2026-08-25 11:55:00,0.058748578652739525
2026-08-25 11:56:00,0.058748578652739525
2026-08-25 11:57:00,0.058748578652739525
2026-08-25 11:58:00,0.058748578652739525
2026-08-25 11:59:00,0.058748578652739525
2026-08-25 12:00:00,0.05382799357175827
2026-08-25 12:01:00,0.05382799357175827
2026-08-25 12:02:00,0.05382799357175827
2026-08-25 12:03:00,0.05382799357175827
2026-08-25 12:04:00,0.05382799357175827
2026-08-25 12:05:00,0.04771270789206028
2026-08-25 12:06:00,0.04771270789206028
2026-08-25 12:07:00,0.04771270789206028
2026-08-25 12:08:00,0.04771270789206028
2026-08-25 12:09:00,0.04771270789206028
2026-08-25 12:10:00,0.04556615278124809
2026-08-25 12:11:00,0.04556615278124809
2026-08-25 12:12:00,0.04556615278124809
2026-08-25 12:13:00,0.04556615278124809
2026-08-25 12:14:00,0.04556615278124809
2026-08-25 12:15:00,0.0476732486858964
2026-08-25 12:16:00,0.0476732486858964
2026-08-25 12:17:00,0.0476732486858964
2026-08-25 12:18:00,0.0476732486858964
2026-08-25 12:19:00,0.0476732486858964
2026-08-25 12:20:00,0.0506457332521677
2026-08-25 12:21:00,0.0506457332521677
2026-08-25 12:22:00,0.0506457332521677
2026-08-25 12:23:00,0.0506457332521677
2026-08-25 12:24:00,0.0506457332521677
2026-08-25 12:25:00,0.1981079913675785
2026-08-25 12:26:00,0.1981079913675785
2026-08-25 12:27:00,0.1981079913675785
2026-08-25 12:28:00,0.1981079913675785
2026-08-25 12:29:00,0.1981079913675785
2026-08-25 12:30:00,0.3552317637950182
2026-08-25 12:31:00,0.3552317637950182
2026-08-25 12:32:00,0.3552317637950182
2026-08-25 12:33:00,0.3552317637950182
2026-08-25 12:34:00,0.3552317637950182
2026-08-25 12:35:00,0.5198341207578778
2026-08-25 12:36:00,0.5198341207578778
2026-08-25 12:37:00,0.5198341207578778
2026-08-25 12:38:00,0.5198341207578778
2026-08-25 12:39:00,0.5198341207578778
2026-08-25 12:40:00,0.707439661026001
2026-08-25 12:41:00,0.707439661026001
2026-08-25 12:42:00,0.707439661026001
2026-08-25 12:43:00,0.707439661026001
2026-08-25 12:44:00,0.707439661026001
2026-08-25 12:45:00,0.630932167172432
2026-08-25 12:46:00,0.630932167172432
2026-08-25 12:47:00,0.630932167172432
2026-08-25 12:48:00,0.630932167172432
2026-08-25 12:49:00,0.630932167172432
2026-08-25 12:50:00,0.510137427598238
2026-08-25 12:51:00,0.510137427598238
2026-08-25 12:52:00,0.510137427598238
2026-08-25 12:53:00,0.510137427598238
2026-08-25 12:54:00,0.510137427598238
2026-08-25 12:55:00,0.3882121704518795
2026-08-25 12:56:00,0.3882121704518795
2026-08-25 12:57:00,0.3882121704518795
2026-08-25 12:58:00,0.3882121704518795
2026-08-25 12:59:00,0.3882121704518795
2026-08-25 13:00:00,0.23133881017565727
2026-08-25 13:01:00,0.23133881017565727
2026-08-25 13:02:00,0.23133881017565727
2026-08-25 13:03:00,0.23133881017565727
2026-08-25 13:04:00,0.23133881017565727
2026-08-25 13:05:00,0.1933554783463478
2026-08-25 13:06:00,0.1933554783463478
2026-08-25 13:07:00,0.1933554783463478
2026-08-25 13:08:00,0.1933554783463478
2026-08-25 13:09:00,0.1933554783463478
2026-08-25 13:10:00,0.18616284057497978
2026-08-25 13:11:00,0.18616284057497978
2026-08-25 13:12:00,0.18616284057497978
2026-08-25 13:13:00,0.18616284057497978
2026-08-25 13:14:00,0.18616284057497978
2026-08-25 13:15:00,0.15257932804524899
2026-08-25 13:16:00,0.15257932804524899
2026-08-25 13:17:00,0.15257932804524899
2026-08-25 13:18:00,0.15257932804524899
2026-08-25 13:19:00,0.15257932804524899
2026-08-25 13:20:00,0.13083904422819614
2026-08-25 13:21:00,0.13083904422819614
2026-08-25 13:22:00,0.13083904422819614
2026-08-25 13:23:00,0.13083904422819614
2026-08-25 13:24:00,0.13083904422819614
2026-08-25 13:25:00,0.11120922304689884
2026-08-25 13:26:00,0.11120922304689884
2026-08-25 13:27:00,0.11120922304689884
2026-08-25 13:28:00,0.11120922304689884
2026-08-25 13:29:00,0.11120922304689884
2026-08-25 13:30:00,0.09292683564126492
2026-08-25 13:31:00,0.09292683564126492
2026-08-25 13:32:00,0.09292683564126492
2026-08-25 13:33:00,0.09292683564126492
2026-08-25 13:34:00,0.09292683564126492
2026-08-25 13:35:00,0.09111297875642776
2026-08-25 13:36:00,0.09111297875642776
2026-08-25 13:37:00,0.09111297875642776
2026-08-25 13:38:00,0.09111297875642776
2026-08-25 13:39:00,0.09111297875642776
2026-08-25 13:40:00,0.08874446153640747
2026-08-25 13:41:00,0.08874446153640747
2026-08-25 13:42:00,0.08874446153640747
2026-08-25 13:43:00,0.08874446153640747
2026-08-25 13:44:00,0.08874446153640747
2026-08-25 13:45:00,0.07844543270766735
2026-08-25 13:46:00,0.07844543270766735
2026-08-25 13:47:00,0.07844543270766735
2026-08-25 13:48:00,0.07844543270766735
2026-08-25 13:49:00,0.07844543270766735
2026-08-25 13:50:00,0.07158230617642403
2026-08-25 13:51:00,0.07158230617642403
2026-08-25 13:52:00,0.07158230617642403
2026-08-25 13:53:00,0.07158230617642403
2026-08-25 13:54:00,0.07158230617642403
2026-08-25 13:55:00,0.06800382770597935
2026-08-25 13:56:00,0.06800382770597935
2026-08-25 13:57:00,0.06800382770597935
2026-08-25 13:58:00,0.06800382770597935
2026-08-25 13:59:00,0.06800382770597935
2026-08-25 14:00:00,0.0651197861880064
2026-08-25 14:01:00,0.0651197861880064
2026-08-25 14:02:00,0.0651197861880064
2026-08-25 14:03:00,0.0651197861880064
2026-08-25 14:04:00,0.0651197861880064
2026-08-25 14:05:00,0.06826536357402802
2026-08-25 14:06:00,0.06826536357402802
2026-08-25 14:07:00,0.06826536357402802
2026-08-25 14:08:00,0.06826536357402802
2026-08-25 14:09:00,0.06826536357402802
2026-08-25 14:10:00,0.07128499075770378
2026-08-25 14:11:00,0.07128499075770378
2026-08-25 14:12:00,0.07128499075770378
2026-08-25 14:13:00,0.07128499075770378
2026-08-25 14:14:00,0.07128499075770378
2026-08-25 14:15:00,0.06995738856494427
2026-08-25 14:16:00,0.06995738856494427
2026-08-25 14:17:00,0.06995738856494427
2026-08-25 14:18:00,0.06995738856494427
2026-08-25 14:19:00,0.06995738856494427
2026-08-25 14:20:00,0.06862358935177326
2026-08-25 14:21:00,0.06862358935177326
2026-08-25 14:22:00,0.06862358935177326
2026-08-25 14:23:00,0.06862358935177326
2026-08-25 14:24:00,0.06862358935177326
2026-08-25 14:25:00,0.06757469475269318
2026-08-25 14:26:00,0.06757469475269318
2026-08-25 14:27:00,0.06757469475269318
2026-08-25 14:28:00,0.06757469475269318
2026-08-25 14:29:00,0.06757469475269318
2026-08-25 14:30:00,0.0615773843601346
2026-08-25 14:31:00,0.0615773843601346
2026-08-25 14:32:00,0.0615773843601346
2026-08-25 14:33:00,0.0615773843601346
2026-08-25 14:34:00,0.0615773843601346
2026-08-25 14:35:00,0.05916761886328459
2026-08-25 14:36:00,0.05916761886328459
2026-08-25 14:37:00,0.05916761886328459
2026-08-25 14:38:00,0.05916761886328459
2026-08-25 14:39:00,0.05916761886328459
2026-08-25 14:40:00,0.05500413291156292
2026-08-25 14:41:00,0.05500413291156292
2026-08-25 14:42:00,0.05500413291156292
2026-08-25 14:43:00,0.05500413291156292
2026-08-25 14:44:00,0.05500413291156292
2026-08-25 14:45:00,0.051618573255836964
2026-08-25 14:46:00,0.051618573255836964
2026-08-25 14:47:00,0.051618573255836964
2026-08-25 14:48:00,0.051618573255836964
2026-08-25 14:49:00,0.051618573255836964
2026-08-25 14:50:00,0.05448828171938658
2026-08-25 14:51:00,0.05448828171938658
2026-08-25 14:52:00,0.05448828171938658
2026-08-25 14:53:00,0.05448828171938658
2026-08-25 14:54:00,0.05448828171938658
2026-08-25 14:55:00,0.057486831210553646
2026-08-25 14:56:00,0.057486831210553646
2026-08-25 14:57:00,0.057486831210553646
2026-08-25 14:58:00,0.057486831210553646
2026-08-25 14:59:00,0.057486831210553646
2026-08-25 15:00:00,0.06431023962795734
2026-08-25 15:01:00,0.06431023962795734
2026-08-25 15:02:00,0.06431023962795734
2026-08-25 15:03:00,0.06431023962795734
2026-08-25 15:04:00,0.06431023962795734
2026-08-25 15:05:00,0.07337359245866537
2026-08-25 15:06:00,0.07337359245866537
2026-08-25 15:07:00,0.07337359245866537
2026-08-25 15:08:00,0.07337359245866537
2026-08-25 15:09:00,0.07337359245866537
2026-08-25 15:10:00,0.08025142550468445
2026-08-25 15:11:00,0.08025142550468445
2026-08-25 15:12:00,0.08025142550468445
2026-08-25 15:13:00,0.08025142550468445
2026-08-25 15:14:00,0.08025142550468445
2026-08-25 15:15:00,0.09163649939000607
2026-08-25 15:16:00,0.09163649939000607
2026-08-25 15:17:00,0.09163649939000607
2026-08-25 15:18:00,0.09163649939000607
2026-08-25 15:19:00,0.09163649939000607
2026-08-25 15:20:00,0.10079762898385525
2026-08-25 15:21:00,0.10079762898385525
2026-08-25 15:22:00,0.10079762898385525
2026-08-25 15:23:00,0.10079762898385525
2026-08-25 15:24:00,0.10079762898385525
2026-08-25 15:25:00,0.10602064244449139
2026-08-25 15:26:00,0.10602064244449139
2026-08-25 15:27:00,0.10602064244449139
2026-08-25 15:28:00,0.10602064244449139
2026-08-25 15:29:00,0.10602064244449139
2026-08-25 15:30:00,0.11168672516942024
2026-08-25 15:31:00,0.11168672516942024
2026-08-25 15:32:00,0.11168672516942024
2026-08-25 15:33:00,0.11168672516942024
2026-08-25 15:34:00,0.11168672516942024
2026-08-25 15:35:00,0.09944644011557102
2026-08-25 15:36:00,0.09944644011557102
2026-08-25 15:37:00,0.09944644011557102
2026-08-25 15:38:00,0.09944644011557102
2026-08-25 15:39:00,0.09944644011557102
2026-08-25 15:40:00,0.08558658603578806
2026-08-25 15:41:00,0.08558658603578806
2026-08-25 15:42:00,0.08558658603578806
2026-08-25 15:43:00,0.08558658603578806
2026-08-25 15:44:00,0.08558658603578806
2026-08-25 15:45:00,0.07242397777736187
2026-08-25 15:46:00,0.07242397777736187
2026-08-25 15:47:00,0.07242397777736187
2026-08-25 15:48:00,0.07242397777736187
2026-08-25 15:49:00,0.07242397777736187
2026-08-25 15:50:00,0.06028774753212929
2026-08-25 15:51:00,0.06028774753212929
2026-08-25 15:52:00,0.06028774753212929
2026-08-25 15:53:00,0.06028774753212929
2026-08-25 15:54:00,0.06028774753212929
2026-08-25 15:55:00,0.0619114488363266
2026-08-25 15:56:00,0.0619114488363266
2026-08-25 15:57:00,0.0619114488363266
2026-08-25 15:58:00,0.0619114488363266
2026-08-25 15:59:00,0.0619114488363266
2026-08-25 16:00:00,0.06649832148104906
2026-08-25 16:01:00,0.06649832148104906
2026-08-25 16:02:00,0.06649832148104906
2026-08-25 16:03:00,0.06649832148104906
2026-08-25 16:04:00,0.06649832148104906
2026-08-25 16:05:00,0.06911276467144489
2026-08-25 16:06:00,0.06911276467144489
2026-08-25 16:07:00,0.06911276467144489
2026-08-25 16:08:00,0.06911276467144489
2026-08-25 16:09:00,0.06911276467144489
2026-08-25 16:10:00,0.07326102443039417
2026-08-25 16:11:00,0.07326102443039417
2026-08-25 16:12:00,0.07326102443039417
2026-08-25 16:13:00,0.07326102443039417
2026-08-25 16:14:00,0.07326102443039417
2026-08-25 16:15:00,0.07950796000659466
2026-08-25 16:16:00,0.07950796000659466
2026-08-25 16:17:00,0.07950796000659466
2026-08-25 16:18:00,0.07950796000659466
2026-08-25 16:19:00,0.07950796000659466
2026-08-25 16:20:00,0.14141350239515305
2026-08-25 16:21:00,0.14141350239515305
2026-08-25 16:22:00,0.14141350239515305
2026-08-25 16:23:00,0.14141350239515305
2026-08-25 16:24:00,0.14141350239515305
2026-08-25 16:25:00,0.20510168373584747
2026-08-25 16:26:00,0.20510168373584747
2026-08-25 16:27:00,0.20510168373584747
2026-08-25 16:28:00,0.20510168373584747
2026-08-25 16:29:00,0.20510168373584747
2026-08-25 16:30:00,0.26716489531099796
2026-08-25 16:31:00,0.26716489531099796
2026-08-25 16:32:00,0.26716489531099796
2026-08-25 16:33:00,0.26716489531099796
2026-08-25 16:34:00,0.26716489531099796
2026-08-25 16:35:00,0.32855374366045
2026-08-25 16:36:00,0.32855374366045
2026-08-25 16:37:00,0.32855374366045
2026-08-25 16:38:00,0.32855374366045
2026-08-25 16:39:00,0.32855374366045
2026-08-25 16:40:00,0.2644284516572952
2026-08-25 16:41:00,0.2644284516572952
2026-08-25 16:42:00,0.2644284516572952
2026-08-25 16:43:00,0.2644284516572952
2026-08-25 16:44:00,0.2644284516572952
2026-08-25 16:45:00,0.20058373920619488
2026-08-25 16:46:00,0.20058373920619488
2026-08-25 16:47:00,0.20058373920619488
2026-08-25 16:48:00,0.20058373920619488
2026-08-25 16:49:00,0.20058373920619488
2026-08-25 16:50:00,0.13248715735971928
2026-08-25 16:51:00,0.13248715735971928
2026-08-25 16:52:00,0.13248715735971928
2026-08-25 16:53:00,0.13248715735971928
2026-08-25 16:54:00,0.13248715735971928
2026-08-25 16:55:00,0.06120484881103039
2026-08-25 16:56:00,0.06120484881103039
2026-08-25 16:57:00,0.06120484881103039
2026-08-25 16:58:00,0.06120484881103039
2026-08-25 16:59:00,0.06120484881103039
2026-08-25 17:00:00,0.057885633781552315
2026-08-25 17:01:00,0.057885633781552315
2026-08-25 17:02:00,0.057885633781552315
2026-08-25 17:03:00,0.057885633781552315
2026-08-25 17:04:00,0.057885633781552315
2026-08-25 17:05:00,0.057319192215800285
2026-08-25 17:06:00,0.057319192215800285
2026-08-25 17:07:00,0.057319192215800285
2026-08-25 17:08:00,0.057319192215800285
2026-08-25 17:09:00,0.057319192215800285
2026-08-25 17:10:00,0.061310114338994026
2026-08-25 17:11:00,0.061310114338994026
2026-08-25 17:12:00,0.061310114338994026
2026-08-25 17:13:00,0.061310114338994026
2026-08-25 17:14:00,0.061310114338994026
2026-08-25 17:15:00,0.06571423076093197
2026-08-25 17:16:00,0.06571423076093197
2026-08-25 17:17:00,0.06571423076093197
2026-08-25 17:18:00,0.06571423076093197
2026-08-25 17:19:00,0.06571423076093197
2026-08-25 17:20:00,0.0734284333884716
2026-08-25 17:21:00,0.0734284333884716
2026-08-25 17:22:00,0.0734284333884716
2026-08-25 17:23:00,0.0734284333884716
2026-08-25 17:24:00,0.0734284333884716
2026-08-25 17:25:00,0.07917430810630322
2026-08-25 17:26:00,0.07917430810630322
2026-08-25 17:27:00,0.07917430810630322
2026-08-25 17:28:00,0.07917430810630322
2026-08-25 17:29:00,0.07917430810630322
2026-08-25 17:30:00,0.0844554714858532
2026-08-25 17:31:00,0.0844554714858532
2026-08-25 17:32:00,0.0844554714858532
2026-08-25 17:33:00,0.0844554714858532
2026-08-25 17:34:00,0.0844554714858532
2026-08-25 17:35:00,0.09004338830709457
2026-08-25 17:36:00,0.09004338830709457
2026-08-25 17:37:00,0.09004338830709457
2026-08-25 17:38:00,0.09004338830709457
2026-08-25 17:39:00,0.09004338830709457
2026-08-25 17:40:00,0.10173565335571766
2026-08-25 17:41:00,0.10173565335571766
2026-08-25 17:42:00,0.10173565335571766
2026-08-25 17:43:00,0.10173565335571766
2026-08-25 17:44:00,0.10173565335571766
2026-08-25 17:45:00,0.11972185038030148
2026-08-25 17:46:00,0.11972185038030148
2026-08-25 17:47:00,0.11972185038030148
2026-08-25 17:48:00,0.11972185038030148
2026-08-25 17:49:00,0.11972185038030148
2026-08-25 17:50:00,0.1373065933585167
2026-08-25 17:51:00,0.1373065933585167
2026-08-25 17:52:00,0.1373065933585167
2026-08-25 17:53:00,0.1373065933585167
2026-08-25 17:54:00,0.1373065933585167
2026-08-25 17:55:00,0.15255876630544662
2026-08-25 17:56:00,0.15255876630544662
2026-08-25 17:57:00,0.15255876630544662
2026-08-25 17:58:00,0.15255876630544662
2026-08-25 17:59:00,0.15255876630544662
2026-08-25 18:00:00,0.14550024829804897
2026-08-25 18:01:00,0.14550024829804897
2026-08-25 18:02:00,0.14550024829804897
2026-08-25 18:03:00,0.14550024829804897
2026-08-25 18:04:00,0.14550024829804897
2026-08-25 18:05:00,0.12347729317843914
2026-08-25 18:06:00,0.12347729317843914
2026-08-25 18:07:00,0.12347729317843914
2026-08-25 18:08:00,0.12347729317843914
2026-08-25 18:09:00,0.12347729317843914
2026-08-25 18:10:00,0.09748867433518171
2026-08-25 18:11:00,0.09748867433518171
2026-08-25 18:12:00,0.09748867433518171
2026-08-25 18:13:00,0.09748867433518171
2026-08-25 18:14:00,0.09748867433518171
2026-08-25 18:15:00,0.07175535522401333
2026-08-25 18:16:00,0.07175535522401333
2026-08-25 18:17:00,0.07175535522401333
2026-08-25 18:18:00,0.07175535522401333
2026-08-25 18:19:00,0.07175535522401333
2026-08-25 18:20:00,0.05950088705867529
2026-08-25 18:21:00,0.05950088705867529
2026-08-25 18:22:00,0.05950088705867529
2026-08-25 18:23:00,0.05950088705867529
2026-08-25 18:24:00,0.05950088705867529
2026-08-25 18:25:00,0.05677949916571379
2026-08-25 18:26:00,0.05677949916571379
2026-08-25 18:27:00,0.05677949916571379
2026-08-25 18:28:00,0.05677949916571379
2026-08-25 18:29:00,0.05677949916571379
2026-08-25 18:30:00,0.056913179345428944
2026-08-25 18:31:00,0.056913179345428944
2026-08-25 18:32:00,0.056913179345428944
2026-08-25 18:33:00,0.056913179345428944
2026-08-25 18:34:00,0.056913179345428944
2026-08-25 18:35:00,0.05770575534552336
2026-08-25 18:36:00,0.05770575534552336
2026-08-25 18:37:00,0.05770575534552336
2026-08-25 18:38:00,0.05770575534552336
2026-08-25 18:39:00,0.05770575534552336
2026-08-25 18:40:00,0.0619527380913496
2026-08-25 18:41:00,0.0619527380913496
2026-08-25 18:42:00,0.0619527380913496
2026-08-25 18:43:00,0.0619527380913496
2026-08-25 18:44:00,0.0619527380913496
2026-08-25 18:45:00,0.062171763740479946
2026-08-25 18:46:00,0.062171763740479946
2026-08-25 18:47:00,0.062171763740479946
2026-08-25 18:48:00,0.062171763740479946
2026-08-25 18:49:00,0.062171763740479946
2026-08-25 18:50:00,0.06200808472931385
2026-08-25 18:51:00,0.06200808472931385
2026-08-25 18:52:00,0.06200808472931385
2026-08-25 18:53:00,0.06200808472931385
2026-08-25 18:54:00,0.06200808472931385
2026-08-25 18:55:00,0.06616251077502966
2026-08-25 18:56:00,0.06616251077502966
2026-08-25 18:57:00,0.06616251077502966
2026-08-25 18:58:00,0.06616251077502966
2026-08-25 18:59:00,0.06616251077502966
2026-08-25 19:00:00,0.06265660841017962
2026-08-25 19:01:00,0.06265660841017962
2026-08-25 19:02:00,0.06265660841017962
2026-08-25 19:03:00,0.06265660841017962
2026-08-25 19:04:00,0.06265660841017962
2026-08-25 19:05:00,0.061531538143754005
2026-08-25 19:06:00,0.061531538143754005
2026-08-25 19:07:00,0.061531538143754005
2026-08-25 19:08:00,0.061531538143754005
2026-08-25 19:09:00,0.061531538143754005
2026-08-25 19:10:00,0.06191831175237894
2026-08-25 19:11:00,0.06191831175237894
2026-08-25 19:12:00,0.06191831175237894
2026-08-25 19:13:00,0.06191831175237894
2026-08-25 19:14:00,0.06191831175237894
2026-08-25 19:15:00,0.05957070831209421
2026-08-25 19:16:00,0.05957070831209421
2026-08-25 19:17:00,0.05957070831209421
2026-08-25 19:18:00,0.05957070831209421
2026-08-25 19:19:00,0.05957070831209421
2026-08-25 19:20:00,0.06214428227394819
2026-08-25 19:21:00,0.06214428227394819
2026-08-25 19:22:00,0.06214428227394819
2026-08-25 19:23:00,0.06214428227394819
2026-08-25 19:24:00,0.06214428227394819
2026-08-25 19:25:00,0.06583092827349901
2026-08-25 19:26:00,0.06583092827349901
2026-08-25 19:27:00,0.06583092827349901
2026-08-25 19:28:00,0.06583092827349901
2026-08-25 19:29:00,0.06583092827349901
2026-08-25 19:30:00,0.06716820038855076
2026-08-25 19:31:00,0.06716820038855076
2026-08-25 19:32:00,0.06716820038855076
2026-08-25 19:33:00,0.06716820038855076
2026-08-25 19:34:00,0.06716820038855076
2026-08-25 19:35:00,0.06544148828834295
2026-08-25 19:36:00,0.06544148828834295
2026-08-25 19:37:00,0.06544148828834295
2026-08-25 19:38:00,0.06544148828834295
2026-08-25 19:39:00,0.06544148828834295
2026-08-25 19:40:00,0.06368658225983381
2026-08-25 19:41:00,0.06368658225983381
2026-08-25 19:42:00,0.06368658225983381
2026-08-25 19:43:00,0.06368658225983381
2026-08-25 19:44:00,0.06368658225983381
2026-08-25 19:45:00,0.06027450039982796
2026-08-25 19:46:00,0.06027450039982796
2026-08-25 19:47:00,0.06027450039982796
2026-08-25 19:48:00,0.06027450039982796
2026-08-25 19:49:00,0.06027450039982796
2026-08-25 19:50:00,0.05875857826322317
2026-08-25 19:51:00,0.05875857826322317
2026-08-25 19:52:00,0.05875857826322317
2026-08-25 19:53:00,0.05875857826322317
2026-08-25 19:54:00,0.05875857826322317
2026-08-25 19:55:00,0.05733837466686964
2026-08-25 19:56:00,0.05733837466686964
2026-08-25 19:57:00,0.05733837466686964
2026-08-25 19:58:00,0.05733837466686964
2026-08-25 19:59:00,0.05733837466686964
2026-08-25 20:00:00,0.0560015058144927
2026-08-25 20:01:00,0.0560015058144927
2026-08-25 20:02:00,0.0560015058144927
2026-08-25 20:03:00,0.0560015058144927
2026-08-25 20:04:00,0.0560015058144927
2026-08-25 20:05:00,0.05440878961235285
2026-08-25 20:06:00,0.05440878961235285
2026-08-25 20:07:00,0.05440878961235285
2026-08-25 20:08:00,0.05440878961235285
2026-08-25 20:09:00,0.05440878961235285
2026-08-25 20:10:00,0.052515958435833454
2026-08-25 20:11:00,0.052515958435833454
2026-08-25 20:12:00,0.052515958435833454
2026-08-25 20:13:00,0.052515958435833454
2026-08-25 20:14:00,0.052515958435833454
2026-08-25 20:15:00,0.05339656583964825
2026-08-25 20:16:00,0.05339656583964825
2026-08-25 20:17:00,0.05339656583964825
2026-08-25 20:18:00,0.05339656583964825
2026-08-25 20:19:00,0.05339656583964825
2026-08-25 20:20:00,0.05326250195503235
2026-08-25 20:21:00,0.05326250195503235
2026-08-25 20:22:00,0.05326250195503235
2026-08-25 20:23:00,0.05326250195503235
2026-08-25 20:24:00,0.05326250195503235
2026-08-25 20:25:00,0.054313573986291885
2026-08-25 20:26:00,0.054313573986291885
2026-08-25 20:27:00,0.054313573986291885
2026-08-25 20:28:00,0.054313573986291885
2026-08-25 20:29:00,0.054313573986291885
2026-08-25 20:30:00,0.054377028718590736
2026-08-25 20:31:00,0.054377028718590736
2026-08-25 20:32:00,0.054377028718590736
2026-08-25 20:33:00,0.054377028718590736
2026-08-25 20:34:00,0.054377028718590736
2026-08-25 20:35:00,0.05399756971746683
2026-08-25 20:36:00,0.05399756971746683
2026-08-25 20:37:00,0.05399756971746683
2026-08-25 20:38:00,0.05399756971746683
2026-08-25 20:39:00,0.05399756971746683
2026-08-25 20:40:00,0.05458040162920952
2026-08-25 20:41:00,0.05458040162920952
2026-08-25 20:42:00,0.05458040162920952
2026-08-25 20:43:00,0.05458040162920952
2026-08-25 20:44:00,0.05458040162920952
2026-08-25 20:45:00,0.0562114380300045
2026-08-25 20:46:00,0.0562114380300045
2026-08-25 20:47:00,0.0562114380300045
2026-08-25 20:48:00,0.0562114380300045
2026-08-25 20:49:00,0.0562114380300045
2026-08-25 20:50:00,0.0577748091891408
2026-08-25 20:51:00,0.0577748091891408
2026-08-25 20:52:00,0.0577748091891408
2026-08-25 20:53:00,0.0577748091891408
2026-08-25 20:54:00,0.0577748091891408
2026-08-25 20:55:00,0.058927036821842194
2026-08-25 20:56:00,0.058927036821842194
2026-08-25 20:57:00,0.058927036821842194
2026-08-25 20:58:00,0.058927036821842194
2026-08-25 20:59:00,0.058927036821842194
2026-08-25 21:00:00,0.06125685106962919
2026-08-25 21:01:00,0.06125685106962919
2026-08-25 21:02:00,0.06125685106962919
2026-08-25 21:03:00,0.06125685106962919
2026-08-25 21:04:00,0.06125685106962919
2026-08-25 21:05:00,0.06269947439432144
2026-08-25 21:06:00,0.06269947439432144
2026-08-25 21:07:00,0.06269947439432144
2026-08-25 21:08:00,0.06269947439432144
2026-08-25 21:09:00,0.06269947439432144
2026-08-25 21:10:00,0.06597978994250298
2026-08-25 21:11:00,0.06597978994250298
2026-08-25 21:12:00,0.06597978994250298
2026-08-25 21:13:00,0.06597978994250298
2026-08-25 21:14:00,0.06597978994250298
2026-08-25 21:15:00,0.06920561008155346
2026-08-25 21:16:00,0.06920561008155346
2026-08-25 21:17:00,0.06920561008155346
2026-08-25 21:18:00,0.06920561008155346
2026-08-25 21:19:00,0.06920561008155346
2026-08-25 21:20:00,0.06887310929596424
2026-08-25 21:21:00,0.06887310929596424
2026-08-25 21:22:00,0.06887310929596424
2026-08-25 21:23:00,0.06887310929596424
2026-08-25 21:24:00,0.06887310929596424
2026-08-25 21:25:00,0.0665890360251069
2026-08-25 21:26:00,0.0665890360251069
2026-08-25 21:27:00,0.0665890360251069
2026-08-25 21:28:00,0.0665890360251069
2026-08-25 21:29:00,0.0665890360251069
2026-08-25 21:30:00,0.06275144126266241
2026-08-25 21:31:00,0.06275144126266241
2026-08-25 21:32:00,0.06275144126266241
2026-08-25 21:33:00,0.06275144126266241
2026-08-25 21:34:00,0.06275144126266241
2026-08-25 21:35:00,0.05891589727252722
2026-08-25 21:36:00,0.05891589727252722
2026-08-25 21:37:00,0.05891589727252722
2026-08-25 21:38:00,0.05891589727252722
2026-08-25 21:39:00,0.05891589727252722
2026-08-25 21:40:00,0.056618284434080124
2026-08-25 21:41:00,0.056618284434080124
2026-08-25 21:42:00,0.056618284434080124
2026-08-25 21:43:00,0.056618284434080124
2026-08-25 21:44:00,0.056618284434080124
2026-08-25 21:45:00,0.05677738506346941
2026-08-25 21:46:00,0.05677738506346941
2026-08-25 21:47:00,0.05677738506346941
2026-08-25 21:48:00,0.05677738506346941
2026-08-25 21:49:00,0.05677738506346941
2026-08-25 21:50:00,0.05994498450309038
2026-08-25 21:51:00,0.05994498450309038
2026-08-25 21:52:00,0.05994498450309038
2026-08-25 21:53:00,0.05994498450309038
2026-08-25 21:54:00,0.05994498450309038
2026-08-25 21:55:00,0.06742892879992723
2026-08-25 21:56:00,0.06742892879992723
2026-08-25 21:57:00,0.06742892879992723
2026-08-25 21:58:00,0.06742892879992723
2026-08-25 21:59:00,0.06742892879992723
2026-08-25 22:00:00,0.07287303172051907
2026-08-25 22:01:00,0.07287303172051907
2026-08-25 22:02:00,0.07287303172051907
2026-08-25 22:03:00,0.07287303172051907
2026-08-25 22:04:00,0.07287303172051907
2026-08-25 22:05:00,0.0783165916800499
2026-08-25 22:06:00,0.0783165916800499
2026-08-25 22:07:00,0.0783165916800499
2026-08-25 22:08:00,0.0783165916800499
2026-08-25 22:09:00,0.0783165916800499
2026-08-25 22:10:00,0.0771835446357727
2026-08-25 22:11:00,0.0771835446357727
2026-08-25 22:12:00,0.0771835446357727
2026-08-25 22:13:00,0.0771835446357727
2026-08-25 22:14:00,0.0771835446357727
2026-08-25 22:15:00,0.06994106713682413
2026-08-25 22:16:00,0.06994106713682413
2026-08-25 22:17:00,0.06994106713682413
2026-08-25 22:18:00,0.06994106713682413
2026-08-25 22:19:00,0.06994106713682413
2026-08-25 22:20:00,0.06541407760232687
2026-08-25 22:21:00,0.06541407760232687
2026-08-25 22:22:00,0.06541407760232687
2026-08-25 22:23:00,0.06541407760232687
2026-08-25 22:24:00,0.06541407760232687
2026-08-25 22:25:00,0.05985724739730358
2026-08-25 22:26:00,0.05985724739730358
2026-08-25 22:27:00,0.05985724739730358
2026-08-25 22:28:00,0.05985724739730358
2026-08-25 22:29:00,0.05985724739730358
2026-08-25 22:30:00,0.05908008012920618
2026-08-25 22:31:00,0.05908008012920618
2026-08-25 22:32:00,0.05908008012920618
2026-08-25 22:33:00,0.05908008012920618
2026-08-25 22:34:00,0.05908008012920618
2026-08-25 22:35:00,0.06082612834870815
2026-08-25 22:36:00,0.06082612834870815
2026-08-25 22:37:00,0.06082612834870815
2026-08-25 22:38:00,0.06082612834870815
2026-08-25 22:39:00,0.06082612834870815
2026-08-25 22:40:00,0.05984760541468859
2026-08-25 22:41:00,0.05984760541468859
2026-08-25 22:42:00,0.05984760541468859
2026-08-25 22:43:00,0.05984760541468859
2026-08-25 22:44:00,0.05984760541468859
2026-08-25 22:45:00,0.06064166408032179
2026-08-25 22:46:00,0.06064166408032179
2026-08-25 22:47:00,0.06064166408032179
2026-08-25 22:48:00,0.06064166408032179
2026-08-25 22:49:00,0.06064166408032179
2026-08-25 22:50:00,0.06318800151348114
2026-08-25 22:51:00,0.06318800151348114
2026-08-25 22:52:00,0.06318800151348114
2026-08-25 22:53:00,0.06318800151348114
2026-08-25 22:54:00,0.06318800151348114
2026-08-25 22:55:00,0.0684252642095089
2026-08-25 22:56:00,0.0684252642095089
2026-08-25 22:57:00,0.0684252642095089
2026-08-25 22:58:00,0.0684252642095089
2026-08-25 22:59:00,0.0684252642095089
2026-08-25 23:00:00,0.07768892403692007
2026-08-25 23:01:00,0.07768892403692007
2026-08-25 23:02:00,0.07768892403692007
2026-08-25 23:03:00,0.07768892403692007
2026-08-25 23:04:00,0.07768892403692007
2026-08-25 23:05:00,0.08367997780442238
2026-08-25 23:06:00,0.08367997780442238
2026-08-25 23:07:00,0.08367997780442238
2026-08-25 23:08:00,0.08367997780442238
2026-08-25 23:09:00,0.08367997780442238
2026-08-25 23:10:00,0.08322163484990597
2026-08-25 23:11:00,0.08322163484990597
2026-08-25 23:12:00,0.08322163484990597
2026-08-25 23:13:00,0.08322163484990597
2026-08-25 23:14:00,0.08322163484990597
2026-08-25 23:15:00,0.07765052374452353
2026-08-25 23:16:00,0.07765052374452353
2026-08-25 23:17:00,0.07765052374452353
2026-08-25 23:18:00,0.07765052374452353
2026-08-25 23:19:00,0.07765052374452353
2026-08-25 23:20:00,0.06703260354697704
2026-08-25 23:21:00,0.06703260354697704
2026-08-25 23:22:00,0.06703260354697704
2026-08-25 23:23:00,0.06703260354697704
2026-08-25 23:24:00,0.06703260354697704
2026-08-25 23:25:00,0.0591591764241457
2026-08-25 23:26:00,0.0591591764241457
2026-08-25 23:27:00,0.0591591764241457
2026-08-25 23:28:00,0.0591591764241457
2026-08-25 23:29:00,0.0591591764241457
2026-08-25 23:30:00,0.055512890219688416
2026-08-25 23:31:00,0.055512890219688416
2026-08-25 23:32:00,0.055512890219688416
2026-08-25 23:33:00,0.055512890219688416
2026-08-25 23:34:00,0.055512890219688416
2026-08-25 23:35:00,0.05287614557892084
2026-08-25 23:36:00,0.05287614557892084
2026-08-25 23:37:00,0.05287614557892084
2026-08-25 23:38:00,0.05287614557892084
2026-08-25 23:39:00,0.05287614557892084
2026-08-25 23:40:00,0.058197181671857834
2026-08-25 23:41:00,0.058197181671857834
2026-08-25 23:42:00,0.058197181671857834
2026-08-25 23:43:00,0.058197181671857834
2026-08-25 23:44:00,0.058197181671857834
2026-08-25 23:45:00,0.06389251351356506
2026-08-25 23:46:00,0.06389251351356506
2026-08-25 23:47:00,0.06389251351356506
2026-08-25 23:48:00,0.06389251351356506
2026-08-25 23:49:00,0.06389251351356506
2026-08-25 23:50:00,0.06982234492897987
2026-08-25 23:51:00,0.06982234492897987
2026-08-25 23:52:00,0.06982234492897987
2026-08-25 23:53:00,0.06982234492897987
2026-08-25 23:54:00,0.06982234492897987
2026-08-25 23:55:00,0.0761664155870676
2026-08-25 23:56:00,0.0761664155870676
2026-08-25 23:57:00,0.0761664155870676
2026-08-25 23:58:00,0.0761664155870676
2026-08-25 23:59:00,0.0761664155870676
2026-08-26 00:00:00,0.1084827221930027
2026-08-26 00:01:00,0.1084827221930027
2026-08-26 00:02:00,0.1084827221930027
2026-08-26 00:03:00,0.1084827221930027
2026-08-26 00:04:00,0.1084827221930027
2026-08-26 00:05:00,0.13905620202422142
2026-08-26 00:06:00,0.13905620202422142
2026-08-26 00:07:00,0.13905620202422142
2026-08-26 00:08:00,0.13905620202422142
2026-08-26 00:09:00,0.13905620202422142
2026-08-26 00:10:00,0.16829718090593815
2026-08-26 00:11:00,0.16829718090593815
2026-08-26 00:12:00,0.16829718090593815
2026-08-26 00:13:00,0.16829718090593815
2026-08-26 00:14:00,0.16829718090593815
2026-08-26 00:15:00,0.19710998982191086
2026-08-26 00:16:00,0.19710998982191086
2026-08-26 00:17:00,0.19710998982191086
2026-08-26 00:18:00,0.19710998982191086
2026-08-26 00:19:00,0.19710998982191086
2026-08-26 00:20:00,0.16225128900259733
2026-08-26 00:21:00,0.16225128900259733
2026-08-26 00:22:00,0.16225128900259733
2026-08-26 00:23:00,0.16225128900259733
2026-08-26 00:24:00,0.16225128900259733
2026-08-26 00:25:00,0.1548179453238845
2026-08-26 00:26:00,0.1548179453238845
2026-08-26 00:27:00,0.1548179453238845
2026-08-26 00:28:00,0.1548179453238845
2026-08-26 00:29:00,0.1548179453238845
2026-08-26 00:30:00,0.15099442284554243
2026-08-26 00:31:00,0.15099442284554243
2026-08-26 00:32:00,0.15099442284554243
2026-08-26 00:33:00,0.15099442284554243
2026-08-26 00:34:00,0.15099442284554243
2026-08-26 00:35:00,0.1495812712237239
2026-08-26 00:36:00,0.1495812712237239
2026-08-26 00:37:00,0.1495812712237239
2026-08-26 00:38:00,0.1495812712237239
2026-08-26 00:39:00,0.1495812712237239
2026-08-26 00:40:00,0.1794135645031929
2026-08-26 00:41:00,0.1794135645031929
2026-08-26 00:42:00,0.1794135645031929
2026-08-26 00:43:00,0.1794135645031929
2026-08-26 00:44:00,0.1794135645031929
2026-08-26 00:45:00,0.15631674230098724
2026-08-26 00:46:00,0.15631674230098724
2026-08-26 00:47:00,0.15631674230098724
2026-08-26 00:48:00,0.15631674230098724
2026-08-26 00:49:00,0.15631674230098724
2026-08-26 00:50:00,0.1279730275273323
2026-08-26 00:51:00,0.1279730275273323
2026-08-26 00:52:00,0.1279730275273323
2026-08-26 00:53:00,0.1279730275273323
2026-08-26 00:54:00,0.1279730275273323
2026-08-26 00:55:00,0.10172580555081367
2026-08-26 00:56:00,0.10172580555081367
2026-08-26 00:57:00,0.10172580555081367
2026-08-26 00:58:00,0.10172580555081367
2026-08-26 00:59:00,0.10172580555081367
2026-08-26 01:00:00,0.08105368167161942
2026-08-26 01:01:00,0.08105368167161942
2026-08-26 01:02:00,0.08105368167161942
2026-08-26 01:03:00,0.08105368167161942
2026-08-26 01:04:00,0.08105368167161942
2026-08-26 01:05:00,0.08662393875420094
2026-08-26 01:06:00,0.08662393875420094
2026-08-26 01:07:00,0.08662393875420094
2026-08-26 01:08:00,0.08662393875420094
2026-08-26 01:09:00,0.08662393875420094
2026-08-26 01:10:00,0.09554067440330982
2026-08-26 01:11:00,0.09554067440330982
2026-08-26 01:12:00,0.09554067440330982
2026-08-26 01:13:00,0.09554067440330982
2026-08-26 01:14:00,0.09554067440330982
2026-08-26 01:15:00,0.09484930709004402
2026-08-26 01:16:00,0.09484930709004402
2026-08-26 01:17:00,0.09484930709004402
2026-08-26 01:18:00,0.09484930709004402
2026-08-26 01:19:00,0.09484930709004402
2026-08-26 01:20:00,0.08809972926974297
2026-08-26 01:21:00,0.08809972926974297
2026-08-26 01:22:00,0.08809972926974297
2026-08-26 01:23:00,0.08809972926974297
2026-08-26 01:24:00,0.08809972926974297
2026-08-26 01:25:00,0.08088907599449158
2026-08-26 01:26:00,0.08088907599449158
2026-08-26 01:27:00,0.08088907599449158
2026-08-26 01:28:00,0.08088907599449158
2026-08-26 01:29:00,0.08088907599449158
2026-08-26 01:30:00,0.07243648916482925
2026-08-26 01:31:00,0.07243648916482925
2026-08-26 01:32:00,0.07243648916482925
2026-08-26 01:33:00,0.07243648916482925
2026-08-26 01:34:00,0.07243648916482925
2026-08-26 01:35:00,0.0709104873239994
2026-08-26 01:36:00,0.0709104873239994
2026-08-26 01:37:00,0.0709104873239994
2026-08-26 01:38:00,0.0709104873239994
2026-08-26 01:39:00,0.0709104873239994
2026-08-26 01:40:00,0.07112129591405392
2026-08-26 01:41:00,0.07112129591405392
2026-08-26 01:42:00,0.07112129591405392
2026-08-26 01:43:00,0.07112129591405392
2026-08-26 01:44:00,0.07112129591405392
2026-08-26 01:45:00,0.06795366015285254
2026-08-26 01:46:00,0.06795366015285254
2026-08-26 01:47:00,0.06795366015285254
2026-08-26 01:48:00,0.06795366015285254
2026-08-26 01:49:00,0.06795366015285254
2026-08-26 01:50:00,0.06429171934723854
2026-08-26 01:51:00,0.06429171934723854
2026-08-26 01:52:00,0.06429171934723854
2026-08-26 01:53:00,0.06429171934723854
2026-08-26 01:54:00,0.06429171934723854
2026-08-26 01:55:00,0.058764209039509296
2026-08-26 01:56:00,0.058764209039509296
2026-08-26 01:57:00,0.058764209039509296
2026-08-26 01:58:00,0.058764209039509296
2026-08-26 01:59:00,0.058764209039509296
2026-08-26 02:00:00,0.05310105159878731
2026-08-26 02:01:00,0.05310105159878731
2026-08-26 02:02:00,0.05310105159878731
2026-08-26 02:03:00,0.05310105159878731
2026-08-26 02:04:00,0.05310105159878731
2026-08-26 02:05:00,0.05259235203266144
2026-08-26 02:06:00,0.05259235203266144
2026-08-26 02:07:00,0.05259235203266144
2026-08-26 02:08:00,0.05259235203266144
2026-08-26 02:09:00,0.05259235203266144
2026-08-26 02:10:00,0.06399959791451693
2026-08-26 02:11:00,0.06399959791451693
2026-08-26 02:12:00,0.06399959791451693
2026-08-26 02:13:00,0.06399959791451693
2026-08-26 02:14:00,0.06399959791451693
2026-08-26 02:15:00,0.10183167643845081
2026-08-26 02:16:00,0.10183167643845081
2026-08-26 02:17:00,0.10183167643845081
2026-08-26 02:18:00,0.10183167643845081
2026-08-26 02:19:00,0.10183167643845081
2026-08-26 02:20:00,0.13760019186884165
2026-08-26 02:21:00,0.13760019186884165
2026-08-26 02:22:00,0.13760019186884165
2026-08-26 02:23:00,0.13760019186884165
2026-08-26 02:24:00,0.13760019186884165
2026-08-26 02:25:00,0.17201275937259197
2026-08-26 02:26:00,0.17201275937259197
2026-08-26 02:27:00,0.17201275937259197
2026-08-26 02:28:00,0.17201275937259197
2026-08-26 02:29:00,0.17201275937259197
2026-08-26 02:30:00,0.17159094102680683
2026-08-26 02:31:00,0.17159094102680683
2026-08-26 02:32:00,0.17159094102680683
2026-08-26 02:33:00,0.17159094102680683
2026-08-26 02:34:00,0.17159094102680683
2026-08-26 02:35:00,0.13519906159490347
2026-08-26 02:36:00,0.13519906159490347
2026-08-26 02:37:00,0.13519906159490347
2026-08-26 02:38:00,0.13519906159490347
2026-08-26 02:39:00,0.13519906159490347
2026-08-26 02:40:00,0.10237837582826614
2026-08-26 02:41:00,0.10237837582826614
2026-08-26 02:42:00,0.10237837582826614
2026-08-26 02:43:00,0.10237837582826614
2026-08-26 02:44:00,0.10237837582826614
2026-08-26 02:45:00,0.07016646489501
2026-08-26 02:46:00,0.07016646489501
2026-08-26 02:47:00,0.07016646489501
2026-08-26 02:48:00,0.07016646489501
2026-08-26 02:49:00,0.07016646489501
2026-08-26 02:50:00,0.060139668174088
2026-08-26 02:51:00,0.060139668174088
2026-08-26 02:52:00,0.060139668174088
2026-08-26 02:53:00,0.060139668174088
2026-08-26 02:54:00,0.060139668174088
2026-08-26 02:55:00,0.061592780984938145
2026-08-26 02:56:00,0.061592780984938145
2026-08-26 02:57:00,0.061592780984938145
2026-08-26 02:58:00,0.061592780984938145
2026-08-26 02:59:00,0.061592780984938145
2026-08-26 03:00:00,0.05997407715767622
2026-08-26 03:01:00,0.05997407715767622
2026-08-26 03:02:00,0.05997407715767622
2026-08-26 03:03:00,0.05997407715767622
2026-08-26 03:04:00,0.05997407715767622
2026-08-26 03:05:00,0.056682939641177654
2026-08-26 03:06:00,0.056682939641177654
2026-08-26 03:07:00,0.056682939641177654
2026-08-26 03:08:00,0.056682939641177654
2026-08-26 03:09:00,0.056682939641177654
2026-08-26 03:10:00,0.05750222131609917
2026-08-26 03:11:00,0.05750222131609917
2026-08-26 03:12:00,0.05750222131609917
2026-08-26 03:13:00,0.05750222131609917
2026-08-26 03:14:00,0.05750222131609917
2026-08-26 03:15:00,0.05714547634124756
2026-08-26 03:16:00,0.05714547634124756
2026-08-26 03:17:00,0.05714547634124756
2026-08-26 03:18:00,0.05714547634124756
2026-08-26 03:19:00,0.05714547634124756
2026-08-26 03:20:00,0.05881686136126518
2026-08-26 03:21:00,0.05881686136126518
2026-08-26 03:22:00,0.05881686136126518
2026-08-26 03:23:00,0.05881686136126518
2026-08-26 03:24:00,0.05881686136126518
2026-08-26 03:25:00,0.06316559575498104
2026-08-26 03:26:00,0.06316559575498104
2026-08-26 03:27:00,0.06316559575498104
2026-08-26 03:28:00,0.06316559575498104
2026-08-26 03:29:00,0.06316559575498104
2026-08-26 03:30:00,0.07335505075752735
2026-08-26 03:31:00,0.07335505075752735
2026-08-26 03:32:00,0.07335505075752735
2026-08-26 03:33:00,0.07335505075752735
2026-08-26 03:34:00,0.07335505075752735
2026-08-26 03:35:00,0.1299510570243001
2026-08-26 03:36:00,0.1299510570243001
2026-08-26 03:37:00,0.1299510570243001
2026-08-26 03:38:00,0.1299510570243001
2026-08-26 03:39:00,0.1299510570243001
2026-08-26 03:40:00,0.18523222021758556
2026-08-26 03:41:00,0.18523222021758556
2026-08-26 03:42:00,0.18523222021758556
2026-08-26 03:43:00,0.18523222021758556
2026-08-26 03:44:00,0.18523222021758556
2026-08-26 03:45:00,0.23992247879505157
2026-08-26 03:46:00,0.23992247879505157
2026-08-26 03:47:00,0.23992247879505157
2026-08-26 03:48:00,0.23992247879505157
2026-08-26 03:49:00,0.23992247879505157
2026-08-26 03:50:00,0.26128001883625984
2026-08-26 03:51:00,0.26128001883625984
2026-08-26 03:52:00,0.26128001883625984
2026-08-26 03:53:00,0.26128001883625984
2026-08-26 03:54:00,0.26128001883625984
2026-08-26 03:55:00,0.20504344161599874
2026-08-26 03:56:00,0.20504344161599874
2026-08-26 03:57:00,0.20504344161599874
2026-08-26 03:58:00,0.20504344161599874
2026-08-26 03:59:00,0.20504344161599874
2026-08-26 04:00:00,0.15511487890034914
2026-08-26 04:01:00,0.15511487890034914
2026-08-26 04:02:00,0.15511487890034914
2026-08-26 04:03:00,0.15511487890034914
2026-08-26 04:04:00,0.15511487890034914
2026-08-26 04:05:00,0.10539883095771074
2026-08-26 04:06:00,0.10539883095771074
2026-08-26 04:07:00,0.10539883095771074
2026-08-26 04:08:00,0.10539883095771074
2026-08-26 04:09:00,0.10539883095771074
2026-08-26 04:10:00,0.08144144248217344
2026-08-26 04:11:00,0.08144144248217344
2026-08-26 04:12:00,0.08144144248217344
2026-08-26 04:13:00,0.08144144248217344
2026-08-26 04:14:00,0.08144144248217344
2026-08-26 04:15:00,0.08739898912608624
2026-08-26 04:16:00,0.08739898912608624
2026-08-26 04:17:00,0.08739898912608624
2026-08-26 04:18:00,0.08739898912608624
2026-08-26 04:19:00,0.08739898912608624
2026-08-26 04:20:00,0.08355231210589409
2026-08-26 04:21:00,0.08355231210589409
2026-08-26 04:22:00,0.08355231210589409
2026-08-26 04:23:00,0.08355231210589409
2026-08-26 04:24:00,0.08355231210589409
2026-08-26 04:25:00,0.0796792022883892
2026-08-26 04:26:00,0.0796792022883892
2026-08-26 04:27:00,0.0796792022883892
2026-08-26 04:28:00,0.0796792022883892
2026-08-26 04:29:00,0.0796792022883892
2026-08-26 04:30:00,0.07473333738744259
2026-08-26 04:31:00,0.07473333738744259
2026-08-26 04:32:00,0.07473333738744259
2026-08-26 04:33:00,0.07473333738744259
2026-08-26 04:34:00,0.07473333738744259
2026-08-26 04:35:00,0.09744321182370186
2026-08-26 04:36:00,0.09744321182370186
2026-08-26 04:37:00,0.09744321182370186
2026-08-26 04:38:00,0.09744321182370186
2026-08-26 04:39:00,0.09744321182370186
2026-08-26 04:40:00,0.18719955533742905
2026-08-26 04:41:00,0.18719955533742905
2026-08-26 04:42:00,0.18719955533742905
2026-08-26 04:43:00,0.18719955533742905
2026-08-26 04:44:00,0.18719955533742905
2026-08-26 04:45:00,0.3307684063911438
2026-08-26 04:46:00,0.3307684063911438
2026-08-26 04:47:00,0.3307684063911438
2026-08-26 04:48:00,0.3307684063911438
2026-08-26 04:49:00,0.3307684063911438
2026-08-26 04:50:00,0.5238352753221989
2026-08-26 04:51:00,0.5238352753221989
2026-08-26 04:52:00,0.5238352753221989
2026-08-26 04:53:00,0.5238352753221989
2026-08-26 04:54:00,0.5238352753221989
2026-08-26 04:55:00,0.7073424383997917
2026-08-26 04:56:00,0.7073424383997917
2026-08-26 04:57:00,0.7073424383997917
2026-08-26 04:58:00,0.7073424383997917
2026-08-26 04:59:00,0.7073424383997917
2026-08-26 05:00:00,0.8009602278470993
2026-08-26 05:01:00,0.8009602278470993
2026-08-26 05:02:00,0.8009602278470993
2026-08-26 05:03:00,0.8009602278470993
2026-08-26 05:04:00,0.8009602278470993
2026-08-26 05:05:00,0.7915466874837875
2026-08-26 05:06:00,0.7915466874837875
2026-08-26 05:07:00,0.7915466874837875
2026-08-26 05:08:00,0.7915466874837875
2026-08-26 05:09:00,0.7915466874837875
2026-08-26 05:10:00,0.6701479628682137
2026-08-26 05:11:00,0.6701479628682137
2026-08-26 05:12:00,0.6701479628682137
2026-08-26 05:13:00,0.6701479628682137
2026-08-26 05:14:00,0.6701479628682137
2026-08-26 05:15:00,0.48305463045835495
2026-08-26 05:16:00,0.48305463045835495
2026-08-26 05:17:00,0.48305463045835495
2026-08-26 05:18:00,0.48305463045835495
2026-08-26 05:19:00,0.48305463045835495
2026-08-26 05:20:00,0.3131099306046963
2026-08-26 05:21:00,0.3131099306046963
2026-08-26 05:22:00,0.3131099306046963
2026-08-26 05:23:00,0.3131099306046963
2026-08-26 05:24:00,0.3131099306046963
2026-08-26 05:25:00,0.24139928445219994
2026-08-26 05:26:00,0.24139928445219994
2026-08-26 05:27:00,0.24139928445219994
2026-08-26 05:28:00,0.24139928445219994
2026-08-26 05:29:00,0.24139928445219994
2026-08-26 05:30:00,0.23096370324492455
2026-08-26 05:31:00,0.23096370324492455
2026-08-26 05:32:00,0.23096370324492455
2026-08-26 05:33:00,0.23096370324492455
2026-08-26 05:34:00,0.23096370324492455
2026-08-26 05:35:00,0.26815856620669365
2026-08-26 05:36:00,0.26815856620669365
2026-08-26 05:37:00,0.26815856620669365
2026-08-26 05:38:00,0.26815856620669365
2026-08-26 05:39:00,0.26815856620669365
2026-08-26 05:40:00,0.31708908826112747
2026-08-26 05:41:00,0.31708908826112747
2026-08-26 05:42:00,0.31708908826112747
2026-08-26 05:43:00,0.31708908826112747
2026-08-26 05:44:00,0.31708908826112747
2026-08-26 05:45:00,0.2622588034719229
2026-08-26 05:46:00,0.2622588034719229
2026-08-26 05:47:00,0.2622588034719229
2026-08-26 05:48:00,0.2622588034719229
2026-08-26 05:49:00,0.2622588034719229
2026-08-26 05:50:00,0.21338609792292118
2026-08-26 05:51:00,0.21338609792292118
2026-08-26 05:52:00,0.21338609792292118
2026-08-26 05:53:00,0.21338609792292118
2026-08-26 05:54:00,0.21338609792292118
2026-08-26 05:55:00,0.16403304040431976
2026-08-26 05:56:00,0.16403304040431976
2026-08-26 05:57:00,0.16403304040431976
2026-08-26 05:58:00,0.16403304040431976
2026-08-26 05:59:00,0.16403304040431976
2026-08-26 06:00:00,0.10740572400391102
2026-08-26 06:01:00,0.10740572400391102
2026-08-26 06:02:00,0.10740572400391102
2026-08-26 06:03:00,0.10740572400391102
2026-08-26 06:04:00,0.10740572400391102
2026-08-26 06:05:00,0.3441362865269184
2026-08-26 06:06:00,0.3441362865269184
2026-08-26 06:07:00,0.3441362865269184
2026-08-26 06:08:00,0.3441362865269184
2026-08-26 06:09:00,0.3441362865269184
2026-08-26 06:10:00,0.5774309411644936
2026-08-26 06:11:00,0.5774309411644936
2026-08-26 06:12:00,0.5774309411644936
2026-08-26 06:13:00,0.5774309411644936
2026-08-26 06:14:00,0.5774309411644936
2026-08-26 06:15:00,0.8144677598029375
2026-08-26 06:16:00,0.8144677598029375
2026-08-26 06:17:00,0.8144677598029375
2026-08-26 06:18:00,0.8144677598029375
2026-08-26 06:19:00,0.8144677598029375
2026-08-26 06:20:00,1.05787992477417
2026-08-26 06:21:00,1.05787992477417
2026-08-26 06:22:00,1.05787992477417
2026-08-26 06:23:00,1.05787992477417
2026-08-26 06:24:00,1.05787992477417
2026-08-26 06:25:00,0.8351980894804001
2026-08-26 06:26:00,0.8351980894804001
2026-08-26 06:27:00,0.8351980894804001
2026-08-26 06:28:00,0.8351980894804001
2026-08-26 06:29:00,0.8351980894804001
2026-08-26 06:30:00,0.8305353969335556
2026-08-26 06:31:00,0.8305353969335556
2026-08-26 06:32:00,0.8305353969335556
2026-08-26 06:33:00,0.8305353969335556
2026-08-26 06:34:00,0.8305353969335556
2026-08-26 06:35:00,0.8243784159421921
2026-08-26 06:36:00,0.8243784159421921
2026-08-26 06:37:00,0.8243784159421921
2026-08-26 06:38:00,0.8243784159421921
2026-08-26 06:39:00,0.8243784159421921
2026-08-26 06:40:00,0.8177030235528946
2026-08-26 06:41:00,0.8177030235528946
2026-08-26 06:42:00,0.8177030235528946
2026-08-26 06:43:00,0.8177030235528946
2026-08-26 06:44:00,0.8177030235528946
2026-08-26 06:45:00,1.0377550423145294
2026-08-26 06:46:00,1.0377550423145294
2026-08-26 06:47:00,1.0377550423145294
2026-08-26 06:48:00,1.0377550423145294
2026-08-26 06:49:00,1.0377550423145294
2026-08-26 06:50:00,0.832621943205595
2026-08-26 06:51:00,0.832621943205595
2026-08-26 06:52:00,0.832621943205595
2026-08-26 06:53:00,0.832621943205595
2026-08-26 06:54:00,0.832621943205595
2026-08-26 06:55:00,0.629708755761385
2026-08-26 06:56:00,0.629708755761385
2026-08-26 06:57:00,0.629708755761385
2026-08-26 06:58:00,0.629708755761385
2026-08-26 06:59:00,0.629708755761385
2026-08-26 07:00:00,0.42604511603713036
2026-08-26 07:01:00,0.42604511603713036
2026-08-26 07:02:00,0.42604511603713036
2026-08-26 07:03:00,0.42604511603713036
2026-08-26 07:04:00,0.42604511603713036
2026-08-26 07:05:00,0.22221023589372635
2026-08-26 07:06:00,0.22221023589372635
2026-08-26 07:07:00,0.22221023589372635
2026-08-26 07:08:00,0.22221023589372635
2026-08-26 07:09:00,0.22221023589372635
2026-08-26 07:10:00,0.2214190699160099
2026-08-26 07:11:00,0.2214190699160099
2026-08-26 07:12:00,0.2214190699160099
2026-08-26 07:13:00,0.2214190699160099
2026-08-26 07:14:00,0.2214190699160099
2026-08-26 07:15:00,0.2192772552371025
2026-08-26 07:16:00,0.2192772552371025
2026-08-26 07:17:00,0.2192772552371025
2026-08-26 07:18:00,0.2192772552371025
2026-08-26 07:19:00,0.2192772552371025
2026-08-26 07:20:00,0.2179204225540161
2026-08-26 07:21:00,0.2179204225540161
2026-08-26 07:22:00,0.2179204225540161
2026-08-26 07:23:00,0.2179204225540161
2026-08-26 07:24:00,0.2179204225540161
2026-08-26 07:25:00,0.21538517251610756
2026-08-26 07:26:00,0.21538517251610756
2026-08-26 07:27:00,0.21538517251610756
2026-08-26 07:28:00,0.21538517251610756
2026-08-26 07:29:00,0.21538517251610756
2026-08-26 07:30:00,0.42145928367972374
2026-08-26 07:31:00,0.42145928367972374
2026-08-26 07:32:00,0.42145928367972374
2026-08-26 07:33:00,0.42145928367972374
2026-08-26 07:34:00,0.42145928367972374
2026-08-26 07:35:00,0.62663134932518
2026-08-26 07:36:00,0.62663134932518
2026-08-26 07:37:00,0.62663134932518
2026-08-26 07:38:00,0.62663134932518
2026-08-26 07:39:00,0.62663134932518
2026-08-26 07:40:00,0.8317335397005081
2026-08-26 07:41:00,0.8317335397005081
2026-08-26 07:42:00,0.8317335397005081
2026-08-26 07:43:00,0.8317335397005081
2026-08-26 07:44:00,0.8317335397005081
2026-08-26 07:45:00,1.0373891592025757
2026-08-26 07:46:00,1.0373891592025757
2026-08-26 07:47:00,1.0373891592025757
2026-08-26 07:48:00,1.0373891592025757
2026-08-26 07:49:00,1.0373891592025757
2026-08-26 07:50:00,0.8303612023591995
2026-08-26 07:51:00,0.8303612023591995
2026-08-26 07:52:00,0.8303612023591995
2026-08-26 07:53:00,0.8303612023591995
2026-08-26 07:54:00,0.8303612023591995
2026-08-26 07:55:00,0.6232517957687378
2026-08-26 07:56:00,0.6232517957687378
2026-08-26 07:57:00,0.6232517957687378
2026-08-26 07:58:00,0.6232517957687378
2026-08-26 07:59:00,0.6232517957687378
2026-08-26 08:00:00,0.41664768755435944
2026-08-26 08:01:00,0.41664768755435944
2026-08-26 08:02:00,0.41664768755435944
2026-08-26 08:03:00,0.41664768755435944
2026-08-26 08:04:00,0.41664768755435944
2026-08-26 08:05:00,0.20735953375697136
2026-08-26 08:06:00,0.20735953375697136
2026-08-26 08:07:00,0.20735953375697136
2026-08-26 08:08:00,0.20735953375697136
2026-08-26 08:09:00,0.20735953375697136
2026-08-26 08:10:00,0.20304186642169952
2026-08-26 08:11:00,0.20304186642169952
2026-08-26 08:12:00,0.20304186642169952
2026-08-26 08:13:00,0.20304186642169952
2026-08-26 08:14:00,0.20304186642169952
2026-08-26 08:15:00,0.19859794527292252
2026-08-26 08:16:00,0.19859794527292252
2026-08-26 08:17:00,0.19859794527292252
2026-08-26 08:18:00,0.19859794527292252
2026-08-26 08:19:00,0.19859794527292252
2026-08-26 08:20:00,0.19374751299619675
2026-08-26 08:21:00,0.19374751299619675
2026-08-26 08:22:00,0.19374751299619675
2026-08-26 08:23:00,0.19374751299619675
2026-08-26 08:24:00,0.19374751299619675
2026-08-26 08:25:00,0.46806835755705833
2026-08-26 08:26:00,0.46806835755705833
2026-08-26 08:27:00,0.46806835755705833
2026-08-26 08:28:00,0.46806835755705833
2026-08-26 08:29:00,0.46806835755705833
2026-08-26 08:30:00,0.7444286122918129
2026-08-26 08:31:00,0.7444286122918129
2026-08-26 08:32:00,0.7444286122918129
2026-08-26 08:33:00,0.7444286122918129
2026-08-26 08:34:00,0.7444286122918129
2026-08-26 08:35:00,1.0209507048130035
2026-08-26 08:36:00,1.0209507048130035
2026-08-26 08:37:00,1.0209507048130035
2026-08-26 08:38:00,1.0209507048130035
2026-08-26 08:39:00,1.0209507048130035
2026-08-26 08:40:00,1.2973833084106445
2026-08-26 08:41:00,1.2973833084106445
2026-08-26 08:42:00,1.2973833084106445
2026-08-26 08:43:00,1.2973833084106445
2026-08-26 08:44:00,1.2973833084106445
2026-08-26 08:45:00,1.0289528965950012
2026-08-26 08:46:00,1.0289528965950012
2026-08-26 08:47:00,1.0289528965950012
2026-08-26 08:48:00,1.0289528965950012
2026-08-26 08:49:00,1.0289528965950012
2026-08-26 08:50:00,0.776390440762043
2026-08-26 08:51:00,0.776390440762043
2026-08-26 08:52:00,0.776390440762043
2026-08-26 08:53:00,0.776390440762043
2026-08-26 08:54:00,0.776390440762043
2026-08-26 08:55:00,0.5230332538485527
2026-08-26 08:56:00,0.5230332538485527
2026-08-26 08:57:00,0.5230332538485527
2026-08-26 08:58:00,0.5230332538485527
2026-08-26 08:59:00,0.5230332538485527
2026-08-26 09:00:00,0.26938141882419586
2026-08-26 09:01:00,0.26938141882419586
2026-08-26 09:02:00,0.26938141882419586
2026-08-26 09:03:00,0.26938141882419586
2026-08-26 09:04:00,0.26938141882419586
2026-08-26 09:05:00,0.28343963623046875
2026-08-26 09:06:00,0.28343963623046875
2026-08-26 09:07:00,0.28343963623046875
2026-08-26 09:08:00,0.28343963623046875
2026-08-26 09:09:00,0.28343963623046875
2026-08-26 09:10:00,0.2809063643217087
2026-08-26 09:11:00,0.2809063643217087
2026-08-26 09:12:00,0.2809063643217087
2026-08-26 09:13:00,0.2809063643217087
2026-08-26 09:14:00,0.2809063643217087
2026-08-26 09:15:00,0.27983447164297104
2026-08-26 09:16:00,0.27983447164297104
2026-08-26 09:17:00,0.27983447164297104
2026-08-26 09:18:00,0.27983447164297104
2026-08-26 09:19:00,0.27983447164297104
2026-08-26 09:20:00,0.2789139673113823
2026-08-26 09:21:00,0.2789139673113823
2026-08-26 09:22:00,0.2789139673113823
2026-08-26 09:23:00,0.2789139673113823
2026-08-26 09:24:00,0.2789139673113823
2026-08-26 09:25:00,0.2793566435575485
2026-08-26 09:26:00,0.2793566435575485
2026-08-26 09:27:00,0.2793566435575485
2026-08-26 09:28:00,0.2793566435575485
2026-08-26 09:29:00,0.2793566435575485
2026-08-26 09:30:00,0.281242772936821
2026-08-26 09:31:00,0.281242772936821
2026-08-26 09:32:00,0.281242772936821
2026-08-26 09:33:00,0.281242772936821
2026-08-26 09:34:00,0.281242772936821
2026-08-26 09:35:00,0.28268177807331085
2026-08-26 09:36:00,0.28268177807331085
2026-08-26 09:37:00,0.28268177807331085
2026-08-26 09:38:00,0.28268177807331085
2026-08-26 09:39:00,0.28268177807331085
2026-08-26 09:40:00,0.28404513746500015
2026-08-26 09:41:00,0.28404513746500015
2026-08-26 09:42:00,0.28404513746500015
2026-08-26 09:43:00,0.28404513746500015
2026-08-26 09:44:00,0.28404513746500015
2026-08-26 09:45:00,0.22789463121443987
2026-08-26 09:46:00,0.22789463121443987
2026-08-26 09:47:00,0.22789463121443987
2026-08-26 09:48:00,0.22789463121443987
2026-08-26 09:49:00,0.22789463121443987
2026-08-26 09:50:00,0.17034272849559784
2026-08-26 09:51:00,0.17034272849559784
2026-08-26 09:52:00,0.17034272849559784
2026-08-26 09:53:00,0.17034272849559784
2026-08-26 09:54:00,0.17034272849559784
2026-08-26 09:55:00,0.11166243627667427
2026-08-26 09:56:00,0.11166243627667427
2026-08-26 09:57:00,0.11166243627667427
2026-08-26 09:58:00,0.11166243627667427
2026-08-26 09:59:00,0.11166243627667427
2026-08-26 10:00:00,0.05316328443586826
2026-08-26 10:01:00,0.05316328443586826
2026-08-26 10:02:00,0.05316328443586826
2026-08-26 10:03:00,0.05316328443586826
2026-08-26 10:04:00,0.05316328443586826
2026-08-26 10:05:00,0.05374403391033411
2026-08-26 10:06:00,0.05374403391033411
2026-08-26 10:07:00,0.05374403391033411
2026-08-26 10:08:00,0.05374403391033411
2026-08-26 10:09:00,0.05374403391033411
2026-08-26 10:10:00,0.06221192143857479
2026-08-26 10:11:00,0.06221192143857479
2026-08-26 10:12:00,0.06221192143857479
2026-08-26 10:13:00,0.06221192143857479
2026-08-26 10:14:00,0.06221192143857479
2026-08-26 10:15:00,0.07499928772449493
2026-08-26 10:16:00,0.07499928772449493
2026-08-26 10:17:00,0.07499928772449493
2026-08-26 10:18:00,0.07499928772449493
2026-08-26 10:19:00,0.07499928772449493
2026-08-26 10:20:00,0.0880692433565855
2026-08-26 10:21:00,0.0880692433565855
2026-08-26 10:22:00,0.0880692433565855
2026-08-26 10:23:00,0.0880692433565855
2026-08-26 10:24:00,0.0880692433565855
2026-08-26 10:25:00,0.09699570015072823
2026-08-26 10:26:00,0.09699570015072823
2026-08-26 10:27:00,0.09699570015072823
2026-08-26 10:28:00,0.09699570015072823
2026-08-26 10:29:00,0.09699570015072823
2026-08-26 10:30:00,0.09360089898109436
2026-08-26 10:31:00,0.09360089898109436
2026-08-26 10:32:00,0.09360089898109436
2026-08-26 10:33:00,0.09360089898109436
2026-08-26 10:34:00,0.09360089898109436
2026-08-26 10:35:00,0.08468331210315228
2026-08-26 10:36:00,0.08468331210315228
2026-08-26 10:37:00,0.08468331210315228
2026-08-26 10:38:00,0.08468331210315228
2026-08-26 10:39:00,0.08468331210315228
2026-08-26 10:40:00,0.07441652845591307
2026-08-26 10:41:00,0.07441652845591307
2026-08-26 10:42:00,0.07441652845591307
2026-08-26 10:43:00,0.07441652845591307
2026-08-26 10:44:00,0.07441652845591307
2026-08-26 10:45:00,0.06415230501443148
2026-08-26 10:46:00,0.06415230501443148
2026-08-26 10:47:00,0.06415230501443148
2026-08-26 10:48:00,0.06415230501443148
2026-08-26 10:49:00,0.06415230501443148
2026-08-26 10:50:00,0.05697726644575596
2026-08-26 10:51:00,0.05697726644575596
2026-08-26 10:52:00,0.05697726644575596
2026-08-26 10:53:00,0.05697726644575596
2026-08-26 10:54:00,0.05697726644575596
2026-08-26 10:55:00,0.05437537655234337
2026-08-26 10:56:00,0.05437537655234337
2026-08-26 10:57:00,0.05437537655234337
2026-08-26 10:58:00,0.05437537655234337
2026-08-26 10:59:00,0.05437537655234337
2026-08-26 11:00:00,0.11330397706478834
2026-08-26 11:01:00,0.11330397706478834
2026-08-26 11:02:00,0.11330397706478834
2026-08-26 11:03:00,0.11330397706478834
2026-08-26 11:04:00,0.11330397706478834
2026-08-26 11:05:00,0.17830341961234808
2026-08-26 11:06:00,0.17830341961234808
2026-08-26 11:07:00,0.17830341961234808
2026-08-26 11:08:00,0.17830341961234808
2026-08-26 11:09:00,0.17830341961234808
2026-08-26 11:10:00,0.24689112417399883
2026-08-26 11:11:00,0.24689112417399883
2026-08-26 11:12:00,0.24689112417399883
2026-08-26 11:13:00,0.24689112417399883
2026-08-26 11:14:00,0.24689112417399883
2026-08-26 11:15:00,0.3125516101717949
2026-08-26 11:16:00,0.3125516101717949
2026-08-26 11:17:00,0.3125516101717949
2026-08-26 11:18:00,0.3125516101717949
2026-08-26 11:19:00,0.3125516101717949
2026-08-26 11:20:00,0.2544399108737707
2026-08-26 11:21:00,0.2544399108737707
2026-08-26 11:22:00,0.2544399108737707
2026-08-26 11:23:00,0.2544399108737707
2026-08-26 11:24:00,0.2544399108737707
2026-08-26 11:25:00,0.18947668746113777
2026-08-26 11:26:00,0.18947668746113777
2026-08-26 11:27:00,0.18947668746113777
2026-08-26 11:28:00,0.18947668746113777
2026-08-26 11:29:00,0.18947668746113777
2026-08-26 11:30:00,0.12361329142004251
2026-08-26 11:31:00,0.12361329142004251
2026-08-26 11:32:00,0.12361329142004251
2026-08-26 11:33:00,0.12361329142004251
2026-08-26 11:34:00,0.12361329142004251
2026-08-26 11:35:00,0.05857277940958738
2026-08-26 11:36:00,0.05857277940958738
2026-08-26 11:37:00,0.05857277940958738
2026-08-26 11:38:00,0.05857277940958738
2026-08-26 11:39:00,0.05857277940958738
2026-08-26 11:40:00,0.05654369853436947
2026-08-26 11:41:00,0.05654369853436947
2026-08-26 11:42:00,0.05654369853436947
2026-08-26 11:43:00,0.05654369853436947
2026-08-26 11:44:00,0.05654369853436947
2026-08-26 11:45:00,0.05723405256867409
2026-08-26 11:46:00,0.05723405256867409
2026-08-26 11:47:00,0.05723405256867409
2026-08-26 11:48:00,0.05723405256867409
2026-08-26 11:49:00,0.05723405256867409
2026-08-26 11:50:00,0.058258150704205036
2026-08-26 11:51:00,0.058258150704205036
2026-08-26 11:52:00,0.058258150704205036
2026-08-26 11:53:00,0.058258150704205036
2026-08-26 11:54:00,0.058258150704205036
2026-08-26 11:55:00,0.06531257461756468
2026-08-26 11:56:00,0.06531257461756468
2026-08-26 11:57:00,0.06531257461756468
2026-08-26 11:58:00,0.06531257461756468
2026-08-26 11:59:00,0.06531257461756468
2026-08-26 12:00:00,0.07081858441233635
2026-08-26 12:01:00,0.07081858441233635
2026-08-26 12:02:00,0.07081858441233635
2026-08-26 12:03:00,0.07081858441233635
2026-08-26 12:04:00,0.07081858441233635
2026-08-26 12:05:00,0.07532922923564911
2026-08-26 12:06:00,0.07532922923564911
2026-08-26 12:07:00,0.07532922923564911
2026-08-26 12:08:00,0.07532922923564911
2026-08-26 12:09:00,0.07532922923564911
2026-08-26 12:10:00,0.07750130258500576
2026-08-26 12:11:00,0.07750130258500576
2026-08-26 12:12:00,0.07750130258500576
2026-08-26 12:13:00,0.07750130258500576
2026-08-26 12:14:00,0.07750130258500576
2026-08-26 12:15:00,0.07374638319015503
2026-08-26 12:16:00,0.07374638319015503
2026-08-26 12:17:00,0.07374638319015503
2026-08-26 12:18:00,0.07374638319015503
2026-08-26 12:19:00,0.07374638319015503
2026-08-26 12:20:00,0.07167177274823189
2026-08-26 12:21:00,0.07167177274823189
2026-08-26 12:22:00,0.07167177274823189
2026-08-26 12:23:00,0.07167177274823189
2026-08-26 12:24:00,0.07167177274823189
2026-08-26 12:25:00,0.06879929639399052
2026-08-26 12:26:00,0.06879929639399052
2026-08-26 12:27:00,0.06879929639399052
2026-08-26 12:28:00,0.06879929639399052
2026-08-26 12:29:00,0.06879929639399052
2026-08-26 12:30:00,0.06791790202260017
2026-08-26 12:31:00,0.06791790202260017
2026-08-26 12:32:00,0.06791790202260017
2026-08-26 12:33:00,0.06791790202260017
2026-08-26 12:34:00,0.06791790202260017
2026-08-26 12:35:00,0.06736093573272228
2026-08-26 12:36:00,0.06736093573272228
2026-08-26 12:37:00,0.06736093573272228
2026-08-26 12:38:00,0.06736093573272228
2026-08-26 12:39:00,0.06736093573272228
2026-08-26 12:40:00,0.06992463394999504
2026-08-26 12:41:00,0.06992463394999504
2026-08-26 12:42:00,0.06992463394999504
2026-08-26 12:43:00,0.06992463394999504
2026-08-26 12:44:00,0.06992463394999504
2026-08-26 12:45:00,0.07436337135732174
2026-08-26 12:46:00,0.07436337135732174
2026-08-26 12:47:00,0.07436337135732174
2026-08-26 12:48:00,0.07436337135732174
2026-08-26 12:49:00,0.07436337135732174
2026-08-26 12:50:00,0.07615173421800137
2026-08-26 12:51:00,0.07615173421800137
2026-08-26 12:52:00,0.07615173421800137
2026-08-26 12:53:00,0.07615173421800137
2026-08-26 12:54:00,0.07615173421800137
2026-08-26 12:55:00,0.07524162903428078
2026-08-26 12:56:00,0.07524162903428078
2026-08-26 12:57:00,0.07524162903428078
2026-08-26 12:58:00,0.07524162903428078
2026-08-26 12:59:00,0.07524162903428078
2026-08-26 13:00:00,0.07172532938420773
2026-08-26 13:01:00,0.07172532938420773
2026-08-26 13:02:00,0.07172532938420773
2026-08-26 13:03:00,0.07172532938420773
2026-08-26 13:04:00,0.07172532938420773
2026-08-26 13:05:00,0.0705552939325571
2026-08-26 13:06:00,0.0705552939325571
2026-08-26 13:07:00,0.0705552939325571
2026-08-26 13:08:00,0.0705552939325571
2026-08-26 13:09:00,0.0705552939325571
2026-08-26 13:10:00,0.07278101518750191
2026-08-26 13:11:00,0.07278101518750191
2026-08-26 13:12:00,0.07278101518750191
2026-08-26 13:13:00,0.07278101518750191
2026-08-26 13:14:00,0.07278101518750191
2026-08-26 13:15:00,0.07779337279498577
2026-08-26 13:16:00,0.07779337279498577
2026-08-26 13:17:00,0.07779337279498577
2026-08-26 13:18:00,0.07779337279498577
2026-08-26 13:19:00,0.07779337279498577
2026-08-26 13:20:00,0.08304158970713615
2026-08-26 13:21:00,0.08304158970713615
2026-08-26 13:22:00,0.08304158970713615
2026-08-26 13:23:00,0.08304158970713615
2026-08-26 13:24:00,0.08304158970713615
2026-08-26 13:25:00,0.08360058441758156
2026-08-26 13:26:00,0.08360058441758156
2026-08-26 13:27:00,0.08360058441758156
2026-08-26 13:28:00,0.08360058441758156
2026-08-26 13:29:00,0.08360058441758156
2026-08-26 13:30:00,0.07665488589555025
2026-08-26 13:31:00,0.07665488589555025
2026-08-26 13:32:00,0.07665488589555025
2026-08-26 13:33:00,0.07665488589555025
2026-08-26 13:34:00,0.07665488589555025
2026-08-26 13:35:00,0.06934631709009409
2026-08-26 13:36:00,0.06934631709009409
2026-08-26 13:37:00,0.06934631709009409
2026-08-26 13:38:00,0.06934631709009409
2026-08-26 13:39:00,0.06934631709009409
2026-08-26 13:40:00,0.06710931565612555
2026-08-26 13:41:00,0.06710931565612555
2026-08-26 13:42:00,0.06710931565612555
2026-08-26 13:43:00,0.06710931565612555
2026-08-26 13:44:00,0.06710931565612555
2026-08-26 13:45:00,0.06783430743962526
2026-08-26 13:46:00,0.06783430743962526
2026-08-26 13:47:00,0.06783430743962526
2026-08-26 13:48:00,0.06783430743962526
2026-08-26 13:49:00,0.06783430743962526
2026-08-26 13:50:00,0.07624337822198868
2026-08-26 13:51:00,0.07624337822198868
2026-08-26 13:52:00,0.07624337822198868
2026-08-26 13:53:00,0.07624337822198868
2026-08-26 13:54:00,0.07624337822198868
2026-08-26 13:55:00,0.08232162334024906
2026-08-26 13:56:00,0.08232162334024906
2026-08-26 13:57:00,0.08232162334024906
2026-08-26 13:58:00,0.08232162334024906
2026-08-26 13:59:00,0.08232162334024906
2026-08-26 14:00:00,0.07511912751942873
2026-08-26 14:01:00,0.07511912751942873
2026-08-26 14:02:00,0.07511912751942873
2026-08-26 14:03:00,0.07511912751942873
2026-08-26 14:04:00,0.07511912751942873
2026-08-26 14:05:00,0.06713358592242002
2026-08-26 14:06:00,0.06713358592242002
2026-08-26 14:07:00,0.06713358592242002
2026-08-26 14:08:00,0.06713358592242002
2026-08-26 14:09:00,0.06713358592242002
2026-08-26 14:10:00,0.05675228592008352
2026-08-26 14:11:00,0.05675228592008352
2026-08-26 14:12:00,0.05675228592008352
2026-08-26 14:13:00,0.05675228592008352
2026-08-26 14:14:00,0.05675228592008352
2026-08-26 14:15:00,0.048767056316137314
2026-08-26 14:16:00,0.048767056316137314
2026-08-26 14:17:00,0.048767056316137314
2026-08-26 14:18:00,0.048767056316137314
2026-08-26 14:19:00,0.048767056316137314
2026-08-26 14:20:00,0.05112597346305847
2026-08-26 14:21:00,0.05112597346305847
2026-08-26 14:22:00,0.05112597346305847
2026-08-26 14:23:00,0.05112597346305847
2026-08-26 14:24:00,0.05112597346305847
2026-08-26 14:25:00,0.054014853201806545
2026-08-26 14:26:00,0.054014853201806545
2026-08-26 14:27:00,0.054014853201806545
2026-08-26 14:28:00,0.054014853201806545
2026-08-26 14:29:00,0.054014853201806545
2026-08-26 14:30:00,0.0896079083904624
2026-08-26 14:31:00,0.0896079083904624
2026-08-26 14:32:00,0.0896079083904624
2026-08-26 14:33:00,0.0896079083904624
2026-08-26 14:34:00,0.0896079083904624
2026-08-26 14:35:00,0.12720663100481033
2026-08-26 14:36:00,0.12720663100481033
2026-08-26 14:37:00,0.12720663100481033
2026-08-26 14:38:00,0.12720663100481033
2026-08-26 14:39:00,0.12720663100481033
2026-08-26 14:40:00,0.16163539048284292
2026-08-26 14:41:00,0.16163539048284292
2026-08-26 14:42:00,0.16163539048284292
2026-08-26 14:43:00,0.16163539048284292
2026-08-26 14:44:00,0.16163539048284292
2026-08-26 14:45:00,0.19324955716729164
2026-08-26 14:46:00,0.19324955716729164
2026-08-26 14:47:00,0.19324955716729164
2026-08-26 14:48:00,0.19324955716729164
2026-08-26 14:49:00,0.19324955716729164
2026-08-26 14:50:00,0.16055731195956469
2026-08-26 14:51:00,0.16055731195956469
2026-08-26 14:52:00,0.16055731195956469
2026-08-26 14:53:00,0.16055731195956469
2026-08-26 14:54:00,0.16055731195956469
2026-08-26 14:55:00,0.1250069309026003
2026-08-26 14:56:00,0.1250069309026003
2026-08-26 14:57:00,0.1250069309026003
2026-08-26 14:58:00,0.1250069309026003
2026-08-26 14:59:00,0.1250069309026003
2026-08-26 15:00:00,0.09271577373147011
2026-08-26 15:01:00,0.09271577373147011
2026-08-26 15:02:00,0.09271577373147011
2026-08-26 15:03:00,0.09271577373147011
2026-08-26 15:04:00,0.09271577373147011
2026-08-26 15:05:00,0.06492964178323746
2026-08-26 15:06:00,0.06492964178323746
2026-08-26 15:07:00,0.06492964178323746
2026-08-26 15:08:00,0.06492964178323746
2026-08-26 15:09:00,0.06492964178323746
2026-08-26 15:10:00,0.07168297749012709
2026-08-26 15:11:00,0.07168297749012709
2026-08-26 15:12:00,0.07168297749012709
2026-08-26 15:13:00,0.07168297749012709
2026-08-26 15:14:00,0.07168297749012709
2026-08-26 15:15:00,0.07733722217381
2026-08-26 15:16:00,0.07733722217381
2026-08-26 15:17:00,0.07733722217381
2026-08-26 15:18:00,0.07733722217381
2026-08-26 15:19:00,0.07733722217381
2026-08-26 15:20:00,0.08052610605955124
2026-08-26 15:21:00,0.08052610605955124
2026-08-26 15:22:00,0.08052610605955124
2026-08-26 15:23:00,0.08052610605955124
2026-08-26 15:24:00,0.08052610605955124
2026-08-26 15:25:00,0.0803812462836504
2026-08-26 15:26:00,0.0803812462836504
2026-08-26 15:27:00,0.0803812462836504
2026-08-26 15:28:00,0.0803812462836504
2026-08-26 15:29:00,0.0803812462836504
2026-08-26 15:30:00,0.07656550966203213
2026-08-26 15:31:00,0.07656550966203213
2026-08-26 15:32:00,0.07656550966203213
2026-08-26 15:33:00,0.07656550966203213
2026-08-26 15:34:00,0.07656550966203213
2026-08-26 15:35:00,0.0735290851444006
2026-08-26 15:36:00,0.0735290851444006
2026-08-26 15:37:00,0.0735290851444006
2026-08-26 15:38:00,0.0735290851444006
2026-08-26 15:39:00,0.0735290851444006
2026-08-26 15:40:00,0.06806805171072483
2026-08-26 15:41:00,0.06806805171072483
2026-08-26 15:42:00,0.06806805171072483
2026-08-26 15:43:00,0.06806805171072483
2026-08-26 15:44:00,0.06806805171072483
2026-08-26 15:45:00,0.06440622359514236
2026-08-26 15:46:00,0.06440622359514236
2026-08-26 15:47:00,0.06440622359514236
2026-08-26 15:48:00,0.06440622359514236
2026-08-26 15:49:00,0.06440622359514236
2026-08-26 15:50:00,0.060884769074618816
2026-08-26 15:51:00,0.060884769074618816
2026-08-26 15:52:00,0.060884769074618816
2026-08-26 15:53:00,0.060884769074618816
2026-08-26 15:54:00,0.060884769074618816
2026-08-26 15:55:00,0.05784676969051361
2026-08-26 15:56:00,0.05784676969051361
2026-08-26 15:57:00,0.05784676969051361
2026-08-26 15:58:00,0.05784676969051361
2026-08-26 15:59:00,0.05784676969051361
2026-08-26 16:00:00,0.05740912910550833
2026-08-26 16:01:00,0.05740912910550833
2026-08-26 16:02:00,0.05740912910550833
2026-08-26 16:03:00,0.05740912910550833
2026-08-26 16:04:00,0.05740912910550833
2026-08-26 16:05:00,0.07605849858373404
2026-08-26 16:06:00,0.07605849858373404
2026-08-26 16:07:00,0.07605849858373404
2026-08-26 16:08:00,0.07605849858373404
2026-08-26 16:09:00,0.07605849858373404
2026-08-26 16:10:00,0.09504826739430428
2026-08-26 16:11:00,0.09504826739430428
2026-08-26 16:12:00,0.09504826739430428
2026-08-26 16:13:00,0.09504826739430428
2026-08-26 16:14:00,0.09504826739430428
2026-08-26 16:15:00,0.11377192568033934
2026-08-26 16:16:00,0.11377192568033934
2026-08-26 16:17:00,0.11377192568033934
2026-08-26 16:18:00,0.11377192568033934
2026-08-26 16:19:00,0.11377192568033934
2026-08-26 16:20:00,0.1341957487165928
2026-08-26 16:21:00,0.1341957487165928
2026-08-26 16:22:00,0.1341957487165928
2026-08-26 16:23:00,0.1341957487165928
2026-08-26 16:24:00,0.1341957487165928
2026-08-26 16:25:00,0.11555949226021767
2026-08-26 16:26:00,0.11555949226021767
2026-08-26 16:27:00,0.11555949226021767
2026-08-26 16:28:00,0.11555949226021767
2026-08-26 16:29:00,0.11555949226021767
2026-08-26 16:30:00,0.09625678230077028
2026-08-26 16:31:00,0.09625678230077028
2026-08-26 16:32:00,0.09625678230077028
2026-08-26 16:33:00,0.09625678230077028
2026-08-26 16:34:00,0.09625678230077028
2026-08-26 16:35:00,0.07663537375628948
2026-08-26 16:36:00,0.07663537375628948
2026-08-26 16:37:00,0.07663537375628948
2026-08-26 16:38:00,0.07663537375628948
2026-08-26 16:39:00,0.07663537375628948
2026-08-26 16:40:00,0.05482015386223793
2026-08-26 16:41:00,0.05482015386223793
2026-08-26 16:42:00,0.05482015386223793
2026-08-26 16:43:00,0.05482015386223793
2026-08-26 16:44:00,0.05482015386223793
2026-08-26 16:45:00,0.05360420234501362
2026-08-26 16:46:00,0.05360420234501362
2026-08-26 16:47:00,0.05360420234501362
2026-08-26 16:48:00,0.05360420234501362
2026-08-26 16:49:00,0.05360420234501362
2026-08-26 16:50:00,0.05437077861279249
2026-08-26 16:51:00,0.05437077861279249
2026-08-26 16:52:00,0.05437077861279249
2026-08-26 16:53:00,0.05437077861279249
2026-08-26 16:54:00,0.05437077861279249
2026-08-26 16:55:00,0.056520636193454266
2026-08-26 16:56:00,0.056520636193454266
2026-08-26 16:57:00,0.056520636193454266
2026-08-26 16:58:00,0.056520636193454266
2026-08-26 16:59:00,0.056520636193454266
2026-08-26 17:00:00,0.05976392235606909
2026-08-26 17:01:00,0.05976392235606909
2026-08-26 17:02:00,0.05976392235606909
2026-08-26 17:03:00,0.05976392235606909
2026-08-26 17:04:00,0.05976392235606909
2026-08-26 17:05:00,0.06170081440359354
2026-08-26 17:06:00,0.06170081440359354
2026-08-26 17:07:00,0.06170081440359354
2026-08-26 17:08:00,0.06170081440359354
2026-08-26 17:09:00,0.06170081440359354
2026-08-26 17:10:00,0.0646780775859952
2026-08-26 17:11:00,0.0646780775859952
2026-08-26 17:12:00,0.0646780775859952
2026-08-26 17:13:00,0.0646780775859952
2026-08-26 17:14:00,0.0646780775859952
2026-08-26 17:15:00,0.06739051267504692
2026-08-26 17:16:00,0.06739051267504692
2026-08-26 17:17:00,0.06739051267504692
2026-08-26 17:18:00,0.06739051267504692
2026-08-26 17:19:00,0.06739051267504692
2026-08-26 17:20:00,0.07042264379560947
2026-08-26 17:21:00,0.07042264379560947
2026-08-26 17:22:00,0.07042264379560947
2026-08-26 17:23:00,0.07042264379560947
2026-08-26 17:24:00,0.07042264379560947
2026-08-26 17:25:00,0.07330517284572124
2026-08-26 17:26:00,0.07330517284572124
2026-08-26 17:27:00,0.07330517284572124
2026-08-26 17:28:00,0.07330517284572124
2026-08-26 17:29:00,0.07330517284572124
2026-08-26 17:30:00,0.0735778957605362
2026-08-26 17:31:00,0.0735778957605362
2026-08-26 17:32:00,0.0735778957605362
2026-08-26 17:33:00,0.0735778957605362
2026-08-26 17:34:00,0.0735778957605362
2026-08-26 17:35:00,0.07021109201014042
2026-08-26 17:36:00,0.07021109201014042
2026-08-26 17:37:00,0.07021109201014042
2026-08-26 17:38:00,0.07021109201014042
2026-08-26 17:39:00,0.07021109201014042
2026-08-26 17:40:00,0.06300933752208948
2026-08-26 17:41:00,0.06300933752208948
2026-08-26 17:42:00,0.06300933752208948
2026-08-26 17:43:00,0.06300933752208948
2026-08-26 17:44:00,0.06300933752208948
2026-08-26 17:45:00,0.0596815412864089
2026-08-26 17:46:00,0.0596815412864089
2026-08-26 17:47:00,0.0596815412864089
2026-08-26 17:48:00,0.0596815412864089
2026-08-26 17:49:00,0.0596815412864089
2026-08-26 17:50:00,0.05855176132172346
2026-08-26 17:51:00,0.05855176132172346
2026-08-26 17:52:00,0.05855176132172346
2026-08-26 17:53:00,0.05855176132172346
2026-08-26 17:54:00,0.05855176132172346
2026-08-26 17:55:00,0.06359111983329058
2026-08-26 17:56:00,0.06359111983329058
2026-08-26 17:57:00,0.06359111983329058
2026-08-26 17:58:00,0.06359111983329058
2026-08-26 17:59:00,0.06359111983329058
2026-08-26 18:00:00,0.07304859533905983
2026-08-26 18:01:00,0.07304859533905983
2026-08-26 18:02:00,0.07304859533905983
2026-08-26 18:03:00,0.07304859533905983
2026-08-26 18:04:00,0.07304859533905983
2026-08-26 18:05:00,0.07387567684054375
2026-08-26 18:06:00,0.07387567684054375
2026-08-26 18:07:00,0.07387567684054375
2026-08-26 18:08:00,0.07387567684054375
2026-08-26 18:09:00,0.07387567684054375
2026-08-26 18:10:00,0.07533696293830872
2026-08-26 18:11:00,0.07533696293830872
2026-08-26 18:12:00,0.07533696293830872
2026-08-26 18:13:00,0.07533696293830872
2026-08-26 18:14:00,0.07533696293830872
2026-08-26 18:15:00,0.07107558846473694
2026-08-26 18:16:00,0.07107558846473694
2026-08-26 18:17:00,0.07107558846473694
2026-08-26 18:18:00,0.07107558846473694
2026-08-26 18:19:00,0.07107558846473694
2026-08-26 18:20:00,0.06488234363496304
2026-08-26 18:21:00,0.06488234363496304
2026-08-26 18:22:00,0.06488234363496304
2026-08-26 18:23:00,0.06488234363496304
2026-08-26 18:24:00,0.06488234363496304
2026-08-26 18:25:00,0.06513227708637714
2026-08-26 18:26:00,0.06513227708637714
2026-08-26 18:27:00,0.06513227708637714
2026-08-26 18:28:00,0.06513227708637714
2026-08-26 18:29:00,0.06513227708637714
2026-08-26 18:30:00,0.06955121085047722
2026-08-26 18:31:00,0.06955121085047722
2026-08-26 18:32:00,0.06955121085047722
2026-08-26 18:33:00,0.06955121085047722
2026-08-26 18:34:00,0.06955121085047722
2026-08-26 18:35:00,0.07767267897725105
2026-08-26 18:36:00,0.07767267897725105
2026-08-26 18:37:00,0.07767267897725105
2026-08-26 18:38:00,0.07767267897725105
2026-08-26 18:39:00,0.07767267897725105
2026-08-26 18:40:00,0.08348338678479195
2026-08-26 18:41:00,0.08348338678479195
2026-08-26 18:42:00,0.08348338678479195
2026-08-26 18:43:00,0.08348338678479195
2026-08-26 18:44:00,0.08348338678479195
2026-08-26 18:45:00,0.08852354064583778
2026-08-26 18:46:00,0.08852354064583778
2026-08-26 18:47:00,0.08852354064583778
2026-08-26 18:48:00,0.08852354064583778
2026-08-26 18:49:00,0.08852354064583778
2026-08-26 18:50:00,0.08469900861382484
2026-08-26 18:51:00,0.08469900861382484
2026-08-26 18:52:00,0.08469900861382484
2026-08-26 18:53:00,0.08469900861382484
2026-08-26 18:54:00,0.08469900861382484
2026-08-26 18:55:00,0.07985894940793514
2026-08-26 18:56:00,0.07985894940793514
2026-08-26 18:57:00,0.07985894940793514
2026-08-26 18:58:00,0.07985894940793514
2026-08-26 18:59:00,0.07985894940793514
2026-08-26 19:00:00,0.0753064714372158
2026-08-26 19:01:00,0.0753064714372158
2026-08-26 19:02:00,0.0753064714372158
2026-08-26 19:03:00,0.0753064714372158
2026-08-26 19:04:00,0.0753064714372158
2026-08-26 19:05:00,0.06673276331275702
2026-08-26 19:06:00,0.06673276331275702
2026-08-26 19:07:00,0.06673276331275702
2026-08-26 19:08:00,0.06673276331275702
2026-08-26 19:09:00,0.06673276331275702
2026-08-26 19:10:00,0.06348460540175438
2026-08-26 19:11:00,0.06348460540175438
2026-08-26 19:12:00,0.06348460540175438
2026-08-26 19:13:00,0.06348460540175438
2026-08-26 19:14:00,0.06348460540175438
2026-08-26 19:15:00,0.06087114103138447
2026-08-26 19:16:00,0.06087114103138447
2026-08-26 19:17:00,0.06087114103138447
2026-08-26 19:18:00,0.06087114103138447
2026-08-26 19:19:00,0.06087114103138447
2026-08-26 19:20:00,0.06314542144536972
2026-08-26 19:21:00,0.06314542144536972
2026-08-26 19:22:00,0.06314542144536972
2026-08-26 19:23:00,0.06314542144536972
2026-08-26 19:24:00,0.06314542144536972
2026-08-26 19:25:00,0.0687702028080821
2026-08-26 19:26:00,0.0687702028080821
2026-08-26 19:27:00,0.0687702028080821
2026-08-26 19:28:00,0.0687702028080821
2026-08-26 19:29:00,0.0687702028080821
2026-08-26 19:30:00,0.07019886374473572
2026-08-26 19:31:00,0.07019886374473572
2026-08-26 19:32:00,0.07019886374473572
2026-08-26 19:33:00,0.07019886374473572
2026-08-26 19:34:00,0.07019886374473572
2026-08-26 19:35:00,0.06959482282400131
2026-08-26 19:36:00,0.06959482282400131
2026-08-26 19:37:00,0.06959482282400131
2026-08-26 19:38:00,0.06959482282400131
2026-08-26 19:39:00,0.06959482282400131
2026-08-26 19:40:00,0.06670004688203335
2026-08-26 19:41:00,0.06670004688203335
2026-08-26 19:42:00,0.06670004688203335
2026-08-26 19:43:00,0.06670004688203335
2026-08-26 19:44:00,0.06670004688203335
2026-08-26 19:45:00,0.06340834498405457
2026-08-26 19:46:00,0.06340834498405457
2026-08-26 19:47:00,0.06340834498405457
2026-08-26 19:48:00,0.06340834498405457
2026-08-26 19:49:00,0.06340834498405457
2026-08-26 19:50:00,0.06145543418824673
2026-08-26 19:51:00,0.06145543418824673
2026-08-26 19:52:00,0.06145543418824673
2026-08-26 19:53:00,0.06145543418824673
2026-08-26 19:54:00,0.06145543418824673
2026-08-26 19:55:00,0.05933831259608269
2026-08-26 19:56:00,0.05933831259608269
2026-08-26 19:57:00,0.05933831259608269
2026-08-26 19:58:00,0.05933831259608269
2026-08-26 19:59:00,0.05933831259608269
2026-08-26 20:00:00,0.05451134126633406
2026-08-26 20:01:00,0.05451134126633406
2026-08-26 20:02:00,0.05451134126633406
2026-08-26 20:03:00,0.05451134126633406
2026-08-26 20:04:00,0.05451134126633406
2026-08-26 20:05:00,0.05426052771508694
2026-08-26 20:06:00,0.05426052771508694
2026-08-26 20:07:00,0.05426052771508694
2026-08-26 20:08:00,0.05426052771508694
2026-08-26 20:09:00,0.05426052771508694
2026-08-26 20:10:00,0.05916508100926876
2026-08-26 20:11:00,0.05916508100926876
2026-08-26 20:12:00,0.05916508100926876
2026-08-26 20:13:00,0.05916508100926876
2026-08-26 20:14:00,0.05916508100926876
2026-08-26 20:15:00,0.06731294840574265
2026-08-26 20:16:00,0.06731294840574265
2026-08-26 20:17:00,0.06731294840574265
2026-08-26 20:18:00,0.06731294840574265
2026-08-26 20:19:00,0.06731294840574265
2026-08-26 20:20:00,0.07770658750087023
2026-08-26 20:21:00,0.07770658750087023
2026-08-26 20:22:00,0.07770658750087023
2026-08-26 20:23:00,0.07770658750087023
2026-08-26 20:24:00,0.07770658750087023
2026-08-26 20:25:00,0.08201155625283718
2026-08-26 20:26:00,0.08201155625283718
2026-08-26 20:27:00,0.08201155625283718
2026-08-26 20:28:00,0.08201155625283718
2026-08-26 20:29:00,0.08201155625283718
2026-08-26 20:30:00,0.07944754511117935
2026-08-26 20:31:00,0.07944754511117935
2026-08-26 20:32:00,0.07944754511117935
2026-08-26 20:33:00,0.07944754511117935
2026-08-26 20:34:00,0.07944754511117935
2026-08-26 20:35:00,0.07334052957594395
2026-08-26 20:36:00,0.07334052957594395
2026-08-26 20:37:00,0.07334052957594395
2026-08-26 20:38:00,0.07334052957594395
2026-08-26 20:39:00,0.07334052957594395
2026-08-26 20:40:00,0.06683656852692366
2026-08-26 20:41:00,0.06683656852692366
2026-08-26 20:42:00,0.06683656852692366
2026-08-26 20:43:00,0.06683656852692366
2026-08-26 20:44:00,0.06683656852692366
2026-08-26 20:45:00,0.06459384504705667
2026-08-26 20:46:00,0.06459384504705667
2026-08-26 20:47:00,0.06459384504705667
2026-08-26 20:48:00,0.06459384504705667
2026-08-26 20:49:00,0.06459384504705667
2026-08-26 20:50:00,0.06508090998977423
2026-08-26 20:51:00,0.06508090998977423
2026-08-26 20:52:00,0.06508090998977423
2026-08-26 20:53:00,0.06508090998977423
2026-08-26 20:54:00,0.06508090998977423
2026-08-26 20:55:00,0.06456377077847719
2026-08-26 20:56:00,0.06456377077847719
2026-08-26 20:57:00,0.06456377077847719
2026-08-26 20:58:00,0.06456377077847719
2026-08-26 20:59:00,0.06456377077847719
2026-08-26 21:00:00,0.06551477313041687
2026-08-26 21:01:00,0.06551477313041687
2026-08-26 21:02:00,0.06551477313041687
2026-08-26 21:03:00,0.06551477313041687
2026-08-26 21:04:00,0.06551477313041687
2026-08-26 21:05:00,0.061472177505493164
2026-08-26 21:06:00,0.061472177505493164
2026-08-26 21:07:00,0.061472177505493164
2026-08-26 21:08:00,0.061472177505493164
2026-08-26 21:09:00,0.061472177505493164
2026-08-26 21:10:00,0.05610202718526125
2026-08-26 21:11:00,0.05610202718526125
2026-08-26 21:12:00,0.05610202718526125
2026-08-26 21:13:00,0.05610202718526125
2026-08-26 21:14:00,0.05610202718526125
2026-08-26 21:15:00,0.05405718181282282
2026-08-26 21:16:00,0.05405718181282282
2026-08-26 21:17:00,0.05405718181282282
2026-08-26 21:18:00,0.05405718181282282
2026-08-26 21:19:00,0.05405718181282282
2026-08-26 21:20:00,0.04907910246402025
2026-08-26 21:21:00,0.04907910246402025
2026-08-26 21:22:00,0.04907910246402025
2026-08-26 21:23:00,0.04907910246402025
2026-08-26 21:24:00,0.04907910246402025
2026-08-26 21:25:00,0.0486425319686532
2026-08-26 21:26:00,0.0486425319686532
2026-08-26 21:27:00,0.0486425319686532
2026-08-26 21:28:00,0.0486425319686532
2026-08-26 21:29:00,0.0486425319686532
2026-08-26 21:30:00,0.051432300359010696
2026-08-26 21:31:00,0.051432300359010696
2026-08-26 21:32:00,0.051432300359010696
2026-08-26 21:33:00,0.051432300359010696
2026-08-26 21:34:00,0.051432300359010696
2026-08-26 21:35:00,0.05236523877829313
2026-08-26 21:36:00,0.05236523877829313
2026-08-26 21:37:00,0.05236523877829313
2026-08-26 21:38:00,0.05236523877829313
2026-08-26 21:39:00,0.05236523877829313
2026-08-26 21:40:00,0.05776979494839907
2026-08-26 21:41:00,0.05776979494839907
2026-08-26 21:42:00,0.05776979494839907
2026-08-26 21:43:00,0.05776979494839907
2026-08-26 21:44:00,0.05776979494839907
2026-08-26 21:45:00,0.05836933292448521
2026-08-26 21:46:00,0.05836933292448521
2026-08-26 21:47:00,0.05836933292448521
2026-08-26 21:48:00,0.05836933292448521
2026-08-26 21:49:00,0.05836933292448521
2026-08-26 21:50:00,0.054951577447354794
2026-08-26 21:51:00,0.054951577447354794
2026-08-26 21:52:00,0.054951577447354794
2026-08-26 21:53:00,0.054951577447354794
2026-08-26 21:54:00,0.054951577447354794
2026-08-26 21:55:00,0.054070292972028255
2026-08-26 21:56:00,0.054070292972028255
2026-08-26 21:57:00,0.054070292972028255
2026-08-26 21:58:00,0.054070292972028255
2026-08-26 21:59:00,0.054070292972028255
2026-08-26 22:00:00,0.05113878473639488
2026-08-26 22:01:00,0.05113878473639488
2026-08-26 22:02:00,0.05113878473639488
2026-08-26 22:03:00,0.05113878473639488
2026-08-26 22:04:00,0.05113878473639488
2026-08-26 22:05:00,0.05286983121186495
2026-08-26 22:06:00,0.05286983121186495
2026-08-26 22:07:00,0.05286983121186495
2026-08-26 22:08:00,0.05286983121186495
2026-08-26 22:09:00,0.05286983121186495
2026-08-26 22:10:00,0.05523500591516495
2026-08-26 22:11:00,0.05523500591516495
2026-08-26 22:12:00,0.05523500591516495
2026-08-26 22:13:00,0.05523500591516495
2026-08-26 22:14:00,0.05523500591516495
2026-08-26 22:15:00,0.057538256980478764
2026-08-26 22:16:00,0.057538256980478764
2026-08-26 22:17:00,0.057538256980478764
2026-08-26 22:18:00,0.057538256980478764
2026-08-26 22:19:00,0.057538256980478764
2026-08-26 22:20:00,0.05515738297253847
2026-08-26 22:21:00,0.05515738297253847
2026-08-26 22:22:00,0.05515738297253847
2026-08-26 22:23:00,0.05515738297253847
2026-08-26 22:24:00,0.05515738297253847
2026-08-26 22:25:00,0.05330635420978069
2026-08-26 22:26:00,0.05330635420978069
2026-08-26 22:27:00,0.05330635420978069
2026-08-26 22:28:00,0.05330635420978069
2026-08-26 22:29:00,0.05330635420978069
2026-08-26 22:30:00,0.051317804493010044
2026-08-26 22:31:00,0.051317804493010044
2026-08-26 22:32:00,0.051317804493010044
2026-08-26 22:33:00,0.051317804493010044
2026-08-26 22:34:00,0.051317804493010044
2026-08-26 22:35:00,0.04885637294501066
2026-08-26 22:36:00,0.04885637294501066
2026-08-26 22:37:00,0.04885637294501066
2026-08-26 22:38:00,0.04885637294501066
2026-08-26 22:39:00,0.04885637294501066
2026-08-26 22:40:00,0.0513851186260581
2026-08-26 22:41:00,0.0513851186260581
2026-08-26 22:42:00,0.0513851186260581
2026-08-26 22:43:00,0.0513851186260581
2026-08-26 22:44:00,0.0513851186260581
2026-08-26 22:45:00,0.0521508501842618
2026-08-26 22:46:00,0.0521508501842618
2026-08-26 22:47:00,0.0521508501842618
2026-08-26 22:48:00,0.0521508501842618
2026-08-26 22:49:00,0.0521508501842618
2026-08-26 22:50:00,0.05524053517729044
2026-08-26 22:51:00,0.05524053517729044
2026-08-26 22:52:00,0.05524053517729044
2026-08-26 22:53:00,0.05524053517729044
2026-08-26 22:54:00,0.05524053517729044
2026-08-26 22:55:00,0.05807479564100504
2026-08-26 22:56:00,0.05807479564100504
2026-08-26 22:57:00,0.05807479564100504
2026-08-26 22:58:00,0.05807479564100504
2026-08-26 22:59:00,0.05807479564100504
2026-08-26 23:00:00,0.059148432686924934
2026-08-26 23:01:00,0.059148432686924934
2026-08-26 23:02:00,0.059148432686924934
2026-08-26 23:03:00,0.059148432686924934
2026-08-26 23:04:00,0.059148432686924934
2026-08-26 23:05:00,0.05887729115784168
2026-08-26 23:06:00,0.05887729115784168
2026-08-26 23:07:00,0.05887729115784168
2026-08-26 23:08:00,0.05887729115784168
2026-08-26 23:09:00,0.05887729115784168
2026-08-26 23:10:00,0.05764153506606817
2026-08-26 23:11:00,0.05764153506606817
2026-08-26 23:12:00,0.05764153506606817
2026-08-26 23:13:00,0.05764153506606817
2026-08-26 23:14:00,0.05764153506606817
2026-08-26 23:15:00,0.05919902492314577
2026-08-26 23:16:00,0.05919902492314577
2026-08-26 23:17:00,0.05919902492314577
2026-08-26 23:18:00,0.05919902492314577
2026-08-26 23:19:00,0.05919902492314577
2026-08-26 23:20:00,0.06295429076999426
2026-08-26 23:21:00,0.06295429076999426
2026-08-26 23:22:00,0.06295429076999426
2026-08-26 23:23:00,0.06295429076999426
2026-08-26 23:24:00,0.06295429076999426
2026-08-26 23:25:00,0.0674668438732624
2026-08-26 23:26:00,0.0674668438732624
2026-08-26 23:27:00,0.0674668438732624
2026-08-26 23:28:00,0.0674668438732624
2026-08-26 23:29:00,0.0674668438732624
2026-08-26 23:30:00,0.07204023189842701
2026-08-26 23:31:00,0.07204023189842701
2026-08-26 23:32:00,0.07204023189842701
2026-08-26 23:33:00,0.07204023189842701
2026-08-26 23:34:00,0.07204023189842701
2026-08-26 23:35:00,0.06969196442514658
2026-08-26 23:36:00,0.06969196442514658
2026-08-26 23:37:00,0.06969196442514658
2026-08-26 23:38:00,0.06969196442514658
2026-08-26 23:39:00,0.06969196442514658
2026-08-26 23:40:00,0.06559673883020878
2026-08-26 23:41:00,0.06559673883020878
2026-08-26 23:42:00,0.06559673883020878
2026-08-26 23:43:00,0.06559673883020878
2026-08-26 23:44:00,0.06559673883020878
2026-08-26 23:45:00,0.06374192610383034
2026-08-26 23:46:00,0.06374192610383034
2026-08-26 23:47:00,0.06374192610383034
2026-08-26 23:48:00,0.06374192610383034
2026-08-26 23:49:00,0.06374192610383034
2026-08-26 23:50:00,0.06284235790371895
2026-08-26 23:51:00,0.06284235790371895
2026-08-26 23:52:00,0.06284235790371895
2026-08-26 23:53:00,0.06284235790371895
2026-08-26 23:54:00,0.06284235790371895
2026-08-26 23:55:00,0.0659507131204009
2026-08-26 23:56:00,0.0659507131204009
2026-08-26 23:57:00,0.0659507131204009
2026-08-26 23:58:00,0.0659507131204009
2026-08-26 23:59:00,0.0659507131204009
2026-08-27 00:00:00,0.07149692066013813
2026-08-27 00:01:00,0.07149692066013813
2026-08-27 00:02:00,0.07149692066013813
2026-08-27 00:03:00,0.07149692066013813
2026-08-27 00:04:00,0.07149692066013813
2026-08-27 00:05:00,0.07978000678122044
2026-08-27 00:06:00,0.07978000678122044
2026-08-27 00:07:00,0.07978000678122044
2026-08-27 00:08:00,0.07978000678122044
2026-08-27 00:09:00,0.07978000678122044
2026-08-27 00:10:00,0.09070733934640884
2026-08-27 00:11:00,0.09070733934640884
2026-08-27 00:12:00,0.09070733934640884
2026-08-27 00:13:00,0.09070733934640884
2026-08-27 00:14:00,0.09070733934640884
2026-08-27 00:15:00,0.10105234012007713
2026-08-27 00:16:00,0.10105234012007713
2026-08-27 00:17:00,0.10105234012007713
2026-08-27 00:18:00,0.10105234012007713
2026-08-27 00:19:00,0.10105234012007713
2026-08-27 00:20:00,0.10356667824089527
2026-08-27 00:21:00,0.10356667824089527
2026-08-27 00:22:00,0.10356667824089527
2026-08-27 00:23:00,0.10356667824089527
2026-08-27 00:24:00,0.10356667824089527
2026-08-27 00:25:00,0.1482516322284937
2026-08-27 00:26:00,0.1482516322284937
2026-08-27 00:27:00,0.1482516322284937
2026-08-27 00:28:00,0.1482516322284937
2026-08-27 00:29:00,0.1482516322284937
2026-08-27 00:30:00,0.18876416236162186
2026-08-27 00:31:00,0.18876416236162186
2026-08-27 00:32:00,0.18876416236162186
2026-08-27 00:33:00,0.18876416236162186
2026-08-27 00:34:00,0.18876416236162186
2026-08-27 00:35:00,0.23002462275326252
2026-08-27 00:36:00,0.23002462275326252
2026-08-27 00:37:00,0.23002462275326252
2026-08-27 00:38:00,0.23002462275326252
2026-08-27 00:39:00,0.23002462275326252
2026-08-27 00:40:00,0.2761860713362694
2026-08-27 00:41:00,0.2761860713362694
2026-08-27 00:42:00,0.2761860713362694
2026-08-27 00:43:00,0.2761860713362694
2026-08-27 00:44:00,0.2761860713362694
2026-08-27 00:45:00,0.2256542444229126
2026-08-27 00:46:00,0.2256542444229126
2026-08-27 00:47:00,0.2256542444229126
2026-08-27 00:48:00,0.2256542444229126
2026-08-27 00:49:00,0.2256542444229126
2026-08-27 00:50:00,0.1717939553782344
2026-08-27 00:51:00,0.1717939553782344
2026-08-27 00:52:00,0.1717939553782344
2026-08-27 00:53:00,0.1717939553782344
2026-08-27 00:54:00,0.1717939553782344
2026-08-27 00:55:00,0.11674118135124445
2026-08-27 00:56:00,0.11674118135124445
2026-08-27 00:57:00,0.11674118135124445
2026-08-27 00:58:00,0.11674118135124445
2026-08-27 00:59:00,0.11674118135124445
2026-08-27 01:00:00,0.06199624016880989
2026-08-27 01:01:00,0.06199624016880989
2026-08-27 01:02:00,0.06199624016880989
2026-08-27 01:03:00,0.06199624016880989
2026-08-27 01:04:00,0.06199624016880989
2026-08-27 01:05:00,0.057882076129317284
2026-08-27 01:06:00,0.057882076129317284
2026-08-27 01:07:00,0.057882076129317284
2026-08-27 01:08:00,0.057882076129317284
2026-08-27 01:09:00,0.057882076129317284
2026-08-27 01:10:00,0.05845517013221979
2026-08-27 01:11:00,0.05845517013221979
2026-08-27 01:12:00,0.05845517013221979
2026-08-27 01:13:00,0.05845517013221979
2026-08-27 01:14:00,0.05845517013221979
2026-08-27 01:15:00,0.06205611955374479
2026-08-27 01:16:00,0.06205611955374479
2026-08-27 01:17:00,0.06205611955374479
2026-08-27 01:18:00,0.06205611955374479
2026-08-27 01:19:00,0.06205611955374479
2026-08-27 01:20:00,0.06955774873495102
2026-08-27 01:21:00,0.06955774873495102
2026-08-27 01:22:00,0.06955774873495102
2026-08-27 01:23:00,0.06955774873495102
2026-08-27 01:24:00,0.06955774873495102
2026-08-27 01:25:00,0.07456190884113312
2026-08-27 01:26:00,0.07456190884113312
2026-08-27 01:27:00,0.07456190884113312
2026-08-27 01:28:00,0.07456190884113312
2026-08-27 01:29:00,0.07456190884113312
2026-08-27 01:30:00,0.078606016933918
2026-08-27 01:31:00,0.078606016933918
2026-08-27 01:32:00,0.078606016933918
2026-08-27 01:33:00,0.078606016933918
2026-08-27 01:34:00,0.078606016933918
2026-08-27 01:35:00,0.08471982553601265
2026-08-27 01:36:00,0.08471982553601265
2026-08-27 01:37:00,0.08471982553601265
2026-08-27 01:38:00,0.08471982553601265
2026-08-27 01:39:00,0.08471982553601265
2026-08-27 01:40:00,0.08814466185867786
2026-08-27 01:41:00,0.08814466185867786
2026-08-27 01:42:00,0.08814466185867786
2026-08-27 01:43:00,0.08814466185867786
2026-08-27 01:44:00,0.08814466185867786
2026-08-27 01:45:00,0.09265890344977379
2026-08-27 01:46:00,0.09265890344977379
2026-08-27 01:47:00,0.09265890344977379
2026-08-27 01:48:00,0.09265890344977379
2026-08-27 01:49:00,0.09265890344977379
2026-08-27 01:50:00,0.09759287722408772
2026-08-27 01:51:00,0.09759287722408772
2026-08-27 01:52:00,0.09759287722408772
2026-08-27 01:53:00,0.09759287722408772
2026-08-27 01:54:00,0.09759287722408772
2026-08-27 01:55:00,0.09767235815525055
2026-08-27 01:56:00,0.09767235815525055
2026-08-27 01:57:00,0.09767235815525055
2026-08-27 01:58:00,0.09767235815525055
2026-08-27 01:59:00,0.09767235815525055
2026-08-27 02:00:00,0.09798703901469707
2026-08-27 02:01:00,0.09798703901469707
2026-08-27 02:02:00,0.09798703901469707
2026-08-27 02:03:00,0.09798703901469707
2026-08-27 02:04:00,0.09798703901469707
2026-08-27 02:05:00,0.1008218340575695
2026-08-27 02:06:00,0.1008218340575695
2026-08-27 02:07:00,0.1008218340575695
2026-08-27 02:08:00,0.1008218340575695
2026-08-27 02:09:00,0.1008218340575695
2026-08-27 02:10:00,0.10032944194972515
2026-08-27 02:11:00,0.10032944194972515
2026-08-27 02:12:00,0.10032944194972515
2026-08-27 02:13:00,0.10032944194972515
2026-08-27 02:14:00,0.10032944194972515
2026-08-27 02:15:00,0.09661770612001419
2026-08-27 02:16:00,0.09661770612001419
2026-08-27 02:17:00,0.09661770612001419
2026-08-27 02:18:00,0.09661770612001419
2026-08-27 02:19:00,0.09661770612001419
2026-08-27 02:20:00,0.0900846365839243
2026-08-27 02:21:00,0.0900846365839243
2026-08-27 02:22:00,0.0900846365839243
2026-08-27 02:23:00,0.0900846365839243
2026-08-27 02:24:00,0.0900846365839243
2026-08-27 02:25:00,0.07993946969509125
2026-08-27 02:26:00,0.07993946969509125
2026-08-27 02:27:00,0.07993946969509125
2026-08-27 02:28:00,0.07993946969509125
2026-08-27 02:29:00,0.07993946969509125
2026-08-27 02:30:00,0.07263046316802502
2026-08-27 02:31:00,0.07263046316802502
2026-08-27 02:32:00,0.07263046316802502
2026-08-27 02:33:00,0.07263046316802502
2026-08-27 02:34:00,0.07263046316802502
2026-08-27 02:35:00,0.0695400033146143
2026-08-27 02:36:00,0.0695400033146143
2026-08-27 02:37:00,0.0695400033146143
2026-08-27 02:38:00,0.0695400033146143
2026-08-27 02:39:00,0.0695400033146143
2026-08-27 02:40:00,0.06696178019046783
2026-08-27 02:41:00,0.06696178019046783
2026-08-27 02:42:00,0.06696178019046783
2026-08-27 02:43:00,0.06696178019046783
2026-08-27 02:44:00,0.06696178019046783
2026-08-27 02:45:00,0.067292470484972
2026-08-27 02:46:00,0.067292470484972
2026-08-27 02:47:00,0.067292470484972
2026-08-27 02:48:00,0.067292470484972
2026-08-27 02:49:00,0.067292470484972
2026-08-27 02:50:00,0.06663162633776665
2026-08-27 02:51:00,0.06663162633776665
2026-08-27 02:52:00,0.06663162633776665
2026-08-27 02:53:00,0.06663162633776665
2026-08-27 02:54:00,0.06663162633776665
2026-08-27 02:55:00,0.06671609729528427
2026-08-27 02:56:00,0.06671609729528427
2026-08-27 02:57:00,0.06671609729528427
2026-08-27 02:58:00,0.06671609729528427
2026-08-27 02:59:00,0.06671609729528427
2026-08-27 03:00:00,0.07125565782189369
2026-08-27 03:01:00,0.07125565782189369
2026-08-27 03:02:00,0.07125565782189369
2026-08-27 03:03:00,0.07125565782189369
2026-08-27 03:04:00,0.07125565782189369
2026-08-27 03:05:00,0.07941575720906258
2026-08-27 03:06:00,0.07941575720906258
2026-08-27 03:07:00,0.07941575720906258
2026-08-27 03:08:00,0.07941575720906258
2026-08-27 03:09:00,0.07941575720906258
2026-08-27 03:10:00,0.08837465196847916
2026-08-27 03:11:00,0.08837465196847916
2026-08-27 03:12:00,0.08837465196847916
2026-08-27 03:13:00,0.08837465196847916
2026-08-27 03:14:00,0.08837465196847916
2026-08-27 03:15:00,0.09108705818653107
2026-08-27 03:16:00,0.09108705818653107
2026-08-27 03:17:00,0.09108705818653107
2026-08-27 03:18:00,0.09108705818653107
2026-08-27 03:19:00,0.09108705818653107
2026-08-27 03:20:00,0.08936225064098835
2026-08-27 03:21:00,0.08936225064098835
2026-08-27 03:22:00,0.08936225064098835
2026-08-27 03:23:00,0.08936225064098835
2026-08-27 03:24:00,0.08936225064098835
2026-08-27 03:25:00,0.08318593353033066
2026-08-27 03:26:00,0.08318593353033066
2026-08-27 03:27:00,0.08318593353033066
2026-08-27 03:28:00,0.08318593353033066
2026-08-27 03:29:00,0.08318593353033066
2026-08-27 03:30:00,0.07513871416449547
2026-08-27 03:31:00,0.07513871416449547
2026-08-27 03:32:00,0.07513871416449547
2026-08-27 03:33:00,0.07513871416449547
2026-08-27 03:34:00,0.07513871416449547
2026-08-27 03:35:00,0.07060186378657818
2026-08-27 03:36:00,0.07060186378657818
2026-08-27 03:37:00,0.07060186378657818
2026-08-27 03:38:00,0.07060186378657818
2026-08-27 03:39:00,0.07060186378657818
2026-08-27 03:40:00,0.1730092652142048
2026-08-27 03:41:00,0.1730092652142048
2026-08-27 03:42:00,0.1730092652142048
2026-08-27 03:43:00,0.1730092652142048
2026-08-27 03:44:00,0.1730092652142048
2026-08-27 03:45:00,0.27673538960516453
2026-08-27 03:46:00,0.27673538960516453
2026-08-27 03:47:00,0.27673538960516453
2026-08-27 03:48:00,0.27673538960516453
2026-08-27 03:49:00,0.27673538960516453
2026-08-27 03:50:00,0.383639557287097
2026-08-27 03:51:00,0.383639557287097
2026-08-27 03:52:00,0.383639557287097
2026-08-27 03:53:00,0.383639557287097
2026-08-27 03:54:00,0.383639557287097
2026-08-27 03:55:00,0.4891088604927063
2026-08-27 03:56:00,0.4891088604927063
2026-08-27 03:57:00,0.4891088604927063
2026-08-27 03:58:00,0.4891088604927063
2026-08-27 03:59:00,0.4891088604927063
2026-08-27 04:00:00,0.3901310097426176
2026-08-27 04:01:00,0.3901310097426176
2026-08-27 04:02:00,0.3901310097426176
2026-08-27 04:03:00,0.3901310097426176
2026-08-27 04:04:00,0.3901310097426176
2026-08-27 04:05:00,0.2884688191115856
2026-08-27 04:06:00,0.2884688191115856
2026-08-27 04:07:00,0.2884688191115856
2026-08-27 04:08:00,0.2884688191115856
2026-08-27 04:09:00,0.2884688191115856
2026-08-27 04:10:00,0.18574718572199345
2026-08-27 04:11:00,0.18574718572199345
2026-08-27 04:12:00,0.18574718572199345
2026-08-27 04:13:00,0.18574718572199345
2026-08-27 04:14:00,0.18574718572199345
2026-08-27 04:15:00,0.08625653386116028
2026-08-27 04:16:00,0.08625653386116028
2026-08-27 04:17:00,0.08625653386116028
2026-08-27 04:18:00,0.08625653386116028
2026-08-27 04:19:00,0.08625653386116028
2026-08-27 04:20:00,0.08488939329981804
2026-08-27 04:21:00,0.08488939329981804
2026-08-27 04:22:00,0.08488939329981804
2026-08-27 04:23:00,0.08488939329981804
2026-08-27 04:24:00,0.08488939329981804
2026-08-27 04:25:00,0.08573318272829056
2026-08-27 04:26:00,0.08573318272829056
2026-08-27 04:27:00,0.08573318272829056
2026-08-27 04:28:00,0.08573318272829056
2026-08-27 04:29:00,0.08573318272829056
2026-08-27 04:30:00,0.0860752984881401
2026-08-27 04:31:00,0.0860752984881401
2026-08-27 04:32:00,0.0860752984881401
2026-08-27 04:33:00,0.0860752984881401
2026-08-27 04:34:00,0.0860752984881401
2026-08-27 04:35:00,0.08660513535141945
2026-08-27 04:36:00,0.08660513535141945
2026-08-27 04:37:00,0.08660513535141945
2026-08-27 04:38:00,0.08660513535141945
2026-08-27 04:39:00,0.08660513535141945
2026-08-27 04:40:00,0.09011049568653107
2026-08-27 04:41:00,0.09011049568653107
2026-08-27 04:42:00,0.09011049568653107
2026-08-27 04:43:00,0.09011049568653107
2026-08-27 04:44:00,0.09011049568653107
2026-08-27 04:45:00,0.08987277746200562
2026-08-27 04:46:00,0.08987277746200562
2026-08-27 04:47:00,0.08987277746200562
2026-08-27 04:48:00,0.08987277746200562
2026-08-27 04:49:00,0.08987277746200562
2026-08-27 04:50:00,0.09175654128193855
2026-08-27 04:51:00,0.09175654128193855
2026-08-27 04:52:00,0.09175654128193855
2026-08-27 04:53:00,0.09175654128193855
2026-08-27 04:54:00,0.09175654128193855
2026-08-27 04:55:00,0.09261898323893547
2026-08-27 04:56:00,0.09261898323893547
2026-08-27 04:57:00,0.09261898323893547
2026-08-27 04:58:00,0.09261898323893547
2026-08-27 04:59:00,0.09261898323893547
2026-08-27 05:00:00,0.08218731079250574
2026-08-27 05:01:00,0.08218731079250574
2026-08-27 05:02:00,0.08218731079250574
2026-08-27 05:03:00,0.08218731079250574
2026-08-27 05:04:00,0.08218731079250574
2026-08-27 05:05:00,0.07615800108760595
2026-08-27 05:06:00,0.07615800108760595
2026-08-27 05:07:00,0.07615800108760595
2026-08-27 05:08:00,0.07615800108760595
2026-08-27 05:09:00,0.07615800108760595
2026-08-27 05:10:00,0.0702221104875207
2026-08-27 05:11:00,0.0702221104875207
2026-08-27 05:12:00,0.0702221104875207
2026-08-27 05:13:00,0.0702221104875207
2026-08-27 05:14:00,0.0702221104875207
2026-08-27 05:15:00,0.06368404533714056
2026-08-27 05:16:00,0.06368404533714056
2026-08-27 05:17:00,0.06368404533714056
2026-08-27 05:18:00,0.06368404533714056
2026-08-27 05:19:00,0.06368404533714056
2026-08-27 05:20:00,0.08689788728952408
2026-08-27 05:21:00,0.08689788728952408
2026-08-27 05:22:00,0.08689788728952408
2026-08-27 05:23:00,0.08689788728952408
2026-08-27 05:24:00,0.08689788728952408
2026-08-27 05:25:00,0.10735567659139633
2026-08-27 05:26:00,0.10735567659139633
2026-08-27 05:27:00,0.10735567659139633
2026-08-27 05:28:00,0.10735567659139633
2026-08-27 05:29:00,0.10735567659139633
2026-08-27 05:30:00,0.12593307346105576
2026-08-27 05:31:00,0.12593307346105576
2026-08-27 05:32:00,0.12593307346105576
2026-08-27 05:33:00,0.12593307346105576
2026-08-27 05:34:00,0.12593307346105576
2026-08-27 05:35:00,0.14302070066332817
2026-08-27 05:36:00,0.14302070066332817
2026-08-27 05:37:00,0.14302070066332817
2026-08-27 05:38:00,0.14302070066332817
2026-08-27 05:39:00,0.14302070066332817
2026-08-27 05:40:00,0.11961035709828138
2026-08-27 05:41:00,0.11961035709828138
2026-08-27 05:42:00,0.11961035709828138
2026-08-27 05:43:00,0.11961035709828138
2026-08-27 05:44:00,0.11961035709828138
2026-08-27 05:45:00,0.37133638840168715
2026-08-27 05:46:00,0.37133638840168715
2026-08-27 05:47:00,0.37133638840168715
2026-08-27 05:48:00,0.37133638840168715
2026-08-27 05:49:00,0.37133638840168715
2026-08-27 05:50:00,0.6235809838399291
2026-08-27 05:51:00,0.6235809838399291
2026-08-27 05:52:00,0.6235809838399291
2026-08-27 05:53:00,0.6235809838399291
2026-08-27 05:54:00,0.6235809838399291
2026-08-27 05:55:00,0.8786002127453685
2026-08-27 05:56:00,0.8786002127453685
2026-08-27 05:57:00,0.8786002127453685
2026-08-27 05:58:00,0.8786002127453685
2026-08-27 05:59:00,0.8786002127453685
2026-08-27 06:00:00,1.1532405018806458
2026-08-27 06:01:00,1.1532405018806458
2026-08-27 06:02:00,1.1532405018806458
2026-08-27 06:03:00,1.1532405018806458
2026-08-27 06:04:00,1.1532405018806458
2026-08-27 06:05:00,0.9207948260009289
2026-08-27 06:06:00,0.9207948260009289
2026-08-27 06:07:00,0.9207948260009289
2026-08-27 06:08:00,0.9207948260009289
2026-08-27 06:09:00,0.9207948260009289
2026-08-27 06:10:00,0.6868937648832798
2026-08-27 06:11:00,0.6868937648832798
2026-08-27 06:12:00,0.6868937648832798
2026-08-27 06:13:00,0.6868937648832798
2026-08-27 06:14:00,0.6868937648832798
2026-08-27 06:15:00,0.4525112956762314
2026-08-27 06:16:00,0.4525112956762314
2026-08-27 06:17:00,0.4525112956762314
2026-08-27 06:18:00,0.4525112956762314
2026-08-27 06:19:00,0.4525112956762314
2026-08-27 06:20:00,0.21942011639475822
2026-08-27 06:21:00,0.21942011639475822
2026-08-27 06:22:00,0.21942011639475822
2026-08-27 06:23:00,0.21942011639475822
2026-08-27 06:24:00,0.21942011639475822
2026-08-27 06:25:00,0.21803222596645355
2026-08-27 06:26:00,0.21803222596645355
2026-08-27 06:27:00,0.21803222596645355
2026-08-27 06:28:00,0.21803222596645355
2026-08-27 06:29:00,0.21803222596645355
2026-08-27 06:30:00,0.21840127184987068
2026-08-27 06:31:00,0.21840127184987068
2026-08-27 06:32:00,0.21840127184987068
2026-08-27 06:33:00,0.21840127184987068
2026-08-27 06:34:00,0.21840127184987068
2026-08-27 06:35:00,0.45856962352991104
2026-08-27 06:36:00,0.45856962352991104
2026-08-27 06:37:00,0.45856962352991104
2026-08-27 06:38:00,0.45856962352991104
2026-08-27 06:39:00,0.45856962352991104
2026-08-27 06:40:00,0.7266585044562817
2026-08-27 06:41:00,0.7266585044562817
2026-08-27 06:42:00,0.7266585044562817
2026-08-27 06:43:00,0.7266585044562817
2026-08-27 06:44:00,0.7266585044562817
2026-08-27 06:45:00,0.9957829676568508
2026-08-27 06:46:00,0.9957829676568508
2026-08-27 06:47:00,0.9957829676568508
2026-08-27 06:48:00,0.9957829676568508
2026-08-27 06:49:00,0.9957829676568508
2026-08-27 06:50:00,1.2646183967590332
2026-08-27 06:51:00,1.2646183967590332
2026-08-27 06:52:00,1.2646183967590332
2026-08-27 06:53:00,1.2646183967590332
2026-08-27 06:54:00,1.2646183967590332
2026-08-27 06:55:00,1.2689040005207062
2026-08-27 06:56:00,1.2689040005207062
2026-08-27 06:57:00,1.2689040005207062
2026-08-27 06:58:00,1.2689040005207062
2026-08-27 06:59:00,1.2689040005207062
2026-08-27 07:00:00,1.001281388103962
2026-08-27 07:01:00,1.001281388103962
2026-08-27 07:02:00,1.001281388103962
2026-08-27 07:03:00,1.001281388103962
2026-08-27 07:04:00,1.001281388103962
2026-08-27 07:05:00,0.7204976193606853
2026-08-27 07:06:00,0.7204976193606853
2026-08-27 07:07:00,0.7204976193606853
2026-08-27 07:08:00,0.7204976193606853
2026-08-27 07:09:00,0.7204976193606853
2026-08-27 07:10:00,0.43907586485147476
2026-08-27 07:11:00,0.43907586485147476
2026-08-27 07:12:00,0.43907586485147476
2026-08-27 07:13:00,0.43907586485147476
2026-08-27 07:14:00,0.43907586485147476
2026-08-27 07:15:00,0.18307961151003838
2026-08-27 07:16:00,0.18307961151003838
2026-08-27 07:17:00,0.18307961151003838
2026-08-27 07:18:00,0.18307961151003838
2026-08-27 07:19:00,0.18307961151003838
2026-08-27 07:20:00,0.16945407167077065
2026-08-27 07:21:00,0.16945407167077065
2026-08-27 07:22:00,0.16945407167077065
2026-08-27 07:23:00,0.16945407167077065
2026-08-27 07:24:00,0.16945407167077065
2026-08-27 07:25:00,0.16747144237160683
2026-08-27 07:26:00,0.16747144237160683
2026-08-27 07:27:00,0.16747144237160683
2026-08-27 07:28:00,0.16747144237160683
2026-08-27 07:29:00,0.16747144237160683
2026-08-27 07:30:00,0.16654040291905403
2026-08-27 07:31:00,0.16654040291905403
2026-08-27 07:32:00,0.16654040291905403
2026-08-27 07:33:00,0.16654040291905403
2026-08-27 07:34:00,0.16654040291905403
2026-08-27 07:35:00,0.16676408424973488
2026-08-27 07:36:00,0.16676408424973488
2026-08-27 07:37:00,0.16676408424973488
2026-08-27 07:38:00,0.16676408424973488
2026-08-27 07:39:00,0.16676408424973488
2026-08-27 07:40:00,0.1676464043557644
2026-08-27 07:41:00,0.1676464043557644
2026-08-27 07:42:00,0.1676464043557644
2026-08-27 07:43:00,0.1676464043557644
2026-08-27 07:44:00,0.1676464043557644
2026-08-27 07:45:00,0.1695788949728012
2026-08-27 07:46:00,0.1695788949728012
2026-08-27 07:47:00,0.1695788949728012
2026-08-27 07:48:00,0.1695788949728012
2026-08-27 07:49:00,0.1695788949728012
2026-08-27 07:50:00,0.16948125138878822
2026-08-27 07:51:00,0.16948125138878822
2026-08-27 07:52:00,0.16948125138878822
2026-08-27 07:53:00,0.16948125138878822
2026-08-27 07:54:00,0.16948125138878822
2026-08-27 07:55:00,0.15644818171858788
2026-08-27 07:56:00,0.15644818171858788
2026-08-27 07:57:00,0.15644818171858788
2026-08-27 07:58:00,0.15644818171858788
2026-08-27 07:59:00,0.15644818171858788
2026-08-27 08:00:00,0.12817684467881918
2026-08-27 08:01:00,0.12817684467881918
2026-08-27 08:02:00,0.12817684467881918
2026-08-27 08:03:00,0.12817684467881918
2026-08-27 08:04:00,0.12817684467881918
2026-08-27 08:05:00,0.10118583124130964
2026-08-27 08:06:00,0.10118583124130964
2026-08-27 08:07:00,0.10118583124130964
2026-08-27 08:08:00,0.10118583124130964
2026-08-27 08:09:00,0.10118583124130964
2026-08-27 08:10:00,0.07650092337280512
2026-08-27 08:11:00,0.07650092337280512
2026-08-27 08:12:00,0.07650092337280512
2026-08-27 08:13:00,0.07650092337280512
2026-08-27 08:14:00,0.07650092337280512
2026-08-27 08:15:00,0.06378429662436247
2026-08-27 08:16:00,0.06378429662436247
2026-08-27 08:17:00,0.06378429662436247
2026-08-27 08:18:00,0.06378429662436247
2026-08-27 08:19:00,0.06378429662436247
2026-08-27 08:20:00,0.06597524881362915
2026-08-27 08:21:00,0.06597524881362915
2026-08-27 08:22:00,0.06597524881362915
2026-08-27 08:23:00,0.06597524881362915
2026-08-27 08:24:00,0.06597524881362915
2026-08-27 08:25:00,0.06860919296741486
2026-08-27 08:26:00,0.06860919296741486
2026-08-27 08:27:00,0.06860919296741486
2026-08-27 08:28:00,0.06860919296741486
2026-08-27 08:29:00,0.06860919296741486
2026-08-27 08:30:00,0.0687402430921793
2026-08-27 08:31:00,0.0687402430921793
2026-08-27 08:32:00,0.0687402430921793
2026-08-27 08:33:00,0.0687402430921793
2026-08-27 08:34:00,0.0687402430921793
2026-08-27 08:35:00,0.0681847482919693
2026-08-27 08:36:00,0.0681847482919693
2026-08-27 08:37:00,0.0681847482919693
2026-08-27 08:38:00,0.0681847482919693
2026-08-27 08:39:00,0.0681847482919693
2026-08-27 08:40:00,0.06608979124575853
2026-08-27 08:41:00,0.06608979124575853
2026-08-27 08:42:00,0.06608979124575853
2026-08-27 08:43:00,0.06608979124575853
2026-08-27 08:44:00,0.06608979124575853
2026-08-27 08:45:00,0.06140166986733675
2026-08-27 08:46:00,0.06140166986733675
2026-08-27 08:47:00,0.06140166986733675
2026-08-27 08:48:00,0.06140166986733675
2026-08-27 08:49:00,0.06140166986733675
2026-08-27 08:50:00,0.0578375980257988
2026-08-27 08:51:00,0.0578375980257988
2026-08-27 08:52:00,0.0578375980257988
2026-08-27 08:53:00,0.0578375980257988
2026-08-27 08:54:00,0.0578375980257988
2026-08-27 08:55:00,0.05262184049934149
2026-08-27 08:56:00,0.05262184049934149
2026-08-27 08:57:00,0.05262184049934149
2026-08-27 08:58:00,0.05262184049934149
2026-08-27 08:59:00,0.05262184049934149
2026-08-27 09:00:00,0.049476456828415394
2026-08-27 09:01:00,0.049476456828415394
2026-08-27 09:02:00,0.049476456828415394
2026-08-27 09:03:00,0.049476456828415394
2026-08-27 09:04:00,0.049476456828415394
2026-08-27 09:05:00,0.04928175266832113
2026-08-27 09:06:00,0.04928175266832113
2026-08-27 09:07:00,0.04928175266832113
2026-08-27 09:08:00,0.04928175266832113
2026-08-27 09:09:00,0.04928175266832113
2026-08-27 09:10:00,0.04872673470526934
2026-08-27 09:11:00,0.04872673470526934
2026-08-27 09:12:00,0.04872673470526934
2026-08-27 09:13:00,0.04872673470526934
2026-08-27 09:14:00,0.04872673470526934
2026-08-27 09:15:00,0.05194523837417364
2026-08-27 09:16:00,0.05194523837417364
2026-08-27 09:17:00,0.05194523837417364
2026-08-27 09:18:00,0.05194523837417364
2026-08-27 09:19:00,0.05194523837417364
2026-08-27 09:20:00,0.056084344163537025
2026-08-27 09:21:00,0.056084344163537025
2026-08-27 09:22:00,0.056084344163537025
2026-08-27 09:23:00,0.056084344163537025
2026-08-27 09:24:00,0.056084344163537025
2026-08-27 09:25:00,0.058507077395915985
2026-08-27 09:26:00,0.058507077395915985
2026-08-27 09:27:00,0.058507077395915985
2026-08-27 09:28:00,0.058507077395915985
2026-08-27 09:29:00,0.058507077395915985
2026-08-27 09:30:00,0.06082021165639162
2026-08-27 09:31:00,0.06082021165639162
2026-08-27 09:32:00,0.06082021165639162
2026-08-27 09:33:00,0.06082021165639162
2026-08-27 09:34:00,0.06082021165639162
2026-08-27 09:35:00,0.11731380969285965
2026-08-27 09:36:00,0.11731380969285965
2026-08-27 09:37:00,0.11731380969285965
2026-08-27 09:38:00,0.11731380969285965
2026-08-27 09:39:00,0.11731380969285965
2026-08-27 09:40:00,0.17341778613626957
2026-08-27 09:41:00,0.17341778613626957
2026-08-27 09:42:00,0.17341778613626957
2026-08-27 09:43:00,0.17341778613626957
2026-08-27 09:44:00,0.17341778613626957
2026-08-27 09:45:00,0.23116867803037167
2026-08-27 09:46:00,0.23116867803037167
2026-08-27 09:47:00,0.23116867803037167
2026-08-27 09:48:00,0.23116867803037167
2026-08-27 09:49:00,0.23116867803037167
2026-08-27 09:50:00,0.29243022203445435
2026-08-27 09:51:00,0.29243022203445435
2026-08-27 09:52:00,0.29243022203445435
2026-08-27 09:53:00,0.29243022203445435
2026-08-27 09:54:00,0.29243022203445435
2026-08-27 09:55:00,0.24310345575213432
2026-08-27 09:56:00,0.24310345575213432
2026-08-27 09:57:00,0.24310345575213432
2026-08-27 09:58:00,0.24310345575213432
2026-08-27 09:59:00,0.24310345575213432
2026-08-27 10:00:00,0.187550388276577
2026-08-27 10:01:00,0.187550388276577
2026-08-27 10:02:00,0.187550388276577
2026-08-27 10:03:00,0.187550388276577
2026-08-27 10:04:00,0.187550388276577
2026-08-27 10:05:00,0.1275528809055686
2026-08-27 10:06:00,0.1275528809055686
2026-08-27 10:07:00,0.1275528809055686
2026-08-27 10:08:00,0.1275528809055686
2026-08-27 10:09:00,0.1275528809055686
2026-08-27 10:10:00,0.06605976913124323
2026-08-27 10:11:00,0.06605976913124323
2026-08-27 10:12:00,0.06605976913124323
2026-08-27 10:13:00,0.06605976913124323
2026-08-27 10:14:00,0.06605976913124323
2026-08-27 10:15:00,0.06124922726303339
2026-08-27 10:16:00,0.06124922726303339
2026-08-27 10:17:00,0.06124922726303339
2026-08-27 10:18:00,0.06124922726303339
2026-08-27 10:19:00,0.06124922726303339
2026-08-27 10:20:00,0.06098019424825907
2026-08-27 10:21:00,0.06098019424825907
2026-08-27 10:22:00,0.06098019424825907
2026-08-27 10:23:00,0.06098019424825907
2026-08-27 10:24:00,0.06098019424825907
2026-08-27 10:25:00,0.06344317458570004
2026-08-27 10:26:00,0.06344317458570004
2026-08-27 10:27:00,0.06344317458570004
2026-08-27 10:28:00,0.06344317458570004
2026-08-27 10:29:00,0.06344317458570004
2026-08-27 10:30:00,0.06508390232920647
2026-08-27 10:31:00,0.06508390232920647
2026-08-27 10:32:00,0.06508390232920647
2026-08-27 10:33:00,0.06508390232920647
2026-08-27 10:34:00,0.06508390232920647
2026-08-27 10:35:00,0.0645638257265091
2026-08-27 10:36:00,0.0645638257265091
2026-08-27 10:37:00,0.0645638257265091
2026-08-27 10:38:00,0.0645638257265091
2026-08-27 10:39:00,0.0645638257265091
2026-08-27 10:40:00,0.06286964751780033
2026-08-27 10:41:00,0.06286964751780033
2026-08-27 10:42:00,0.06286964751780033
2026-08-27 10:43:00,0.06286964751780033
2026-08-27 10:44:00,0.06286964751780033
2026-08-27 10:45:00,0.06244811415672302
2026-08-27 10:46:00,0.06244811415672302
2026-08-27 10:47:00,0.06244811415672302
2026-08-27 10:48:00,0.06244811415672302
2026-08-27 10:49:00,0.06244811415672302
2026-08-27 10:50:00,0.06475934386253357
2026-08-27 10:51:00,0.06475934386253357
2026-08-27 10:52:00,0.06475934386253357
2026-08-27 10:53:00,0.06475934386253357
2026-08-27 10:54:00,0.06475934386253357
2026-08-27 10:55:00,0.06297751888632774
2026-08-27 10:56:00,0.06297751888632774
2026-08-27 10:57:00,0.06297751888632774
2026-08-27 10:58:00,0.06297751888632774
2026-08-27 10:59:00,0.06297751888632774
2026-08-27 11:00:00,0.06115361396223307
2026-08-27 11:01:00,0.06115361396223307
2026-08-27 11:02:00,0.06115361396223307
2026-08-27 11:03:00,0.06115361396223307
2026-08-27 11:04:00,0.06115361396223307
2026-08-27 11:05:00,0.057922523468732834
2026-08-27 11:06:00,0.057922523468732834
2026-08-27 11:07:00,0.057922523468732834
2026-08-27 11:08:00,0.057922523468732834
2026-08-27 11:09:00,0.057922523468732834
2026-08-27 11:10:00,0.05238084774464369
2026-08-27 11:11:00,0.05238084774464369
2026-08-27 11:12:00,0.05238084774464369
2026-08-27 11:13:00,0.05238084774464369
2026-08-27 11:14:00,0.05238084774464369
2026-08-27 11:15:00,0.052484260872006416
2026-08-27 11:16:00,0.052484260872006416
2026-08-27 11:17:00,0.052484260872006416
2026-08-27 11:18:00,0.052484260872006416
2026-08-27 11:19:00,0.052484260872006416
2026-08-27 11:20:00,0.056377547793090343
2026-08-27 11:21:00,0.056377547793090343
2026-08-27 11:22:00,0.056377547793090343
2026-08-27 11:23:00,0.056377547793090343
2026-08-27 11:24:00,0.056377547793090343
2026-08-27 11:25:00,0.06074794568121433
2026-08-27 11:26:00,0.06074794568121433
2026-08-27 11:27:00,0.06074794568121433
2026-08-27 11:28:00,0.06074794568121433
2026-08-27 11:29:00,0.06074794568121433
2026-08-27 11:30:00,0.06494816113263369
2026-08-27 11:31:00,0.06494816113263369
2026-08-27 11:32:00,0.06494816113263369
2026-08-27 11:33:00,0.06494816113263369
2026-08-27 11:34:00,0.06494816113263369
2026-08-27 11:35:00,0.0686678271740675
2026-08-27 11:36:00,0.0686678271740675
2026-08-27 11:37:00,0.0686678271740675
2026-08-27 11:38:00,0.0686678271740675
2026-08-27 11:39:00,0.0686678271740675
2026-08-27 11:40:00,0.06884385272860527
2026-08-27 11:41:00,0.06884385272860527
2026-08-27 11:42:00,0.06884385272860527
2026-08-27 11:43:00,0.06884385272860527
2026-08-27 11:44:00,0.06884385272860527
2026-08-27 11:45:00,0.0663619413971901
2026-08-27 11:46:00,0.0663619413971901
2026-08-27 11:47:00,0.0663619413971901
2026-08-27 11:48:00,0.0663619413971901
2026-08-27 11:49:00,0.0663619413971901
2026-08-27 11:50:00,0.06229034252464771
2026-08-27 11:51:00,0.06229034252464771
2026-08-27 11:52:00,0.06229034252464771
2026-08-27 11:53:00,0.06229034252464771
2026-08-27 11:54:00,0.06229034252464771
2026-08-27 11:55:00,0.05908753350377083
2026-08-27 11:56:00,0.05908753350377083
2026-08-27 11:57:00,0.05908753350377083
2026-08-27 11:58:00,0.05908753350377083
2026-08-27 11:59:00,0.05908753350377083
2026-08-27 12:00:00,0.05811217334121466
2026-08-27 12:01:00,0.05811217334121466
2026-08-27 12:02:00,0.05811217334121466
2026-08-27 12:03:00,0.05811217334121466
2026-08-27 12:04:00,0.05811217334121466
2026-08-27 12:05:00,0.059554179199039936
2026-08-27 12:06:00,0.059554179199039936
2026-08-27 12:07:00,0.059554179199039936
2026-08-27 12:08:00,0.059554179199039936
2026-08-27 12:09:00,0.059554179199039936
2026-08-27 12:10:00,0.0627881707623601
2026-08-27 12:11:00,0.0627881707623601
2026-08-27 12:12:00,0.0627881707623601
2026-08-27 12:13:00,0.0627881707623601
2026-08-27 12:14:00,0.0627881707623601
2026-08-27 12:15:00,0.0639285696670413
2026-08-27 12:16:00,0.0639285696670413
2026-08-27 12:17:00,0.0639285696670413
2026-08-27 12:18:00,0.0639285696670413
2026-08-27 12:19:00,0.0639285696670413
2026-08-27 12:20:00,0.06443585269153118
2026-08-27 12:21:00,0.06443585269153118
2026-08-27 12:22:00,0.06443585269153118
2026-08-27 12:23:00,0.06443585269153118
2026-08-27 12:24:00,0.06443585269153118
2026-08-27 12:25:00,0.0637256046757102
2026-08-27 12:26:00,0.0637256046757102
2026-08-27 12:27:00,0.0637256046757102
2026-08-27 12:28:00,0.0637256046757102
2026-08-27 12:29:00,0.0637256046757102
2026-08-27 12:30:00,0.06126979272812605
2026-08-27 12:31:00,0.06126979272812605
2026-08-27 12:32:00,0.06126979272812605
2026-08-27 12:33:00,0.06126979272812605
2026-08-27 12:34:00,0.06126979272812605
2026-08-27 12:35:00,0.05767193157225847
2026-08-27 12:36:00,0.05767193157225847
2026-08-27 12:37:00,0.05767193157225847
2026-08-27 12:38:00,0.05767193157225847
2026-08-27 12:39:00,0.05767193157225847
2026-08-27 12:40:00,0.05553819332271814
2026-08-27 12:41:00,0.05553819332271814
2026-08-27 12:42:00,0.05553819332271814
2026-08-27 12:43:00,0.05553819332271814
2026-08-27 12:44:00,0.05553819332271814
2026-08-27 12:45:00,0.054059610702097416
2026-08-27 12:46:00,0.054059610702097416
2026-08-27 12:47:00,0.054059610702097416
2026-08-27 12:48:00,0.054059610702097416
2026-08-27 12:49:00,0.054059610702097416
2026-08-27 12:50:00,0.055314648896455765
2026-08-27 12:51:00,0.055314648896455765
2026-08-27 12:52:00,0.055314648896455765
2026-08-27 12:53:00,0.055314648896455765
2026-08-27 12:54:00,0.055314648896455765
2026-08-27 12:55:00,0.057750714011490345
2026-08-27 12:56:00,0.057750714011490345
2026-08-27 12:57:00,0.057750714011490345
2026-08-27 12:58:00,0.057750714011490345
2026-08-27 12:59:00,0.057750714011490345
2026-08-27 13:00:00,0.05786652956157923
2026-08-27 13:01:00,0.05786652956157923
2026-08-27 13:02:00,0.05786652956157923
2026-08-27 13:03:00,0.05786652956157923
2026-08-27 13:04:00,0.05786652956157923
2026-08-27 13:05:00,0.0606759674847126
2026-08-27 13:06:00,0.0606759674847126
2026-08-27 13:07:00,0.0606759674847126
2026-08-27 13:08:00,0.0606759674847126
2026-08-27 13:09:00,0.0606759674847126
2026-08-27 13:10:00,0.05773411877453327
2026-08-27 13:11:00,0.05773411877453327
2026-08-27 13:12:00,0.05773411877453327
2026-08-27 13:13:00,0.05773411877453327
2026-08-27 13:14:00,0.05773411877453327
2026-08-27 13:15:00,0.05499343294650316
2026-08-27 13:16:00,0.05499343294650316
2026-08-27 13:17:00,0.05499343294650316
2026-08-27 13:18:00,0.05499343294650316
2026-08-27 13:19:00,0.05499343294650316
2026-08-27 13:20:00,0.05475753266364336
2026-08-27 13:21:00,0.05475753266364336
2026-08-27 13:22:00,0.05475753266364336
2026-08-27 13:23:00,0.05475753266364336
2026-08-27 13:24:00,0.05475753266364336
2026-08-27 13:25:00,0.052738264203071594
2026-08-27 13:26:00,0.052738264203071594
2026-08-27 13:27:00,0.052738264203071594
2026-08-27 13:28:00,0.052738264203071594
2026-08-27 13:29:00,0.052738264203071594
2026-08-27 13:30:00,0.0569958733394742
2026-08-27 13:31:00,0.0569958733394742
2026-08-27 13:32:00,0.0569958733394742
2026-08-27 13:33:00,0.0569958733394742
2026-08-27 13:34:00,0.0569958733394742
2026-08-27 13:35:00,0.06316775735467672
2026-08-27 13:36:00,0.06316775735467672
2026-08-27 13:37:00,0.06316775735467672
2026-08-27 13:38:00,0.06316775735467672
2026-08-27 13:39:00,0.06316775735467672
2026-08-27 13:40:00,0.0674240430817008
2026-08-27 13:41:00,0.0674240430817008
2026-08-27 13:42:00,0.0674240430817008
2026-08-27 13:43:00,0.0674240430817008
2026-08-27 13:44:00,0.0674240430817008
2026-08-27 13:45:00,0.0704656932502985
2026-08-27 13:46:00,0.0704656932502985
2026-08-27 13:47:00,0.0704656932502985
2026-08-27 13:48:00,0.0704656932502985
2026-08-27 13:49:00,0.0704656932502985
2026-08-27 13:50:00,0.06988244690001011
2026-08-27 13:51:00,0.06988244690001011
2026-08-27 13:52:00,0.06988244690001011
2026-08-27 13:53:00,0.06988244690001011
2026-08-27 13:54:00,0.06988244690001011
2026-08-27 13:55:00,0.06548106577247381
2026-08-27 13:56:00,0.06548106577247381
2026-08-27 13:57:00,0.06548106577247381
2026-08-27 13:58:00,0.06548106577247381
2026-08-27 13:59:00,0.06548106577247381
2026-08-27 14:00:00,0.06187532190233469
2026-08-27 14:01:00,0.06187532190233469
2026-08-27 14:02:00,0.06187532190233469
2026-08-27 14:03:00,0.06187532190233469
2026-08-27 14:04:00,0.06187532190233469
2026-08-27 14:05:00,0.059409006498754025
2026-08-27 14:06:00,0.059409006498754025
2026-08-27 14:07:00,0.059409006498754025
2026-08-27 14:08:00,0.059409006498754025
2026-08-27 14:09:00,0.059409006498754025
2026-08-27 14:10:00,0.05516882985830307
2026-08-27 14:11:00,0.05516882985830307
2026-08-27 14:12:00,0.05516882985830307
2026-08-27 14:13:00,0.05516882985830307
2026-08-27 14:14:00,0.05516882985830307
2026-08-27 14:15:00,0.05369317252188921
2026-08-27 14:16:00,0.05369317252188921
2026-08-27 14:17:00,0.05369317252188921
2026-08-27 14:18:00,0.05369317252188921
2026-08-27 14:19:00,0.05369317252188921
2026-08-27 14:20:00,0.05286830756813288
2026-08-27 14:21:00,0.05286830756813288
2026-08-27 14:22:00,0.05286830756813288
2026-08-27 14:23:00,0.05286830756813288
2026-08-27 14:24:00,0.05286830756813288
2026-08-27 14:25:00,0.04942836984992027
2026-08-27 14:26:00,0.04942836984992027
2026-08-27 14:27:00,0.04942836984992027
2026-08-27 14:28:00,0.04942836984992027
2026-08-27 14:29:00,0.04942836984992027
2026-08-27 14:30:00,0.050704775378108025
2026-08-27 14:31:00,0.050704775378108025
2026-08-27 14:32:00,0.050704775378108025
2026-08-27 14:33:00,0.050704775378108025
2026-08-27 14:34:00,0.050704775378108025
2026-08-27 14:35:00,0.05112928617745638
2026-08-27 14:36:00,0.05112928617745638
2026-08-27 14:37:00,0.05112928617745638
2026-08-27 14:38:00,0.05112928617745638
2026-08-27 14:39:00,0.05112928617745638
2026-08-27 14:40:00,0.050133705139160156
2026-08-27 14:41:00,0.050133705139160156
2026-08-27 14:42:00,0.050133705139160156
2026-08-27 14:43:00,0.050133705139160156
2026-08-27 14:44:00,0.050133705139160156
2026-08-27 14:45:00,0.05110499728471041
2026-08-27 14:46:00,0.05110499728471041
2026-08-27 14:47:00,0.05110499728471041
2026-08-27 14:48:00,0.05110499728471041
2026-08-27 14:49:00,0.05110499728471041
2026-08-27 14:50:00,0.05185379181057215
2026-08-27 14:51:00,0.05185379181057215
2026-08-27 14:52:00,0.05185379181057215
2026-08-27 14:53:00,0.05185379181057215
2026-08-27 14:54:00,0.05185379181057215
2026-08-27 14:55:00,0.05250343680381775
2026-08-27 14:56:00,0.05250343680381775
2026-08-27 14:57:00,0.05250343680381775
2026-08-27 14:58:00,0.05250343680381775
2026-08-27 14:59:00,0.05250343680381775
2026-08-27 15:00:00,0.05182118900120258
2026-08-27 15:01:00,0.05182118900120258
2026-08-27 15:02:00,0.05182118900120258
2026-08-27 15:03:00,0.05182118900120258
2026-08-27 15:04:00,0.05182118900120258
2026-08-27 15:05:00,0.051916914992034435
2026-08-27 15:06:00,0.051916914992034435
2026-08-27 15:07:00,0.051916914992034435
2026-08-27 15:08:00,0.051916914992034435
2026-08-27 15:09:00,0.051916914992034435
2026-08-27 15:10:00,0.049849470146000385
2026-08-27 15:11:00,0.049849470146000385
2026-08-27 15:12:00,0.049849470146000385
2026-08-27 15:13:00,0.049849470146000385
2026-08-27 15:14:00,0.049849470146000385
2026-08-27 15:15:00,0.050161467865109444
2026-08-27 15:16:00,0.050161467865109444
2026-08-27 15:17:00,0.050161467865109444
2026-08-27 15:18:00,0.050161467865109444
2026-08-27 15:19:00,0.050161467865109444
2026-08-27 15:20:00,0.054473153315484524
2026-08-27 15:21:00,0.054473153315484524
2026-08-27 15:22:00,0.054473153315484524
2026-08-27 15:23:00,0.054473153315484524
2026-08-27 15:24:00,0.054473153315484524
2026-08-27 15:25:00,0.05932230316102505
2026-08-27 15:26:00,0.05932230316102505
2026-08-27 15:27:00,0.05932230316102505
2026-08-27 15:28:00,0.05932230316102505
2026-08-27 15:29:00,0.05932230316102505
2026-08-27 15:30:00,0.06729766819626093
2026-08-27 15:31:00,0.06729766819626093
2026-08-27 15:32:00,0.06729766819626093
2026-08-27 15:33:00,0.06729766819626093
2026-08-27 15:34:00,0.06729766819626093
2026-08-27 15:35:00,0.07279017753899097
2026-08-27 15:36:00,0.07279017753899097
2026-08-27 15:37:00,0.07279017753899097
2026-08-27 15:38:00,0.07279017753899097
2026-08-27 15:39:00,0.07279017753899097
2026-08-27 15:40:00,0.07238495722413063
2026-08-27 15:41:00,0.07238495722413063
2026-08-27 15:42:00,0.07238495722413063
2026-08-27 15:43:00,0.07238495722413063
2026-08-27 15:44:00,0.07238495722413063
2026-08-27 15:45:00,0.06885794084519148
2026-08-27 15:46:00,0.06885794084519148
2026-08-27 15:47:00,0.06885794084519148
2026-08-27 15:48:00,0.06885794084519148
2026-08-27 15:49:00,0.06885794084519148
2026-08-27 15:50:00,0.06528848502784967
2026-08-27 15:51:00,0.06528848502784967
2026-08-27 15:52:00,0.06528848502784967
2026-08-27 15:53:00,0.06528848502784967
2026-08-27 15:54:00,0.06528848502784967
2026-08-27 15:55:00,0.060516937635838985
2026-08-27 15:56:00,0.060516937635838985
2026-08-27 15:57:00,0.060516937635838985
2026-08-27 15:58:00,0.060516937635838985
2026-08-27 15:59:00,0.060516937635838985
2026-08-27 16:00:00,0.06050664093345404
2026-08-27 16:01:00,0.06050664093345404
2026-08-27 16:02:00,0.06050664093345404
2026-08-27 16:03:00,0.06050664093345404
2026-08-27 16:04:00,0.06050664093345404
2026-08-27 16:05:00,0.06390734389424324
2026-08-27 16:06:00,0.06390734389424324
2026-08-27 16:07:00,0.06390734389424324
2026-08-27 16:08:00,0.06390734389424324
2026-08-27 16:09:00,0.06390734389424324
2026-08-27 16:10:00,0.06301935482770205
2026-08-27 16:11:00,0.06301935482770205
2026-08-27 16:12:00,0.06301935482770205
2026-08-27 16:13:00,0.06301935482770205
2026-08-27 16:14:00,0.06301935482770205
2026-08-27 16:15:00,0.06484014261513948
2026-08-27 16:16:00,0.06484014261513948
2026-08-27 16:17:00,0.06484014261513948
2026-08-27 16:18:00,0.06484014261513948
2026-08-27 16:19:00,0.06484014261513948
2026-08-27 16:20:00,0.0637101223692298
2026-08-27 16:21:00,0.0637101223692298
2026-08-27 16:22:00,0.0637101223692298
2026-08-27 16:23:00,0.0637101223692298
2026-08-27 16:24:00,0.0637101223692298
2026-08-27 16:25:00,0.06157996319234371
2026-08-27 16:26:00,0.06157996319234371
2026-08-27 16:27:00,0.06157996319234371
2026-08-27 16:28:00,0.06157996319234371
2026-08-27 16:29:00,0.06157996319234371
2026-08-27 16:30:00,0.062016344629228115
2026-08-27 16:31:00,0.062016344629228115
2026-08-27 16:32:00,0.062016344629228115
2026-08-27 16:33:00,0.062016344629228115
2026-08-27 16:34:00,0.062016344629228115
2026-08-27 16:35:00,0.06441953126341105
2026-08-27 16:36:00,0.06441953126341105
2026-08-27 16:37:00,0.06441953126341105
2026-08-27 16:38:00,0.06441953126341105
2026-08-27 16:39:00,0.06441953126341105
2026-08-27 16:40:00,0.0741032948717475
2026-08-27 16:41:00,0.0741032948717475
2026-08-27 16:42:00,0.0741032948717475
2026-08-27 16:43:00,0.0741032948717475
2026-08-27 16:44:00,0.0741032948717475
2026-08-27 16:45:00,0.08268139511346817
2026-08-27 16:46:00,0.08268139511346817
2026-08-27 16:47:00,0.08268139511346817
2026-08-27 16:48:00,0.08268139511346817
2026-08-27 16:49:00,0.08268139511346817
2026-08-27 16:50:00,0.09039560332894325
2026-08-27 16:51:00,0.09039560332894325
2026-08-27 16:52:00,0.09039560332894325
2026-08-27 16:53:00,0.09039560332894325
2026-08-27 16:54:00,0.09039560332894325
2026-08-27 16:55:00,0.09222294390201569
2026-08-27 16:56:00,0.09222294390201569
2026-08-27 16:57:00,0.09222294390201569
2026-08-27 16:58:00,0.09222294390201569
2026-08-27 16:59:00,0.09222294390201569
2026-08-27 17:00:00,0.08402896858751774
2026-08-27 17:01:00,0.08402896858751774
2026-08-27 17:02:00,0.08402896858751774
2026-08-27 17:03:00,0.08402896858751774
2026-08-27 17:04:00,0.08402896858751774
2026-08-27 17:05:00,0.07822711020708084
2026-08-27 17:06:00,0.07822711020708084
2026-08-27 17:07:00,0.07822711020708084
2026-08-27 17:08:00,0.07822711020708084
2026-08-27 17:09:00,0.07822711020708084
2026-08-27 17:10:00,0.06993352063000202
2026-08-27 17:11:00,0.06993352063000202
2026-08-27 17:12:00,0.06993352063000202
2026-08-27 17:13:00,0.06993352063000202
2026-08-27 17:14:00,0.06993352063000202
2026-08-27 17:15:00,0.06159690581262112
2026-08-27 17:16:00,0.06159690581262112
2026-08-27 17:17:00,0.06159690581262112
2026-08-27 17:18:00,0.06159690581262112
2026-08-27 17:19:00,0.06159690581262112
2026-08-27 17:20:00,0.05888250656425953
2026-08-27 17:21:00,0.05888250656425953
2026-08-27 17:22:00,0.05888250656425953
2026-08-27 17:23:00,0.05888250656425953
2026-08-27 17:24:00,0.05888250656425953
2026-08-27 17:25:00,0.05485048424452543
2026-08-27 17:26:00,0.05485048424452543
2026-08-27 17:27:00,0.05485048424452543
2026-08-27 17:28:00,0.05485048424452543
2026-08-27 17:29:00,0.05485048424452543
2026-08-27 17:30:00,0.055619523860514164
2026-08-27 17:31:00,0.055619523860514164
2026-08-27 17:32:00,0.055619523860514164
2026-08-27 17:33:00,0.055619523860514164
2026-08-27 17:34:00,0.055619523860514164
2026-08-27 17:35:00,0.06399902235716581
2026-08-27 17:36:00,0.06399902235716581
2026-08-27 17:37:00,0.06399902235716581
2026-08-27 17:38:00,0.06399902235716581
2026-08-27 17:39:00,0.06399902235716581
2026-08-27 17:40:00,0.11154366564005613
2026-08-27 17:41:00,0.11154366564005613
2026-08-27 17:42:00,0.11154366564005613
2026-08-27 17:43:00,0.11154366564005613
2026-08-27 17:44:00,0.11154366564005613
2026-08-27 17:45:00,0.15635853819549084
2026-08-27 17:46:00,0.15635853819549084
2026-08-27 17:47:00,0.15635853819549084
2026-08-27 17:48:00,0.15635853819549084
2026-08-27 17:49:00,0.15635853819549084
2026-08-27 17:50:00,0.19874104484915733
2026-08-27 17:51:00,0.19874104484915733
2026-08-27 17:52:00,0.19874104484915733
2026-08-27 17:53:00,0.19874104484915733
2026-08-27 17:54:00,0.19874104484915733
2026-08-27 17:55:00,0.23647042736411095
2026-08-27 17:56:00,0.23647042736411095
2026-08-27 17:57:00,0.23647042736411095
2026-08-27 17:58:00,0.23647042736411095
2026-08-27 17:59:00,0.23647042736411095
2026-08-27 18:00:00,0.1887903232127428
2026-08-27 18:01:00,0.1887903232127428
2026-08-27 18:02:00,0.1887903232127428
2026-08-27 18:03:00,0.1887903232127428
2026-08-27 18:04:00,0.1887903232127428
2026-08-27 18:05:00,0.1438033701851964
2026-08-27 18:06:00,0.1438033701851964
2026-08-27 18:07:00,0.1438033701851964
2026-08-27 18:08:00,0.1438033701851964
2026-08-27 18:09:00,0.1438033701851964
2026-08-27 18:10:00,0.09924422856420279
2026-08-27 18:11:00,0.09924422856420279
2026-08-27 18:12:00,0.09924422856420279
2026-08-27 18:13:00,0.09924422856420279
2026-08-27 18:14:00,0.09924422856420279
2026-08-27 18:15:00,0.05351393297314644
2026-08-27 18:16:00,0.05351393297314644
2026-08-27 18:17:00,0.05351393297314644
2026-08-27 18:18:00,0.05351393297314644
2026-08-27 18:19:00,0.05351393297314644
2026-08-27 18:20:00,0.05365914385765791
2026-08-27 18:21:00,0.05365914385765791
2026-08-27 18:22:00,0.05365914385765791
2026-08-27 18:23:00,0.05365914385765791
2026-08-27 18:24:00,0.05365914385765791
2026-08-27 18:25:00,0.057080307975411415
2026-08-27 18:26:00,0.057080307975411415
2026-08-27 18:27:00,0.057080307975411415
2026-08-27 18:28:00,0.057080307975411415
2026-08-27 18:29:00,0.057080307975411415
2026-08-27 18:30:00,0.06242296285927296
2026-08-27 18:31:00,0.06242296285927296
2026-08-27 18:32:00,0.06242296285927296
2026-08-27 18:33:00,0.06242296285927296
2026-08-27 18:34:00,0.06242296285927296
2026-08-27 18:35:00,0.07040412444621325
2026-08-27 18:36:00,0.07040412444621325
2026-08-27 18:37:00,0.07040412444621325
2026-08-27 18:38:00,0.07040412444621325
2026-08-27 18:39:00,0.07040412444621325
2026-08-27 18:40:00,0.07811710983514786
2026-08-27 18:41:00,0.07811710983514786
2026-08-27 18:42:00,0.07811710983514786
2026-08-27 18:43:00,0.07811710983514786
2026-08-27 18:44:00,0.07811710983514786
2026-08-27 18:45:00,0.08475904352962971
2026-08-27 18:46:00,0.08475904352962971
2026-08-27 18:47:00,0.08475904352962971
2026-08-27 18:48:00,0.08475904352962971
2026-08-27 18:49:00,0.08475904352962971
2026-08-27 18:50:00,0.08587958477437496
2026-08-27 18:51:00,0.08587958477437496
2026-08-27 18:52:00,0.08587958477437496
2026-08-27 18:53:00,0.08587958477437496
2026-08-27 18:54:00,0.08587958477437496
2026-08-27 18:55:00,0.08469505049288273
2026-08-27 18:56:00,0.08469505049288273
2026-08-27 18:57:00,0.08469505049288273
2026-08-27 18:58:00,0.08469505049288273
2026-08-27 18:59:00,0.08469505049288273
2026-08-27 19:00:00,0.0836661085486412
2026-08-27 19:01:00,0.0836661085486412
2026-08-27 19:02:00,0.0836661085486412
2026-08-27 19:03:00,0.0836661085486412
2026-08-27 19:04:00,0.0836661085486412
2026-08-27 19:05:00,0.07730208151042461
2026-08-27 19:06:00,0.07730208151042461
2026-08-27 19:07:00,0.07730208151042461
2026-08-27 19:08:00,0.07730208151042461
2026-08-27 19:09:00,0.07730208151042461
2026-08-27 19:10:00,0.07514388673007488
2026-08-27 19:11:00,0.07514388673007488
2026-08-27 19:12:00,0.07514388673007488
2026-08-27 19:13:00,0.07514388673007488
2026-08-27 19:14:00,0.07514388673007488
2026-08-27 19:15:00,0.07469245232641697
2026-08-27 19:16:00,0.07469245232641697
2026-08-27 19:17:00,0.07469245232641697
2026-08-27 19:18:00,0.07469245232641697
2026-08-27 19:19:00,0.07469245232641697
2026-08-27 19:20:00,0.07338089868426323
2026-08-27 19:21:00,0.07338089868426323
2026-08-27 19:22:00,0.07338089868426323
2026-08-27 19:23:00,0.07338089868426323
2026-08-27 19:24:00,0.07338089868426323
2026-08-27 19:25:00,0.07310067117214203
2026-08-27 19:26:00,0.07310067117214203
2026-08-27 19:27:00,0.07310067117214203
2026-08-27 19:28:00,0.07310067117214203
2026-08-27 19:29:00,0.07310067117214203
2026-08-27 19:30:00,0.06982747185975313
2026-08-27 19:31:00,0.06982747185975313
2026-08-27 19:32:00,0.06982747185975313
2026-08-27 19:33:00,0.06982747185975313
2026-08-27 19:34:00,0.06982747185975313
2026-08-27 19:35:00,0.06501470878720284
2026-08-27 19:36:00,0.06501470878720284
2026-08-27 19:37:00,0.06501470878720284
2026-08-27 19:38:00,0.06501470878720284
2026-08-27 19:39:00,0.06501470878720284
2026-08-27 19:40:00,0.060142187401652336
2026-08-27 19:41:00,0.060142187401652336
2026-08-27 19:42:00,0.060142187401652336
2026-08-27 19:43:00,0.060142187401652336
2026-08-27 19:44:00,0.060142187401652336
2026-08-27 19:45:00,0.057770803570747375
2026-08-27 19:46:00,0.057770803570747375
2026-08-27 19:47:00,0.057770803570747375
2026-08-27 19:48:00,0.057770803570747375
2026-08-27 19:49:00,0.057770803570747375
2026-08-27 19:50:00,0.057416065596044064
2026-08-27 19:51:00,0.057416065596044064
2026-08-27 19:52:00,0.057416065596044064
2026-08-27 19:53:00,0.057416065596044064
2026-08-27 19:54:00,0.057416065596044064
2026-08-27 19:55:00,0.05682672280818224
2026-08-27 19:56:00,0.05682672280818224
2026-08-27 19:57:00,0.05682672280818224
2026-08-27 19:58:00,0.05682672280818224
2026-08-27 19:59:00,0.05682672280818224
2026-08-27 20:00:00,0.055519406683743
2026-08-27 20:01:00,0.055519406683743
2026-08-27 20:02:00,0.055519406683743
2026-08-27 20:03:00,0.055519406683743
2026-08-27 20:04:00,0.055519406683743
2026-08-27 20:05:00,0.05409046448767185
2026-08-27 20:06:00,0.05409046448767185
2026-08-27 20:07:00,0.05409046448767185
2026-08-27 20:08:00,0.05409046448767185
2026-08-27 20:09:00,0.05409046448767185
2026-08-27 20:10:00,0.05331139545887709
2026-08-27 20:11:00,0.05331139545887709
2026-08-27 20:12:00,0.05331139545887709
2026-08-27 20:13:00,0.05331139545887709
2026-08-27 20:14:00,0.05331139545887709
2026-08-27 20:15:00,0.053211500868201256
2026-08-27 20:16:00,0.053211500868201256
2026-08-27 20:17:00,0.053211500868201256
2026-08-27 20:18:00,0.053211500868201256
2026-08-27 20:19:00,0.053211500868201256
2026-08-27 20:20:00,0.05496779456734657
2026-08-27 20:21:00,0.05496779456734657
2026-08-27 20:22:00,0.05496779456734657
2026-08-27 20:23:00,0.05496779456734657
2026-08-27 20:24:00,0.05496779456734657
2026-08-27 20:25:00,0.05373537354171276
2026-08-27 20:26:00,0.05373537354171276
2026-08-27 20:27:00,0.05373537354171276
2026-08-27 20:28:00,0.05373537354171276
2026-08-27 20:29:00,0.05373537354171276
2026-08-27 20:30:00,0.05260741524398327
2026-08-27 20:31:00,0.05260741524398327
2026-08-27 20:32:00,0.05260741524398327
2026-08-27 20:33:00,0.05260741524398327
2026-08-27 20:34:00,0.05260741524398327
2026-08-27 20:35:00,0.05337851494550705
2026-08-27 20:36:00,0.05337851494550705
2026-08-27 20:37:00,0.05337851494550705
2026-08-27 20:38:00,0.05337851494550705
2026-08-27 20:39:00,0.05337851494550705
2026-08-27 20:40:00,0.05339658726006746
2026-08-27 20:41:00,0.05339658726006746
2026-08-27 20:42:00,0.05339658726006746
2026-08-27 20:43:00,0.05339658726006746
2026-08-27 20:44:00,0.05339658726006746
2026-08-27 20:45:00,0.056494032964110374
2026-08-27 20:46:00,0.056494032964110374
2026-08-27 20:47:00,0.056494032964110374
2026-08-27 20:48:00,0.056494032964110374
2026-08-27 20:49:00,0.056494032964110374
2026-08-27 20:50:00,0.0599918020889163
2026-08-27 20:51:00,0.0599918020889163
2026-08-27 20:52:00,0.0599918020889163
2026-08-27 20:53:00,0.0599918020889163
2026-08-27 20:54:00,0.0599918020889163
2026-08-27 20:55:00,0.06194592732936144
2026-08-27 20:56:00,0.06194592732936144
2026-08-27 20:57:00,0.06194592732936144
2026-08-27 20:58:00,0.06194592732936144
2026-08-27 20:59:00,0.06194592732936144
2026-08-27 21:00:00,0.0642207283526659
2026-08-27 21:01:00,0.0642207283526659
2026-08-27 21:02:00,0.0642207283526659
2026-08-27 21:03:00,0.0642207283526659
2026-08-27 21:04:00,0.0642207283526659
2026-08-27 21:05:00,0.06510656140744686
2026-08-27 21:06:00,0.06510656140744686
2026-08-27 21:07:00,0.06510656140744686
2026-08-27 21:08:00,0.06510656140744686
2026-08-27 21:09:00,0.06510656140744686
2026-08-27 21:10:00,0.06227731145918369
2026-08-27 21:11:00,0.06227731145918369
2026-08-27 21:12:00,0.06227731145918369
2026-08-27 21:13:00,0.06227731145918369
2026-08-27 21:14:00,0.06227731145918369
2026-08-27 21:15:00,0.057558029890060425
2026-08-27 21:16:00,0.057558029890060425
2026-08-27 21:17:00,0.057558029890060425
2026-08-27 21:18:00,0.057558029890060425
2026-08-27 21:19:00,0.057558029890060425
2026-08-27 21:20:00,0.05384773202240467
2026-08-27 21:21:00,0.05384773202240467
2026-08-27 21:22:00,0.05384773202240467
2026-08-27 21:23:00,0.05384773202240467
2026-08-27 21:24:00,0.05384773202240467
2026-08-27 21:25:00,0.05183286778628826
2026-08-27 21:26:00,0.05183286778628826
2026-08-27 21:27:00,0.05183286778628826
2026-08-27 21:28:00,0.05183286778628826
2026-08-27 21:29:00,0.05183286778628826
2026-08-27 21:30:00,0.05362705420702696
2026-08-27 21:31:00,0.05362705420702696
2026-08-27 21:32:00,0.05362705420702696
2026-08-27 21:33:00,0.05362705420702696
2026-08-27 21:34:00,0.05362705420702696
2026-08-27 21:35:00,0.054761298932135105
2026-08-27 21:36:00,0.054761298932135105
2026-08-27 21:37:00,0.054761298932135105
2026-08-27 21:38:00,0.054761298932135105
2026-08-27 21:39:00,0.054761298932135105
2026-08-27 21:40:00,0.054623707197606564
2026-08-27 21:41:00,0.054623707197606564
2026-08-27 21:42:00,0.054623707197606564
2026-08-27 21:43:00,0.054623707197606564
2026-08-27 21:44:00,0.054623707197606564
2026-08-27 21:45:00,0.05336224474012852
2026-08-27 21:46:00,0.05336224474012852
2026-08-27 21:47:00,0.05336224474012852
2026-08-27 21:48:00,0.05336224474012852
2026-08-27 21:49:00,0.05336224474012852
2026-08-27 21:50:00,0.05445845331996679
2026-08-27 21:51:00,0.05445845331996679
2026-08-27 21:52:00,0.05445845331996679
2026-08-27 21:53:00,0.05445845331996679
2026-08-27 21:54:00,0.05445845331996679
2026-08-27 21:55:00,0.06025437358766794
2026-08-27 21:56:00,0.06025437358766794
2026-08-27 21:57:00,0.06025437358766794
2026-08-27 21:58:00,0.06025437358766794
2026-08-27 21:59:00,0.06025437358766794
2026-08-27 22:00:00,0.06523329485207796
2026-08-27 22:01:00,0.06523329485207796
2026-08-27 22:02:00,0.06523329485207796
2026-08-27 22:03:00,0.06523329485207796
2026-08-27 22:04:00,0.06523329485207796
2026-08-27 22:05:00,0.06923428736627102
2026-08-27 22:06:00,0.06923428736627102
2026-08-27 22:07:00,0.06923428736627102
2026-08-27 22:08:00,0.06923428736627102
2026-08-27 22:09:00,0.06923428736627102
2026-08-27 22:10:00,0.06967462785542011
2026-08-27 22:11:00,0.06967462785542011
2026-08-27 22:12:00,0.06967462785542011
2026-08-27 22:13:00,0.06967462785542011
2026-08-27 22:14:00,0.06967462785542011
2026-08-27 22:15:00,0.0663564307615161
2026-08-27 22:16:00,0.0663564307615161
2026-08-27 22:17:00,0.0663564307615161
2026-08-27 22:18:00,0.0663564307615161
2026-08-27 22:19:00,0.0663564307615161
2026-08-27 22:20:00,0.06324095744639635
2026-08-27 22:21:00,0.06324095744639635
2026-08-27 22:22:00,0.06324095744639635
2026-08-27 22:23:00,0.06324095744639635
2026-08-27 22:24:00,0.06324095744639635
2026-08-27 22:25:00,0.06243622396141291
2026-08-27 22:26:00,0.06243622396141291
2026-08-27 22:27:00,0.06243622396141291
2026-08-27 22:28:00,0.06243622396141291
2026-08-27 22:29:00,0.06243622396141291
2026-08-27 22:30:00,0.06251977290958166
2026-08-27 22:31:00,0.06251977290958166
2026-08-27 22:32:00,0.06251977290958166
2026-08-27 22:33:00,0.06251977290958166
2026-08-27 22:34:00,0.06251977290958166
2026-08-27 22:35:00,0.06340122781693935
2026-08-27 22:36:00,0.06340122781693935
2026-08-27 22:37:00,0.06340122781693935
2026-08-27 22:38:00,0.06340122781693935
2026-08-27 22:39:00,0.06340122781693935
2026-08-27 22:40:00,0.06503017246723175
2026-08-27 22:41:00,0.06503017246723175
2026-08-27 22:42:00,0.06503017246723175
2026-08-27 22:43:00,0.06503017246723175
2026-08-27 22:44:00,0.06503017246723175
2026-08-27 22:45:00,0.06191439460963011
2026-08-27 22:46:00,0.06191439460963011
2026-08-27 22:47:00,0.06191439460963011
2026-08-27 22:48:00,0.06191439460963011
2026-08-27 22:49:00,0.06191439460963011
2026-08-27 22:50:00,0.06052708625793457
2026-08-27 22:51:00,0.06052708625793457
2026-08-27 22:52:00,0.06052708625793457
2026-08-27 22:53:00,0.06052708625793457
2026-08-27 22:54:00,0.06052708625793457
2026-08-27 22:55:00,0.05840397346764803
2026-08-27 22:56:00,0.05840397346764803
2026-08-27 22:57:00,0.05840397346764803
2026-08-27 22:58:00,0.05840397346764803
2026-08-27 22:59:00,0.05840397346764803
2026-08-27 23:00:00,0.056760648265480995
2026-08-27 23:01:00,0.056760648265480995
2026-08-27 23:02:00,0.056760648265480995
2026-08-27 23:03:00,0.056760648265480995
2026-08-27 23:04:00,0.056760648265480995
2026-08-27 23:05:00,0.05862680543214083
2026-08-27 23:06:00,0.05862680543214083
2026-08-27 23:07:00,0.05862680543214083
2026-08-27 23:08:00,0.05862680543214083
2026-08-27 23:09:00,0.05862680543214083
2026-08-27 23:10:00,0.05720771476626396
2026-08-27 23:11:00,0.05720771476626396
2026-08-27 23:12:00,0.05720771476626396
2026-08-27 23:13:00,0.05720771476626396
2026-08-27 23:14:00,0.05720771476626396
2026-08-27 23:15:00,0.05657542310655117
2026-08-27 23:16:00,0.05657542310655117
2026-08-27 23:17:00,0.05657542310655117
2026-08-27 23:18:00,0.05657542310655117
2026-08-27 23:19:00,0.05657542310655117
2026-08-27 23:20:00,0.055813814513385296
2026-08-27 23:21:00,0.055813814513385296
2026-08-27 23:22:00,0.055813814513385296
2026-08-27 23:23:00,0.055813814513385296
2026-08-27 23:24:00,0.055813814513385296
2026-08-27 23:25:00,0.38306003902107477
2026-08-27 23:26:00,0.38306003902107477
2026-08-27 23:27:00,0.38306003902107477
2026-08-27 23:28:00,0.38306003902107477
2026-08-27 23:29:00,0.38306003902107477
2026-08-27 23:30:00,0.7113868901506066
2026-08-27 23:31:00,0.7113868901506066
2026-08-27 23:32:00,0.7113868901506066
2026-08-27 23:33:00,0.7113868901506066
2026-08-27 23:34:00,0.7113868901506066
2026-08-27 23:35:00,1.0397087298333645
2026-08-27 23:36:00,1.0397087298333645
2026-08-27 23:37:00,1.0397087298333645
2026-08-27 23:38:00,1.0397087298333645
2026-08-27 23:39:00,1.0397087298333645
2026-08-27 23:40:00,1.3673840463161469
2026-08-27 23:41:00,1.3673840463161469
2026-08-27 23:42:00,1.3673840463161469
2026-08-27 23:43:00,1.3673840463161469
2026-08-27 23:44:00,1.3673840463161469
2026-08-27 23:45:00,1.092732034623623
2026-08-27 23:46:00,1.092732034623623
2026-08-27 23:47:00,1.092732034623623
2026-08-27 23:48:00,1.092732034623623
2026-08-27 23:49:00,1.092732034623623
2026-08-27 23:50:00,0.8177728801965714
2026-08-27 23:51:00,0.8177728801965714
2026-08-27 23:52:00,0.8177728801965714
2026-08-27 23:53:00,0.8177728801965714
2026-08-27 23:54:00,0.8177728801965714
2026-08-27 23:55:00,0.544081874191761
2026-08-27 23:56:00,0.544081874191761
2026-08-27 23:57:00,0.544081874191761
2026-08-27 23:58:00,0.544081874191761
2026-08-27 23:59:00,0.544081874191761
2026-08-28 00:00:00,0.2688770070672035
2026-08-28 00:01:00,0.2688770070672035
2026-08-28 00:02:00,0.2688770070672035
2026-08-28 00:03:00,0.2688770070672035
2026-08-28 00:04:00,0.2688770070672035
2026-08-28 00:05:00,0.29983165115118027
2026-08-28 00:06:00,0.29983165115118027
2026-08-28 00:07:00,0.29983165115118027
2026-08-28 00:08:00,0.29983165115118027
2026-08-28 00:09:00,0.29983165115118027
2026-08-28 00:10:00,0.3298029527068138
2026-08-28 00:11:00,0.3298029527068138
2026-08-28 00:12:00,0.3298029527068138
2026-08-28 00:13:00,0.3298029527068138
2026-08-28 00:14:00,0.3298029527068138
2026-08-28 00:15:00,0.35791513323783875
2026-08-28 00:16:00,0.35791513323783875
2026-08-28 00:17:00,0.35791513323783875
2026-08-28 00:18:00,0.35791513323783875
2026-08-28 00:19:00,0.35791513323783875
2026-08-28 00:20:00,0.3873381167650223
2026-08-28 00:21:00,0.3873381167650223
2026-08-28 00:22:00,0.3873381167650223
2026-08-28 00:23:00,0.3873381167650223
2026-08-28 00:24:00,0.3873381167650223
2026-08-28 00:25:00,0.38377299904823303
2026-08-28 00:26:00,0.38377299904823303
2026-08-28 00:27:00,0.38377299904823303
2026-08-28 00:28:00,0.38377299904823303
2026-08-28 00:29:00,0.38377299904823303
2026-08-28 00:30:00,0.3804076313972473
2026-08-28 00:31:00,0.3804076313972473
2026-08-28 00:32:00,0.3804076313972473
2026-08-28 00:33:00,0.3804076313972473
2026-08-28 00:34:00,0.3804076313972473
2026-08-28 00:35:00,0.3761930465698242
2026-08-28 00:36:00,0.3761930465698242
2026-08-28 00:37:00,0.3761930465698242
2026-08-28 00:38:00,0.3761930465698242
2026-08-28 00:39:00,0.3761930465698242
2026-08-28 00:40:00,0.37205325812101364
2026-08-28 00:41:00,0.37205325812101364
2026-08-28 00:42:00,0.37205325812101364
2026-08-28 00:43:00,0.37205325812101364
2026-08-28 00:44:00,0.37205325812101364
2026-08-28 00:45:00,0.293884826824069
2026-08-28 00:46:00,0.293884826824069
2026-08-28 00:47:00,0.293884826824069
2026-08-28 00:48:00,0.293884826824069
2026-08-28 00:49:00,0.293884826824069
2026-08-28 00:50:00,0.2138325022533536
2026-08-28 00:51:00,0.2138325022533536
2026-08-28 00:52:00,0.2138325022533536
2026-08-28 00:53:00,0.2138325022533536
2026-08-28 00:54:00,0.2138325022533536
2026-08-28 00:55:00,0.13620365783572197
2026-08-28 00:56:00,0.13620365783572197
2026-08-28 00:57:00,0.13620365783572197
2026-08-28 00:58:00,0.13620365783572197
2026-08-28 00:59:00,0.13620365783572197
2026-08-28 01:00:00,0.06304470635950565
2026-08-28 01:01:00,0.06304470635950565
2026-08-28 01:02:00,0.06304470635950565
2026-08-28 01:03:00,0.06304470635950565
2026-08-28 01:04:00,0.06304470635950565
2026-08-28 01:05:00,0.06993248499929905
2026-08-28 01:06:00,0.06993248499929905
2026-08-28 01:07:00,0.06993248499929905
2026-08-28 01:08:00,0.06993248499929905
2026-08-28 01:09:00,0.06993248499929905
2026-08-28 01:10:00,0.0773898409679532
2026-08-28 01:11:00,0.0773898409679532
2026-08-28 01:12:00,0.0773898409679532
2026-08-28 01:13:00,0.0773898409679532
2026-08-28 01:14:00,0.0773898409679532
2026-08-28 01:15:00,0.08121227659285069
2026-08-28 01:16:00,0.08121227659285069
2026-08-28 01:17:00,0.08121227659285069
2026-08-28 01:18:00,0.08121227659285069
2026-08-28 01:19:00,0.08121227659285069
2026-08-28 01:20:00,0.0780994975939393
2026-08-28 01:21:00,0.0780994975939393
2026-08-28 01:22:00,0.0780994975939393
2026-08-28 01:23:00,0.0780994975939393
2026-08-28 01:24:00,0.0780994975939393
2026-08-28 01:25:00,0.07097779121249914
2026-08-28 01:26:00,0.07097779121249914
2026-08-28 01:27:00,0.07097779121249914
2026-08-28 01:28:00,0.07097779121249914
2026-08-28 01:29:00,0.07097779121249914
2026-08-28 01:30:00,0.06666197348386049
2026-08-28 01:31:00,0.06666197348386049
2026-08-28 01:32:00,0.06666197348386049
2026-08-28 01:33:00,0.06666197348386049
2026-08-28 01:34:00,0.06666197348386049
2026-08-28 01:35:00,0.06524769868701696
2026-08-28 01:36:00,0.06524769868701696
2026-08-28 01:37:00,0.06524769868701696
2026-08-28 01:38:00,0.06524769868701696
2026-08-28 01:39:00,0.06524769868701696
2026-08-28 01:40:00,0.06394910160452127
2026-08-28 01:41:00,0.06394910160452127
2026-08-28 01:42:00,0.06394910160452127
2026-08-28 01:43:00,0.06394910160452127
2026-08-28 01:44:00,0.06394910160452127
2026-08-28 01:45:00,0.06350942235440016
2026-08-28 01:46:00,0.06350942235440016
2026-08-28 01:47:00,0.06350942235440016
2026-08-28 01:48:00,0.06350942235440016
2026-08-28 01:49:00,0.06350942235440016
2026-08-28 01:50:00,0.06204130407422781
2026-08-28 01:51:00,0.06204130407422781
2026-08-28 01:52:00,0.06204130407422781
2026-08-28 01:53:00,0.06204130407422781
2026-08-28 01:54:00,0.06204130407422781
2026-08-28 01:55:00,0.05989454220980406
2026-08-28 01:56:00,0.05989454220980406
2026-08-28 01:57:00,0.05989454220980406
2026-08-28 01:58:00,0.05989454220980406
2026-08-28 01:59:00,0.05989454220980406
2026-08-28 02:00:00,0.06112191826105118
2026-08-28 02:01:00,0.06112191826105118
2026-08-28 02:02:00,0.06112191826105118
2026-08-28 02:03:00,0.06112191826105118
2026-08-28 02:04:00,0.06112191826105118
2026-08-28 02:05:00,0.06126337684690952
2026-08-28 02:06:00,0.06126337684690952
2026-08-28 02:07:00,0.06126337684690952
2026-08-28 02:08:00,0.06126337684690952
2026-08-28 02:09:00,0.06126337684690952
2026-08-28 02:10:00,0.06158503331243992
2026-08-28 02:11:00,0.06158503331243992
2026-08-28 02:12:00,0.06158503331243992
2026-08-28 02:13:00,0.06158503331243992
2026-08-28 02:14:00,0.06158503331243992
2026-08-28 02:15:00,0.06466844864189625
2026-08-28 02:16:00,0.06466844864189625
2026-08-28 02:17:00,0.06466844864189625
2026-08-28 02:18:00,0.06466844864189625
2026-08-28 02:19:00,0.06466844864189625
2026-08-28 02:20:00,0.0676394160836935
2026-08-28 02:21:00,0.0676394160836935
2026-08-28 02:22:00,0.0676394160836935
2026-08-28 02:23:00,0.0676394160836935
2026-08-28 02:24:00,0.0676394160836935
2026-08-28 02:25:00,0.06701789703220129
2026-08-28 02:26:00,0.06701789703220129
2026-08-28 02:27:00,0.06701789703220129
2026-08-28 02:28:00,0.06701789703220129
2026-08-28 02:29:00,0.06701789703220129
2026-08-28 02:30:00,0.0664423992857337
2026-08-28 02:31:00,0.0664423992857337
2026-08-28 02:32:00,0.0664423992857337
2026-08-28 02:33:00,0.0664423992857337
2026-08-28 02:34:00,0.0664423992857337
2026-08-28 02:35:00,0.06934211123734713
2026-08-28 02:36:00,0.06934211123734713
2026-08-28 02:37:00,0.06934211123734713
2026-08-28 02:38:00,0.06934211123734713
2026-08-28 02:39:00,0.06934211123734713
2026-08-28 02:40:00,0.07195976469665766
2026-08-28 02:41:00,0.07195976469665766
2026-08-28 02:42:00,0.07195976469665766
2026-08-28 02:43:00,0.07195976469665766
2026-08-28 02:44:00,0.07195976469665766
2026-08-28 02:45:00,0.07720925100147724
2026-08-28 02:46:00,0.07720925100147724
2026-08-28 02:47:00,0.07720925100147724
2026-08-28 02:48:00,0.07720925100147724
2026-08-28 02:49:00,0.07720925100147724
2026-08-28 02:50:00,0.0812729112803936
2026-08-28 02:51:00,0.0812729112803936
2026-08-28 02:52:00,0.0812729112803936
2026-08-28 02:53:00,0.0812729112803936
2026-08-28 02:54:00,0.0812729112803936
2026-08-28 02:55:00,0.07402184046804905
2026-08-28 02:56:00,0.07402184046804905
2026-08-28 02:57:00,0.07402184046804905
2026-08-28 02:58:00,0.07402184046804905
2026-08-28 02:59:00,0.07402184046804905
2026-08-28 03:00:00,0.06712426710873842
2026-08-28 03:01:00,0.06712426710873842
2026-08-28 03:02:00,0.06712426710873842
2026-08-28 03:03:00,0.06712426710873842
2026-08-28 03:04:00,0.06712426710873842
2026-08-28 03:05:00,0.05959342420101166
2026-08-28 03:06:00,0.05959342420101166
2026-08-28 03:07:00,0.05959342420101166
2026-08-28 03:08:00,0.05959342420101166
2026-08-28 03:09:00,0.05959342420101166
2026-08-28 03:10:00,0.052470519207417965
2026-08-28 03:11:00,0.052470519207417965
2026-08-28 03:12:00,0.052470519207417965
2026-08-28 03:13:00,0.052470519207417965
2026-08-28 03:14:00,0.052470519207417965
2026-08-28 03:15:00,0.05176257807761431
2026-08-28 03:16:00,0.05176257807761431
2026-08-28 03:17:00,0.05176257807761431
2026-08-28 03:18:00,0.05176257807761431
2026-08-28 03:19:00,0.05176257807761431
2026-08-28 03:20:00,0.050070435740053654
2026-08-28 03:21:00,0.050070435740053654
2026-08-28 03:22:00,0.050070435740053654
2026-08-28 03:23:00,0.050070435740053654
2026-08-28 03:24:00,0.050070435740053654
2026-08-28 03:25:00,0.04896374233067036
2026-08-28 03:26:00,0.04896374233067036
2026-08-28 03:27:00,0.04896374233067036
2026-08-28 03:28:00,0.04896374233067036
2026-08-28 03:29:00,0.04896374233067036
2026-08-28 03:30:00,0.04983626026660204
2026-08-28 03:31:00,0.04983626026660204
2026-08-28 03:32:00,0.04983626026660204
2026-08-28 03:33:00,0.04983626026660204
2026-08-28 03:34:00,0.04983626026660204
2026-08-28 03:35:00,0.0513698672875762
2026-08-28 03:36:00,0.0513698672875762
2026-08-28 03:37:00,0.0513698672875762
2026-08-28 03:38:00,0.0513698672875762
2026-08-28 03:39:00,0.0513698672875762
2026-08-28 03:40:00,0.05205410812050104
2026-08-28 03:41:00,0.05205410812050104
2026-08-28 03:42:00,0.05205410812050104
2026-08-28 03:43:00,0.05205410812050104
2026-08-28 03:44:00,0.05205410812050104
2026-08-28 03:45:00,0.052753299474716187
2026-08-28 03:46:00,0.052753299474716187
2026-08-28 03:47:00,0.052753299474716187
2026-08-28 03:48:00,0.052753299474716187
2026-08-28 03:49:00,0.052753299474716187
2026-08-28 03:50:00,0.0520510533824563
2026-08-28 03:51:00,0.0520510533824563
2026-08-28 03:52:00,0.0520510533824563
2026-08-28 03:53:00,0.0520510533824563
2026-08-28 03:54:00,0.0520510533824563
2026-08-28 03:55:00,0.0524402242153883
2026-08-28 03:56:00,0.0524402242153883
2026-08-28 03:57:00,0.0524402242153883
2026-08-28 03:58:00,0.0524402242153883
2026-08-28 03:59:00,0.0524402242153883
2026-08-28 04:00:00,0.05360773764550686
2026-08-28 04:01:00,0.05360773764550686
2026-08-28 04:02:00,0.05360773764550686
2026-08-28 04:03:00,0.05360773764550686
2026-08-28 04:04:00,0.05360773764550686
2026-08-28 04:05:00,0.05824804585427046
2026-08-28 04:06:00,0.05824804585427046
2026-08-28 04:07:00,0.05824804585427046
2026-08-28 04:08:00,0.05824804585427046
2026-08-28 04:09:00,0.05824804585427046
2026-08-28 04:10:00,0.06319727934896946
2026-08-28 04:11:00,0.06319727934896946
2026-08-28 04:12:00,0.06319727934896946
2026-08-28 04:13:00,0.06319727934896946
2026-08-28 04:14:00,0.06319727934896946
2026-08-28 04:15:00,0.06724191550165415
2026-08-28 04:16:00,0.06724191550165415
2026-08-28 04:17:00,0.06724191550165415
2026-08-28 04:18:00,0.06724191550165415
2026-08-28 04:19:00,0.06724191550165415
2026-08-28 04:20:00,0.0695621408522129
2026-08-28 04:21:00,0.0695621408522129
2026-08-28 04:22:00,0.0695621408522129
2026-08-28 04:23:00,0.0695621408522129
2026-08-28 04:24:00,0.0695621408522129
2026-08-28 04:25:00,0.06762011628597975
2026-08-28 04:26:00,0.06762011628597975
2026-08-28 04:27:00,0.06762011628597975
2026-08-28 04:28:00,0.06762011628597975
2026-08-28 04:29:00,0.06762011628597975
2026-08-28 04:30:00,0.06846496369689703
2026-08-28 04:31:00,0.06846496369689703
2026-08-28 04:32:00,0.06846496369689703
2026-08-28 04:33:00,0.06846496369689703
2026-08-28 04:34:00,0.06846496369689703
2026-08-28 04:35:00,0.06517183128744364
2026-08-28 04:36:00,0.06517183128744364
2026-08-28 04:37:00,0.06517183128744364
2026-08-28 04:38:00,0.06517183128744364
2026-08-28 04:39:00,0.06517183128744364
2026-08-28 04:40:00,0.0654739486053586
2026-08-28 04:41:00,0.0654739486053586
2026-08-28 04:42:00,0.0654739486053586
2026-08-28 04:43:00,0.0654739486053586
2026-08-28 04:44:00,0.0654739486053586
2026-08-28 04:45:00,0.06753316149115562
2026-08-28 04:46:00,0.06753316149115562
2026-08-28 04:47:00,0.06753316149115562
2026-08-28 04:48:00,0.06753316149115562
2026-08-28 04:49:00,0.06753316149115562
2026-08-28 04:50:00,0.0704484824091196
2026-08-28 04:51:00,0.0704484824091196
2026-08-28 04:52:00,0.0704484824091196
2026-08-28 04:53:00,0.0704484824091196
2026-08-28 04:54:00,0.0704484824091196
2026-08-28 04:55:00,0.07789586298167706
2026-08-28 04:56:00,0.07789586298167706
2026-08-28 04:57:00,0.07789586298167706
2026-08-28 04:58:00,0.07789586298167706
2026-08-28 04:59:00,0.07789586298167706
2026-08-28 05:00:00,0.08140419609844685
2026-08-28 05:01:00,0.08140419609844685
2026-08-28 05:02:00,0.08140419609844685
2026-08-28 05:03:00,0.08140419609844685
2026-08-28 05:04:00,0.08140419609844685
2026-08-28 05:05:00,0.0849869605153799
2026-08-28 05:06:00,0.0849869605153799
2026-08-28 05:07:00,0.0849869605153799
2026-08-28 05:08:00,0.0849869605153799
2026-08-28 05:09:00,0.0849869605153799
2026-08-28 05:10:00,0.08188359439373016
2026-08-28 05:11:00,0.08188359439373016
2026-08-28 05:12:00,0.08188359439373016
2026-08-28 05:13:00,0.08188359439373016
2026-08-28 05:14:00,0.08188359439373016
2026-08-28 05:15:00,0.07512279972434044
2026-08-28 05:16:00,0.07512279972434044
2026-08-28 05:17:00,0.07512279972434044
2026-08-28 05:18:00,0.07512279972434044
2026-08-28 05:19:00,0.07512279972434044
2026-08-28 05:20:00,0.07143064588308334
2026-08-28 05:21:00,0.07143064588308334
2026-08-28 05:22:00,0.07143064588308334
2026-08-28 05:23:00,0.07143064588308334
2026-08-28 05:24:00,0.07143064588308334
2026-08-28 05:25:00,0.06721839495003223
2026-08-28 05:26:00,0.06721839495003223
2026-08-28 05:27:00,0.06721839495003223
2026-08-28 05:28:00,0.06721839495003223
2026-08-28 05:29:00,0.06721839495003223
2026-08-28 05:30:00,0.06575118936598301
2026-08-28 05:31:00,0.06575118936598301
2026-08-28 05:32:00,0.06575118936598301
2026-08-28 05:33:00,0.06575118936598301
2026-08-28 05:34:00,0.06575118936598301
2026-08-28 05:35:00,0.06547609902918339
2026-08-28 05:36:00,0.06547609902918339
2026-08-28 05:37:00,0.06547609902918339
2026-08-28 05:38:00,0.06547609902918339
2026-08-28 05:39:00,0.06547609902918339
2026-08-28 05:40:00,0.06674694269895554
2026-08-28 05:41:00,0.06674694269895554
2026-08-28 05:42:00,0.06674694269895554
2026-08-28 05:43:00,0.06674694269895554
2026-08-28 05:44:00,0.06674694269895554
2026-08-28 05:45:00,0.06563667580485344
2026-08-28 05:46:00,0.06563667580485344
2026-08-28 05:47:00,0.06563667580485344
2026-08-28 05:48:00,0.06563667580485344
2026-08-28 05:49:00,0.06563667580485344
2026-08-28 05:50:00,0.06618709117174149
2026-08-28 05:51:00,0.06618709117174149
2026-08-28 05:52:00,0.06618709117174149
2026-08-28 05:53:00,0.06618709117174149
2026-08-28 05:54:00,0.06618709117174149
2026-08-28 05:55:00,0.07062521576881409
2026-08-28 05:56:00,0.07062521576881409
2026-08-28 05:57:00,0.07062521576881409
2026-08-28 05:58:00,0.07062521576881409
2026-08-28 05:59:00,0.07062521576881409
2026-08-28 06:00:00,0.07015753164887428
2026-08-28 06:01:00,0.07015753164887428
2026-08-28 06:02:00,0.07015753164887428
2026-08-28 06:03:00,0.07015753164887428
2026-08-28 06:04:00,0.07015753164887428
2026-08-28 06:05:00,0.07263435423374176
2026-08-28 06:06:00,0.07263435423374176
2026-08-28 06:07:00,0.07263435423374176
2026-08-28 06:08:00,0.07263435423374176
2026-08-28 06:09:00,0.07263435423374176
2026-08-28 06:10:00,0.07452939078211784
2026-08-28 06:11:00,0.07452939078211784
2026-08-28 06:12:00,0.07452939078211784
2026-08-28 06:13:00,0.07452939078211784
2026-08-28 06:14:00,0.07452939078211784
2026-08-28 06:15:00,0.07206487655639648
2026-08-28 06:16:00,0.07206487655639648
2026-08-28 06:17:00,0.07206487655639648
2026-08-28 06:18:00,0.07206487655639648
2026-08-28 06:19:00,0.07206487655639648
2026-08-28 06:20:00,0.07132918015122414
2026-08-28 06:21:00,0.07132918015122414
2026-08-28 06:22:00,0.07132918015122414
2026-08-28 06:23:00,0.07132918015122414
2026-08-28 06:24:00,0.07132918015122414
2026-08-28 06:25:00,0.06675649713724852
2026-08-28 06:26:00,0.06675649713724852
2026-08-28 06:27:00,0.06675649713724852
2026-08-28 06:28:00,0.06675649713724852
2026-08-28 06:29:00,0.06675649713724852
2026-08-28 06:30:00,0.059682211838662624
2026-08-28 06:31:00,0.059682211838662624
2026-08-28 06:32:00,0.059682211838662624
2026-08-28 06:33:00,0.059682211838662624
2026-08-28 06:34:00,0.059682211838662624
2026-08-28 06:35:00,0.05620868410915136
2026-08-28 06:36:00,0.05620868410915136
2026-08-28 06:37:00,0.05620868410915136
2026-08-28 06:38:00,0.05620868410915136
2026-08-28 06:39:00,0.05620868410915136
2026-08-28 06:40:00,0.05664769280701876
2026-08-28 06:41:00,0.05664769280701876
2026-08-28 06:42:00,0.05664769280701876
2026-08-28 06:43:00,0.05664769280701876
2026-08-28 06:44:00,0.05664769280701876
2026-08-28 06:45:00,0.061595456674695015
2026-08-28 06:46:00,0.061595456674695015
2026-08-28 06:47:00,0.061595456674695015
2026-08-28 06:48:00,0.061595456674695015
2026-08-28 06:49:00,0.061595456674695015
2026-08-28 06:50:00,0.06743048690259457
2026-08-28 06:51:00,0.06743048690259457
2026-08-28 06:52:00,0.06743048690259457
2026-08-28 06:53:00,0.06743048690259457
2026-08-28 06:54:00,0.06743048690259457
2026-08-28 06:55:00,0.0708053968846798
2026-08-28 06:56:00,0.0708053968846798
2026-08-28 06:57:00,0.0708053968846798
2026-08-28 06:58:00,0.0708053968846798
2026-08-28 06:59:00,0.0708053968846798
2026-08-28 07:00:00,0.07117332145571709
2026-08-28 07:01:00,0.07117332145571709
2026-08-28 07:02:00,0.07117332145571709
2026-08-28 07:03:00,0.07117332145571709
2026-08-28 07:04:00,0.07117332145571709
2026-08-28 07:05:00,0.06757473573088646
2026-08-28 07:06:00,0.06757473573088646
2026-08-28 07:07:00,0.06757473573088646
2026-08-28 07:08:00,0.06757473573088646
2026-08-28 07:09:00,0.06757473573088646
2026-08-28 07:10:00,0.06417753081768751
2026-08-28 07:11:00,0.06417753081768751
2026-08-28 07:12:00,0.06417753081768751
2026-08-28 07:13:00,0.06417753081768751
2026-08-28 07:14:00,0.06417753081768751
2026-08-28 07:15:00,0.06026114150881767
2026-08-28 07:16:00,0.06026114150881767
2026-08-28 07:17:00,0.06026114150881767
2026-08-28 07:18:00,0.06026114150881767
2026-08-28 07:19:00,0.06026114150881767
2026-08-28 07:20:00,0.05708073265850544
2026-08-28 07:21:00,0.05708073265850544
2026-08-28 07:22:00,0.05708073265850544
2026-08-28 07:23:00,0.05708073265850544
2026-08-28 07:24:00,0.05708073265850544
2026-08-28 07:25:00,0.05653150659054518
2026-08-28 07:26:00,0.05653150659054518
2026-08-28 07:27:00,0.05653150659054518
2026-08-28 07:28:00,0.05653150659054518
2026-08-28 07:29:00,0.05653150659054518
2026-08-28 07:30:00,0.059318892657756805
2026-08-28 07:31:00,0.059318892657756805
2026-08-28 07:32:00,0.059318892657756805
2026-08-28 07:33:00,0.059318892657756805
2026-08-28 07:34:00,0.059318892657756805
2026-08-28 07:35:00,0.06538867298513651
2026-08-28 07:36:00,0.06538867298513651
2026-08-28 07:37:00,0.06538867298513651
2026-08-28 07:38:00,0.06538867298513651
2026-08-28 07:39:00,0.06538867298513651
2026-08-28 07:40:00,0.09118386264890432
2026-08-28 07:41:00,0.09118386264890432
2026-08-28 07:42:00,0.09118386264890432
2026-08-28 07:43:00,0.09118386264890432
2026-08-28 07:44:00,0.09118386264890432
2026-08-28 07:45:00,0.11457085236907005
2026-08-28 07:46:00,0.11457085236907005
2026-08-28 07:47:00,0.11457085236907005
2026-08-28 07:48:00,0.11457085236907005
2026-08-28 07:49:00,0.11457085236907005
2026-08-28 07:50:00,0.1325647346675396
2026-08-28 07:51:00,0.1325647346675396
2026-08-28 07:52:00,0.1325647346675396
2026-08-28 07:53:00,0.1325647346675396
2026-08-28 07:54:00,0.1325647346675396
2026-08-28 07:55:00,0.1473378725349903
2026-08-28 07:56:00,0.1473378725349903
2026-08-28 07:57:00,0.1473378725349903
2026-08-28 07:58:00,0.1473378725349903
2026-08-28 07:59:00,0.1473378725349903
2026-08-28 08:00:00,0.12831240706145763
2026-08-28 08:01:00,0.12831240706145763
2026-08-28 08:02:00,0.12831240706145763
2026-08-28 08:03:00,0.12831240706145763
2026-08-28 08:04:00,0.12831240706145763
2026-08-28 08:05:00,0.1345770414918661
2026-08-28 08:06:00,0.1345770414918661
2026-08-28 08:07:00,0.1345770414918661
2026-08-28 08:08:00,0.1345770414918661
2026-08-28 08:09:00,0.1345770414918661
2026-08-28 08:10:00,0.13770473562180996
2026-08-28 08:11:00,0.13770473562180996
2026-08-28 08:12:00,0.13770473562180996
2026-08-28 08:13:00,0.13770473562180996
2026-08-28 08:14:00,0.13770473562180996
2026-08-28 08:15:00,0.1429885607212782
2026-08-28 08:16:00,0.1429885607212782
2026-08-28 08:17:00,0.1429885607212782
2026-08-28 08:18:00,0.1429885607212782
2026-08-28 08:19:00,0.1429885607212782
2026-08-28 08:20:00,0.16169363632798195
2026-08-28 08:21:00,0.16169363632798195
2026-08-28 08:22:00,0.16169363632798195
2026-08-28 08:23:00,0.16169363632798195
2026-08-28 08:24:00,0.16169363632798195
2026-08-28 08:25:00,0.13165488839149475
2026-08-28 08:26:00,0.13165488839149475
2026-08-28 08:27:00,0.13165488839149475
2026-08-28 08:28:00,0.13165488839149475
2026-08-28 08:29:00,0.13165488839149475
2026-08-28 08:30:00,0.10909202136099339
2026-08-28 08:31:00,0.10909202136099339
2026-08-28 08:32:00,0.10909202136099339
2026-08-28 08:33:00,0.10909202136099339
2026-08-28 08:34:00,0.10909202136099339
2026-08-28 08:35:00,0.08405769616365433
2026-08-28 08:36:00,0.08405769616365433
2026-08-28 08:37:00,0.08405769616365433
2026-08-28 08:38:00,0.08405769616365433
2026-08-28 08:39:00,0.08405769616365433
2026-08-28 08:40:00,0.059052592143416405
2026-08-28 08:41:00,0.059052592143416405
2026-08-28 08:42:00,0.059052592143416405
2026-08-28 08:43:00,0.059052592143416405
2026-08-28 08:44:00,0.059052592143416405
2026-08-28 08:45:00,0.06048172526061535
2026-08-28 08:46:00,0.06048172526061535
2026-08-28 08:47:00,0.06048172526061535
2026-08-28 08:48:00,0.06048172526061535
2026-08-28 08:49:00,0.06048172526061535
2026-08-28 08:50:00,0.07261956296861172
2026-08-28 08:51:00,0.07261956296861172
2026-08-28 08:52:00,0.07261956296861172
2026-08-28 08:53:00,0.07261956296861172
2026-08-28 08:54:00,0.07261956296861172
2026-08-28 08:55:00,0.09813292324542999
2026-08-28 08:56:00,0.09813292324542999
2026-08-28 08:57:00,0.09813292324542999
2026-08-28 08:58:00,0.09813292324542999
2026-08-28 08:59:00,0.09813292324542999
2026-08-28 09:00:00,0.12132561020553112
2026-08-28 09:01:00,0.12132561020553112
2026-08-28 09:02:00,0.12132561020553112
2026-08-28 09:03:00,0.12132561020553112
2026-08-28 09:04:00,0.12132561020553112
2026-08-28 09:05:00,0.14238008670508862
2026-08-28 09:06:00,0.14238008670508862
2026-08-28 09:07:00,0.14238008670508862
2026-08-28 09:08:00,0.14238008670508862
2026-08-28 09:09:00,0.14238008670508862
2026-08-28 09:10:00,0.1354096196591854
2026-08-28 09:11:00,0.1354096196591854
2026-08-28 09:12:00,0.1354096196591854
2026-08-28 09:13:00,0.1354096196591854
2026-08-28 09:14:00,0.1354096196591854
2026-08-28 09:15:00,0.11198813654482365
2026-08-28 09:16:00,0.11198813654482365
2026-08-28 09:17:00,0.11198813654482365
2026-08-28 09:18:00,0.11198813654482365
2026-08-28 09:19:00,0.11198813654482365
2026-08-28 09:20:00,0.09259354881942272
2026-08-28 09:21:00,0.09259354881942272
2026-08-28 09:22:00,0.09259354881942272
2026-08-28 09:23:00,0.09259354881942272
2026-08-28 09:24:00,0.09259354881942272
2026-08-28 09:25:00,0.09060454927384853
2026-08-28 09:26:00,0.09060454927384853
2026-08-28 09:27:00,0.09060454927384853
2026-08-28 09:28:00,0.09060454927384853
2026-08-28 09:29:00,0.09060454927384853
2026-08-28 09:30:00,0.10120596550405025
2026-08-28 09:31:00,0.10120596550405025
2026-08-28 09:32:00,0.10120596550405025
2026-08-28 09:33:00,0.10120596550405025
2026-08-28 09:34:00,0.10120596550405025
2026-08-28 09:35:00,0.11386907286942005
2026-08-28 09:36:00,0.11386907286942005
2026-08-28 09:37:00,0.11386907286942005
2026-08-28 09:38:00,0.11386907286942005
2026-08-28 09:39:00,0.11386907286942005
2026-08-28 09:40:00,0.1249222680926323
2026-08-28 09:41:00,0.1249222680926323
2026-08-28 09:42:00,0.1249222680926323
2026-08-28 09:43:00,0.1249222680926323
2026-08-28 09:44:00,0.1249222680926323
2026-08-28 09:45:00,0.1055914219468832
2026-08-28 09:46:00,0.1055914219468832
2026-08-28 09:47:00,0.1055914219468832
2026-08-28 09:48:00,0.1055914219468832
2026-08-28 09:49:00,0.1055914219468832
2026-08-28 09:50:00,0.09048137255012989
2026-08-28 09:51:00,0.09048137255012989
2026-08-28 09:52:00,0.09048137255012989
2026-08-28 09:53:00,0.09048137255012989
2026-08-28 09:54:00,0.09048137255012989
2026-08-28 09:55:00,0.07839901186525822
2026-08-28 09:56:00,0.07839901186525822
2026-08-28 09:57:00,0.07839901186525822
2026-08-28 09:58:00,0.07839901186525822
2026-08-28 09:59:00,0.07839901186525822
2026-08-28 10:00:00,0.0653877891600132
2026-08-28 10:01:00,0.0653877891600132
2026-08-28 10:02:00,0.0653877891600132
2026-08-28 10:03:00,0.0653877891600132
2026-08-28 10:04:00,0.0653877891600132
2026-08-28 10:05:00,0.06546193268150091
2026-08-28 10:06:00,0.06546193268150091
2026-08-28 10:07:00,0.06546193268150091
2026-08-28 10:08:00,0.06546193268150091
2026-08-28 10:09:00,0.06546193268150091
2026-08-28 10:10:00,0.06684619653970003
2026-08-28 10:11:00,0.06684619653970003
2026-08-28 10:12:00,0.06684619653970003
2026-08-28 10:13:00,0.06684619653970003
2026-08-28 10:14:00,0.06684619653970003
2026-08-28 10:15:00,0.06744130980223417
2026-08-28 10:16:00,0.06744130980223417
2026-08-28 10:17:00,0.06744130980223417
2026-08-28 10:18:00,0.06744130980223417
2026-08-28 10:19:00,0.06744130980223417
2026-08-28 10:20:00,0.06765712890774012
2026-08-28 10:21:00,0.06765712890774012
2026-08-28 10:22:00,0.06765712890774012
2026-08-28 10:23:00,0.06765712890774012
2026-08-28 10:24:00,0.06765712890774012
2026-08-28 10:25:00,0.07054134830832481
2026-08-28 10:26:00,0.07054134830832481
2026-08-28 10:27:00,0.07054134830832481
2026-08-28 10:28:00,0.07054134830832481
2026-08-28 10:29:00,0.07054134830832481
2026-08-28 10:30:00,0.06897413358092308
2026-08-28 10:31:00,0.06897413358092308
2026-08-28 10:32:00,0.06897413358092308
2026-08-28 10:33:00,0.06897413358092308
2026-08-28 10:34:00,0.06897413358092308
2026-08-28 10:35:00,0.06726893596351147
2026-08-28 10:36:00,0.06726893596351147
2026-08-28 10:37:00,0.06726893596351147
2026-08-28 10:38:00,0.06726893596351147
2026-08-28 10:39:00,0.06726893596351147
2026-08-28 10:40:00,0.0657115401700139
2026-08-28 10:41:00,0.0657115401700139
2026-08-28 10:42:00,0.0657115401700139
2026-08-28 10:43:00,0.0657115401700139
2026-08-28 10:44:00,0.0657115401700139
2026-08-28 10:45:00,0.061272612772881985
2026-08-28 10:46:00,0.061272612772881985
2026-08-28 10:47:00,0.061272612772881985
2026-08-28 10:48:00,0.061272612772881985
2026-08-28 10:49:00,0.061272612772881985
2026-08-28 10:50:00,0.057571050710976124
2026-08-28 10:51:00,0.057571050710976124
2026-08-28 10:52:00,0.057571050710976124
2026-08-28 10:53:00,0.057571050710976124
2026-08-28 10:54:00,0.057571050710976124
2026-08-28 10:55:00,0.05457909591495991
2026-08-28 10:56:00,0.05457909591495991
2026-08-28 10:57:00,0.05457909591495991
2026-08-28 10:58:00,0.05457909591495991
2026-08-28 10:59:00,0.05457909591495991
2026-08-28 11:00:00,0.05209400970488787
2026-08-28 11:01:00,0.05209400970488787
2026-08-28 11:02:00,0.05209400970488787
2026-08-28 11:03:00,0.05209400970488787
2026-08-28 11:04:00,0.05209400970488787
2026-08-28 11:05:00,0.0516083762049675
2026-08-28 11:06:00,0.0516083762049675
2026-08-28 11:07:00,0.0516083762049675
2026-08-28 11:08:00,0.0516083762049675
2026-08-28 11:09:00,0.0516083762049675
2026-08-28 11:10:00,0.05406238231807947
2026-08-28 11:11:00,0.05406238231807947
2026-08-28 11:12:00,0.05406238231807947
2026-08-28 11:13:00,0.05406238231807947
2026-08-28 11:14:00,0.05406238231807947
2026-08-28 11:15:00,0.05424342304468155
2026-08-28 11:16:00,0.05424342304468155
2026-08-28 11:17:00,0.05424342304468155
2026-08-28 11:18:00,0.05424342304468155
2026-08-28 11:19:00,0.05424342304468155
2026-08-28 11:20:00,0.055665272288024426
2026-08-28 11:21:00,0.055665272288024426
2026-08-28 11:22:00,0.055665272288024426
2026-08-28 11:23:00,0.055665272288024426
2026-08-28 11:24:00,0.055665272288024426
2026-08-28 11:25:00,0.05507079977542162
2026-08-28 11:26:00,0.05507079977542162
2026-08-28 11:27:00,0.05507079977542162
2026-08-28 11:28:00,0.05507079977542162
2026-08-28 11:29:00,0.05507079977542162
2026-08-28 11:30:00,0.055843889713287354
2026-08-28 11:31:00,0.055843889713287354
2026-08-28 11:32:00,0.055843889713287354
2026-08-28 11:33:00,0.055843889713287354
2026-08-28 11:34:00,0.055843889713287354
2026-08-28 11:35:00,0.059829339385032654
2026-08-28 11:36:00,0.059829339385032654
2026-08-28 11:37:00,0.059829339385032654
2026-08-28 11:38:00,0.059829339385032654
2026-08-28 11:39:00,0.059829339385032654
2026-08-28 11:40:00,0.06402701791375875
2026-08-28 11:41:00,0.06402701791375875
2026-08-28 11:42:00,0.06402701791375875
2026-08-28 11:43:00,0.06402701791375875
2026-08-28 11:44:00,0.06402701791375875
2026-08-28 11:45:00,0.06763951294124126
2026-08-28 11:46:00,0.06763951294124126
2026-08-28 11:47:00,0.06763951294124126
2026-08-28 11:48:00,0.06763951294124126
2026-08-28 11:49:00,0.06763951294124126
2026-08-28 11:50:00,0.07001893408596516
2026-08-28 11:51:00,0.07001893408596516
2026-08-28 11:52:00,0.07001893408596516
2026-08-28 11:53:00,0.07001893408596516
2026-08-28 11:54:00,0.07001893408596516
2026-08-28 11:55:00,0.07118950225412846
2026-08-28 11:56:00,0.07118950225412846
2026-08-28 11:57:00,0.07118950225412846
2026-08-28 11:58:00,0.07118950225412846
2026-08-28 11:59:00,0.07118950225412846
2026-08-28 12:00:00,0.0676114959642291
2026-08-28 12:01:00,0.0676114959642291
2026-08-28 12:02:00,0.0676114959642291
2026-08-28 12:03:00,0.0676114959642291
2026-08-28 12:04:00,0.0676114959642291
2026-08-28 12:05:00,0.06366223096847534
2026-08-28 12:06:00,0.06366223096847534
2026-08-28 12:07:00,0.06366223096847534
2026-08-28 12:08:00,0.06366223096847534
2026-08-28 12:09:00,0.06366223096847534
2026-08-28 12:10:00,0.05912755895406008
2026-08-28 12:11:00,0.05912755895406008
2026-08-28 12:12:00,0.05912755895406008
2026-08-28 12:13:00,0.05912755895406008
2026-08-28 12:14:00,0.05912755895406008
2026-08-28 12:15:00,0.05746439937502146
2026-08-28 12:16:00,0.05746439937502146
2026-08-28 12:17:00,0.05746439937502146
2026-08-28 12:18:00,0.05746439937502146
2026-08-28 12:19:00,0.05746439937502146
2026-08-28 12:20:00,0.05870901234447956
2026-08-28 12:21:00,0.05870901234447956
2026-08-28 12:22:00,0.05870901234447956
2026-08-28 12:23:00,0.05870901234447956
2026-08-28 12:24:00,0.05870901234447956
2026-08-28 12:25:00,0.06462917570024729
2026-08-28 12:26:00,0.06462917570024729
2026-08-28 12:27:00,0.06462917570024729
2026-08-28 12:28:00,0.06462917570024729
2026-08-28 12:29:00,0.06462917570024729
2026-08-28 12:30:00,0.0744927953928709
2026-08-28 12:31:00,0.0744927953928709
2026-08-28 12:32:00,0.0744927953928709
2026-08-28 12:33:00,0.0744927953928709
2026-08-28 12:34:00,0.0744927953928709
2026-08-28 12:35:00,0.07977273501455784
2026-08-28 12:36:00,0.07977273501455784
2026-08-28 12:37:00,0.07977273501455784
2026-08-28 12:38:00,0.07977273501455784
2026-08-28 12:39:00,0.07977273501455784
2026-08-28 12:40:00,0.08875349722802639
2026-08-28 12:41:00,0.08875349722802639
2026-08-28 12:42:00,0.08875349722802639
2026-08-28 12:43:00,0.08875349722802639
2026-08-28 12:44:00,0.08875349722802639
2026-08-28 12:45:00,0.09576941281557083
2026-08-28 12:46:00,0.09576941281557083
2026-08-28 12:47:00,0.09576941281557083
2026-08-28 12:48:00,0.09576941281557083
2026-08-28 12:49:00,0.09576941281557083
2026-08-28 12:50:00,0.09648172184824944
2026-08-28 12:51:00,0.09648172184824944
2026-08-28 12:52:00,0.09648172184824944
2026-08-28 12:53:00,0.09648172184824944
2026-08-28 12:54:00,0.09648172184824944
2026-08-28 12:55:00,0.09690177999436855
2026-08-28 12:56:00,0.09690177999436855
2026-08-28 12:57:00,0.09690177999436855
2026-08-28 12:58:00,0.09690177999436855
2026-08-28 12:59:00,0.09690177999436855
2026-08-28 13:00:00,0.09425917640328407
2026-08-28 13:01:00,0.09425917640328407
2026-08-28 13:02:00,0.09425917640328407
2026-08-28 13:03:00,0.09425917640328407
2026-08-28 13:04:00,0.09425917640328407
2026-08-28 13:05:00,0.08740773051977158
2026-08-28 13:06:00,0.08740773051977158
2026-08-28 13:07:00,0.08740773051977158
2026-08-28 13:08:00,0.08740773051977158
2026-08-28 13:09:00,0.08740773051977158
2026-08-28 13:10:00,0.08093495480716228
2026-08-28 13:11:00,0.08093495480716228
2026-08-28 13:12:00,0.08093495480716228
2026-08-28 13:13:00,0.08093495480716228
2026-08-28 13:14:00,0.08093495480716228
2026-08-28 13:15:00,0.07406955026090145
2026-08-28 13:16:00,0.07406955026090145
2026-08-28 13:17:00,0.07406955026090145
2026-08-28 13:18:00,0.07406955026090145
2026-08-28 13:19:00,0.07406955026090145
2026-08-28 13:20:00,0.0682651475071907
2026-08-28 13:21:00,0.0682651475071907
2026-08-28 13:22:00,0.0682651475071907
2026-08-28 13:23:00,0.0682651475071907
2026-08-28 13:24:00,0.0682651475071907
2026-08-28 13:25:00,0.06782305799424648
2026-08-28 13:26:00,0.06782305799424648
2026-08-28 13:27:00,0.06782305799424648
2026-08-28 13:28:00,0.06782305799424648
2026-08-28 13:29:00,0.06782305799424648
2026-08-28 13:30:00,0.06896358355879784
2026-08-28 13:31:00,0.06896358355879784
2026-08-28 13:32:00,0.06896358355879784
2026-08-28 13:33:00,0.06896358355879784
2026-08-28 13:34:00,0.06896358355879784
2026-08-28 13:35:00,0.07136530987918377
2026-08-28 13:36:00,0.07136530987918377
2026-08-28 13:37:00,0.07136530987918377
2026-08-28 13:38:00,0.07136530987918377
2026-08-28 13:39:00,0.07136530987918377
2026-08-28 13:40:00,0.07064891792833805
2026-08-28 13:41:00,0.07064891792833805
2026-08-28 13:42:00,0.07064891792833805
2026-08-28 13:43:00,0.07064891792833805
2026-08-28 13:44:00,0.07064891792833805
2026-08-28 13:45:00,0.06829024758189917
2026-08-28 13:46:00,0.06829024758189917
2026-08-28 13:47:00,0.06829024758189917
2026-08-28 13:48:00,0.06829024758189917
2026-08-28 13:49:00,0.06829024758189917
2026-08-28 13:50:00,0.06544128712266684
2026-08-28 13:51:00,0.06544128712266684
2026-08-28 13:52:00,0.06544128712266684
2026-08-28 13:53:00,0.06544128712266684
2026-08-28 13:54:00,0.06544128712266684
2026-08-28 13:55:00,0.064102235250175
2026-08-28 13:56:00,0.064102235250175
2026-08-28 13:57:00,0.064102235250175
2026-08-28 13:58:00,0.064102235250175
2026-08-28 13:59:00,0.064102235250175
2026-08-28 14:00:00,0.06507996004074812
2026-08-28 14:01:00,0.06507996004074812
2026-08-28 14:02:00,0.06507996004074812
2026-08-28 14:03:00,0.06507996004074812
2026-08-28 14:04:00,0.06507996004074812
2026-08-28 14:05:00,0.06571907550096512
2026-08-28 14:06:00,0.06571907550096512
2026-08-28 14:07:00,0.06571907550096512
2026-08-28 14:08:00,0.06571907550096512
2026-08-28 14:09:00,0.06571907550096512
2026-08-28 14:10:00,0.06339230667799711
2026-08-28 14:11:00,0.06339230667799711
2026-08-28 14:12:00,0.06339230667799711
2026-08-28 14:13:00,0.06339230667799711
2026-08-28 14:14:00,0.06339230667799711
2026-08-28 14:15:00,0.061725093983113766
2026-08-28 14:16:00,0.061725093983113766
2026-08-28 14:17:00,0.061725093983113766
2026-08-28 14:18:00,0.061725093983113766
2026-08-28 14:19:00,0.061725093983113766
2026-08-28 14:20:00,0.058738257735967636
2026-08-28 14:21:00,0.058738257735967636
2026-08-28 14:22:00,0.058738257735967636
2026-08-28 14:23:00,0.058738257735967636
2026-08-28 14:24:00,0.058738257735967636
2026-08-28 14:25:00,0.057362630032002926
2026-08-28 14:26:00,0.057362630032002926
2026-08-28 14:27:00,0.057362630032002926
2026-08-28 14:28:00,0.057362630032002926
2026-08-28 14:29:00,0.057362630032002926
2026-08-28 14:30:00,0.059294937178492546
2026-08-28 14:31:00,0.059294937178492546
2026-08-28 14:32:00,0.059294937178492546
2026-08-28 14:33:00,0.059294937178492546
2026-08-28 14:34:00,0.059294937178492546
2026-08-28 14:35:00,0.05630125757306814
2026-08-28 14:36:00,0.05630125757306814
2026-08-28 14:37:00,0.05630125757306814
2026-08-28 14:38:00,0.05630125757306814
2026-08-28 14:39:00,0.05630125757306814
2026-08-28 14:40:00,0.05556671228259802
2026-08-28 14:41:00,0.05556671228259802
2026-08-28 14:42:00,0.05556671228259802
2026-08-28 14:43:00,0.05556671228259802
2026-08-28 14:44:00,0.05556671228259802
2026-08-28 14:45:00,0.05461063887923956
2026-08-28 14:46:00,0.05461063887923956
2026-08-28 14:47:00,0.05461063887923956
2026-08-28 14:48:00,0.05461063887923956
2026-08-28 14:49:00,0.05461063887923956
2026-08-28 14:50:00,0.05170347448438406
2026-08-28 14:51:00,0.05170347448438406
2026-08-28 14:52:00,0.05170347448438406
2026-08-28 14:53:00,0.05170347448438406
2026-08-28 14:54:00,0.05170347448438406
2026-08-28 14:55:00,0.05399109236896038
2026-08-28 14:56:00,0.05399109236896038
2026-08-28 14:57:00,0.05399109236896038
2026-08-28 14:58:00,0.05399109236896038
2026-08-28 14:59:00,0.05399109236896038
2026-08-28 15:00:00,0.05604611802846193
2026-08-28 15:01:00,0.05604611802846193
2026-08-28 15:02:00,0.05604611802846193
2026-08-28 15:03:00,0.05604611802846193
2026-08-28 15:04:00,0.05604611802846193
2026-08-28 15:05:00,0.058047469705343246
2026-08-28 15:06:00,0.058047469705343246
2026-08-28 15:07:00,0.058047469705343246
2026-08-28 15:08:00,0.058047469705343246
2026-08-28 15:09:00,0.058047469705343246
2026-08-28 15:10:00,0.06395840831100941
2026-08-28 15:11:00,0.06395840831100941
2026-08-28 15:12:00,0.06395840831100941
2026-08-28 15:13:00,0.06395840831100941
2026-08-28 15:14:00,0.06395840831100941
2026-08-28 15:15:00,0.06942114979028702
2026-08-28 15:16:00,0.06942114979028702
2026-08-28 15:17:00,0.06942114979028702
2026-08-28 15:18:00,0.06942114979028702
2026-08-28 15:19:00,0.06942114979028702
2026-08-28 15:20:00,0.07226930558681488
2026-08-28 15:21:00,0.07226930558681488
2026-08-28 15:22:00,0.07226930558681488
2026-08-28 15:23:00,0.07226930558681488
2026-08-28 15:24:00,0.07226930558681488
2026-08-28 15:25:00,0.0732074473053217
2026-08-28 15:26:00,0.0732074473053217
2026-08-28 15:27:00,0.0732074473053217
2026-08-28 15:28:00,0.0732074473053217
2026-08-28 15:29:00,0.0732074473053217
2026-08-28 15:30:00,0.06948161125183105
2026-08-28 15:31:00,0.06948161125183105
2026-08-28 15:32:00,0.06948161125183105
2026-08-28 15:33:00,0.06948161125183105
2026-08-28 15:34:00,0.06948161125183105
2026-08-28 15:35:00,0.06455702241510153
2026-08-28 15:36:00,0.06455702241510153
2026-08-28 15:37:00,0.06455702241510153
2026-08-28 15:38:00,0.06455702241510153
2026-08-28 15:39:00,0.06455702241510153
2026-08-28 15:40:00,0.06429884489625692
2026-08-28 15:41:00,0.06429884489625692
2026-08-28 15:42:00,0.06429884489625692
2026-08-28 15:43:00,0.06429884489625692
2026-08-28 15:44:00,0.06429884489625692
2026-08-28 15:45:00,0.06633423920720816
2026-08-28 15:46:00,0.06633423920720816
2026-08-28 15:47:00,0.06633423920720816
2026-08-28 15:48:00,0.06633423920720816
2026-08-28 15:49:00,0.06633423920720816
2026-08-28 15:50:00,0.06844207737594843
2026-08-28 15:51:00,0.06844207737594843
2026-08-28 15:52:00,0.06844207737594843
2026-08-28 15:53:00,0.06844207737594843
2026-08-28 15:54:00,0.06844207737594843
2026-08-28 15:55:00,0.0691783744841814
2026-08-28 15:56:00,0.0691783744841814
2026-08-28 15:57:00,0.0691783744841814
2026-08-28 15:58:00,0.0691783744841814
2026-08-28 15:59:00,0.0691783744841814
2026-08-28 16:00:00,0.06468216422945261
2026-08-28 16:01:00,0.06468216422945261
2026-08-28 16:02:00,0.06468216422945261
2026-08-28 16:03:00,0.06468216422945261
2026-08-28 16:04:00,0.06468216422945261
2026-08-28 16:05:00,0.05920441821217537
2026-08-28 16:06:00,0.05920441821217537
2026-08-28 16:07:00,0.05920441821217537
2026-08-28 16:08:00,0.05920441821217537
2026-08-28 16:09:00,0.05920441821217537
2026-08-28 16:10:00,0.05564607586711645
2026-08-28 16:11:00,0.05564607586711645
2026-08-28 16:12:00,0.05564607586711645
2026-08-28 16:13:00,0.05564607586711645
2026-08-28 16:14:00,0.05564607586711645
2026-08-28 16:15:00,0.05678404774516821
2026-08-28 16:16:00,0.05678404774516821
2026-08-28 16:17:00,0.05678404774516821
2026-08-28 16:18:00,0.05678404774516821
2026-08-28 16:19:00,0.05678404774516821
2026-08-28 16:20:00,0.061168890446424484
2026-08-28 16:21:00,0.061168890446424484
2026-08-28 16:22:00,0.061168890446424484
2026-08-28 16:23:00,0.061168890446424484
2026-08-28 16:24:00,0.061168890446424484
2026-08-28 16:25:00,0.06772583816200495
2026-08-28 16:26:00,0.06772583816200495
2026-08-28 16:27:00,0.06772583816200495
2026-08-28 16:28:00,0.06772583816200495
2026-08-28 16:29:00,0.06772583816200495
2026-08-28 16:30:00,0.07712995447218418
2026-08-28 16:31:00,0.07712995447218418
2026-08-28 16:32:00,0.07712995447218418
2026-08-28 16:33:00,0.07712995447218418
2026-08-28 16:34:00,0.07712995447218418
2026-08-28 16:35:00,0.07776635326445103
2026-08-28 16:36:00,0.07776635326445103
2026-08-28 16:37:00,0.07776635326445103
2026-08-28 16:38:00,0.07776635326445103
2026-08-28 16:39:00,0.07776635326445103
2026-08-28 16:40:00,0.07707607373595238
2026-08-28 16:41:00,0.07707607373595238
2026-08-28 16:42:00,0.07707607373595238
2026-08-28 16:43:00,0.07707607373595238
2026-08-28 16:44:00,0.07707607373595238
2026-08-28 16:45:00,0.072189268656075
2026-08-28 16:46:00,0.072189268656075
2026-08-28 16:47:00,0.072189268656075
2026-08-28 16:48:00,0.072189268656075
2026-08-28 16:49:00,0.072189268656075
2026-08-28 16:50:00,0.0624343566596508
2026-08-28 16:51:00,0.0624343566596508
2026-08-28 16:52:00,0.0624343566596508
2026-08-28 16:53:00,0.0624343566596508
2026-08-28 16:54:00,0.0624343566596508
2026-08-28 16:55:00,0.05988394096493721
2026-08-28 16:56:00,0.05988394096493721
2026-08-28 16:57:00,0.05988394096493721
2026-08-28 16:58:00,0.05988394096493721
2026-08-28 16:59:00,0.05988394096493721
2026-08-28 17:00:00,0.05955752171576023
2026-08-28 17:01:00,0.05955752171576023
2026-08-28 17:02:00,0.05955752171576023
2026-08-28 17:03:00,0.05955752171576023
2026-08-28 17:04:00,0.05955752171576023
2026-08-28 17:05:00,0.06304854620248079
2026-08-28 17:06:00,0.06304854620248079
2026-08-28 17:07:00,0.06304854620248079
2026-08-28 17:08:00,0.06304854620248079
2026-08-28 17:09:00,0.06304854620248079
2026-08-28 17:10:00,0.0687060784548521
2026-08-28 17:11:00,0.0687060784548521
2026-08-28 17:12:00,0.0687060784548521
2026-08-28 17:13:00,0.0687060784548521
2026-08-28 17:14:00,0.0687060784548521
2026-08-28 17:15:00,0.07132724113762379
2026-08-28 17:16:00,0.07132724113762379
2026-08-28 17:17:00,0.07132724113762379
2026-08-28 17:18:00,0.07132724113762379
2026-08-28 17:19:00,0.07132724113762379
2026-08-28 17:20:00,0.070865822955966
2026-08-28 17:21:00,0.070865822955966
2026-08-28 17:22:00,0.070865822955966
2026-08-28 17:23:00,0.070865822955966
2026-08-28 17:24:00,0.070865822955966
2026-08-28 17:25:00,0.06715276092290878
2026-08-28 17:26:00,0.06715276092290878
2026-08-28 17:27:00,0.06715276092290878
2026-08-28 17:28:00,0.06715276092290878
2026-08-28 17:29:00,0.06715276092290878
2026-08-28 17:30:00,0.06268835160881281
2026-08-28 17:31:00,0.06268835160881281
2026-08-28 17:32:00,0.06268835160881281
2026-08-28 17:33:00,0.06268835160881281
2026-08-28 17:34:00,0.06268835160881281
2026-08-28 17:35:00,0.059344224631786346
2026-08-28 17:36:00,0.059344224631786346
2026-08-28 17:37:00,0.059344224631786346
2026-08-28 17:38:00,0.059344224631786346
2026-08-28 17:39:00,0.059344224631786346
2026-08-28 17:40:00,0.05854643136262894
2026-08-28 17:41:00,0.05854643136262894
2026-08-28 17:42:00,0.05854643136262894
2026-08-28 17:43:00,0.05854643136262894
2026-08-28 17:44:00,0.05854643136262894
2026-08-28 17:45:00,0.057452463544905186
2026-08-28 17:46:00,0.057452463544905186
2026-08-28 17:47:00,0.057452463544905186
2026-08-28 17:48:00,0.057452463544905186
2026-08-28 17:49:00,0.057452463544905186
2026-08-28 17:50:00,0.05829083174467087
2026-08-28 17:51:00,0.05829083174467087
2026-08-28 17:52:00,0.05829083174467087
2026-08-28 17:53:00,0.05829083174467087
2026-08-28 17:54:00,0.05829083174467087
2026-08-28 17:55:00,0.058929432183504105
2026-08-28 17:56:00,0.058929432183504105
2026-08-28 17:57:00,0.058929432183504105
2026-08-28 17:58:00,0.058929432183504105
2026-08-28 17:59:00,0.058929432183504105
2026-08-28 18:00:00,0.05998645909130573
2026-08-28 18:01:00,0.05998645909130573
2026-08-28 18:02:00,0.05998645909130573
2026-08-28 18:03:00,0.05998645909130573
2026-08-28 18:04:00,0.05998645909130573
2026-08-28 18:05:00,0.058810267597436905
2026-08-28 18:06:00,0.058810267597436905
2026-08-28 18:07:00,0.058810267597436905
2026-08-28 18:08:00,0.058810267597436905
2026-08-28 18:09:00,0.058810267597436905
2026-08-28 18:10:00,0.057052504271268845
2026-08-28 18:11:00,0.057052504271268845
2026-08-28 18:12:00,0.057052504271268845
2026-08-28 18:13:00,0.057052504271268845
2026-08-28 18:14:00,0.057052504271268845
2026-08-28 18:15:00,0.05606265366077423
2026-08-28 18:16:00,0.05606265366077423
2026-08-28 18:17:00,0.05606265366077423
2026-08-28 18:18:00,0.05606265366077423
2026-08-28 18:19:00,0.05606265366077423
2026-08-28 18:20:00,0.052726940251886845
2026-08-28 18:21:00,0.052726940251886845
2026-08-28 18:22:00,0.052726940251886845
2026-08-28 18:23:00,0.052726940251886845
2026-08-28 18:24:00,0.052726940251886845
2026-08-28 18:25:00,0.05435197055339813
2026-08-28 18:26:00,0.05435197055339813
2026-08-28 18:27:00,0.05435197055339813
2026-08-28 18:28:00,0.05435197055339813
2026-08-28 18:29:00,0.05435197055339813
2026-08-28 18:30:00,0.055638719350099564
2026-08-28 18:31:00,0.055638719350099564
2026-08-28 18:32:00,0.055638719350099564
2026-08-28 18:33:00,0.055638719350099564
2026-08-28 18:34:00,0.055638719350099564
2026-08-28 18:35:00,0.05473359115421772
2026-08-28 18:36:00,0.05473359115421772
2026-08-28 18:37:00,0.05473359115421772
2026-08-28 18:38:00,0.05473359115421772
2026-08-28 18:39:00,0.05473359115421772
2026-08-28 18:40:00,0.0546756237745285
2026-08-28 18:41:00,0.0546756237745285
2026-08-28 18:42:00,0.0546756237745285
2026-08-28 18:43:00,0.0546756237745285
2026-08-28 18:44:00,0.0546756237745285
2026-08-28 18:45:00,0.0542325796559453
2026-08-28 18:46:00,0.0542325796559453
2026-08-28 18:47:00,0.0542325796559453
2026-08-28 18:48:00,0.0542325796559453
2026-08-28 18:49:00,0.0542325796559453
2026-08-28 18:50:00,0.053331704810261726
2026-08-28 18:51:00,0.053331704810261726
2026-08-28 18:52:00,0.053331704810261726
2026-08-28 18:53:00,0.053331704810261726
2026-08-28 18:54:00,0.053331704810261726
2026-08-28 18:55:00,0.0545565290376544
2026-08-28 18:56:00,0.0545565290376544
2026-08-28 18:57:00,0.0545565290376544
2026-08-28 18:58:00,0.0545565290376544
2026-08-28 18:59:00,0.0545565290376544
2026-08-28 19:00:00,0.05428027082234621
2026-08-28 19:01:00,0.05428027082234621
2026-08-28 19:02:00,0.05428027082234621
2026-08-28 19:03:00,0.05428027082234621
2026-08-28 19:04:00,0.05428027082234621
2026-08-28 19:05:00,0.052070665173232555
2026-08-28 19:06:00,0.052070665173232555
2026-08-28 19:07:00,0.052070665173232555
2026-08-28 19:08:00,0.052070665173232555
2026-08-28 19:09:00,0.052070665173232555
2026-08-28 19:10:00,0.053054227493703365
2026-08-28 19:11:00,0.053054227493703365
2026-08-28 19:12:00,0.053054227493703365
2026-08-28 19:13:00,0.053054227493703365
2026-08-28 19:14:00,0.053054227493703365
2026-08-28 19:15:00,0.055974203161895275
2026-08-28 19:16:00,0.055974203161895275
2026-08-28 19:17:00,0.055974203161895275
2026-08-28 19:18:00,0.055974203161895275
2026-08-28 19:19:00,0.055974203161895275
2026-08-28 19:20:00,0.0607478953897953
2026-08-28 19:21:00,0.0607478953897953
2026-08-28 19:22:00,0.0607478953897953
2026-08-28 19:23:00,0.0607478953897953
2026-08-28 19:24:00,0.0607478953897953
2026-08-28 19:25:00,0.06308305263519287
2026-08-28 19:26:00,0.06308305263519287
2026-08-28 19:27:00,0.06308305263519287
2026-08-28 19:28:00,0.06308305263519287
2026-08-28 19:29:00,0.06308305263519287
2026-08-28 19:30:00,0.06555535737425089
2026-08-28 19:31:00,0.06555535737425089
2026-08-28 19:32:00,0.06555535737425089
2026-08-28 19:33:00,0.06555535737425089
2026-08-28 19:34:00,0.06555535737425089
2026-08-28 19:35:00,0.0671135326847434
2026-08-28 19:36:00,0.0671135326847434
2026-08-28 19:37:00,0.0671135326847434
2026-08-28 19:38:00,0.0671135326847434
2026-08-28 19:39:00,0.0671135326847434
2026-08-28 19:40:00,0.07118371594697237
2026-08-28 19:41:00,0.07118371594697237
2026-08-28 19:42:00,0.07118371594697237
2026-08-28 19:43:00,0.07118371594697237
2026-08-28 19:44:00,0.07118371594697237
2026-08-28 19:45:00,0.08020361885428429
2026-08-28 19:46:00,0.08020361885428429
2026-08-28 19:47:00,0.08020361885428429
2026-08-28 19:48:00,0.08020361885428429
2026-08-28 19:49:00,0.08020361885428429
2026-08-28 19:50:00,0.07935096696019173
2026-08-28 19:51:00,0.07935096696019173
2026-08-28 19:52:00,0.07935096696019173
2026-08-28 19:53:00,0.07935096696019173
2026-08-28 19:54:00,0.07935096696019173
2026-08-28 19:55:00,0.07319732662290335
2026-08-28 19:56:00,0.07319732662290335
2026-08-28 19:57:00,0.07319732662290335
2026-08-28 19:58:00,0.07319732662290335
2026-08-28 19:59:00,0.07319732662290335
2026-08-28 20:00:00,0.06525473576039076
2026-08-28 20:01:00,0.06525473576039076
2026-08-28 20:02:00,0.06525473576039076
2026-08-28 20:03:00,0.06525473576039076
2026-08-28 20:04:00,0.06525473576039076
2026-08-28 20:05:00,0.05486326664686203
2026-08-28 20:06:00,0.05486326664686203
2026-08-28 20:07:00,0.05486326664686203
2026-08-28 20:08:00,0.05486326664686203
2026-08-28 20:09:00,0.05486326664686203
2026-08-28 20:10:00,0.051068409346044064
2026-08-28 20:11:00,0.051068409346044064
2026-08-28 20:12:00,0.051068409346044064
2026-08-28 20:13:00,0.051068409346044064
2026-08-28 20:14:00,0.051068409346044064
2026-08-28 20:15:00,0.05149848572909832
2026-08-28 20:16:00,0.05149848572909832
2026-08-28 20:17:00,0.05149848572909832
2026-08-28 20:18:00,0.05149848572909832
2026-08-28 20:19:00,0.05149848572909832
2026-08-28 20:20:00,0.05133564583957195
2026-08-28 20:21:00,0.05133564583957195
2026-08-28 20:22:00,0.05133564583957195
2026-08-28 20:23:00,0.05133564583957195
2026-08-28 20:24:00,0.05133564583957195
2026-08-28 20:25:00,0.05034065339714289
2026-08-28 20:26:00,0.05034065339714289
2026-08-28 20:27:00,0.05034065339714289
2026-08-28 20:28:00,0.05034065339714289
2026-08-28 20:29:00,0.05034065339714289
2026-08-28 20:30:00,0.050451966002583504
2026-08-28 20:31:00,0.050451966002583504
2026-08-28 20:32:00,0.050451966002583504
2026-08-28 20:33:00,0.050451966002583504
2026-08-28 20:34:00,0.050451966002583504
2026-08-28 20:35:00,0.05139751546084881
2026-08-28 20:36:00,0.05139751546084881
2026-08-28 20:37:00,0.05139751546084881
2026-08-28 20:38:00,0.05139751546084881
2026-08-28 20:39:00,0.05139751546084881
2026-08-28 20:40:00,0.052498108707368374
2026-08-28 20:41:00,0.052498108707368374
2026-08-28 20:42:00,0.052498108707368374
2026-08-28 20:43:00,0.052498108707368374
2026-08-28 20:44:00,0.052498108707368374
2026-08-28 20:45:00,0.05521561112254858
2026-08-28 20:46:00,0.05521561112254858
2026-08-28 20:47:00,0.05521561112254858
2026-08-28 20:48:00,0.05521561112254858
2026-08-28 20:49:00,0.05521561112254858
2026-08-28 20:50:00,0.05523718986660242
2026-08-28 20:51:00,0.05523718986660242
2026-08-28 20:52:00,0.05523718986660242
2026-08-28 20:53:00,0.05523718986660242
2026-08-28 20:54:00,0.05523718986660242
2026-08-28 20:55:00,0.059035091660916805
2026-08-28 20:56:00,0.059035091660916805
2026-08-28 20:57:00,0.059035091660916805
2026-08-28 20:58:00,0.059035091660916805
2026-08-28 20:59:00,0.059035091660916805
2026-08-28 21:00:00,0.06227531470358372
2026-08-28 21:01:00,0.06227531470358372
2026-08-28 21:02:00,0.06227531470358372
2026-08-28 21:03:00,0.06227531470358372
2026-08-28 21:04:00,0.06227531470358372
2026-08-28 21:05:00,0.0668520238250494
2026-08-28 21:06:00,0.0668520238250494
2026-08-28 21:07:00,0.0668520238250494
2026-08-28 21:08:00,0.0668520238250494
2026-08-28 21:09:00,0.0668520238250494
2026-08-28 21:10:00,0.07159996218979359
2026-08-28 21:11:00,0.07159996218979359
2026-08-28 21:12:00,0.07159996218979359
2026-08-28 21:13:00,0.07159996218979359
2026-08-28 21:14:00,0.07159996218979359
2026-08-28 21:15:00,0.06804655957967043
2026-08-28 21:16:00,0.06804655957967043
2026-08-28 21:17:00,0.06804655957967043
2026-08-28 21:18:00,0.06804655957967043
2026-08-28 21:19:00,0.06804655957967043
2026-08-28 21:20:00,0.06389673985540867
2026-08-28 21:21:00,0.06389673985540867
2026-08-28 21:22:00,0.06389673985540867
2026-08-28 21:23:00,0.06389673985540867
2026-08-28 21:24:00,0.06389673985540867
2026-08-28 21:25:00,0.06167115084826946
2026-08-28 21:26:00,0.06167115084826946
2026-08-28 21:27:00,0.06167115084826946
2026-08-28 21:28:00,0.06167115084826946
2026-08-28 21:29:00,0.06167115084826946
2026-08-28 21:30:00,0.06089346297085285
2026-08-28 21:31:00,0.06089346297085285
2026-08-28 21:32:00,0.06089346297085285
2026-08-28 21:33:00,0.06089346297085285
2026-08-28 21:34:00,0.06089346297085285
2026-08-28 21:35:00,0.06533719692379236
2026-08-28 21:36:00,0.06533719692379236
2026-08-28 21:37:00,0.06533719692379236
2026-08-28 21:38:00,0.06533719692379236
2026-08-28 21:39:00,0.06533719692379236
2026-08-28 21:40:00,0.07228105328977108
2026-08-28 21:41:00,0.07228105328977108
2026-08-28 21:42:00,0.07228105328977108
2026-08-28 21:43:00,0.07228105328977108
2026-08-28 21:44:00,0.07228105328977108
2026-08-28 21:45:00,0.07333958335220814
2026-08-28 21:46:00,0.07333958335220814
2026-08-28 21:47:00,0.07333958335220814
2026-08-28 21:48:00,0.07333958335220814
2026-08-28 21:49:00,0.07333958335220814
2026-08-28 21:50:00,0.0727243423461914
2026-08-28 21:51:00,0.0727243423461914
2026-08-28 21:52:00,0.0727243423461914
2026-08-28 21:53:00,0.0727243423461914
2026-08-28 21:54:00,0.0727243423461914
2026-08-28 21:55:00,0.06627949047833681
2026-08-28 21:56:00,0.06627949047833681
2026-08-28 21:57:00,0.06627949047833681
2026-08-28 21:58:00,0.06627949047833681
2026-08-28 21:59:00,0.06627949047833681
2026-08-28 22:00:00,0.059597427025437355
2026-08-28 22:01:00,0.059597427025437355
2026-08-28 22:02:00,0.059597427025437355
2026-08-28 22:03:00,0.059597427025437355
2026-08-28 22:04:00,0.059597427025437355
2026-08-28 22:05:00,0.05463107768446207
2026-08-28 22:06:00,0.05463107768446207
2026-08-28 22:07:00,0.05463107768446207
2026-08-28 22:08:00,0.05463107768446207
2026-08-28 22:09:00,0.05463107768446207
2026-08-28 22:10:00,0.05211853235960007
2026-08-28 22:11:00,0.05211853235960007
2026-08-28 22:12:00,0.05211853235960007
2026-08-28 22:13:00,0.05211853235960007
2026-08-28 22:14:00,0.05211853235960007
2026-08-28 22:15:00,0.053160893730819225
2026-08-28 22:16:00,0.053160893730819225
2026-08-28 22:17:00,0.053160893730819225
2026-08-28 22:18:00,0.053160893730819225
2026-08-28 22:19:00,0.053160893730819225
2026-08-28 22:20:00,0.05183210037648678
2026-08-28 22:21:00,0.05183210037648678
2026-08-28 22:22:00,0.05183210037648678
2026-08-28 22:23:00,0.05183210037648678
2026-08-28 22:24:00,0.05183210037648678
2026-08-28 22:25:00,0.05431311950087547
2026-08-28 22:26:00,0.05431311950087547
2026-08-28 22:27:00,0.05431311950087547
2026-08-28 22:28:00,0.05431311950087547
2026-08-28 22:29:00,0.05431311950087547
2026-08-28 22:30:00,0.05663527920842171
2026-08-28 22:31:00,0.05663527920842171
2026-08-28 22:32:00,0.05663527920842171
2026-08-28 22:33:00,0.05663527920842171
2026-08-28 22:34:00,0.05663527920842171
2026-08-28 22:35:00,0.05730941705405712
2026-08-28 22:36:00,0.05730941705405712
2026-08-28 22:37:00,0.05730941705405712
2026-08-28 22:38:00,0.05730941705405712
2026-08-28 22:39:00,0.05730941705405712
2026-08-28 22:40:00,0.0574521292001009
2026-08-28 22:41:00,0.0574521292001009
2026-08-28 22:42:00,0.0574521292001009
2026-08-28 22:43:00,0.0574521292001009
2026-08-28 22:44:00,0.0574521292001009
2026-08-28 22:45:00,0.05360041558742523
2026-08-28 22:46:00,0.05360041558742523
2026-08-28 22:47:00,0.05360041558742523
2026-08-28 22:48:00,0.05360041558742523
2026-08-28 22:49:00,0.05360041558742523
2026-08-28 22:50:00,0.049330239184200764
2026-08-28 22:51:00,0.049330239184200764
2026-08-28 22:52:00,0.049330239184200764
2026-08-28 22:53:00,0.049330239184200764
2026-08-28 22:54:00,0.049330239184200764
2026-08-28 22:55:00,0.04727325402200222
2026-08-28 22:56:00,0.04727325402200222
2026-08-28 22:57:00,0.04727325402200222
2026-08-28 22:58:00,0.04727325402200222
2026-08-28 22:59:00,0.04727325402200222
2026-08-28 23:00:00,0.047786115668714046
2026-08-28 23:01:00,0.047786115668714046
2026-08-28 23:02:00,0.047786115668714046
2026-08-28 23:03:00,0.047786115668714046
2026-08-28 23:04:00,0.047786115668714046
2026-08-28 23:05:00,0.050679465755820274
2026-08-28 23:06:00,0.050679465755820274
2026-08-28 23:07:00,0.050679465755820274
2026-08-28 23:08:00,0.050679465755820274
2026-08-28 23:09:00,0.050679465755820274
2026-08-28 23:10:00,0.05587606318295002
2026-08-28 23:11:00,0.05587606318295002
2026-08-28 23:12:00,0.05587606318295002
2026-08-28 23:13:00,0.05587606318295002
2026-08-28 23:14:00,0.05587606318295002
2026-08-28 23:15:00,0.06354557815939188
2026-08-28 23:16:00,0.06354557815939188
2026-08-28 23:17:00,0.06354557815939188
2026-08-28 23:18:00,0.06354557815939188
2026-08-28 23:19:00,0.06354557815939188
2026-08-28 23:20:00,0.06906789168715477
2026-08-28 23:21:00,0.06906789168715477
2026-08-28 23:22:00,0.06906789168715477
2026-08-28 23:23:00,0.06906789168715477
2026-08-28 23:24:00,0.06906789168715477
2026-08-28 23:25:00,0.07342658191919327
2026-08-28 23:26:00,0.07342658191919327
2026-08-28 23:27:00,0.07342658191919327
2026-08-28 23:28:00,0.07342658191919327
2026-08-28 23:29:00,0.07342658191919327
2026-08-28 23:30:00,0.07966198399662971
2026-08-28 23:31:00,0.07966198399662971
2026-08-28 23:32:00,0.07966198399662971
2026-08-28 23:33:00,0.07966198399662971
2026-08-28 23:34:00,0.07966198399662971
2026-08-28 23:35:00,0.08240703120827675
2026-08-28 23:36:00,0.08240703120827675
2026-08-28 23:37:00,0.08240703120827675
2026-08-28 23:38:00,0.08240703120827675
2026-08-28 23:39:00,0.08240703120827675
2026-08-28 23:40:00,0.0831444263458252
2026-08-28 23:41:00,0.0831444263458252
2026-08-28 23:42:00,0.0831444263458252
2026-08-28 23:43:00,0.0831444263458252
2026-08-28 23:44:00,0.0831444263458252
2026-08-28 23:45:00,0.08199365437030792
2026-08-28 23:46:00,0.08199365437030792
2026-08-28 23:47:00,0.08199365437030792
2026-08-28 23:48:00,0.08199365437030792
2026-08-28 23:49:00,0.08199365437030792
2026-08-28 23:50:00,0.07262222096323967
2026-08-28 23:51:00,0.07262222096323967
2026-08-28 23:52:00,0.07262222096323967
2026-08-28 23:53:00,0.07262222096323967
2026-08-28 23:54:00,0.07262222096323967
2026-08-28 23:55:00,0.061763595789670944
2026-08-28 23:56:00,0.061763595789670944
2026-08-28 23:57:00,0.061763595789670944
2026-08-28 23:58:00,0.061763595789670944
2026-08-28 23:59:00,0.061763595789670944
2026-08-29 00:00:00,0.05564567446708679
2026-08-29 00:01:00,0.05564567446708679
2026-08-29 00:02:00,0.05564567446708679
2026-08-29 00:03:00,0.05564567446708679
2026-08-29 00:04:00,0.05564567446708679
2026-08-29 00:05:00,0.05088863056153059
2026-08-29 00:06:00,0.05088863056153059
2026-08-29 00:07:00,0.05088863056153059
2026-08-29 00:08:00,0.05088863056153059
2026-08-29 00:09:00,0.05088863056153059
2026-08-29 00:10:00,0.04989150073379278
2026-08-29 00:11:00,0.04989150073379278
2026-08-29 00:12:00,0.04989150073379278
2026-08-29 00:13:00,0.04989150073379278
2026-08-29 00:14:00,0.04989150073379278
2026-08-29 00:15:00,0.050299545750021935
2026-08-29 00:16:00,0.050299545750021935
2026-08-29 00:17:00,0.050299545750021935
2026-08-29 00:18:00,0.050299545750021935
2026-08-29 00:19:00,0.050299545750021935
2026-08-29 00:20:00,0.04874989949166775
2026-08-29 00:21:00,0.04874989949166775
2026-08-29 00:22:00,0.04874989949166775
2026-08-29 00:23:00,0.04874989949166775
2026-08-29 00:24:00,0.04874989949166775
2026-08-29 00:25:00,0.04960806202143431
2026-08-29 00:26:00,0.04960806202143431
2026-08-29 00:27:00,0.04960806202143431
2026-08-29 00:28:00,0.04960806202143431
2026-08-29 00:29:00,0.04960806202143431
2026-08-29 00:30:00,0.05355400871485472
2026-08-29 00:31:00,0.05355400871485472
2026-08-29 00:32:00,0.05355400871485472
2026-08-29 00:33:00,0.05355400871485472
2026-08-29 00:34:00,0.05355400871485472
2026-08-29 00:35:00,0.06074966490268707
2026-08-29 00:36:00,0.06074966490268707
2026-08-29 00:37:00,0.06074966490268707
2026-08-29 00:38:00,0.06074966490268707
2026-08-29 00:39:00,0.06074966490268707
2026-08-29 00:40:00,0.08819886296987534
2026-08-29 00:41:00,0.08819886296987534
2026-08-29 00:42:00,0.08819886296987534
2026-08-29 00:43:00,0.08819886296987534
2026-08-29 00:44:00,0.08819886296987534
2026-08-29 00:45:00,0.11086568981409073
2026-08-29 00:46:00,0.11086568981409073
2026-08-29 00:47:00,0.11086568981409073
2026-08-29 00:48:00,0.11086568981409073
2026-08-29 00:49:00,0.11086568981409073
2026-08-29 00:50:00,0.13151706382632256
2026-08-29 00:51:00,0.13151706382632256
2026-08-29 00:52:00,0.13151706382632256
2026-08-29 00:53:00,0.13151706382632256
2026-08-29 00:54:00,0.13151706382632256
2026-08-29 00:55:00,0.15230674669146538
2026-08-29 00:56:00,0.15230674669146538
2026-08-29 00:57:00,0.15230674669146538
2026-08-29 00:58:00,0.15230674669146538
2026-08-29 00:59:00,0.15230674669146538
2026-08-29 01:00:00,0.1385245267301798
2026-08-29 01:01:00,0.1385245267301798
2026-08-29 01:02:00,0.1385245267301798
2026-08-29 01:03:00,0.1385245267301798
2026-08-29 01:04:00,0.1385245267301798
2026-08-29 01:05:00,0.12443215027451515
2026-08-29 01:06:00,0.12443215027451515
2026-08-29 01:07:00,0.12443215027451515
2026-08-29 01:08:00,0.12443215027451515
2026-08-29 01:09:00,0.12443215027451515
2026-08-29 01:10:00,0.10206960700452328
2026-08-29 01:11:00,0.10206960700452328
2026-08-29 01:12:00,0.10206960700452328
2026-08-29 01:13:00,0.10206960700452328
2026-08-29 01:14:00,0.10206960700452328
2026-08-29 01:15:00,0.07878445088863373
2026-08-29 01:16:00,0.07878445088863373
2026-08-29 01:17:00,0.07878445088863373
2026-08-29 01:18:00,0.07878445088863373
2026-08-29 01:19:00,0.07878445088863373
2026-08-29 01:20:00,0.06737444270402193
2026-08-29 01:21:00,0.06737444270402193
2026-08-29 01:22:00,0.06737444270402193
2026-08-29 01:23:00,0.06737444270402193
2026-08-29 01:24:00,0.06737444270402193
2026-08-29 01:25:00,0.05952013097703457
2026-08-29 01:26:00,0.05952013097703457
2026-08-29 01:27:00,0.05952013097703457
2026-08-29 01:28:00,0.05952013097703457
2026-08-29 01:29:00,0.05952013097703457
2026-08-29 01:30:00,0.06032183300703764
2026-08-29 01:31:00,0.06032183300703764
2026-08-29 01:32:00,0.06032183300703764
2026-08-29 01:33:00,0.06032183300703764
2026-08-29 01:34:00,0.06032183300703764
2026-08-29 01:35:00,0.05818289518356323
2026-08-29 01:36:00,0.05818289518356323
2026-08-29 01:37:00,0.05818289518356323
2026-08-29 01:38:00,0.05818289518356323
2026-08-29 01:39:00,0.05818289518356323
2026-08-29 01:40:00,0.05817058216780424
2026-08-29 01:41:00,0.05817058216780424
2026-08-29 01:42:00,0.05817058216780424
2026-08-29 01:43:00,0.05817058216780424
2026-08-29 01:44:00,0.05817058216780424
2026-08-29 01:45:00,0.05851241573691368
2026-08-29 01:46:00,0.05851241573691368
2026-08-29 01:47:00,0.05851241573691368
2026-08-29 01:48:00,0.05851241573691368
2026-08-29 01:49:00,0.05851241573691368
2026-08-29 01:50:00,0.061053735204041004
2026-08-29 01:51:00,0.061053735204041004
2026-08-29 01:52:00,0.061053735204041004
2026-08-29 01:53:00,0.061053735204041004
2026-08-29 01:54:00,0.061053735204041004
2026-08-29 01:55:00,0.0647002812474966
2026-08-29 01:56:00,0.0647002812474966
2026-08-29 01:57:00,0.0647002812474966
2026-08-29 01:58:00,0.0647002812474966
2026-08-29 01:59:00,0.0647002812474966
2026-08-29 02:00:00,0.06897357851266861
2026-08-29 02:01:00,0.06897357851266861
2026-08-29 02:02:00,0.06897357851266861
2026-08-29 02:03:00,0.06897357851266861
2026-08-29 02:04:00,0.06897357851266861
2026-08-29 02:05:00,0.06950391363352537
2026-08-29 02:06:00,0.06950391363352537
2026-08-29 02:07:00,0.06950391363352537
2026-08-29 02:08:00,0.06950391363352537
2026-08-29 02:09:00,0.06950391363352537
2026-08-29 02:10:00,0.06517719011753798
2026-08-29 02:11:00,0.06517719011753798
2026-08-29 02:12:00,0.06517719011753798
2026-08-29 02:13:00,0.06517719011753798
2026-08-29 02:14:00,0.06517719011753798
2026-08-29 02:15:00,0.06142612639814615
2026-08-29 02:16:00,0.06142612639814615
2026-08-29 02:17:00,0.06142612639814615
2026-08-29 02:18:00,0.06142612639814615
2026-08-29 02:19:00,0.06142612639814615
2026-08-29 02:20:00,0.06048551481217146
2026-08-29 02:21:00,0.06048551481217146
2026-08-29 02:22:00,0.06048551481217146
2026-08-29 02:23:00,0.06048551481217146
2026-08-29 02:24:00,0.06048551481217146
2026-08-29 02:25:00,0.06503187119960785
2026-08-29 02:26:00,0.06503187119960785
2026-08-29 02:27:00,0.06503187119960785
2026-08-29 02:28:00,0.06503187119960785
2026-08-29 02:29:00,0.06503187119960785
2026-08-29 02:30:00,0.07147728651762009
2026-08-29 02:31:00,0.07147728651762009
2026-08-29 02:32:00,0.07147728651762009
2026-08-29 02:33:00,0.07147728651762009
2026-08-29 02:34:00,0.07147728651762009
2026-08-29 02:35:00,0.0745802540332079
2026-08-29 02:36:00,0.0745802540332079
2026-08-29 02:37:00,0.0745802540332079
2026-08-29 02:38:00,0.0745802540332079
2026-08-29 02:39:00,0.0745802540332079
2026-08-29 02:40:00,0.07730257883667946
2026-08-29 02:41:00,0.07730257883667946
2026-08-29 02:42:00,0.07730257883667946
2026-08-29 02:43:00,0.07730257883667946
2026-08-29 02:44:00,0.07730257883667946
2026-08-29 02:45:00,0.07593298517167568
2026-08-29 02:46:00,0.07593298517167568
2026-08-29 02:47:00,0.07593298517167568
2026-08-29 02:48:00,0.07593298517167568
2026-08-29 02:49:00,0.07593298517167568
2026-08-29 02:50:00,0.07464316114783287
2026-08-29 02:51:00,0.07464316114783287
2026-08-29 02:52:00,0.07464316114783287
2026-08-29 02:53:00,0.07464316114783287
2026-08-29 02:54:00,0.07464316114783287
2026-08-29 02:55:00,0.0721214646473527
2026-08-29 02:56:00,0.0721214646473527
2026-08-29 02:57:00,0.0721214646473527
2026-08-29 02:58:00,0.0721214646473527
2026-08-29 02:59:00,0.0721214646473527
2026-08-29 03:00:00,0.06405885238200426
2026-08-29 03:01:00,0.06405885238200426
2026-08-29 03:02:00,0.06405885238200426
2026-08-29 03:03:00,0.06405885238200426
2026-08-29 03:04:00,0.06405885238200426
2026-08-29 03:05:00,0.05980853457003832
2026-08-29 03:06:00,0.05980853457003832
2026-08-29 03:07:00,0.05980853457003832
2026-08-29 03:08:00,0.05980853457003832
2026-08-29 03:09:00,0.05980853457003832
2026-08-29 03:10:00,0.05589349940419197
2026-08-29 03:11:00,0.05589349940419197
2026-08-29 03:12:00,0.05589349940419197
2026-08-29 03:13:00,0.05589349940419197
2026-08-29 03:14:00,0.05589349940419197
2026-08-29 03:15:00,0.05636827554553747
2026-08-29 03:16:00,0.05636827554553747
2026-08-29 03:17:00,0.05636827554553747
2026-08-29 03:18:00,0.05636827554553747
2026-08-29 03:19:00,0.05636827554553747
2026-08-29 03:20:00,0.05969974957406521
2026-08-29 03:21:00,0.05969974957406521
2026-08-29 03:22:00,0.05969974957406521
2026-08-29 03:23:00,0.05969974957406521
2026-08-29 03:24:00,0.05969974957406521
2026-08-29 03:25:00,0.06056442018598318
2026-08-29 03:26:00,0.06056442018598318
2026-08-29 03:27:00,0.06056442018598318
2026-08-29 03:28:00,0.06056442018598318
2026-08-29 03:29:00,0.06056442018598318
2026-08-29 03:30:00,0.07165406830608845
2026-08-29 03:31:00,0.07165406830608845
2026-08-29 03:32:00,0.07165406830608845
2026-08-29 03:33:00,0.07165406830608845
2026-08-29 03:34:00,0.07165406830608845
2026-08-29 03:35:00,0.08559338375926018
2026-08-29 03:36:00,0.08559338375926018
2026-08-29 03:37:00,0.08559338375926018
2026-08-29 03:38:00,0.08559338375926018
2026-08-29 03:39:00,0.08559338375926018
2026-08-29 03:40:00,0.09491065237671137
2026-08-29 03:41:00,0.09491065237671137
2026-08-29 03:42:00,0.09491065237671137
2026-08-29 03:43:00,0.09491065237671137
2026-08-29 03:44:00,0.09491065237671137
2026-08-29 03:45:00,0.10523359291255474
2026-08-29 03:46:00,0.10523359291255474
2026-08-29 03:47:00,0.10523359291255474
2026-08-29 03:48:00,0.10523359291255474
2026-08-29 03:49:00,0.10523359291255474
2026-08-29 03:50:00,0.0972922034561634
2026-08-29 03:51:00,0.0972922034561634
2026-08-29 03:52:00,0.0972922034561634
2026-08-29 03:53:00,0.0972922034561634
2026-08-29 03:54:00,0.0972922034561634
2026-08-29 03:55:00,0.08638498559594154
2026-08-29 03:56:00,0.08638498559594154
2026-08-29 03:57:00,0.08638498559594154
2026-08-29 03:58:00,0.08638498559594154
2026-08-29 03:59:00,0.08638498559594154
2026-08-29 04:00:00,0.08076987974345684
2026-08-29 04:01:00,0.08076987974345684
2026-08-29 04:02:00,0.08076987974345684
2026-08-29 04:03:00,0.08076987974345684
2026-08-29 04:04:00,0.08076987974345684
2026-08-29 04:05:00,0.07370752841234207
2026-08-29 04:06:00,0.07370752841234207
2026-08-29 04:07:00,0.07370752841234207
2026-08-29 04:08:00,0.07370752841234207
2026-08-29 04:09:00,0.07370752841234207
2026-08-29 04:10:00,0.07477881200611591
2026-08-29 04:11:00,0.07477881200611591
2026-08-29 04:12:00,0.07477881200611591
2026-08-29 04:13:00,0.07477881200611591
2026-08-29 04:14:00,0.07477881200611591
2026-08-29 04:15:00,0.10164297372102737
2026-08-29 04:16:00,0.10164297372102737
2026-08-29 04:17:00,0.10164297372102737
2026-08-29 04:18:00,0.10164297372102737
2026-08-29 04:19:00,0.10164297372102737
2026-08-29 04:20:00,0.12792806513607502
2026-08-29 04:21:00,0.12792806513607502
2026-08-29 04:22:00,0.12792806513607502
2026-08-29 04:23:00,0.12792806513607502
2026-08-29 04:24:00,0.12792806513607502
2026-08-29 04:25:00,0.15474426373839378
2026-08-29 04:26:00,0.15474426373839378
2026-08-29 04:27:00,0.15474426373839378
2026-08-29 04:28:00,0.15474426373839378
2026-08-29 04:29:00,0.15474426373839378
2026-08-29 04:30:00,0.18164045363664627
2026-08-29 04:31:00,0.18164045363664627
2026-08-29 04:32:00,0.18164045363664627
2026-08-29 04:33:00,0.18164045363664627
2026-08-29 04:34:00,0.18164045363664627
2026-08-29 04:35:00,0.15310651250183582
2026-08-29 04:36:00,0.15310651250183582
2026-08-29 04:37:00,0.15310651250183582
2026-08-29 04:38:00,0.15310651250183582
2026-08-29 04:39:00,0.15310651250183582
2026-08-29 04:40:00,0.1282920390367508
2026-08-29 04:41:00,0.1282920390367508
2026-08-29 04:42:00,0.1282920390367508
2026-08-29 04:43:00,0.1282920390367508
2026-08-29 04:44:00,0.1282920390367508
2026-08-29 04:45:00,0.10283806547522545
2026-08-29 04:46:00,0.10283806547522545
2026-08-29 04:47:00,0.10283806547522545
2026-08-29 04:48:00,0.10283806547522545
2026-08-29 04:49:00,0.10283806547522545
2026-08-29 04:50:00,0.07614345476031303
2026-08-29 04:51:00,0.07614345476031303
2026-08-29 04:52:00,0.07614345476031303
2026-08-29 04:53:00,0.07614345476031303
2026-08-29 04:54:00,0.07614345476031303
2026-08-29 04:55:00,0.07716388441622257
2026-08-29 04:56:00,0.07716388441622257
2026-08-29 04:57:00,0.07716388441622257
2026-08-29 04:58:00,0.07716388441622257
2026-08-29 04:59:00,0.07716388441622257
2026-08-29 05:00:00,0.07013670727610588
2026-08-29 05:01:00,0.07013670727610588
2026-08-29 05:02:00,0.07013670727610588
2026-08-29 05:03:00,0.07013670727610588
2026-08-29 05:04:00,0.07013670727610588
2026-08-29 05:05:00,0.09354656934738159
2026-08-29 05:06:00,0.09354656934738159
2026-08-29 05:07:00,0.09354656934738159
2026-08-29 05:08:00,0.09354656934738159
2026-08-29 05:09:00,0.09354656934738159
2026-08-29 05:10:00,0.11813756451010704
2026-08-29 05:11:00,0.11813756451010704
2026-08-29 05:12:00,0.11813756451010704
2026-08-29 05:13:00,0.11813756451010704
2026-08-29 05:14:00,0.11813756451010704
2026-08-29 05:15:00,0.14572979882359505
2026-08-29 05:16:00,0.14572979882359505
2026-08-29 05:17:00,0.14572979882359505
2026-08-29 05:18:00,0.14572979882359505
2026-08-29 05:19:00,0.14572979882359505
2026-08-29 05:20:00,0.17745592072606087
2026-08-29 05:21:00,0.17745592072606087
2026-08-29 05:22:00,0.17745592072606087
2026-08-29 05:23:00,0.17745592072606087
2026-08-29 05:24:00,0.17745592072606087
2026-08-29 05:25:00,0.14965473767369986
2026-08-29 05:26:00,0.14965473767369986
2026-08-29 05:27:00,0.14965473767369986
2026-08-29 05:28:00,0.14965473767369986
2026-08-29 05:29:00,0.14965473767369986
2026-08-29 05:30:00,0.11674862448126078
2026-08-29 05:31:00,0.11674862448126078
2026-08-29 05:32:00,0.11674862448126078
2026-08-29 05:33:00,0.11674862448126078
2026-08-29 05:34:00,0.11674862448126078
2026-08-29 05:35:00,0.10036672558635473
2026-08-29 05:36:00,0.10036672558635473
2026-08-29 05:37:00,0.10036672558635473
2026-08-29 05:38:00,0.10036672558635473
2026-08-29 05:39:00,0.10036672558635473
2026-08-29 05:40:00,0.09927919786423445
2026-08-29 05:41:00,0.09927919786423445
2026-08-29 05:42:00,0.09927919786423445
2026-08-29 05:43:00,0.09927919786423445
2026-08-29 05:44:00,0.09927919786423445
2026-08-29 05:45:00,0.14571071043610573
2026-08-29 05:46:00,0.14571071043610573
2026-08-29 05:47:00,0.14571071043610573
2026-08-29 05:48:00,0.14571071043610573
2026-08-29 05:49:00,0.14571071043610573
2026-08-29 05:50:00,0.3435631897300482
2026-08-29 05:51:00,0.3435631897300482
2026-08-29 05:52:00,0.3435631897300482
2026-08-29 05:53:00,0.3435631897300482
2026-08-29 05:54:00,0.3435631897300482
2026-08-29 05:55:00,0.5242237597703934
2026-08-29 05:56:00,0.5242237597703934
2026-08-29 05:57:00,0.5242237597703934
2026-08-29 05:58:00,0.5242237597703934
2026-08-29 05:59:00,0.5242237597703934
2026-08-29 06:00:00,0.686239555478096
2026-08-29 06:01:00,0.686239555478096
2026-08-29 06:02:00,0.686239555478096
2026-08-29 06:03:00,0.686239555478096
2026-08-29 06:04:00,0.686239555478096
2026-08-29 06:05:00,0.8282543867826462
2026-08-29 06:06:00,0.8282543867826462
2026-08-29 06:07:00,0.8282543867826462
2026-08-29 06:08:00,0.8282543867826462
2026-08-29 06:09:00,0.8282543867826462
2026-08-29 06:10:00,0.8184787184000015
2026-08-29 06:11:00,0.8184787184000015
2026-08-29 06:12:00,0.8184787184000015
2026-08-29 06:13:00,0.8184787184000015
2026-08-29 06:14:00,0.8184787184000015
2026-08-29 06:15:00,0.6421323120594025
2026-08-29 06:16:00,0.6421323120594025
2026-08-29 06:17:00,0.6421323120594025
2026-08-29 06:18:00,0.6421323120594025
2026-08-29 06:19:00,0.6421323120594025
2026-08-29 06:20:00,0.4707711972296238
2026-08-29 06:21:00,0.4707711972296238
2026-08-29 06:22:00,0.4707711972296238
2026-08-29 06:23:00,0.4707711972296238
2026-08-29 06:24:00,0.4707711972296238
2026-08-29 06:25:00,0.3034817762672901
2026-08-29 06:26:00,0.3034817762672901
2026-08-29 06:27:00,0.3034817762672901
2026-08-29 06:28:00,0.3034817762672901
2026-08-29 06:29:00,0.3034817762672901
2026-08-29 06:30:00,0.14024341851472855
2026-08-29 06:31:00,0.14024341851472855
2026-08-29 06:32:00,0.14024341851472855
2026-08-29 06:33:00,0.14024341851472855
2026-08-29 06:34:00,0.14024341851472855
2026-08-29 06:35:00,0.14437125250697136
2026-08-29 06:36:00,0.14437125250697136
2026-08-29 06:37:00,0.14437125250697136
2026-08-29 06:38:00,0.14437125250697136
2026-08-29 06:39:00,0.14437125250697136
2026-08-29 06:40:00,0.3694552108645439
2026-08-29 06:41:00,0.3694552108645439
2026-08-29 06:42:00,0.3694552108645439
2026-08-29 06:43:00,0.3694552108645439
2026-08-29 06:44:00,0.3694552108645439
2026-08-29 06:45:00,0.5942916497588158
2026-08-29 06:46:00,0.5942916497588158
2026-08-29 06:47:00,0.5942916497588158
2026-08-29 06:48:00,0.5942916497588158
2026-08-29 06:49:00,0.5942916497588158
2026-08-29 06:50:00,0.8198236413300037
2026-08-29 06:51:00,0.8198236413300037
2026-08-29 06:52:00,0.8198236413300037
2026-08-29 06:53:00,0.8198236413300037
2026-08-29 06:54:00,0.8198236413300037
2026-08-29 06:55:00,1.0429251790046692
2026-08-29 06:56:00,1.0429251790046692
2026-08-29 06:57:00,1.0429251790046692
2026-08-29 06:58:00,1.0429251790046692
2026-08-29 06:59:00,1.0429251790046692
2026-08-29 07:00:00,0.8373643048107624
2026-08-29 07:01:00,0.8373643048107624
2026-08-29 07:02:00,0.8373643048107624
2026-08-29 07:03:00,0.8373643048107624
2026-08-29 07:04:00,0.8373643048107624
2026-08-29 07:05:00,0.6279768422245979
2026-08-29 07:06:00,0.6279768422245979
2026-08-29 07:07:00,0.6279768422245979
2026-08-29 07:08:00,0.6279768422245979
2026-08-29 07:09:00,0.6279768422245979
2026-08-29 07:10:00,0.4157373309135437
2026-08-29 07:11:00,0.4157373309135437
2026-08-29 07:12:00,0.4157373309135437
2026-08-29 07:13:00,0.4157373309135437
2026-08-29 07:14:00,0.4157373309135437
2026-08-29 07:15:00,0.20065507292747498
2026-08-29 07:16:00,0.20065507292747498
2026-08-29 07:17:00,0.20065507292747498
2026-08-29 07:18:00,0.20065507292747498
2026-08-29 07:19:00,0.20065507292747498
2026-08-29 07:20:00,0.19127904623746872
2026-08-29 07:21:00,0.19127904623746872
2026-08-29 07:22:00,0.19127904623746872
2026-08-29 07:23:00,0.19127904623746872
2026-08-29 07:24:00,0.19127904623746872
2026-08-29 07:25:00,0.18433809280395508
2026-08-29 07:26:00,0.18433809280395508
2026-08-29 07:27:00,0.18433809280395508
2026-08-29 07:28:00,0.18433809280395508
2026-08-29 07:29:00,0.18433809280395508
2026-08-29 07:30:00,0.17951613292098045
2026-08-29 07:31:00,0.17951613292098045
2026-08-29 07:32:00,0.17951613292098045
2026-08-29 07:33:00,0.17951613292098045
2026-08-29 07:34:00,0.17951613292098045
2026-08-29 07:35:00,0.17762086540460587
2026-08-29 07:36:00,0.17762086540460587
2026-08-29 07:37:00,0.17762086540460587
2026-08-29 07:38:00,0.17762086540460587
2026-08-29 07:39:00,0.17762086540460587
2026-08-29 07:40:00,0.1744406707584858
2026-08-29 07:41:00,0.1744406707584858
2026-08-29 07:42:00,0.1744406707584858
2026-08-29 07:43:00,0.1744406707584858
2026-08-29 07:44:00,0.1744406707584858
2026-08-29 07:45:00,0.17208947986364365
2026-08-29 07:46:00,0.17208947986364365
2026-08-29 07:47:00,0.17208947986364365
2026-08-29 07:48:00,0.17208947986364365
2026-08-29 07:49:00,0.17208947986364365
2026-08-29 07:50:00,0.172758299857378
2026-08-29 07:51:00,0.172758299857378
2026-08-29 07:52:00,0.172758299857378
2026-08-29 07:53:00,0.172758299857378
2026-08-29 07:54:00,0.172758299857378
2026-08-29 07:55:00,0.1752147041261196
2026-08-29 07:56:00,0.1752147041261196
2026-08-29 07:57:00,0.1752147041261196
2026-08-29 07:58:00,0.1752147041261196
2026-08-29 07:59:00,0.1752147041261196
2026-08-29 08:00:00,0.15656016394495964
2026-08-29 08:01:00,0.15656016394495964
2026-08-29 08:02:00,0.15656016394495964
2026-08-29 08:03:00,0.15656016394495964
2026-08-29 08:04:00,0.15656016394495964
2026-08-29 08:05:00,0.13216145895421505
2026-08-29 08:06:00,0.13216145895421505
2026-08-29 08:07:00,0.13216145895421505
2026-08-29 08:08:00,0.13216145895421505
2026-08-29 08:09:00,0.13216145895421505
2026-08-29 08:10:00,0.10071622580289841
2026-08-29 08:11:00,0.10071622580289841
2026-08-29 08:12:00,0.10071622580289841
2026-08-29 08:13:00,0.10071622580289841
2026-08-29 08:14:00,0.10071622580289841
2026-08-29 08:15:00,0.06667201966047287
2026-08-29 08:16:00,0.06667201966047287
2026-08-29 08:17:00,0.06667201966047287
2026-08-29 08:18:00,0.06667201966047287
2026-08-29 08:19:00,0.06667201966047287
2026-08-29 08:20:00,0.055315724574029446
2026-08-29 08:21:00,0.055315724574029446
2026-08-29 08:22:00,0.055315724574029446
2026-08-29 08:23:00,0.055315724574029446
2026-08-29 08:24:00,0.055315724574029446
2026-08-29 08:25:00,0.06460254359990358
2026-08-29 08:26:00,0.06460254359990358
2026-08-29 08:27:00,0.06460254359990358
2026-08-29 08:28:00,0.06460254359990358
2026-08-29 08:29:00,0.06460254359990358
2026-08-29 08:30:00,0.12346613686531782
2026-08-29 08:31:00,0.12346613686531782
2026-08-29 08:32:00,0.12346613686531782
2026-08-29 08:33:00,0.12346613686531782
2026-08-29 08:34:00,0.12346613686531782
2026-08-29 08:35:00,0.19715554919093847
2026-08-29 08:36:00,0.19715554919093847
2026-08-29 08:37:00,0.19715554919093847
2026-08-29 08:38:00,0.19715554919093847
2026-08-29 08:39:00,0.19715554919093847
2026-08-29 08:40:00,0.27261964976787567
2026-08-29 08:41:00,0.27261964976787567
2026-08-29 08:42:00,0.27261964976787567
2026-08-29 08:43:00,0.27261964976787567
2026-08-29 08:44:00,0.27261964976787567
2026-08-29 08:45:00,0.30123161152005196
2026-08-29 08:46:00,0.30123161152005196
2026-08-29 08:47:00,0.30123161152005196
2026-08-29 08:48:00,0.30123161152005196
2026-08-29 08:49:00,0.30123161152005196
2026-08-29 08:50:00,0.25235372968018055
2026-08-29 08:51:00,0.25235372968018055
2026-08-29 08:52:00,0.25235372968018055
2026-08-29 08:53:00,0.25235372968018055
2026-08-29 08:54:00,0.25235372968018055
2026-08-29 08:55:00,0.18185416795313358
2026-08-29 08:56:00,0.18185416795313358
2026-08-29 08:57:00,0.18185416795313358
2026-08-29 08:58:00,0.18185416795313358
2026-08-29 08:59:00,0.18185416795313358
2026-08-29 09:00:00,0.10985361319035292
2026-08-29 09:01:00,0.10985361319035292
2026-08-29 09:02:00,0.10985361319035292
2026-08-29 09:03:00,0.10985361319035292
2026-08-29 09:04:00,0.10985361319035292
2026-08-29 09:05:00,0.06714720278978348
2026-08-29 09:06:00,0.06714720278978348
2026-08-29 09:07:00,0.06714720278978348
2026-08-29 09:08:00,0.06714720278978348
2026-08-29 09:09:00,0.06714720278978348
2026-08-29 09:10:00,0.06743562780320644
2026-08-29 09:11:00,0.06743562780320644
2026-08-29 09:12:00,0.06743562780320644
2026-08-29 09:13:00,0.06743562780320644
2026-08-29 09:14:00,0.06743562780320644
2026-08-29 09:15:00,0.07613185793161392
2026-08-29 09:16:00,0.07613185793161392
2026-08-29 09:17:00,0.07613185793161392
2026-08-29 09:18:00,0.07613185793161392
2026-08-29 09:19:00,0.07613185793161392
2026-08-29 09:20:00,0.08437304478138685
2026-08-29 09:21:00,0.08437304478138685
2026-08-29 09:22:00,0.08437304478138685
2026-08-29 09:23:00,0.08437304478138685
2026-08-29 09:24:00,0.08437304478138685
2026-08-29 09:25:00,0.09426517970860004
2026-08-29 09:26:00,0.09426517970860004
2026-08-29 09:27:00,0.09426517970860004
2026-08-29 09:28:00,0.09426517970860004
2026-08-29 09:29:00,0.09426517970860004
2026-08-29 09:30:00,0.085071612149477
2026-08-29 09:31:00,0.085071612149477
2026-08-29 09:32:00,0.085071612149477
2026-08-29 09:33:00,0.085071612149477
2026-08-29 09:34:00,0.085071612149477
2026-08-29 09:35:00,0.0781122799962759
2026-08-29 09:36:00,0.0781122799962759
2026-08-29 09:37:00,0.0781122799962759
2026-08-29 09:38:00,0.0781122799962759
2026-08-29 09:39:00,0.0781122799962759
2026-08-29 09:40:00,0.0753860492259264
2026-08-29 09:41:00,0.0753860492259264
2026-08-29 09:42:00,0.0753860492259264
2026-08-29 09:43:00,0.0753860492259264
2026-08-29 09:44:00,0.0753860492259264
2026-08-29 09:45:00,0.07142799720168114
2026-08-29 09:46:00,0.07142799720168114
2026-08-29 09:47:00,0.07142799720168114
2026-08-29 09:48:00,0.07142799720168114
2026-08-29 09:49:00,0.07142799720168114
2026-08-29 09:50:00,0.07662403210997581
2026-08-29 09:51:00,0.07662403210997581
2026-08-29 09:52:00,0.07662403210997581
2026-08-29 09:53:00,0.07662403210997581
2026-08-29 09:54:00,0.07662403210997581
2026-08-29 09:55:00,0.07971163280308247
2026-08-29 09:56:00,0.07971163280308247
2026-08-29 09:57:00,0.07971163280308247
2026-08-29 09:58:00,0.07971163280308247
2026-08-29 09:59:00,0.07971163280308247
2026-08-29 10:00:00,0.07381662167608738
2026-08-29 10:01:00,0.07381662167608738
2026-08-29 10:02:00,0.07381662167608738
2026-08-29 10:03:00,0.07381662167608738
2026-08-29 10:04:00,0.07381662167608738
2026-08-29 10:05:00,0.06916478741914034
2026-08-29 10:06:00,0.06916478741914034
2026-08-29 10:07:00,0.06916478741914034
2026-08-29 10:08:00,0.06916478741914034
2026-08-29 10:09:00,0.06916478741914034
2026-08-29 10:10:00,0.06336990464478731
2026-08-29 10:11:00,0.06336990464478731
2026-08-29 10:12:00,0.06336990464478731
2026-08-29 10:13:00,0.06336990464478731
2026-08-29 10:14:00,0.06336990464478731
2026-08-29 10:15:00,0.05714331287890673
2026-08-29 10:16:00,0.05714331287890673
2026-08-29 10:17:00,0.05714331287890673
2026-08-29 10:18:00,0.05714331287890673
2026-08-29 10:19:00,0.05714331287890673
2026-08-29 10:20:00,0.05851864721626043
2026-08-29 10:21:00,0.05851864721626043
2026-08-29 10:22:00,0.05851864721626043
2026-08-29 10:23:00,0.05851864721626043
2026-08-29 10:24:00,0.05851864721626043
2026-08-29 10:25:00,0.06221461854875088
2026-08-29 10:26:00,0.06221461854875088
2026-08-29 10:27:00,0.06221461854875088
2026-08-29 10:28:00,0.06221461854875088
2026-08-29 10:29:00,0.06221461854875088
2026-08-29 10:30:00,0.06605023890733719
2026-08-29 10:31:00,0.06605023890733719
2026-08-29 10:32:00,0.06605023890733719
2026-08-29 10:33:00,0.06605023890733719
2026-08-29 10:34:00,0.06605023890733719
2026-08-29 10:35:00,0.06916783004999161
2026-08-29 10:36:00,0.06916783004999161
2026-08-29 10:37:00,0.06916783004999161
2026-08-29 10:38:00,0.06916783004999161
2026-08-29 10:39:00,0.06916783004999161
2026-08-29 10:40:00,0.06838641688227654
2026-08-29 10:41:00,0.06838641688227654
2026-08-29 10:42:00,0.06838641688227654
2026-08-29 10:43:00,0.06838641688227654
2026-08-29 10:44:00,0.06838641688227654
2026-08-29 10:45:00,0.0679358672350645
2026-08-29 10:46:00,0.0679358672350645
2026-08-29 10:47:00,0.0679358672350645
2026-08-29 10:48:00,0.0679358672350645
2026-08-29 10:49:00,0.0679358672350645
2026-08-29 10:50:00,0.06726589985191822
2026-08-29 10:51:00,0.06726589985191822
2026-08-29 10:52:00,0.06726589985191822
2026-08-29 10:53:00,0.06726589985191822
2026-08-29 10:54:00,0.06726589985191822
2026-08-29 10:55:00,0.0682983435690403
2026-08-29 10:56:00,0.0682983435690403
2026-08-29 10:57:00,0.0682983435690403
2026-08-29 10:58:00,0.0682983435690403
2026-08-29 10:59:00,0.0682983435690403
2026-08-29 11:00:00,0.07103761285543442
2026-08-29 11:01:00,0.07103761285543442
2026-08-29 11:02:00,0.07103761285543442
2026-08-29 11:03:00,0.07103761285543442
2026-08-29 11:04:00,0.07103761285543442
2026-08-29 11:05:00,0.0703648030757904
2026-08-29 11:06:00,0.0703648030757904
2026-08-29 11:07:00,0.0703648030757904
2026-08-29 11:08:00,0.0703648030757904
2026-08-29 11:09:00,0.0703648030757904
2026-08-29 11:10:00,0.06732428818941116
2026-08-29 11:11:00,0.06732428818941116
2026-08-29 11:12:00,0.06732428818941116
2026-08-29 11:13:00,0.06732428818941116
2026-08-29 11:14:00,0.06732428818941116
2026-08-29 11:15:00,0.0661682765930891
2026-08-29 11:16:00,0.0661682765930891
2026-08-29 11:17:00,0.0661682765930891
2026-08-29 11:18:00,0.0661682765930891
2026-08-29 11:19:00,0.0661682765930891
2026-08-29 11:20:00,0.06209780741482973
2026-08-29 11:21:00,0.06209780741482973
2026-08-29 11:22:00,0.06209780741482973
2026-08-29 11:23:00,0.06209780741482973
2026-08-29 11:24:00,0.06209780741482973
2026-08-29 11:25:00,0.062140834517776966
2026-08-29 11:26:00,0.062140834517776966
2026-08-29 11:27:00,0.062140834517776966
2026-08-29 11:28:00,0.062140834517776966
2026-08-29 11:29:00,0.062140834517776966
2026-08-29 11:30:00,0.06280681677162647
2026-08-29 11:31:00,0.06280681677162647
2026-08-29 11:32:00,0.06280681677162647
2026-08-29 11:33:00,0.06280681677162647
2026-08-29 11:34:00,0.06280681677162647
2026-08-29 11:35:00,0.06199151463806629
2026-08-29 11:36:00,0.06199151463806629
2026-08-29 11:37:00,0.06199151463806629
2026-08-29 11:38:00,0.06199151463806629
2026-08-29 11:39:00,0.06199151463806629
2026-08-29 11:40:00,0.06325899995863438
2026-08-29 11:41:00,0.06325899995863438
2026-08-29 11:42:00,0.06325899995863438
2026-08-29 11:43:00,0.06325899995863438
2026-08-29 11:44:00,0.06325899995863438
2026-08-29 11:45:00,0.061991872265934944
2026-08-29 11:46:00,0.061991872265934944
2026-08-29 11:47:00,0.061991872265934944
2026-08-29 11:48:00,0.061991872265934944
2026-08-29 11:49:00,0.061991872265934944
2026-08-29 11:50:00,0.06179096736013889
2026-08-29 11:51:00,0.06179096736013889
2026-08-29 11:52:00,0.06179096736013889
2026-08-29 11:53:00,0.06179096736013889
2026-08-29 11:54:00,0.06179096736013889
2026-08-29 11:55:00,0.06277824006974697
2026-08-29 11:56:00,0.06277824006974697
2026-08-29 11:57:00,0.06277824006974697
2026-08-29 11:58:00,0.06277824006974697
2026-08-29 11:59:00,0.06277824006974697
2026-08-29 12:00:00,0.0632589915767312
2026-08-29 12:01:00,0.0632589915767312
2026-08-29 12:02:00,0.0632589915767312
2026-08-29 12:03:00,0.0632589915767312
2026-08-29 12:04:00,0.0632589915767312
2026-08-29 12:05:00,0.060661218129098415
2026-08-29 12:06:00,0.060661218129098415
2026-08-29 12:07:00,0.060661218129098415
2026-08-29 12:08:00,0.060661218129098415
2026-08-29 12:09:00,0.060661218129098415
2026-08-29 12:10:00,0.05976651422679424
2026-08-29 12:11:00,0.05976651422679424
2026-08-29 12:12:00,0.05976651422679424
2026-08-29 12:13:00,0.05976651422679424
2026-08-29 12:14:00,0.05976651422679424
2026-08-29 12:15:00,0.05623316951096058
2026-08-29 12:16:00,0.05623316951096058
2026-08-29 12:17:00,0.05623316951096058
2026-08-29 12:18:00,0.05623316951096058
2026-08-29 12:19:00,0.05623316951096058
2026-08-29 12:20:00,0.05433393083512783
2026-08-29 12:21:00,0.05433393083512783
2026-08-29 12:22:00,0.05433393083512783
2026-08-29 12:23:00,0.05433393083512783
2026-08-29 12:24:00,0.05433393083512783
2026-08-29 12:25:00,0.055465527810156345
2026-08-29 12:26:00,0.055465527810156345
2026-08-29 12:27:00,0.055465527810156345
2026-08-29 12:28:00,0.055465527810156345
2026-08-29 12:29:00,0.055465527810156345
2026-08-29 12:30:00,0.05679156258702278
2026-08-29 12:31:00,0.05679156258702278
2026-08-29 12:32:00,0.05679156258702278
2026-08-29 12:33:00,0.05679156258702278
2026-08-29 12:34:00,0.05679156258702278
2026-08-29 12:35:00,0.05785052850842476
2026-08-29 12:36:00,0.05785052850842476
2026-08-29 12:37:00,0.05785052850842476
2026-08-29 12:38:00,0.05785052850842476
2026-08-29 12:39:00,0.05785052850842476
2026-08-29 12:40:00,0.05705262999981642
2026-08-29 12:41:00,0.05705262999981642
2026-08-29 12:42:00,0.05705262999981642
2026-08-29 12:43:00,0.05705262999981642
2026-08-29 12:44:00,0.05705262999981642
2026-08-29 12:45:00,0.05648535303771496
2026-08-29 12:46:00,0.05648535303771496
2026-08-29 12:47:00,0.05648535303771496
2026-08-29 12:48:00,0.05648535303771496
2026-08-29 12:49:00,0.05648535303771496
2026-08-29 12:50:00,0.05480186827480793
2026-08-29 12:51:00,0.05480186827480793
2026-08-29 12:52:00,0.05480186827480793
2026-08-29 12:53:00,0.05480186827480793
2026-08-29 12:54:00,0.05480186827480793
2026-08-29 12:55:00,0.055840132758021355
2026-08-29 12:56:00,0.055840132758021355
2026-08-29 12:57:00,0.055840132758021355
2026-08-29 12:58:00,0.055840132758021355
2026-08-29 12:59:00,0.055840132758021355
2026-08-29 13:00:00,0.05650007072836161
2026-08-29 13:01:00,0.05650007072836161
2026-08-29 13:02:00,0.05650007072836161
2026-08-29 13:03:00,0.05650007072836161
2026-08-29 13:04:00,0.05650007072836161
2026-08-29 13:05:00,0.05673356167972088
2026-08-29 13:06:00,0.05673356167972088
2026-08-29 13:07:00,0.05673356167972088
2026-08-29 13:08:00,0.05673356167972088
2026-08-29 13:09:00,0.05673356167972088
2026-08-29 13:10:00,0.058309005573391914
2026-08-29 13:11:00,0.058309005573391914
2026-08-29 13:12:00,0.058309005573391914
2026-08-29 13:13:00,0.058309005573391914
2026-08-29 13:14:00,0.058309005573391914
2026-08-29 13:15:00,0.055538847111165524
2026-08-29 13:16:00,0.055538847111165524
2026-08-29 13:17:00,0.055538847111165524
2026-08-29 13:18:00,0.055538847111165524
2026-08-29 13:19:00,0.055538847111165524
2026-08-29 13:20:00,0.05411853827536106
2026-08-29 13:21:00,0.05411853827536106
2026-08-29 13:22:00,0.05411853827536106
2026-08-29 13:23:00,0.05411853827536106
2026-08-29 13:24:00,0.05411853827536106
2026-08-29 13:25:00,0.059672378934919834
2026-08-29 13:26:00,0.059672378934919834
2026-08-29 13:27:00,0.059672378934919834
2026-08-29 13:28:00,0.059672378934919834
2026-08-29 13:29:00,0.059672378934919834
2026-08-29 13:30:00,0.0645604282617569
2026-08-29 13:31:00,0.0645604282617569
2026-08-29 13:32:00,0.0645604282617569
2026-08-29 13:33:00,0.0645604282617569
2026-08-29 13:34:00,0.0645604282617569
2026-08-29 13:35:00,0.07280310150235891
2026-08-29 13:36:00,0.07280310150235891
2026-08-29 13:37:00,0.07280310150235891
2026-08-29 13:38:00,0.07280310150235891
2026-08-29 13:39:00,0.07280310150235891
2026-08-29 13:40:00,0.07991080731153488
2026-08-29 13:41:00,0.07991080731153488
2026-08-29 13:42:00,0.07991080731153488
2026-08-29 13:43:00,0.07991080731153488
2026-08-29 13:44:00,0.07991080731153488
2026-08-29 13:45:00,0.07550540287047625
2026-08-29 13:46:00,0.07550540287047625
2026-08-29 13:47:00,0.07550540287047625
2026-08-29 13:48:00,0.07550540287047625
2026-08-29 13:49:00,0.07550540287047625
2026-08-29 13:50:00,0.0725844157859683
2026-08-29 13:51:00,0.0725844157859683
2026-08-29 13:52:00,0.0725844157859683
2026-08-29 13:53:00,0.0725844157859683
2026-08-29 13:54:00,0.0725844157859683
2026-08-29 13:55:00,0.06750769075006247
2026-08-29 13:56:00,0.06750769075006247
2026-08-29 13:57:00,0.06750769075006247
2026-08-29 13:58:00,0.06750769075006247
2026-08-29 13:59:00,0.06750769075006247
2026-08-29 14:00:00,0.06729598436504602
2026-08-29 14:01:00,0.06729598436504602
2026-08-29 14:02:00,0.06729598436504602
2026-08-29 14:03:00,0.06729598436504602
2026-08-29 14:04:00,0.06729598436504602
2026-08-29 14:05:00,0.07198703847825527
2026-08-29 14:06:00,0.07198703847825527
2026-08-29 14:07:00,0.07198703847825527
2026-08-29 14:08:00,0.07198703847825527
2026-08-29 14:09:00,0.07198703847825527
2026-08-29 14:10:00,0.07366304844617844
2026-08-29 14:11:00,0.07366304844617844
2026-08-29 14:12:00,0.07366304844617844
2026-08-29 14:13:00,0.07366304844617844
2026-08-29 14:14:00,0.07366304844617844
2026-08-29 14:15:00,0.07622558809816837
2026-08-29 14:16:00,0.07622558809816837
2026-08-29 14:17:00,0.07622558809816837
2026-08-29 14:18:00,0.07622558809816837
2026-08-29 14:19:00,0.07622558809816837
2026-08-29 14:20:00,0.07217081915587187
2026-08-29 14:21:00,0.07217081915587187
2026-08-29 14:22:00,0.07217081915587187
2026-08-29 14:23:00,0.07217081915587187
2026-08-29 14:24:00,0.07217081915587187
2026-08-29 14:25:00,0.06672787666320801
2026-08-29 14:26:00,0.06672787666320801
2026-08-29 14:27:00,0.06672787666320801
2026-08-29 14:28:00,0.06672787666320801
2026-08-29 14:29:00,0.06672787666320801
2026-08-29 14:30:00,0.09869363345205784
2026-08-29 14:31:00,0.09869363345205784
2026-08-29 14:32:00,0.09869363345205784
2026-08-29 14:33:00,0.09869363345205784
2026-08-29 14:34:00,0.09869363345205784
2026-08-29 14:35:00,0.1907722596079111
2026-08-29 14:36:00,0.1907722596079111
2026-08-29 14:37:00,0.1907722596079111
2026-08-29 14:38:00,0.1907722596079111
2026-08-29 14:39:00,0.1907722596079111
2026-08-29 14:40:00,0.300965772010386
2026-08-29 14:41:00,0.300965772010386
2026-08-29 14:42:00,0.300965772010386
2026-08-29 14:43:00,0.300965772010386
2026-08-29 14:44:00,0.300965772010386
2026-08-29 14:45:00,0.41602790728211403
2026-08-29 14:46:00,0.41602790728211403
2026-08-29 14:47:00,0.41602790728211403
2026-08-29 14:48:00,0.41602790728211403
2026-08-29 14:49:00,0.41602790728211403
2026-08-29 14:50:00,0.4539105072617531
2026-08-29 14:51:00,0.4539105072617531
2026-08-29 14:52:00,0.4539105072617531
2026-08-29 14:53:00,0.4539105072617531
2026-08-29 14:54:00,0.4539105072617531
2026-08-29 14:55:00,0.3809608295559883
2026-08-29 14:56:00,0.3809608295559883
2026-08-29 14:57:00,0.3809608295559883
2026-08-29 14:58:00,0.3809608295559883
2026-08-29 14:59:00,0.3809608295559883
2026-08-29 15:00:00,0.28266447596251965
2026-08-29 15:01:00,0.28266447596251965
2026-08-29 15:02:00,0.28266447596251965
2026-08-29 15:03:00,0.28266447596251965
2026-08-29 15:04:00,0.28266447596251965
2026-08-29 15:05:00,0.17713244445621967
2026-08-29 15:06:00,0.17713244445621967
2026-08-29 15:07:00,0.17713244445621967
2026-08-29 15:08:00,0.17713244445621967
2026-08-29 15:09:00,0.17713244445621967
2026-08-29 15:10:00,0.11132237501442432
2026-08-29 15:11:00,0.11132237501442432
2026-08-29 15:12:00,0.11132237501442432
2026-08-29 15:13:00,0.11132237501442432
2026-08-29 15:14:00,0.11132237501442432
2026-08-29 15:15:00,0.09427941963076591
2026-08-29 15:16:00,0.09427941963076591
2026-08-29 15:17:00,0.09427941963076591
2026-08-29 15:18:00,0.09427941963076591
2026-08-29 15:19:00,0.09427941963076591
2026-08-29 15:20:00,0.08607620559632778
2026-08-29 15:21:00,0.08607620559632778
2026-08-29 15:22:00,0.08607620559632778
2026-08-29 15:23:00,0.08607620559632778
2026-08-29 15:24:00,0.08607620559632778
2026-08-29 15:25:00,0.08213392645120621
2026-08-29 15:26:00,0.08213392645120621
2026-08-29 15:27:00,0.08213392645120621
2026-08-29 15:28:00,0.08213392645120621
2026-08-29 15:29:00,0.08213392645120621
2026-08-29 15:30:00,0.07751790806651115
2026-08-29 15:31:00,0.07751790806651115
2026-08-29 15:32:00,0.07751790806651115
2026-08-29 15:33:00,0.07751790806651115
2026-08-29 15:34:00,0.07751790806651115
2026-08-29 15:35:00,0.07250689901411533
2026-08-29 15:36:00,0.07250689901411533
2026-08-29 15:37:00,0.07250689901411533
2026-08-29 15:38:00,0.07250689901411533
2026-08-29 15:39:00,0.07250689901411533
2026-08-29 15:40:00,0.06839097570627928
2026-08-29 15:41:00,0.06839097570627928
2026-08-29 15:42:00,0.06839097570627928
2026-08-29 15:43:00,0.06839097570627928
2026-08-29 15:44:00,0.06839097570627928
2026-08-29 15:45:00,0.06526790279895067
2026-08-29 15:46:00,0.06526790279895067
2026-08-29 15:47:00,0.06526790279895067
2026-08-29 15:48:00,0.06526790279895067
2026-08-29 15:49:00,0.06526790279895067
2026-08-29 15:50:00,0.06359356176108122
2026-08-29 15:51:00,0.06359356176108122
2026-08-29 15:52:00,0.06359356176108122
2026-08-29 15:53:00,0.06359356176108122
2026-08-29 15:54:00,0.06359356176108122
2026-08-29 15:55:00,0.06400976236909628
2026-08-29 15:56:00,0.06400976236909628
2026-08-29 15:57:00,0.06400976236909628
2026-08-29 15:58:00,0.06400976236909628
2026-08-29 15:59:00,0.06400976236909628
2026-08-29 16:00:00,0.06369554158300161
2026-08-29 16:01:00,0.06369554158300161
2026-08-29 16:02:00,0.06369554158300161
2026-08-29 16:03:00,0.06369554158300161
2026-08-29 16:04:00,0.06369554158300161
2026-08-29 16:05:00,0.06181159894913435
2026-08-29 16:06:00,0.06181159894913435
2026-08-29 16:07:00,0.06181159894913435
2026-08-29 16:08:00,0.06181159894913435
2026-08-29 16:09:00,0.06181159894913435
2026-08-29 16:10:00,0.059297951869666576
2026-08-29 16:11:00,0.059297951869666576
2026-08-29 16:12:00,0.059297951869666576
2026-08-29 16:13:00,0.059297951869666576
2026-08-29 16:14:00,0.059297951869666576
2026-08-29 16:15:00,0.213503940962255
2026-08-29 16:16:00,0.213503940962255
2026-08-29 16:17:00,0.213503940962255
2026-08-29 16:18:00,0.213503940962255
2026-08-29 16:19:00,0.213503940962255
2026-08-29 16:20:00,0.4259947072714567
2026-08-29 16:21:00,0.4259947072714567
2026-08-29 16:22:00,0.4259947072714567
2026-08-29 16:23:00,0.4259947072714567
2026-08-29 16:24:00,0.4259947072714567
2026-08-29 16:25:00,0.665763521566987
2026-08-29 16:26:00,0.665763521566987
2026-08-29 16:27:00,0.665763521566987
2026-08-29 16:28:00,0.665763521566987
2026-08-29 16:29:00,0.665763521566987
2026-08-29 16:30:00,0.9257648289203644
2026-08-29 16:31:00,0.9257648289203644
2026-08-29 16:32:00,0.9257648289203644
2026-08-29 16:33:00,0.9257648289203644
2026-08-29 16:34:00,0.9257648289203644
2026-08-29 16:35:00,0.9909771382808685
2026-08-29 16:36:00,0.9909771382808685
2026-08-29 16:37:00,0.9909771382808685
2026-08-29 16:38:00,0.9909771382808685
2026-08-29 16:39:00,0.9909771382808685
2026-08-29 16:40:00,0.8689233139157295
2026-08-29 16:41:00,0.8689233139157295
2026-08-29 16:42:00,0.8689233139157295
2026-08-29 16:43:00,0.8689233139157295
2026-08-29 16:44:00,0.8689233139157295
2026-08-29 16:45:00,0.6611534841358662
2026-08-29 16:46:00,0.6611534841358662
2026-08-29 16:47:00,0.6611534841358662
2026-08-29 16:48:00,0.6611534841358662
2026-08-29 16:49:00,0.6611534841358662
2026-08-29 16:50:00,0.42115261778235435
2026-08-29 16:51:00,0.42115261778235435
2026-08-29 16:52:00,0.42115261778235435
2026-08-29 16:53:00,0.42115261778235435
2026-08-29 16:54:00,0.42115261778235435
2026-08-29 16:55:00,0.21539023704826832
2026-08-29 16:56:00,0.21539023704826832
2026-08-29 16:57:00,0.21539023704826832
2026-08-29 16:58:00,0.21539023704826832
2026-08-29 16:59:00,0.21539023704826832
2026-08-29 17:00:00,0.13639803603291512
2026-08-29 17:01:00,0.13639803603291512
2026-08-29 17:02:00,0.13639803603291512
2026-08-29 17:03:00,0.13639803603291512
2026-08-29 17:04:00,0.13639803603291512
2026-08-29 17:05:00,0.11295250430703163
2026-08-29 17:06:00,0.11295250430703163
2026-08-29 17:07:00,0.11295250430703163
2026-08-29 17:08:00,0.11295250430703163
2026-08-29 17:09:00,0.11295250430703163
2026-08-29 17:10:00,0.10221421159803867
2026-08-29 17:11:00,0.10221421159803867
2026-08-29 17:12:00,0.10221421159803867
2026-08-29 17:13:00,0.10221421159803867
2026-08-29 17:14:00,0.10221421159803867
2026-08-29 17:15:00,0.09652918763458729
2026-08-29 17:16:00,0.09652918763458729
2026-08-29 17:17:00,0.09652918763458729
2026-08-29 17:18:00,0.09652918763458729
2026-08-29 17:19:00,0.09652918763458729
2026-08-29 17:20:00,0.09460860304534435
2026-08-29 17:21:00,0.09460860304534435
2026-08-29 17:22:00,0.09460860304534435
2026-08-29 17:23:00,0.09460860304534435
2026-08-29 17:24:00,0.09460860304534435
2026-08-29 17:25:00,0.09426839835941792
2026-08-29 17:26:00,0.09426839835941792
2026-08-29 17:27:00,0.09426839835941792
2026-08-29 17:28:00,0.09426839835941792
2026-08-29 17:29:00,0.09426839835941792
2026-08-29 17:30:00,0.09561586007475853
2026-08-29 17:31:00,0.09561586007475853
2026-08-29 17:32:00,0.09561586007475853
2026-08-29 17:33:00,0.09561586007475853
2026-08-29 17:34:00,0.09561586007475853
2026-08-29 17:35:00,0.09129775688052177
2026-08-29 17:36:00,0.09129775688052177
2026-08-29 17:37:00,0.09129775688052177
2026-08-29 17:38:00,0.09129775688052177
2026-08-29 17:39:00,0.09129775688052177
2026-08-29 17:40:00,0.08364111930131912
2026-08-29 17:41:00,0.08364111930131912
2026-08-29 17:42:00,0.08364111930131912
2026-08-29 17:43:00,0.08364111930131912
2026-08-29 17:44:00,0.08364111930131912
2026-08-29 17:45:00,0.07603150047361851
2026-08-29 17:46:00,0.07603150047361851
2026-08-29 17:47:00,0.07603150047361851
2026-08-29 17:48:00,0.07603150047361851
2026-08-29 17:49:00,0.07603150047361851
2026-08-29 17:50:00,0.08009093254804611
2026-08-29 17:51:00,0.08009093254804611
2026-08-29 17:52:00,0.08009093254804611
2026-08-29 17:53:00,0.08009093254804611
2026-08-29 17:54:00,0.08009093254804611
2026-08-29 17:55:00,0.11235779337584972
2026-08-29 17:56:00,0.11235779337584972
2026-08-29 17:57:00,0.11235779337584972
2026-08-29 17:58:00,0.11235779337584972
2026-08-29 17:59:00,0.11235779337584972
2026-08-29 18:00:00,0.18122456595301628
2026-08-29 18:01:00,0.18122456595301628
2026-08-29 18:02:00,0.18122456595301628
2026-08-29 18:03:00,0.18122456595301628
2026-08-29 18:04:00,0.18122456595301628
2026-08-29 18:05:00,0.29189726151525974
2026-08-29 18:06:00,0.29189726151525974
2026-08-29 18:07:00,0.29189726151525974
2026-08-29 18:08:00,0.29189726151525974
2026-08-29 18:09:00,0.29189726151525974
2026-08-29 18:10:00,0.34338777139782906
2026-08-29 18:11:00,0.34338777139782906
2026-08-29 18:12:00,0.34338777139782906
2026-08-29 18:13:00,0.34338777139782906
2026-08-29 18:14:00,0.34338777139782906
2026-08-29 18:15:00,0.3395453691482544
2026-08-29 18:16:00,0.3395453691482544
2026-08-29 18:17:00,0.3395453691482544
2026-08-29 18:18:00,0.3395453691482544
2026-08-29 18:19:00,0.3395453691482544
2026-08-29 18:20:00,0.2841078136116266
2026-08-29 18:21:00,0.2841078136116266
2026-08-29 18:22:00,0.2841078136116266
2026-08-29 18:23:00,0.2841078136116266
2026-08-29 18:24:00,0.2841078136116266
2026-08-29 18:25:00,0.17638924717903137
2026-08-29 18:26:00,0.17638924717903137
2026-08-29 18:27:00,0.17638924717903137
2026-08-29 18:28:00,0.17638924717903137
2026-08-29 18:29:00,0.17638924717903137
2026-08-29 18:30:00,0.11325541324913502
2026-08-29 18:31:00,0.11325541324913502
2026-08-29 18:32:00,0.11325541324913502
2026-08-29 18:33:00,0.11325541324913502
2026-08-29 18:34:00,0.11325541324913502
2026-08-29 18:35:00,0.0795934097841382
2026-08-29 18:36:00,0.0795934097841382
2026-08-29 18:37:00,0.0795934097841382
2026-08-29 18:38:00,0.0795934097841382
2026-08-29 18:39:00,0.0795934097841382
2026-08-29 18:40:00,0.06073657236993313
2026-08-29 18:41:00,0.06073657236993313
2026-08-29 18:42:00,0.06073657236993313
2026-08-29 18:43:00,0.06073657236993313
2026-08-29 18:44:00,0.06073657236993313
2026-08-29 18:45:00,0.05464720167219639
2026-08-29 18:46:00,0.05464720167219639
2026-08-29 18:47:00,0.05464720167219639
2026-08-29 18:48:00,0.05464720167219639
2026-08-29 18:49:00,0.05464720167219639
2026-08-29 18:50:00,0.05232139304280281
2026-08-29 18:51:00,0.05232139304280281
2026-08-29 18:52:00,0.05232139304280281
2026-08-29 18:53:00,0.05232139304280281
2026-08-29 18:54:00,0.05232139304280281
2026-08-29 18:55:00,0.05211201123893261
2026-08-29 18:56:00,0.05211201123893261
2026-08-29 18:57:00,0.05211201123893261
2026-08-29 18:58:00,0.05211201123893261
2026-08-29 18:59:00,0.05211201123893261
2026-08-29 19:00:00,0.054663010872900486
2026-08-29 19:01:00,0.054663010872900486
2026-08-29 19:02:00,0.054663010872900486
2026-08-29 19:03:00,0.054663010872900486
2026-08-29 19:04:00,0.054663010872900486
2026-08-29 19:05:00,0.05481070000678301
2026-08-29 19:06:00,0.05481070000678301
2026-08-29 19:07:00,0.05481070000678301
2026-08-29 19:08:00,0.05481070000678301
2026-08-29 19:09:00,0.05481070000678301
2026-08-29 19:10:00,0.05367809720337391
2026-08-29 19:11:00,0.05367809720337391
2026-08-29 19:12:00,0.05367809720337391
2026-08-29 19:13:00,0.05367809720337391
2026-08-29 19:14:00,0.05367809720337391
2026-08-29 19:15:00,0.05289033893495798
2026-08-29 19:16:00,0.05289033893495798
2026-08-29 19:17:00,0.05289033893495798
2026-08-29 19:18:00,0.05289033893495798
2026-08-29 19:19:00,0.05289033893495798
2026-08-29 19:20:00,0.054368759505450726
2026-08-29 19:21:00,0.054368759505450726
2026-08-29 19:22:00,0.054368759505450726
2026-08-29 19:23:00,0.054368759505450726
2026-08-29 19:24:00,0.054368759505450726
2026-08-29 19:25:00,0.059002292342484
2026-08-29 19:26:00,0.059002292342484
2026-08-29 19:27:00,0.059002292342484
2026-08-29 19:28:00,0.059002292342484
2026-08-29 19:29:00,0.059002292342484
2026-08-29 19:30:00,0.059912280179560184
2026-08-29 19:31:00,0.059912280179560184
2026-08-29 19:32:00,0.059912280179560184
2026-08-29 19:33:00,0.059912280179560184
2026-08-29 19:34:00,0.059912280179560184
2026-08-29 19:35:00,0.06293879356235266
2026-08-29 19:36:00,0.06293879356235266
2026-08-29 19:37:00,0.06293879356235266
2026-08-29 19:38:00,0.06293879356235266
2026-08-29 19:39:00,0.06293879356235266
2026-08-29 19:40:00,0.06729015056043863
2026-08-29 19:41:00,0.06729015056043863
2026-08-29 19:42:00,0.06729015056043863
2026-08-29 19:43:00,0.06729015056043863
2026-08-29 19:44:00,0.06729015056043863
2026-08-29 19:45:00,0.07082118559628725
2026-08-29 19:46:00,0.07082118559628725
2026-08-29 19:47:00,0.07082118559628725
2026-08-29 19:48:00,0.07082118559628725
2026-08-29 19:49:00,0.07082118559628725
2026-08-29 19:50:00,0.07413568533957005
2026-08-29 19:51:00,0.07413568533957005
2026-08-29 19:52:00,0.07413568533957005
2026-08-29 19:53:00,0.07413568533957005
2026-08-29 19:54:00,0.07413568533957005
2026-08-29 19:55:00,0.07313120272010565
2026-08-29 19:56:00,0.07313120272010565
2026-08-29 19:57:00,0.07313120272010565
2026-08-29 19:58:00,0.07313120272010565
2026-08-29 19:59:00,0.07313120272010565
2026-08-29 20:00:00,0.0698854522779584
2026-08-29 20:01:00,0.0698854522779584
2026-08-29 20:02:00,0.0698854522779584
2026-08-29 20:03:00,0.0698854522779584
2026-08-29 20:04:00,0.0698854522779584
2026-08-29 20:05:00,0.06570047792047262
2026-08-29 20:06:00,0.06570047792047262
2026-08-29 20:07:00,0.06570047792047262
2026-08-29 20:08:00,0.06570047792047262
2026-08-29 20:09:00,0.06570047792047262
2026-08-29 20:10:00,0.06693150382488966
2026-08-29 20:11:00,0.06693150382488966
2026-08-29 20:12:00,0.06693150382488966
2026-08-29 20:13:00,0.06693150382488966
2026-08-29 20:14:00,0.06693150382488966
2026-08-29 20:15:00,0.06558576691895723
2026-08-29 20:16:00,0.06558576691895723
2026-08-29 20:17:00,0.06558576691895723
2026-08-29 20:18:00,0.06558576691895723
2026-08-29 20:19:00,0.06558576691895723
2026-08-29 20:20:00,0.06312171556055546
2026-08-29 20:21:00,0.06312171556055546
2026-08-29 20:22:00,0.06312171556055546
2026-08-29 20:23:00,0.06312171556055546
2026-08-29 20:24:00,0.06312171556055546
2026-08-29 20:25:00,0.06418042443692684
2026-08-29 20:26:00,0.06418042443692684
2026-08-29 20:27:00,0.06418042443692684
2026-08-29 20:28:00,0.06418042443692684
2026-08-29 20:29:00,0.06418042443692684
2026-08-29 20:30:00,0.06255932711064816
2026-08-29 20:31:00,0.06255932711064816
2026-08-29 20:32:00,0.06255932711064816
2026-08-29 20:33:00,0.06255932711064816
2026-08-29 20:34:00,0.06255932711064816
2026-08-29 20:35:00,0.06565643940120935
2026-08-29 20:36:00,0.06565643940120935
2026-08-29 20:37:00,0.06565643940120935
2026-08-29 20:38:00,0.06565643940120935
2026-08-29 20:39:00,0.06565643940120935
2026-08-29 20:40:00,0.06902045384049416
2026-08-29 20:41:00,0.06902045384049416
2026-08-29 20:42:00,0.06902045384049416
2026-08-29 20:43:00,0.06902045384049416
2026-08-29 20:44:00,0.06902045384049416
2026-08-29 20:45:00,0.06669518258422613
2026-08-29 20:46:00,0.06669518258422613
2026-08-29 20:47:00,0.06669518258422613
2026-08-29 20:48:00,0.06669518258422613
2026-08-29 20:49:00,0.06669518258422613
2026-08-29 20:50:00,0.06303353328257799
2026-08-29 20:51:00,0.06303353328257799
2026-08-29 20:52:00,0.06303353328257799
2026-08-29 20:53:00,0.06303353328257799
2026-08-29 20:54:00,0.06303353328257799
2026-08-29 20:55:00,0.06078889314085245
2026-08-29 20:56:00,0.06078889314085245
2026-08-29 20:57:00,0.06078889314085245
2026-08-29 20:58:00,0.06078889314085245
2026-08-29 20:59:00,0.06078889314085245
2026-08-29 21:00:00,0.05935641471296549
2026-08-29 21:01:00,0.05935641471296549
2026-08-29 21:02:00,0.05935641471296549
2026-08-29 21:03:00,0.05935641471296549
2026-08-29 21:04:00,0.05935641471296549
2026-08-29 21:05:00,0.06265665031969547
2026-08-29 21:06:00,0.06265665031969547
2026-08-29 21:07:00,0.06265665031969547
2026-08-29 21:08:00,0.06265665031969547
2026-08-29 21:09:00,0.06265665031969547
2026-08-29 21:10:00,0.06821735948324203
2026-08-29 21:11:00,0.06821735948324203
2026-08-29 21:12:00,0.06821735948324203
2026-08-29 21:13:00,0.06821735948324203
2026-08-29 21:14:00,0.06821735948324203
2026-08-29 21:15:00,0.06798495166003704
2026-08-29 21:16:00,0.06798495166003704
2026-08-29 21:17:00,0.06798495166003704
2026-08-29 21:18:00,0.06798495166003704
2026-08-29 21:19:00,0.06798495166003704
2026-08-29 21:20:00,0.06749165244400501
2026-08-29 21:21:00,0.06749165244400501
2026-08-29 21:22:00,0.06749165244400501
2026-08-29 21:23:00,0.06749165244400501
2026-08-29 21:24:00,0.06749165244400501
2026-08-29 21:25:00,0.33378180488944054
2026-08-29 21:26:00,0.33378180488944054
2026-08-29 21:27:00,0.33378180488944054
2026-08-29 21:28:00,0.33378180488944054
2026-08-29 21:29:00,0.33378180488944054
2026-08-29 21:30:00,0.5996655318886042
2026-08-29 21:31:00,0.5996655318886042
2026-08-29 21:32:00,0.5996655318886042
2026-08-29 21:33:00,0.5996655318886042
2026-08-29 21:34:00,0.5996655318886042
2026-08-29 21:35:00,0.8700764067471027
2026-08-29 21:36:00,0.8700764067471027
2026-08-29 21:37:00,0.8700764067471027
2026-08-29 21:38:00,0.8700764067471027
2026-08-29 21:39:00,0.8700764067471027
2026-08-29 21:40:00,1.1398195922374725
2026-08-29 21:41:00,1.1398195922374725
2026-08-29 21:42:00,1.1398195922374725
2026-08-29 21:43:00,1.1398195922374725
2026-08-29 21:44:00,1.1398195922374725
2026-08-29 21:45:00,0.9102299213409424
2026-08-29 21:46:00,0.9102299213409424
2026-08-29 21:47:00,0.9102299213409424
2026-08-29 21:48:00,0.9102299213409424
2026-08-29 21:49:00,0.9102299213409424
2026-08-29 21:50:00,0.6806351095438004
2026-08-29 21:51:00,0.6806351095438004
2026-08-29 21:52:00,0.6806351095438004
2026-08-29 21:53:00,0.6806351095438004
2026-08-29 21:54:00,0.6806351095438004
2026-08-29 21:55:00,0.45212701335549355
2026-08-29 21:56:00,0.45212701335549355
2026-08-29 21:57:00,0.45212701335549355
2026-08-29 21:58:00,0.45212701335549355
2026-08-29 21:59:00,0.45212701335549355
2026-08-29 22:00:00,0.2246445119380951
2026-08-29 22:01:00,0.2246445119380951
2026-08-29 22:02:00,0.2246445119380951
2026-08-29 22:03:00,0.2246445119380951
2026-08-29 22:04:00,0.2246445119380951
2026-08-29 22:05:00,0.22608065232634544
2026-08-29 22:06:00,0.22608065232634544
2026-08-29 22:07:00,0.22608065232634544
2026-08-29 22:08:00,0.22608065232634544
2026-08-29 22:09:00,0.22608065232634544
2026-08-29 22:10:00,0.22617868706583977
2026-08-29 22:11:00,0.22617868706583977
2026-08-29 22:12:00,0.22617868706583977
2026-08-29 22:13:00,0.22617868706583977
2026-08-29 22:14:00,0.22617868706583977
2026-08-29 22:15:00,0.22471975535154343
2026-08-29 22:16:00,0.22471975535154343
2026-08-29 22:17:00,0.22471975535154343
2026-08-29 22:18:00,0.22471975535154343
2026-08-29 22:19:00,0.22471975535154343
2026-08-29 22:20:00,0.22269432246685028
2026-08-29 22:21:00,0.22269432246685028
2026-08-29 22:22:00,0.22269432246685028
2026-08-29 22:23:00,0.22269432246685028
2026-08-29 22:24:00,0.22269432246685028
2026-08-29 22:25:00,0.22119176760315895
2026-08-29 22:26:00,0.22119176760315895
2026-08-29 22:27:00,0.22119176760315895
2026-08-29 22:28:00,0.22119176760315895
2026-08-29 22:29:00,0.22119176760315895
2026-08-29 22:30:00,0.2217889241874218
2026-08-29 22:31:00,0.2217889241874218
2026-08-29 22:32:00,0.2217889241874218
2026-08-29 22:33:00,0.2217889241874218
2026-08-29 22:34:00,0.2217889241874218
2026-08-29 22:35:00,0.22166357934474945
2026-08-29 22:36:00,0.22166357934474945
2026-08-29 22:37:00,0.22166357934474945
2026-08-29 22:38:00,0.22166357934474945
2026-08-29 22:39:00,0.22166357934474945
2026-08-29 22:40:00,0.22137848287820816
2026-08-29 22:41:00,0.22137848287820816
2026-08-29 22:42:00,0.22137848287820816
2026-08-29 22:43:00,0.22137848287820816
2026-08-29 22:44:00,0.22137848287820816
2026-08-29 22:45:00,0.18452045507729053
2026-08-29 22:46:00,0.18452045507729053
2026-08-29 22:47:00,0.18452045507729053
2026-08-29 22:48:00,0.18452045507729053
2026-08-29 22:49:00,0.18452045507729053
2026-08-29 22:50:00,0.14679907634854317
2026-08-29 22:51:00,0.14679907634854317
2026-08-29 22:52:00,0.14679907634854317
2026-08-29 22:53:00,0.14679907634854317
2026-08-29 22:54:00,0.14679907634854317
2026-08-29 22:55:00,0.10985532589256763
2026-08-29 22:56:00,0.10985532589256763
2026-08-29 22:57:00,0.10985532589256763
2026-08-29 22:58:00,0.10985532589256763
2026-08-29 22:59:00,0.10985532589256763
2026-08-29 23:00:00,0.07009034045040607
2026-08-29 23:01:00,0.07009034045040607
2026-08-29 23:02:00,0.07009034045040607
2026-08-29 23:03:00,0.07009034045040607
2026-08-29 23:04:00,0.07009034045040607
2026-08-29 23:05:00,0.06487776432186365
2026-08-29 23:06:00,0.06487776432186365
2026-08-29 23:07:00,0.06487776432186365
2026-08-29 23:08:00,0.06487776432186365
2026-08-29 23:09:00,0.06487776432186365
2026-08-29 23:10:00,0.05979331489652395
2026-08-29 23:11:00,0.05979331489652395
2026-08-29 23:12:00,0.05979331489652395
2026-08-29 23:13:00,0.05979331489652395
2026-08-29 23:14:00,0.05979331489652395
2026-08-29 23:15:00,0.053856898099184036
2026-08-29 23:16:00,0.053856898099184036
2026-08-29 23:17:00,0.053856898099184036
2026-08-29 23:18:00,0.053856898099184036
2026-08-29 23:19:00,0.053856898099184036
2026-08-29 23:20:00,0.05107991490513086
2026-08-29 23:21:00,0.05107991490513086
2026-08-29 23:22:00,0.05107991490513086
2026-08-29 23:23:00,0.05107991490513086
2026-08-29 23:24:00,0.05107991490513086
2026-08-29 23:25:00,0.04931418877094984
2026-08-29 23:26:00,0.04931418877094984
2026-08-29 23:27:00,0.04931418877094984
2026-08-29 23:28:00,0.04931418877094984
2026-08-29 23:29:00,0.04931418877094984
2026-08-29 23:30:00,0.04885893687605858
2026-08-29 23:31:00,0.04885893687605858
2026-08-29 23:32:00,0.04885893687605858
2026-08-29 23:33:00,0.04885893687605858
2026-08-29 23:34:00,0.04885893687605858
2026-08-29 23:35:00,0.05200883187353611
2026-08-29 23:36:00,0.05200883187353611
2026-08-29 23:37:00,0.05200883187353611
2026-08-29 23:38:00,0.05200883187353611
2026-08-29 23:39:00,0.05200883187353611
2026-08-29 23:40:00,0.05805295053869486
2026-08-29 23:41:00,0.05805295053869486
2026-08-29 23:42:00,0.05805295053869486
2026-08-29 23:43:00,0.05805295053869486
2026-08-29 23:44:00,0.05805295053869486
2026-08-29 23:45:00,0.34712247364223003
2026-08-29 23:46:00,0.34712247364223003
2026-08-29 23:47:00,0.34712247364223003
2026-08-29 23:48:00,0.34712247364223003
2026-08-29 23:49:00,0.34712247364223003
2026-08-29 23:50:00,0.6348478542640805
2026-08-29 23:51:00,0.6348478542640805
2026-08-29 23:52:00,0.6348478542640805
2026-08-29 23:53:00,0.6348478542640805
2026-08-29 23:54:00,0.6348478542640805
2026-08-29 23:55:00,0.9202427491545677
2026-08-29 23:56:00,0.9202427491545677
2026-08-29 23:57:00,0.9202427491545677
2026-08-29 23:58:00,0.9202427491545677
2026-08-29 23:59:00,0.9202427491545677
2026-08-30 00:00:00,1.2021231949329376
2026-08-30 00:01:00,1.2021231949329376
2026-08-30 00:02:00,1.2021231949329376
2026-08-30 00:03:00,1.2021231949329376
2026-08-30 00:04:00,1.2021231949329376
2026-08-30 00:05:00,0.9642774313688278
2026-08-30 00:06:00,0.9642774313688278
2026-08-30 00:07:00,0.9642774313688278
2026-08-30 00:08:00,0.9642774313688278
2026-08-30 00:09:00,0.9642774313688278
2026-08-30 00:10:00,0.7264747768640518
2026-08-30 00:11:00,0.7264747768640518
2026-08-30 00:12:00,0.7264747768640518
2026-08-30 00:13:00,0.7264747768640518
2026-08-30 00:14:00,0.7264747768640518
2026-08-30 00:15:00,0.48517100512981415
2026-08-30 00:16:00,0.48517100512981415
2026-08-30 00:17:00,0.48517100512981415
2026-08-30 00:18:00,0.48517100512981415
2026-08-30 00:19:00,0.48517100512981415
2026-08-30 00:20:00,0.24364997446537018
2026-08-30 00:21:00,0.24364997446537018
2026-08-30 00:22:00,0.24364997446537018
2026-08-30 00:23:00,0.24364997446537018
2026-08-30 00:24:00,0.24364997446537018
2026-08-30 00:25:00,0.2402559630572796
2026-08-30 00:26:00,0.2402559630572796
2026-08-30 00:27:00,0.2402559630572796
2026-08-30 00:28:00,0.2402559630572796
2026-08-30 00:29:00,0.2402559630572796
2026-08-30 00:30:00,0.2372899278998375
2026-08-30 00:31:00,0.2372899278998375
2026-08-30 00:32:00,0.2372899278998375
2026-08-30 00:33:00,0.2372899278998375
2026-08-30 00:34:00,0.2372899278998375
2026-08-30 00:35:00,0.23849131166934967
2026-08-30 00:36:00,0.23849131166934967
2026-08-30 00:37:00,0.23849131166934967
2026-08-30 00:38:00,0.23849131166934967
2026-08-30 00:39:00,0.23849131166934967
2026-08-30 00:40:00,0.2396075651049614
2026-08-30 00:41:00,0.2396075651049614
2026-08-30 00:42:00,0.2396075651049614
2026-08-30 00:43:00,0.2396075651049614
2026-08-30 00:44:00,0.2396075651049614
2026-08-30 00:45:00,0.24227386340498924
2026-08-30 00:46:00,0.24227386340498924
2026-08-30 00:47:00,0.24227386340498924
2026-08-30 00:48:00,0.24227386340498924
2026-08-30 00:49:00,0.24227386340498924
2026-08-30 00:50:00,0.24637074768543243
2026-08-30 00:51:00,0.24637074768543243
2026-08-30 00:52:00,0.24637074768543243
2026-08-30 00:53:00,0.24637074768543243
2026-08-30 00:54:00,0.24637074768543243
2026-08-30 00:55:00,0.24986602365970612
2026-08-30 00:56:00,0.24986602365970612
2026-08-30 00:57:00,0.24986602365970612
2026-08-30 00:58:00,0.24986602365970612
2026-08-30 00:59:00,0.24986602365970612
2026-08-30 01:00:00,0.2525474280118942
2026-08-30 01:01:00,0.2525474280118942
2026-08-30 01:02:00,0.2525474280118942
2026-08-30 01:03:00,0.2525474280118942
2026-08-30 01:04:00,0.2525474280118942
2026-08-30 01:05:00,0.2065594457089901
2026-08-30 01:06:00,0.2065594457089901
2026-08-30 01:07:00,0.2065594457089901
2026-08-30 01:08:00,0.2065594457089901
2026-08-30 01:09:00,0.2065594457089901
2026-08-30 01:10:00,0.159152215346694
2026-08-30 01:11:00,0.159152215346694
2026-08-30 01:12:00,0.159152215346694
2026-08-30 01:13:00,0.159152215346694
2026-08-30 01:14:00,0.159152215346694
2026-08-30 01:15:00,0.11398543789982796
2026-08-30 01:16:00,0.11398543789982796
2026-08-30 01:17:00,0.11398543789982796
2026-08-30 01:18:00,0.11398543789982796
2026-08-30 01:19:00,0.11398543789982796
2026-08-30 01:20:00,0.0730338990688324
2026-08-30 01:21:00,0.0730338990688324
2026-08-30 01:22:00,0.0730338990688324
2026-08-30 01:23:00,0.0730338990688324
2026-08-30 01:24:00,0.0730338990688324
2026-08-30 01:25:00,0.0755157433450222
2026-08-30 01:26:00,0.0755157433450222
2026-08-30 01:27:00,0.0755157433450222
2026-08-30 01:28:00,0.0755157433450222
2026-08-30 01:29:00,0.0755157433450222
2026-08-30 01:30:00,0.07460865471512079
2026-08-30 01:31:00,0.07460865471512079
2026-08-30 01:32:00,0.07460865471512079
2026-08-30 01:33:00,0.07460865471512079
2026-08-30 01:34:00,0.07460865471512079
2026-08-30 01:35:00,0.06991643086075783
2026-08-30 01:36:00,0.06991643086075783
2026-08-30 01:37:00,0.06991643086075783
2026-08-30 01:38:00,0.06991643086075783
2026-08-30 01:39:00,0.06991643086075783
2026-08-30 01:40:00,0.06089407578110695
2026-08-30 01:41:00,0.06089407578110695
2026-08-30 01:42:00,0.06089407578110695
2026-08-30 01:43:00,0.06089407578110695
2026-08-30 01:44:00,0.06089407578110695
2026-08-30 01:45:00,0.056507233530282974
2026-08-30 01:46:00,0.056507233530282974
2026-08-30 01:47:00,0.056507233530282974
2026-08-30 01:48:00,0.056507233530282974
2026-08-30 01:49:00,0.056507233530282974
2026-08-30 01:50:00,0.057228331454098225
2026-08-30 01:51:00,0.057228331454098225
2026-08-30 01:52:00,0.057228331454098225
2026-08-30 01:53:00,0.057228331454098225
2026-08-30 01:54:00,0.057228331454098225
2026-08-30 01:55:00,0.060916319489479065
2026-08-30 01:56:00,0.060916319489479065
2026-08-30 01:57:00,0.060916319489479065
2026-08-30 01:58:00,0.060916319489479065
2026-08-30 01:59:00,0.060916319489479065
2026-08-30 02:00:00,0.06665228679776192
2026-08-30 02:01:00,0.06665228679776192
2026-08-30 02:02:00,0.06665228679776192
2026-08-30 02:03:00,0.06665228679776192
2026-08-30 02:04:00,0.06665228679776192
2026-08-30 02:05:00,0.0939256064593792
2026-08-30 02:06:00,0.0939256064593792
2026-08-30 02:07:00,0.0939256064593792
2026-08-30 02:08:00,0.0939256064593792
2026-08-30 02:09:00,0.0939256064593792
2026-08-30 02:10:00,0.12051991000771523
2026-08-30 02:11:00,0.12051991000771523
2026-08-30 02:12:00,0.12051991000771523
2026-08-30 02:13:00,0.12051991000771523
2026-08-30 02:14:00,0.12051991000771523
2026-08-30 02:15:00,0.1464877799153328
2026-08-30 02:16:00,0.1464877799153328
2026-08-30 02:17:00,0.1464877799153328
2026-08-30 02:18:00,0.1464877799153328
2026-08-30 02:19:00,0.1464877799153328
2026-08-30 02:20:00,0.17447976395487785
2026-08-30 02:21:00,0.17447976395487785
2026-08-30 02:22:00,0.17447976395487785
2026-08-30 02:23:00,0.17447976395487785
2026-08-30 02:24:00,0.17447976395487785
2026-08-30 02:25:00,0.1595378816127777
2026-08-30 02:26:00,0.1595378816127777
2026-08-30 02:27:00,0.1595378816127777
2026-08-30 02:28:00,0.1595378816127777
2026-08-30 02:29:00,0.1595378816127777
2026-08-30 02:30:00,0.13243956491351128
2026-08-30 02:31:00,0.13243956491351128
2026-08-30 02:32:00,0.13243956491351128
2026-08-30 02:33:00,0.13243956491351128
2026-08-30 02:34:00,0.13243956491351128
2026-08-30 02:35:00,0.10472498275339603
2026-08-30 02:36:00,0.10472498275339603
2026-08-30 02:37:00,0.10472498275339603
2026-08-30 02:38:00,0.10472498275339603
2026-08-30 02:39:00,0.10472498275339603
2026-08-30 02:40:00,0.07651468925178051
2026-08-30 02:41:00,0.07651468925178051
2026-08-30 02:42:00,0.07651468925178051
2026-08-30 02:43:00,0.07651468925178051
2026-08-30 02:44:00,0.07651468925178051
2026-08-30 02:45:00,0.06865603104233742
2026-08-30 02:46:00,0.06865603104233742
2026-08-30 02:47:00,0.06865603104233742
2026-08-30 02:48:00,0.06865603104233742
2026-08-30 02:49:00,0.06865603104233742
2026-08-30 02:50:00,0.07260272279381752
2026-08-30 02:51:00,0.07260272279381752
2026-08-30 02:52:00,0.07260272279381752
2026-08-30 02:53:00,0.07260272279381752
2026-08-30 02:54:00,0.07260272279381752
2026-08-30 02:55:00,0.08596219308674335
2026-08-30 02:56:00,0.08596219308674335
2026-08-30 02:57:00,0.08596219308674335
2026-08-30 02:58:00,0.08596219308674335
2026-08-30 02:59:00,0.08596219308674335
2026-08-30 03:00:00,0.09955982677638531
2026-08-30 03:01:00,0.09955982677638531
2026-08-30 03:02:00,0.09955982677638531
2026-08-30 03:03:00,0.09955982677638531
2026-08-30 03:04:00,0.09955982677638531
2026-08-30 03:05:00,0.11417317762970924
2026-08-30 03:06:00,0.11417317762970924
2026-08-30 03:07:00,0.11417317762970924
2026-08-30 03:08:00,0.11417317762970924
2026-08-30 03:09:00,0.11417317762970924
2026-08-30 03:10:00,0.12577969580888748
2026-08-30 03:11:00,0.12577969580888748
2026-08-30 03:12:00,0.12577969580888748
2026-08-30 03:13:00,0.12577969580888748
2026-08-30 03:14:00,0.12577969580888748
2026-08-30 03:15:00,0.11537125520408154
2026-08-30 03:16:00,0.11537125520408154
2026-08-30 03:17:00,0.11537125520408154
2026-08-30 03:18:00,0.11537125520408154
2026-08-30 03:19:00,0.11537125520408154
2026-08-30 03:20:00,0.09818190801888704
2026-08-30 03:21:00,0.09818190801888704
2026-08-30 03:22:00,0.09818190801888704
2026-08-30 03:23:00,0.09818190801888704
2026-08-30 03:24:00,0.09818190801888704
2026-08-30 03:25:00,0.07877981569617987
2026-08-30 03:26:00,0.07877981569617987
2026-08-30 03:27:00,0.07877981569617987
2026-08-30 03:28:00,0.07877981569617987
2026-08-30 03:29:00,0.07877981569617987
2026-08-30 03:30:00,0.06379098165780306
2026-08-30 03:31:00,0.06379098165780306
2026-08-30 03:32:00,0.06379098165780306
2026-08-30 03:33:00,0.06379098165780306
2026-08-30 03:34:00,0.06379098165780306
2026-08-30 03:35:00,0.06100315134972334
2026-08-30 03:36:00,0.06100315134972334
2026-08-30 03:37:00,0.06100315134972334
2026-08-30 03:38:00,0.06100315134972334
2026-08-30 03:39:00,0.06100315134972334
2026-08-30 03:40:00,0.06204143725335598
2026-08-30 03:41:00,0.06204143725335598
2026-08-30 03:42:00,0.06204143725335598
2026-08-30 03:43:00,0.06204143725335598
2026-08-30 03:44:00,0.06204143725335598
2026-08-30 03:45:00,0.06476041115820408
2026-08-30 03:46:00,0.06476041115820408
2026-08-30 03:47:00,0.06476041115820408
2026-08-30 03:48:00,0.06476041115820408
2026-08-30 03:49:00,0.06476041115820408
2026-08-30 03:50:00,0.07343569025397301
2026-08-30 03:51:00,0.07343569025397301
2026-08-30 03:52:00,0.07343569025397301
2026-08-30 03:53:00,0.07343569025397301
2026-08-30 03:54:00,0.07343569025397301
2026-08-30 03:55:00,0.08349383249878883
2026-08-30 03:56:00,0.08349383249878883
2026-08-30 03:57:00,0.08349383249878883
2026-08-30 03:58:00,0.08349383249878883
2026-08-30 03:59:00,0.08349383249878883
2026-08-30 04:00:00,0.09247909113764763
2026-08-30 04:01:00,0.09247909113764763
2026-08-30 04:02:00,0.09247909113764763
2026-08-30 04:03:00,0.09247909113764763
2026-08-30 04:04:00,0.09247909113764763
2026-08-30 04:05:00,0.0955873467028141
2026-08-30 04:06:00,0.0955873467028141
2026-08-30 04:07:00,0.0955873467028141
2026-08-30 04:08:00,0.0955873467028141
2026-08-30 04:09:00,0.0955873467028141
2026-08-30 04:10:00,0.08377648890018463
2026-08-30 04:11:00,0.08377648890018463
2026-08-30 04:12:00,0.08377648890018463
2026-08-30 04:13:00,0.08377648890018463
2026-08-30 04:14:00,0.08377648890018463
2026-08-30 04:15:00,0.06916308775544167
2026-08-30 04:16:00,0.06916308775544167
2026-08-30 04:17:00,0.06916308775544167
2026-08-30 04:18:00,0.06916308775544167
2026-08-30 04:19:00,0.06916308775544167
2026-08-30 04:20:00,0.056720953434705734
2026-08-30 04:21:00,0.056720953434705734
2026-08-30 04:22:00,0.056720953434705734
2026-08-30 04:23:00,0.056720953434705734
2026-08-30 04:24:00,0.056720953434705734
2026-08-30 04:25:00,0.05084338504821062
2026-08-30 04:26:00,0.05084338504821062
2026-08-30 04:27:00,0.05084338504821062
2026-08-30 04:28:00,0.05084338504821062
2026-08-30 04:29:00,0.05084338504821062
2026-08-30 04:30:00,0.051117668859660625
2026-08-30 04:31:00,0.051117668859660625
2026-08-30 04:32:00,0.051117668859660625
2026-08-30 04:33:00,0.051117668859660625
2026-08-30 04:34:00,0.051117668859660625
2026-08-30 04:35:00,0.05502769164741039
2026-08-30 04:36:00,0.05502769164741039
2026-08-30 04:37:00,0.05502769164741039
2026-08-30 04:38:00,0.05502769164741039
2026-08-30 04:39:00,0.05502769164741039
2026-08-30 04:40:00,0.06026158295571804
2026-08-30 04:41:00,0.06026158295571804
2026-08-30 04:42:00,0.06026158295571804
2026-08-30 04:43:00,0.06026158295571804
2026-08-30 04:44:00,0.06026158295571804
2026-08-30 04:45:00,0.06439648289233446
2026-08-30 04:46:00,0.06439648289233446
2026-08-30 04:47:00,0.06439648289233446
2026-08-30 04:48:00,0.06439648289233446
2026-08-30 04:49:00,0.06439648289233446
2026-08-30 04:50:00,0.06947640422731638
2026-08-30 04:51:00,0.06947640422731638
2026-08-30 04:52:00,0.06947640422731638
2026-08-30 04:53:00,0.06947640422731638
2026-08-30 04:54:00,0.06947640422731638
2026-08-30 04:55:00,0.07211347296833992
2026-08-30 04:56:00,0.07211347296833992
2026-08-30 04:57:00,0.07211347296833992
2026-08-30 04:58:00,0.07211347296833992
2026-08-30 04:59:00,0.07211347296833992
2026-08-30 05:00:00,0.0726818460971117
2026-08-30 05:01:00,0.0726818460971117
2026-08-30 05:02:00,0.0726818460971117
2026-08-30 05:03:00,0.0726818460971117
2026-08-30 05:04:00,0.0726818460971117
2026-08-30 05:05:00,0.07172306068241596
2026-08-30 05:06:00,0.07172306068241596
2026-08-30 05:07:00,0.07172306068241596
2026-08-30 05:08:00,0.07172306068241596
2026-08-30 05:09:00,0.07172306068241596
2026-08-30 05:10:00,0.06739287171512842
2026-08-30 05:11:00,0.06739287171512842
2026-08-30 05:12:00,0.06739287171512842
2026-08-30 05:13:00,0.06739287171512842
2026-08-30 05:14:00,0.06739287171512842
2026-08-30 05:15:00,0.06513434555381536
2026-08-30 05:16:00,0.06513434555381536
2026-08-30 05:17:00,0.06513434555381536
2026-08-30 05:18:00,0.06513434555381536
2026-08-30 05:19:00,0.06513434555381536
2026-08-30 05:20:00,0.0625483812764287
2026-08-30 05:21:00,0.0625483812764287
2026-08-30 05:22:00,0.0625483812764287
2026-08-30 05:23:00,0.0625483812764287
2026-08-30 05:24:00,0.0625483812764287
2026-08-30 05:25:00,0.061481776647269726
2026-08-30 05:26:00,0.061481776647269726
2026-08-30 05:27:00,0.061481776647269726
2026-08-30 05:28:00,0.061481776647269726
2026-08-30 05:29:00,0.061481776647269726
2026-08-30 05:30:00,0.06174087058752775
2026-08-30 05:31:00,0.06174087058752775
2026-08-30 05:32:00,0.06174087058752775
2026-08-30 05:33:00,0.06174087058752775
2026-08-30 05:34:00,0.06174087058752775
2026-08-30 05:35:00,0.05926495883613825
2026-08-30 05:36:00,0.05926495883613825
2026-08-30 05:37:00,0.05926495883613825
2026-08-30 05:38:00,0.05926495883613825
2026-08-30 05:39:00,0.05926495883613825
2026-08-30 05:40:00,0.06012001167982817
2026-08-30 05:41:00,0.06012001167982817
2026-08-30 05:42:00,0.06012001167982817
2026-08-30 05:43:00,0.06012001167982817
2026-08-30 05:44:00,0.06012001167982817
2026-08-30 05:45:00,0.0631404360756278
2026-08-30 05:46:00,0.0631404360756278
2026-08-30 05:47:00,0.0631404360756278
2026-08-30 05:48:00,0.0631404360756278
2026-08-30 05:49:00,0.0631404360756278
2026-08-30 05:50:00,0.06765928119421005
2026-08-30 05:51:00,0.06765928119421005
2026-08-30 05:52:00,0.06765928119421005
2026-08-30 05:53:00,0.06765928119421005
2026-08-30 05:54:00,0.06765928119421005
2026-08-30 05:55:00,0.0711213480681181
2026-08-30 05:56:00,0.0711213480681181
2026-08-30 05:57:00,0.0711213480681181
2026-08-30 05:58:00,0.0711213480681181
2026-08-30 05:59:00,0.0711213480681181
2026-08-30 06:00:00,0.06821225862950087
2026-08-30 06:01:00,0.06821225862950087
2026-08-30 06:02:00,0.06821225862950087
2026-08-30 06:03:00,0.06821225862950087
2026-08-30 06:04:00,0.06821225862950087
2026-08-30 06:05:00,0.06569137703627348
2026-08-30 06:06:00,0.06569137703627348
2026-08-30 06:07:00,0.06569137703627348
2026-08-30 06:08:00,0.06569137703627348
2026-08-30 06:09:00,0.06569137703627348
2026-08-30 06:10:00,0.06233237870037556
2026-08-30 06:11:00,0.06233237870037556
2026-08-30 06:12:00,0.06233237870037556
2026-08-30 06:13:00,0.06233237870037556
2026-08-30 06:14:00,0.06233237870037556
2026-08-30 06:15:00,0.06141758896410465
2026-08-30 06:16:00,0.06141758896410465
2026-08-30 06:17:00,0.06141758896410465
2026-08-30 06:18:00,0.06141758896410465
2026-08-30 06:19:00,0.06141758896410465
2026-08-30 06:20:00,0.06446170341223478
2026-08-30 06:21:00,0.06446170341223478
2026-08-30 06:22:00,0.06446170341223478
2026-08-30 06:23:00,0.06446170341223478
2026-08-30 06:24:00,0.06446170341223478
2026-08-30 06:25:00,0.06201435253024101
2026-08-30 06:26:00,0.06201435253024101
2026-08-30 06:27:00,0.06201435253024101
2026-08-30 06:28:00,0.06201435253024101
2026-08-30 06:29:00,0.06201435253024101
2026-08-30 06:30:00,0.06217260379344225
2026-08-30 06:31:00,0.06217260379344225
2026-08-30 06:32:00,0.06217260379344225
2026-08-30 06:33:00,0.06217260379344225
2026-08-30 06:34:00,0.06217260379344225
2026-08-30 06:35:00,0.06347619835287333
2026-08-30 06:36:00,0.06347619835287333
2026-08-30 06:37:00,0.06347619835287333
2026-08-30 06:38:00,0.06347619835287333
2026-08-30 06:39:00,0.06347619835287333
2026-08-30 06:40:00,0.06504485663026571
2026-08-30 06:41:00,0.06504485663026571
2026-08-30 06:42:00,0.06504485663026571
2026-08-30 06:43:00,0.06504485663026571
2026-08-30 06:44:00,0.06504485663026571
2026-08-30 06:45:00,0.07032679580152035
2026-08-30 06:46:00,0.07032679580152035
2026-08-30 06:47:00,0.07032679580152035
2026-08-30 06:48:00,0.07032679580152035
2026-08-30 06:49:00,0.07032679580152035
2026-08-30 06:50:00,0.08086787350475788
2026-08-30 06:51:00,0.08086787350475788
2026-08-30 06:52:00,0.08086787350475788
2026-08-30 06:53:00,0.08086787350475788
2026-08-30 06:54:00,0.08086787350475788
2026-08-30 06:55:00,0.09288125298917294
2026-08-30 06:56:00,0.09288125298917294
2026-08-30 06:57:00,0.09288125298917294
2026-08-30 06:58:00,0.09288125298917294
2026-08-30 06:59:00,0.09288125298917294
2026-08-30 07:00:00,0.10039488039910793
2026-08-30 07:01:00,0.10039488039910793
2026-08-30 07:02:00,0.10039488039910793
2026-08-30 07:03:00,0.10039488039910793
2026-08-30 07:04:00,0.10039488039910793
2026-08-30 07:05:00,0.10481595061719418
2026-08-30 07:06:00,0.10481595061719418
2026-08-30 07:07:00,0.10481595061719418
2026-08-30 07:08:00,0.10481595061719418
2026-08-30 07:09:00,0.10481595061719418
2026-08-30 07:10:00,0.0939452899619937
2026-08-30 07:11:00,0.0939452899619937
2026-08-30 07:12:00,0.0939452899619937
2026-08-30 07:13:00,0.0939452899619937
2026-08-30 07:14:00,0.0939452899619937
2026-08-30 07:15:00,0.07739623263478279
2026-08-30 07:16:00,0.07739623263478279
2026-08-30 07:17:00,0.07739623263478279
2026-08-30 07:18:00,0.07739623263478279
2026-08-30 07:19:00,0.07739623263478279
2026-08-30 07:20:00,0.06572895403951406
2026-08-30 07:21:00,0.06572895403951406
2026-08-30 07:22:00,0.06572895403951406
2026-08-30 07:23:00,0.06572895403951406
2026-08-30 07:24:00,0.06572895403951406
2026-08-30 07:25:00,0.05974050145596266
2026-08-30 07:26:00,0.05974050145596266
2026-08-30 07:27:00,0.05974050145596266
2026-08-30 07:28:00,0.05974050145596266
2026-08-30 07:29:00,0.05974050145596266
2026-08-30 07:30:00,0.062393611297011375
2026-08-30 07:31:00,0.062393611297011375
2026-08-30 07:32:00,0.062393611297011375
2026-08-30 07:33:00,0.062393611297011375
2026-08-30 07:34:00,0.062393611297011375
2026-08-30 07:35:00,0.06883378978818655
2026-08-30 07:36:00,0.06883378978818655
2026-08-30 07:37:00,0.06883378978818655
2026-08-30 07:38:00,0.06883378978818655
2026-08-30 07:39:00,0.06883378978818655
2026-08-30 07:40:00,0.07297993823885918
2026-08-30 07:41:00,0.07297993823885918
2026-08-30 07:42:00,0.07297993823885918
2026-08-30 07:43:00,0.07297993823885918
2026-08-30 07:44:00,0.07297993823885918
2026-08-30 07:45:00,0.06941462960094213
2026-08-30 07:46:00,0.06941462960094213
2026-08-30 07:47:00,0.06941462960094213
2026-08-30 07:48:00,0.06941462960094213
2026-08-30 07:49:00,0.06941462960094213
2026-08-30 07:50:00,0.06628956273198128
2026-08-30 07:51:00,0.06628956273198128
2026-08-30 07:52:00,0.06628956273198128
2026-08-30 07:53:00,0.06628956273198128
2026-08-30 07:54:00,0.06628956273198128
2026-08-30 07:55:00,0.06198971997946501
2026-08-30 07:56:00,0.06198971997946501
2026-08-30 07:57:00,0.06198971997946501
2026-08-30 07:58:00,0.06198971997946501
2026-08-30 07:59:00,0.06198971997946501
2026-08-30 08:00:00,0.05854553356766701
2026-08-30 08:01:00,0.05854553356766701
2026-08-30 08:02:00,0.05854553356766701
2026-08-30 08:03:00,0.05854553356766701
2026-08-30 08:04:00,0.05854553356766701
2026-08-30 08:05:00,0.058084131218492985
2026-08-30 08:06:00,0.058084131218492985
2026-08-30 08:07:00,0.058084131218492985
2026-08-30 08:08:00,0.058084131218492985
2026-08-30 08:09:00,0.058084131218492985
2026-08-30 08:10:00,0.05944017879664898
2026-08-30 08:11:00,0.05944017879664898
2026-08-30 08:12:00,0.05944017879664898
2026-08-30 08:13:00,0.05944017879664898
2026-08-30 08:14:00,0.05944017879664898
2026-08-30 08:15:00,0.06065796595066786
2026-08-30 08:16:00,0.06065796595066786
2026-08-30 08:17:00,0.06065796595066786
2026-08-30 08:18:00,0.06065796595066786
2026-08-30 08:19:00,0.06065796595066786
2026-08-30 08:20:00,0.06374580413103104
2026-08-30 08:21:00,0.06374580413103104
2026-08-30 08:22:00,0.06374580413103104
2026-08-30 08:23:00,0.06374580413103104
2026-08-30 08:24:00,0.06374580413103104
2026-08-30 08:25:00,0.06508197635412216
2026-08-30 08:26:00,0.06508197635412216
2026-08-30 08:27:00,0.06508197635412216
2026-08-30 08:28:00,0.06508197635412216
2026-08-30 08:29:00,0.06508197635412216
2026-08-30 08:30:00,0.06050379481166601
2026-08-30 08:31:00,0.06050379481166601
2026-08-30 08:32:00,0.06050379481166601
2026-08-30 08:33:00,0.06050379481166601
2026-08-30 08:34:00,0.06050379481166601
2026-08-30 08:35:00,0.05522029846906662
2026-08-30 08:36:00,0.05522029846906662
2026-08-30 08:37:00,0.05522029846906662
2026-08-30 08:38:00,0.05522029846906662
2026-08-30 08:39:00,0.05522029846906662
2026-08-30 08:40:00,0.04814639873802662
2026-08-30 08:41:00,0.04814639873802662
2026-08-30 08:42:00,0.04814639873802662
2026-08-30 08:43:00,0.04814639873802662
2026-08-30 08:44:00,0.04814639873802662
2026-08-30 08:45:00,0.04534004721790552
2026-08-30 08:46:00,0.04534004721790552
2026-08-30 08:47:00,0.04534004721790552
2026-08-30 08:48:00,0.04534004721790552
2026-08-30 08:49:00,0.04534004721790552
2026-08-30 08:50:00,0.046123359352350235
2026-08-30 08:51:00,0.046123359352350235
2026-08-30 08:52:00,0.046123359352350235
2026-08-30 08:53:00,0.046123359352350235
2026-08-30 08:54:00,0.046123359352350235
2026-08-30 08:55:00,0.05118624400347471
2026-08-30 08:56:00,0.05118624400347471
2026-08-30 08:57:00,0.05118624400347471
2026-08-30 08:58:00,0.05118624400347471
2026-08-30 08:59:00,0.05118624400347471
2026-08-30 09:00:00,0.05586274620145559
2026-08-30 09:01:00,0.05586274620145559
2026-08-30 09:02:00,0.05586274620145559
2026-08-30 09:03:00,0.05586274620145559
2026-08-30 09:04:00,0.05586274620145559
2026-08-30 09:05:00,0.06039240211248398
2026-08-30 09:06:00,0.06039240211248398
2026-08-30 09:07:00,0.06039240211248398
2026-08-30 09:08:00,0.06039240211248398
2026-08-30 09:09:00,0.06039240211248398
2026-08-30 09:10:00,0.06501237116754055
2026-08-30 09:11:00,0.06501237116754055
2026-08-30 09:12:00,0.06501237116754055
2026-08-30 09:13:00,0.06501237116754055
2026-08-30 09:14:00,0.06501237116754055
2026-08-30 09:15:00,0.0639417227357626
2026-08-30 09:16:00,0.0639417227357626
2026-08-30 09:17:00,0.0639417227357626
2026-08-30 09:18:00,0.0639417227357626
2026-08-30 09:19:00,0.0639417227357626
2026-08-30 09:20:00,0.06603395193815231
2026-08-30 09:21:00,0.06603395193815231
2026-08-30 09:22:00,0.06603395193815231
2026-08-30 09:23:00,0.06603395193815231
2026-08-30 09:24:00,0.06603395193815231
2026-08-30 09:25:00,0.07197632268071175
2026-08-30 09:26:00,0.07197632268071175
2026-08-30 09:27:00,0.07197632268071175
2026-08-30 09:28:00,0.07197632268071175
2026-08-30 09:29:00,0.07197632268071175
2026-08-30 09:30:00,0.08256596885621548
2026-08-30 09:31:00,0.08256596885621548
2026-08-30 09:32:00,0.08256596885621548
2026-08-30 09:33:00,0.08256596885621548
2026-08-30 09:34:00,0.08256596885621548
2026-08-30 09:35:00,0.08880920521914959
2026-08-30 09:36:00,0.08880920521914959
2026-08-30 09:37:00,0.08880920521914959
2026-08-30 09:38:00,0.08880920521914959
2026-08-30 09:39:00,0.08880920521914959
2026-08-30 09:40:00,0.09186028875410557
2026-08-30 09:41:00,0.09186028875410557
2026-08-30 09:42:00,0.09186028875410557
2026-08-30 09:43:00,0.09186028875410557
2026-08-30 09:44:00,0.09186028875410557
2026-08-30 09:45:00,0.08593721874058247
2026-08-30 09:46:00,0.08593721874058247
2026-08-30 09:47:00,0.08593721874058247
2026-08-30 09:48:00,0.08593721874058247
2026-08-30 09:49:00,0.08593721874058247
2026-08-30 09:50:00,0.07509326748549938
2026-08-30 09:51:00,0.07509326748549938
2026-08-30 09:52:00,0.07509326748549938
2026-08-30 09:53:00,0.07509326748549938
2026-08-30 09:54:00,0.07509326748549938
2026-08-30 09:55:00,0.06792660150676966
2026-08-30 09:56:00,0.06792660150676966
2026-08-30 09:57:00,0.06792660150676966
2026-08-30 09:58:00,0.06792660150676966
2026-08-30 09:59:00,0.06792660150676966
2026-08-30 10:00:00,0.06208403408527374
2026-08-30 10:01:00,0.06208403408527374
2026-08-30 10:02:00,0.06208403408527374
2026-08-30 10:03:00,0.06208403408527374
2026-08-30 10:04:00,0.06208403408527374
2026-08-30 10:05:00,0.06332559138536453
2026-08-30 10:06:00,0.06332559138536453
2026-08-30 10:07:00,0.06332559138536453
2026-08-30 10:08:00,0.06332559138536453
2026-08-30 10:09:00,0.06332559138536453
2026-08-30 10:10:00,0.06402251496911049
2026-08-30 10:11:00,0.06402251496911049
2026-08-30 10:12:00,0.06402251496911049
2026-08-30 10:13:00,0.06402251496911049
2026-08-30 10:14:00,0.06402251496911049
2026-08-30 10:15:00,0.06531952507793903
2026-08-30 10:16:00,0.06531952507793903
2026-08-30 10:17:00,0.06531952507793903
2026-08-30 10:18:00,0.06531952507793903
2026-08-30 10:19:00,0.06531952507793903
2026-08-30 10:20:00,0.0655386345461011
2026-08-30 10:21:00,0.0655386345461011
2026-08-30 10:22:00,0.0655386345461011
2026-08-30 10:23:00,0.0655386345461011
2026-08-30 10:24:00,0.0655386345461011
2026-08-30 10:25:00,0.06504273880273104
2026-08-30 10:26:00,0.06504273880273104
2026-08-30 10:27:00,0.06504273880273104
2026-08-30 10:28:00,0.06504273880273104
2026-08-30 10:29:00,0.06504273880273104
2026-08-30 10:30:00,0.06576877180486917
2026-08-30 10:31:00,0.06576877180486917
2026-08-30 10:32:00,0.06576877180486917
2026-08-30 10:33:00,0.06576877180486917
2026-08-30 10:34:00,0.06576877180486917
2026-08-30 10:35:00,0.06838486902415752
2026-08-30 10:36:00,0.06838486902415752
2026-08-30 10:37:00,0.06838486902415752
2026-08-30 10:38:00,0.06838486902415752
2026-08-30 10:39:00,0.06838486902415752
2026-08-30 10:40:00,0.0718504786491394
2026-08-30 10:41:00,0.0718504786491394
2026-08-30 10:42:00,0.0718504786491394
2026-08-30 10:43:00,0.0718504786491394
2026-08-30 10:44:00,0.0718504786491394
2026-08-30 10:45:00,0.0719500482082367
2026-08-30 10:46:00,0.0719500482082367
2026-08-30 10:47:00,0.0719500482082367
2026-08-30 10:48:00,0.0719500482082367
2026-08-30 10:49:00,0.0719500482082367
2026-08-30 10:50:00,0.07096944563090801
2026-08-30 10:51:00,0.07096944563090801
2026-08-30 10:52:00,0.07096944563090801
2026-08-30 10:53:00,0.07096944563090801
2026-08-30 10:54:00,0.07096944563090801
2026-08-30 10:55:00,0.07135749608278275
2026-08-30 10:56:00,0.07135749608278275
2026-08-30 10:57:00,0.07135749608278275
2026-08-30 10:58:00,0.07135749608278275
2026-08-30 10:59:00,0.07135749608278275
2026-08-30 11:00:00,0.06941177882254124
2026-08-30 11:01:00,0.06941177882254124
2026-08-30 11:02:00,0.06941177882254124
2026-08-30 11:03:00,0.06941177882254124
2026-08-30 11:04:00,0.06941177882254124
2026-08-30 11:05:00,0.06734491512179375
2026-08-30 11:06:00,0.06734491512179375
2026-08-30 11:07:00,0.06734491512179375
2026-08-30 11:08:00,0.06734491512179375
2026-08-30 11:09:00,0.06734491512179375
2026-08-30 11:10:00,0.06380932033061981
2026-08-30 11:11:00,0.06380932033061981
2026-08-30 11:12:00,0.06380932033061981
2026-08-30 11:13:00,0.06380932033061981
2026-08-30 11:14:00,0.06380932033061981
2026-08-30 11:15:00,0.057380021549761295
2026-08-30 11:16:00,0.057380021549761295
2026-08-30 11:17:00,0.057380021549761295
2026-08-30 11:18:00,0.057380021549761295
2026-08-30 11:19:00,0.057380021549761295
2026-08-30 11:20:00,0.052504731342196465
2026-08-30 11:21:00,0.052504731342196465
2026-08-30 11:22:00,0.052504731342196465
2026-08-30 11:23:00,0.052504731342196465
2026-08-30 11:24:00,0.052504731342196465
2026-08-30 11:25:00,0.05162170249968767
2026-08-30 11:26:00,0.05162170249968767
2026-08-30 11:27:00,0.05162170249968767
2026-08-30 11:28:00,0.05162170249968767
2026-08-30 11:29:00,0.05162170249968767
2026-08-30 11:30:00,0.05166294705122709
2026-08-30 11:31:00,0.05166294705122709
2026-08-30 11:32:00,0.05166294705122709
2026-08-30 11:33:00,0.05166294705122709
2026-08-30 11:34:00,0.05166294705122709
2026-08-30 11:35:00,0.05542297847568989
2026-08-30 11:36:00,0.05542297847568989
2026-08-30 11:37:00,0.05542297847568989
2026-08-30 11:38:00,0.05542297847568989
2026-08-30 11:39:00,0.05542297847568989
2026-08-30 11:40:00,0.061937750317156315
2026-08-30 11:41:00,0.061937750317156315
2026-08-30 11:42:00,0.061937750317156315
2026-08-30 11:43:00,0.061937750317156315
2026-08-30 11:44:00,0.061937750317156315
2026-08-30 11:45:00,0.06310527212917805
2026-08-30 11:46:00,0.06310527212917805
2026-08-30 11:47:00,0.06310527212917805
2026-08-30 11:48:00,0.06310527212917805
2026-08-30 11:49:00,0.06310527212917805
2026-08-30 11:50:00,0.06460273079574108
2026-08-30 11:51:00,0.06460273079574108
2026-08-30 11:52:00,0.06460273079574108
2026-08-30 11:53:00,0.06460273079574108
2026-08-30 11:54:00,0.06460273079574108
2026-08-30 11:55:00,0.062210540287196636
2026-08-30 11:56:00,0.062210540287196636
2026-08-30 11:57:00,0.062210540287196636
2026-08-30 11:58:00,0.062210540287196636
2026-08-30 11:59:00,0.062210540287196636
2026-08-30 12:00:00,0.05799858644604683
2026-08-30 12:01:00,0.05799858644604683
2026-08-30 12:02:00,0.05799858644604683
2026-08-30 12:03:00,0.05799858644604683
2026-08-30 12:04:00,0.05799858644604683
2026-08-30 12:05:00,0.05496818386018276
2026-08-30 12:06:00,0.05496818386018276
2026-08-30 12:07:00,0.05496818386018276
2026-08-30 12:08:00,0.05496818386018276
2026-08-30 12:09:00,0.05496818386018276
2026-08-30 12:10:00,0.05986759252846241
2026-08-30 12:11:00,0.05986759252846241
2026-08-30 12:12:00,0.05986759252846241
2026-08-30 12:13:00,0.05986759252846241
2026-08-30 12:14:00,0.05986759252846241
2026-08-30 12:15:00,0.06681329850107431
2026-08-30 12:16:00,0.06681329850107431
2026-08-30 12:17:00,0.06681329850107431
2026-08-30 12:18:00,0.06681329850107431
2026-08-30 12:19:00,0.06681329850107431
2026-08-30 12:20:00,0.07270004786550999
2026-08-30 12:21:00,0.07270004786550999
2026-08-30 12:22:00,0.07270004786550999
2026-08-30 12:23:00,0.07270004786550999
2026-08-30 12:24:00,0.07270004786550999
2026-08-30 12:25:00,0.0802733302116394
2026-08-30 12:26:00,0.0802733302116394
2026-08-30 12:27:00,0.0802733302116394
2026-08-30 12:28:00,0.0802733302116394
2026-08-30 12:29:00,0.0802733302116394
2026-08-30 12:30:00,0.07354630529880524
2026-08-30 12:31:00,0.07354630529880524
2026-08-30 12:32:00,0.07354630529880524
2026-08-30 12:33:00,0.07354630529880524
2026-08-30 12:34:00,0.07354630529880524
2026-08-30 12:35:00,0.06885063648223877
2026-08-30 12:36:00,0.06885063648223877
2026-08-30 12:37:00,0.06885063648223877
2026-08-30 12:38:00,0.06885063648223877
2026-08-30 12:39:00,0.06885063648223877
2026-08-30 12:40:00,0.0660193432122469
2026-08-30 12:41:00,0.0660193432122469
2026-08-30 12:42:00,0.0660193432122469
2026-08-30 12:43:00,0.0660193432122469
2026-08-30 12:44:00,0.0660193432122469
2026-08-30 12:45:00,0.06109315250068903
2026-08-30 12:46:00,0.06109315250068903
2026-08-30 12:47:00,0.06109315250068903
2026-08-30 12:48:00,0.06109315250068903
2026-08-30 12:49:00,0.06109315250068903
2026-08-30 12:50:00,0.06397124845534563
2026-08-30 12:51:00,0.06397124845534563
2026-08-30 12:52:00,0.06397124845534563
2026-08-30 12:53:00,0.06397124845534563
2026-08-30 12:54:00,0.06397124845534563
2026-08-30 12:55:00,0.06512133870273829
2026-08-30 12:56:00,0.06512133870273829
2026-08-30 12:57:00,0.06512133870273829
2026-08-30 12:58:00,0.06512133870273829
2026-08-30 12:59:00,0.06512133870273829
2026-08-30 13:00:00,0.06260501779615879
2026-08-30 13:01:00,0.06260501779615879
2026-08-30 13:02:00,0.06260501779615879
2026-08-30 13:03:00,0.06260501779615879
2026-08-30 13:04:00,0.06260501779615879
2026-08-30 13:05:00,0.06240672059357166
2026-08-30 13:06:00,0.06240672059357166
2026-08-30 13:07:00,0.06240672059357166
2026-08-30 13:08:00,0.06240672059357166
2026-08-30 13:09:00,0.06240672059357166
2026-08-30 13:10:00,0.060377102345228195
2026-08-30 13:11:00,0.060377102345228195
2026-08-30 13:12:00,0.060377102345228195
2026-08-30 13:13:00,0.060377102345228195
2026-08-30 13:14:00,0.060377102345228195
2026-08-30 13:15:00,0.057464911602437496
2026-08-30 13:16:00,0.057464911602437496
2026-08-30 13:17:00,0.057464911602437496
2026-08-30 13:18:00,0.057464911602437496
2026-08-30 13:19:00,0.057464911602437496
2026-08-30 13:20:00,0.056775230914354324
2026-08-30 13:21:00,0.056775230914354324
2026-08-30 13:22:00,0.056775230914354324
2026-08-30 13:23:00,0.056775230914354324
2026-08-30 13:24:00,0.056775230914354324
2026-08-30 13:25:00,0.054568457417190075
2026-08-30 13:26:00,0.054568457417190075
2026-08-30 13:27:00,0.054568457417190075
2026-08-30 13:28:00,0.054568457417190075
2026-08-30 13:29:00,0.054568457417190075
2026-08-30 13:30:00,0.05634817015379667
2026-08-30 13:31:00,0.05634817015379667
2026-08-30 13:32:00,0.05634817015379667
2026-08-30 13:33:00,0.05634817015379667
2026-08-30 13:34:00,0.05634817015379667
2026-08-30 13:35:00,0.05983314476907253
2026-08-30 13:36:00,0.05983314476907253
2026-08-30 13:37:00,0.05983314476907253
2026-08-30 13:38:00,0.05983314476907253
2026-08-30 13:39:00,0.05983314476907253
2026-08-30 13:40:00,0.061942052096128464
2026-08-30 13:41:00,0.061942052096128464
2026-08-30 13:42:00,0.061942052096128464
2026-08-30 13:43:00,0.061942052096128464
2026-08-30 13:44:00,0.061942052096128464
2026-08-30 13:45:00,0.06512043625116348
2026-08-30 13:46:00,0.06512043625116348
2026-08-30 13:47:00,0.06512043625116348
2026-08-30 13:48:00,0.06512043625116348
2026-08-30 13:49:00,0.06512043625116348
2026-08-30 13:50:00,0.06408204045146704
2026-08-30 13:51:00,0.06408204045146704
2026-08-30 13:52:00,0.06408204045146704
2026-08-30 13:53:00,0.06408204045146704
2026-08-30 13:54:00,0.06408204045146704
2026-08-30 13:55:00,0.06390569638460875
2026-08-30 13:56:00,0.06390569638460875
2026-08-30 13:57:00,0.06390569638460875
2026-08-30 13:58:00,0.06390569638460875
2026-08-30 13:59:00,0.06390569638460875
2026-08-30 14:00:00,0.06627602409571409
2026-08-30 14:01:00,0.06627602409571409
2026-08-30 14:02:00,0.06627602409571409
2026-08-30 14:03:00,0.06627602409571409
2026-08-30 14:04:00,0.06627602409571409
2026-08-30 14:05:00,0.06938558164983988
2026-08-30 14:06:00,0.06938558164983988
2026-08-30 14:07:00,0.06938558164983988
2026-08-30 14:08:00,0.06938558164983988
2026-08-30 14:09:00,0.06938558164983988
2026-08-30 14:10:00,0.07171114347875118
2026-08-30 14:11:00,0.07171114347875118
2026-08-30 14:12:00,0.07171114347875118
2026-08-30 14:13:00,0.07171114347875118
2026-08-30 14:14:00,0.07171114347875118
2026-08-30 14:15:00,0.06764999218285084
2026-08-30 14:16:00,0.06764999218285084
2026-08-30 14:17:00,0.06764999218285084
2026-08-30 14:18:00,0.06764999218285084
2026-08-30 14:19:00,0.06764999218285084
2026-08-30 14:20:00,0.06217232346534729
2026-08-30 14:21:00,0.06217232346534729
2026-08-30 14:22:00,0.06217232346534729
2026-08-30 14:23:00,0.06217232346534729
2026-08-30 14:24:00,0.06217232346534729
2026-08-30 14:25:00,0.060312943533062935
2026-08-30 14:26:00,0.060312943533062935
2026-08-30 14:27:00,0.060312943533062935
2026-08-30 14:28:00,0.060312943533062935
2026-08-30 14:29:00,0.060312943533062935
2026-08-30 14:30:00,0.06023930013179779
2026-08-30 14:31:00,0.06023930013179779
2026-08-30 14:32:00,0.06023930013179779
2026-08-30 14:33:00,0.06023930013179779
2026-08-30 14:34:00,0.06023930013179779
2026-08-30 14:35:00,0.06552027352154255
2026-08-30 14:36:00,0.06552027352154255
2026-08-30 14:37:00,0.06552027352154255
2026-08-30 14:38:00,0.06552027352154255
2026-08-30 14:39:00,0.06552027352154255
2026-08-30 14:40:00,0.0714761782437563
2026-08-30 14:41:00,0.0714761782437563
2026-08-30 14:42:00,0.0714761782437563
2026-08-30 14:43:00,0.0714761782437563
2026-08-30 14:44:00,0.0714761782437563
2026-08-30 14:45:00,0.06780075281858444
2026-08-30 14:46:00,0.06780075281858444
2026-08-30 14:47:00,0.06780075281858444
2026-08-30 14:48:00,0.06780075281858444
2026-08-30 14:49:00,0.06780075281858444
2026-08-30 14:50:00,0.06328377686440945
2026-08-30 14:51:00,0.06328377686440945
2026-08-30 14:52:00,0.06328377686440945
2026-08-30 14:53:00,0.06328377686440945
2026-08-30 14:54:00,0.06328377686440945
2026-08-30 14:55:00,0.05944609269499779
2026-08-30 14:56:00,0.05944609269499779
2026-08-30 14:57:00,0.05944609269499779
2026-08-30 14:58:00,0.05944609269499779
2026-08-30 14:59:00,0.05944609269499779
2026-08-30 15:00:00,0.05527577921748161
2026-08-30 15:01:00,0.05527577921748161
2026-08-30 15:02:00,0.05527577921748161
2026-08-30 15:03:00,0.05527577921748161
2026-08-30 15:04:00,0.05527577921748161
2026-08-30 15:05:00,0.055449336767196655
2026-08-30 15:06:00,0.055449336767196655
2026-08-30 15:07:00,0.055449336767196655
2026-08-30 15:08:00,0.055449336767196655
2026-08-30 15:09:00,0.055449336767196655
2026-08-30 15:10:00,0.05822583381086588
2026-08-30 15:11:00,0.05822583381086588
2026-08-30 15:12:00,0.05822583381086588
2026-08-30 15:13:00,0.05822583381086588
2026-08-30 15:14:00,0.05822583381086588
2026-08-30 15:15:00,0.059565153904259205
2026-08-30 15:16:00,0.059565153904259205
2026-08-30 15:17:00,0.059565153904259205
2026-08-30 15:18:00,0.059565153904259205
2026-08-30 15:19:00,0.059565153904259205
2026-08-30 15:20:00,0.06698260363191366
2026-08-30 15:21:00,0.06698260363191366
2026-08-30 15:22:00,0.06698260363191366
2026-08-30 15:23:00,0.06698260363191366
2026-08-30 15:24:00,0.06698260363191366
2026-08-30 15:25:00,0.0829835319891572
2026-08-30 15:26:00,0.0829835319891572
2026-08-30 15:27:00,0.0829835319891572
2026-08-30 15:28:00,0.0829835319891572
2026-08-30 15:29:00,0.0829835319891572
2026-08-30 15:30:00,0.0972965620458126
2026-08-30 15:31:00,0.0972965620458126
2026-08-30 15:32:00,0.0972965620458126
2026-08-30 15:33:00,0.0972965620458126
2026-08-30 15:34:00,0.0972965620458126
2026-08-30 15:35:00,0.11038997955620289
2026-08-30 15:36:00,0.11038997955620289
2026-08-30 15:37:00,0.11038997955620289
2026-08-30 15:38:00,0.11038997955620289
2026-08-30 15:39:00,0.11038997955620289
2026-08-30 15:40:00,0.10680200904607773
2026-08-30 15:41:00,0.10680200904607773
2026-08-30 15:42:00,0.10680200904607773
2026-08-30 15:43:00,0.10680200904607773
2026-08-30 15:44:00,0.10680200904607773
2026-08-30 15:45:00,0.09151811897754669
2026-08-30 15:46:00,0.09151811897754669
2026-08-30 15:47:00,0.09151811897754669
2026-08-30 15:48:00,0.09151811897754669
2026-08-30 15:49:00,0.09151811897754669
2026-08-30 15:50:00,0.07662578765302896
2026-08-30 15:51:00,0.07662578765302896
2026-08-30 15:52:00,0.07662578765302896
2026-08-30 15:53:00,0.07662578765302896
2026-08-30 15:54:00,0.07662578765302896
2026-08-30 15:55:00,0.06687616463750601
2026-08-30 15:56:00,0.06687616463750601
2026-08-30 15:57:00,0.06687616463750601
2026-08-30 15:58:00,0.06687616463750601
2026-08-30 15:59:00,0.06687616463750601
2026-08-30 16:00:00,0.07332678604871035
2026-08-30 16:01:00,0.07332678604871035
2026-08-30 16:02:00,0.07332678604871035
2026-08-30 16:03:00,0.07332678604871035
2026-08-30 16:04:00,0.07332678604871035
2026-08-30 16:05:00,0.08090076502412558
2026-08-30 16:06:00,0.08090076502412558
2026-08-30 16:07:00,0.08090076502412558
2026-08-30 16:08:00,0.08090076502412558
2026-08-30 16:09:00,0.08090076502412558
2026-08-30 16:10:00,0.0886139739304781
2026-08-30 16:11:00,0.0886139739304781
2026-08-30 16:12:00,0.0886139739304781
2026-08-30 16:13:00,0.0886139739304781
2026-08-30 16:14:00,0.0886139739304781
2026-08-30 16:15:00,0.09179667383432388
2026-08-30 16:16:00,0.09179667383432388
2026-08-30 16:17:00,0.09179667383432388
2026-08-30 16:18:00,0.09179667383432388
2026-08-30 16:19:00,0.09179667383432388
2026-08-30 16:20:00,0.08620092645287514
2026-08-30 16:21:00,0.08620092645287514
2026-08-30 16:22:00,0.08620092645287514
2026-08-30 16:23:00,0.08620092645287514
2026-08-30 16:24:00,0.08620092645287514
2026-08-30 16:25:00,0.08170777931809425
2026-08-30 16:26:00,0.08170777931809425
2026-08-30 16:27:00,0.08170777931809425
2026-08-30 16:28:00,0.08170777931809425
2026-08-30 16:29:00,0.08170777931809425
2026-08-30 16:30:00,0.07510694861412048
2026-08-30 16:31:00,0.07510694861412048
2026-08-30 16:32:00,0.07510694861412048
2026-08-30 16:33:00,0.07510694861412048
2026-08-30 16:34:00,0.07510694861412048
2026-08-30 16:35:00,0.06751214805990458
2026-08-30 16:36:00,0.06751214805990458
2026-08-30 16:37:00,0.06751214805990458
2026-08-30 16:38:00,0.06751214805990458
2026-08-30 16:39:00,0.06751214805990458
2026-08-30 16:40:00,0.062053398229181767
2026-08-30 16:41:00,0.062053398229181767
2026-08-30 16:42:00,0.062053398229181767
2026-08-30 16:43:00,0.062053398229181767
2026-08-30 16:44:00,0.062053398229181767
2026-08-30 16:45:00,0.05744508095085621
2026-08-30 16:46:00,0.05744508095085621
2026-08-30 16:47:00,0.05744508095085621
2026-08-30 16:48:00,0.05744508095085621
2026-08-30 16:49:00,0.05744508095085621
2026-08-30 16:50:00,0.06559930555522442
2026-08-30 16:51:00,0.06559930555522442
2026-08-30 16:52:00,0.06559930555522442
2026-08-30 16:53:00,0.06559930555522442
2026-08-30 16:54:00,0.06559930555522442
2026-08-30 16:55:00,0.07746182661503553
2026-08-30 16:56:00,0.07746182661503553
2026-08-30 16:57:00,0.07746182661503553
2026-08-30 16:58:00,0.07746182661503553
2026-08-30 16:59:00,0.07746182661503553
2026-08-30 17:00:00,0.08989584911614656
2026-08-30 17:01:00,0.08989584911614656
2026-08-30 17:02:00,0.08989584911614656
2026-08-30 17:03:00,0.08989584911614656
2026-08-30 17:04:00,0.08989584911614656
2026-08-30 17:05:00,0.12227785401046276
2026-08-30 17:06:00,0.12227785401046276
2026-08-30 17:07:00,0.12227785401046276
2026-08-30 17:08:00,0.12227785401046276
2026-08-30 17:09:00,0.12227785401046276
2026-08-30 17:10:00,0.13973950408399105
2026-08-30 17:11:00,0.13973950408399105
2026-08-30 17:12:00,0.13973950408399105
2026-08-30 17:13:00,0.13973950408399105
2026-08-30 17:14:00,0.13973950408399105
2026-08-30 17:15:00,0.15531333722174168
2026-08-30 17:16:00,0.15531333722174168
2026-08-30 17:17:00,0.15531333722174168
2026-08-30 17:18:00,0.15531333722174168
2026-08-30 17:19:00,0.15531333722174168
2026-08-30 17:20:00,0.17005210742354393
2026-08-30 17:21:00,0.17005210742354393
2026-08-30 17:22:00,0.17005210742354393
2026-08-30 17:23:00,0.17005210742354393
2026-08-30 17:24:00,0.17005210742354393
2026-08-30 17:25:00,0.14050857163965702
2026-08-30 17:26:00,0.14050857163965702
2026-08-30 17:27:00,0.14050857163965702
2026-08-30 17:28:00,0.14050857163965702
2026-08-30 17:29:00,0.14050857163965702
2026-08-30 17:30:00,0.1123333889991045
2026-08-30 17:31:00,0.1123333889991045
2026-08-30 17:32:00,0.1123333889991045
2026-08-30 17:33:00,0.1123333889991045
2026-08-30 17:34:00,0.1123333889991045
2026-08-30 17:35:00,0.08923747204244137
2026-08-30 17:36:00,0.08923747204244137
2026-08-30 17:37:00,0.08923747204244137
2026-08-30 17:38:00,0.08923747204244137
2026-08-30 17:39:00,0.08923747204244137
2026-08-30 17:40:00,0.07113824412226677
2026-08-30 17:41:00,0.07113824412226677
2026-08-30 17:42:00,0.07113824412226677
2026-08-30 17:43:00,0.07113824412226677
2026-08-30 17:44:00,0.07113824412226677
2026-08-30 17:45:00,0.07605637237429619
2026-08-30 17:46:00,0.07605637237429619
2026-08-30 17:47:00,0.07605637237429619
2026-08-30 17:48:00,0.07605637237429619
2026-08-30 17:49:00,0.07605637237429619
2026-08-30 17:50:00,0.08304725028574467
2026-08-30 17:51:00,0.08304725028574467
2026-08-30 17:52:00,0.08304725028574467
2026-08-30 17:53:00,0.08304725028574467
2026-08-30 17:54:00,0.08304725028574467
2026-08-30 17:55:00,0.07987249083817005
2026-08-30 17:56:00,0.07987249083817005
2026-08-30 17:57:00,0.07987249083817005
2026-08-30 17:58:00,0.07987249083817005
2026-08-30 17:59:00,0.07987249083817005
2026-08-30 18:00:00,0.07294017821550369
2026-08-30 18:01:00,0.07294017821550369
2026-08-30 18:02:00,0.07294017821550369
2026-08-30 18:03:00,0.07294017821550369
2026-08-30 18:04:00,0.07294017821550369
2026-08-30 18:05:00,0.07012363523244858
2026-08-30 18:06:00,0.07012363523244858
2026-08-30 18:07:00,0.07012363523244858
2026-08-30 18:08:00,0.07012363523244858
2026-08-30 18:09:00,0.07012363523244858
2026-08-30 18:10:00,0.06746611930429935
2026-08-30 18:11:00,0.06746611930429935
2026-08-30 18:12:00,0.06746611930429935
2026-08-30 18:13:00,0.06746611930429935
2026-08-30 18:14:00,0.06746611930429935
2026-08-30 18:15:00,0.06898494809865952
2026-08-30 18:16:00,0.06898494809865952
2026-08-30 18:17:00,0.06898494809865952
2026-08-30 18:18:00,0.06898494809865952
2026-08-30 18:19:00,0.06898494809865952
2026-08-30 18:20:00,0.06632116250693798
2026-08-30 18:21:00,0.06632116250693798
2026-08-30 18:22:00,0.06632116250693798
2026-08-30 18:23:00,0.06632116250693798
2026-08-30 18:24:00,0.06632116250693798
2026-08-30 18:25:00,0.061118051409721375
2026-08-30 18:26:00,0.061118051409721375
2026-08-30 18:27:00,0.061118051409721375
2026-08-30 18:28:00,0.061118051409721375
2026-08-30 18:29:00,0.061118051409721375
2026-08-30 18:30:00,0.05486099235713482
2026-08-30 18:31:00,0.05486099235713482
2026-08-30 18:32:00,0.05486099235713482
2026-08-30 18:33:00,0.05486099235713482
2026-08-30 18:34:00,0.05486099235713482
2026-08-30 18:35:00,0.04946674779057503
2026-08-30 18:36:00,0.04946674779057503
2026-08-30 18:37:00,0.04946674779057503
2026-08-30 18:38:00,0.04946674779057503
2026-08-30 18:39:00,0.04946674779057503
2026-08-30 18:40:00,0.050199270248413086
2026-08-30 18:41:00,0.050199270248413086
2026-08-30 18:42:00,0.050199270248413086
2026-08-30 18:43:00,0.050199270248413086
2026-08-30 18:44:00,0.050199270248413086
2026-08-30 18:45:00,0.0521041639149189
2026-08-30 18:46:00,0.0521041639149189
2026-08-30 18:47:00,0.0521041639149189
2026-08-30 18:48:00,0.0521041639149189
2026-08-30 18:49:00,0.0521041639149189
2026-08-30 18:50:00,0.05402117967605591
2026-08-30 18:51:00,0.05402117967605591
2026-08-30 18:52:00,0.05402117967605591
2026-08-30 18:53:00,0.05402117967605591
2026-08-30 18:54:00,0.05402117967605591
2026-08-30 18:55:00,0.05619978252798319
2026-08-30 18:56:00,0.05619978252798319
2026-08-30 18:57:00,0.05619978252798319
2026-08-30 18:58:00,0.05619978252798319
2026-08-30 18:59:00,0.05619978252798319
2026-08-30 19:00:00,0.057039531879127026
2026-08-30 19:01:00,0.057039531879127026
2026-08-30 19:02:00,0.057039531879127026
2026-08-30 19:03:00,0.057039531879127026
2026-08-30 19:04:00,0.057039531879127026
2026-08-30 19:05:00,0.0559046333655715
2026-08-30 19:06:00,0.0559046333655715
2026-08-30 19:07:00,0.0559046333655715
2026-08-30 19:08:00,0.0559046333655715
2026-08-30 19:09:00,0.0559046333655715
2026-08-30 19:10:00,0.05893723014742136
2026-08-30 19:11:00,0.05893723014742136
2026-08-30 19:12:00,0.05893723014742136
2026-08-30 19:13:00,0.05893723014742136
2026-08-30 19:14:00,0.05893723014742136
2026-08-30 19:15:00,0.06224808096885681
2026-08-30 19:16:00,0.06224808096885681
2026-08-30 19:17:00,0.06224808096885681
2026-08-30 19:18:00,0.06224808096885681
2026-08-30 19:19:00,0.06224808096885681
2026-08-30 19:20:00,0.06288172770291567
2026-08-30 19:21:00,0.06288172770291567
2026-08-30 19:22:00,0.06288172770291567
2026-08-30 19:23:00,0.06288172770291567
2026-08-30 19:24:00,0.06288172770291567
2026-08-30 19:25:00,0.06328924186527729
2026-08-30 19:26:00,0.06328924186527729
2026-08-30 19:27:00,0.06328924186527729
2026-08-30 19:28:00,0.06328924186527729
2026-08-30 19:29:00,0.06328924186527729
2026-08-30 19:30:00,0.05997906904667616
2026-08-30 19:31:00,0.05997906904667616
2026-08-30 19:32:00,0.05997906904667616
2026-08-30 19:33:00,0.05997906904667616
2026-08-30 19:34:00,0.05997906904667616
2026-08-30 19:35:00,0.05457019526511431
2026-08-30 19:36:00,0.05457019526511431
2026-08-30 19:37:00,0.05457019526511431
2026-08-30 19:38:00,0.05457019526511431
2026-08-30 19:39:00,0.05457019526511431
2026-08-30 19:40:00,0.05356895737349987
2026-08-30 19:41:00,0.05356895737349987
2026-08-30 19:42:00,0.05356895737349987
2026-08-30 19:43:00,0.05356895737349987
2026-08-30 19:44:00,0.05356895737349987
2026-08-30 19:45:00,0.05423806421458721
2026-08-30 19:46:00,0.05423806421458721
2026-08-30 19:47:00,0.05423806421458721
2026-08-30 19:48:00,0.05423806421458721
2026-08-30 19:49:00,0.05423806421458721
2026-08-30 19:50:00,0.05537984613329172
2026-08-30 19:51:00,0.05537984613329172
2026-08-30 19:52:00,0.05537984613329172
2026-08-30 19:53:00,0.05537984613329172
2026-08-30 19:54:00,0.05537984613329172
2026-08-30 19:55:00,0.05729571636766195
2026-08-30 19:56:00,0.05729571636766195
2026-08-30 19:57:00,0.05729571636766195
2026-08-30 19:58:00,0.05729571636766195
2026-08-30 19:59:00,0.05729571636766195
2026-08-30 20:00:00,0.056070877239108086
2026-08-30 20:01:00,0.056070877239108086
2026-08-30 20:02:00,0.056070877239108086
2026-08-30 20:03:00,0.056070877239108086
2026-08-30 20:04:00,0.056070877239108086
2026-08-30 20:05:00,0.056505972519516945
2026-08-30 20:06:00,0.056505972519516945
2026-08-30 20:07:00,0.056505972519516945
2026-08-30 20:08:00,0.056505972519516945
2026-08-30 20:09:00,0.056505972519516945
2026-08-30 20:10:00,0.05782414600253105
2026-08-30 20:11:00,0.05782414600253105
2026-08-30 20:12:00,0.05782414600253105
2026-08-30 20:13:00,0.05782414600253105
2026-08-30 20:14:00,0.05782414600253105
2026-08-30 20:15:00,0.058473970741033554
2026-08-30 20:16:00,0.058473970741033554
2026-08-30 20:17:00,0.058473970741033554
2026-08-30 20:18:00,0.058473970741033554
2026-08-30 20:19:00,0.058473970741033554
2026-08-30 20:20:00,0.05943768844008446
2026-08-30 20:21:00,0.05943768844008446
2026-08-30 20:22:00,0.05943768844008446
2026-08-30 20:23:00,0.05943768844008446
2026-08-30 20:24:00,0.05943768844008446
2026-08-30 20:25:00,0.0603848984465003
2026-08-30 20:26:00,0.0603848984465003
2026-08-30 20:27:00,0.0603848984465003
2026-08-30 20:28:00,0.0603848984465003
2026-08-30 20:29:00,0.0603848984465003
2026-08-30 20:30:00,0.06246651243418455
2026-08-30 20:31:00,0.06246651243418455
2026-08-30 20:32:00,0.06246651243418455
2026-08-30 20:33:00,0.06246651243418455
2026-08-30 20:34:00,0.06246651243418455
2026-08-30 20:35:00,0.06667135190218687
2026-08-30 20:36:00,0.06667135190218687
2026-08-30 20:37:00,0.06667135190218687
2026-08-30 20:38:00,0.06667135190218687
2026-08-30 20:39:00,0.06667135190218687
2026-08-30 20:40:00,0.0673812823370099
2026-08-30 20:41:00,0.0673812823370099
2026-08-30 20:42:00,0.0673812823370099
2026-08-30 20:43:00,0.0673812823370099
2026-08-30 20:44:00,0.0673812823370099
2026-08-30 20:45:00,0.06448722444474697
2026-08-30 20:46:00,0.06448722444474697
2026-08-30 20:47:00,0.06448722444474697
2026-08-30 20:48:00,0.06448722444474697
2026-08-30 20:49:00,0.06448722444474697
2026-08-30 20:50:00,0.058596945367753506
2026-08-30 20:51:00,0.058596945367753506
2026-08-30 20:52:00,0.058596945367753506
2026-08-30 20:53:00,0.058596945367753506
2026-08-30 20:54:00,0.058596945367753506
2026-08-30 20:55:00,0.05379592999815941
2026-08-30 20:56:00,0.05379592999815941
2026-08-30 20:57:00,0.05379592999815941
2026-08-30 20:58:00,0.05379592999815941
2026-08-30 20:59:00,0.05379592999815941
2026-08-30 21:00:00,0.05467145424336195
2026-08-30 21:01:00,0.05467145424336195
2026-08-30 21:02:00,0.05467145424336195
2026-08-30 21:03:00,0.05467145424336195
2026-08-30 21:04:00,0.05467145424336195
2026-08-30 21:05:00,0.05793318338692188
2026-08-30 21:06:00,0.05793318338692188
2026-08-30 21:07:00,0.05793318338692188
2026-08-30 21:08:00,0.05793318338692188
2026-08-30 21:09:00,0.05793318338692188
2026-08-30 21:10:00,0.06296649482101202
2026-08-30 21:11:00,0.06296649482101202
2026-08-30 21:12:00,0.06296649482101202
2026-08-30 21:13:00,0.06296649482101202
2026-08-30 21:14:00,0.06296649482101202
2026-08-30 21:15:00,0.06351702567189932
2026-08-30 21:16:00,0.06351702567189932
2026-08-30 21:17:00,0.06351702567189932
2026-08-30 21:18:00,0.06351702567189932
2026-08-30 21:19:00,0.06351702567189932
2026-08-30 21:20:00,0.059816233813762665
2026-08-30 21:21:00,0.059816233813762665
2026-08-30 21:22:00,0.059816233813762665
2026-08-30 21:23:00,0.059816233813762665
2026-08-30 21:24:00,0.059816233813762665
2026-08-30 21:25:00,0.05625886842608452
2026-08-30 21:26:00,0.05625886842608452
2026-08-30 21:27:00,0.05625886842608452
2026-08-30 21:28:00,0.05625886842608452
2026-08-30 21:29:00,0.05625886842608452
2026-08-30 21:30:00,0.05097950994968414
2026-08-30 21:31:00,0.05097950994968414
2026-08-30 21:32:00,0.05097950994968414
2026-08-30 21:33:00,0.05097950994968414
2026-08-30 21:34:00,0.05097950994968414
2026-08-30 21:35:00,0.04993053246289492
2026-08-30 21:36:00,0.04993053246289492
2026-08-30 21:37:00,0.04993053246289492
2026-08-30 21:38:00,0.04993053246289492
2026-08-30 21:39:00,0.04993053246289492
2026-08-30 21:40:00,0.05316028092056513
2026-08-30 21:41:00,0.05316028092056513
2026-08-30 21:42:00,0.05316028092056513
2026-08-30 21:43:00,0.05316028092056513
2026-08-30 21:44:00,0.05316028092056513
2026-08-30 21:45:00,0.05742260534316301
2026-08-30 21:46:00,0.05742260534316301
2026-08-30 21:47:00,0.05742260534316301
2026-08-30 21:48:00,0.05742260534316301
2026-08-30 21:49:00,0.05742260534316301
2026-08-30 21:50:00,0.0633764611557126
2026-08-30 21:51:00,0.0633764611557126
2026-08-30 21:52:00,0.0633764611557126
2026-08-30 21:53:00,0.0633764611557126
2026-08-30 21:54:00,0.0633764611557126
2026-08-30 21:55:00,0.06673191022127867
2026-08-30 21:56:00,0.06673191022127867
2026-08-30 21:57:00,0.06673191022127867
2026-08-30 21:58:00,0.06673191022127867
2026-08-30 21:59:00,0.06673191022127867
2026-08-30 22:00:00,0.06793256290256977
2026-08-30 22:01:00,0.06793256290256977
2026-08-30 22:02:00,0.06793256290256977
2026-08-30 22:03:00,0.06793256290256977
2026-08-30 22:04:00,0.06793256290256977
2026-08-30 22:05:00,0.06784038245677948
2026-08-30 22:06:00,0.06784038245677948
2026-08-30 22:07:00,0.06784038245677948
2026-08-30 22:08:00,0.06784038245677948
2026-08-30 22:09:00,0.06784038245677948
2026-08-30 22:10:00,0.06631359457969666
2026-08-30 22:11:00,0.06631359457969666
2026-08-30 22:12:00,0.06631359457969666
2026-08-30 22:13:00,0.06631359457969666
2026-08-30 22:14:00,0.06631359457969666
2026-08-30 22:15:00,0.0657084621489048
2026-08-30 22:16:00,0.0657084621489048
2026-08-30 22:17:00,0.0657084621489048
2026-08-30 22:18:00,0.0657084621489048
2026-08-30 22:19:00,0.0657084621489048
2026-08-30 22:20:00,0.066131092607975
2026-08-30 22:21:00,0.066131092607975
2026-08-30 22:22:00,0.066131092607975
2026-08-30 22:23:00,0.066131092607975
2026-08-30 22:24:00,0.066131092607975
2026-08-30 22:25:00,0.06604086421430111
2026-08-30 22:26:00,0.06604086421430111
2026-08-30 22:27:00,0.06604086421430111
2026-08-30 22:28:00,0.06604086421430111
2026-08-30 22:29:00,0.06604086421430111
2026-08-30 22:30:00,0.06722752563655376
2026-08-30 22:31:00,0.06722752563655376
2026-08-30 22:32:00,0.06722752563655376
2026-08-30 22:33:00,0.06722752563655376
2026-08-30 22:34:00,0.06722752563655376
2026-08-30 22:35:00,0.06690438091754913
2026-08-30 22:36:00,0.06690438091754913
2026-08-30 22:37:00,0.06690438091754913
2026-08-30 22:38:00,0.06690438091754913
2026-08-30 22:39:00,0.06690438091754913
2026-08-30 22:40:00,0.06287570297718048
2026-08-30 22:41:00,0.06287570297718048
2026-08-30 22:42:00,0.06287570297718048
2026-08-30 22:43:00,0.06287570297718048
2026-08-30 22:44:00,0.06287570297718048
2026-08-30 22:45:00,0.06183823011815548
2026-08-30 22:46:00,0.06183823011815548
2026-08-30 22:47:00,0.06183823011815548
2026-08-30 22:48:00,0.06183823011815548
2026-08-30 22:49:00,0.06183823011815548
2026-08-30 22:50:00,0.05990619398653507
2026-08-30 22:51:00,0.05990619398653507
2026-08-30 22:52:00,0.05990619398653507
2026-08-30 22:53:00,0.05990619398653507
2026-08-30 22:54:00,0.05990619398653507
2026-08-30 22:55:00,0.0562717579305172
2026-08-30 22:56:00,0.0562717579305172
2026-08-30 22:57:00,0.0562717579305172
2026-08-30 22:58:00,0.0562717579305172
2026-08-30 22:59:00,0.0562717579305172
2026-08-30 23:00:00,0.05574763473123312
2026-08-30 23:01:00,0.05574763473123312
2026-08-30 23:02:00,0.05574763473123312
2026-08-30 23:03:00,0.05574763473123312
2026-08-30 23:04:00,0.05574763473123312
2026-08-30 23:05:00,0.054648565128445625
2026-08-30 23:06:00,0.054648565128445625
2026-08-30 23:07:00,0.054648565128445625
2026-08-30 23:08:00,0.054648565128445625
2026-08-30 23:09:00,0.054648565128445625
2026-08-30 23:10:00,0.05628989823162556
2026-08-30 23:11:00,0.05628989823162556
2026-08-30 23:12:00,0.05628989823162556
2026-08-30 23:13:00,0.05628989823162556
2026-08-30 23:14:00,0.05628989823162556
2026-08-30 23:15:00,0.060907427221536636
2026-08-30 23:16:00,0.060907427221536636
2026-08-30 23:17:00,0.060907427221536636
2026-08-30 23:18:00,0.060907427221536636
2026-08-30 23:19:00,0.060907427221536636
2026-08-30 23:20:00,0.06498745176941156
2026-08-30 23:21:00,0.06498745176941156
2026-08-30 23:22:00,0.06498745176941156
2026-08-30 23:23:00,0.06498745176941156
2026-08-30 23:24:00,0.06498745176941156
2026-08-30 23:25:00,0.06587096769362688
2026-08-30 23:26:00,0.06587096769362688
2026-08-30 23:27:00,0.06587096769362688
2026-08-30 23:28:00,0.06587096769362688
2026-08-30 23:29:00,0.06587096769362688
2026-08-30 23:30:00,0.06570154335349798
2026-08-30 23:31:00,0.06570154335349798
2026-08-30 23:32:00,0.06570154335349798
2026-08-30 23:33:00,0.06570154335349798
2026-08-30 23:34:00,0.06570154335349798
2026-08-30 23:35:00,0.06768315192312002
2026-08-30 23:36:00,0.06768315192312002
2026-08-30 23:37:00,0.06768315192312002
2026-08-30 23:38:00,0.06768315192312002
2026-08-30 23:39:00,0.06768315192312002
2026-08-30 23:40:00,0.06682332418859005
2026-08-30 23:41:00,0.06682332418859005
2026-08-30 23:42:00,0.06682332418859005
2026-08-30 23:43:00,0.06682332418859005
2026-08-30 23:44:00,0.06682332418859005
2026-08-30 23:45:00,0.06825923826545477
2026-08-30 23:46:00,0.06825923826545477
2026-08-30 23:47:00,0.06825923826545477
2026-08-30 23:48:00,0.06825923826545477
2026-08-30 23:49:00,0.06825923826545477
2026-08-30 23:50:00,0.06791163515299559
2026-08-30 23:51:00,0.06791163515299559
2026-08-30 23:52:00,0.06791163515299559
2026-08-30 23:53:00,0.06791163515299559
2026-08-30 23:54:00,0.06791163515299559
2026-08-30 23:55:00,0.0655555808916688
2026-08-30 23:56:00,0.0655555808916688
2026-08-30 23:57:00,0.0655555808916688
2026-08-30 23:58:00,0.0655555808916688
2026-08-30 23:59:00,0.0655555808916688
2026-08-31 00:00:00,0.07036835514008999
2026-08-31 00:01:00,0.07036835514008999
2026-08-31 00:02:00,0.07036835514008999
2026-08-31 00:03:00,0.07036835514008999
2026-08-31 00:04:00,0.07036835514008999
2026-08-31 00:05:00,0.0788189209997654
2026-08-31 00:06:00,0.0788189209997654
2026-08-31 00:07:00,0.0788189209997654
2026-08-31 00:08:00,0.0788189209997654
2026-08-31 00:09:00,0.0788189209997654
2026-08-31 00:10:00,0.08478910475969315
2026-08-31 00:11:00,0.08478910475969315
2026-08-31 00:12:00,0.08478910475969315
2026-08-31 00:13:00,0.08478910475969315
2026-08-31 00:14:00,0.08478910475969315
2026-08-31 00:15:00,0.09056930802762508
2026-08-31 00:16:00,0.09056930802762508
2026-08-31 00:17:00,0.09056930802762508
2026-08-31 00:18:00,0.09056930802762508
2026-08-31 00:19:00,0.09056930802762508
2026-08-31 00:20:00,0.08748152665793896
2026-08-31 00:21:00,0.08748152665793896
2026-08-31 00:22:00,0.08748152665793896
2026-08-31 00:23:00,0.08748152665793896
2026-08-31 00:24:00,0.08748152665793896
2026-08-31 00:25:00,0.0744073549285531
2026-08-31 00:26:00,0.0744073549285531
2026-08-31 00:27:00,0.0744073549285531
2026-08-31 00:28:00,0.0744073549285531
2026-08-31 00:29:00,0.0744073549285531
2026-08-31 00:30:00,0.06432243064045906
2026-08-31 00:31:00,0.06432243064045906
2026-08-31 00:32:00,0.06432243064045906
2026-08-31 00:33:00,0.06432243064045906
2026-08-31 00:34:00,0.06432243064045906
2026-08-31 00:35:00,0.053182716481387615
2026-08-31 00:36:00,0.053182716481387615
2026-08-31 00:37:00,0.053182716481387615
2026-08-31 00:38:00,0.053182716481387615
2026-08-31 00:39:00,0.053182716481387615
2026-08-31 00:40:00,0.04891785327345133
2026-08-31 00:41:00,0.04891785327345133
2026-08-31 00:42:00,0.04891785327345133
2026-08-31 00:43:00,0.04891785327345133
2026-08-31 00:44:00,0.04891785327345133
2026-08-31 00:45:00,0.05142233893275261
2026-08-31 00:46:00,0.05142233893275261
2026-08-31 00:47:00,0.05142233893275261
2026-08-31 00:48:00,0.05142233893275261
2026-08-31 00:49:00,0.05142233893275261
2026-08-31 00:50:00,0.05351521261036396
2026-08-31 00:51:00,0.05351521261036396
2026-08-31 00:52:00,0.05351521261036396
2026-08-31 00:53:00,0.05351521261036396
2026-08-31 00:54:00,0.05351521261036396
2026-08-31 00:55:00,0.05921915266662836
2026-08-31 00:56:00,0.05921915266662836
2026-08-31 00:57:00,0.05921915266662836
2026-08-31 00:58:00,0.05921915266662836
2026-08-31 00:59:00,0.05921915266662836
2026-08-31 01:00:00,0.061971443705260754
2026-08-31 01:01:00,0.061971443705260754
2026-08-31 01:02:00,0.061971443705260754
2026-08-31 01:03:00,0.061971443705260754
2026-08-31 01:04:00,0.061971443705260754
2026-08-31 01:05:00,0.0640402128919959
2026-08-31 01:06:00,0.0640402128919959
2026-08-31 01:07:00,0.0640402128919959
2026-08-31 01:08:00,0.0640402128919959
2026-08-31 01:09:00,0.0640402128919959
2026-08-31 01:10:00,0.06592625193297863
2026-08-31 01:11:00,0.06592625193297863
2026-08-31 01:12:00,0.06592625193297863
2026-08-31 01:13:00,0.06592625193297863
2026-08-31 01:14:00,0.06592625193297863
2026-08-31 01:15:00,0.06365799531340599
2026-08-31 01:16:00,0.06365799531340599
2026-08-31 01:17:00,0.06365799531340599
2026-08-31 01:18:00,0.06365799531340599
2026-08-31 01:19:00,0.06365799531340599
2026-08-31 01:20:00,0.06694754213094711
2026-08-31 01:21:00,0.06694754213094711
2026-08-31 01:22:00,0.06694754213094711
2026-08-31 01:23:00,0.06694754213094711
2026-08-31 01:24:00,0.06694754213094711
2026-08-31 01:25:00,0.06787534430623055
2026-08-31 01:26:00,0.06787534430623055
2026-08-31 01:27:00,0.06787534430623055
2026-08-31 01:28:00,0.06787534430623055
2026-08-31 01:29:00,0.06787534430623055
2026-08-31 01:30:00,0.07165123894810677
2026-08-31 01:31:00,0.07165123894810677
2026-08-31 01:32:00,0.07165123894810677
2026-08-31 01:33:00,0.07165123894810677
2026-08-31 01:34:00,0.07165123894810677
2026-08-31 01:35:00,0.0771146658807993
2026-08-31 01:36:00,0.0771146658807993
2026-08-31 01:37:00,0.0771146658807993
2026-08-31 01:38:00,0.0771146658807993
2026-08-31 01:39:00,0.0771146658807993
2026-08-31 01:40:00,0.09041490778326988
2026-08-31 01:41:00,0.09041490778326988
2026-08-31 01:42:00,0.09041490778326988
2026-08-31 01:43:00,0.09041490778326988
2026-08-31 01:44:00,0.09041490778326988
2026-08-31 01:45:00,0.10696169547736645
2026-08-31 01:46:00,0.10696169547736645
2026-08-31 01:47:00,0.10696169547736645
2026-08-31 01:48:00,0.10696169547736645
2026-08-31 01:49:00,0.10696169547736645
2026-08-31 01:50:00,0.12249652668833733
2026-08-31 01:51:00,0.12249652668833733
2026-08-31 01:52:00,0.12249652668833733
2026-08-31 01:53:00,0.12249652668833733
2026-08-31 01:54:00,0.12249652668833733
2026-08-31 01:55:00,0.15077973529696465
2026-08-31 01:56:00,0.15077973529696465
2026-08-31 01:57:00,0.15077973529696465
2026-08-31 01:58:00,0.15077973529696465
2026-08-31 01:59:00,0.15077973529696465
2026-08-31 02:00:00,0.15297463163733482
2026-08-31 02:01:00,0.15297463163733482
2026-08-31 02:02:00,0.15297463163733482
2026-08-31 02:03:00,0.15297463163733482
2026-08-31 02:04:00,0.15297463163733482
2026-08-31 02:05:00,0.15205049142241478
2026-08-31 02:06:00,0.15205049142241478
2026-08-31 02:07:00,0.15205049142241478
2026-08-31 02:08:00,0.15205049142241478
2026-08-31 02:09:00,0.15205049142241478
2026-08-31 02:10:00,0.1488601118326187
2026-08-31 02:11:00,0.1488601118326187
2026-08-31 02:12:00,0.1488601118326187
2026-08-31 02:13:00,0.1488601118326187
2026-08-31 02:14:00,0.1488601118326187
2026-08-31 02:15:00,0.11540283542126417
2026-08-31 02:16:00,0.11540283542126417
2026-08-31 02:17:00,0.11540283542126417
2026-08-31 02:18:00,0.11540283542126417
2026-08-31 02:19:00,0.11540283542126417
2026-08-31 02:20:00,0.09836915228515863
2026-08-31 02:21:00,0.09836915228515863
2026-08-31 02:22:00,0.09836915228515863
2026-08-31 02:23:00,0.09836915228515863
2026-08-31 02:24:00,0.09836915228515863
2026-08-31 02:25:00,0.08249770570546389
2026-08-31 02:26:00,0.08249770570546389
2026-08-31 02:27:00,0.08249770570546389
2026-08-31 02:28:00,0.08249770570546389
2026-08-31 02:29:00,0.08249770570546389
2026-08-31 02:30:00,0.0660098409280181
2026-08-31 02:31:00,0.0660098409280181
2026-08-31 02:32:00,0.0660098409280181
2026-08-31 02:33:00,0.0660098409280181
2026-08-31 02:34:00,0.0660098409280181
2026-08-31 02:35:00,0.06993325240910053
2026-08-31 02:36:00,0.06993325240910053
2026-08-31 02:37:00,0.06993325240910053
2026-08-31 02:38:00,0.06993325240910053
2026-08-31 02:39:00,0.06993325240910053
2026-08-31 02:40:00,0.06965618394315243
2026-08-31 02:41:00,0.06965618394315243
2026-08-31 02:42:00,0.06965618394315243
2026-08-31 02:43:00,0.06965618394315243
2026-08-31 02:44:00,0.06965618394315243
2026-08-31 02:45:00,0.06840384565293789
2026-08-31 02:46:00,0.06840384565293789
2026-08-31 02:47:00,0.06840384565293789
2026-08-31 02:48:00,0.06840384565293789
2026-08-31 02:49:00,0.06840384565293789
2026-08-31 02:50:00,0.06851532310247421
2026-08-31 02:51:00,0.06851532310247421
2026-08-31 02:52:00,0.06851532310247421
2026-08-31 02:53:00,0.06851532310247421
2026-08-31 02:54:00,0.06851532310247421
2026-08-31 02:55:00,0.06459965743124485
2026-08-31 02:56:00,0.06459965743124485
2026-08-31 02:57:00,0.06459965743124485
2026-08-31 02:58:00,0.06459965743124485
2026-08-31 02:59:00,0.06459965743124485
2026-08-31 03:00:00,0.061532022431492805
2026-08-31 03:01:00,0.061532022431492805
2026-08-31 03:02:00,0.061532022431492805
2026-08-31 03:03:00,0.061532022431492805
2026-08-31 03:04:00,0.061532022431492805
2026-08-31 03:05:00,0.06000901013612747
2026-08-31 03:06:00,0.06000901013612747
2026-08-31 03:07:00,0.06000901013612747
2026-08-31 03:08:00,0.06000901013612747
2026-08-31 03:09:00,0.06000901013612747
2026-08-31 03:10:00,0.057314708828926086
2026-08-31 03:11:00,0.057314708828926086
2026-08-31 03:12:00,0.057314708828926086
2026-08-31 03:13:00,0.057314708828926086
2026-08-31 03:14:00,0.057314708828926086
2026-08-31 03:15:00,0.057219876907765865
2026-08-31 03:16:00,0.057219876907765865
2026-08-31 03:17:00,0.057219876907765865
2026-08-31 03:18:00,0.057219876907765865
2026-08-31 03:19:00,0.057219876907765865
2026-08-31 03:20:00,0.05768480710685253
2026-08-31 03:21:00,0.05768480710685253
2026-08-31 03:22:00,0.05768480710685253
2026-08-31 03:23:00,0.05768480710685253
2026-08-31 03:24:00,0.05768480710685253
2026-08-31 03:25:00,0.05563755426555872
2026-08-31 03:26:00,0.05563755426555872
2026-08-31 03:27:00,0.05563755426555872
2026-08-31 03:28:00,0.05563755426555872
2026-08-31 03:29:00,0.05563755426555872
2026-08-31 03:30:00,0.057001812383532524
2026-08-31 03:31:00,0.057001812383532524
2026-08-31 03:32:00,0.057001812383532524
2026-08-31 03:33:00,0.057001812383532524
2026-08-31 03:34:00,0.057001812383532524
2026-08-31 03:35:00,0.060573975555598736
2026-08-31 03:36:00,0.060573975555598736
2026-08-31 03:37:00,0.060573975555598736
2026-08-31 03:38:00,0.060573975555598736
2026-08-31 03:39:00,0.060573975555598736
2026-08-31 03:40:00,0.06458566710352898
2026-08-31 03:41:00,0.06458566710352898
2026-08-31 03:42:00,0.06458566710352898
2026-08-31 03:43:00,0.06458566710352898
2026-08-31 03:44:00,0.06458566710352898
2026-08-31 03:45:00,0.06998598482459784
2026-08-31 03:46:00,0.06998598482459784
2026-08-31 03:47:00,0.06998598482459784
2026-08-31 03:48:00,0.06998598482459784
2026-08-31 03:49:00,0.06998598482459784
2026-08-31 03:50:00,0.07359753176569939
2026-08-31 03:51:00,0.07359753176569939
2026-08-31 03:52:00,0.07359753176569939
2026-08-31 03:53:00,0.07359753176569939
2026-08-31 03:54:00,0.07359753176569939
2026-08-31 03:55:00,0.07846431247889996
2026-08-31 03:56:00,0.07846431247889996
2026-08-31 03:57:00,0.07846431247889996
2026-08-31 03:58:00,0.07846431247889996
2026-08-31 03:59:00,0.07846431247889996
2026-08-31 04:00:00,0.07788317836821079
2026-08-31 04:01:00,0.07788317836821079
2026-08-31 04:02:00,0.07788317836821079
2026-08-31 04:03:00,0.07788317836821079
2026-08-31 04:04:00,0.07788317836821079
2026-08-31 04:05:00,0.0753894317895174
2026-08-31 04:06:00,0.0753894317895174
2026-08-31 04:07:00,0.0753894317895174
2026-08-31 04:08:00,0.0753894317895174
2026-08-31 04:09:00,0.0753894317895174
2026-08-31 04:10:00,0.07303776033222675
2026-08-31 04:11:00,0.07303776033222675
2026-08-31 04:12:00,0.07303776033222675
2026-08-31 04:13:00,0.07303776033222675
2026-08-31 04:14:00,0.07303776033222675
2026-08-31 04:15:00,0.06824789196252823
2026-08-31 04:16:00,0.06824789196252823
2026-08-31 04:17:00,0.06824789196252823
2026-08-31 04:18:00,0.06824789196252823
2026-08-31 04:19:00,0.06824789196252823
2026-08-31 04:20:00,0.06725804507732391
2026-08-31 04:21:00,0.06725804507732391
2026-08-31 04:22:00,0.06725804507732391
2026-08-31 04:23:00,0.06725804507732391
2026-08-31 04:24:00,0.06725804507732391
2026-08-31 04:25:00,0.06574458349496126
2026-08-31 04:26:00,0.06574458349496126
2026-08-31 04:27:00,0.06574458349496126
2026-08-31 04:28:00,0.06574458349496126
2026-08-31 04:29:00,0.06574458349496126
2026-08-31 04:30:00,0.06486140191555023
2026-08-31 04:31:00,0.06486140191555023
2026-08-31 04:32:00,0.06486140191555023
2026-08-31 04:33:00,0.06486140191555023
2026-08-31 04:34:00,0.06486140191555023
2026-08-31 04:35:00,0.06329777836799622
2026-08-31 04:36:00,0.06329777836799622
2026-08-31 04:37:00,0.06329777836799622
2026-08-31 04:38:00,0.06329777836799622
2026-08-31 04:39:00,0.06329777836799622
2026-08-31 04:40:00,0.06593438051640987
2026-08-31 04:41:00,0.06593438051640987
2026-08-31 04:42:00,0.06593438051640987
2026-08-31 04:43:00,0.06593438051640987
2026-08-31 04:44:00,0.06593438051640987
2026-08-31 04:45:00,0.07413558755069971
2026-08-31 04:46:00,0.07413558755069971
2026-08-31 04:47:00,0.07413558755069971
2026-08-31 04:48:00,0.07413558755069971
2026-08-31 04:49:00,0.07413558755069971
2026-08-31 04:50:00,0.07756010629236698
2026-08-31 04:51:00,0.07756010629236698
2026-08-31 04:52:00,0.07756010629236698
2026-08-31 04:53:00,0.07756010629236698
2026-08-31 04:54:00,0.07756010629236698
2026-08-31 04:55:00,0.07841890305280685
2026-08-31 04:56:00,0.07841890305280685
2026-08-31 04:57:00,0.07841890305280685
2026-08-31 04:58:00,0.07841890305280685
2026-08-31 04:59:00,0.07841890305280685
2026-08-31 05:00:00,0.07544327527284622
2026-08-31 05:01:00,0.07544327527284622
2026-08-31 05:02:00,0.07544327527284622
2026-08-31 05:03:00,0.07544327527284622
2026-08-31 05:04:00,0.07544327527284622
2026-08-31 05:05:00,0.06823813263326883
2026-08-31 05:06:00,0.06823813263326883
2026-08-31 05:07:00,0.06823813263326883
2026-08-31 05:08:00,0.06823813263326883
2026-08-31 05:09:00,0.06823813263326883
2026-08-31 05:10:00,0.06326273642480373
2026-08-31 05:11:00,0.06326273642480373
2026-08-31 05:12:00,0.06326273642480373
2026-08-31 05:13:00,0.06326273642480373
2026-08-31 05:14:00,0.06326273642480373
2026-08-31 05:15:00,0.059412810020148754
2026-08-31 05:16:00,0.059412810020148754
2026-08-31 05:17:00,0.059412810020148754
2026-08-31 05:18:00,0.059412810020148754
2026-08-31 05:19:00,0.059412810020148754
2026-08-31 05:20:00,0.059742615558207035
2026-08-31 05:21:00,0.059742615558207035
2026-08-31 05:22:00,0.059742615558207035
2026-08-31 05:23:00,0.059742615558207035
2026-08-31 05:24:00,0.059742615558207035
2026-08-31 05:25:00,0.06290885992348194
2026-08-31 05:26:00,0.06290885992348194
2026-08-31 05:27:00,0.06290885992348194
2026-08-31 05:28:00,0.06290885992348194
2026-08-31 05:29:00,0.06290885992348194
2026-08-31 05:30:00,0.06804923992604017
2026-08-31 05:31:00,0.06804923992604017
2026-08-31 05:32:00,0.06804923992604017
2026-08-31 05:33:00,0.06804923992604017
2026-08-31 05:34:00,0.06804923992604017
2026-08-31 05:35:00,0.06970292329788208
2026-08-31 05:36:00,0.06970292329788208
2026-08-31 05:37:00,0.06970292329788208
2026-08-31 05:38:00,0.06970292329788208
2026-08-31 05:39:00,0.06970292329788208
2026-08-31 05:40:00,0.06592724658548832
2026-08-31 05:41:00,0.06592724658548832
2026-08-31 05:42:00,0.06592724658548832
2026-08-31 05:43:00,0.06592724658548832
2026-08-31 05:44:00,0.06592724658548832
2026-08-31 05:45:00,0.06001802068203688
2026-08-31 05:46:00,0.06001802068203688
2026-08-31 05:47:00,0.06001802068203688
2026-08-31 05:48:00,0.06001802068203688
2026-08-31 05:49:00,0.06001802068203688
2026-08-31 05:50:00,0.05430043116211891
2026-08-31 05:51:00,0.05430043116211891
2026-08-31 05:52:00,0.05430043116211891
2026-08-31 05:53:00,0.05430043116211891
2026-08-31 05:54:00,0.05430043116211891
2026-08-31 05:55:00,0.05326122511178255
2026-08-31 05:56:00,0.05326122511178255
2026-08-31 05:57:00,0.05326122511178255
2026-08-31 05:58:00,0.05326122511178255
2026-08-31 05:59:00,0.05326122511178255
2026-08-31 06:00:00,0.05645499471575022
2026-08-31 06:01:00,0.05645499471575022
2026-08-31 06:02:00,0.05645499471575022
2026-08-31 06:03:00,0.05645499471575022
2026-08-31 06:04:00,0.05645499471575022
2026-08-31 06:05:00,0.06555932946503162
2026-08-31 06:06:00,0.06555932946503162
2026-08-31 06:07:00,0.06555932946503162
2026-08-31 06:08:00,0.06555932946503162
2026-08-31 06:09:00,0.06555932946503162
2026-08-31 06:10:00,0.07234614063054323
2026-08-31 06:11:00,0.07234614063054323
2026-08-31 06:12:00,0.07234614063054323
2026-08-31 06:13:00,0.07234614063054323
2026-08-31 06:14:00,0.07234614063054323
2026-08-31 06:15:00,0.07885060831904411
2026-08-31 06:16:00,0.07885060831904411
2026-08-31 06:17:00,0.07885060831904411
2026-08-31 06:18:00,0.07885060831904411
2026-08-31 06:19:00,0.07885060831904411
2026-08-31 06:20:00,0.0796700194478035
2026-08-31 06:21:00,0.0796700194478035
2026-08-31 06:22:00,0.0796700194478035
2026-08-31 06:23:00,0.0796700194478035
2026-08-31 06:24:00,0.0796700194478035
2026-08-31 06:25:00,0.09138751029968262
2026-08-31 06:26:00,0.09138751029968262
2026-08-31 06:27:00,0.09138751029968262
2026-08-31 06:28:00,0.09138751029968262
2026-08-31 06:29:00,0.09138751029968262
2026-08-31 06:30:00,0.10344049334526062
2026-08-31 06:31:00,0.10344049334526062
2026-08-31 06:32:00,0.10344049334526062
2026-08-31 06:33:00,0.10344049334526062
2026-08-31 06:34:00,0.10344049334526062
2026-08-31 06:35:00,0.26374759152531624
2026-08-31 06:36:00,0.26374759152531624
2026-08-31 06:37:00,0.26374759152531624
2026-08-31 06:38:00,0.26374759152531624
2026-08-31 06:39:00,0.26374759152531624
2026-08-31 06:40:00,0.42532987147569656
2026-08-31 06:41:00,0.42532987147569656
2026-08-31 06:42:00,0.42532987147569656
2026-08-31 06:43:00,0.42532987147569656
2026-08-31 06:44:00,0.42532987147569656
2026-08-31 06:45:00,0.5603822581470013
2026-08-31 06:46:00,0.5603822581470013
2026-08-31 06:47:00,0.5603822581470013
2026-08-31 06:48:00,0.5603822581470013
2026-08-31 06:49:00,0.5603822581470013
2026-08-31 06:50:00,0.6965678632259369
2026-08-31 06:51:00,0.6965678632259369
2026-08-31 06:52:00,0.6965678632259369
2026-08-31 06:53:00,0.6965678632259369
2026-08-31 06:54:00,0.6965678632259369
2026-08-31 06:55:00,0.5424328092485666
2026-08-31 06:56:00,0.5424328092485666
2026-08-31 06:57:00,0.5424328092485666
2026-08-31 06:58:00,0.5424328092485666
2026-08-31 06:59:00,0.5424328092485666
2026-08-31 07:00:00,0.3853787574917078
2026-08-31 07:01:00,0.3853787574917078
2026-08-31 07:02:00,0.3853787574917078
2026-08-31 07:03:00,0.3853787574917078
2026-08-31 07:04:00,0.3853787574917078
2026-08-31 07:05:00,0.23582160100340843
2026-08-31 07:06:00,0.23582160100340843
2026-08-31 07:07:00,0.23582160100340843
2026-08-31 07:08:00,0.23582160100340843
2026-08-31 07:09:00,0.23582160100340843
2026-08-31 07:10:00,0.08860291540622711
2026-08-31 07:11:00,0.08860291540622711
2026-08-31 07:12:00,0.08860291540622711
2026-08-31 07:13:00,0.08860291540622711
2026-08-31 07:14:00,0.08860291540622711
2026-08-31 07:15:00,0.08328144624829292
2026-08-31 07:16:00,0.08328144624829292
2026-08-31 07:17:00,0.08328144624829292
2026-08-31 07:18:00,0.08328144624829292
2026-08-31 07:19:00,0.08328144624829292
2026-08-31 07:20:00,0.0816338062286377
2026-08-31 07:21:00,0.0816338062286377
2026-08-31 07:22:00,0.0816338062286377
2026-08-31 07:23:00,0.0816338062286377
2026-08-31 07:24:00,0.0816338062286377
2026-08-31 07:25:00,0.08142030239105225
2026-08-31 07:26:00,0.08142030239105225
2026-08-31 07:27:00,0.08142030239105225
2026-08-31 07:28:00,0.08142030239105225
2026-08-31 07:29:00,0.08142030239105225
2026-08-31 07:30:00,0.07903288304805756
2026-08-31 07:31:00,0.07903288304805756
2026-08-31 07:32:00,0.07903288304805756
2026-08-31 07:33:00,0.07903288304805756
2026-08-31 07:34:00,0.07903288304805756
2026-08-31 07:35:00,0.07546253688633442
2026-08-31 07:36:00,0.07546253688633442
2026-08-31 07:37:00,0.07546253688633442
2026-08-31 07:38:00,0.07546253688633442
2026-08-31 07:39:00,0.07546253688633442
2026-08-31 07:40:00,0.07413466833531857
2026-08-31 07:41:00,0.07413466833531857
2026-08-31 07:42:00,0.07413466833531857
2026-08-31 07:43:00,0.07413466833531857
2026-08-31 07:44:00,0.07413466833531857
2026-08-31 07:45:00,0.07657686434686184
2026-08-31 07:46:00,0.07657686434686184
2026-08-31 07:47:00,0.07657686434686184
2026-08-31 07:48:00,0.07657686434686184
2026-08-31 07:49:00,0.07657686434686184
2026-08-31 07:50:00,0.08011350594460964
2026-08-31 07:51:00,0.08011350594460964
2026-08-31 07:52:00,0.08011350594460964
2026-08-31 07:53:00,0.08011350594460964
2026-08-31 07:54:00,0.08011350594460964
2026-08-31 07:55:00,0.08221187256276608
2026-08-31 07:56:00,0.08221187256276608
2026-08-31 07:57:00,0.08221187256276608
2026-08-31 07:58:00,0.08221187256276608
2026-08-31 07:59:00,0.08221187256276608
2026-08-31 08:00:00,0.08330207504332066
2026-08-31 08:01:00,0.08330207504332066
2026-08-31 08:02:00,0.08330207504332066
2026-08-31 08:03:00,0.08330207504332066
2026-08-31 08:04:00,0.08330207504332066
2026-08-31 08:05:00,0.08794455602765083
2026-08-31 08:06:00,0.08794455602765083
2026-08-31 08:07:00,0.08794455602765083
2026-08-31 08:08:00,0.08794455602765083
2026-08-31 08:09:00,0.08794455602765083
2026-08-31 08:10:00,0.09052035212516785
2026-08-31 08:11:00,0.09052035212516785
2026-08-31 08:12:00,0.09052035212516785
2026-08-31 08:13:00,0.09052035212516785
2026-08-31 08:14:00,0.09052035212516785
2026-08-31 08:15:00,0.09562061168253422
2026-08-31 08:16:00,0.09562061168253422
2026-08-31 08:17:00,0.09562061168253422
2026-08-31 08:18:00,0.09562061168253422
2026-08-31 08:19:00,0.09562061168253422
2026-08-31 08:20:00,0.10284945741295815
2026-08-31 08:21:00,0.10284945741295815
2026-08-31 08:22:00,0.10284945741295815
2026-08-31 08:23:00,0.10284945741295815
2026-08-31 08:24:00,0.10284945741295815
2026-08-31 08:25:00,0.09559733420610428
2026-08-31 08:26:00,0.09559733420610428
2026-08-31 08:27:00,0.09559733420610428
2026-08-31 08:28:00,0.09559733420610428
2026-08-31 08:29:00,0.09559733420610428
2026-08-31 08:30:00,0.08654095605015755
2026-08-31 08:31:00,0.08654095605015755
2026-08-31 08:32:00,0.08654095605015755
2026-08-31 08:33:00,0.08654095605015755
2026-08-31 08:34:00,0.08654095605015755
2026-08-31 08:35:00,0.07676365226507187
2026-08-31 08:36:00,0.07676365226507187
2026-08-31 08:37:00,0.07676365226507187
2026-08-31 08:38:00,0.07676365226507187
2026-08-31 08:39:00,0.07676365226507187
2026-08-31 08:40:00,0.06614170223474503
2026-08-31 08:41:00,0.06614170223474503
2026-08-31 08:42:00,0.06614170223474503
2026-08-31 08:43:00,0.06614170223474503
2026-08-31 08:44:00,0.06614170223474503
2026-08-31 08:45:00,0.06912838108837605
2026-08-31 08:46:00,0.06912838108837605
2026-08-31 08:47:00,0.06912838108837605
2026-08-31 08:48:00,0.06912838108837605
2026-08-31 08:49:00,0.06912838108837605
2026-08-31 08:50:00,0.07947064563632011
2026-08-31 08:51:00,0.07947064563632011
2026-08-31 08:52:00,0.07947064563632011
2026-08-31 08:53:00,0.07947064563632011
2026-08-31 08:54:00,0.07947064563632011
2026-08-31 08:55:00,0.08724205382168293
2026-08-31 08:56:00,0.08724205382168293
2026-08-31 08:57:00,0.08724205382168293
2026-08-31 08:58:00,0.08724205382168293
2026-08-31 08:59:00,0.08724205382168293
2026-08-31 09:00:00,0.09545827656984329
2026-08-31 09:01:00,0.09545827656984329
2026-08-31 09:02:00,0.09545827656984329
2026-08-31 09:03:00,0.09545827656984329
2026-08-31 09:04:00,0.09545827656984329
2026-08-31 09:05:00,0.0956386849284172
2026-08-31 09:06:00,0.0956386849284172
2026-08-31 09:07:00,0.0956386849284172
2026-08-31 09:08:00,0.0956386849284172
2026-08-31 09:09:00,0.0956386849284172
2026-08-31 09:10:00,0.08509630803018808
2026-08-31 09:11:00,0.08509630803018808
2026-08-31 09:12:00,0.08509630803018808
2026-08-31 09:13:00,0.08509630803018808
2026-08-31 09:14:00,0.08509630803018808
2026-08-31 09:15:00,0.07750061806291342
2026-08-31 09:16:00,0.07750061806291342
2026-08-31 09:17:00,0.07750061806291342
2026-08-31 09:18:00,0.07750061806291342
2026-08-31 09:19:00,0.07750061806291342
2026-08-31 09:20:00,0.06726577132940292
2026-08-31 09:21:00,0.06726577132940292
2026-08-31 09:22:00,0.06726577132940292
2026-08-31 09:23:00,0.06726577132940292
2026-08-31 09:24:00,0.06726577132940292
2026-08-31 09:25:00,0.06755187921226025
2026-08-31 09:26:00,0.06755187921226025
2026-08-31 09:27:00,0.06755187921226025
2026-08-31 09:28:00,0.06755187921226025
2026-08-31 09:29:00,0.06755187921226025
2026-08-31 09:30:00,0.08696759026497602
2026-08-31 09:31:00,0.08696759026497602
2026-08-31 09:32:00,0.08696759026497602
2026-08-31 09:33:00,0.08696759026497602
2026-08-31 09:34:00,0.08696759026497602
2026-08-31 09:35:00,0.12026455346494913
2026-08-31 09:36:00,0.12026455346494913
2026-08-31 09:37:00,0.12026455346494913
2026-08-31 09:38:00,0.12026455346494913
2026-08-31 09:39:00,0.12026455346494913
2026-08-31 09:40:00,0.1525743156671524
2026-08-31 09:41:00,0.1525743156671524
2026-08-31 09:42:00,0.1525743156671524
2026-08-31 09:43:00,0.1525743156671524
2026-08-31 09:44:00,0.1525743156671524
2026-08-31 09:45:00,0.1622735671699047
2026-08-31 09:46:00,0.1622735671699047
2026-08-31 09:47:00,0.1622735671699047
2026-08-31 09:48:00,0.1622735671699047
2026-08-31 09:49:00,0.1622735671699047
2026-08-31 09:50:00,0.1445128507912159
2026-08-31 09:51:00,0.1445128507912159
2026-08-31 09:52:00,0.1445128507912159
2026-08-31 09:53:00,0.1445128507912159
2026-08-31 09:54:00,0.1445128507912159
2026-08-31 09:55:00,0.10769095830619335
2026-08-31 09:56:00,0.10769095830619335
2026-08-31 09:57:00,0.10769095830619335
2026-08-31 09:58:00,0.10769095830619335
2026-08-31 09:59:00,0.10769095830619335
2026-08-31 10:00:00,0.07470494974404573
2026-08-31 10:01:00,0.07470494974404573
2026-08-31 10:02:00,0.07470494974404573
2026-08-31 10:03:00,0.07470494974404573
2026-08-31 10:04:00,0.07470494974404573
2026-08-31 10:05:00,0.05900645349174738
2026-08-31 10:06:00,0.05900645349174738
2026-08-31 10:07:00,0.05900645349174738
2026-08-31 10:08:00,0.05900645349174738
2026-08-31 10:09:00,0.05900645349174738
2026-08-31 10:10:00,0.06047536712139845
2026-08-31 10:11:00,0.06047536712139845
2026-08-31 10:12:00,0.06047536712139845
2026-08-31 10:13:00,0.06047536712139845
2026-08-31 10:14:00,0.06047536712139845
2026-08-31 10:15:00,0.0654195761308074
2026-08-31 10:16:00,0.0654195761308074
2026-08-31 10:17:00,0.0654195761308074
2026-08-31 10:18:00,0.0654195761308074
2026-08-31 10:19:00,0.0654195761308074
2026-08-31 10:20:00,0.0688974168151617
2026-08-31 10:21:00,0.0688974168151617
2026-08-31 10:22:00,0.0688974168151617
2026-08-31 10:23:00,0.0688974168151617
2026-08-31 10:24:00,0.0688974168151617
2026-08-31 10:25:00,0.07048138417303562
2026-08-31 10:26:00,0.07048138417303562
2026-08-31 10:27:00,0.07048138417303562
2026-08-31 10:28:00,0.07048138417303562
2026-08-31 10:29:00,0.07048138417303562
2026-08-31 10:30:00,0.07106897979974747
2026-08-31 10:31:00,0.07106897979974747
2026-08-31 10:32:00,0.07106897979974747
2026-08-31 10:33:00,0.07106897979974747
2026-08-31 10:34:00,0.07106897979974747
2026-08-31 10:35:00,0.07222073525190353
2026-08-31 10:36:00,0.07222073525190353
2026-08-31 10:37:00,0.07222073525190353
2026-08-31 10:38:00,0.07222073525190353
2026-08-31 10:39:00,0.07222073525190353
2026-08-31 10:40:00,0.07465345598757267
2026-08-31 10:41:00,0.07465345598757267
2026-08-31 10:42:00,0.07465345598757267
2026-08-31 10:43:00,0.07465345598757267
2026-08-31 10:44:00,0.07465345598757267
2026-08-31 10:45:00,0.0715814707800746
2026-08-31 10:46:00,0.0715814707800746
2026-08-31 10:47:00,0.0715814707800746
2026-08-31 10:48:00,0.0715814707800746
2026-08-31 10:49:00,0.0715814707800746
2026-08-31 10:50:00,0.06630938313901424
2026-08-31 10:51:00,0.06630938313901424
2026-08-31 10:52:00,0.06630938313901424
2026-08-31 10:53:00,0.06630938313901424
2026-08-31 10:54:00,0.06630938313901424
2026-08-31 10:55:00,0.06478079594671726
2026-08-31 10:56:00,0.06478079594671726
2026-08-31 10:57:00,0.06478079594671726
2026-08-31 10:58:00,0.06478079594671726
2026-08-31 10:59:00,0.06478079594671726
2026-08-31 11:00:00,0.07325847260653973
2026-08-31 11:01:00,0.07325847260653973
2026-08-31 11:02:00,0.07325847260653973
2026-08-31 11:03:00,0.07325847260653973
2026-08-31 11:04:00,0.07325847260653973
2026-08-31 11:05:00,0.08568954933434725
2026-08-31 11:06:00,0.08568954933434725
2026-08-31 11:07:00,0.08568954933434725
2026-08-31 11:08:00,0.08568954933434725
2026-08-31 11:09:00,0.08568954933434725
2026-08-31 11:10:00,0.09618065878748894
2026-08-31 11:11:00,0.09618065878748894
2026-08-31 11:12:00,0.09618065878748894
2026-08-31 11:13:00,0.09618065878748894
2026-08-31 11:14:00,0.09618065878748894
2026-08-31 11:15:00,0.10024437680840492
2026-08-31 11:16:00,0.10024437680840492
2026-08-31 11:17:00,0.10024437680840492
2026-08-31 11:18:00,0.10024437680840492
2026-08-31 11:19:00,0.10024437680840492
2026-08-31 11:20:00,0.08954755030572414
2026-08-31 11:21:00,0.08954755030572414
2026-08-31 11:22:00,0.08954755030572414
2026-08-31 11:23:00,0.08954755030572414
2026-08-31 11:24:00,0.08954755030572414
2026-08-31 11:25:00,0.08041840605437756
2026-08-31 11:26:00,0.08041840605437756
2026-08-31 11:27:00,0.08041840605437756
2026-08-31 11:28:00,0.08041840605437756
2026-08-31 11:29:00,0.08041840605437756
2026-08-31 11:30:00,0.07284622825682163
2026-08-31 11:31:00,0.07284622825682163
2026-08-31 11:32:00,0.07284622825682163
2026-08-31 11:33:00,0.07284622825682163
2026-08-31 11:34:00,0.07284622825682163
2026-08-31 11:35:00,0.09653178974986076
2026-08-31 11:36:00,0.09653178974986076
2026-08-31 11:37:00,0.09653178974986076
2026-08-31 11:38:00,0.09653178974986076
2026-08-31 11:39:00,0.09653178974986076
2026-08-31 11:40:00,0.12185958959162235
2026-08-31 11:41:00,0.12185958959162235
2026-08-31 11:42:00,0.12185958959162235
2026-08-31 11:43:00,0.12185958959162235
2026-08-31 11:44:00,0.12185958959162235
2026-08-31 11:45:00,0.14782697893679142
2026-08-31 11:46:00,0.14782697893679142
2026-08-31 11:47:00,0.14782697893679142
2026-08-31 11:48:00,0.14782697893679142
2026-08-31 11:49:00,0.14782697893679142
2026-08-31 11:50:00,0.17423438653349876
2026-08-31 11:51:00,0.17423438653349876
2026-08-31 11:52:00,0.17423438653349876
2026-08-31 11:53:00,0.17423438653349876
2026-08-31 11:54:00,0.17423438653349876
2026-08-31 11:55:00,0.14427964109927416
2026-08-31 11:56:00,0.14427964109927416
2026-08-31 11:57:00,0.14427964109927416
2026-08-31 11:58:00,0.14427964109927416
2026-08-31 11:59:00,0.14427964109927416
2026-08-31 12:00:00,0.11723768059164286
2026-08-31 12:01:00,0.11723768059164286
2026-08-31 12:02:00,0.11723768059164286
2026-08-31 12:03:00,0.11723768059164286
2026-08-31 12:04:00,0.11723768059164286
2026-08-31 12:05:00,0.09207999799400568
2026-08-31 12:06:00,0.09207999799400568
2026-08-31 12:07:00,0.09207999799400568
2026-08-31 12:08:00,0.09207999799400568
2026-08-31 12:09:00,0.09207999799400568
2026-08-31 12:10:00,0.06514339987188578
2026-08-31 12:11:00,0.06514339987188578
2026-08-31 12:12:00,0.06514339987188578
2026-08-31 12:13:00,0.06514339987188578
2026-08-31 12:14:00,0.06514339987188578
2026-08-31 12:15:00,0.07159233838319778
2026-08-31 12:16:00,0.07159233838319778
2026-08-31 12:17:00,0.07159233838319778
2026-08-31 12:18:00,0.07159233838319778
2026-08-31 12:19:00,0.07159233838319778
2026-08-31 12:20:00,0.07600538060069084
2026-08-31 12:21:00,0.07600538060069084
2026-08-31 12:22:00,0.07600538060069084
2026-08-31 12:23:00,0.07600538060069084
2026-08-31 12:24:00,0.07600538060069084
2026-08-31 12:25:00,0.07891224138438702
2026-08-31 12:26:00,0.07891224138438702
2026-08-31 12:27:00,0.07891224138438702
2026-08-31 12:28:00,0.07891224138438702
2026-08-31 12:29:00,0.07891224138438702
2026-08-31 12:30:00,0.08465052954852581
2026-08-31 12:31:00,0.08465052954852581
2026-08-31 12:32:00,0.08465052954852581
2026-08-31 12:33:00,0.08465052954852581
2026-08-31 12:34:00,0.08465052954852581
2026-08-31 12:35:00,0.08014760538935661
2026-08-31 12:36:00,0.08014760538935661
2026-08-31 12:37:00,0.08014760538935661
2026-08-31 12:38:00,0.08014760538935661
2026-08-31 12:39:00,0.08014760538935661
2026-08-31 12:40:00,0.07403969671577215
2026-08-31 12:41:00,0.07403969671577215
2026-08-31 12:42:00,0.07403969671577215
2026-08-31 12:43:00,0.07403969671577215
2026-08-31 12:44:00,0.07403969671577215
2026-08-31 12:45:00,0.06430820748209953
2026-08-31 12:46:00,0.06430820748209953
2026-08-31 12:47:00,0.06430820748209953
2026-08-31 12:48:00,0.06430820748209953
2026-08-31 12:49:00,0.06430820748209953
2026-08-31 12:50:00,0.05631453637033701
2026-08-31 12:51:00,0.05631453637033701
2026-08-31 12:52:00,0.05631453637033701
2026-08-31 12:53:00,0.05631453637033701
2026-08-31 12:54:00,0.05631453637033701
2026-08-31 12:55:00,0.061027743853628635
2026-08-31 12:56:00,0.061027743853628635
2026-08-31 12:57:00,0.061027743853628635
2026-08-31 12:58:00,0.061027743853628635
2026-08-31 12:59:00,0.061027743853628635
2026-08-31 13:00:00,0.07530654221773148
2026-08-31 13:01:00,0.07530654221773148
2026-08-31 13:02:00,0.07530654221773148
2026-08-31 13:03:00,0.07530654221773148
2026-08-31 13:04:00,0.07530654221773148
2026-08-31 13:05:00,0.09787621442228556
2026-08-31 13:06:00,0.09787621442228556
2026-08-31 13:07:00,0.09787621442228556
2026-08-31 13:08:00,0.09787621442228556
2026-08-31 13:09:00,0.09787621442228556
2026-08-31 13:10:00,0.11457505263388157
2026-08-31 13:11:00,0.11457505263388157
2026-08-31 13:12:00,0.11457505263388157
2026-08-31 13:13:00,0.11457505263388157
2026-08-31 13:14:00,0.11457505263388157
2026-08-31 13:15:00,0.11744381301105022
2026-08-31 13:16:00,0.11744381301105022
2026-08-31 13:17:00,0.11744381301105022
2026-08-31 13:18:00,0.11744381301105022
2026-08-31 13:19:00,0.11744381301105022
2026-08-31 13:20:00,0.11098944954574108
2026-08-31 13:21:00,0.11098944954574108
2026-08-31 13:22:00,0.11098944954574108
2026-08-31 13:23:00,0.11098944954574108
2026-08-31 13:24:00,0.11098944954574108
2026-08-31 13:25:00,0.09559540450572968
2026-08-31 13:26:00,0.09559540450572968
2026-08-31 13:27:00,0.09559540450572968
2026-08-31 13:28:00,0.09559540450572968
2026-08-31 13:29:00,0.09559540450572968
2026-08-31 13:30:00,0.08138077706098557
2026-08-31 13:31:00,0.08138077706098557
2026-08-31 13:32:00,0.08138077706098557
2026-08-31 13:33:00,0.08138077706098557
2026-08-31 13:34:00,0.08138077706098557
2026-08-31 13:35:00,0.07218994572758675
2026-08-31 13:36:00,0.07218994572758675
2026-08-31 13:37:00,0.07218994572758675
2026-08-31 13:38:00,0.07218994572758675
2026-08-31 13:39:00,0.07218994572758675
2026-08-31 13:40:00,0.06346869375556707
2026-08-31 13:41:00,0.06346869375556707
2026-08-31 13:42:00,0.06346869375556707
2026-08-31 13:43:00,0.06346869375556707
2026-08-31 13:44:00,0.06346869375556707
2026-08-31 13:45:00,0.06036284472793341
2026-08-31 13:46:00,0.06036284472793341
2026-08-31 13:47:00,0.06036284472793341
2026-08-31 13:48:00,0.06036284472793341
2026-08-31 13:49:00,0.06036284472793341
2026-08-31 13:50:00,0.06070257816463709
2026-08-31 13:51:00,0.06070257816463709
2026-08-31 13:52:00,0.06070257816463709
2026-08-31 13:53:00,0.06070257816463709
2026-08-31 13:54:00,0.06070257816463709
2026-08-31 13:55:00,0.06705180648714304
2026-08-31 13:56:00,0.06705180648714304
2026-08-31 13:57:00,0.06705180648714304
2026-08-31 13:58:00,0.06705180648714304
2026-08-31 13:59:00,0.06705180648714304
2026-08-31 14:00:00,0.08329371362924576
2026-08-31 14:01:00,0.08329371362924576
2026-08-31 14:02:00,0.08329371362924576
2026-08-31 14:03:00,0.08329371362924576
2026-08-31 14:04:00,0.08329371362924576
2026-08-31 14:05:00,0.09390189312398434
2026-08-31 14:06:00,0.09390189312398434
2026-08-31 14:07:00,0.09390189312398434
2026-08-31 14:08:00,0.09390189312398434
2026-08-31 14:09:00,0.09390189312398434
2026-08-31 14:10:00,0.09906846098601818
2026-08-31 14:11:00,0.09906846098601818
2026-08-31 14:12:00,0.09906846098601818
2026-08-31 14:13:00,0.09906846098601818
2026-08-31 14:14:00,0.09906846098601818
2026-08-31 14:15:00,0.09757450968027115
2026-08-31 14:16:00,0.09757450968027115
2026-08-31 14:17:00,0.09757450968027115
2026-08-31 14:18:00,0.09757450968027115
2026-08-31 14:19:00,0.09757450968027115
2026-08-31 14:20:00,0.08910507708787918
2026-08-31 14:21:00,0.08910507708787918
2026-08-31 14:22:00,0.08910507708787918
2026-08-31 14:23:00,0.08910507708787918
2026-08-31 14:24:00,0.08910507708787918
2026-08-31 14:25:00,0.10614139959216118
2026-08-31 14:26:00,0.10614139959216118
2026-08-31 14:27:00,0.10614139959216118
2026-08-31 14:28:00,0.10614139959216118
2026-08-31 14:29:00,0.10614139959216118
2026-08-31 14:30:00,0.14739002287387848
2026-08-31 14:31:00,0.14739002287387848
2026-08-31 14:32:00,0.14739002287387848
2026-08-31 14:33:00,0.14739002287387848
2026-08-31 14:34:00,0.14739002287387848
2026-08-31 14:35:00,0.19399356469511986
2026-08-31 14:36:00,0.19399356469511986
2026-08-31 14:37:00,0.19399356469511986
2026-08-31 14:38:00,0.19399356469511986
2026-08-31 14:39:00,0.19399356469511986
2026-08-31 14:40:00,0.23645427823066711
2026-08-31 14:41:00,0.23645427823066711
2026-08-31 14:42:00,0.23645427823066711
2026-08-31 14:43:00,0.23645427823066711
2026-08-31 14:44:00,0.23645427823066711
2026-08-31 14:45:00,0.2479230985045433
2026-08-31 14:46:00,0.2479230985045433
2026-08-31 14:47:00,0.2479230985045433
2026-08-31 14:48:00,0.2479230985045433
2026-08-31 14:49:00,0.2479230985045433
2026-08-31 14:50:00,0.20147723518311977
2026-08-31 14:51:00,0.20147723518311977
2026-08-31 14:52:00,0.20147723518311977
2026-08-31 14:53:00,0.20147723518311977
2026-08-31 14:54:00,0.20147723518311977
2026-08-31 14:55:00,0.15354261919856071
2026-08-31 14:56:00,0.15354261919856071
2026-08-31 14:57:00,0.15354261919856071
2026-08-31 14:58:00,0.15354261919856071
2026-08-31 14:59:00,0.15354261919856071
2026-08-31 15:00:00,0.10900725424289703
2026-08-31 15:01:00,0.10900725424289703
2026-08-31 15:02:00,0.10900725424289703
2026-08-31 15:03:00,0.10900725424289703
2026-08-31 15:04:00,0.10900725424289703
2026-08-31 15:05:00,0.07043233700096607
2026-08-31 15:06:00,0.07043233700096607
2026-08-31 15:07:00,0.07043233700096607
2026-08-31 15:08:00,0.07043233700096607
2026-08-31 15:09:00,0.07043233700096607
2026-08-31 15:10:00,0.06805101688951254
2026-08-31 15:11:00,0.06805101688951254
2026-08-31 15:12:00,0.06805101688951254
2026-08-31 15:13:00,0.06805101688951254
2026-08-31 15:14:00,0.06805101688951254
2026-08-31 15:15:00,0.06342230830341578
2026-08-31 15:16:00,0.06342230830341578
2026-08-31 15:17:00,0.06342230830341578
2026-08-31 15:18:00,0.06342230830341578
2026-08-31 15:19:00,0.06342230830341578
2026-08-31 15:20:00,0.05742337554693222
2026-08-31 15:21:00,0.05742337554693222
2026-08-31 15:22:00,0.05742337554693222
2026-08-31 15:23:00,0.05742337554693222
2026-08-31 15:24:00,0.05742337554693222
2026-08-31 15:25:00,0.054504070430994034
2026-08-31 15:26:00,0.054504070430994034
2026-08-31 15:27:00,0.054504070430994034
2026-08-31 15:28:00,0.054504070430994034
2026-08-31 15:29:00,0.054504070430994034
2026-08-31 15:30:00,0.05386305879801512
2026-08-31 15:31:00,0.05386305879801512
2026-08-31 15:32:00,0.05386305879801512
2026-08-31 15:33:00,0.05386305879801512
2026-08-31 15:34:00,0.05386305879801512
2026-08-31 15:35:00,0.05458974000066519
2026-08-31 15:36:00,0.05458974000066519
2026-08-31 15:37:00,0.05458974000066519
2026-08-31 15:38:00,0.05458974000066519
2026-08-31 15:39:00,0.05458974000066519
2026-08-31 15:40:00,0.05897306837141514
2026-08-31 15:41:00,0.05897306837141514
2026-08-31 15:42:00,0.05897306837141514
2026-08-31 15:43:00,0.05897306837141514
2026-08-31 15:44:00,0.05897306837141514
2026-08-31 15:45:00,0.06638326309621334
2026-08-31 15:46:00,0.06638326309621334
2026-08-31 15:47:00,0.06638326309621334
2026-08-31 15:48:00,0.06638326309621334
2026-08-31 15:49:00,0.06638326309621334
2026-08-31 15:50:00,0.07302916795015335
2026-08-31 15:51:00,0.07302916795015335
2026-08-31 15:52:00,0.07302916795015335
2026-08-31 15:53:00,0.07302916795015335
2026-08-31 15:54:00,0.07302916795015335
2026-08-31 15:55:00,0.08045625500380993
2026-08-31 15:56:00,0.08045625500380993
2026-08-31 15:57:00,0.08045625500380993
2026-08-31 15:58:00,0.08045625500380993
2026-08-31 15:59:00,0.08045625500380993
2026-08-31 16:00:00,0.0811343565583229
2026-08-31 16:01:00,0.0811343565583229
2026-08-31 16:02:00,0.0811343565583229
2026-08-31 16:03:00,0.0811343565583229
2026-08-31 16:04:00,0.0811343565583229
2026-08-31 16:05:00,0.07547248341143131
2026-08-31 16:06:00,0.07547248341143131
2026-08-31 16:07:00,0.07547248341143131
2026-08-31 16:08:00,0.07547248341143131
2026-08-31 16:09:00,0.07547248341143131
2026-08-31 16:10:00,0.06895843148231506
2026-08-31 16:11:00,0.06895843148231506
2026-08-31 16:12:00,0.06895843148231506
2026-08-31 16:13:00,0.06895843148231506
2026-08-31 16:14:00,0.06895843148231506
2026-08-31 16:15:00,0.05937081202864647
2026-08-31 16:16:00,0.05937081202864647
2026-08-31 16:17:00,0.05937081202864647
2026-08-31 16:18:00,0.05937081202864647
2026-08-31 16:19:00,0.05937081202864647
2026-08-31 16:20:00,0.057084567844867706
2026-08-31 16:21:00,0.057084567844867706
2026-08-31 16:22:00,0.057084567844867706
2026-08-31 16:23:00,0.057084567844867706
2026-08-31 16:24:00,0.057084567844867706
2026-08-31 16:25:00,0.05627957358956337
2026-08-31 16:26:00,0.05627957358956337
2026-08-31 16:27:00,0.05627957358956337
2026-08-31 16:28:00,0.05627957358956337
2026-08-31 16:29:00,0.05627957358956337
2026-08-31 16:30:00,0.05905615724623203
2026-08-31 16:31:00,0.05905615724623203
2026-08-31 16:32:00,0.05905615724623203
2026-08-31 16:33:00,0.05905615724623203
2026-08-31 16:34:00,0.05905615724623203
2026-08-31 16:35:00,0.06043221801519394
2026-08-31 16:36:00,0.06043221801519394
2026-08-31 16:37:00,0.06043221801519394
2026-08-31 16:38:00,0.06043221801519394
2026-08-31 16:39:00,0.06043221801519394
2026-08-31 16:40:00,0.058587996289134026
2026-08-31 16:41:00,0.058587996289134026
2026-08-31 16:42:00,0.058587996289134026
2026-08-31 16:43:00,0.058587996289134026
2026-08-31 16:44:00,0.058587996289134026
2026-08-31 16:45:00,0.059704297222197056
2026-08-31 16:46:00,0.059704297222197056
2026-08-31 16:47:00,0.059704297222197056
2026-08-31 16:48:00,0.059704297222197056
2026-08-31 16:49:00,0.059704297222197056
2026-08-31 16:50:00,0.057508655823767185
2026-08-31 16:51:00,0.057508655823767185
2026-08-31 16:52:00,0.057508655823767185
2026-08-31 16:53:00,0.057508655823767185
2026-08-31 16:54:00,0.057508655823767185
2026-08-31 16:55:00,0.05734756961464882
2026-08-31 16:56:00,0.05734756961464882
2026-08-31 16:57:00,0.05734756961464882
2026-08-31 16:58:00,0.05734756961464882
2026-08-31 16:59:00,0.05734756961464882
2026-08-31 17:00:00,0.056966884061694145
2026-08-31 17:01:00,0.056966884061694145
2026-08-31 17:02:00,0.056966884061694145
2026-08-31 17:03:00,0.056966884061694145
2026-08-31 17:04:00,0.056966884061694145
2026-08-31 17:05:00,0.05692324414849281
2026-08-31 17:06:00,0.05692324414849281
2026-08-31 17:07:00,0.05692324414849281
2026-08-31 17:08:00,0.05692324414849281
2026-08-31 17:09:00,0.05692324414849281
2026-08-31 17:10:00,0.0576919699087739
2026-08-31 17:11:00,0.0576919699087739
2026-08-31 17:12:00,0.0576919699087739
2026-08-31 17:13:00,0.0576919699087739
2026-08-31 17:14:00,0.0576919699087739
2026-08-31 17:15:00,0.06208556890487671
2026-08-31 17:16:00,0.06208556890487671
2026-08-31 17:17:00,0.06208556890487671
2026-08-31 17:18:00,0.06208556890487671
2026-08-31 17:19:00,0.06208556890487671
2026-08-31 17:20:00,0.08747103065252304
2026-08-31 17:21:00,0.08747103065252304
2026-08-31 17:22:00,0.08747103065252304
2026-08-31 17:23:00,0.08747103065252304
2026-08-31 17:24:00,0.08747103065252304
2026-08-31 17:25:00,0.1164003973826766
2026-08-31 17:26:00,0.1164003973826766
2026-08-31 17:27:00,0.1164003973826766
2026-08-31 17:28:00,0.1164003973826766
2026-08-31 17:29:00,0.1164003973826766
2026-08-31 17:30:00,0.14956949837505817
2026-08-31 17:31:00,0.14956949837505817
2026-08-31 17:32:00,0.14956949837505817
2026-08-31 17:33:00,0.14956949837505817
2026-08-31 17:34:00,0.14956949837505817
2026-08-31 17:35:00,0.16977164521813393
2026-08-31 17:36:00,0.16977164521813393
2026-08-31 17:37:00,0.16977164521813393
2026-08-31 17:38:00,0.16977164521813393
2026-08-31 17:39:00,0.16977164521813393
2026-08-31 17:40:00,0.1522278320044279
2026-08-31 17:41:00,0.1522278320044279
2026-08-31 17:42:00,0.1522278320044279
2026-08-31 17:43:00,0.1522278320044279
2026-08-31 17:44:00,0.1522278320044279
2026-08-31 17:45:00,0.12176951859146357
2026-08-31 17:46:00,0.12176951859146357
2026-08-31 17:47:00,0.12176951859146357
2026-08-31 17:48:00,0.12176951859146357
2026-08-31 17:49:00,0.12176951859146357
2026-08-31 17:50:00,0.08475073706358671
2026-08-31 17:51:00,0.08475073706358671
2026-08-31 17:52:00,0.08475073706358671
2026-08-31 17:53:00,0.08475073706358671
2026-08-31 17:54:00,0.08475073706358671
2026-08-31 17:55:00,0.0574880950152874
2026-08-31 17:56:00,0.0574880950152874
2026-08-31 17:57:00,0.0574880950152874
2026-08-31 17:58:00,0.0574880950152874
2026-08-31 17:59:00,0.0574880950152874
2026-08-31 18:00:00,0.04923453461378813
2026-08-31 18:01:00,0.04923453461378813
2026-08-31 18:02:00,0.04923453461378813
2026-08-31 18:03:00,0.04923453461378813
2026-08-31 18:04:00,0.04923453461378813
2026-08-31 18:05:00,0.05203024856746197
2026-08-31 18:06:00,0.05203024856746197
2026-08-31 18:07:00,0.05203024856746197
2026-08-31 18:08:00,0.05203024856746197
2026-08-31 18:09:00,0.05203024856746197
2026-08-31 18:10:00,0.05997828580439091
2026-08-31 18:11:00,0.05997828580439091
2026-08-31 18:12:00,0.05997828580439091
2026-08-31 18:13:00,0.05997828580439091
2026-08-31 18:14:00,0.05997828580439091
2026-08-31 18:15:00,0.06987287197262049
2026-08-31 18:16:00,0.06987287197262049
2026-08-31 18:17:00,0.06987287197262049
2026-08-31 18:18:00,0.06987287197262049
2026-08-31 18:19:00,0.06987287197262049
2026-08-31 18:20:00,0.07699479162693024
2026-08-31 18:21:00,0.07699479162693024
2026-08-31 18:22:00,0.07699479162693024
2026-08-31 18:23:00,0.07699479162693024
2026-08-31 18:24:00,0.07699479162693024
2026-08-31 18:25:00,0.07768586277961731
2026-08-31 18:26:00,0.07768586277961731
2026-08-31 18:27:00,0.07768586277961731
2026-08-31 18:28:00,0.07768586277961731
2026-08-31 18:29:00,0.07768586277961731
2026-08-31 18:30:00,0.07487092539668083
2026-08-31 18:31:00,0.07487092539668083
2026-08-31 18:32:00,0.07487092539668083
2026-08-31 18:33:00,0.07487092539668083
2026-08-31 18:34:00,0.07487092539668083
2026-08-31 18:35:00,0.0702027976512909
2026-08-31 18:36:00,0.0702027976512909
2026-08-31 18:37:00,0.0702027976512909
2026-08-31 18:38:00,0.0702027976512909
2026-08-31 18:39:00,0.0702027976512909
2026-08-31 18:40:00,0.067573806270957
2026-08-31 18:41:00,0.067573806270957
2026-08-31 18:42:00,0.067573806270957
2026-08-31 18:43:00,0.067573806270957
2026-08-31 18:44:00,0.067573806270957
2026-08-31 18:45:00,0.06596427969634533
2026-08-31 18:46:00,0.06596427969634533
2026-08-31 18:47:00,0.06596427969634533
2026-08-31 18:48:00,0.06596427969634533
2026-08-31 18:49:00,0.06596427969634533
2026-08-31 18:50:00,0.06444443482905626
2026-08-31 18:51:00,0.06444443482905626
2026-08-31 18:52:00,0.06444443482905626
2026-08-31 18:53:00,0.06444443482905626
2026-08-31 18:54:00,0.06444443482905626
2026-08-31 18:55:00,0.06440836098045111
2026-08-31 18:56:00,0.06440836098045111
2026-08-31 18:57:00,0.06440836098045111
2026-08-31 18:58:00,0.06440836098045111
2026-08-31 18:59:00,0.06440836098045111
2026-08-31 19:00:00,0.060861460864543915
2026-08-31 19:01:00,0.060861460864543915
2026-08-31 19:02:00,0.060861460864543915
2026-08-31 19:03:00,0.060861460864543915
2026-08-31 19:04:00,0.060861460864543915
2026-08-31 19:05:00,0.05882585793733597
2026-08-31 19:06:00,0.05882585793733597
2026-08-31 19:07:00,0.05882585793733597
2026-08-31 19:08:00,0.05882585793733597
2026-08-31 19:09:00,0.05882585793733597
2026-08-31 19:10:00,0.05724077671766281
2026-08-31 19:11:00,0.05724077671766281
2026-08-31 19:12:00,0.05724077671766281
2026-08-31 19:13:00,0.05724077671766281
2026-08-31 19:14:00,0.05724077671766281
2026-08-31 19:15:00,0.053179193288087845
2026-08-31 19:16:00,0.053179193288087845
2026-08-31 19:17:00,0.053179193288087845
2026-08-31 19:18:00,0.053179193288087845
2026-08-31 19:19:00,0.053179193288087845
2026-08-31 19:20:00,0.051903435960412025
2026-08-31 19:21:00,0.051903435960412025
2026-08-31 19:22:00,0.051903435960412025
2026-08-31 19:23:00,0.051903435960412025
2026-08-31 19:24:00,0.051903435960412025
2026-08-31 19:25:00,0.05096004530787468
2026-08-31 19:26:00,0.05096004530787468
2026-08-31 19:27:00,0.05096004530787468
2026-08-31 19:28:00,0.05096004530787468
2026-08-31 19:29:00,0.05096004530787468
2026-08-31 19:30:00,0.05207974184304476
2026-08-31 19:31:00,0.05207974184304476
2026-08-31 19:32:00,0.05207974184304476
2026-08-31 19:33:00,0.05207974184304476
2026-08-31 19:34:00,0.05207974184304476
2026-08-31 19:35:00,0.05463953223079443
2026-08-31 19:36:00,0.05463953223079443
2026-08-31 19:37:00,0.05463953223079443
2026-08-31 19:38:00,0.05463953223079443
2026-08-31 19:39:00,0.05463953223079443
2026-08-31 19:40:00,0.05759473517537117
2026-08-31 19:41:00,0.05759473517537117
2026-08-31 19:42:00,0.05759473517537117
2026-08-31 19:43:00,0.05759473517537117
2026-08-31 19:44:00,0.05759473517537117
2026-08-31 19:45:00,0.0604777280241251
2026-08-31 19:46:00,0.0604777280241251
2026-08-31 19:47:00,0.0604777280241251
2026-08-31 19:48:00,0.0604777280241251
2026-08-31 19:49:00,0.0604777280241251
2026-08-31 19:50:00,0.06108337175101042
2026-08-31 19:51:00,0.06108337175101042
2026-08-31 19:52:00,0.06108337175101042
2026-08-31 19:53:00,0.06108337175101042
2026-08-31 19:54:00,0.06108337175101042
2026-08-31 19:55:00,0.061565893702208996
2026-08-31 19:56:00,0.061565893702208996
2026-08-31 19:57:00,0.061565893702208996
2026-08-31 19:58:00,0.061565893702208996
2026-08-31 19:59:00,0.061565893702208996
2026-08-31 20:00:00,0.06009881943464279
2026-08-31 20:01:00,0.06009881943464279
2026-08-31 20:02:00,0.06009881943464279
2026-08-31 20:03:00,0.06009881943464279
2026-08-31 20:04:00,0.06009881943464279
2026-08-31 20:05:00,0.05658918060362339
2026-08-31 20:06:00,0.05658918060362339
2026-08-31 20:07:00,0.05658918060362339
2026-08-31 20:08:00,0.05658918060362339
2026-08-31 20:09:00,0.05658918060362339
2026-08-31 20:10:00,0.0596139756962657
2026-08-31 20:11:00,0.0596139756962657
2026-08-31 20:12:00,0.0596139756962657
2026-08-31 20:13:00,0.0596139756962657
2026-08-31 20:14:00,0.0596139756962657
2026-08-31 20:15:00,0.06292926985770464
2026-08-31 20:16:00,0.06292926985770464
2026-08-31 20:17:00,0.06292926985770464
2026-08-31 20:18:00,0.06292926985770464
2026-08-31 20:19:00,0.06292926985770464
2026-08-31 20:20:00,0.06705912761390209
2026-08-31 20:21:00,0.06705912761390209
2026-08-31 20:22:00,0.06705912761390209
2026-08-31 20:23:00,0.06705912761390209
2026-08-31 20:24:00,0.06705912761390209
2026-08-31 20:25:00,0.07545915991067886
2026-08-31 20:26:00,0.07545915991067886
2026-08-31 20:27:00,0.07545915991067886
2026-08-31 20:28:00,0.07545915991067886
2026-08-31 20:29:00,0.07545915991067886
2026-08-31 20:30:00,0.07388825342059135
2026-08-31 20:31:00,0.07388825342059135
2026-08-31 20:32:00,0.07388825342059135
2026-08-31 20:33:00,0.07388825342059135
2026-08-31 20:34:00,0.07388825342059135
2026-08-31 20:35:00,0.0723323356360197
2026-08-31 20:36:00,0.0723323356360197
2026-08-31 20:37:00,0.0723323356360197
2026-08-31 20:38:00,0.0723323356360197
2026-08-31 20:39:00,0.0723323356360197
2026-08-31 20:40:00,0.07130513526499271
2026-08-31 20:41:00,0.07130513526499271
2026-08-31 20:42:00,0.07130513526499271
2026-08-31 20:43:00,0.07130513526499271
2026-08-31 20:44:00,0.07130513526499271
2026-08-31 20:45:00,0.06689934246242046
2026-08-31 20:46:00,0.06689934246242046
2026-08-31 20:47:00,0.06689934246242046
2026-08-31 20:48:00,0.06689934246242046
2026-08-31 20:49:00,0.06689934246242046
2026-08-31 20:50:00,0.06545981485396624
2026-08-31 20:51:00,0.06545981485396624
2026-08-31 20:52:00,0.06545981485396624
2026-08-31 20:53:00,0.06545981485396624
2026-08-31 20:54:00,0.06545981485396624
2026-08-31 20:55:00,0.06340009532868862
2026-08-31 20:56:00,0.06340009532868862
2026-08-31 20:57:00,0.06340009532868862
2026-08-31 20:58:00,0.06340009532868862
2026-08-31 20:59:00,0.06340009532868862
2026-08-31 21:00:00,0.0598255917429924
2026-08-31 21:01:00,0.0598255917429924
2026-08-31 21:02:00,0.0598255917429924
2026-08-31 21:03:00,0.0598255917429924
2026-08-31 21:04:00,0.0598255917429924
2026-08-31 21:05:00,0.057601273991167545
2026-08-31 21:06:00,0.057601273991167545
2026-08-31 21:07:00,0.057601273991167545
2026-08-31 21:08:00,0.057601273991167545
2026-08-31 21:09:00,0.057601273991167545
2026-08-31 21:10:00,0.057085986249148846
2026-08-31 21:11:00,0.057085986249148846
2026-08-31 21:12:00,0.057085986249148846
2026-08-31 21:13:00,0.057085986249148846
2026-08-31 21:14:00,0.057085986249148846
2026-08-31 21:15:00,0.05606355518102646
2026-08-31 21:16:00,0.05606355518102646
2026-08-31 21:17:00,0.05606355518102646
2026-08-31 21:18:00,0.05606355518102646
2026-08-31 21:19:00,0.05606355518102646
2026-08-31 21:20:00,0.0557301202788949
2026-08-31 21:21:00,0.0557301202788949
2026-08-31 21:22:00,0.0557301202788949
2026-08-31 21:23:00,0.0557301202788949
2026-08-31 21:24:00,0.0557301202788949
2026-08-31 21:25:00,0.05449962988495827
2026-08-31 21:26:00,0.05449962988495827
2026-08-31 21:27:00,0.05449962988495827
2026-08-31 21:28:00,0.05449962988495827
2026-08-31 21:29:00,0.05449962988495827
2026-08-31 21:30:00,0.05162719264626503
2026-08-31 21:31:00,0.05162719264626503
2026-08-31 21:32:00,0.05162719264626503
2026-08-31 21:33:00,0.05162719264626503
2026-08-31 21:34:00,0.05162719264626503
2026-08-31 21:35:00,0.050265864469110966
2026-08-31 21:36:00,0.050265864469110966
2026-08-31 21:37:00,0.050265864469110966
2026-08-31 21:38:00,0.050265864469110966
2026-08-31 21:39:00,0.050265864469110966
2026-08-31 21:40:00,0.04869577009230852
2026-08-31 21:41:00,0.04869577009230852
2026-08-31 21:42:00,0.04869577009230852
2026-08-31 21:43:00,0.04869577009230852
2026-08-31 21:44:00,0.04869577009230852
2026-08-31 21:45:00,0.0515561830252409
2026-08-31 21:46:00,0.0515561830252409
2026-08-31 21:47:00,0.0515561830252409
2026-08-31 21:48:00,0.0515561830252409
2026-08-31 21:49:00,0.0515561830252409
2026-08-31 21:50:00,0.0543803833425045
2026-08-31 21:51:00,0.0543803833425045
2026-08-31 21:52:00,0.0543803833425045
2026-08-31 21:53:00,0.0543803833425045
2026-08-31 21:54:00,0.0543803833425045
2026-08-31 21:55:00,0.057382420636713505
2026-08-31 21:56:00,0.057382420636713505
2026-08-31 21:57:00,0.057382420636713505
2026-08-31 21:58:00,0.057382420636713505
2026-08-31 21:59:00,0.057382420636713505
2026-08-31 22:00:00,0.061325641348958015
2026-08-31 22:01:00,0.061325641348958015
2026-08-31 22:02:00,0.061325641348958015
2026-08-31 22:03:00,0.061325641348958015
2026-08-31 22:04:00,0.061325641348958015
2026-08-31 22:05:00,0.06060271896421909
2026-08-31 22:06:00,0.06060271896421909
2026-08-31 22:07:00,0.06060271896421909
2026-08-31 22:08:00,0.06060271896421909
2026-08-31 22:09:00,0.06060271896421909
2026-08-31 22:10:00,0.05897004250437021
2026-08-31 22:11:00,0.05897004250437021
2026-08-31 22:12:00,0.05897004250437021
2026-08-31 22:13:00,0.05897004250437021
2026-08-31 22:14:00,0.05897004250437021
2026-08-31 22:15:00,0.056054314598441124
2026-08-31 22:16:00,0.056054314598441124
2026-08-31 22:17:00,0.056054314598441124
2026-08-31 22:18:00,0.056054314598441124
2026-08-31 22:19:00,0.056054314598441124
2026-08-31 22:20:00,0.05374392122030258
2026-08-31 22:21:00,0.05374392122030258
2026-08-31 22:22:00,0.05374392122030258
2026-08-31 22:23:00,0.05374392122030258
2026-08-31 22:24:00,0.05374392122030258
2026-08-31 22:25:00,0.05164442025125027
2026-08-31 22:26:00,0.05164442025125027
2026-08-31 22:27:00,0.05164442025125027
2026-08-31 22:28:00,0.05164442025125027
2026-08-31 22:29:00,0.05164442025125027
2026-08-31 22:30:00,0.05223445035517216
2026-08-31 22:31:00,0.05223445035517216
2026-08-31 22:32:00,0.05223445035517216
2026-08-31 22:33:00,0.05223445035517216
2026-08-31 22:34:00,0.05223445035517216
2026-08-31 22:35:00,0.05334782972931862
2026-08-31 22:36:00,0.05334782972931862
2026-08-31 22:37:00,0.05334782972931862
2026-08-31 22:38:00,0.05334782972931862
2026-08-31 22:39:00,0.05334782972931862
2026-08-31 22:40:00,0.05339908692985773
2026-08-31 22:41:00,0.05339908692985773
2026-08-31 22:42:00,0.05339908692985773
2026-08-31 22:43:00,0.05339908692985773
2026-08-31 22:44:00,0.05339908692985773
2026-08-31 22:45:00,0.05490100383758545
2026-08-31 22:46:00,0.05490100383758545
2026-08-31 22:47:00,0.05490100383758545
2026-08-31 22:48:00,0.05490100383758545
2026-08-31 22:49:00,0.05490100383758545
2026-08-31 22:50:00,0.05480185989290476
2026-08-31 22:51:00,0.05480185989290476
2026-08-31 22:52:00,0.05480185989290476
2026-08-31 22:53:00,0.05480185989290476
2026-08-31 22:54:00,0.05480185989290476
2026-08-31 22:55:00,0.0554138608276844
2026-08-31 22:56:00,0.0554138608276844
2026-08-31 22:57:00,0.0554138608276844
2026-08-31 22:58:00,0.0554138608276844
2026-08-31 22:59:00,0.0554138608276844
2026-08-31 23:00:00,0.05560235306620598
2026-08-31 23:01:00,0.05560235306620598
2026-08-31 23:02:00,0.05560235306620598
2026-08-31 23:03:00,0.05560235306620598
2026-08-31 23:04:00,0.05560235306620598
2026-08-31 23:05:00,0.05412628687918186
2026-08-31 23:06:00,0.05412628687918186
2026-08-31 23:07:00,0.05412628687918186
2026-08-31 23:08:00,0.05412628687918186
2026-08-31 23:09:00,0.05412628687918186
2026-08-31 23:10:00,0.053327093832194805
2026-08-31 23:11:00,0.053327093832194805
2026-08-31 23:12:00,0.053327093832194805
2026-08-31 23:13:00,0.053327093832194805
2026-08-31 23:14:00,0.053327093832194805
2026-08-31 23:15:00,0.05110406596213579
2026-08-31 23:16:00,0.05110406596213579
2026-08-31 23:17:00,0.05110406596213579
2026-08-31 23:18:00,0.05110406596213579
2026-08-31 23:19:00,0.05110406596213579
2026-08-31 23:20:00,0.05010783392935991
2026-08-31 23:21:00,0.05010783392935991
2026-08-31 23:22:00,0.05010783392935991
2026-08-31 23:23:00,0.05010783392935991
2026-08-31 23:24:00,0.05010783392935991
2026-08-31 23:25:00,0.05095750465989113
2026-08-31 23:26:00,0.05095750465989113
2026-08-31 23:27:00,0.05095750465989113
2026-08-31 23:28:00,0.05095750465989113
2026-08-31 23:29:00,0.05095750465989113
2026-08-31 23:30:00,0.051382673904299736
2026-08-31 23:31:00,0.051382673904299736
2026-08-31 23:32:00,0.051382673904299736
2026-08-31 23:33:00,0.051382673904299736
2026-08-31 23:34:00,0.051382673904299736
2026-08-31 23:35:00,0.0543426051735878
2026-08-31 23:36:00,0.0543426051735878
2026-08-31 23:37:00,0.0543426051735878
2026-08-31 23:38:00,0.0543426051735878
2026-08-31 23:39:00,0.0543426051735878
2026-08-31 23:40:00,0.05773667339235544
2026-08-31 23:41:00,0.05773667339235544
2026-08-31 23:42:00,0.05773667339235544
2026-08-31 23:43:00,0.05773667339235544
2026-08-31 23:44:00,0.05773667339235544
2026-08-31 23:45:00,0.2874462567269802
2026-08-31 23:46:00,0.2874462567269802
2026-08-31 23:47:00,0.2874462567269802
2026-08-31 23:48:00,0.2874462567269802
2026-08-31 23:49:00,0.2874462567269802
2026-08-31 23:50:00,0.5175860282033682
2026-08-31 23:51:00,0.5175860282033682
2026-08-31 23:52:00,0.5175860282033682
2026-08-31 23:53:00,0.5175860282033682
2026-08-31 23:54:00,0.5175860282033682
2026-08-31 23:55:00,0.7457592114806175
2026-08-31 23:56:00,0.7457592114806175
2026-08-31 23:57:00,0.7457592114806175
2026-08-31 23:58:00,0.7457592114806175
2026-08-31 23:59:00,0.7457592114806175
2026-09-01 00:00:00,0.9728624075651169
2026-09-01 00:01:00,0.9728624075651169
2026-09-01 00:02:00,0.9728624075651169
2026-09-01 00:03:00,0.9728624075651169
2026-09-01 00:04:00,0.9728624075651169
2026-09-01 00:05:00,0.7693834416568279
2026-09-01 00:06:00,0.7693834416568279
2026-09-01 00:07:00,0.7693834416568279
2026-09-01 00:08:00,0.7693834416568279
2026-09-01 00:09:00,0.7693834416568279
2026-09-01 00:10:00,0.5652695260941982
2026-09-01 00:11:00,0.5652695260941982
2026-09-01 00:12:00,0.5652695260941982
2026-09-01 00:13:00,0.5652695260941982
2026-09-01 00:14:00,0.5652695260941982
2026-09-01 00:15:00,0.3594973348081112
2026-09-01 00:16:00,0.3594973348081112
2026-09-01 00:17:00,0.3594973348081112
2026-09-01 00:18:00,0.3594973348081112
2026-09-01 00:19:00,0.3594973348081112
2026-09-01 00:20:00,0.15324994549155235
2026-09-01 00:21:00,0.15324994549155235
2026-09-01 00:22:00,0.15324994549155235
2026-09-01 00:23:00,0.15324994549155235
2026-09-01 00:24:00,0.15324994549155235
2026-09-01 00:25:00,0.1518450602889061
2026-09-01 00:26:00,0.1518450602889061
2026-09-01 00:27:00,0.1518450602889061
2026-09-01 00:28:00,0.1518450602889061
2026-09-01 00:29:00,0.1518450602889061
2026-09-01 00:30:00,0.15030428394675255
2026-09-01 00:31:00,0.15030428394675255
2026-09-01 00:32:00,0.15030428394675255
2026-09-01 00:33:00,0.15030428394675255
2026-09-01 00:34:00,0.15030428394675255
2026-09-01 00:35:00,0.15034687891602516
2026-09-01 00:36:00,0.15034687891602516
2026-09-01 00:37:00,0.15034687891602516
2026-09-01 00:38:00,0.15034687891602516
2026-09-01 00:39:00,0.15034687891602516
2026-09-01 00:40:00,0.15284579619765282
2026-09-01 00:41:00,0.15284579619765282
2026-09-01 00:42:00,0.15284579619765282
2026-09-01 00:43:00,0.15284579619765282
2026-09-01 00:44:00,0.15284579619765282
2026-09-01 00:45:00,0.15184298157691956
2026-09-01 00:46:00,0.15184298157691956
2026-09-01 00:47:00,0.15184298157691956
2026-09-01 00:48:00,0.15184298157691956
2026-09-01 00:49:00,0.15184298157691956
2026-09-01 00:50:00,0.15173574537038803
2026-09-01 00:51:00,0.15173574537038803
2026-09-01 00:52:00,0.15173574537038803
2026-09-01 00:53:00,0.15173574537038803
2026-09-01 00:54:00,0.15173574537038803
2026-09-01 00:55:00,0.1521308310329914
2026-09-01 00:56:00,0.1521308310329914
2026-09-01 00:57:00,0.1521308310329914
2026-09-01 00:58:00,0.1521308310329914
2026-09-01 00:59:00,0.1521308310329914
2026-09-01 01:00:00,0.1511182188987732
2026-09-01 01:01:00,0.1511182188987732
2026-09-01 01:02:00,0.1511182188987732
2026-09-01 01:03:00,0.1511182188987732
2026-09-01 01:04:00,0.1511182188987732
2026-09-01 01:05:00,0.12992225028574467
2026-09-01 01:06:00,0.12992225028574467
2026-09-01 01:07:00,0.12992225028574467
2026-09-01 01:08:00,0.12992225028574467
2026-09-01 01:09:00,0.12992225028574467
2026-09-01 01:10:00,0.11251437664031982
2026-09-01 01:11:00,0.11251437664031982
2026-09-01 01:12:00,0.11251437664031982
2026-09-01 01:13:00,0.11251437664031982
2026-09-01 01:14:00,0.11251437664031982
2026-09-01 01:15:00,0.09346098080277443
2026-09-01 01:16:00,0.09346098080277443
2026-09-01 01:17:00,0.09346098080277443
2026-09-01 01:18:00,0.09346098080277443
2026-09-01 01:19:00,0.09346098080277443
2026-09-01 01:20:00,0.07286087423563004
2026-09-01 01:21:00,0.07286087423563004
2026-09-01 01:22:00,0.07286087423563004
2026-09-01 01:23:00,0.07286087423563004
2026-09-01 01:24:00,0.07286087423563004
2026-09-01 01:25:00,0.07436584308743477
2026-09-01 01:26:00,0.07436584308743477
2026-09-01 01:27:00,0.07436584308743477
2026-09-01 01:28:00,0.07436584308743477
2026-09-01 01:29:00,0.07436584308743477
2026-09-01 01:30:00,0.0707289595156908
2026-09-01 01:31:00,0.0707289595156908
2026-09-01 01:32:00,0.0707289595156908
2026-09-01 01:33:00,0.0707289595156908
2026-09-01 01:34:00,0.0707289595156908
2026-09-01 01:35:00,0.06763463839888573
2026-09-01 01:36:00,0.06763463839888573
2026-09-01 01:37:00,0.06763463839888573
2026-09-01 01:38:00,0.06763463839888573
2026-09-01 01:39:00,0.06763463839888573
2026-09-01 01:40:00,0.0633666580542922
2026-09-01 01:41:00,0.0633666580542922
2026-09-01 01:42:00,0.0633666580542922
2026-09-01 01:43:00,0.0633666580542922
2026-09-01 01:44:00,0.0633666580542922
2026-09-01 01:45:00,0.05951091926544905
2026-09-01 01:46:00,0.05951091926544905
2026-09-01 01:47:00,0.05951091926544905
2026-09-01 01:48:00,0.05951091926544905
2026-09-01 01:49:00,0.05951091926544905
2026-09-01 01:50:00,0.05776784010231495
2026-09-01 01:51:00,0.05776784010231495
2026-09-01 01:52:00,0.05776784010231495
2026-09-01 01:53:00,0.05776784010231495
2026-09-01 01:54:00,0.05776784010231495
2026-09-01 01:55:00,0.05614330247044563
2026-09-01 01:56:00,0.05614330247044563
2026-09-01 01:57:00,0.05614330247044563
2026-09-01 01:58:00,0.05614330247044563
2026-09-01 01:59:00,0.05614330247044563
2026-09-01 02:00:00,0.05455504823476076
2026-09-01 02:01:00,0.05455504823476076
2026-09-01 02:02:00,0.05455504823476076
2026-09-01 02:03:00,0.05455504823476076
2026-09-01 02:04:00,0.05455504823476076
2026-09-01 02:05:00,0.05463501904159784
2026-09-01 02:06:00,0.05463501904159784
2026-09-01 02:07:00,0.05463501904159784
2026-09-01 02:08:00,0.05463501904159784
2026-09-01 02:09:00,0.05463501904159784
2026-09-01 02:10:00,0.05818638950586319
2026-09-01 02:11:00,0.05818638950586319
2026-09-01 02:12:00,0.05818638950586319
2026-09-01 02:13:00,0.05818638950586319
2026-09-01 02:14:00,0.05818638950586319
2026-09-01 02:15:00,0.06373128481209278
2026-09-01 02:16:00,0.06373128481209278
2026-09-01 02:17:00,0.06373128481209278
2026-09-01 02:18:00,0.06373128481209278
2026-09-01 02:19:00,0.06373128481209278
2026-09-01 02:20:00,0.07430305890738964
2026-09-01 02:21:00,0.07430305890738964
2026-09-01 02:22:00,0.07430305890738964
2026-09-01 02:23:00,0.07430305890738964
2026-09-01 02:24:00,0.07430305890738964
2026-09-01 02:25:00,0.08382508717477322
2026-09-01 02:26:00,0.08382508717477322
2026-09-01 02:27:00,0.08382508717477322
2026-09-01 02:28:00,0.08382508717477322
2026-09-01 02:29:00,0.08382508717477322
2026-09-01 02:30:00,0.08506100997328758
2026-09-01 02:31:00,0.08506100997328758
2026-09-01 02:32:00,0.08506100997328758
2026-09-01 02:33:00,0.08506100997328758
2026-09-01 02:34:00,0.08506100997328758
2026-09-01 02:35:00,0.08125194907188416
2026-09-01 02:36:00,0.08125194907188416
2026-09-01 02:37:00,0.08125194907188416
2026-09-01 02:38:00,0.08125194907188416
2026-09-01 02:39:00,0.08125194907188416
2026-09-01 02:40:00,0.07351275905966759
2026-09-01 02:41:00,0.07351275905966759
2026-09-01 02:42:00,0.07351275905966759
2026-09-01 02:43:00,0.07351275905966759
2026-09-01 02:44:00,0.07351275905966759
2026-09-01 02:45:00,0.081668296828866
2026-09-01 02:46:00,0.081668296828866
2026-09-01 02:47:00,0.081668296828866
2026-09-01 02:48:00,0.081668296828866
2026-09-01 02:49:00,0.081668296828866
2026-09-01 02:50:00,0.09515284560620785
2026-09-01 02:51:00,0.09515284560620785
2026-09-01 02:52:00,0.09515284560620785
2026-09-01 02:53:00,0.09515284560620785
2026-09-01 02:54:00,0.09515284560620785
2026-09-01 02:55:00,0.11120127886533737
2026-09-01 02:56:00,0.11120127886533737
2026-09-01 02:57:00,0.11120127886533737
2026-09-01 02:58:00,0.11120127886533737
2026-09-01 02:59:00,0.11120127886533737
2026-09-01 03:00:00,0.12677882984280586
2026-09-01 03:01:00,0.12677882984280586
2026-09-01 03:02:00,0.12677882984280586
2026-09-01 03:03:00,0.12677882984280586
2026-09-01 03:04:00,0.12677882984280586
2026-09-01 03:05:00,0.10998378228396177
2026-09-01 03:06:00,0.10998378228396177
2026-09-01 03:07:00,0.10998378228396177
2026-09-01 03:08:00,0.10998378228396177
2026-09-01 03:09:00,0.10998378228396177
2026-09-01 03:10:00,0.09332765731960535
2026-09-01 03:11:00,0.09332765731960535
2026-09-01 03:12:00,0.09332765731960535
2026-09-01 03:13:00,0.09332765731960535
2026-09-01 03:14:00,0.09332765731960535
2026-09-01 03:15:00,0.07691670022904873
2026-09-01 03:16:00,0.07691670022904873
2026-09-01 03:17:00,0.07691670022904873
2026-09-01 03:18:00,0.07691670022904873
2026-09-01 03:19:00,0.07691670022904873
2026-09-01 03:20:00,0.062214385718107224
2026-09-01 03:21:00,0.062214385718107224
2026-09-01 03:22:00,0.062214385718107224
2026-09-01 03:23:00,0.062214385718107224
2026-09-01 03:24:00,0.062214385718107224
2026-09-01 03:25:00,0.062155039049685
2026-09-01 03:26:00,0.062155039049685
2026-09-01 03:27:00,0.062155039049685
2026-09-01 03:28:00,0.062155039049685
2026-09-01 03:29:00,0.062155039049685
2026-09-01 03:30:00,0.05998113099485636
2026-09-01 03:31:00,0.05998113099485636
2026-09-01 03:32:00,0.05998113099485636
2026-09-01 03:33:00,0.05998113099485636
2026-09-01 03:34:00,0.05998113099485636
2026-09-01 03:35:00,0.05847740359604359
2026-09-01 03:36:00,0.05847740359604359
2026-09-01 03:37:00,0.05847740359604359
2026-09-01 03:38:00,0.05847740359604359
2026-09-01 03:39:00,0.05847740359604359
2026-09-01 03:40:00,0.05504292715340853
2026-09-01 03:41:00,0.05504292715340853
2026-09-01 03:42:00,0.05504292715340853
2026-09-01 03:43:00,0.05504292715340853
2026-09-01 03:44:00,0.05504292715340853
2026-09-01 03:45:00,0.05776770133525133
2026-09-01 03:46:00,0.05776770133525133
2026-09-01 03:47:00,0.05776770133525133
2026-09-01 03:48:00,0.05776770133525133
2026-09-01 03:49:00,0.05776770133525133
2026-09-01 03:50:00,0.0627305107191205
2026-09-01 03:51:00,0.0627305107191205
2026-09-01 03:52:00,0.0627305107191205
2026-09-01 03:53:00,0.0627305107191205
2026-09-01 03:54:00,0.0627305107191205
2026-09-01 03:55:00,0.06992702279239893
2026-09-01 03:56:00,0.06992702279239893
2026-09-01 03:57:00,0.06992702279239893
2026-09-01 03:58:00,0.06992702279239893
2026-09-01 03:59:00,0.06992702279239893
2026-09-01 04:00:00,0.0776375513523817
2026-09-01 04:01:00,0.0776375513523817
2026-09-01 04:02:00,0.0776375513523817
2026-09-01 04:03:00,0.0776375513523817
2026-09-01 04:04:00,0.0776375513523817
2026-09-01 04:05:00,0.07503641210496426
2026-09-01 04:06:00,0.07503641210496426
2026-09-01 04:07:00,0.07503641210496426
2026-09-01 04:08:00,0.07503641210496426
2026-09-01 04:09:00,0.07503641210496426
2026-09-01 04:10:00,0.07098720222711563
2026-09-01 04:11:00,0.07098720222711563
2026-09-01 04:12:00,0.07098720222711563
2026-09-01 04:13:00,0.07098720222711563
2026-09-01 04:14:00,0.07098720222711563
2026-09-01 04:15:00,0.06436496879905462
2026-09-01 04:16:00,0.06436496879905462
2026-09-01 04:17:00,0.06436496879905462
2026-09-01 04:18:00,0.06436496879905462
2026-09-01 04:19:00,0.06436496879905462
2026-09-01 04:20:00,0.05848845839500427
2026-09-01 04:21:00,0.05848845839500427
2026-09-01 04:22:00,0.05848845839500427
2026-09-01 04:23:00,0.05848845839500427
2026-09-01 04:24:00,0.05848845839500427
2026-09-01 04:25:00,0.05804083589464426
2026-09-01 04:26:00,0.05804083589464426
2026-09-01 04:27:00,0.05804083589464426
2026-09-01 04:28:00,0.05804083589464426
2026-09-01 04:29:00,0.05804083589464426
2026-09-01 04:30:00,0.0581259299069643
2026-09-01 04:31:00,0.0581259299069643
2026-09-01 04:32:00,0.0581259299069643
2026-09-01 04:33:00,0.0581259299069643
2026-09-01 04:34:00,0.0581259299069643
2026-09-01 04:35:00,0.05664594378322363
2026-09-01 04:36:00,0.05664594378322363
2026-09-01 04:37:00,0.05664594378322363
2026-09-01 04:38:00,0.05664594378322363
2026-09-01 04:39:00,0.05664594378322363
2026-09-01 04:40:00,0.05429330375045538
2026-09-01 04:41:00,0.05429330375045538
2026-09-01 04:42:00,0.05429330375045538
2026-09-01 04:43:00,0.05429330375045538
2026-09-01 04:44:00,0.05429330375045538
2026-09-01 04:45:00,0.05309897195547819
2026-09-01 04:46:00,0.05309897195547819
2026-09-01 04:47:00,0.05309897195547819
2026-09-01 04:48:00,0.05309897195547819
2026-09-01 04:49:00,0.05309897195547819
2026-09-01 04:50:00,0.05201951693743467
2026-09-01 04:51:00,0.05201951693743467
2026-09-01 04:52:00,0.05201951693743467
2026-09-01 04:53:00,0.05201951693743467
2026-09-01 04:54:00,0.05201951693743467
2026-09-01 04:55:00,0.055054253898561
2026-09-01 04:56:00,0.055054253898561
2026-09-01 04:57:00,0.055054253898561
2026-09-01 04:58:00,0.055054253898561
2026-09-01 04:59:00,0.055054253898561
2026-09-01 05:00:00,0.059860579669475555
2026-09-01 05:01:00,0.059860579669475555
2026-09-01 05:02:00,0.059860579669475555
2026-09-01 05:03:00,0.059860579669475555
2026-09-01 05:04:00,0.059860579669475555
2026-09-01 05:05:00,0.06020822748541832
2026-09-01 05:06:00,0.06020822748541832
2026-09-01 05:07:00,0.06020822748541832
2026-09-01 05:08:00,0.06020822748541832
2026-09-01 05:09:00,0.06020822748541832
2026-09-01 05:10:00,0.05941098369657993
2026-09-01 05:11:00,0.05941098369657993
2026-09-01 05:12:00,0.05941098369657993
2026-09-01 05:13:00,0.05941098369657993
2026-09-01 05:14:00,0.05941098369657993
2026-09-01 05:15:00,0.05603217892348766
2026-09-01 05:16:00,0.05603217892348766
2026-09-01 05:17:00,0.05603217892348766
2026-09-01 05:18:00,0.05603217892348766
2026-09-01 05:19:00,0.05603217892348766
2026-09-01 05:20:00,0.05393423791974783
2026-09-01 05:21:00,0.05393423791974783
2026-09-01 05:22:00,0.05393423791974783
2026-09-01 05:23:00,0.05393423791974783
2026-09-01 05:24:00,0.05393423791974783
2026-09-01 05:25:00,0.055895594879984856
2026-09-01 05:26:00,0.055895594879984856
2026-09-01 05:27:00,0.055895594879984856
2026-09-01 05:28:00,0.055895594879984856
2026-09-01 05:29:00,0.055895594879984856
2026-09-01 05:30:00,0.05716873053461313
2026-09-01 05:31:00,0.05716873053461313
2026-09-01 05:32:00,0.05716873053461313
2026-09-01 05:33:00,0.05716873053461313
2026-09-01 05:34:00,0.05716873053461313
2026-09-01 05:35:00,0.05877253971993923
2026-09-01 05:36:00,0.05877253971993923
2026-09-01 05:37:00,0.05877253971993923
2026-09-01 05:38:00,0.05877253971993923
2026-09-01 05:39:00,0.05877253971993923
2026-09-01 05:40:00,0.06243457179516554
2026-09-01 05:41:00,0.06243457179516554
2026-09-01 05:42:00,0.06243457179516554
2026-09-01 05:43:00,0.06243457179516554
2026-09-01 05:44:00,0.06243457179516554
2026-09-01 05:45:00,0.0661714794114232
2026-09-01 05:46:00,0.0661714794114232
2026-09-01 05:47:00,0.0661714794114232
2026-09-01 05:48:00,0.0661714794114232
2026-09-01 05:49:00,0.0661714794114232
2026-09-01 05:50:00,0.38635658752173185
2026-09-01 05:51:00,0.38635658752173185
2026-09-01 05:52:00,0.38635658752173185
2026-09-01 05:53:00,0.38635658752173185
2026-09-01 05:54:00,0.38635658752173185
2026-09-01 05:55:00,0.7075138054788113
2026-09-01 05:56:00,0.7075138054788113
2026-09-01 05:57:00,0.7075138054788113
2026-09-01 05:58:00,0.7075138054788113
2026-09-01 05:59:00,0.7075138054788113
2026-09-01 06:00:00,1.0248511042445898
2026-09-01 06:01:00,1.0248511042445898
2026-09-01 06:02:00,1.0248511042445898
2026-09-01 06:03:00,1.0248511042445898
2026-09-01 06:04:00,1.0248511042445898
2026-09-01 06:05:00,1.3409429788589478
2026-09-01 06:06:00,1.3409429788589478
2026-09-01 06:07:00,1.3409429788589478
2026-09-01 06:08:00,1.3409429788589478
2026-09-01 06:09:00,1.3409429788589478
2026-09-01 06:10:00,1.2470905780792236
2026-09-01 06:11:00,1.2470905780792236
2026-09-01 06:12:00,1.2470905780792236
2026-09-01 06:13:00,1.2470905780792236
2026-09-01 06:14:00,1.2470905780792236
2026-09-01 06:15:00,1.1521620601415634
2026-09-01 06:16:00,1.1521620601415634
2026-09-01 06:17:00,1.1521620601415634
2026-09-01 06:18:00,1.1521620601415634
2026-09-01 06:19:00,1.1521620601415634
2026-09-01 06:20:00,1.057304099202156
2026-09-01 06:21:00,1.057304099202156
2026-09-01 06:22:00,1.057304099202156
2026-09-01 06:23:00,1.057304099202156
2026-09-01 06:24:00,1.057304099202156
2026-09-01 06:25:00,0.9624241441488266
2026-09-01 06:26:00,0.9624241441488266
2026-09-01 06:27:00,0.9624241441488266
2026-09-01 06:28:00,0.9624241441488266
2026-09-01 06:29:00,0.9624241441488266
2026-09-01 06:30:00,0.7683541104197502
2026-09-01 06:31:00,0.7683541104197502
2026-09-01 06:32:00,0.7683541104197502
2026-09-01 06:33:00,0.7683541104197502
2026-09-01 06:34:00,0.7683541104197502
2026-09-01 06:35:00,0.7255117669701576
2026-09-01 06:36:00,0.7255117669701576
2026-09-01 06:37:00,0.7255117669701576
2026-09-01 06:38:00,0.7255117669701576
2026-09-01 06:39:00,0.7255117669701576
2026-09-01 06:40:00,0.6822029873728752
2026-09-01 06:41:00,0.6822029873728752
2026-09-01 06:42:00,0.6822029873728752
2026-09-01 06:43:00,0.6822029873728752
2026-09-01 06:44:00,0.6822029873728752
2026-09-01 06:45:00,0.6405275538563728
2026-09-01 06:46:00,0.6405275538563728
2026-09-01 06:47:00,0.6405275538563728
2026-09-01 06:48:00,0.6405275538563728
2026-09-01 06:49:00,0.6405275538563728
2026-09-01 06:50:00,0.7923845648765564
2026-09-01 06:51:00,0.7923845648765564
2026-09-01 06:52:00,0.7923845648765564
2026-09-01 06:53:00,0.7923845648765564
2026-09-01 06:54:00,0.7923845648765564
2026-09-01 06:55:00,0.6403010599315166
2026-09-01 06:56:00,0.6403010599315166
2026-09-01 06:57:00,0.6403010599315166
2026-09-01 06:58:00,0.6403010599315166
2026-09-01 06:59:00,0.6403010599315166
2026-09-01 07:00:00,0.4891291745007038
2026-09-01 07:01:00,0.4891291745007038
2026-09-01 07:02:00,0.4891291745007038
2026-09-01 07:03:00,0.4891291745007038
2026-09-01 07:04:00,0.4891291745007038
2026-09-01 07:05:00,0.3357952833175659
2026-09-01 07:06:00,0.3357952833175659
2026-09-01 07:07:00,0.3357952833175659
2026-09-01 07:08:00,0.3357952833175659
2026-09-01 07:09:00,0.3357952833175659
2026-09-01 07:10:00,0.17663263902068138
2026-09-01 07:11:00,0.17663263902068138
2026-09-01 07:12:00,0.17663263902068138
2026-09-01 07:13:00,0.17663263902068138
2026-09-01 07:14:00,0.17663263902068138
2026-09-01 07:15:00,0.16969513148069382
2026-09-01 07:16:00,0.16969513148069382
2026-09-01 07:17:00,0.16969513148069382
2026-09-01 07:18:00,0.16969513148069382
2026-09-01 07:19:00,0.16969513148069382
2026-09-01 07:20:00,0.1618950068950653
2026-09-01 07:21:00,0.1618950068950653
2026-09-01 07:22:00,0.1618950068950653
2026-09-01 07:23:00,0.1618950068950653
2026-09-01 07:24:00,0.1618950068950653
2026-09-01 07:25:00,0.15548714622855186
2026-09-01 07:26:00,0.15548714622855186
2026-09-01 07:27:00,0.15548714622855186
2026-09-01 07:28:00,0.15548714622855186
2026-09-01 07:29:00,0.15548714622855186
2026-09-01 07:30:00,0.13808495178818703
2026-09-01 07:31:00,0.13808495178818703
2026-09-01 07:32:00,0.13808495178818703
2026-09-01 07:33:00,0.13808495178818703
2026-09-01 07:34:00,0.13808495178818703
2026-09-01 07:35:00,0.121870381757617
2026-09-01 07:36:00,0.121870381757617
2026-09-01 07:37:00,0.121870381757617
2026-09-01 07:38:00,0.121870381757617
2026-09-01 07:39:00,0.121870381757617
2026-09-01 07:40:00,0.1074091698974371
2026-09-01 07:41:00,0.1074091698974371
2026-09-01 07:42:00,0.1074091698974371
2026-09-01 07:43:00,0.1074091698974371
2026-09-01 07:44:00,0.1074091698974371
2026-09-01 07:45:00,0.09126792848110199
2026-09-01 07:46:00,0.09126792848110199
2026-09-01 07:47:00,0.09126792848110199
2026-09-01 07:48:00,0.09126792848110199
2026-09-01 07:49:00,0.09126792848110199
2026-09-01 07:50:00,0.09276406653225422
2026-09-01 07:51:00,0.09276406653225422
2026-09-01 07:52:00,0.09276406653225422
2026-09-01 07:53:00,0.09276406653225422
2026-09-01 07:54:00,0.09276406653225422
2026-09-01 07:55:00,0.08609610795974731
2026-09-01 07:56:00,0.08609610795974731
2026-09-01 07:57:00,0.08609610795974731
2026-09-01 07:58:00,0.08609610795974731
2026-09-01 07:59:00,0.08609610795974731
2026-09-01 08:00:00,0.07851448468863964
2026-09-01 08:01:00,0.07851448468863964
2026-09-01 08:02:00,0.07851448468863964
2026-09-01 08:03:00,0.07851448468863964
2026-09-01 08:04:00,0.07851448468863964
2026-09-01 08:05:00,0.06964495778083801
2026-09-01 08:06:00,0.06964495778083801
2026-09-01 08:07:00,0.06964495778083801
2026-09-01 08:08:00,0.06964495778083801
2026-09-01 08:09:00,0.06964495778083801
2026-09-01 08:10:00,0.0604115379974246
2026-09-01 08:11:00,0.0604115379974246
2026-09-01 08:12:00,0.0604115379974246
2026-09-01 08:13:00,0.0604115379974246
2026-09-01 08:14:00,0.0604115379974246
2026-09-01 08:15:00,0.06027756538242102
2026-09-01 08:16:00,0.06027756538242102
2026-09-01 08:17:00,0.06027756538242102
2026-09-01 08:18:00,0.06027756538242102
2026-09-01 08:19:00,0.06027756538242102
2026-09-01 08:20:00,0.06510573346167803
2026-09-01 08:21:00,0.06510573346167803
2026-09-01 08:22:00,0.06510573346167803
2026-09-01 08:23:00,0.06510573346167803
2026-09-01 08:24:00,0.06510573346167803
2026-09-01 08:25:00,0.07983422372490168
2026-09-01 08:26:00,0.07983422372490168
2026-09-01 08:27:00,0.07983422372490168
2026-09-01 08:28:00,0.07983422372490168
2026-09-01 08:29:00,0.07983422372490168
2026-09-01 08:30:00,0.091748571023345
2026-09-01 08:31:00,0.091748571023345
2026-09-01 08:32:00,0.091748571023345
2026-09-01 08:33:00,0.091748571023345
2026-09-01 08:34:00,0.091748571023345
2026-09-01 08:35:00,0.10050616413354874
2026-09-01 08:36:00,0.10050616413354874
2026-09-01 08:37:00,0.10050616413354874
2026-09-01 08:38:00,0.10050616413354874
2026-09-01 08:39:00,0.10050616413354874
2026-09-01 08:40:00,0.09945082478225231
2026-09-01 08:41:00,0.09945082478225231
2026-09-01 08:42:00,0.09945082478225231
2026-09-01 08:43:00,0.09945082478225231
2026-09-01 08:44:00,0.09945082478225231
2026-09-01 08:45:00,0.08304858487099409
2026-09-01 08:46:00,0.08304858487099409
2026-09-01 08:47:00,0.08304858487099409
2026-09-01 08:48:00,0.08304858487099409
2026-09-01 08:49:00,0.08304858487099409
2026-09-01 08:50:00,0.07055466901510954
2026-09-01 08:51:00,0.07055466901510954
2026-09-01 08:52:00,0.07055466901510954
2026-09-01 08:53:00,0.07055466901510954
2026-09-01 08:54:00,0.07055466901510954
2026-09-01 08:55:00,0.060629697516560555
2026-09-01 08:56:00,0.060629697516560555
2026-09-01 08:57:00,0.060629697516560555
2026-09-01 08:58:00,0.060629697516560555
2026-09-01 08:59:00,0.060629697516560555
2026-09-01 09:00:00,0.05500197596848011
2026-09-01 09:01:00,0.05500197596848011
2026-09-01 09:02:00,0.05500197596848011
2026-09-01 09:03:00,0.05500197596848011
2026-09-01 09:04:00,0.05500197596848011
2026-09-01 09:05:00,0.05486416257917881
2026-09-01 09:06:00,0.05486416257917881
2026-09-01 09:07:00,0.05486416257917881
2026-09-01 09:08:00,0.05486416257917881
2026-09-01 09:09:00,0.05486416257917881
2026-09-01 09:10:00,0.05589543003588915
2026-09-01 09:11:00,0.05589543003588915
2026-09-01 09:12:00,0.05589543003588915
2026-09-01 09:13:00,0.05589543003588915
2026-09-01 09:14:00,0.05589543003588915
2026-09-01 09:15:00,0.05736498162150383
2026-09-01 09:16:00,0.05736498162150383
2026-09-01 09:17:00,0.05736498162150383
2026-09-01 09:18:00,0.05736498162150383
2026-09-01 09:19:00,0.05736498162150383
2026-09-01 09:20:00,0.06204214505851269
2026-09-01 09:21:00,0.06204214505851269
2026-09-01 09:22:00,0.06204214505851269
2026-09-01 09:23:00,0.06204214505851269
2026-09-01 09:24:00,0.06204214505851269
2026-09-01 09:25:00,0.07069898303598166
2026-09-01 09:26:00,0.07069898303598166
2026-09-01 09:27:00,0.07069898303598166
2026-09-01 09:28:00,0.07069898303598166
2026-09-01 09:29:00,0.07069898303598166
2026-09-01 09:30:00,0.07621453516185284
2026-09-01 09:31:00,0.07621453516185284
2026-09-01 09:32:00,0.07621453516185284
2026-09-01 09:33:00,0.07621453516185284
2026-09-01 09:34:00,0.07621453516185284
2026-09-01 09:35:00,0.08171272650361061
2026-09-01 09:36:00,0.08171272650361061
2026-09-01 09:37:00,0.08171272650361061
2026-09-01 09:38:00,0.08171272650361061
2026-09-01 09:39:00,0.08171272650361061
2026-09-01 09:40:00,0.0837122518569231
2026-09-01 09:41:00,0.0837122518569231
2026-09-01 09:42:00,0.0837122518569231
2026-09-01 09:43:00,0.0837122518569231
2026-09-01 09:44:00,0.0837122518569231
2026-09-01 09:45:00,0.08298951387405396
2026-09-01 09:46:00,0.08298951387405396
2026-09-01 09:47:00,0.08298951387405396
2026-09-01 09:48:00,0.08298951387405396
2026-09-01 09:49:00,0.08298951387405396
2026-09-01 09:50:00,0.07845290750265121
2026-09-01 09:51:00,0.07845290750265121
2026-09-01 09:52:00,0.07845290750265121
2026-09-01 09:53:00,0.07845290750265121
2026-09-01 09:54:00,0.07845290750265121
2026-09-01 09:55:00,0.09679034166038036
2026-09-01 09:56:00,0.09679034166038036
2026-09-01 09:57:00,0.09679034166038036
2026-09-01 09:58:00,0.09679034166038036
2026-09-01 09:59:00,0.09679034166038036
2026-09-01 10:00:00,0.11750783771276474
2026-09-01 10:01:00,0.11750783771276474
2026-09-01 10:02:00,0.11750783771276474
2026-09-01 10:03:00,0.11750783771276474
2026-09-01 10:04:00,0.11750783771276474
2026-09-01 10:05:00,0.13857413828372955
2026-09-01 10:06:00,0.13857413828372955
2026-09-01 10:07:00,0.13857413828372955
2026-09-01 10:08:00,0.13857413828372955
2026-09-01 10:09:00,0.13857413828372955
2026-09-01 10:10:00,0.1640050932765007
2026-09-01 10:11:00,0.1640050932765007
2026-09-01 10:12:00,0.1640050932765007
2026-09-01 10:13:00,0.1640050932765007
2026-09-01 10:14:00,0.1640050932765007
2026-09-01 10:15:00,0.143968366086483
2026-09-01 10:16:00,0.143968366086483
2026-09-01 10:17:00,0.143968366086483
2026-09-01 10:18:00,0.143968366086483
2026-09-01 10:19:00,0.143968366086483
2026-09-01 10:20:00,0.12436695955693722
2026-09-01 10:21:00,0.12436695955693722
2026-09-01 10:22:00,0.12436695955693722
2026-09-01 10:23:00,0.12436695955693722
2026-09-01 10:24:00,0.12436695955693722
2026-09-01 10:25:00,0.10454704612493515
2026-09-01 10:26:00,0.10454704612493515
2026-09-01 10:27:00,0.10454704612493515
2026-09-01 10:28:00,0.10454704612493515
2026-09-01 10:29:00,0.10454704612493515
2026-09-01 10:30:00,0.08173448778688908
2026-09-01 10:31:00,0.08173448778688908
2026-09-01 10:32:00,0.08173448778688908
2026-09-01 10:33:00,0.08173448778688908
2026-09-01 10:34:00,0.08173448778688908
2026-09-01 10:35:00,0.07650746498256922
2026-09-01 10:36:00,0.07650746498256922
2026-09-01 10:37:00,0.07650746498256922
2026-09-01 10:38:00,0.07650746498256922
2026-09-01 10:39:00,0.07650746498256922
2026-09-01 10:40:00,0.07040655333548784
2026-09-01 10:41:00,0.07040655333548784
2026-09-01 10:42:00,0.07040655333548784
2026-09-01 10:43:00,0.07040655333548784
2026-09-01 10:44:00,0.07040655333548784
2026-09-01 10:45:00,0.0647615073248744
2026-09-01 10:46:00,0.0647615073248744
2026-09-01 10:47:00,0.0647615073248744
2026-09-01 10:48:00,0.0647615073248744
2026-09-01 10:49:00,0.0647615073248744
2026-09-01 10:50:00,0.0625055180862546
2026-09-01 10:51:00,0.0625055180862546
2026-09-01 10:52:00,0.0625055180862546
2026-09-01 10:53:00,0.0625055180862546
2026-09-01 10:54:00,0.0625055180862546
2026-09-01 10:55:00,0.06317520793527365
2026-09-01 10:56:00,0.06317520793527365
2026-09-01 10:57:00,0.06317520793527365
2026-09-01 10:58:00,0.06317520793527365
2026-09-01 10:59:00,0.06317520793527365
2026-09-01 11:00:00,0.06092805415391922
2026-09-01 11:01:00,0.06092805415391922
2026-09-01 11:02:00,0.06092805415391922
2026-09-01 11:03:00,0.06092805415391922
2026-09-01 11:04:00,0.06092805415391922
2026-09-01 11:05:00,0.058927590027451515
2026-09-01 11:06:00,0.058927590027451515
2026-09-01 11:07:00,0.058927590027451515
2026-09-01 11:08:00,0.058927590027451515
2026-09-01 11:09:00,0.058927590027451515
2026-09-01 11:10:00,0.057648844085633755
2026-09-01 11:11:00,0.057648844085633755
2026-09-01 11:12:00,0.057648844085633755
2026-09-01 11:13:00,0.057648844085633755
2026-09-01 11:14:00,0.057648844085633755
2026-09-01 11:15:00,0.055730078369379044
2026-09-01 11:16:00,0.055730078369379044
2026-09-01 11:17:00,0.055730078369379044
2026-09-01 11:18:00,0.055730078369379044
2026-09-01 11:19:00,0.055730078369379044
2026-09-01 11:20:00,0.053667946718633175
2026-09-01 11:21:00,0.053667946718633175
2026-09-01 11:22:00,0.053667946718633175
2026-09-01 11:23:00,0.053667946718633175
2026-09-01 11:24:00,0.053667946718633175
2026-09-01 11:25:00,0.05801118817180395
2026-09-01 11:26:00,0.05801118817180395
2026-09-01 11:27:00,0.05801118817180395
2026-09-01 11:28:00,0.05801118817180395
2026-09-01 11:29:00,0.05801118817180395
2026-09-01 11:30:00,0.062145305797457695
2026-09-01 11:31:00,0.062145305797457695
2026-09-01 11:32:00,0.062145305797457695
2026-09-01 11:33:00,0.062145305797457695
2026-09-01 11:34:00,0.062145305797457695
2026-09-01 11:35:00,0.06838493794202805
2026-09-01 11:36:00,0.06838493794202805
2026-09-01 11:37:00,0.06838493794202805
2026-09-01 11:38:00,0.06838493794202805
2026-09-01 11:39:00,0.06838493794202805
2026-09-01 11:40:00,0.07567269913852215
2026-09-01 11:41:00,0.07567269913852215
2026-09-01 11:42:00,0.07567269913852215
2026-09-01 11:43:00,0.07567269913852215
2026-09-01 11:44:00,0.07567269913852215
2026-09-01 11:45:00,0.07596395909786224
2026-09-01 11:46:00,0.07596395909786224
2026-09-01 11:47:00,0.07596395909786224
2026-09-01 11:48:00,0.07596395909786224
2026-09-01 11:49:00,0.07596395909786224
2026-09-01 11:50:00,0.07424889504909515
2026-09-01 11:51:00,0.07424889504909515
2026-09-01 11:52:00,0.07424889504909515
2026-09-01 11:53:00,0.07424889504909515
2026-09-01 11:54:00,0.07424889504909515
2026-09-01 11:55:00,0.07201864197850227
2026-09-01 11:56:00,0.07201864197850227
2026-09-01 11:57:00,0.07201864197850227
2026-09-01 11:58:00,0.07201864197850227
2026-09-01 11:59:00,0.07201864197850227
2026-09-01 12:00:00,0.06806215457618237
2026-09-01 12:01:00,0.06806215457618237
2026-09-01 12:02:00,0.06806215457618237
2026-09-01 12:03:00,0.06806215457618237
2026-09-01 12:04:00,0.06806215457618237
2026-09-01 12:05:00,0.10351778380572796
2026-09-01 12:06:00,0.10351778380572796
2026-09-01 12:07:00,0.10351778380572796
2026-09-01 12:08:00,0.10351778380572796
2026-09-01 12:09:00,0.10351778380572796
2026-09-01 12:10:00,0.14019153825938702
2026-09-01 12:11:00,0.14019153825938702
2026-09-01 12:12:00,0.14019153825938702
2026-09-01 12:13:00,0.14019153825938702
2026-09-01 12:14:00,0.14019153825938702
2026-09-01 12:15:00,0.17517457716166973
2026-09-01 12:16:00,0.17517457716166973
2026-09-01 12:17:00,0.17517457716166973
2026-09-01 12:18:00,0.17517457716166973
2026-09-01 12:19:00,0.17517457716166973
2026-09-01 12:20:00,0.21187978610396385
2026-09-01 12:21:00,0.21187978610396385
2026-09-01 12:22:00,0.21187978610396385
2026-09-01 12:23:00,0.21187978610396385
2026-09-01 12:24:00,0.21187978610396385
2026-09-01 12:25:00,0.17404252290725708
2026-09-01 12:26:00,0.17404252290725708
2026-09-01 12:27:00,0.17404252290725708
2026-09-01 12:28:00,0.17404252290725708
2026-09-01 12:29:00,0.17404252290725708
2026-09-01 12:30:00,0.13778205029666424
2026-09-01 12:31:00,0.13778205029666424
2026-09-01 12:32:00,0.13778205029666424
2026-09-01 12:33:00,0.13778205029666424
2026-09-01 12:34:00,0.13778205029666424
2026-09-01 12:35:00,0.10257243737578392
2026-09-01 12:36:00,0.10257243737578392
2026-09-01 12:37:00,0.10257243737578392
2026-09-01 12:38:00,0.10257243737578392
2026-09-01 12:39:00,0.10257243737578392
2026-09-01 12:40:00,0.06778483651578426
2026-09-01 12:41:00,0.06778483651578426
2026-09-01 12:42:00,0.06778483651578426
2026-09-01 12:43:00,0.06778483651578426
2026-09-01 12:44:00,0.06778483651578426
2026-09-01 12:45:00,0.06709004379808903
2026-09-01 12:46:00,0.06709004379808903
2026-09-01 12:47:00,0.06709004379808903
2026-09-01 12:48:00,0.06709004379808903
2026-09-01 12:49:00,0.06709004379808903
2026-09-01 12:50:00,0.0659746304154396
2026-09-01 12:51:00,0.0659746304154396
2026-09-01 12:52:00,0.0659746304154396
2026-09-01 12:53:00,0.0659746304154396
2026-09-01 12:54:00,0.0659746304154396
2026-09-01 12:55:00,0.06617589853703976
2026-09-01 12:56:00,0.06617589853703976
2026-09-01 12:57:00,0.06617589853703976
2026-09-01 12:58:00,0.06617589853703976
2026-09-01 12:59:00,0.06617589853703976
2026-09-01 13:00:00,0.06593419797718525
2026-09-01 13:01:00,0.06593419797718525
2026-09-01 13:02:00,0.06593419797718525
2026-09-01 13:03:00,0.06593419797718525
2026-09-01 13:04:00,0.06593419797718525
2026-09-01 13:05:00,0.06566718965768814
2026-09-01 13:06:00,0.06566718965768814
2026-09-01 13:07:00,0.06566718965768814
2026-09-01 13:08:00,0.06566718965768814
2026-09-01 13:09:00,0.06566718965768814
2026-09-01 13:10:00,0.06414565723389387
2026-09-01 13:11:00,0.06414565723389387
2026-09-01 13:12:00,0.06414565723389387
2026-09-01 13:13:00,0.06414565723389387
2026-09-01 13:14:00,0.06414565723389387
2026-09-01 13:15:00,0.06149474997073412
2026-09-01 13:16:00,0.06149474997073412
2026-09-01 13:17:00,0.06149474997073412
2026-09-01 13:18:00,0.06149474997073412
2026-09-01 13:19:00,0.06149474997073412
2026-09-01 13:20:00,0.0571323549374938
2026-09-01 13:21:00,0.0571323549374938
2026-09-01 13:22:00,0.0571323549374938
2026-09-01 13:23:00,0.0571323549374938
2026-09-01 13:24:00,0.0571323549374938
2026-09-01 13:25:00,0.05396871455013752
2026-09-01 13:26:00,0.05396871455013752
2026-09-01 13:27:00,0.05396871455013752
2026-09-01 13:28:00,0.05396871455013752
2026-09-01 13:29:00,0.05396871455013752
2026-09-01 13:30:00,0.05113667994737625
2026-09-01 13:31:00,0.05113667994737625
2026-09-01 13:32:00,0.05113667994737625
2026-09-01 13:33:00,0.05113667994737625
2026-09-01 13:34:00,0.05113667994737625
2026-09-01 13:35:00,0.049869267269968987
2026-09-01 13:36:00,0.049869267269968987
2026-09-01 13:37:00,0.049869267269968987
2026-09-01 13:38:00,0.049869267269968987
2026-09-01 13:39:00,0.049869267269968987
2026-09-01 13:40:00,0.05418972112238407
2026-09-01 13:41:00,0.05418972112238407
2026-09-01 13:42:00,0.05418972112238407
2026-09-01 13:43:00,0.05418972112238407
2026-09-01 13:44:00,0.05418972112238407
2026-09-01 13:45:00,0.05722987651824951
2026-09-01 13:46:00,0.05722987651824951
2026-09-01 13:47:00,0.05722987651824951
2026-09-01 13:48:00,0.05722987651824951
2026-09-01 13:49:00,0.05722987651824951
2026-09-01 13:50:00,0.06358080264180899
2026-09-01 13:51:00,0.06358080264180899
2026-09-01 13:52:00,0.06358080264180899
2026-09-01 13:53:00,0.06358080264180899
2026-09-01 13:54:00,0.06358080264180899
2026-09-01 13:55:00,0.07655556779354811
2026-09-01 13:56:00,0.07655556779354811
2026-09-01 13:57:00,0.07655556779354811
2026-09-01 13:58:00,0.07655556779354811
2026-09-01 13:59:00,0.07655556779354811
2026-09-01 14:00:00,0.08937205467373133
2026-09-01 14:01:00,0.08937205467373133
2026-09-01 14:02:00,0.08937205467373133
2026-09-01 14:03:00,0.08937205467373133
2026-09-01 14:04:00,0.08937205467373133
2026-09-01 14:05:00,0.10223348252475262
2026-09-01 14:06:00,0.10223348252475262
2026-09-01 14:07:00,0.10223348252475262
2026-09-01 14:08:00,0.10223348252475262
2026-09-01 14:09:00,0.10223348252475262
2026-09-01 14:10:00,0.1046040840446949
2026-09-01 14:11:00,0.1046040840446949
2026-09-01 14:12:00,0.1046040840446949
2026-09-01 14:13:00,0.1046040840446949
2026-09-01 14:14:00,0.1046040840446949
2026-09-01 14:15:00,0.09189988952130079
2026-09-01 14:16:00,0.09189988952130079
2026-09-01 14:17:00,0.09189988952130079
2026-09-01 14:18:00,0.09189988952130079
2026-09-01 14:19:00,0.09189988952130079
2026-09-01 14:20:00,0.07634418550878763
2026-09-01 14:21:00,0.07634418550878763
2026-09-01 14:22:00,0.07634418550878763
2026-09-01 14:23:00,0.07634418550878763
2026-09-01 14:24:00,0.07634418550878763
2026-09-01 14:25:00,0.06468880269676447
2026-09-01 14:26:00,0.06468880269676447
2026-09-01 14:27:00,0.06468880269676447
2026-09-01 14:28:00,0.06468880269676447
2026-09-01 14:29:00,0.06468880269676447
2026-09-01 14:30:00,0.05810618959367275
2026-09-01 14:31:00,0.05810618959367275
2026-09-01 14:32:00,0.05810618959367275
2026-09-01 14:33:00,0.05810618959367275
2026-09-01 14:34:00,0.05810618959367275
2026-09-01 14:35:00,0.060454380698502064
2026-09-01 14:36:00,0.060454380698502064
2026-09-01 14:37:00,0.060454380698502064
2026-09-01 14:38:00,0.060454380698502064
2026-09-01 14:39:00,0.060454380698502064
2026-09-01 14:40:00,0.06038164347410202
2026-09-01 14:41:00,0.06038164347410202
2026-09-01 14:42:00,0.06038164347410202
2026-09-01 14:43:00,0.06038164347410202
2026-09-01 14:44:00,0.06038164347410202
2026-09-01 14:45:00,0.05649943742901087
2026-09-01 14:46:00,0.05649943742901087
2026-09-01 14:47:00,0.05649943742901087
2026-09-01 14:48:00,0.05649943742901087
2026-09-01 14:49:00,0.05649943742901087
2026-09-01 14:50:00,0.055454122833907604
2026-09-01 14:51:00,0.055454122833907604
2026-09-01 14:52:00,0.055454122833907604
2026-09-01 14:53:00,0.055454122833907604
2026-09-01 14:54:00,0.055454122833907604
2026-09-01 14:55:00,0.05390327796339989
2026-09-01 14:56:00,0.05390327796339989
2026-09-01 14:57:00,0.05390327796339989
2026-09-01 14:58:00,0.05390327796339989
2026-09-01 14:59:00,0.05390327796339989
2026-09-01 15:00:00,0.0552284549921751
2026-09-01 15:01:00,0.0552284549921751
2026-09-01 15:02:00,0.0552284549921751
2026-09-01 15:03:00,0.0552284549921751
2026-09-01 15:04:00,0.0552284549921751
2026-09-01 15:05:00,0.057708180509507656
2026-09-01 15:06:00,0.057708180509507656
2026-09-01 15:07:00,0.057708180509507656
2026-09-01 15:08:00,0.057708180509507656
2026-09-01 15:09:00,0.057708180509507656
2026-09-01 15:10:00,0.059525118209421635
2026-09-01 15:11:00,0.059525118209421635
2026-09-01 15:12:00,0.059525118209421635
2026-09-01 15:13:00,0.059525118209421635
2026-09-01 15:14:00,0.059525118209421635
2026-09-01 15:15:00,0.06389908492565155
2026-09-01 15:16:00,0.06389908492565155
2026-09-01 15:17:00,0.06389908492565155
2026-09-01 15:18:00,0.06389908492565155
2026-09-01 15:19:00,0.06389908492565155
2026-09-01 15:20:00,0.06754827219992876
2026-09-01 15:21:00,0.06754827219992876
2026-09-01 15:22:00,0.06754827219992876
2026-09-01 15:23:00,0.06754827219992876
2026-09-01 15:24:00,0.06754827219992876
2026-09-01 15:25:00,0.07326529640704393
2026-09-01 15:26:00,0.07326529640704393
2026-09-01 15:27:00,0.07326529640704393
2026-09-01 15:28:00,0.07326529640704393
2026-09-01 15:29:00,0.07326529640704393
2026-09-01 15:30:00,0.07989510707557201
2026-09-01 15:31:00,0.07989510707557201
2026-09-01 15:32:00,0.07989510707557201
2026-09-01 15:33:00,0.07989510707557201
2026-09-01 15:34:00,0.07989510707557201
2026-09-01 15:35:00,0.1028808206319809
2026-09-01 15:36:00,0.1028808206319809
2026-09-01 15:37:00,0.1028808206319809
2026-09-01 15:38:00,0.1028808206319809
2026-09-01 15:39:00,0.1028808206319809
2026-09-01 15:40:00,0.12777899764478207
2026-09-01 15:41:00,0.12777899764478207
2026-09-01 15:42:00,0.12777899764478207
2026-09-01 15:43:00,0.12777899764478207
2026-09-01 15:44:00,0.12777899764478207
2026-09-01 15:45:00,0.1522062122821808
2026-09-01 15:46:00,0.1522062122821808
2026-09-01 15:47:00,0.1522062122821808
2026-09-01 15:48:00,0.1522062122821808
2026-09-01 15:49:00,0.1522062122821808
2026-09-01 15:50:00,0.17464185133576393
2026-09-01 15:51:00,0.17464185133576393
2026-09-01 15:52:00,0.17464185133576393
2026-09-01 15:53:00,0.17464185133576393
2026-09-01 15:54:00,0.17464185133576393
2026-09-01 15:55:00,0.1556391604244709
2026-09-01 15:56:00,0.1556391604244709
2026-09-01 15:57:00,0.1556391604244709
2026-09-01 15:58:00,0.1556391604244709
2026-09-01 15:59:00,0.1556391604244709
2026-09-01 16:00:00,0.13180235400795937
2026-09-01 16:01:00,0.13180235400795937
2026-09-01 16:02:00,0.13180235400795937
2026-09-01 16:03:00,0.13180235400795937
2026-09-01 16:04:00,0.13180235400795937
2026-09-01 16:05:00,0.10579321347177029
2026-09-01 16:06:00,0.10579321347177029
2026-09-01 16:07:00,0.10579321347177029
2026-09-01 16:08:00,0.10579321347177029
2026-09-01 16:09:00,0.10579321347177029
2026-09-01 16:10:00,0.0811701025813818
2026-09-01 16:11:00,0.0811701025813818
2026-09-01 16:12:00,0.0811701025813818
2026-09-01 16:13:00,0.0811701025813818
2026-09-01 16:14:00,0.0811701025813818
2026-09-01 16:15:00,0.07483773492276669
2026-09-01 16:16:00,0.07483773492276669
2026-09-01 16:17:00,0.07483773492276669
2026-09-01 16:18:00,0.07483773492276669
2026-09-01 16:19:00,0.07483773492276669
2026-09-01 16:20:00,0.0748822670429945
2026-09-01 16:21:00,0.0748822670429945
2026-09-01 16:22:00,0.0748822670429945
2026-09-01 16:23:00,0.0748822670429945
2026-09-01 16:24:00,0.0748822670429945
2026-09-01 16:25:00,0.076787069439888
2026-09-01 16:26:00,0.076787069439888
2026-09-01 16:27:00,0.076787069439888
2026-09-01 16:28:00,0.076787069439888
2026-09-01 16:29:00,0.076787069439888
2026-09-01 16:30:00,0.07466111518442631
2026-09-01 16:31:00,0.07466111518442631
2026-09-01 16:32:00,0.07466111518442631
2026-09-01 16:33:00,0.07466111518442631
2026-09-01 16:34:00,0.07466111518442631
2026-09-01 16:35:00,0.07684837840497494
2026-09-01 16:36:00,0.07684837840497494
2026-09-01 16:37:00,0.07684837840497494
2026-09-01 16:38:00,0.07684837840497494
2026-09-01 16:39:00,0.07684837840497494
2026-09-01 16:40:00,0.07581201754510403
2026-09-01 16:41:00,0.07581201754510403
2026-09-01 16:42:00,0.07581201754510403
2026-09-01 16:43:00,0.07581201754510403
2026-09-01 16:44:00,0.07581201754510403
2026-09-01 16:45:00,0.0707407183945179
2026-09-01 16:46:00,0.0707407183945179
2026-09-01 16:47:00,0.0707407183945179
2026-09-01 16:48:00,0.0707407183945179
2026-09-01 16:49:00,0.0707407183945179
2026-09-01 16:50:00,0.0681962976232171
2026-09-01 16:51:00,0.0681962976232171
2026-09-01 16:52:00,0.0681962976232171
2026-09-01 16:53:00,0.0681962976232171
2026-09-01 16:54:00,0.0681962976232171
2026-09-01 16:55:00,0.06201902497559786
2026-09-01 16:56:00,0.06201902497559786
2026-09-01 16:57:00,0.06201902497559786
2026-09-01 16:58:00,0.06201902497559786
2026-09-01 16:59:00,0.06201902497559786
2026-09-01 17:00:00,0.0578589104115963
2026-09-01 17:01:00,0.0578589104115963
2026-09-01 17:02:00,0.0578589104115963
2026-09-01 17:03:00,0.0578589104115963
2026-09-01 17:04:00,0.0578589104115963
2026-09-01 17:05:00,0.05815090239048004
2026-09-01 17:06:00,0.05815090239048004
2026-09-01 17:07:00,0.05815090239048004
2026-09-01 17:08:00,0.05815090239048004
2026-09-01 17:09:00,0.05815090239048004
2026-09-01 17:10:00,0.059070820920169353
2026-09-01 17:11:00,0.059070820920169353
2026-09-01 17:12:00,0.059070820920169353
2026-09-01 17:13:00,0.059070820920169353
2026-09-01 17:14:00,0.059070820920169353
2026-09-01 17:15:00,0.06060680374503136
2026-09-01 17:16:00,0.06060680374503136
2026-09-01 17:17:00,0.06060680374503136
2026-09-01 17:18:00,0.06060680374503136
2026-09-01 17:19:00,0.06060680374503136
2026-09-01 17:20:00,0.05921733472496271
2026-09-01 17:21:00,0.05921733472496271
2026-09-01 17:22:00,0.05921733472496271
2026-09-01 17:23:00,0.05921733472496271
2026-09-01 17:24:00,0.05921733472496271
2026-09-01 17:25:00,0.05728406831622124
2026-09-01 17:26:00,0.05728406831622124
2026-09-01 17:27:00,0.05728406831622124
2026-09-01 17:28:00,0.05728406831622124
2026-09-01 17:29:00,0.05728406831622124
2026-09-01 17:30:00,0.056192812509834766
2026-09-01 17:31:00,0.056192812509834766
2026-09-01 17:32:00,0.056192812509834766
2026-09-01 17:33:00,0.056192812509834766
2026-09-01 17:34:00,0.056192812509834766
2026-09-01 17:35:00,0.05539781600236893
2026-09-01 17:36:00,0.05539781600236893
2026-09-01 17:37:00,0.05539781600236893
2026-09-01 17:38:00,0.05539781600236893
2026-09-01 17:39:00,0.05539781600236893
2026-09-01 17:40:00,0.055675795301795006
2026-09-01 17:41:00,0.055675795301795006
2026-09-01 17:42:00,0.055675795301795006
2026-09-01 17:43:00,0.055675795301795006
2026-09-01 17:44:00,0.055675795301795006
2026-09-01 17:45:00,0.0563327195122838
2026-09-01 17:46:00,0.0563327195122838
2026-09-01 17:47:00,0.0563327195122838
2026-09-01 17:48:00,0.0563327195122838
2026-09-01 17:49:00,0.0563327195122838
2026-09-01 17:50:00,0.057318590581417084
2026-09-01 17:51:00,0.057318590581417084
2026-09-01 17:52:00,0.057318590581417084
2026-09-01 17:53:00,0.057318590581417084
2026-09-01 17:54:00,0.057318590581417084
2026-09-01 17:55:00,0.06341132335364819
2026-09-01 17:56:00,0.06341132335364819
2026-09-01 17:57:00,0.06341132335364819
2026-09-01 17:58:00,0.06341132335364819
2026-09-01 17:59:00,0.06341132335364819
2026-09-01 18:00:00,0.06787010468542576
2026-09-01 18:01:00,0.06787010468542576
2026-09-01 18:02:00,0.06787010468542576
2026-09-01 18:03:00,0.06787010468542576
2026-09-01 18:04:00,0.06787010468542576
2026-09-01 18:05:00,0.0738928634673357
2026-09-01 18:06:00,0.0738928634673357
2026-09-01 18:07:00,0.0738928634673357
2026-09-01 18:08:00,0.0738928634673357
2026-09-01 18:09:00,0.0738928634673357
2026-09-01 18:10:00,0.0795904416590929
2026-09-01 18:11:00,0.0795904416590929
2026-09-01 18:12:00,0.0795904416590929
2026-09-01 18:13:00,0.0795904416590929
2026-09-01 18:14:00,0.0795904416590929
2026-09-01 18:15:00,0.07699206657707691
2026-09-01 18:16:00,0.07699206657707691
2026-09-01 18:17:00,0.07699206657707691
2026-09-01 18:18:00,0.07699206657707691
2026-09-01 18:19:00,0.07699206657707691
2026-09-01 18:20:00,0.07729165256023407
2026-09-01 18:21:00,0.07729165256023407
2026-09-01 18:22:00,0.07729165256023407
2026-09-01 18:23:00,0.07729165256023407
2026-09-01 18:24:00,0.07729165256023407
2026-09-01 18:25:00,0.07195790391415358
2026-09-01 18:26:00,0.07195790391415358
2026-09-01 18:27:00,0.07195790391415358
2026-09-01 18:28:00,0.07195790391415358
2026-09-01 18:29:00,0.07195790391415358
2026-09-01 18:30:00,0.0680398652330041
2026-09-01 18:31:00,0.0680398652330041
2026-09-01 18:32:00,0.0680398652330041
2026-09-01 18:33:00,0.0680398652330041
2026-09-01 18:34:00,0.0680398652330041
2026-09-01 18:35:00,0.06831776071339846
2026-09-01 18:36:00,0.06831776071339846
2026-09-01 18:37:00,0.06831776071339846
2026-09-01 18:38:00,0.06831776071339846
2026-09-01 18:39:00,0.06831776071339846
2026-09-01 18:40:00,0.06497212685644627
2026-09-01 18:41:00,0.06497212685644627
2026-09-01 18:42:00,0.06497212685644627
2026-09-01 18:43:00,0.06497212685644627
2026-09-01 18:44:00,0.06497212685644627
2026-09-01 18:45:00,0.06488391757011414
2026-09-01 18:46:00,0.06488391757011414
2026-09-01 18:47:00,0.06488391757011414
2026-09-01 18:48:00,0.06488391757011414
2026-09-01 18:49:00,0.06488391757011414
2026-09-01 18:50:00,0.059365902096033096
2026-09-01 18:51:00,0.059365902096033096
2026-09-01 18:52:00,0.059365902096033096
2026-09-01 18:53:00,0.059365902096033096
2026-09-01 18:54:00,0.059365902096033096
2026-09-01 18:55:00,0.05692005343735218
2026-09-01 18:56:00,0.05692005343735218
2026-09-01 18:57:00,0.05692005343735218
2026-09-01 18:58:00,0.05692005343735218
2026-09-01 18:59:00,0.05692005343735218
2026-09-01 19:00:00,0.05906898248940706
2026-09-01 19:01:00,0.05906898248940706
2026-09-01 19:02:00,0.05906898248940706
2026-09-01 19:03:00,0.05906898248940706
2026-09-01 19:04:00,0.05906898248940706
2026-09-01 19:05:00,0.06192444823682308
2026-09-01 19:06:00,0.06192444823682308
2026-09-01 19:07:00,0.06192444823682308
2026-09-01 19:08:00,0.06192444823682308
2026-09-01 19:09:00,0.06192444823682308
2026-09-01 19:10:00,0.0678262859582901
2026-09-01 19:11:00,0.0678262859582901
2026-09-01 19:12:00,0.0678262859582901
2026-09-01 19:13:00,0.0678262859582901
2026-09-01 19:14:00,0.0678262859582901
2026-09-01 19:15:00,0.07123858481645584
2026-09-01 19:16:00,0.07123858481645584
2026-09-01 19:17:00,0.07123858481645584
2026-09-01 19:18:00,0.07123858481645584
2026-09-01 19:19:00,0.07123858481645584
2026-09-01 19:20:00,0.06975545175373554
2026-09-01 19:21:00,0.06975545175373554
2026-09-01 19:22:00,0.06975545175373554
2026-09-01 19:23:00,0.06975545175373554
2026-09-01 19:24:00,0.06975545175373554
2026-09-01 19:25:00,0.06514770817011595
2026-09-01 19:26:00,0.06514770817011595
2026-09-01 19:27:00,0.06514770817011595
2026-09-01 19:28:00,0.06514770817011595
2026-09-01 19:29:00,0.06514770817011595
2026-09-01 19:30:00,0.060487848706543446
2026-09-01 19:31:00,0.060487848706543446
2026-09-01 19:32:00,0.060487848706543446
2026-09-01 19:33:00,0.060487848706543446
2026-09-01 19:34:00,0.060487848706543446
2026-09-01 19:35:00,0.056422038935124874
2026-09-01 19:36:00,0.056422038935124874
2026-09-01 19:37:00,0.056422038935124874
2026-09-01 19:38:00,0.056422038935124874
2026-09-01 19:39:00,0.056422038935124874
2026-09-01 19:40:00,0.056010725907981396
2026-09-01 19:41:00,0.056010725907981396
2026-09-01 19:42:00,0.056010725907981396
2026-09-01 19:43:00,0.056010725907981396
2026-09-01 19:44:00,0.056010725907981396
2026-09-01 19:45:00,0.055996235460042953
2026-09-01 19:46:00,0.055996235460042953
2026-09-01 19:47:00,0.055996235460042953
2026-09-01 19:48:00,0.055996235460042953
2026-09-01 19:49:00,0.055996235460042953
2026-09-01 19:50:00,0.0581005085259676
2026-09-01 19:51:00,0.0581005085259676
2026-09-01 19:52:00,0.0581005085259676
2026-09-01 19:53:00,0.0581005085259676
2026-09-01 19:54:00,0.0581005085259676
2026-09-01 19:55:00,0.059957997873425484
2026-09-01 19:56:00,0.059957997873425484
2026-09-01 19:57:00,0.059957997873425484
2026-09-01 19:58:00,0.059957997873425484
2026-09-01 19:59:00,0.059957997873425484
2026-09-01 20:00:00,0.05807479005306959
2026-09-01 20:01:00,0.05807479005306959
2026-09-01 20:02:00,0.05807479005306959
2026-09-01 20:03:00,0.05807479005306959
2026-09-01 20:04:00,0.05807479005306959
2026-09-01 20:05:00,0.05849401839077473
2026-09-01 20:06:00,0.05849401839077473
2026-09-01 20:07:00,0.05849401839077473
2026-09-01 20:08:00,0.05849401839077473
2026-09-01 20:09:00,0.05849401839077473
2026-09-01 20:10:00,0.05715044029057026
2026-09-01 20:11:00,0.05715044029057026
2026-09-01 20:12:00,0.05715044029057026
2026-09-01 20:13:00,0.05715044029057026
2026-09-01 20:14:00,0.05715044029057026
2026-09-01 20:15:00,0.054799783043563366
2026-09-01 20:16:00,0.054799783043563366
2026-09-01 20:17:00,0.054799783043563366
2026-09-01 20:18:00,0.054799783043563366
2026-09-01 20:19:00,0.054799783043563366
2026-09-01 20:20:00,0.05603305995464325
2026-09-01 20:21:00,0.05603305995464325
2026-09-01 20:22:00,0.05603305995464325
2026-09-01 20:23:00,0.05603305995464325
2026-09-01 20:24:00,0.05603305995464325
2026-09-01 20:25:00,0.05728744529187679
2026-09-01 20:26:00,0.05728744529187679
2026-09-01 20:27:00,0.05728744529187679
2026-09-01 20:28:00,0.05728744529187679
2026-09-01 20:29:00,0.05728744529187679
2026-09-01 20:30:00,0.05883036460727453
2026-09-01 20:31:00,0.05883036460727453
2026-09-01 20:32:00,0.05883036460727453
2026-09-01 20:33:00,0.05883036460727453
2026-09-01 20:34:00,0.05883036460727453
2026-09-01 20:35:00,0.06020586844533682
2026-09-01 20:36:00,0.06020586844533682
2026-09-01 20:37:00,0.06020586844533682
2026-09-01 20:38:00,0.06020586844533682
2026-09-01 20:39:00,0.06020586844533682
2026-09-01 20:40:00,0.06119414698332548
2026-09-01 20:41:00,0.06119414698332548
2026-09-01 20:42:00,0.06119414698332548
2026-09-01 20:43:00,0.06119414698332548
2026-09-01 20:44:00,0.06119414698332548
2026-09-01 20:45:00,0.060736277140676975
2026-09-01 20:46:00,0.060736277140676975
2026-09-01 20:47:00,0.060736277140676975
2026-09-01 20:48:00,0.060736277140676975
2026-09-01 20:49:00,0.060736277140676975
2026-09-01 20:50:00,0.06058958079665899
2026-09-01 20:51:00,0.06058958079665899
2026-09-01 20:52:00,0.06058958079665899
2026-09-01 20:53:00,0.06058958079665899
2026-09-01 20:54:00,0.06058958079665899
2026-09-01 20:55:00,0.06250869110226631
2026-09-01 20:56:00,0.06250869110226631
2026-09-01 20:57:00,0.06250869110226631
2026-09-01 20:58:00,0.06250869110226631
2026-09-01 20:59:00,0.06250869110226631
2026-09-01 21:00:00,0.06170208565890789
2026-09-01 21:01:00,0.06170208565890789
2026-09-01 21:02:00,0.06170208565890789
2026-09-01 21:03:00,0.06170208565890789
2026-09-01 21:04:00,0.06170208565890789
2026-09-01 21:05:00,0.06174477282911539
2026-09-01 21:06:00,0.06174477282911539
2026-09-01 21:07:00,0.06174477282911539
2026-09-01 21:08:00,0.06174477282911539
2026-09-01 21:09:00,0.06174477282911539
2026-09-01 21:10:00,0.06246264837682247
2026-09-01 21:11:00,0.06246264837682247
2026-09-01 21:12:00,0.06246264837682247
2026-09-01 21:13:00,0.06246264837682247
2026-09-01 21:14:00,0.06246264837682247
2026-09-01 21:15:00,0.06331206671893597
2026-09-01 21:16:00,0.06331206671893597
2026-09-01 21:17:00,0.06331206671893597
2026-09-01 21:18:00,0.06331206671893597
2026-09-01 21:19:00,0.06331206671893597
2026-09-01 21:20:00,0.06695026531815529
2026-09-01 21:21:00,0.06695026531815529
2026-09-01 21:22:00,0.06695026531815529
2026-09-01 21:23:00,0.06695026531815529
2026-09-01 21:24:00,0.06695026531815529
2026-09-01 21:25:00,0.07213554158806801
2026-09-01 21:26:00,0.07213554158806801
2026-09-01 21:27:00,0.07213554158806801
2026-09-01 21:28:00,0.07213554158806801
2026-09-01 21:29:00,0.07213554158806801
2026-09-01 21:30:00,0.07627833262085915
2026-09-01 21:31:00,0.07627833262085915
2026-09-01 21:32:00,0.07627833262085915
2026-09-01 21:33:00,0.07627833262085915
2026-09-01 21:34:00,0.07627833262085915
2026-09-01 21:35:00,0.08056840673089027
2026-09-01 21:36:00,0.08056840673089027
2026-09-01 21:37:00,0.08056840673089027
2026-09-01 21:38:00,0.08056840673089027
2026-09-01 21:39:00,0.08056840673089027
2026-09-01 21:40:00,0.07864204421639442
2026-09-01 21:41:00,0.07864204421639442
2026-09-01 21:42:00,0.07864204421639442
2026-09-01 21:43:00,0.07864204421639442
2026-09-01 21:44:00,0.07864204421639442
2026-09-01 21:45:00,0.0722969202324748
2026-09-01 21:46:00,0.0722969202324748
2026-09-01 21:47:00,0.0722969202324748
2026-09-01 21:48:00,0.0722969202324748
2026-09-01 21:49:00,0.0722969202324748
2026-09-01 21:50:00,0.0644419975578785
2026-09-01 21:51:00,0.0644419975578785
2026-09-01 21:52:00,0.0644419975578785
2026-09-01 21:53:00,0.0644419975578785
2026-09-01 21:54:00,0.0644419975578785
2026-09-01 21:55:00,0.05481825768947601
2026-09-01 21:56:00,0.05481825768947601
2026-09-01 21:57:00,0.05481825768947601
2026-09-01 21:58:00,0.05481825768947601
2026-09-01 21:59:00,0.05481825768947601
2026-09-01 22:00:00,0.049885950051248074
2026-09-01 22:01:00,0.049885950051248074
2026-09-01 22:02:00,0.049885950051248074
2026-09-01 22:03:00,0.049885950051248074
2026-09-01 22:04:00,0.049885950051248074
2026-09-01 22:05:00,0.04778556153178215
2026-09-01 22:06:00,0.04778556153178215
2026-09-01 22:07:00,0.04778556153178215
2026-09-01 22:08:00,0.04778556153178215
2026-09-01 22:09:00,0.04778556153178215
2026-09-01 22:10:00,0.046414945274591446
2026-09-01 22:11:00,0.046414945274591446
2026-09-01 22:12:00,0.046414945274591446
2026-09-01 22:13:00,0.046414945274591446
2026-09-01 22:14:00,0.046414945274591446
2026-09-01 22:15:00,0.046092492528259754
2026-09-01 22:16:00,0.046092492528259754
2026-09-01 22:17:00,0.046092492528259754
2026-09-01 22:18:00,0.046092492528259754
2026-09-01 22:19:00,0.046092492528259754
2026-09-01 22:20:00,0.049557640217244625
2026-09-01 22:21:00,0.049557640217244625
2026-09-01 22:22:00,0.049557640217244625
2026-09-01 22:23:00,0.049557640217244625
2026-09-01 22:24:00,0.049557640217244625
2026-09-01 22:25:00,0.055802288465201855
2026-09-01 22:26:00,0.055802288465201855
2026-09-01 22:27:00,0.055802288465201855
2026-09-01 22:28:00,0.055802288465201855
2026-09-01 22:29:00,0.055802288465201855
2026-09-01 22:30:00,0.06151995435357094
2026-09-01 22:31:00,0.06151995435357094
2026-09-01 22:32:00,0.06151995435357094
2026-09-01 22:33:00,0.06151995435357094
2026-09-01 22:34:00,0.06151995435357094
2026-09-01 22:35:00,0.06379262264817953
2026-09-01 22:36:00,0.06379262264817953
2026-09-01 22:37:00,0.06379262264817953
2026-09-01 22:38:00,0.06379262264817953
2026-09-01 22:39:00,0.06379262264817953
2026-09-01 22:40:00,0.062093839049339294
2026-09-01 22:41:00,0.062093839049339294
2026-09-01 22:42:00,0.062093839049339294
2026-09-01 22:43:00,0.062093839049339294
2026-09-01 22:44:00,0.062093839049339294
2026-09-01 22:45:00,0.06075171008706093
2026-09-01 22:46:00,0.06075171008706093
2026-09-01 22:47:00,0.06075171008706093
2026-09-01 22:48:00,0.06075171008706093
2026-09-01 22:49:00,0.06075171008706093
2026-09-01 22:50:00,0.060251981019973755
2026-09-01 22:51:00,0.060251981019973755
2026-09-01 22:52:00,0.060251981019973755
2026-09-01 22:53:00,0.060251981019973755
2026-09-01 22:54:00,0.060251981019973755
2026-09-01 22:55:00,0.06115883029997349
2026-09-01 22:56:00,0.06115883029997349
2026-09-01 22:57:00,0.06115883029997349
2026-09-01 22:58:00,0.06115883029997349
2026-09-01 22:59:00,0.06115883029997349
2026-09-01 23:00:00,0.06210464611649513
2026-09-01 23:01:00,0.06210464611649513
2026-09-01 23:02:00,0.06210464611649513
2026-09-01 23:03:00,0.06210464611649513
2026-09-01 23:04:00,0.06210464611649513
2026-09-01 23:05:00,0.061762673780322075
2026-09-01 23:06:00,0.061762673780322075
2026-09-01 23:07:00,0.061762673780322075
2026-09-01 23:08:00,0.061762673780322075
2026-09-01 23:09:00,0.061762673780322075
2026-09-01 23:10:00,0.06278667226433754
2026-09-01 23:11:00,0.06278667226433754
2026-09-01 23:12:00,0.06278667226433754
2026-09-01 23:13:00,0.06278667226433754
2026-09-01 23:14:00,0.06278667226433754
2026-09-01 23:15:00,0.06544120982289314
2026-09-01 23:16:00,0.06544120982289314
2026-09-01 23:17:00,0.06544120982289314
2026-09-01 23:18:00,0.06544120982289314
2026-09-01 23:19:00,0.06544120982289314
2026-09-01 23:20:00,0.06777817569673061
2026-09-01 23:21:00,0.06777817569673061
2026-09-01 23:22:00,0.06777817569673061
2026-09-01 23:23:00,0.06777817569673061
2026-09-01 23:24:00,0.06777817569673061
2026-09-01 23:25:00,0.06556803546845913
2026-09-01 23:26:00,0.06556803546845913
2026-09-01 23:27:00,0.06556803546845913
2026-09-01 23:28:00,0.06556803546845913
2026-09-01 23:29:00,0.06556803546845913
2026-09-01 23:30:00,0.06227382831275463
2026-09-01 23:31:00,0.06227382831275463
2026-09-01 23:32:00,0.06227382831275463
2026-09-01 23:33:00,0.06227382831275463
2026-09-01 23:34:00,0.06227382831275463
2026-09-01 23:35:00,0.06189173273742199
2026-09-01 23:36:00,0.06189173273742199
2026-09-01 23:37:00,0.06189173273742199
2026-09-01 23:38:00,0.06189173273742199
2026-09-01 23:39:00,0.06189173273742199
2026-09-01 23:40:00,0.06530840508639812
2026-09-01 23:41:00,0.06530840508639812
2026-09-01 23:42:00,0.06530840508639812
2026-09-01 23:43:00,0.06530840508639812
2026-09-01 23:44:00,0.06530840508639812
2026-09-01 23:45:00,0.07371046207845211
2026-09-01 23:46:00,0.07371046207845211
2026-09-01 23:47:00,0.07371046207845211
2026-09-01 23:48:00,0.07371046207845211
2026-09-01 23:49:00,0.07371046207845211
2026-09-01 23:50:00,0.0783522967249155
2026-09-01 23:51:00,0.0783522967249155
2026-09-01 23:52:00,0.0783522967249155
2026-09-01 23:53:00,0.0783522967249155
2026-09-01 23:54:00,0.0783522967249155
2026-09-01 23:55:00,0.0756751736626029
2026-09-01 23:56:00,0.0756751736626029
2026-09-01 23:57:00,0.0756751736626029
2026-09-01 23:58:00,0.0756751736626029
2026-09-01 23:59:00,0.0756751736626029
2026-09-02 00:00:00,0.07035165838897228
2026-09-02 00:01:00,0.07035165838897228
2026-09-02 00:02:00,0.07035165838897228
2026-09-02 00:03:00,0.07035165838897228
2026-09-02 00:04:00,0.07035165838897228
2026-09-02 00:05:00,0.06456229276955128
2026-09-02 00:06:00,0.06456229276955128
2026-09-02 00:07:00,0.06456229276955128
2026-09-02 00:08:00,0.06456229276955128
2026-09-02 00:09:00,0.06456229276955128
2026-09-02 00:10:00,0.06158655136823654
2026-09-02 00:11:00,0.06158655136823654
2026-09-02 00:12:00,0.06158655136823654
2026-09-02 00:13:00,0.06158655136823654
2026-09-02 00:14:00,0.06158655136823654
2026-09-02 00:15:00,0.062302207574248314
2026-09-02 00:16:00,0.062302207574248314
2026-09-02 00:17:00,0.062302207574248314
2026-09-02 00:18:00,0.062302207574248314
2026-09-02 00:19:00,0.062302207574248314
2026-09-02 00:20:00,0.06336916517466307
2026-09-02 00:21:00,0.06336916517466307
2026-09-02 00:22:00,0.06336916517466307
2026-09-02 00:23:00,0.06336916517466307
2026-09-02 00:24:00,0.06336916517466307
2026-09-02 00:25:00,0.06336294952780008
2026-09-02 00:26:00,0.06336294952780008
2026-09-02 00:27:00,0.06336294952780008
2026-09-02 00:28:00,0.06336294952780008
2026-09-02 00:29:00,0.06336294952780008
2026-09-02 00:30:00,0.06378028634935617
2026-09-02 00:31:00,0.06378028634935617
2026-09-02 00:32:00,0.06378028634935617
2026-09-02 00:33:00,0.06378028634935617
2026-09-02 00:34:00,0.06378028634935617
2026-09-02 00:35:00,0.062384278513491154
2026-09-02 00:36:00,0.062384278513491154
2026-09-02 00:37:00,0.062384278513491154
2026-09-02 00:38:00,0.062384278513491154
2026-09-02 00:39:00,0.062384278513491154
2026-09-02 00:40:00,0.06070956028997898
2026-09-02 00:41:00,0.06070956028997898
2026-09-02 00:42:00,0.06070956028997898
2026-09-02 00:43:00,0.06070956028997898
2026-09-02 00:44:00,0.06070956028997898
2026-09-02 00:45:00,0.055314039811491966
2026-09-02 00:46:00,0.055314039811491966
2026-09-02 00:47:00,0.055314039811491966
2026-09-02 00:48:00,0.055314039811491966
2026-09-02 00:49:00,0.055314039811491966
2026-09-02 00:50:00,0.051886580884456635
2026-09-02 00:51:00,0.051886580884456635
2026-09-02 00:52:00,0.051886580884456635
2026-09-02 00:53:00,0.051886580884456635
2026-09-02 00:54:00,0.051886580884456635
2026-09-02 00:55:00,0.05198043119162321
2026-09-02 00:56:00,0.05198043119162321
2026-09-02 00:57:00,0.05198043119162321
2026-09-02 00:58:00,0.05198043119162321
2026-09-02 00:59:00,0.05198043119162321
2026-09-02 01:00:00,0.05440901592373848
2026-09-02 01:01:00,0.05440901592373848
2026-09-02 01:02:00,0.05440901592373848
2026-09-02 01:03:00,0.05440901592373848
2026-09-02 01:04:00,0.05440901592373848
2026-09-02 01:05:00,0.344029126688838
2026-09-02 01:06:00,0.344029126688838
2026-09-02 01:07:00,0.344029126688838
2026-09-02 01:08:00,0.344029126688838
2026-09-02 01:09:00,0.344029126688838
2026-09-02 01:10:00,0.6323347017168999
2026-09-02 01:11:00,0.6323347017168999
2026-09-02 01:12:00,0.6323347017168999
2026-09-02 01:13:00,0.6323347017168999
2026-09-02 01:14:00,0.6323347017168999
2026-09-02 01:15:00,0.9190785437822342
2026-09-02 01:16:00,0.9190785437822342
2026-09-02 01:17:00,0.9190785437822342
2026-09-02 01:18:00,0.9190785437822342
2026-09-02 01:19:00,0.9190785437822342
2026-09-02 01:20:00,1.2033036351203918
2026-09-02 01:21:00,1.2033036351203918
2026-09-02 01:22:00,1.2033036351203918
2026-09-02 01:23:00,1.2033036351203918
2026-09-02 01:24:00,1.2033036351203918
2026-09-02 01:25:00,1.165722817182541
2026-09-02 01:26:00,1.165722817182541
2026-09-02 01:27:00,1.165722817182541
2026-09-02 01:28:00,1.165722817182541
2026-09-02 01:29:00,1.165722817182541
2026-09-02 01:30:00,1.1281207501888275
2026-09-02 01:31:00,1.1281207501888275
2026-09-02 01:32:00,1.1281207501888275
2026-09-02 01:33:00,1.1281207501888275
2026-09-02 01:34:00,1.1281207501888275
2026-09-02 01:35:00,1.0904968976974487
2026-09-02 01:36:00,1.0904968976974487
2026-09-02 01:37:00,1.0904968976974487
2026-09-02 01:38:00,1.0904968976974487
2026-09-02 01:39:00,1.0904968976974487
2026-09-02 01:40:00,1.0527423024177551
2026-09-02 01:41:00,1.0527423024177551
2026-09-02 01:42:00,1.0527423024177551
2026-09-02 01:43:00,1.0527423024177551
2026-09-02 01:44:00,1.0527423024177551
2026-09-02 01:45:00,1.0526952743530273
2026-09-02 01:46:00,1.0526952743530273
2026-09-02 01:47:00,1.0526952743530273
2026-09-02 01:48:00,1.0526952743530273
2026-09-02 01:49:00,1.0526952743530273
2026-09-02 01:50:00,0.8521964699029922
2026-09-02 01:51:00,0.8521964699029922
2026-09-02 01:52:00,0.8521964699029922
2026-09-02 01:53:00,0.8521964699029922
2026-09-02 01:54:00,0.8521964699029922
2026-09-02 01:55:00,0.6236657910048962
2026-09-02 01:56:00,0.6236657910048962
2026-09-02 01:57:00,0.6236657910048962
2026-09-02 01:58:00,0.6236657910048962
2026-09-02 01:59:00,0.6236657910048962
2026-09-02 02:00:00,0.3957020044326782
2026-09-02 02:01:00,0.3957020044326782
2026-09-02 02:02:00,0.3957020044326782
2026-09-02 02:03:00,0.3957020044326782
2026-09-02 02:04:00,0.3957020044326782
2026-09-02 02:05:00,0.16795536875724792
2026-09-02 02:06:00,0.16795536875724792
2026-09-02 02:07:00,0.16795536875724792
2026-09-02 02:08:00,0.16795536875724792
2026-09-02 02:09:00,0.16795536875724792
2026-09-02 02:10:00,0.14067326486110687
2026-09-02 02:11:00,0.14067326486110687
2026-09-02 02:12:00,0.14067326486110687
2026-09-02 02:13:00,0.14067326486110687
2026-09-02 02:14:00,0.14067326486110687
2026-09-02 02:15:00,0.16596470773220062
2026-09-02 02:16:00,0.16596470773220062
2026-09-02 02:17:00,0.16596470773220062
2026-09-02 02:18:00,0.16596470773220062
2026-09-02 02:19:00,0.16596470773220062
2026-09-02 02:20:00,0.19221704080700874
2026-09-02 02:21:00,0.19221704080700874
2026-09-02 02:22:00,0.19221704080700874
2026-09-02 02:23:00,0.19221704080700874
2026-09-02 02:24:00,0.19221704080700874
2026-09-02 02:25:00,0.21699751168489456
2026-09-02 02:26:00,0.21699751168489456
2026-09-02 02:27:00,0.21699751168489456
2026-09-02 02:28:00,0.21699751168489456
2026-09-02 02:29:00,0.21699751168489456
2026-09-02 02:30:00,0.2414872609078884
2026-09-02 02:31:00,0.2414872609078884
2026-09-02 02:32:00,0.2414872609078884
2026-09-02 02:33:00,0.2414872609078884
2026-09-02 02:34:00,0.2414872609078884
2026-09-02 02:35:00,0.2411167062819004
2026-09-02 02:36:00,0.2411167062819004
2026-09-02 02:37:00,0.2411167062819004
2026-09-02 02:38:00,0.2411167062819004
2026-09-02 02:39:00,0.2411167062819004
2026-09-02 02:40:00,0.24014786630868912
2026-09-02 02:41:00,0.24014786630868912
2026-09-02 02:42:00,0.24014786630868912
2026-09-02 02:43:00,0.24014786630868912
2026-09-02 02:44:00,0.24014786630868912
2026-09-02 02:45:00,0.4426683075726032
2026-09-02 02:46:00,0.4426683075726032
2026-09-02 02:47:00,0.4426683075726032
2026-09-02 02:48:00,0.4426683075726032
2026-09-02 02:49:00,0.4426683075726032
2026-09-02 02:50:00,0.6815527379512787
2026-09-02 02:51:00,0.6815527379512787
2026-09-02 02:52:00,0.6815527379512787
2026-09-02 02:53:00,0.6815527379512787
2026-09-02 02:54:00,0.6815527379512787
2026-09-02 02:55:00,0.9208562336862087
2026-09-02 02:56:00,0.9208562336862087
2026-09-02 02:57:00,0.9208562336862087
2026-09-02 02:58:00,0.9208562336862087
2026-09-02 02:59:00,0.9208562336862087
2026-09-02 03:00:00,1.1594122648239136
2026-09-02 03:01:00,1.1594122648239136
2026-09-02 03:02:00,1.1594122648239136
2026-09-02 03:03:00,1.1594122648239136
2026-09-02 03:04:00,1.1594122648239136
2026-09-02 03:05:00,0.9610076695680618
2026-09-02 03:06:00,0.9610076695680618
2026-09-02 03:07:00,0.9610076695680618
2026-09-02 03:08:00,0.9610076695680618
2026-09-02 03:09:00,0.9610076695680618
2026-09-02 03:10:00,0.7284297421574593
2026-09-02 03:11:00,0.7284297421574593
2026-09-02 03:12:00,0.7284297421574593
2026-09-02 03:13:00,0.7284297421574593
2026-09-02 03:14:00,0.7284297421574593
2026-09-02 03:15:00,0.4952136427164078
2026-09-02 03:16:00,0.4952136427164078
2026-09-02 03:17:00,0.4952136427164078
2026-09-02 03:18:00,0.4952136427164078
2026-09-02 03:19:00,0.4952136427164078
2026-09-02 03:20:00,0.2602149173617363
2026-09-02 03:21:00,0.2602149173617363
2026-09-02 03:22:00,0.2602149173617363
2026-09-02 03:23:00,0.2602149173617363
2026-09-02 03:24:00,0.2602149173617363
2026-09-02 03:25:00,0.26127978414297104
2026-09-02 03:26:00,0.26127978414297104
2026-09-02 03:27:00,0.26127978414297104
2026-09-02 03:28:00,0.26127978414297104
2026-09-02 03:29:00,0.26127978414297104
2026-09-02 03:30:00,0.25990599393844604
2026-09-02 03:31:00,0.25990599393844604
2026-09-02 03:32:00,0.25990599393844604
2026-09-02 03:33:00,0.25990599393844604
2026-09-02 03:34:00,0.25990599393844604
2026-09-02 03:35:00,0.25754518806934357
2026-09-02 03:36:00,0.25754518806934357
2026-09-02 03:37:00,0.25754518806934357
2026-09-02 03:38:00,0.25754518806934357
2026-09-02 03:39:00,0.25754518806934357
2026-09-02 03:40:00,0.26331986486911774
2026-09-02 03:41:00,0.26331986486911774
2026-09-02 03:42:00,0.26331986486911774
2026-09-02 03:43:00,0.26331986486911774
2026-09-02 03:44:00,0.26331986486911774
2026-09-02 03:45:00,0.2639435927073161
2026-09-02 03:46:00,0.2639435927073161
2026-09-02 03:47:00,0.2639435927073161
2026-09-02 03:48:00,0.2639435927073161
2026-09-02 03:49:00,0.2639435927073161
2026-09-02 03:50:00,0.266255259513855
2026-09-02 03:51:00,0.266255259513855
2026-09-02 03:52:00,0.266255259513855
2026-09-02 03:53:00,0.266255259513855
2026-09-02 03:54:00,0.266255259513855
2026-09-02 03:55:00,0.27930930256843567
2026-09-02 03:56:00,0.27930930256843567
2026-09-02 03:57:00,0.27930930256843567
2026-09-02 03:58:00,0.27930930256843567
2026-09-02 03:59:00,0.27930930256843567
